2025/07/05 11:08:18 - mmengine - INFO - 
------------------------------------------------------------
System environment:
    sys.platform: linux
    Python: 3.10.16 (main, Dec 11 2024, 16:24:50) [GCC 11.2.0]
    CUDA available: True
    MUSA available: False
    numpy_random_seed: 982417378
    GPU 0: NVIDIA A40
    CUDA_HOME: /usr/local/cuda
    NVCC: Cuda compilation tools, release 12.0, V12.0.76
    GCC: gcc (Ubuntu 9.4.0-1ubuntu1~20.04.2) 9.4.0
    PyTorch: 2.3.1
    PyTorch compiling details: PyTorch built with:
  - GCC 9.3
  - C++ Version: 201703
  - Intel(R) oneAPI Math Kernel Library Version 2023.1-Product Build 20230303 for Intel(R) 64 architecture applications
  - Intel(R) MKL-DNN v3.3.6 (Git Hash 86e6af5974177e513fd3fee58425e1063e7f1361)
  - OpenMP 201511 (a.k.a. OpenMP 4.5)
  - LAPACK is enabled (usually provided by MKL)
  - NNPACK is enabled
  - CPU capability usage: AVX512
  - CUDA Runtime 12.1
  - NVCC architecture flags: -gencode;arch=compute_50,code=sm_50;-gencode;arch=compute_60,code=sm_60;-gencode;arch=compute_61,code=sm_61;-gencode;arch=compute_70,code=sm_70;-gencode;arch=compute_75,code=sm_75;-gencode;arch=compute_80,code=sm_80;-gencode;arch=compute_86,code=sm_86;-gencode;arch=compute_90,code=sm_90
  - CuDNN 8.9.2
  - Magma 2.6.1
  - Build settings: BLAS_INFO=mkl, BUILD_TYPE=Release, CUDA_VERSION=12.1, CUDNN_VERSION=8.9.2, CXX_COMPILER=/opt/rh/devtoolset-9/root/usr/bin/c++, CXX_FLAGS= -D_GLIBCXX_USE_CXX11_ABI=0 -fabi-version=11 -fvisibility-inlines-hidden -DUSE_PTHREADPOOL -DNDEBUG -DUSE_KINETO -DLIBKINETO_NOROCTRACER -DUSE_FBGEMM -DUSE_QNNPACK -DUSE_PYTORCH_QNNPACK -DUSE_XNNPACK -DSYMBOLICATE_MOBILE_DEBUG_HANDLE -O2 -fPIC -Wall -Wextra -Werror=return-type -Werror=non-virtual-dtor -Werror=bool-operation -Wnarrowing -Wno-missing-field-initializers -Wno-type-limits -Wno-array-bounds -Wno-unknown-pragmas -Wno-unused-parameter -Wno-unused-function -Wno-unused-result -Wno-strict-overflow -Wno-strict-aliasing -Wno-stringop-overflow -Wsuggest-override -Wno-psabi -Wno-error=pedantic -Wno-error=old-style-cast -Wno-missing-braces -fdiagnostics-color=always -faligned-new -Wno-unused-but-set-variable -Wno-maybe-uninitialized -fno-math-errno -fno-trapping-math -Werror=format -Wno-stringop-overflow, LAPACK_INFO=mkl, PERF_WITH_AVX=1, PERF_WITH_AVX2=1, PERF_WITH_AVX512=1, TORCH_VERSION=2.3.1, USE_CUDA=ON, USE_CUDNN=ON, USE_CUSPARSELT=1, USE_EXCEPTION_PTR=1, USE_GFLAGS=OFF, USE_GLOG=OFF, USE_GLOO=ON, USE_MKL=ON, USE_MKLDNN=ON, USE_MPI=OFF, USE_NCCL=ON, USE_NNPACK=ON, USE_OPENMP=ON, USE_ROCM=OFF, USE_ROCM_KERNEL_ASSERT=OFF, 

    TorchVision: 0.18.1
    OpenCV: 4.11.0
    MMEngine: 0.10.7

Runtime environment:
    cudnn_benchmark: True
    mp_cfg: {'mp_start_method': 'fork', 'opencv_num_threads': 0}
    dist_cfg: {'backend': 'nccl'}
    seed: 982417378
    Distributed launcher: none
    Distributed training: False
    GPU number: 1
------------------------------------------------------------

2025/07/05 11:08:20 - mmengine - INFO - Config:
_backend_args = None
_multiscale_resize_transforms = [
    dict(
        transforms=[
            dict(scale=(
                640,
                640,
            ), type='YOLOv5KeepRatioResize'),
            dict(
                allow_scale_up=False,
                pad_val=dict(img=114),
                scale=(
                    640,
                    640,
                ),
                type='LetterResize'),
        ],
        type='Compose'),
    dict(
        transforms=[
            dict(scale=(
                320,
                320,
            ), type='YOLOv5KeepRatioResize'),
            dict(
                allow_scale_up=False,
                pad_val=dict(img=114),
                scale=(
                    320,
                    320,
                ),
                type='LetterResize'),
        ],
        type='Compose'),
    dict(
        transforms=[
            dict(scale=(
                960,
                960,
            ), type='YOLOv5KeepRatioResize'),
            dict(
                allow_scale_up=False,
                pad_val=dict(img=114),
                scale=(
                    960,
                    960,
                ),
                type='LetterResize'),
        ],
        type='Compose'),
]
affine_scale = 0.5
after_pre_transformer = [
    dict(
        border=(
            -320,
            -256,
        ),
        border_val=(
            114,
            114,
            114,
        ),
        max_aspect_ratio=100,
        max_rotate_degree=0.0,
        max_shear_degree=0.0,
        scaling_ratio_range=(
            0.5,
            1.5,
        ),
        type='YOLOv5RandomAffine'),
]
albu_train_transforms = [
    dict(p=0.01, type='Blur'),
    dict(p=0.01, type='MedianBlur'),
    dict(p=0.01, type='ToGray'),
    dict(p=0.01, type='CLAHE'),
]
backend_args = None
base_lr = 0.01
batch_shapes_cfg = None
before_last_transformer = [
    dict(type='YOLOv5HSVRandomAug'),
    dict(prob=0.5, type='mmdet.RandomFlip'),
]
class_name = (
    'car',
    'person',
    'bicycle',
)
classes = (
    'car',
    'truck',
    'bus',
    'van',
    'freight_car',
)
close_mosaic_epochs = 10
custom_hooks = [
    dict(
        ema_type='ExpMomentumEMA',
        momentum=0.0001,
        priority=49,
        strict_load=False,
        type='EMAHook',
        update_buffers=True),
    dict(
        switch_epoch=190,
        switch_pipeline=[
            dict(backend_args=None, type='LoadImageFromFile'),
            dict(backend_args=None, type='LoadImageFromFile2'),
            dict(type='LoadAnnotations', with_bbox=True, with_mask=False),
            dict(
                transforms=[
                    dict(scale=(
                        640,
                        512,
                    ), type='YOLOv5KeepRatioResize'),
                    dict(
                        border_val=(
                            114,
                            114,
                            114,
                        ),
                        max_aspect_ratio=100,
                        max_rotate_degree=0.0,
                        max_shear_degree=0.0,
                        scaling_ratio_range=(
                            0.5,
                            1.5,
                        ),
                        type='YOLOv5RandomAffine'),
                ],
                type='Image2Broadcaster'),
            dict(
                bbox_params=dict(
                    format='pascal_voc',
                    label_fields=[
                        'gt_bboxes_labels',
                        'gt_ignore_flags',
                    ],
                    type='BboxParams'),
                keymap=dict(gt_bboxes='bboxes', img='image'),
                transforms=[
                    dict(p=0.01, type='Blur'),
                    dict(p=0.01, type='MedianBlur'),
                    dict(p=0.01, type='ToGray'),
                    dict(p=0.01, type='CLAHE'),
                ],
                type='Dual_Albu'),
            dict(
                transforms=[
                    dict(type='YOLOv5HSVRandomAug'),
                    dict(prob=0.5, type='mmdet.RandomFlip'),
                ],
                type='Image2Broadcaster'),
            dict(
                meta_keys=(
                    'img_id',
                    'img_path',
                    'ori_shape',
                    'img_shape',
                    'img_path2',
                    'ori_shape2',
                    'img_shape2',
                    'scale_factor',
                ),
                type='DoublePackDetInputs'),
        ],
        type='mmdet.PipelineSwitchHook'),
]
data_root = '/data/nl/mmdet2spectral/data/DroneVehicle_partion/'
dataset_type = 'DualStreamCocoDataset'
deepen_factor = 0.67
default_hooks = dict(
    checkpoint=dict(
        interval=1,
        max_keep_ckpts=3,
        save_best='coco/bbox_mAP_50',
        type='CheckpointHook'),
    logger=dict(interval=50, type='LoggerHook'),
    param_scheduler=dict(
        lr_factor=0.01,
        max_epochs=200,
        scheduler_type='linear',
        type='YOLOv5ParamSchedulerHook'),
    sampler_seed=dict(type='DistSamplerSeedHook'),
    timer=dict(type='IterTimerHook'),
    visualization=dict(type='mmdet.DetVisualizationHook'))
default_scope = 'mmyolo'
env_cfg = dict(
    cudnn_benchmark=True,
    dist_cfg=dict(backend='nccl'),
    mp_cfg=dict(mp_start_method='fork', opencv_num_threads=0))
img_scale = (
    640,
    512,
)
img_scales = [
    (
        640,
        640,
    ),
    (
        320,
        320,
    ),
    (
        960,
        960,
    ),
]
last_stage_out_channels = 1024
last_transform = [
    dict(
        bbox_params=dict(
            format='pascal_voc',
            label_fields=[
                'gt_bboxes_labels',
                'gt_ignore_flags',
            ],
            type='BboxParams'),
        keymap=dict(gt_bboxes='bboxes', img='image'),
        transforms=[
            dict(p=0.01, type='Blur'),
            dict(p=0.01, type='MedianBlur'),
            dict(p=0.01, type='ToGray'),
            dict(p=0.01, type='CLAHE'),
        ],
        type='Dual_Albu'),
    dict(
        transforms=[
            dict(type='YOLOv5HSVRandomAug'),
            dict(prob=0.5, type='mmdet.RandomFlip'),
        ],
        type='Image2Broadcaster'),
    dict(
        meta_keys=(
            'img_id',
            'img_path',
            'ori_shape',
            'img_shape',
            'img_path2',
            'ori_shape2',
            'img_shape2',
            'scale_factor',
        ),
        type='DoublePackDetInputs'),
]
launcher = 'none'
load_from = None
log_level = 'INFO'
log_processor = dict(by_epoch=True, type='LogProcessor', window_size=50)
loss_bbox_weight = 7.5
loss_cls_weight = 0.5
loss_dfl_weight = 0.375
lr_factor = 0.01
max_aspect_ratio = 100
max_epochs = 200
max_keep_ckpts = 3
metainfo = dict(
    classes=(
        'car',
        'truck',
        'bus',
        'van',
        'freight_car',
    ),
    palette=[
        (
            20,
            220,
            60,
        ),
        (
            119,
            11,
            32,
        ),
        (
            0,
            0,
            142,
        ),
        (
            106,
            0,
            228,
        ),
        (
            0,
            60,
            100,
        ),
    ])
model = dict(
    backbone=dict(
        act_cfg=dict(inplace=True, type='SiLU'),
        deepen_factor=0.67,
        fusion_block=dict(
            in_channels=[
                128,
                256,
                512,
            ],
            mamba_bi=[
                False,
                False,
                False,
            ],
            mamba_size=[
                (
                    128,
                    160,
                ),
                (
                    64,
                    80,
                ),
                (
                    32,
                    40,
                ),
            ],
            transformer_fusion=True,
            transformer_horz_anchor=[
                16,
                10,
                8,
            ],
            transformer_loops_num=1,
            transformer_mod_weight=True,
            transformer_vert_anchor=[
                16,
                10,
                8,
            ],
            type='MambaTransformerBlock'),
        fusion_flag=True,
        fusion_indices=(
            2,
            3,
            4,
        ),
        fusion_module=dict(in_channels=[
            128,
            256,
            512,
        ], type='BaseFusion'),
        head_input_module=dict(
            in_channels=[
                256,
                512,
                1024,
            ], type='BaseFusion'),
        input_channels=3,
        norm_cfg=dict(eps=0.001, momentum=0.03, type='BN'),
        out_indices=(
            2,
            3,
            4,
        ),
        stages=dict(
            settings=dict(
                act_cfg=dict(inplace=True, type='SiLU'),
                add_identity=[
                    True,
                    True,
                    True,
                    True,
                ],
                deepen_factor=0.67,
                in_channels=[
                    64,
                    128,
                    256,
                    512,
                ],
                norm_cfg=dict(eps=0.001, momentum=0.03, type='BN'),
                num_blocks=[
                    3,
                    6,
                    6,
                    3,
                ],
                out_channels=[
                    128,
                    256,
                    512,
                    1024,
                ],
                use_spp=[
                    False,
                    False,
                    False,
                    True,
                ],
                widen_factor=0.75),
            type='yoloV8CSPDarknet'),
        stem_block=dict(
            act_cfg=dict(inplace=True, type='SiLU'),
            in_channels=3,
            kernel_size=3,
            norm_cfg=dict(eps=0.001, momentum=0.03, type='BN'),
            out_channels=64,
            padding=1,
            stride=2,
            type='ConvStem',
            widen_factor=0.75),
        type='GeneralDualBackbone',
        widen_factor=0.75),
    bbox_head=dict(
        bbox_coder=dict(type='DistancePointBBoxCoder'),
        head_module=dict(
            act_cfg=dict(inplace=True, type='SiLU'),
            featmap_strides=[
                8,
                16,
                32,
            ],
            in_channels=[
                256,
                512,
                1024,
            ],
            norm_cfg=dict(eps=0.001, momentum=0.03, type='BN'),
            num_classes=5,
            reg_max=16,
            type='YOLOv8HeadModule',
            widen_factor=0.75),
        loss_bbox=dict(
            bbox_format='xyxy',
            iou_mode='ciou',
            loss_weight=7.5,
            reduction='sum',
            return_iou=False,
            type='IoULoss'),
        loss_cls=dict(
            loss_weight=0.5,
            reduction='none',
            type='mmdet.CrossEntropyLoss',
            use_sigmoid=True),
        loss_dfl=dict(
            loss_weight=0.375,
            reduction='mean',
            type='mmdet.DistributionFocalLoss'),
        prior_generator=dict(
            offset=0.5, strides=[
                8,
                16,
                32,
            ], type='mmdet.MlvlPointGenerator'),
        type='YOLOv8Head'),
    data_preprocessor=dict(
        bgr_to_rgb=True,
        mean=[
            123.675,
            116.28,
            103.53,
        ],
        std=[
            58.395,
            57.12,
            57.375,
        ],
        type='DualInputDetDataPreprocessor'),
    neck=dict(
        act_cfg=dict(inplace=True, type='SiLU'),
        deepen_factor=0.67,
        in_channels=[
            256,
            512,
            1024,
        ],
        norm_cfg=dict(eps=0.001, momentum=0.03, type='BN'),
        num_csp_blocks=3,
        out_channels=[
            256,
            512,
            1024,
        ],
        type='YOLOv8PAFPN',
        widen_factor=0.75),
    test_cfg=dict(
        max_per_img=300,
        multi_label=True,
        nms=dict(iou_threshold=0.7, type='nms'),
        nms_pre=30000,
        score_thr=0.001),
    train_cfg=dict(
        assigner=dict(
            alpha=0.5,
            beta=6.0,
            eps=1e-09,
            num_classes=5,
            topk=10,
            type='BatchTaskAlignedAssigner',
            use_ciou=True)),
    type='YOLODualNeckDetector')
model_test_cfg = dict(
    max_per_img=300,
    multi_label=True,
    nms=dict(iou_threshold=0.7, type='nms'),
    nms_pre=30000,
    score_thr=0.001)
norm_cfg = dict(eps=0.001, momentum=0.03, type='BN')
num_classes = 5
num_det_layers = 3
optim_wrapper = dict(
    clip_grad=dict(max_norm=10.0),
    constructor='YOLOv5OptimizerConstructor',
    optimizer=dict(
        batch_size_per_gpu=8,
        lr=0.01,
        momentum=0.937,
        nesterov=True,
        type='SGD',
        weight_decay=0.0005),
    type='OptimWrapper')
param_scheduler = None
persistent_workers = True
pre_transform = [
    dict(backend_args=None, type='LoadImageFromFile'),
    dict(backend_args=None, type='LoadImageFromFile2'),
    dict(type='LoadAnnotations', with_bbox=True, with_mask=False),
]
resume = True
save_epoch_intervals = 1
strides = [
    8,
    16,
    32,
]
tal_alpha = 0.5
tal_beta = 6.0
tal_topk = 10
test_cfg = dict(type='TestLoop')
test_dataloader = dict(
    batch_size=1,
    dataset=dict(
        ann_file='val.json',
        batch_shapes_cfg=None,
        data_prefix=dict(img='val/enhance_true/rgb'),
        data_root='/data/nl/mmdet2spectral/data/DroneVehicle_partion/',
        metainfo=dict(
            classes=(
                'car',
                'truck',
                'bus',
                'van',
                'freight_car',
            ),
            palette=[
                (
                    20,
                    220,
                    60,
                ),
                (
                    119,
                    11,
                    32,
                ),
                (
                    0,
                    0,
                    142,
                ),
                (
                    106,
                    0,
                    228,
                ),
                (
                    0,
                    60,
                    100,
                ),
            ]),
        pipeline=[
            dict(backend_args=None, type='LoadImageFromFile'),
            dict(backend_args=None, type='LoadImageFromFile2'),
            dict(_scope_='mmdet', type='LoadAnnotations', with_bbox=True),
            dict(
                transforms=[
                    dict(scale=(
                        640,
                        512,
                    ), type='YOLOv5KeepRatioResize'),
                ],
                type='Image2Broadcaster'),
            dict(
                meta_keys=(
                    'img_id',
                    'img_path',
                    'ori_shape',
                    'img_shape',
                    'img_path2',
                    'ori_shape2',
                    'img_shape2',
                    'scale_factor',
                ),
                type='DoublePackDetInputs'),
        ],
        test_mode=True,
        type='DualStreamCocoDataset'),
    drop_last=False,
    num_workers=2,
    persistent_workers=True,
    pin_memory=True,
    sampler=dict(shuffle=False, type='DefaultSampler'))
test_evaluator = dict(
    ann_file='/data/nl/mmdet2spectral/data/DroneVehicle_partion/val.json',
    classwise=True,
    metric='bbox',
    proposal_nums=(
        100,
        1,
        10,
    ),
    type='mmdet.CocoMetric')
test_pipeline = [
    dict(backend_args=None, type='LoadImageFromFile'),
    dict(backend_args=None, type='LoadImageFromFile2'),
    dict(_scope_='mmdet', type='LoadAnnotations', with_bbox=True),
    dict(
        transforms=[
            dict(scale=(
                640,
                512,
            ), type='YOLOv5KeepRatioResize'),
        ],
        type='Image2Broadcaster'),
    dict(
        meta_keys=(
            'img_id',
            'img_path',
            'ori_shape',
            'img_shape',
            'img_path2',
            'ori_shape2',
            'img_shape2',
            'scale_factor',
        ),
        type='DoublePackDetInputs'),
]
test_transformer = [
    dict(scale=(
        640,
        512,
    ), type='YOLOv5KeepRatioResize'),
]
train_ann_file = 'train.json'
train_batch_size_per_gpu = 8
train_cfg = dict(
    dynamic_intervals=[
        (
            190,
            1,
        ),
    ],
    max_epochs=200,
    type='EpochBasedTrainLoop',
    val_interval=1)
train_data_prefix = 'train/enhance_true/rgb'
train_dataloader = dict(
    batch_size=8,
    collate_fn=dict(type='dual_yolo_collate'),
    dataset=dict(
        ann_file='train.json',
        data_prefix=dict(img='train/enhance_true/rgb'),
        data_root='/data/nl/mmdet2spectral/data/DroneVehicle_partion/',
        filter_cfg=dict(filter_empty_gt=False, min_size=32),
        metainfo=dict(
            classes=(
                'car',
                'truck',
                'bus',
                'van',
                'freight_car',
            ),
            palette=[
                (
                    20,
                    220,
                    60,
                ),
                (
                    119,
                    11,
                    32,
                ),
                (
                    0,
                    0,
                    142,
                ),
                (
                    106,
                    0,
                    228,
                ),
                (
                    0,
                    60,
                    100,
                ),
            ]),
        pipeline=[
            dict(backend_args=None, type='LoadImageFromFile'),
            dict(backend_args=None, type='LoadImageFromFile2'),
            dict(type='LoadAnnotations', with_bbox=True, with_mask=False),
            dict(
                img_scale=(
                    640,
                    512,
                ),
                pad_val=114.0,
                pre_transform=[
                    dict(backend_args=None, type='LoadImageFromFile'),
                    dict(backend_args=None, type='LoadImageFromFile2'),
                    dict(
                        type='LoadAnnotations',
                        with_bbox=True,
                        with_mask=False),
                ],
                type='Dual_Mosaic',
                use_cached=False),
            dict(
                transforms=[
                    dict(
                        border=(
                            -320,
                            -256,
                        ),
                        border_val=(
                            114,
                            114,
                            114,
                        ),
                        max_aspect_ratio=100,
                        max_rotate_degree=0.0,
                        max_shear_degree=0.0,
                        scaling_ratio_range=(
                            0.5,
                            1.5,
                        ),
                        type='YOLOv5RandomAffine'),
                ],
                type='Image2Broadcaster'),
            dict(
                bbox_params=dict(
                    format='pascal_voc',
                    label_fields=[
                        'gt_bboxes_labels',
                        'gt_ignore_flags',
                    ],
                    type='BboxParams'),
                keymap=dict(gt_bboxes='bboxes', img='image'),
                transforms=[
                    dict(p=0.01, type='Blur'),
                    dict(p=0.01, type='MedianBlur'),
                    dict(p=0.01, type='ToGray'),
                    dict(p=0.01, type='CLAHE'),
                ],
                type='Dual_Albu'),
            dict(
                transforms=[
                    dict(type='YOLOv5HSVRandomAug'),
                    dict(prob=0.5, type='mmdet.RandomFlip'),
                ],
                type='Image2Broadcaster'),
            dict(
                meta_keys=(
                    'img_id',
                    'img_path',
                    'ori_shape',
                    'img_shape',
                    'img_path2',
                    'ori_shape2',
                    'img_shape2',
                    'scale_factor',
                ),
                type='DoublePackDetInputs'),
        ],
        type='DualStreamCocoDataset'),
    num_workers=8,
    persistent_workers=True,
    pin_memory=True,
    sampler=dict(shuffle=True, type='DefaultSampler'))
train_num_workers = 8
train_pipeline = [
    dict(backend_args=None, type='LoadImageFromFile'),
    dict(backend_args=None, type='LoadImageFromFile2'),
    dict(type='LoadAnnotations', with_bbox=True, with_mask=False),
    dict(
        img_scale=(
            640,
            512,
        ),
        pad_val=114.0,
        pre_transform=[
            dict(backend_args=None, type='LoadImageFromFile'),
            dict(backend_args=None, type='LoadImageFromFile2'),
            dict(type='LoadAnnotations', with_bbox=True, with_mask=False),
        ],
        type='Dual_Mosaic',
        use_cached=False),
    dict(
        transforms=[
            dict(
                border=(
                    -320,
                    -256,
                ),
                border_val=(
                    114,
                    114,
                    114,
                ),
                max_aspect_ratio=100,
                max_rotate_degree=0.0,
                max_shear_degree=0.0,
                scaling_ratio_range=(
                    0.5,
                    1.5,
                ),
                type='YOLOv5RandomAffine'),
        ],
        type='Image2Broadcaster'),
    dict(
        bbox_params=dict(
            format='pascal_voc',
            label_fields=[
                'gt_bboxes_labels',
                'gt_ignore_flags',
            ],
            type='BboxParams'),
        keymap=dict(gt_bboxes='bboxes', img='image'),
        transforms=[
            dict(p=0.01, type='Blur'),
            dict(p=0.01, type='MedianBlur'),
            dict(p=0.01, type='ToGray'),
            dict(p=0.01, type='CLAHE'),
        ],
        type='Dual_Albu'),
    dict(
        transforms=[
            dict(type='YOLOv5HSVRandomAug'),
            dict(prob=0.5, type='mmdet.RandomFlip'),
        ],
        type='Image2Broadcaster'),
    dict(
        meta_keys=(
            'img_id',
            'img_path',
            'ori_shape',
            'img_shape',
            'img_path2',
            'ori_shape2',
            'img_shape2',
            'scale_factor',
        ),
        type='DoublePackDetInputs'),
]
train_pipeline_stage2 = [
    dict(backend_args=None, type='LoadImageFromFile'),
    dict(backend_args=None, type='LoadImageFromFile2'),
    dict(type='LoadAnnotations', with_bbox=True, with_mask=False),
    dict(
        transforms=[
            dict(scale=(
                640,
                512,
            ), type='YOLOv5KeepRatioResize'),
            dict(
                border_val=(
                    114,
                    114,
                    114,
                ),
                max_aspect_ratio=100,
                max_rotate_degree=0.0,
                max_shear_degree=0.0,
                scaling_ratio_range=(
                    0.5,
                    1.5,
                ),
                type='YOLOv5RandomAffine'),
        ],
        type='Image2Broadcaster'),
    dict(
        bbox_params=dict(
            format='pascal_voc',
            label_fields=[
                'gt_bboxes_labels',
                'gt_ignore_flags',
            ],
            type='BboxParams'),
        keymap=dict(gt_bboxes='bboxes', img='image'),
        transforms=[
            dict(p=0.01, type='Blur'),
            dict(p=0.01, type='MedianBlur'),
            dict(p=0.01, type='ToGray'),
            dict(p=0.01, type='CLAHE'),
        ],
        type='Dual_Albu'),
    dict(
        transforms=[
            dict(type='YOLOv5HSVRandomAug'),
            dict(prob=0.5, type='mmdet.RandomFlip'),
        ],
        type='Image2Broadcaster'),
    dict(
        meta_keys=(
            'img_id',
            'img_path',
            'ori_shape',
            'img_shape',
            'img_path2',
            'ori_shape2',
            'img_shape2',
            'scale_factor',
        ),
        type='DoublePackDetInputs'),
]
train_stage2_transformer = [
    dict(scale=(
        640,
        512,
    ), type='YOLOv5KeepRatioResize'),
    dict(
        border_val=(
            114,
            114,
            114,
        ),
        max_aspect_ratio=100,
        max_rotate_degree=0.0,
        max_shear_degree=0.0,
        scaling_ratio_range=(
            0.5,
            1.5,
        ),
        type='YOLOv5RandomAffine'),
]
tta_model = dict(
    tta_cfg=dict(max_per_img=300, nms=dict(iou_threshold=0.65, type='nms')),
    type='mmdet.DetTTAModel')
tta_pipeline = [
    dict(backend_args=None, type='LoadImageFromFile'),
    dict(
        transforms=[
            [
                dict(
                    transforms=[
                        dict(scale=(
                            640,
                            640,
                        ), type='YOLOv5KeepRatioResize'),
                        dict(
                            allow_scale_up=False,
                            pad_val=dict(img=114),
                            scale=(
                                640,
                                640,
                            ),
                            type='LetterResize'),
                    ],
                    type='Compose'),
                dict(
                    transforms=[
                        dict(scale=(
                            320,
                            320,
                        ), type='YOLOv5KeepRatioResize'),
                        dict(
                            allow_scale_up=False,
                            pad_val=dict(img=114),
                            scale=(
                                320,
                                320,
                            ),
                            type='LetterResize'),
                    ],
                    type='Compose'),
                dict(
                    transforms=[
                        dict(scale=(
                            960,
                            960,
                        ), type='YOLOv5KeepRatioResize'),
                        dict(
                            allow_scale_up=False,
                            pad_val=dict(img=114),
                            scale=(
                                960,
                                960,
                            ),
                            type='LetterResize'),
                    ],
                    type='Compose'),
            ],
            [
                dict(prob=1.0, type='mmdet.RandomFlip'),
                dict(prob=0.0, type='mmdet.RandomFlip'),
            ],
            [
                dict(type='mmdet.LoadAnnotations', with_bbox=True),
            ],
            [
                dict(
                    meta_keys=(
                        'img_id',
                        'img_path',
                        'ori_shape',
                        'img_shape',
                        'scale_factor',
                        'pad_param',
                        'flip',
                        'flip_direction',
                    ),
                    type='mmdet.PackDetInputs'),
            ],
        ],
        type='TestTimeAug'),
]
val_ann_file = 'val.json'
val_batch_size_per_gpu = 1
val_cfg = dict(type='ValLoop')
val_data_prefix = 'val/enhance_true/rgb'
val_dataloader = dict(
    batch_size=1,
    dataset=dict(
        ann_file='val.json',
        batch_shapes_cfg=None,
        data_prefix=dict(img='val/enhance_true/rgb'),
        data_root='/data/nl/mmdet2spectral/data/DroneVehicle_partion/',
        metainfo=dict(
            classes=(
                'car',
                'truck',
                'bus',
                'van',
                'freight_car',
            ),
            palette=[
                (
                    20,
                    220,
                    60,
                ),
                (
                    119,
                    11,
                    32,
                ),
                (
                    0,
                    0,
                    142,
                ),
                (
                    106,
                    0,
                    228,
                ),
                (
                    0,
                    60,
                    100,
                ),
            ]),
        pipeline=[
            dict(backend_args=None, type='LoadImageFromFile'),
            dict(backend_args=None, type='LoadImageFromFile2'),
            dict(_scope_='mmdet', type='LoadAnnotations', with_bbox=True),
            dict(
                transforms=[
                    dict(scale=(
                        640,
                        512,
                    ), type='YOLOv5KeepRatioResize'),
                ],
                type='Image2Broadcaster'),
            dict(
                meta_keys=(
                    'img_id',
                    'img_path',
                    'ori_shape',
                    'img_shape',
                    'img_path2',
                    'ori_shape2',
                    'img_shape2',
                    'scale_factor',
                ),
                type='DoublePackDetInputs'),
        ],
        test_mode=True,
        type='DualStreamCocoDataset'),
    drop_last=False,
    num_workers=2,
    persistent_workers=True,
    pin_memory=True,
    sampler=dict(shuffle=False, type='DefaultSampler'))
val_evaluator = dict(
    ann_file='/data/nl/mmdet2spectral/data/DroneVehicle_partion/val.json',
    classwise=True,
    metric='bbox',
    proposal_nums=(
        100,
        1,
        10,
    ),
    type='mmdet.CocoMetric')
val_interval_stage2 = 1
val_num_workers = 2
vis_backends = [
    dict(type='LocalVisBackend'),
]
visualizer = dict(
    name='visualizer',
    type='mmdet.DetLocalVisualizer',
    vis_backends=[
        dict(type='LocalVisBackend'),
    ])
weight_decay = 0.0005
widen_factor = 0.75
work_dir = 'work_dirs/DroneVehicle/2025_06_30/yolov8_mambatransformer_enhance'

2025/07/05 11:08:24 - mmengine - INFO - Distributed training is not used, all SyncBatchNorm (SyncBN) layers in the model will be automatically reverted to BatchNormXd layers if they are used.
2025/07/05 11:08:24 - mmengine - INFO - Hooks will be executed in the following order:
before_run:
(VERY_HIGH   ) RuntimeInfoHook                    
(49          ) EMAHook                            
(BELOW_NORMAL) LoggerHook                         
 -------------------- 
after_load_checkpoint:
(49          ) EMAHook                            
 -------------------- 
before_train:
(9           ) YOLOv5ParamSchedulerHook           
(VERY_HIGH   ) RuntimeInfoHook                    
(49          ) EMAHook                            
(NORMAL      ) IterTimerHook                      
(VERY_LOW    ) CheckpointHook                     
 -------------------- 
before_train_epoch:
(VERY_HIGH   ) RuntimeInfoHook                    
(NORMAL      ) IterTimerHook                      
(NORMAL      ) DistSamplerSeedHook                
(NORMAL      ) PipelineSwitchHook                 
 -------------------- 
before_train_iter:
(9           ) YOLOv5ParamSchedulerHook           
(VERY_HIGH   ) RuntimeInfoHook                    
(NORMAL      ) IterTimerHook                      
 -------------------- 
after_train_iter:
(9           ) YOLOv5ParamSchedulerHook           
(VERY_HIGH   ) RuntimeInfoHook                    
(49          ) EMAHook                            
(NORMAL      ) IterTimerHook                      
(BELOW_NORMAL) LoggerHook                         
(VERY_LOW    ) CheckpointHook                     
 -------------------- 
after_train_epoch:
(9           ) YOLOv5ParamSchedulerHook           
(NORMAL      ) IterTimerHook                      
(VERY_LOW    ) CheckpointHook                     
 -------------------- 
before_val:
(VERY_HIGH   ) RuntimeInfoHook                    
 -------------------- 
before_val_epoch:
(49          ) EMAHook                            
(NORMAL      ) IterTimerHook                      
 -------------------- 
before_val_iter:
(NORMAL      ) IterTimerHook                      
 -------------------- 
after_val_iter:
(NORMAL      ) IterTimerHook                      
(NORMAL      ) DetVisualizationHook               
(BELOW_NORMAL) LoggerHook                         
 -------------------- 
after_val_epoch:
(9           ) YOLOv5ParamSchedulerHook           
(VERY_HIGH   ) RuntimeInfoHook                    
(49          ) EMAHook                            
(NORMAL      ) IterTimerHook                      
(BELOW_NORMAL) LoggerHook                         
(VERY_LOW    ) CheckpointHook                     
 -------------------- 
after_val:
(VERY_HIGH   ) RuntimeInfoHook                    
 -------------------- 
before_save_checkpoint:
(49          ) EMAHook                            
 -------------------- 
after_train:
(VERY_HIGH   ) RuntimeInfoHook                    
(VERY_LOW    ) CheckpointHook                     
 -------------------- 
before_test:
(VERY_HIGH   ) RuntimeInfoHook                    
 -------------------- 
before_test_epoch:
(49          ) EMAHook                            
(NORMAL      ) IterTimerHook                      
 -------------------- 
before_test_iter:
(NORMAL      ) IterTimerHook                      
 -------------------- 
after_test_iter:
(NORMAL      ) IterTimerHook                      
(NORMAL      ) DetVisualizationHook               
(BELOW_NORMAL) LoggerHook                         
 -------------------- 
after_test_epoch:
(VERY_HIGH   ) RuntimeInfoHook                    
(49          ) EMAHook                            
(NORMAL      ) IterTimerHook                      
(BELOW_NORMAL) LoggerHook                         
 -------------------- 
after_test:
(VERY_HIGH   ) RuntimeInfoHook                    
 -------------------- 
after_run:
(BELOW_NORMAL) LoggerHook                         
 -------------------- 
2025/07/05 11:08:26 - mmengine - INFO - Optimizer groups: 227 .bias, 224 conv.weight, 128 other
Name of parameter - Initialization information

backbone.stem_1.conv.conv.weight - torch.Size([48, 3, 3, 3]): 
Initialized by user-defined `init_weights` in ConvModule  

backbone.stem_1.conv.bn.weight - torch.Size([48]): 
The value is the same before and after calling `init_weights` of YOLODualNeckDetector  

backbone.stem_1.conv.bn.bias - torch.Size([48]): 
The value is the same before and after calling `init_weights` of YOLODualNeckDetector  

backbone.stem_2.conv.conv.weight - torch.Size([48, 3, 3, 3]): 
Initialized by user-defined `init_weights` in ConvModule  

backbone.stem_2.conv.bn.weight - torch.Size([48]): 
The value is the same before and after calling `init_weights` of YOLODualNeckDetector  

backbone.stem_2.conv.bn.bias - torch.Size([48]): 
The value is the same before and after calling `init_weights` of YOLODualNeckDetector  

backbone.stage1_1.0.conv.weight - torch.Size([96, 48, 3, 3]): 
The value is the same before and after calling `init_weights` of YOLODualNeckDetector  

backbone.stage1_1.0.bn.weight - torch.Size([96]): 
The value is the same before and after calling `init_weights` of YOLODualNeckDetector  

backbone.stage1_1.0.bn.bias - torch.Size([96]): 
The value is the same before and after calling `init_weights` of YOLODualNeckDetector  

backbone.stage1_1.1.main_conv.conv.weight - torch.Size([96, 96, 1, 1]): 
The value is the same before and after calling `init_weights` of YOLODualNeckDetector  

backbone.stage1_1.1.main_conv.bn.weight - torch.Size([96]): 
The value is the same before and after calling `init_weights` of YOLODualNeckDetector  

backbone.stage1_1.1.main_conv.bn.bias - torch.Size([96]): 
The value is the same before and after calling `init_weights` of YOLODualNeckDetector  

backbone.stage1_1.1.final_conv.conv.weight - torch.Size([96, 192, 1, 1]): 
The value is the same before and after calling `init_weights` of YOLODualNeckDetector  

backbone.stage1_1.1.final_conv.bn.weight - torch.Size([96]): 
The value is the same before and after calling `init_weights` of YOLODualNeckDetector  

backbone.stage1_1.1.final_conv.bn.bias - torch.Size([96]): 
The value is the same before and after calling `init_weights` of YOLODualNeckDetector  

backbone.stage1_1.1.blocks.0.conv1.conv.weight - torch.Size([48, 48, 3, 3]): 
The value is the same before and after calling `init_weights` of YOLODualNeckDetector  

backbone.stage1_1.1.blocks.0.conv1.bn.weight - torch.Size([48]): 
The value is the same before and after calling `init_weights` of YOLODualNeckDetector  

backbone.stage1_1.1.blocks.0.conv1.bn.bias - torch.Size([48]): 
The value is the same before and after calling `init_weights` of YOLODualNeckDetector  

backbone.stage1_1.1.blocks.0.conv2.conv.weight - torch.Size([48, 48, 3, 3]): 
The value is the same before and after calling `init_weights` of YOLODualNeckDetector  

backbone.stage1_1.1.blocks.0.conv2.bn.weight - torch.Size([48]): 
The value is the same before and after calling `init_weights` of YOLODualNeckDetector  

backbone.stage1_1.1.blocks.0.conv2.bn.bias - torch.Size([48]): 
The value is the same before and after calling `init_weights` of YOLODualNeckDetector  

backbone.stage1_1.1.blocks.1.conv1.conv.weight - torch.Size([48, 48, 3, 3]): 
The value is the same before and after calling `init_weights` of YOLODualNeckDetector  

backbone.stage1_1.1.blocks.1.conv1.bn.weight - torch.Size([48]): 
The value is the same before and after calling `init_weights` of YOLODualNeckDetector  

backbone.stage1_1.1.blocks.1.conv1.bn.bias - torch.Size([48]): 
The value is the same before and after calling `init_weights` of YOLODualNeckDetector  

backbone.stage1_1.1.blocks.1.conv2.conv.weight - torch.Size([48, 48, 3, 3]): 
The value is the same before and after calling `init_weights` of YOLODualNeckDetector  

backbone.stage1_1.1.blocks.1.conv2.bn.weight - torch.Size([48]): 
The value is the same before and after calling `init_weights` of YOLODualNeckDetector  

backbone.stage1_1.1.blocks.1.conv2.bn.bias - torch.Size([48]): 
The value is the same before and after calling `init_weights` of YOLODualNeckDetector  

backbone.stage1_2.0.conv.weight - torch.Size([96, 48, 3, 3]): 
The value is the same before and after calling `init_weights` of YOLODualNeckDetector  

backbone.stage1_2.0.bn.weight - torch.Size([96]): 
The value is the same before and after calling `init_weights` of YOLODualNeckDetector  

backbone.stage1_2.0.bn.bias - torch.Size([96]): 
The value is the same before and after calling `init_weights` of YOLODualNeckDetector  

backbone.stage1_2.1.main_conv.conv.weight - torch.Size([96, 96, 1, 1]): 
The value is the same before and after calling `init_weights` of YOLODualNeckDetector  

backbone.stage1_2.1.main_conv.bn.weight - torch.Size([96]): 
The value is the same before and after calling `init_weights` of YOLODualNeckDetector  

backbone.stage1_2.1.main_conv.bn.bias - torch.Size([96]): 
The value is the same before and after calling `init_weights` of YOLODualNeckDetector  

backbone.stage1_2.1.final_conv.conv.weight - torch.Size([96, 192, 1, 1]): 
The value is the same before and after calling `init_weights` of YOLODualNeckDetector  

backbone.stage1_2.1.final_conv.bn.weight - torch.Size([96]): 
The value is the same before and after calling `init_weights` of YOLODualNeckDetector  

backbone.stage1_2.1.final_conv.bn.bias - torch.Size([96]): 
The value is the same before and after calling `init_weights` of YOLODualNeckDetector  

backbone.stage1_2.1.blocks.0.conv1.conv.weight - torch.Size([48, 48, 3, 3]): 
The value is the same before and after calling `init_weights` of YOLODualNeckDetector  

backbone.stage1_2.1.blocks.0.conv1.bn.weight - torch.Size([48]): 
The value is the same before and after calling `init_weights` of YOLODualNeckDetector  

backbone.stage1_2.1.blocks.0.conv1.bn.bias - torch.Size([48]): 
The value is the same before and after calling `init_weights` of YOLODualNeckDetector  

backbone.stage1_2.1.blocks.0.conv2.conv.weight - torch.Size([48, 48, 3, 3]): 
The value is the same before and after calling `init_weights` of YOLODualNeckDetector  

backbone.stage1_2.1.blocks.0.conv2.bn.weight - torch.Size([48]): 
The value is the same before and after calling `init_weights` of YOLODualNeckDetector  

backbone.stage1_2.1.blocks.0.conv2.bn.bias - torch.Size([48]): 
The value is the same before and after calling `init_weights` of YOLODualNeckDetector  

backbone.stage1_2.1.blocks.1.conv1.conv.weight - torch.Size([48, 48, 3, 3]): 
The value is the same before and after calling `init_weights` of YOLODualNeckDetector  

backbone.stage1_2.1.blocks.1.conv1.bn.weight - torch.Size([48]): 
The value is the same before and after calling `init_weights` of YOLODualNeckDetector  

backbone.stage1_2.1.blocks.1.conv1.bn.bias - torch.Size([48]): 
The value is the same before and after calling `init_weights` of YOLODualNeckDetector  

backbone.stage1_2.1.blocks.1.conv2.conv.weight - torch.Size([48, 48, 3, 3]): 
The value is the same before and after calling `init_weights` of YOLODualNeckDetector  

backbone.stage1_2.1.blocks.1.conv2.bn.weight - torch.Size([48]): 
The value is the same before and after calling `init_weights` of YOLODualNeckDetector  

backbone.stage1_2.1.blocks.1.conv2.bn.bias - torch.Size([48]): 
The value is the same before and after calling `init_weights` of YOLODualNeckDetector  

backbone.stage2_1.0.conv.weight - torch.Size([192, 96, 3, 3]): 
The value is the same before and after calling `init_weights` of YOLODualNeckDetector  

backbone.stage2_1.0.bn.weight - torch.Size([192]): 
The value is the same before and after calling `init_weights` of YOLODualNeckDetector  

backbone.stage2_1.0.bn.bias - torch.Size([192]): 
The value is the same before and after calling `init_weights` of YOLODualNeckDetector  

backbone.stage2_1.1.main_conv.conv.weight - torch.Size([192, 192, 1, 1]): 
The value is the same before and after calling `init_weights` of YOLODualNeckDetector  

backbone.stage2_1.1.main_conv.bn.weight - torch.Size([192]): 
The value is the same before and after calling `init_weights` of YOLODualNeckDetector  

backbone.stage2_1.1.main_conv.bn.bias - torch.Size([192]): 
The value is the same before and after calling `init_weights` of YOLODualNeckDetector  

backbone.stage2_1.1.final_conv.conv.weight - torch.Size([192, 576, 1, 1]): 
The value is the same before and after calling `init_weights` of YOLODualNeckDetector  

backbone.stage2_1.1.final_conv.bn.weight - torch.Size([192]): 
The value is the same before and after calling `init_weights` of YOLODualNeckDetector  

backbone.stage2_1.1.final_conv.bn.bias - torch.Size([192]): 
The value is the same before and after calling `init_weights` of YOLODualNeckDetector  

backbone.stage2_1.1.blocks.0.conv1.conv.weight - torch.Size([96, 96, 3, 3]): 
The value is the same before and after calling `init_weights` of YOLODualNeckDetector  

backbone.stage2_1.1.blocks.0.conv1.bn.weight - torch.Size([96]): 
The value is the same before and after calling `init_weights` of YOLODualNeckDetector  

backbone.stage2_1.1.blocks.0.conv1.bn.bias - torch.Size([96]): 
The value is the same before and after calling `init_weights` of YOLODualNeckDetector  

backbone.stage2_1.1.blocks.0.conv2.conv.weight - torch.Size([96, 96, 3, 3]): 
The value is the same before and after calling `init_weights` of YOLODualNeckDetector  

backbone.stage2_1.1.blocks.0.conv2.bn.weight - torch.Size([96]): 
The value is the same before and after calling `init_weights` of YOLODualNeckDetector  

backbone.stage2_1.1.blocks.0.conv2.bn.bias - torch.Size([96]): 
The value is the same before and after calling `init_weights` of YOLODualNeckDetector  

backbone.stage2_1.1.blocks.1.conv1.conv.weight - torch.Size([96, 96, 3, 3]): 
The value is the same before and after calling `init_weights` of YOLODualNeckDetector  

backbone.stage2_1.1.blocks.1.conv1.bn.weight - torch.Size([96]): 
The value is the same before and after calling `init_weights` of YOLODualNeckDetector  

backbone.stage2_1.1.blocks.1.conv1.bn.bias - torch.Size([96]): 
The value is the same before and after calling `init_weights` of YOLODualNeckDetector  

backbone.stage2_1.1.blocks.1.conv2.conv.weight - torch.Size([96, 96, 3, 3]): 
The value is the same before and after calling `init_weights` of YOLODualNeckDetector  

backbone.stage2_1.1.blocks.1.conv2.bn.weight - torch.Size([96]): 
The value is the same before and after calling `init_weights` of YOLODualNeckDetector  

backbone.stage2_1.1.blocks.1.conv2.bn.bias - torch.Size([96]): 
The value is the same before and after calling `init_weights` of YOLODualNeckDetector  

backbone.stage2_1.1.blocks.2.conv1.conv.weight - torch.Size([96, 96, 3, 3]): 
The value is the same before and after calling `init_weights` of YOLODualNeckDetector  

backbone.stage2_1.1.blocks.2.conv1.bn.weight - torch.Size([96]): 
The value is the same before and after calling `init_weights` of YOLODualNeckDetector  

backbone.stage2_1.1.blocks.2.conv1.bn.bias - torch.Size([96]): 
The value is the same before and after calling `init_weights` of YOLODualNeckDetector  

backbone.stage2_1.1.blocks.2.conv2.conv.weight - torch.Size([96, 96, 3, 3]): 
The value is the same before and after calling `init_weights` of YOLODualNeckDetector  

backbone.stage2_1.1.blocks.2.conv2.bn.weight - torch.Size([96]): 
The value is the same before and after calling `init_weights` of YOLODualNeckDetector  

backbone.stage2_1.1.blocks.2.conv2.bn.bias - torch.Size([96]): 
The value is the same before and after calling `init_weights` of YOLODualNeckDetector  

backbone.stage2_1.1.blocks.3.conv1.conv.weight - torch.Size([96, 96, 3, 3]): 
The value is the same before and after calling `init_weights` of YOLODualNeckDetector  

backbone.stage2_1.1.blocks.3.conv1.bn.weight - torch.Size([96]): 
The value is the same before and after calling `init_weights` of YOLODualNeckDetector  

backbone.stage2_1.1.blocks.3.conv1.bn.bias - torch.Size([96]): 
The value is the same before and after calling `init_weights` of YOLODualNeckDetector  

backbone.stage2_1.1.blocks.3.conv2.conv.weight - torch.Size([96, 96, 3, 3]): 
The value is the same before and after calling `init_weights` of YOLODualNeckDetector  

backbone.stage2_1.1.blocks.3.conv2.bn.weight - torch.Size([96]): 
The value is the same before and after calling `init_weights` of YOLODualNeckDetector  

backbone.stage2_1.1.blocks.3.conv2.bn.bias - torch.Size([96]): 
The value is the same before and after calling `init_weights` of YOLODualNeckDetector  

backbone.stage2_2.0.conv.weight - torch.Size([192, 96, 3, 3]): 
The value is the same before and after calling `init_weights` of YOLODualNeckDetector  

backbone.stage2_2.0.bn.weight - torch.Size([192]): 
The value is the same before and after calling `init_weights` of YOLODualNeckDetector  

backbone.stage2_2.0.bn.bias - torch.Size([192]): 
The value is the same before and after calling `init_weights` of YOLODualNeckDetector  

backbone.stage2_2.1.main_conv.conv.weight - torch.Size([192, 192, 1, 1]): 
The value is the same before and after calling `init_weights` of YOLODualNeckDetector  

backbone.stage2_2.1.main_conv.bn.weight - torch.Size([192]): 
The value is the same before and after calling `init_weights` of YOLODualNeckDetector  

backbone.stage2_2.1.main_conv.bn.bias - torch.Size([192]): 
The value is the same before and after calling `init_weights` of YOLODualNeckDetector  

backbone.stage2_2.1.final_conv.conv.weight - torch.Size([192, 576, 1, 1]): 
The value is the same before and after calling `init_weights` of YOLODualNeckDetector  

backbone.stage2_2.1.final_conv.bn.weight - torch.Size([192]): 
The value is the same before and after calling `init_weights` of YOLODualNeckDetector  

backbone.stage2_2.1.final_conv.bn.bias - torch.Size([192]): 
The value is the same before and after calling `init_weights` of YOLODualNeckDetector  

backbone.stage2_2.1.blocks.0.conv1.conv.weight - torch.Size([96, 96, 3, 3]): 
The value is the same before and after calling `init_weights` of YOLODualNeckDetector  

backbone.stage2_2.1.blocks.0.conv1.bn.weight - torch.Size([96]): 
The value is the same before and after calling `init_weights` of YOLODualNeckDetector  

backbone.stage2_2.1.blocks.0.conv1.bn.bias - torch.Size([96]): 
The value is the same before and after calling `init_weights` of YOLODualNeckDetector  

backbone.stage2_2.1.blocks.0.conv2.conv.weight - torch.Size([96, 96, 3, 3]): 
The value is the same before and after calling `init_weights` of YOLODualNeckDetector  

backbone.stage2_2.1.blocks.0.conv2.bn.weight - torch.Size([96]): 
The value is the same before and after calling `init_weights` of YOLODualNeckDetector  

backbone.stage2_2.1.blocks.0.conv2.bn.bias - torch.Size([96]): 
The value is the same before and after calling `init_weights` of YOLODualNeckDetector  

backbone.stage2_2.1.blocks.1.conv1.conv.weight - torch.Size([96, 96, 3, 3]): 
The value is the same before and after calling `init_weights` of YOLODualNeckDetector  

backbone.stage2_2.1.blocks.1.conv1.bn.weight - torch.Size([96]): 
The value is the same before and after calling `init_weights` of YOLODualNeckDetector  

backbone.stage2_2.1.blocks.1.conv1.bn.bias - torch.Size([96]): 
The value is the same before and after calling `init_weights` of YOLODualNeckDetector  

backbone.stage2_2.1.blocks.1.conv2.conv.weight - torch.Size([96, 96, 3, 3]): 
The value is the same before and after calling `init_weights` of YOLODualNeckDetector  

backbone.stage2_2.1.blocks.1.conv2.bn.weight - torch.Size([96]): 
The value is the same before and after calling `init_weights` of YOLODualNeckDetector  

backbone.stage2_2.1.blocks.1.conv2.bn.bias - torch.Size([96]): 
The value is the same before and after calling `init_weights` of YOLODualNeckDetector  

backbone.stage2_2.1.blocks.2.conv1.conv.weight - torch.Size([96, 96, 3, 3]): 
The value is the same before and after calling `init_weights` of YOLODualNeckDetector  

backbone.stage2_2.1.blocks.2.conv1.bn.weight - torch.Size([96]): 
The value is the same before and after calling `init_weights` of YOLODualNeckDetector  

backbone.stage2_2.1.blocks.2.conv1.bn.bias - torch.Size([96]): 
The value is the same before and after calling `init_weights` of YOLODualNeckDetector  

backbone.stage2_2.1.blocks.2.conv2.conv.weight - torch.Size([96, 96, 3, 3]): 
The value is the same before and after calling `init_weights` of YOLODualNeckDetector  

backbone.stage2_2.1.blocks.2.conv2.bn.weight - torch.Size([96]): 
The value is the same before and after calling `init_weights` of YOLODualNeckDetector  

backbone.stage2_2.1.blocks.2.conv2.bn.bias - torch.Size([96]): 
The value is the same before and after calling `init_weights` of YOLODualNeckDetector  

backbone.stage2_2.1.blocks.3.conv1.conv.weight - torch.Size([96, 96, 3, 3]): 
The value is the same before and after calling `init_weights` of YOLODualNeckDetector  

backbone.stage2_2.1.blocks.3.conv1.bn.weight - torch.Size([96]): 
The value is the same before and after calling `init_weights` of YOLODualNeckDetector  

backbone.stage2_2.1.blocks.3.conv1.bn.bias - torch.Size([96]): 
The value is the same before and after calling `init_weights` of YOLODualNeckDetector  

backbone.stage2_2.1.blocks.3.conv2.conv.weight - torch.Size([96, 96, 3, 3]): 
The value is the same before and after calling `init_weights` of YOLODualNeckDetector  

backbone.stage2_2.1.blocks.3.conv2.bn.weight - torch.Size([96]): 
The value is the same before and after calling `init_weights` of YOLODualNeckDetector  

backbone.stage2_2.1.blocks.3.conv2.bn.bias - torch.Size([96]): 
The value is the same before and after calling `init_weights` of YOLODualNeckDetector  

backbone.fusion_block2.pos_embed_r - torch.Size([1, 64, 96]): 
The value is the same before and after calling `init_weights` of YOLODualNeckDetector  

backbone.fusion_block2.pos_embed_t - torch.Size([1, 64, 96]): 
The value is the same before and after calling `init_weights` of YOLODualNeckDetector  

backbone.fusion_block2.patch_embed.proj.weight - torch.Size([96, 96, 16, 20]): 
The value is the same before and after calling `init_weights` of YOLODualNeckDetector  

backbone.fusion_block2.patch_embed.proj.bias - torch.Size([96]): 
The value is the same before and after calling `init_weights` of YOLODualNeckDetector  

backbone.fusion_block2.mamba_fusion_stage.in_proj_r.weight - torch.Size([384, 96]): 
The value is the same before and after calling `init_weights` of YOLODualNeckDetector  

backbone.fusion_block2.mamba_fusion_stage.in_proj_t.weight - torch.Size([384, 96]): 
The value is the same before and after calling `init_weights` of YOLODualNeckDetector  

backbone.fusion_block2.mamba_fusion_stage.conv2d_r.0.weight - torch.Size([192, 1, 3, 3]): 
The value is the same before and after calling `init_weights` of YOLODualNeckDetector  

backbone.fusion_block2.mamba_fusion_stage.conv2d_r.0.bias - torch.Size([192]): 
The value is the same before and after calling `init_weights` of YOLODualNeckDetector  

backbone.fusion_block2.mamba_fusion_stage.conv2d_r.1.weight - torch.Size([192]): 
The value is the same before and after calling `init_weights` of YOLODualNeckDetector  

backbone.fusion_block2.mamba_fusion_stage.conv2d_r.1.bias - torch.Size([192]): 
The value is the same before and after calling `init_weights` of YOLODualNeckDetector  

backbone.fusion_block2.mamba_fusion_stage.conv2d_t.0.weight - torch.Size([192, 1, 3, 3]): 
The value is the same before and after calling `init_weights` of YOLODualNeckDetector  

backbone.fusion_block2.mamba_fusion_stage.conv2d_t.0.bias - torch.Size([192]): 
The value is the same before and after calling `init_weights` of YOLODualNeckDetector  

backbone.fusion_block2.mamba_fusion_stage.conv2d_t.1.weight - torch.Size([192]): 
The value is the same before and after calling `init_weights` of YOLODualNeckDetector  

backbone.fusion_block2.mamba_fusion_stage.conv2d_t.1.bias - torch.Size([192]): 
The value is the same before and after calling `init_weights` of YOLODualNeckDetector  

backbone.fusion_block2.mamba_fusion_stage.SSM_r_f.A_log - torch.Size([192, 32]): 
The value is the same before and after calling `init_weights` of YOLODualNeckDetector  

backbone.fusion_block2.mamba_fusion_stage.SSM_r_f.D - torch.Size([192]): 
The value is the same before and after calling `init_weights` of YOLODualNeckDetector  

backbone.fusion_block2.mamba_fusion_stage.SSM_r_f.x_proj.weight - torch.Size([76, 192]): 
The value is the same before and after calling `init_weights` of YOLODualNeckDetector  

backbone.fusion_block2.mamba_fusion_stage.SSM_r_f.dt_proj.weight - torch.Size([192, 12]): 
The value is the same before and after calling `init_weights` of YOLODualNeckDetector  

backbone.fusion_block2.mamba_fusion_stage.SSM_r_f.dt_proj.bias - torch.Size([192]): 
The value is the same before and after calling `init_weights` of YOLODualNeckDetector  

backbone.fusion_block2.mamba_fusion_stage.SSM_r_f.out_norm.weight - torch.Size([192]): 
The value is the same before and after calling `init_weights` of YOLODualNeckDetector  

backbone.fusion_block2.mamba_fusion_stage.SSM_r_f.out_norm.bias - torch.Size([192]): 
The value is the same before and after calling `init_weights` of YOLODualNeckDetector  

backbone.fusion_block2.mamba_fusion_stage.SSM_t_f.A_log - torch.Size([192, 32]): 
The value is the same before and after calling `init_weights` of YOLODualNeckDetector  

backbone.fusion_block2.mamba_fusion_stage.SSM_t_f.D - torch.Size([192]): 
The value is the same before and after calling `init_weights` of YOLODualNeckDetector  

backbone.fusion_block2.mamba_fusion_stage.SSM_t_f.x_proj.weight - torch.Size([76, 192]): 
The value is the same before and after calling `init_weights` of YOLODualNeckDetector  

backbone.fusion_block2.mamba_fusion_stage.SSM_t_f.dt_proj.weight - torch.Size([192, 12]): 
The value is the same before and after calling `init_weights` of YOLODualNeckDetector  

backbone.fusion_block2.mamba_fusion_stage.SSM_t_f.dt_proj.bias - torch.Size([192]): 
The value is the same before and after calling `init_weights` of YOLODualNeckDetector  

backbone.fusion_block2.mamba_fusion_stage.SSM_t_f.out_norm.weight - torch.Size([192]): 
The value is the same before and after calling `init_weights` of YOLODualNeckDetector  

backbone.fusion_block2.mamba_fusion_stage.SSM_t_f.out_norm.bias - torch.Size([192]): 
The value is the same before and after calling `init_weights` of YOLODualNeckDetector  

backbone.fusion_block2.mamba_fusion_stage.out_proj.weight - torch.Size([96, 192]): 
The value is the same before and after calling `init_weights` of YOLODualNeckDetector  

backbone.fusion_block2.transformer_fusion_stage.block.pos_emb_vis - torch.Size([1, 256, 96]): 
The value is the same before and after calling `init_weights` of YOLODualNeckDetector  

backbone.fusion_block2.transformer_fusion_stage.block.pos_emb_ir - torch.Size([1, 256, 96]): 
The value is the same before and after calling `init_weights` of YOLODualNeckDetector  

backbone.fusion_block2.transformer_fusion_stage.block.vis_pool_weights.w1 - torch.Size([1]): 
The value is the same before and after calling `init_weights` of YOLODualNeckDetector  

backbone.fusion_block2.transformer_fusion_stage.block.vis_pool_weights.w2 - torch.Size([1]): 
The value is the same before and after calling `init_weights` of YOLODualNeckDetector  

backbone.fusion_block2.transformer_fusion_stage.block.ir_pool_weights.w1 - torch.Size([1]): 
The value is the same before and after calling `init_weights` of YOLODualNeckDetector  

backbone.fusion_block2.transformer_fusion_stage.block.ir_pool_weights.w2 - torch.Size([1]): 
The value is the same before and after calling `init_weights` of YOLODualNeckDetector  

backbone.fusion_block2.transformer_fusion_stage.block.crosstransformer.0.ln1_vis.weight - torch.Size([96]): 
The value is the same before and after calling `init_weights` of YOLODualNeckDetector  

backbone.fusion_block2.transformer_fusion_stage.block.crosstransformer.0.ln1_vis.bias - torch.Size([96]): 
The value is the same before and after calling `init_weights` of YOLODualNeckDetector  

backbone.fusion_block2.transformer_fusion_stage.block.crosstransformer.0.ln1_ir.weight - torch.Size([96]): 
The value is the same before and after calling `init_weights` of YOLODualNeckDetector  

backbone.fusion_block2.transformer_fusion_stage.block.crosstransformer.0.ln1_ir.bias - torch.Size([96]): 
The value is the same before and after calling `init_weights` of YOLODualNeckDetector  

backbone.fusion_block2.transformer_fusion_stage.block.crosstransformer.0.que_proj_vis.weight - torch.Size([96, 96]): 
The value is the same before and after calling `init_weights` of YOLODualNeckDetector  

backbone.fusion_block2.transformer_fusion_stage.block.crosstransformer.0.que_proj_vis.bias - torch.Size([96]): 
The value is the same before and after calling `init_weights` of YOLODualNeckDetector  

backbone.fusion_block2.transformer_fusion_stage.block.crosstransformer.0.key_proj_vis.weight - torch.Size([96, 96]): 
The value is the same before and after calling `init_weights` of YOLODualNeckDetector  

backbone.fusion_block2.transformer_fusion_stage.block.crosstransformer.0.key_proj_vis.bias - torch.Size([96]): 
The value is the same before and after calling `init_weights` of YOLODualNeckDetector  

backbone.fusion_block2.transformer_fusion_stage.block.crosstransformer.0.val_proj_vis.weight - torch.Size([96, 96]): 
The value is the same before and after calling `init_weights` of YOLODualNeckDetector  

backbone.fusion_block2.transformer_fusion_stage.block.crosstransformer.0.val_proj_vis.bias - torch.Size([96]): 
The value is the same before and after calling `init_weights` of YOLODualNeckDetector  

backbone.fusion_block2.transformer_fusion_stage.block.crosstransformer.0.que_proj_ir.weight - torch.Size([96, 96]): 
The value is the same before and after calling `init_weights` of YOLODualNeckDetector  

backbone.fusion_block2.transformer_fusion_stage.block.crosstransformer.0.que_proj_ir.bias - torch.Size([96]): 
The value is the same before and after calling `init_weights` of YOLODualNeckDetector  

backbone.fusion_block2.transformer_fusion_stage.block.crosstransformer.0.key_proj_ir.weight - torch.Size([96, 96]): 
The value is the same before and after calling `init_weights` of YOLODualNeckDetector  

backbone.fusion_block2.transformer_fusion_stage.block.crosstransformer.0.key_proj_ir.bias - torch.Size([96]): 
The value is the same before and after calling `init_weights` of YOLODualNeckDetector  

backbone.fusion_block2.transformer_fusion_stage.block.crosstransformer.0.val_proj_ir.weight - torch.Size([96, 96]): 
The value is the same before and after calling `init_weights` of YOLODualNeckDetector  

backbone.fusion_block2.transformer_fusion_stage.block.crosstransformer.0.val_proj_ir.bias - torch.Size([96]): 
The value is the same before and after calling `init_weights` of YOLODualNeckDetector  

backbone.fusion_block2.transformer_fusion_stage.block.crosstransformer.0.crossatt.out_proj_vis.weight - torch.Size([96, 96]): 
The value is the same before and after calling `init_weights` of YOLODualNeckDetector  

backbone.fusion_block2.transformer_fusion_stage.block.crosstransformer.0.crossatt.out_proj_vis.bias - torch.Size([96]): 
The value is the same before and after calling `init_weights` of YOLODualNeckDetector  

backbone.fusion_block2.transformer_fusion_stage.block.crosstransformer.0.crossatt.out_proj_ir.weight - torch.Size([96, 96]): 
The value is the same before and after calling `init_weights` of YOLODualNeckDetector  

backbone.fusion_block2.transformer_fusion_stage.block.crosstransformer.0.crossatt.out_proj_ir.bias - torch.Size([96]): 
The value is the same before and after calling `init_weights` of YOLODualNeckDetector  

backbone.fusion_block2.transformer_fusion_stage.block.crosstransformer.0.ln2_vis.weight - torch.Size([96]): 
The value is the same before and after calling `init_weights` of YOLODualNeckDetector  

backbone.fusion_block2.transformer_fusion_stage.block.crosstransformer.0.ln2_vis.bias - torch.Size([96]): 
The value is the same before and after calling `init_weights` of YOLODualNeckDetector  

backbone.fusion_block2.transformer_fusion_stage.block.crosstransformer.0.ln2_ir.weight - torch.Size([96]): 
The value is the same before and after calling `init_weights` of YOLODualNeckDetector  

backbone.fusion_block2.transformer_fusion_stage.block.crosstransformer.0.ln2_ir.bias - torch.Size([96]): 
The value is the same before and after calling `init_weights` of YOLODualNeckDetector  

backbone.fusion_block2.transformer_fusion_stage.block.crosstransformer.0.mlp_vis.0.weight - torch.Size([384, 96]): 
The value is the same before and after calling `init_weights` of YOLODualNeckDetector  

backbone.fusion_block2.transformer_fusion_stage.block.crosstransformer.0.mlp_vis.0.bias - torch.Size([384]): 
The value is the same before and after calling `init_weights` of YOLODualNeckDetector  

backbone.fusion_block2.transformer_fusion_stage.block.crosstransformer.0.mlp_vis.2.weight - torch.Size([96, 384]): 
The value is the same before and after calling `init_weights` of YOLODualNeckDetector  

backbone.fusion_block2.transformer_fusion_stage.block.crosstransformer.0.mlp_vis.2.bias - torch.Size([96]): 
The value is the same before and after calling `init_weights` of YOLODualNeckDetector  

backbone.fusion_block2.transformer_fusion_stage.block.crosstransformer.0.mlp_ir.0.weight - torch.Size([384, 96]): 
The value is the same before and after calling `init_weights` of YOLODualNeckDetector  

backbone.fusion_block2.transformer_fusion_stage.block.crosstransformer.0.mlp_ir.0.bias - torch.Size([384]): 
The value is the same before and after calling `init_weights` of YOLODualNeckDetector  

backbone.fusion_block2.transformer_fusion_stage.block.crosstransformer.0.mlp_ir.2.weight - torch.Size([96, 384]): 
The value is the same before and after calling `init_weights` of YOLODualNeckDetector  

backbone.fusion_block2.transformer_fusion_stage.block.crosstransformer.0.mlp_ir.2.bias - torch.Size([96]): 
The value is the same before and after calling `init_weights` of YOLODualNeckDetector  

backbone.fusion_block2.transformer_fusion_stage.block.crosstransformer.0.coef_att_vis.bias - torch.Size([1]): 
The value is the same before and after calling `init_weights` of YOLODualNeckDetector  

backbone.fusion_block2.transformer_fusion_stage.block.crosstransformer.0.coef_mlp_vis.bias - torch.Size([1]): 
The value is the same before and after calling `init_weights` of YOLODualNeckDetector  

backbone.fusion_block2.transformer_fusion_stage.block.crosstransformer.0.coef_att_ir.bias - torch.Size([1]): 
The value is the same before and after calling `init_weights` of YOLODualNeckDetector  

backbone.fusion_block2.transformer_fusion_stage.block.crosstransformer.0.coef_mlp_ir.bias - torch.Size([1]): 
The value is the same before and after calling `init_weights` of YOLODualNeckDetector  

backbone.fusion_block2.transformer_fusion_stage.block.out_fusion_module.conv1x1_out.conv.weight - torch.Size([96, 192, 1, 1]): 
The value is the same before and after calling `init_weights` of YOLODualNeckDetector  

backbone.fusion_block2.transformer_fusion_stage.block.out_fusion_module.conv1x1_out.bn.weight - torch.Size([96]): 
The value is the same before and after calling `init_weights` of YOLODualNeckDetector  

backbone.fusion_block2.transformer_fusion_stage.block.out_fusion_module.conv1x1_out.bn.bias - torch.Size([96]): 
The value is the same before and after calling `init_weights` of YOLODualNeckDetector  

backbone.fusion_block2.transformer_fusion_stage.mw.fc1.weight - torch.Size([6, 192, 1, 1]): 
The value is the same before and after calling `init_weights` of YOLODualNeckDetector  

backbone.fusion_block2.transformer_fusion_stage.mw.fc1.bias - torch.Size([6]): 
The value is the same before and after calling `init_weights` of YOLODualNeckDetector  

backbone.fusion_block2.transformer_fusion_stage.mw.fc2.weight - torch.Size([192, 6, 1, 1]): 
The value is the same before and after calling `init_weights` of YOLODualNeckDetector  

backbone.fusion_block2.transformer_fusion_stage.mw.fc2.bias - torch.Size([192]): 
The value is the same before and after calling `init_weights` of YOLODualNeckDetector  

backbone.fusion_block2.out_fusion_module.conv1x1_out.conv.weight - torch.Size([96, 192, 1, 1]): 
The value is the same before and after calling `init_weights` of YOLODualNeckDetector  

backbone.fusion_block2.out_fusion_module.conv1x1_out.bn.weight - torch.Size([96]): 
The value is the same before and after calling `init_weights` of YOLODualNeckDetector  

backbone.fusion_block2.out_fusion_module.conv1x1_out.bn.bias - torch.Size([96]): 
The value is the same before and after calling `init_weights` of YOLODualNeckDetector  

backbone.fusion_block2.mw.fc1.weight - torch.Size([6, 192, 1, 1]): 
The value is the same before and after calling `init_weights` of YOLODualNeckDetector  

backbone.fusion_block2.mw.fc1.bias - torch.Size([6]): 
The value is the same before and after calling `init_weights` of YOLODualNeckDetector  

backbone.fusion_block2.mw.fc2.weight - torch.Size([192, 6, 1, 1]): 
The value is the same before and after calling `init_weights` of YOLODualNeckDetector  

backbone.fusion_block2.mw.fc2.bias - torch.Size([192]): 
The value is the same before and after calling `init_weights` of YOLODualNeckDetector  

backbone.stage3_1.0.conv.weight - torch.Size([384, 192, 3, 3]): 
The value is the same before and after calling `init_weights` of YOLODualNeckDetector  

backbone.stage3_1.0.bn.weight - torch.Size([384]): 
The value is the same before and after calling `init_weights` of YOLODualNeckDetector  

backbone.stage3_1.0.bn.bias - torch.Size([384]): 
The value is the same before and after calling `init_weights` of YOLODualNeckDetector  

backbone.stage3_1.1.main_conv.conv.weight - torch.Size([384, 384, 1, 1]): 
The value is the same before and after calling `init_weights` of YOLODualNeckDetector  

backbone.stage3_1.1.main_conv.bn.weight - torch.Size([384]): 
The value is the same before and after calling `init_weights` of YOLODualNeckDetector  

backbone.stage3_1.1.main_conv.bn.bias - torch.Size([384]): 
The value is the same before and after calling `init_weights` of YOLODualNeckDetector  

backbone.stage3_1.1.final_conv.conv.weight - torch.Size([384, 1152, 1, 1]): 
The value is the same before and after calling `init_weights` of YOLODualNeckDetector  

backbone.stage3_1.1.final_conv.bn.weight - torch.Size([384]): 
The value is the same before and after calling `init_weights` of YOLODualNeckDetector  

backbone.stage3_1.1.final_conv.bn.bias - torch.Size([384]): 
The value is the same before and after calling `init_weights` of YOLODualNeckDetector  

backbone.stage3_1.1.blocks.0.conv1.conv.weight - torch.Size([192, 192, 3, 3]): 
The value is the same before and after calling `init_weights` of YOLODualNeckDetector  

backbone.stage3_1.1.blocks.0.conv1.bn.weight - torch.Size([192]): 
The value is the same before and after calling `init_weights` of YOLODualNeckDetector  

backbone.stage3_1.1.blocks.0.conv1.bn.bias - torch.Size([192]): 
The value is the same before and after calling `init_weights` of YOLODualNeckDetector  

backbone.stage3_1.1.blocks.0.conv2.conv.weight - torch.Size([192, 192, 3, 3]): 
The value is the same before and after calling `init_weights` of YOLODualNeckDetector  

backbone.stage3_1.1.blocks.0.conv2.bn.weight - torch.Size([192]): 
The value is the same before and after calling `init_weights` of YOLODualNeckDetector  

backbone.stage3_1.1.blocks.0.conv2.bn.bias - torch.Size([192]): 
The value is the same before and after calling `init_weights` of YOLODualNeckDetector  

backbone.stage3_1.1.blocks.1.conv1.conv.weight - torch.Size([192, 192, 3, 3]): 
The value is the same before and after calling `init_weights` of YOLODualNeckDetector  

backbone.stage3_1.1.blocks.1.conv1.bn.weight - torch.Size([192]): 
The value is the same before and after calling `init_weights` of YOLODualNeckDetector  

backbone.stage3_1.1.blocks.1.conv1.bn.bias - torch.Size([192]): 
The value is the same before and after calling `init_weights` of YOLODualNeckDetector  

backbone.stage3_1.1.blocks.1.conv2.conv.weight - torch.Size([192, 192, 3, 3]): 
The value is the same before and after calling `init_weights` of YOLODualNeckDetector  

backbone.stage3_1.1.blocks.1.conv2.bn.weight - torch.Size([192]): 
The value is the same before and after calling `init_weights` of YOLODualNeckDetector  

backbone.stage3_1.1.blocks.1.conv2.bn.bias - torch.Size([192]): 
The value is the same before and after calling `init_weights` of YOLODualNeckDetector  

backbone.stage3_1.1.blocks.2.conv1.conv.weight - torch.Size([192, 192, 3, 3]): 
The value is the same before and after calling `init_weights` of YOLODualNeckDetector  

backbone.stage3_1.1.blocks.2.conv1.bn.weight - torch.Size([192]): 
The value is the same before and after calling `init_weights` of YOLODualNeckDetector  

backbone.stage3_1.1.blocks.2.conv1.bn.bias - torch.Size([192]): 
The value is the same before and after calling `init_weights` of YOLODualNeckDetector  

backbone.stage3_1.1.blocks.2.conv2.conv.weight - torch.Size([192, 192, 3, 3]): 
The value is the same before and after calling `init_weights` of YOLODualNeckDetector  

backbone.stage3_1.1.blocks.2.conv2.bn.weight - torch.Size([192]): 
The value is the same before and after calling `init_weights` of YOLODualNeckDetector  

backbone.stage3_1.1.blocks.2.conv2.bn.bias - torch.Size([192]): 
The value is the same before and after calling `init_weights` of YOLODualNeckDetector  

backbone.stage3_1.1.blocks.3.conv1.conv.weight - torch.Size([192, 192, 3, 3]): 
The value is the same before and after calling `init_weights` of YOLODualNeckDetector  

backbone.stage3_1.1.blocks.3.conv1.bn.weight - torch.Size([192]): 
The value is the same before and after calling `init_weights` of YOLODualNeckDetector  

backbone.stage3_1.1.blocks.3.conv1.bn.bias - torch.Size([192]): 
The value is the same before and after calling `init_weights` of YOLODualNeckDetector  

backbone.stage3_1.1.blocks.3.conv2.conv.weight - torch.Size([192, 192, 3, 3]): 
The value is the same before and after calling `init_weights` of YOLODualNeckDetector  

backbone.stage3_1.1.blocks.3.conv2.bn.weight - torch.Size([192]): 
The value is the same before and after calling `init_weights` of YOLODualNeckDetector  

backbone.stage3_1.1.blocks.3.conv2.bn.bias - torch.Size([192]): 
The value is the same before and after calling `init_weights` of YOLODualNeckDetector  

backbone.stage3_2.0.conv.weight - torch.Size([384, 192, 3, 3]): 
The value is the same before and after calling `init_weights` of YOLODualNeckDetector  

backbone.stage3_2.0.bn.weight - torch.Size([384]): 
The value is the same before and after calling `init_weights` of YOLODualNeckDetector  

backbone.stage3_2.0.bn.bias - torch.Size([384]): 
The value is the same before and after calling `init_weights` of YOLODualNeckDetector  

backbone.stage3_2.1.main_conv.conv.weight - torch.Size([384, 384, 1, 1]): 
The value is the same before and after calling `init_weights` of YOLODualNeckDetector  

backbone.stage3_2.1.main_conv.bn.weight - torch.Size([384]): 
The value is the same before and after calling `init_weights` of YOLODualNeckDetector  

backbone.stage3_2.1.main_conv.bn.bias - torch.Size([384]): 
The value is the same before and after calling `init_weights` of YOLODualNeckDetector  

backbone.stage3_2.1.final_conv.conv.weight - torch.Size([384, 1152, 1, 1]): 
The value is the same before and after calling `init_weights` of YOLODualNeckDetector  

backbone.stage3_2.1.final_conv.bn.weight - torch.Size([384]): 
The value is the same before and after calling `init_weights` of YOLODualNeckDetector  

backbone.stage3_2.1.final_conv.bn.bias - torch.Size([384]): 
The value is the same before and after calling `init_weights` of YOLODualNeckDetector  

backbone.stage3_2.1.blocks.0.conv1.conv.weight - torch.Size([192, 192, 3, 3]): 
The value is the same before and after calling `init_weights` of YOLODualNeckDetector  

backbone.stage3_2.1.blocks.0.conv1.bn.weight - torch.Size([192]): 
The value is the same before and after calling `init_weights` of YOLODualNeckDetector  

backbone.stage3_2.1.blocks.0.conv1.bn.bias - torch.Size([192]): 
The value is the same before and after calling `init_weights` of YOLODualNeckDetector  

backbone.stage3_2.1.blocks.0.conv2.conv.weight - torch.Size([192, 192, 3, 3]): 
The value is the same before and after calling `init_weights` of YOLODualNeckDetector  

backbone.stage3_2.1.blocks.0.conv2.bn.weight - torch.Size([192]): 
The value is the same before and after calling `init_weights` of YOLODualNeckDetector  

backbone.stage3_2.1.blocks.0.conv2.bn.bias - torch.Size([192]): 
The value is the same before and after calling `init_weights` of YOLODualNeckDetector  

backbone.stage3_2.1.blocks.1.conv1.conv.weight - torch.Size([192, 192, 3, 3]): 
The value is the same before and after calling `init_weights` of YOLODualNeckDetector  

backbone.stage3_2.1.blocks.1.conv1.bn.weight - torch.Size([192]): 
The value is the same before and after calling `init_weights` of YOLODualNeckDetector  

backbone.stage3_2.1.blocks.1.conv1.bn.bias - torch.Size([192]): 
The value is the same before and after calling `init_weights` of YOLODualNeckDetector  

backbone.stage3_2.1.blocks.1.conv2.conv.weight - torch.Size([192, 192, 3, 3]): 
The value is the same before and after calling `init_weights` of YOLODualNeckDetector  

backbone.stage3_2.1.blocks.1.conv2.bn.weight - torch.Size([192]): 
The value is the same before and after calling `init_weights` of YOLODualNeckDetector  

backbone.stage3_2.1.blocks.1.conv2.bn.bias - torch.Size([192]): 
The value is the same before and after calling `init_weights` of YOLODualNeckDetector  

backbone.stage3_2.1.blocks.2.conv1.conv.weight - torch.Size([192, 192, 3, 3]): 
The value is the same before and after calling `init_weights` of YOLODualNeckDetector  

backbone.stage3_2.1.blocks.2.conv1.bn.weight - torch.Size([192]): 
The value is the same before and after calling `init_weights` of YOLODualNeckDetector  

backbone.stage3_2.1.blocks.2.conv1.bn.bias - torch.Size([192]): 
The value is the same before and after calling `init_weights` of YOLODualNeckDetector  

backbone.stage3_2.1.blocks.2.conv2.conv.weight - torch.Size([192, 192, 3, 3]): 
The value is the same before and after calling `init_weights` of YOLODualNeckDetector  

backbone.stage3_2.1.blocks.2.conv2.bn.weight - torch.Size([192]): 
The value is the same before and after calling `init_weights` of YOLODualNeckDetector  

backbone.stage3_2.1.blocks.2.conv2.bn.bias - torch.Size([192]): 
The value is the same before and after calling `init_weights` of YOLODualNeckDetector  

backbone.stage3_2.1.blocks.3.conv1.conv.weight - torch.Size([192, 192, 3, 3]): 
The value is the same before and after calling `init_weights` of YOLODualNeckDetector  

backbone.stage3_2.1.blocks.3.conv1.bn.weight - torch.Size([192]): 
The value is the same before and after calling `init_weights` of YOLODualNeckDetector  

backbone.stage3_2.1.blocks.3.conv1.bn.bias - torch.Size([192]): 
The value is the same before and after calling `init_weights` of YOLODualNeckDetector  

backbone.stage3_2.1.blocks.3.conv2.conv.weight - torch.Size([192, 192, 3, 3]): 
The value is the same before and after calling `init_weights` of YOLODualNeckDetector  

backbone.stage3_2.1.blocks.3.conv2.bn.weight - torch.Size([192]): 
The value is the same before and after calling `init_weights` of YOLODualNeckDetector  

backbone.stage3_2.1.blocks.3.conv2.bn.bias - torch.Size([192]): 
The value is the same before and after calling `init_weights` of YOLODualNeckDetector  

backbone.fusion_block3.pos_embed_r - torch.Size([1, 64, 192]): 
The value is the same before and after calling `init_weights` of YOLODualNeckDetector  

backbone.fusion_block3.pos_embed_t - torch.Size([1, 64, 192]): 
The value is the same before and after calling `init_weights` of YOLODualNeckDetector  

backbone.fusion_block3.patch_embed.proj.weight - torch.Size([192, 192, 8, 10]): 
The value is the same before and after calling `init_weights` of YOLODualNeckDetector  

backbone.fusion_block3.patch_embed.proj.bias - torch.Size([192]): 
The value is the same before and after calling `init_weights` of YOLODualNeckDetector  

backbone.fusion_block3.mamba_fusion_stage.in_proj_r.weight - torch.Size([768, 192]): 
The value is the same before and after calling `init_weights` of YOLODualNeckDetector  

backbone.fusion_block3.mamba_fusion_stage.in_proj_t.weight - torch.Size([768, 192]): 
The value is the same before and after calling `init_weights` of YOLODualNeckDetector  

backbone.fusion_block3.mamba_fusion_stage.conv2d_r.0.weight - torch.Size([384, 1, 3, 3]): 
The value is the same before and after calling `init_weights` of YOLODualNeckDetector  

backbone.fusion_block3.mamba_fusion_stage.conv2d_r.0.bias - torch.Size([384]): 
The value is the same before and after calling `init_weights` of YOLODualNeckDetector  

backbone.fusion_block3.mamba_fusion_stage.conv2d_r.1.weight - torch.Size([384]): 
The value is the same before and after calling `init_weights` of YOLODualNeckDetector  

backbone.fusion_block3.mamba_fusion_stage.conv2d_r.1.bias - torch.Size([384]): 
The value is the same before and after calling `init_weights` of YOLODualNeckDetector  

backbone.fusion_block3.mamba_fusion_stage.conv2d_t.0.weight - torch.Size([384, 1, 3, 3]): 
The value is the same before and after calling `init_weights` of YOLODualNeckDetector  

backbone.fusion_block3.mamba_fusion_stage.conv2d_t.0.bias - torch.Size([384]): 
The value is the same before and after calling `init_weights` of YOLODualNeckDetector  

backbone.fusion_block3.mamba_fusion_stage.conv2d_t.1.weight - torch.Size([384]): 
The value is the same before and after calling `init_weights` of YOLODualNeckDetector  

backbone.fusion_block3.mamba_fusion_stage.conv2d_t.1.bias - torch.Size([384]): 
The value is the same before and after calling `init_weights` of YOLODualNeckDetector  

backbone.fusion_block3.mamba_fusion_stage.SSM_r_f.A_log - torch.Size([384, 64]): 
The value is the same before and after calling `init_weights` of YOLODualNeckDetector  

backbone.fusion_block3.mamba_fusion_stage.SSM_r_f.D - torch.Size([384]): 
The value is the same before and after calling `init_weights` of YOLODualNeckDetector  

backbone.fusion_block3.mamba_fusion_stage.SSM_r_f.x_proj.weight - torch.Size([152, 384]): 
The value is the same before and after calling `init_weights` of YOLODualNeckDetector  

backbone.fusion_block3.mamba_fusion_stage.SSM_r_f.dt_proj.weight - torch.Size([384, 24]): 
The value is the same before and after calling `init_weights` of YOLODualNeckDetector  

backbone.fusion_block3.mamba_fusion_stage.SSM_r_f.dt_proj.bias - torch.Size([384]): 
The value is the same before and after calling `init_weights` of YOLODualNeckDetector  

backbone.fusion_block3.mamba_fusion_stage.SSM_r_f.out_norm.weight - torch.Size([384]): 
The value is the same before and after calling `init_weights` of YOLODualNeckDetector  

backbone.fusion_block3.mamba_fusion_stage.SSM_r_f.out_norm.bias - torch.Size([384]): 
The value is the same before and after calling `init_weights` of YOLODualNeckDetector  

backbone.fusion_block3.mamba_fusion_stage.SSM_t_f.A_log - torch.Size([384, 64]): 
The value is the same before and after calling `init_weights` of YOLODualNeckDetector  

backbone.fusion_block3.mamba_fusion_stage.SSM_t_f.D - torch.Size([384]): 
The value is the same before and after calling `init_weights` of YOLODualNeckDetector  

backbone.fusion_block3.mamba_fusion_stage.SSM_t_f.x_proj.weight - torch.Size([152, 384]): 
The value is the same before and after calling `init_weights` of YOLODualNeckDetector  

backbone.fusion_block3.mamba_fusion_stage.SSM_t_f.dt_proj.weight - torch.Size([384, 24]): 
The value is the same before and after calling `init_weights` of YOLODualNeckDetector  

backbone.fusion_block3.mamba_fusion_stage.SSM_t_f.dt_proj.bias - torch.Size([384]): 
The value is the same before and after calling `init_weights` of YOLODualNeckDetector  

backbone.fusion_block3.mamba_fusion_stage.SSM_t_f.out_norm.weight - torch.Size([384]): 
The value is the same before and after calling `init_weights` of YOLODualNeckDetector  

backbone.fusion_block3.mamba_fusion_stage.SSM_t_f.out_norm.bias - torch.Size([384]): 
The value is the same before and after calling `init_weights` of YOLODualNeckDetector  

backbone.fusion_block3.mamba_fusion_stage.out_proj.weight - torch.Size([192, 384]): 
The value is the same before and after calling `init_weights` of YOLODualNeckDetector  

backbone.fusion_block3.transformer_fusion_stage.block.pos_emb_vis - torch.Size([1, 100, 192]): 
The value is the same before and after calling `init_weights` of YOLODualNeckDetector  

backbone.fusion_block3.transformer_fusion_stage.block.pos_emb_ir - torch.Size([1, 100, 192]): 
The value is the same before and after calling `init_weights` of YOLODualNeckDetector  

backbone.fusion_block3.transformer_fusion_stage.block.vis_pool_weights.w1 - torch.Size([1]): 
The value is the same before and after calling `init_weights` of YOLODualNeckDetector  

backbone.fusion_block3.transformer_fusion_stage.block.vis_pool_weights.w2 - torch.Size([1]): 
The value is the same before and after calling `init_weights` of YOLODualNeckDetector  

backbone.fusion_block3.transformer_fusion_stage.block.ir_pool_weights.w1 - torch.Size([1]): 
The value is the same before and after calling `init_weights` of YOLODualNeckDetector  

backbone.fusion_block3.transformer_fusion_stage.block.ir_pool_weights.w2 - torch.Size([1]): 
The value is the same before and after calling `init_weights` of YOLODualNeckDetector  

backbone.fusion_block3.transformer_fusion_stage.block.crosstransformer.0.ln1_vis.weight - torch.Size([192]): 
The value is the same before and after calling `init_weights` of YOLODualNeckDetector  

backbone.fusion_block3.transformer_fusion_stage.block.crosstransformer.0.ln1_vis.bias - torch.Size([192]): 
The value is the same before and after calling `init_weights` of YOLODualNeckDetector  

backbone.fusion_block3.transformer_fusion_stage.block.crosstransformer.0.ln1_ir.weight - torch.Size([192]): 
The value is the same before and after calling `init_weights` of YOLODualNeckDetector  

backbone.fusion_block3.transformer_fusion_stage.block.crosstransformer.0.ln1_ir.bias - torch.Size([192]): 
The value is the same before and after calling `init_weights` of YOLODualNeckDetector  

backbone.fusion_block3.transformer_fusion_stage.block.crosstransformer.0.que_proj_vis.weight - torch.Size([192, 192]): 
The value is the same before and after calling `init_weights` of YOLODualNeckDetector  

backbone.fusion_block3.transformer_fusion_stage.block.crosstransformer.0.que_proj_vis.bias - torch.Size([192]): 
The value is the same before and after calling `init_weights` of YOLODualNeckDetector  

backbone.fusion_block3.transformer_fusion_stage.block.crosstransformer.0.key_proj_vis.weight - torch.Size([192, 192]): 
The value is the same before and after calling `init_weights` of YOLODualNeckDetector  

backbone.fusion_block3.transformer_fusion_stage.block.crosstransformer.0.key_proj_vis.bias - torch.Size([192]): 
The value is the same before and after calling `init_weights` of YOLODualNeckDetector  

backbone.fusion_block3.transformer_fusion_stage.block.crosstransformer.0.val_proj_vis.weight - torch.Size([192, 192]): 
The value is the same before and after calling `init_weights` of YOLODualNeckDetector  

backbone.fusion_block3.transformer_fusion_stage.block.crosstransformer.0.val_proj_vis.bias - torch.Size([192]): 
The value is the same before and after calling `init_weights` of YOLODualNeckDetector  

backbone.fusion_block3.transformer_fusion_stage.block.crosstransformer.0.que_proj_ir.weight - torch.Size([192, 192]): 
The value is the same before and after calling `init_weights` of YOLODualNeckDetector  

backbone.fusion_block3.transformer_fusion_stage.block.crosstransformer.0.que_proj_ir.bias - torch.Size([192]): 
The value is the same before and after calling `init_weights` of YOLODualNeckDetector  

backbone.fusion_block3.transformer_fusion_stage.block.crosstransformer.0.key_proj_ir.weight - torch.Size([192, 192]): 
The value is the same before and after calling `init_weights` of YOLODualNeckDetector  

backbone.fusion_block3.transformer_fusion_stage.block.crosstransformer.0.key_proj_ir.bias - torch.Size([192]): 
The value is the same before and after calling `init_weights` of YOLODualNeckDetector  

backbone.fusion_block3.transformer_fusion_stage.block.crosstransformer.0.val_proj_ir.weight - torch.Size([192, 192]): 
The value is the same before and after calling `init_weights` of YOLODualNeckDetector  

backbone.fusion_block3.transformer_fusion_stage.block.crosstransformer.0.val_proj_ir.bias - torch.Size([192]): 
The value is the same before and after calling `init_weights` of YOLODualNeckDetector  

backbone.fusion_block3.transformer_fusion_stage.block.crosstransformer.0.crossatt.out_proj_vis.weight - torch.Size([192, 192]): 
The value is the same before and after calling `init_weights` of YOLODualNeckDetector  

backbone.fusion_block3.transformer_fusion_stage.block.crosstransformer.0.crossatt.out_proj_vis.bias - torch.Size([192]): 
The value is the same before and after calling `init_weights` of YOLODualNeckDetector  

backbone.fusion_block3.transformer_fusion_stage.block.crosstransformer.0.crossatt.out_proj_ir.weight - torch.Size([192, 192]): 
The value is the same before and after calling `init_weights` of YOLODualNeckDetector  

backbone.fusion_block3.transformer_fusion_stage.block.crosstransformer.0.crossatt.out_proj_ir.bias - torch.Size([192]): 
The value is the same before and after calling `init_weights` of YOLODualNeckDetector  

backbone.fusion_block3.transformer_fusion_stage.block.crosstransformer.0.ln2_vis.weight - torch.Size([192]): 
The value is the same before and after calling `init_weights` of YOLODualNeckDetector  

backbone.fusion_block3.transformer_fusion_stage.block.crosstransformer.0.ln2_vis.bias - torch.Size([192]): 
The value is the same before and after calling `init_weights` of YOLODualNeckDetector  

backbone.fusion_block3.transformer_fusion_stage.block.crosstransformer.0.ln2_ir.weight - torch.Size([192]): 
The value is the same before and after calling `init_weights` of YOLODualNeckDetector  

backbone.fusion_block3.transformer_fusion_stage.block.crosstransformer.0.ln2_ir.bias - torch.Size([192]): 
The value is the same before and after calling `init_weights` of YOLODualNeckDetector  

backbone.fusion_block3.transformer_fusion_stage.block.crosstransformer.0.mlp_vis.0.weight - torch.Size([768, 192]): 
The value is the same before and after calling `init_weights` of YOLODualNeckDetector  

backbone.fusion_block3.transformer_fusion_stage.block.crosstransformer.0.mlp_vis.0.bias - torch.Size([768]): 
The value is the same before and after calling `init_weights` of YOLODualNeckDetector  

backbone.fusion_block3.transformer_fusion_stage.block.crosstransformer.0.mlp_vis.2.weight - torch.Size([192, 768]): 
The value is the same before and after calling `init_weights` of YOLODualNeckDetector  

backbone.fusion_block3.transformer_fusion_stage.block.crosstransformer.0.mlp_vis.2.bias - torch.Size([192]): 
The value is the same before and after calling `init_weights` of YOLODualNeckDetector  

backbone.fusion_block3.transformer_fusion_stage.block.crosstransformer.0.mlp_ir.0.weight - torch.Size([768, 192]): 
The value is the same before and after calling `init_weights` of YOLODualNeckDetector  

backbone.fusion_block3.transformer_fusion_stage.block.crosstransformer.0.mlp_ir.0.bias - torch.Size([768]): 
The value is the same before and after calling `init_weights` of YOLODualNeckDetector  

backbone.fusion_block3.transformer_fusion_stage.block.crosstransformer.0.mlp_ir.2.weight - torch.Size([192, 768]): 
The value is the same before and after calling `init_weights` of YOLODualNeckDetector  

backbone.fusion_block3.transformer_fusion_stage.block.crosstransformer.0.mlp_ir.2.bias - torch.Size([192]): 
The value is the same before and after calling `init_weights` of YOLODualNeckDetector  

backbone.fusion_block3.transformer_fusion_stage.block.crosstransformer.0.coef_att_vis.bias - torch.Size([1]): 
The value is the same before and after calling `init_weights` of YOLODualNeckDetector  

backbone.fusion_block3.transformer_fusion_stage.block.crosstransformer.0.coef_mlp_vis.bias - torch.Size([1]): 
The value is the same before and after calling `init_weights` of YOLODualNeckDetector  

backbone.fusion_block3.transformer_fusion_stage.block.crosstransformer.0.coef_att_ir.bias - torch.Size([1]): 
The value is the same before and after calling `init_weights` of YOLODualNeckDetector  

backbone.fusion_block3.transformer_fusion_stage.block.crosstransformer.0.coef_mlp_ir.bias - torch.Size([1]): 
The value is the same before and after calling `init_weights` of YOLODualNeckDetector  

backbone.fusion_block3.transformer_fusion_stage.block.out_fusion_module.conv1x1_out.conv.weight - torch.Size([192, 384, 1, 1]): 
The value is the same before and after calling `init_weights` of YOLODualNeckDetector  

backbone.fusion_block3.transformer_fusion_stage.block.out_fusion_module.conv1x1_out.bn.weight - torch.Size([192]): 
The value is the same before and after calling `init_weights` of YOLODualNeckDetector  

backbone.fusion_block3.transformer_fusion_stage.block.out_fusion_module.conv1x1_out.bn.bias - torch.Size([192]): 
The value is the same before and after calling `init_weights` of YOLODualNeckDetector  

backbone.fusion_block3.transformer_fusion_stage.mw.fc1.weight - torch.Size([12, 384, 1, 1]): 
The value is the same before and after calling `init_weights` of YOLODualNeckDetector  

backbone.fusion_block3.transformer_fusion_stage.mw.fc1.bias - torch.Size([12]): 
The value is the same before and after calling `init_weights` of YOLODualNeckDetector  

backbone.fusion_block3.transformer_fusion_stage.mw.fc2.weight - torch.Size([384, 12, 1, 1]): 
The value is the same before and after calling `init_weights` of YOLODualNeckDetector  

backbone.fusion_block3.transformer_fusion_stage.mw.fc2.bias - torch.Size([384]): 
The value is the same before and after calling `init_weights` of YOLODualNeckDetector  

backbone.fusion_block3.out_fusion_module.conv1x1_out.conv.weight - torch.Size([192, 384, 1, 1]): 
The value is the same before and after calling `init_weights` of YOLODualNeckDetector  

backbone.fusion_block3.out_fusion_module.conv1x1_out.bn.weight - torch.Size([192]): 
The value is the same before and after calling `init_weights` of YOLODualNeckDetector  

backbone.fusion_block3.out_fusion_module.conv1x1_out.bn.bias - torch.Size([192]): 
The value is the same before and after calling `init_weights` of YOLODualNeckDetector  

backbone.fusion_block3.mw.fc1.weight - torch.Size([12, 384, 1, 1]): 
The value is the same before and after calling `init_weights` of YOLODualNeckDetector  

backbone.fusion_block3.mw.fc1.bias - torch.Size([12]): 
The value is the same before and after calling `init_weights` of YOLODualNeckDetector  

backbone.fusion_block3.mw.fc2.weight - torch.Size([384, 12, 1, 1]): 
The value is the same before and after calling `init_weights` of YOLODualNeckDetector  

backbone.fusion_block3.mw.fc2.bias - torch.Size([384]): 
The value is the same before and after calling `init_weights` of YOLODualNeckDetector  

backbone.stage4_1.0.conv.weight - torch.Size([768, 384, 3, 3]): 
The value is the same before and after calling `init_weights` of YOLODualNeckDetector  

backbone.stage4_1.0.bn.weight - torch.Size([768]): 
The value is the same before and after calling `init_weights` of YOLODualNeckDetector  

backbone.stage4_1.0.bn.bias - torch.Size([768]): 
The value is the same before and after calling `init_weights` of YOLODualNeckDetector  

backbone.stage4_1.1.main_conv.conv.weight - torch.Size([768, 768, 1, 1]): 
The value is the same before and after calling `init_weights` of YOLODualNeckDetector  

backbone.stage4_1.1.main_conv.bn.weight - torch.Size([768]): 
The value is the same before and after calling `init_weights` of YOLODualNeckDetector  

backbone.stage4_1.1.main_conv.bn.bias - torch.Size([768]): 
The value is the same before and after calling `init_weights` of YOLODualNeckDetector  

backbone.stage4_1.1.final_conv.conv.weight - torch.Size([768, 1536, 1, 1]): 
The value is the same before and after calling `init_weights` of YOLODualNeckDetector  

backbone.stage4_1.1.final_conv.bn.weight - torch.Size([768]): 
The value is the same before and after calling `init_weights` of YOLODualNeckDetector  

backbone.stage4_1.1.final_conv.bn.bias - torch.Size([768]): 
The value is the same before and after calling `init_weights` of YOLODualNeckDetector  

backbone.stage4_1.1.blocks.0.conv1.conv.weight - torch.Size([384, 384, 3, 3]): 
The value is the same before and after calling `init_weights` of YOLODualNeckDetector  

backbone.stage4_1.1.blocks.0.conv1.bn.weight - torch.Size([384]): 
The value is the same before and after calling `init_weights` of YOLODualNeckDetector  

backbone.stage4_1.1.blocks.0.conv1.bn.bias - torch.Size([384]): 
The value is the same before and after calling `init_weights` of YOLODualNeckDetector  

backbone.stage4_1.1.blocks.0.conv2.conv.weight - torch.Size([384, 384, 3, 3]): 
The value is the same before and after calling `init_weights` of YOLODualNeckDetector  

backbone.stage4_1.1.blocks.0.conv2.bn.weight - torch.Size([384]): 
The value is the same before and after calling `init_weights` of YOLODualNeckDetector  

backbone.stage4_1.1.blocks.0.conv2.bn.bias - torch.Size([384]): 
The value is the same before and after calling `init_weights` of YOLODualNeckDetector  

backbone.stage4_1.1.blocks.1.conv1.conv.weight - torch.Size([384, 384, 3, 3]): 
The value is the same before and after calling `init_weights` of YOLODualNeckDetector  

backbone.stage4_1.1.blocks.1.conv1.bn.weight - torch.Size([384]): 
The value is the same before and after calling `init_weights` of YOLODualNeckDetector  

backbone.stage4_1.1.blocks.1.conv1.bn.bias - torch.Size([384]): 
The value is the same before and after calling `init_weights` of YOLODualNeckDetector  

backbone.stage4_1.1.blocks.1.conv2.conv.weight - torch.Size([384, 384, 3, 3]): 
The value is the same before and after calling `init_weights` of YOLODualNeckDetector  

backbone.stage4_1.1.blocks.1.conv2.bn.weight - torch.Size([384]): 
The value is the same before and after calling `init_weights` of YOLODualNeckDetector  

backbone.stage4_1.1.blocks.1.conv2.bn.bias - torch.Size([384]): 
The value is the same before and after calling `init_weights` of YOLODualNeckDetector  

backbone.stage4_1.2.conv1.conv.weight - torch.Size([384, 768, 1, 1]): 
The value is the same before and after calling `init_weights` of YOLODualNeckDetector  

backbone.stage4_1.2.conv1.bn.weight - torch.Size([384]): 
The value is the same before and after calling `init_weights` of YOLODualNeckDetector  

backbone.stage4_1.2.conv1.bn.bias - torch.Size([384]): 
The value is the same before and after calling `init_weights` of YOLODualNeckDetector  

backbone.stage4_1.2.conv2.conv.weight - torch.Size([768, 1536, 1, 1]): 
The value is the same before and after calling `init_weights` of YOLODualNeckDetector  

backbone.stage4_1.2.conv2.bn.weight - torch.Size([768]): 
The value is the same before and after calling `init_weights` of YOLODualNeckDetector  

backbone.stage4_1.2.conv2.bn.bias - torch.Size([768]): 
The value is the same before and after calling `init_weights` of YOLODualNeckDetector  

backbone.stage4_2.0.conv.weight - torch.Size([768, 384, 3, 3]): 
The value is the same before and after calling `init_weights` of YOLODualNeckDetector  

backbone.stage4_2.0.bn.weight - torch.Size([768]): 
The value is the same before and after calling `init_weights` of YOLODualNeckDetector  

backbone.stage4_2.0.bn.bias - torch.Size([768]): 
The value is the same before and after calling `init_weights` of YOLODualNeckDetector  

backbone.stage4_2.1.main_conv.conv.weight - torch.Size([768, 768, 1, 1]): 
The value is the same before and after calling `init_weights` of YOLODualNeckDetector  

backbone.stage4_2.1.main_conv.bn.weight - torch.Size([768]): 
The value is the same before and after calling `init_weights` of YOLODualNeckDetector  

backbone.stage4_2.1.main_conv.bn.bias - torch.Size([768]): 
The value is the same before and after calling `init_weights` of YOLODualNeckDetector  

backbone.stage4_2.1.final_conv.conv.weight - torch.Size([768, 1536, 1, 1]): 
The value is the same before and after calling `init_weights` of YOLODualNeckDetector  

backbone.stage4_2.1.final_conv.bn.weight - torch.Size([768]): 
The value is the same before and after calling `init_weights` of YOLODualNeckDetector  

backbone.stage4_2.1.final_conv.bn.bias - torch.Size([768]): 
The value is the same before and after calling `init_weights` of YOLODualNeckDetector  

backbone.stage4_2.1.blocks.0.conv1.conv.weight - torch.Size([384, 384, 3, 3]): 
The value is the same before and after calling `init_weights` of YOLODualNeckDetector  

backbone.stage4_2.1.blocks.0.conv1.bn.weight - torch.Size([384]): 
The value is the same before and after calling `init_weights` of YOLODualNeckDetector  

backbone.stage4_2.1.blocks.0.conv1.bn.bias - torch.Size([384]): 
The value is the same before and after calling `init_weights` of YOLODualNeckDetector  

backbone.stage4_2.1.blocks.0.conv2.conv.weight - torch.Size([384, 384, 3, 3]): 
The value is the same before and after calling `init_weights` of YOLODualNeckDetector  

backbone.stage4_2.1.blocks.0.conv2.bn.weight - torch.Size([384]): 
The value is the same before and after calling `init_weights` of YOLODualNeckDetector  

backbone.stage4_2.1.blocks.0.conv2.bn.bias - torch.Size([384]): 
The value is the same before and after calling `init_weights` of YOLODualNeckDetector  

backbone.stage4_2.1.blocks.1.conv1.conv.weight - torch.Size([384, 384, 3, 3]): 
The value is the same before and after calling `init_weights` of YOLODualNeckDetector  

backbone.stage4_2.1.blocks.1.conv1.bn.weight - torch.Size([384]): 
The value is the same before and after calling `init_weights` of YOLODualNeckDetector  

backbone.stage4_2.1.blocks.1.conv1.bn.bias - torch.Size([384]): 
The value is the same before and after calling `init_weights` of YOLODualNeckDetector  

backbone.stage4_2.1.blocks.1.conv2.conv.weight - torch.Size([384, 384, 3, 3]): 
The value is the same before and after calling `init_weights` of YOLODualNeckDetector  

backbone.stage4_2.1.blocks.1.conv2.bn.weight - torch.Size([384]): 
The value is the same before and after calling `init_weights` of YOLODualNeckDetector  

backbone.stage4_2.1.blocks.1.conv2.bn.bias - torch.Size([384]): 
The value is the same before and after calling `init_weights` of YOLODualNeckDetector  

backbone.stage4_2.2.conv1.conv.weight - torch.Size([384, 768, 1, 1]): 
The value is the same before and after calling `init_weights` of YOLODualNeckDetector  

backbone.stage4_2.2.conv1.bn.weight - torch.Size([384]): 
The value is the same before and after calling `init_weights` of YOLODualNeckDetector  

backbone.stage4_2.2.conv1.bn.bias - torch.Size([384]): 
The value is the same before and after calling `init_weights` of YOLODualNeckDetector  

backbone.stage4_2.2.conv2.conv.weight - torch.Size([768, 1536, 1, 1]): 
The value is the same before and after calling `init_weights` of YOLODualNeckDetector  

backbone.stage4_2.2.conv2.bn.weight - torch.Size([768]): 
The value is the same before and after calling `init_weights` of YOLODualNeckDetector  

backbone.stage4_2.2.conv2.bn.bias - torch.Size([768]): 
The value is the same before and after calling `init_weights` of YOLODualNeckDetector  

backbone.fusion_block4.pos_embed_r - torch.Size([1, 64, 384]): 
The value is the same before and after calling `init_weights` of YOLODualNeckDetector  

backbone.fusion_block4.pos_embed_t - torch.Size([1, 64, 384]): 
The value is the same before and after calling `init_weights` of YOLODualNeckDetector  

backbone.fusion_block4.patch_embed.proj.weight - torch.Size([384, 384, 4, 5]): 
The value is the same before and after calling `init_weights` of YOLODualNeckDetector  

backbone.fusion_block4.patch_embed.proj.bias - torch.Size([384]): 
The value is the same before and after calling `init_weights` of YOLODualNeckDetector  

backbone.fusion_block4.mamba_fusion_stage.in_proj_r.weight - torch.Size([1536, 384]): 
The value is the same before and after calling `init_weights` of YOLODualNeckDetector  

backbone.fusion_block4.mamba_fusion_stage.in_proj_t.weight - torch.Size([1536, 384]): 
The value is the same before and after calling `init_weights` of YOLODualNeckDetector  

backbone.fusion_block4.mamba_fusion_stage.conv2d_r.0.weight - torch.Size([768, 1, 3, 3]): 
The value is the same before and after calling `init_weights` of YOLODualNeckDetector  

backbone.fusion_block4.mamba_fusion_stage.conv2d_r.0.bias - torch.Size([768]): 
The value is the same before and after calling `init_weights` of YOLODualNeckDetector  

backbone.fusion_block4.mamba_fusion_stage.conv2d_r.1.weight - torch.Size([768]): 
The value is the same before and after calling `init_weights` of YOLODualNeckDetector  

backbone.fusion_block4.mamba_fusion_stage.conv2d_r.1.bias - torch.Size([768]): 
The value is the same before and after calling `init_weights` of YOLODualNeckDetector  

backbone.fusion_block4.mamba_fusion_stage.conv2d_t.0.weight - torch.Size([768, 1, 3, 3]): 
The value is the same before and after calling `init_weights` of YOLODualNeckDetector  

backbone.fusion_block4.mamba_fusion_stage.conv2d_t.0.bias - torch.Size([768]): 
The value is the same before and after calling `init_weights` of YOLODualNeckDetector  

backbone.fusion_block4.mamba_fusion_stage.conv2d_t.1.weight - torch.Size([768]): 
The value is the same before and after calling `init_weights` of YOLODualNeckDetector  

backbone.fusion_block4.mamba_fusion_stage.conv2d_t.1.bias - torch.Size([768]): 
The value is the same before and after calling `init_weights` of YOLODualNeckDetector  

backbone.fusion_block4.mamba_fusion_stage.SSM_r_f.A_log - torch.Size([768, 128]): 
The value is the same before and after calling `init_weights` of YOLODualNeckDetector  

backbone.fusion_block4.mamba_fusion_stage.SSM_r_f.D - torch.Size([768]): 
The value is the same before and after calling `init_weights` of YOLODualNeckDetector  

backbone.fusion_block4.mamba_fusion_stage.SSM_r_f.x_proj.weight - torch.Size([304, 768]): 
The value is the same before and after calling `init_weights` of YOLODualNeckDetector  

backbone.fusion_block4.mamba_fusion_stage.SSM_r_f.dt_proj.weight - torch.Size([768, 48]): 
The value is the same before and after calling `init_weights` of YOLODualNeckDetector  

backbone.fusion_block4.mamba_fusion_stage.SSM_r_f.dt_proj.bias - torch.Size([768]): 
The value is the same before and after calling `init_weights` of YOLODualNeckDetector  

backbone.fusion_block4.mamba_fusion_stage.SSM_r_f.out_norm.weight - torch.Size([768]): 
The value is the same before and after calling `init_weights` of YOLODualNeckDetector  

backbone.fusion_block4.mamba_fusion_stage.SSM_r_f.out_norm.bias - torch.Size([768]): 
The value is the same before and after calling `init_weights` of YOLODualNeckDetector  

backbone.fusion_block4.mamba_fusion_stage.SSM_t_f.A_log - torch.Size([768, 128]): 
The value is the same before and after calling `init_weights` of YOLODualNeckDetector  

backbone.fusion_block4.mamba_fusion_stage.SSM_t_f.D - torch.Size([768]): 
The value is the same before and after calling `init_weights` of YOLODualNeckDetector  

backbone.fusion_block4.mamba_fusion_stage.SSM_t_f.x_proj.weight - torch.Size([304, 768]): 
The value is the same before and after calling `init_weights` of YOLODualNeckDetector  

backbone.fusion_block4.mamba_fusion_stage.SSM_t_f.dt_proj.weight - torch.Size([768, 48]): 
The value is the same before and after calling `init_weights` of YOLODualNeckDetector  

backbone.fusion_block4.mamba_fusion_stage.SSM_t_f.dt_proj.bias - torch.Size([768]): 
The value is the same before and after calling `init_weights` of YOLODualNeckDetector  

backbone.fusion_block4.mamba_fusion_stage.SSM_t_f.out_norm.weight - torch.Size([768]): 
The value is the same before and after calling `init_weights` of YOLODualNeckDetector  

backbone.fusion_block4.mamba_fusion_stage.SSM_t_f.out_norm.bias - torch.Size([768]): 
The value is the same before and after calling `init_weights` of YOLODualNeckDetector  

backbone.fusion_block4.mamba_fusion_stage.out_proj.weight - torch.Size([384, 768]): 
The value is the same before and after calling `init_weights` of YOLODualNeckDetector  

backbone.fusion_block4.transformer_fusion_stage.block.pos_emb_vis - torch.Size([1, 64, 384]): 
The value is the same before and after calling `init_weights` of YOLODualNeckDetector  

backbone.fusion_block4.transformer_fusion_stage.block.pos_emb_ir - torch.Size([1, 64, 384]): 
The value is the same before and after calling `init_weights` of YOLODualNeckDetector  

backbone.fusion_block4.transformer_fusion_stage.block.vis_pool_weights.w1 - torch.Size([1]): 
The value is the same before and after calling `init_weights` of YOLODualNeckDetector  

backbone.fusion_block4.transformer_fusion_stage.block.vis_pool_weights.w2 - torch.Size([1]): 
The value is the same before and after calling `init_weights` of YOLODualNeckDetector  

backbone.fusion_block4.transformer_fusion_stage.block.ir_pool_weights.w1 - torch.Size([1]): 
The value is the same before and after calling `init_weights` of YOLODualNeckDetector  

backbone.fusion_block4.transformer_fusion_stage.block.ir_pool_weights.w2 - torch.Size([1]): 
The value is the same before and after calling `init_weights` of YOLODualNeckDetector  

backbone.fusion_block4.transformer_fusion_stage.block.crosstransformer.0.ln1_vis.weight - torch.Size([384]): 
The value is the same before and after calling `init_weights` of YOLODualNeckDetector  

backbone.fusion_block4.transformer_fusion_stage.block.crosstransformer.0.ln1_vis.bias - torch.Size([384]): 
The value is the same before and after calling `init_weights` of YOLODualNeckDetector  

backbone.fusion_block4.transformer_fusion_stage.block.crosstransformer.0.ln1_ir.weight - torch.Size([384]): 
The value is the same before and after calling `init_weights` of YOLODualNeckDetector  

backbone.fusion_block4.transformer_fusion_stage.block.crosstransformer.0.ln1_ir.bias - torch.Size([384]): 
The value is the same before and after calling `init_weights` of YOLODualNeckDetector  

backbone.fusion_block4.transformer_fusion_stage.block.crosstransformer.0.que_proj_vis.weight - torch.Size([384, 384]): 
The value is the same before and after calling `init_weights` of YOLODualNeckDetector  

backbone.fusion_block4.transformer_fusion_stage.block.crosstransformer.0.que_proj_vis.bias - torch.Size([384]): 
The value is the same before and after calling `init_weights` of YOLODualNeckDetector  

backbone.fusion_block4.transformer_fusion_stage.block.crosstransformer.0.key_proj_vis.weight - torch.Size([384, 384]): 
The value is the same before and after calling `init_weights` of YOLODualNeckDetector  

backbone.fusion_block4.transformer_fusion_stage.block.crosstransformer.0.key_proj_vis.bias - torch.Size([384]): 
The value is the same before and after calling `init_weights` of YOLODualNeckDetector  

backbone.fusion_block4.transformer_fusion_stage.block.crosstransformer.0.val_proj_vis.weight - torch.Size([384, 384]): 
The value is the same before and after calling `init_weights` of YOLODualNeckDetector  

backbone.fusion_block4.transformer_fusion_stage.block.crosstransformer.0.val_proj_vis.bias - torch.Size([384]): 
The value is the same before and after calling `init_weights` of YOLODualNeckDetector  

backbone.fusion_block4.transformer_fusion_stage.block.crosstransformer.0.que_proj_ir.weight - torch.Size([384, 384]): 
The value is the same before and after calling `init_weights` of YOLODualNeckDetector  

backbone.fusion_block4.transformer_fusion_stage.block.crosstransformer.0.que_proj_ir.bias - torch.Size([384]): 
The value is the same before and after calling `init_weights` of YOLODualNeckDetector  

backbone.fusion_block4.transformer_fusion_stage.block.crosstransformer.0.key_proj_ir.weight - torch.Size([384, 384]): 
The value is the same before and after calling `init_weights` of YOLODualNeckDetector  

backbone.fusion_block4.transformer_fusion_stage.block.crosstransformer.0.key_proj_ir.bias - torch.Size([384]): 
The value is the same before and after calling `init_weights` of YOLODualNeckDetector  

backbone.fusion_block4.transformer_fusion_stage.block.crosstransformer.0.val_proj_ir.weight - torch.Size([384, 384]): 
The value is the same before and after calling `init_weights` of YOLODualNeckDetector  

backbone.fusion_block4.transformer_fusion_stage.block.crosstransformer.0.val_proj_ir.bias - torch.Size([384]): 
The value is the same before and after calling `init_weights` of YOLODualNeckDetector  

backbone.fusion_block4.transformer_fusion_stage.block.crosstransformer.0.crossatt.out_proj_vis.weight - torch.Size([384, 384]): 
The value is the same before and after calling `init_weights` of YOLODualNeckDetector  

backbone.fusion_block4.transformer_fusion_stage.block.crosstransformer.0.crossatt.out_proj_vis.bias - torch.Size([384]): 
The value is the same before and after calling `init_weights` of YOLODualNeckDetector  

backbone.fusion_block4.transformer_fusion_stage.block.crosstransformer.0.crossatt.out_proj_ir.weight - torch.Size([384, 384]): 
The value is the same before and after calling `init_weights` of YOLODualNeckDetector  

backbone.fusion_block4.transformer_fusion_stage.block.crosstransformer.0.crossatt.out_proj_ir.bias - torch.Size([384]): 
The value is the same before and after calling `init_weights` of YOLODualNeckDetector  

backbone.fusion_block4.transformer_fusion_stage.block.crosstransformer.0.ln2_vis.weight - torch.Size([384]): 
The value is the same before and after calling `init_weights` of YOLODualNeckDetector  

backbone.fusion_block4.transformer_fusion_stage.block.crosstransformer.0.ln2_vis.bias - torch.Size([384]): 
The value is the same before and after calling `init_weights` of YOLODualNeckDetector  

backbone.fusion_block4.transformer_fusion_stage.block.crosstransformer.0.ln2_ir.weight - torch.Size([384]): 
The value is the same before and after calling `init_weights` of YOLODualNeckDetector  

backbone.fusion_block4.transformer_fusion_stage.block.crosstransformer.0.ln2_ir.bias - torch.Size([384]): 
The value is the same before and after calling `init_weights` of YOLODualNeckDetector  

backbone.fusion_block4.transformer_fusion_stage.block.crosstransformer.0.mlp_vis.0.weight - torch.Size([1536, 384]): 
The value is the same before and after calling `init_weights` of YOLODualNeckDetector  

backbone.fusion_block4.transformer_fusion_stage.block.crosstransformer.0.mlp_vis.0.bias - torch.Size([1536]): 
The value is the same before and after calling `init_weights` of YOLODualNeckDetector  

backbone.fusion_block4.transformer_fusion_stage.block.crosstransformer.0.mlp_vis.2.weight - torch.Size([384, 1536]): 
The value is the same before and after calling `init_weights` of YOLODualNeckDetector  

backbone.fusion_block4.transformer_fusion_stage.block.crosstransformer.0.mlp_vis.2.bias - torch.Size([384]): 
The value is the same before and after calling `init_weights` of YOLODualNeckDetector  

backbone.fusion_block4.transformer_fusion_stage.block.crosstransformer.0.mlp_ir.0.weight - torch.Size([1536, 384]): 
The value is the same before and after calling `init_weights` of YOLODualNeckDetector  

backbone.fusion_block4.transformer_fusion_stage.block.crosstransformer.0.mlp_ir.0.bias - torch.Size([1536]): 
The value is the same before and after calling `init_weights` of YOLODualNeckDetector  

backbone.fusion_block4.transformer_fusion_stage.block.crosstransformer.0.mlp_ir.2.weight - torch.Size([384, 1536]): 
The value is the same before and after calling `init_weights` of YOLODualNeckDetector  

backbone.fusion_block4.transformer_fusion_stage.block.crosstransformer.0.mlp_ir.2.bias - torch.Size([384]): 
The value is the same before and after calling `init_weights` of YOLODualNeckDetector  

backbone.fusion_block4.transformer_fusion_stage.block.crosstransformer.0.coef_att_vis.bias - torch.Size([1]): 
The value is the same before and after calling `init_weights` of YOLODualNeckDetector  

backbone.fusion_block4.transformer_fusion_stage.block.crosstransformer.0.coef_mlp_vis.bias - torch.Size([1]): 
The value is the same before and after calling `init_weights` of YOLODualNeckDetector  

backbone.fusion_block4.transformer_fusion_stage.block.crosstransformer.0.coef_att_ir.bias - torch.Size([1]): 
The value is the same before and after calling `init_weights` of YOLODualNeckDetector  

backbone.fusion_block4.transformer_fusion_stage.block.crosstransformer.0.coef_mlp_ir.bias - torch.Size([1]): 
The value is the same before and after calling `init_weights` of YOLODualNeckDetector  

backbone.fusion_block4.transformer_fusion_stage.block.out_fusion_module.conv1x1_out.conv.weight - torch.Size([384, 768, 1, 1]): 
The value is the same before and after calling `init_weights` of YOLODualNeckDetector  

backbone.fusion_block4.transformer_fusion_stage.block.out_fusion_module.conv1x1_out.bn.weight - torch.Size([384]): 
The value is the same before and after calling `init_weights` of YOLODualNeckDetector  

backbone.fusion_block4.transformer_fusion_stage.block.out_fusion_module.conv1x1_out.bn.bias - torch.Size([384]): 
The value is the same before and after calling `init_weights` of YOLODualNeckDetector  

backbone.fusion_block4.transformer_fusion_stage.mw.fc1.weight - torch.Size([24, 768, 1, 1]): 
The value is the same before and after calling `init_weights` of YOLODualNeckDetector  

backbone.fusion_block4.transformer_fusion_stage.mw.fc1.bias - torch.Size([24]): 
The value is the same before and after calling `init_weights` of YOLODualNeckDetector  

backbone.fusion_block4.transformer_fusion_stage.mw.fc2.weight - torch.Size([768, 24, 1, 1]): 
The value is the same before and after calling `init_weights` of YOLODualNeckDetector  

backbone.fusion_block4.transformer_fusion_stage.mw.fc2.bias - torch.Size([768]): 
The value is the same before and after calling `init_weights` of YOLODualNeckDetector  

backbone.fusion_block4.out_fusion_module.conv1x1_out.conv.weight - torch.Size([384, 768, 1, 1]): 
The value is the same before and after calling `init_weights` of YOLODualNeckDetector  

backbone.fusion_block4.out_fusion_module.conv1x1_out.bn.weight - torch.Size([384]): 
The value is the same before and after calling `init_weights` of YOLODualNeckDetector  

backbone.fusion_block4.out_fusion_module.conv1x1_out.bn.bias - torch.Size([384]): 
The value is the same before and after calling `init_weights` of YOLODualNeckDetector  

backbone.fusion_block4.mw.fc1.weight - torch.Size([24, 768, 1, 1]): 
The value is the same before and after calling `init_weights` of YOLODualNeckDetector  

backbone.fusion_block4.mw.fc1.bias - torch.Size([24]): 
The value is the same before and after calling `init_weights` of YOLODualNeckDetector  

backbone.fusion_block4.mw.fc2.weight - torch.Size([768, 24, 1, 1]): 
The value is the same before and after calling `init_weights` of YOLODualNeckDetector  

backbone.fusion_block4.mw.fc2.bias - torch.Size([768]): 
The value is the same before and after calling `init_weights` of YOLODualNeckDetector  

neck.top_down_layers.0.main_conv.conv.weight - torch.Size([384, 1152, 1, 1]): 
Initialized by user-defined `init_weights` in YOLOv8PAFPN  

neck.top_down_layers.0.main_conv.bn.weight - torch.Size([384]): 
The value is the same before and after calling `init_weights` of YOLODualNeckDetector  

neck.top_down_layers.0.main_conv.bn.bias - torch.Size([384]): 
The value is the same before and after calling `init_weights` of YOLODualNeckDetector  

neck.top_down_layers.0.final_conv.conv.weight - torch.Size([384, 768, 1, 1]): 
Initialized by user-defined `init_weights` in YOLOv8PAFPN  

neck.top_down_layers.0.final_conv.bn.weight - torch.Size([384]): 
The value is the same before and after calling `init_weights` of YOLODualNeckDetector  

neck.top_down_layers.0.final_conv.bn.bias - torch.Size([384]): 
The value is the same before and after calling `init_weights` of YOLODualNeckDetector  

neck.top_down_layers.0.blocks.0.conv1.conv.weight - torch.Size([192, 192, 3, 3]): 
Initialized by user-defined `init_weights` in YOLOv8PAFPN  

neck.top_down_layers.0.blocks.0.conv1.bn.weight - torch.Size([192]): 
The value is the same before and after calling `init_weights` of YOLODualNeckDetector  

neck.top_down_layers.0.blocks.0.conv1.bn.bias - torch.Size([192]): 
The value is the same before and after calling `init_weights` of YOLODualNeckDetector  

neck.top_down_layers.0.blocks.0.conv2.conv.weight - torch.Size([192, 192, 3, 3]): 
Initialized by user-defined `init_weights` in YOLOv8PAFPN  

neck.top_down_layers.0.blocks.0.conv2.bn.weight - torch.Size([192]): 
The value is the same before and after calling `init_weights` of YOLODualNeckDetector  

neck.top_down_layers.0.blocks.0.conv2.bn.bias - torch.Size([192]): 
The value is the same before and after calling `init_weights` of YOLODualNeckDetector  

neck.top_down_layers.0.blocks.1.conv1.conv.weight - torch.Size([192, 192, 3, 3]): 
Initialized by user-defined `init_weights` in YOLOv8PAFPN  

neck.top_down_layers.0.blocks.1.conv1.bn.weight - torch.Size([192]): 
The value is the same before and after calling `init_weights` of YOLODualNeckDetector  

neck.top_down_layers.0.blocks.1.conv1.bn.bias - torch.Size([192]): 
The value is the same before and after calling `init_weights` of YOLODualNeckDetector  

neck.top_down_layers.0.blocks.1.conv2.conv.weight - torch.Size([192, 192, 3, 3]): 
Initialized by user-defined `init_weights` in YOLOv8PAFPN  

neck.top_down_layers.0.blocks.1.conv2.bn.weight - torch.Size([192]): 
The value is the same before and after calling `init_weights` of YOLODualNeckDetector  

neck.top_down_layers.0.blocks.1.conv2.bn.bias - torch.Size([192]): 
The value is the same before and after calling `init_weights` of YOLODualNeckDetector  

neck.top_down_layers.1.main_conv.conv.weight - torch.Size([192, 576, 1, 1]): 
Initialized by user-defined `init_weights` in YOLOv8PAFPN  

neck.top_down_layers.1.main_conv.bn.weight - torch.Size([192]): 
The value is the same before and after calling `init_weights` of YOLODualNeckDetector  

neck.top_down_layers.1.main_conv.bn.bias - torch.Size([192]): 
The value is the same before and after calling `init_weights` of YOLODualNeckDetector  

neck.top_down_layers.1.final_conv.conv.weight - torch.Size([192, 384, 1, 1]): 
Initialized by user-defined `init_weights` in YOLOv8PAFPN  

neck.top_down_layers.1.final_conv.bn.weight - torch.Size([192]): 
The value is the same before and after calling `init_weights` of YOLODualNeckDetector  

neck.top_down_layers.1.final_conv.bn.bias - torch.Size([192]): 
The value is the same before and after calling `init_weights` of YOLODualNeckDetector  

neck.top_down_layers.1.blocks.0.conv1.conv.weight - torch.Size([96, 96, 3, 3]): 
Initialized by user-defined `init_weights` in YOLOv8PAFPN  

neck.top_down_layers.1.blocks.0.conv1.bn.weight - torch.Size([96]): 
The value is the same before and after calling `init_weights` of YOLODualNeckDetector  

neck.top_down_layers.1.blocks.0.conv1.bn.bias - torch.Size([96]): 
The value is the same before and after calling `init_weights` of YOLODualNeckDetector  

neck.top_down_layers.1.blocks.0.conv2.conv.weight - torch.Size([96, 96, 3, 3]): 
Initialized by user-defined `init_weights` in YOLOv8PAFPN  

neck.top_down_layers.1.blocks.0.conv2.bn.weight - torch.Size([96]): 
The value is the same before and after calling `init_weights` of YOLODualNeckDetector  

neck.top_down_layers.1.blocks.0.conv2.bn.bias - torch.Size([96]): 
The value is the same before and after calling `init_weights` of YOLODualNeckDetector  

neck.top_down_layers.1.blocks.1.conv1.conv.weight - torch.Size([96, 96, 3, 3]): 
Initialized by user-defined `init_weights` in YOLOv8PAFPN  

neck.top_down_layers.1.blocks.1.conv1.bn.weight - torch.Size([96]): 
The value is the same before and after calling `init_weights` of YOLODualNeckDetector  

neck.top_down_layers.1.blocks.1.conv1.bn.bias - torch.Size([96]): 
The value is the same before and after calling `init_weights` of YOLODualNeckDetector  

neck.top_down_layers.1.blocks.1.conv2.conv.weight - torch.Size([96, 96, 3, 3]): 
Initialized by user-defined `init_weights` in YOLOv8PAFPN  

neck.top_down_layers.1.blocks.1.conv2.bn.weight - torch.Size([96]): 
The value is the same before and after calling `init_weights` of YOLODualNeckDetector  

neck.top_down_layers.1.blocks.1.conv2.bn.bias - torch.Size([96]): 
The value is the same before and after calling `init_weights` of YOLODualNeckDetector  

neck.downsample_layers.0.conv.weight - torch.Size([192, 192, 3, 3]): 
Initialized by user-defined `init_weights` in YOLOv8PAFPN  

neck.downsample_layers.0.bn.weight - torch.Size([192]): 
The value is the same before and after calling `init_weights` of YOLODualNeckDetector  

neck.downsample_layers.0.bn.bias - torch.Size([192]): 
The value is the same before and after calling `init_weights` of YOLODualNeckDetector  

neck.downsample_layers.1.conv.weight - torch.Size([384, 384, 3, 3]): 
Initialized by user-defined `init_weights` in YOLOv8PAFPN  

neck.downsample_layers.1.bn.weight - torch.Size([384]): 
The value is the same before and after calling `init_weights` of YOLODualNeckDetector  

neck.downsample_layers.1.bn.bias - torch.Size([384]): 
The value is the same before and after calling `init_weights` of YOLODualNeckDetector  

neck.bottom_up_layers.0.main_conv.conv.weight - torch.Size([384, 576, 1, 1]): 
Initialized by user-defined `init_weights` in YOLOv8PAFPN  

neck.bottom_up_layers.0.main_conv.bn.weight - torch.Size([384]): 
The value is the same before and after calling `init_weights` of YOLODualNeckDetector  

neck.bottom_up_layers.0.main_conv.bn.bias - torch.Size([384]): 
The value is the same before and after calling `init_weights` of YOLODualNeckDetector  

neck.bottom_up_layers.0.final_conv.conv.weight - torch.Size([384, 768, 1, 1]): 
Initialized by user-defined `init_weights` in YOLOv8PAFPN  

neck.bottom_up_layers.0.final_conv.bn.weight - torch.Size([384]): 
The value is the same before and after calling `init_weights` of YOLODualNeckDetector  

neck.bottom_up_layers.0.final_conv.bn.bias - torch.Size([384]): 
The value is the same before and after calling `init_weights` of YOLODualNeckDetector  

neck.bottom_up_layers.0.blocks.0.conv1.conv.weight - torch.Size([192, 192, 3, 3]): 
Initialized by user-defined `init_weights` in YOLOv8PAFPN  

neck.bottom_up_layers.0.blocks.0.conv1.bn.weight - torch.Size([192]): 
The value is the same before and after calling `init_weights` of YOLODualNeckDetector  

neck.bottom_up_layers.0.blocks.0.conv1.bn.bias - torch.Size([192]): 
The value is the same before and after calling `init_weights` of YOLODualNeckDetector  

neck.bottom_up_layers.0.blocks.0.conv2.conv.weight - torch.Size([192, 192, 3, 3]): 
Initialized by user-defined `init_weights` in YOLOv8PAFPN  

neck.bottom_up_layers.0.blocks.0.conv2.bn.weight - torch.Size([192]): 
The value is the same before and after calling `init_weights` of YOLODualNeckDetector  

neck.bottom_up_layers.0.blocks.0.conv2.bn.bias - torch.Size([192]): 
The value is the same before and after calling `init_weights` of YOLODualNeckDetector  

neck.bottom_up_layers.0.blocks.1.conv1.conv.weight - torch.Size([192, 192, 3, 3]): 
Initialized by user-defined `init_weights` in YOLOv8PAFPN  

neck.bottom_up_layers.0.blocks.1.conv1.bn.weight - torch.Size([192]): 
The value is the same before and after calling `init_weights` of YOLODualNeckDetector  

neck.bottom_up_layers.0.blocks.1.conv1.bn.bias - torch.Size([192]): 
The value is the same before and after calling `init_weights` of YOLODualNeckDetector  

neck.bottom_up_layers.0.blocks.1.conv2.conv.weight - torch.Size([192, 192, 3, 3]): 
Initialized by user-defined `init_weights` in YOLOv8PAFPN  

neck.bottom_up_layers.0.blocks.1.conv2.bn.weight - torch.Size([192]): 
The value is the same before and after calling `init_weights` of YOLODualNeckDetector  

neck.bottom_up_layers.0.blocks.1.conv2.bn.bias - torch.Size([192]): 
The value is the same before and after calling `init_weights` of YOLODualNeckDetector  

neck.bottom_up_layers.1.main_conv.conv.weight - torch.Size([768, 1152, 1, 1]): 
Initialized by user-defined `init_weights` in YOLOv8PAFPN  

neck.bottom_up_layers.1.main_conv.bn.weight - torch.Size([768]): 
The value is the same before and after calling `init_weights` of YOLODualNeckDetector  

neck.bottom_up_layers.1.main_conv.bn.bias - torch.Size([768]): 
The value is the same before and after calling `init_weights` of YOLODualNeckDetector  

neck.bottom_up_layers.1.final_conv.conv.weight - torch.Size([768, 1536, 1, 1]): 
Initialized by user-defined `init_weights` in YOLOv8PAFPN  

neck.bottom_up_layers.1.final_conv.bn.weight - torch.Size([768]): 
The value is the same before and after calling `init_weights` of YOLODualNeckDetector  

neck.bottom_up_layers.1.final_conv.bn.bias - torch.Size([768]): 
The value is the same before and after calling `init_weights` of YOLODualNeckDetector  

neck.bottom_up_layers.1.blocks.0.conv1.conv.weight - torch.Size([384, 384, 3, 3]): 
Initialized by user-defined `init_weights` in YOLOv8PAFPN  

neck.bottom_up_layers.1.blocks.0.conv1.bn.weight - torch.Size([384]): 
The value is the same before and after calling `init_weights` of YOLODualNeckDetector  

neck.bottom_up_layers.1.blocks.0.conv1.bn.bias - torch.Size([384]): 
The value is the same before and after calling `init_weights` of YOLODualNeckDetector  

neck.bottom_up_layers.1.blocks.0.conv2.conv.weight - torch.Size([384, 384, 3, 3]): 
Initialized by user-defined `init_weights` in YOLOv8PAFPN  

neck.bottom_up_layers.1.blocks.0.conv2.bn.weight - torch.Size([384]): 
The value is the same before and after calling `init_weights` of YOLODualNeckDetector  

neck.bottom_up_layers.1.blocks.0.conv2.bn.bias - torch.Size([384]): 
The value is the same before and after calling `init_weights` of YOLODualNeckDetector  

neck.bottom_up_layers.1.blocks.1.conv1.conv.weight - torch.Size([384, 384, 3, 3]): 
Initialized by user-defined `init_weights` in YOLOv8PAFPN  

neck.bottom_up_layers.1.blocks.1.conv1.bn.weight - torch.Size([384]): 
The value is the same before and after calling `init_weights` of YOLODualNeckDetector  

neck.bottom_up_layers.1.blocks.1.conv1.bn.bias - torch.Size([384]): 
The value is the same before and after calling `init_weights` of YOLODualNeckDetector  

neck.bottom_up_layers.1.blocks.1.conv2.conv.weight - torch.Size([384, 384, 3, 3]): 
Initialized by user-defined `init_weights` in YOLOv8PAFPN  

neck.bottom_up_layers.1.blocks.1.conv2.bn.weight - torch.Size([384]): 
The value is the same before and after calling `init_weights` of YOLODualNeckDetector  

neck.bottom_up_layers.1.blocks.1.conv2.bn.bias - torch.Size([384]): 
The value is the same before and after calling `init_weights` of YOLODualNeckDetector  

bbox_head.head_module.cls_preds.0.0.conv.weight - torch.Size([192, 192, 3, 3]): 
The value is the same before and after calling `init_weights` of YOLODualNeckDetector  

bbox_head.head_module.cls_preds.0.0.bn.weight - torch.Size([192]): 
The value is the same before and after calling `init_weights` of YOLODualNeckDetector  

bbox_head.head_module.cls_preds.0.0.bn.bias - torch.Size([192]): 
The value is the same before and after calling `init_weights` of YOLODualNeckDetector  

bbox_head.head_module.cls_preds.0.1.conv.weight - torch.Size([192, 192, 3, 3]): 
The value is the same before and after calling `init_weights` of YOLODualNeckDetector  

bbox_head.head_module.cls_preds.0.1.bn.weight - torch.Size([192]): 
The value is the same before and after calling `init_weights` of YOLODualNeckDetector  

bbox_head.head_module.cls_preds.0.1.bn.bias - torch.Size([192]): 
The value is the same before and after calling `init_weights` of YOLODualNeckDetector  

bbox_head.head_module.cls_preds.0.2.weight - torch.Size([5, 192, 1, 1]): 
The value is the same before and after calling `init_weights` of YOLODualNeckDetector  

bbox_head.head_module.cls_preds.0.2.bias - torch.Size([5]): 
Initialized by user-defined `init_weights` in YOLOv8HeadModule  

bbox_head.head_module.cls_preds.1.0.conv.weight - torch.Size([192, 384, 3, 3]): 
The value is the same before and after calling `init_weights` of YOLODualNeckDetector  

bbox_head.head_module.cls_preds.1.0.bn.weight - torch.Size([192]): 
The value is the same before and after calling `init_weights` of YOLODualNeckDetector  

bbox_head.head_module.cls_preds.1.0.bn.bias - torch.Size([192]): 
The value is the same before and after calling `init_weights` of YOLODualNeckDetector  

bbox_head.head_module.cls_preds.1.1.conv.weight - torch.Size([192, 192, 3, 3]): 
The value is the same before and after calling `init_weights` of YOLODualNeckDetector  

bbox_head.head_module.cls_preds.1.1.bn.weight - torch.Size([192]): 
The value is the same before and after calling `init_weights` of YOLODualNeckDetector  

bbox_head.head_module.cls_preds.1.1.bn.bias - torch.Size([192]): 
The value is the same before and after calling `init_weights` of YOLODualNeckDetector  

bbox_head.head_module.cls_preds.1.2.weight - torch.Size([5, 192, 1, 1]): 
The value is the same before and after calling `init_weights` of YOLODualNeckDetector  

bbox_head.head_module.cls_preds.1.2.bias - torch.Size([5]): 
Initialized by user-defined `init_weights` in YOLOv8HeadModule  

bbox_head.head_module.cls_preds.2.0.conv.weight - torch.Size([192, 768, 3, 3]): 
The value is the same before and after calling `init_weights` of YOLODualNeckDetector  

bbox_head.head_module.cls_preds.2.0.bn.weight - torch.Size([192]): 
The value is the same before and after calling `init_weights` of YOLODualNeckDetector  

bbox_head.head_module.cls_preds.2.0.bn.bias - torch.Size([192]): 
The value is the same before and after calling `init_weights` of YOLODualNeckDetector  

bbox_head.head_module.cls_preds.2.1.conv.weight - torch.Size([192, 192, 3, 3]): 
The value is the same before and after calling `init_weights` of YOLODualNeckDetector  

bbox_head.head_module.cls_preds.2.1.bn.weight - torch.Size([192]): 
The value is the same before and after calling `init_weights` of YOLODualNeckDetector  

bbox_head.head_module.cls_preds.2.1.bn.bias - torch.Size([192]): 
The value is the same before and after calling `init_weights` of YOLODualNeckDetector  

bbox_head.head_module.cls_preds.2.2.weight - torch.Size([5, 192, 1, 1]): 
The value is the same before and after calling `init_weights` of YOLODualNeckDetector  

bbox_head.head_module.cls_preds.2.2.bias - torch.Size([5]): 
Initialized by user-defined `init_weights` in YOLOv8HeadModule  

bbox_head.head_module.reg_preds.0.0.conv.weight - torch.Size([64, 192, 3, 3]): 
The value is the same before and after calling `init_weights` of YOLODualNeckDetector  

bbox_head.head_module.reg_preds.0.0.bn.weight - torch.Size([64]): 
The value is the same before and after calling `init_weights` of YOLODualNeckDetector  

bbox_head.head_module.reg_preds.0.0.bn.bias - torch.Size([64]): 
The value is the same before and after calling `init_weights` of YOLODualNeckDetector  

bbox_head.head_module.reg_preds.0.1.conv.weight - torch.Size([64, 64, 3, 3]): 
The value is the same before and after calling `init_weights` of YOLODualNeckDetector  

bbox_head.head_module.reg_preds.0.1.bn.weight - torch.Size([64]): 
The value is the same before and after calling `init_weights` of YOLODualNeckDetector  

bbox_head.head_module.reg_preds.0.1.bn.bias - torch.Size([64]): 
The value is the same before and after calling `init_weights` of YOLODualNeckDetector  

bbox_head.head_module.reg_preds.0.2.weight - torch.Size([64, 64, 1, 1]): 
The value is the same before and after calling `init_weights` of YOLODualNeckDetector  

bbox_head.head_module.reg_preds.0.2.bias - torch.Size([64]): 
Initialized by user-defined `init_weights` in YOLOv8HeadModule  

bbox_head.head_module.reg_preds.1.0.conv.weight - torch.Size([64, 384, 3, 3]): 
The value is the same before and after calling `init_weights` of YOLODualNeckDetector  

bbox_head.head_module.reg_preds.1.0.bn.weight - torch.Size([64]): 
The value is the same before and after calling `init_weights` of YOLODualNeckDetector  

bbox_head.head_module.reg_preds.1.0.bn.bias - torch.Size([64]): 
The value is the same before and after calling `init_weights` of YOLODualNeckDetector  

bbox_head.head_module.reg_preds.1.1.conv.weight - torch.Size([64, 64, 3, 3]): 
The value is the same before and after calling `init_weights` of YOLODualNeckDetector  

bbox_head.head_module.reg_preds.1.1.bn.weight - torch.Size([64]): 
The value is the same before and after calling `init_weights` of YOLODualNeckDetector  

bbox_head.head_module.reg_preds.1.1.bn.bias - torch.Size([64]): 
The value is the same before and after calling `init_weights` of YOLODualNeckDetector  

bbox_head.head_module.reg_preds.1.2.weight - torch.Size([64, 64, 1, 1]): 
The value is the same before and after calling `init_weights` of YOLODualNeckDetector  

bbox_head.head_module.reg_preds.1.2.bias - torch.Size([64]): 
Initialized by user-defined `init_weights` in YOLOv8HeadModule  

bbox_head.head_module.reg_preds.2.0.conv.weight - torch.Size([64, 768, 3, 3]): 
The value is the same before and after calling `init_weights` of YOLODualNeckDetector  

bbox_head.head_module.reg_preds.2.0.bn.weight - torch.Size([64]): 
The value is the same before and after calling `init_weights` of YOLODualNeckDetector  

bbox_head.head_module.reg_preds.2.0.bn.bias - torch.Size([64]): 
The value is the same before and after calling `init_weights` of YOLODualNeckDetector  

bbox_head.head_module.reg_preds.2.1.conv.weight - torch.Size([64, 64, 3, 3]): 
The value is the same before and after calling `init_weights` of YOLODualNeckDetector  

bbox_head.head_module.reg_preds.2.1.bn.weight - torch.Size([64]): 
The value is the same before and after calling `init_weights` of YOLODualNeckDetector  

bbox_head.head_module.reg_preds.2.1.bn.bias - torch.Size([64]): 
The value is the same before and after calling `init_weights` of YOLODualNeckDetector  

bbox_head.head_module.reg_preds.2.2.weight - torch.Size([64, 64, 1, 1]): 
The value is the same before and after calling `init_weights` of YOLODualNeckDetector  

bbox_head.head_module.reg_preds.2.2.bias - torch.Size([64]): 
Initialized by user-defined `init_weights` in YOLOv8HeadModule  
2025/07/05 11:08:31 - mmengine - INFO - Auto resumed from the latest checkpoint /data/nl/Mamba2Spectral/work_dirs/DroneVehicle/2025_06_30/yolov8_mambatransformer_enhance/epoch_55.pth.
2025/07/05 11:08:35 - mmengine - INFO - Load checkpoint from /data/nl/Mamba2Spectral/work_dirs/DroneVehicle/2025_06_30/yolov8_mambatransformer_enhance/epoch_55.pth
2025/07/05 11:08:35 - mmengine - WARNING - `resume_param_scheduler` is True but `self.param_schedulers` is None, so skip resuming parameter schedulers
2025/07/05 11:08:35 - mmengine - INFO - resumed epoch: 55, iter: 22000
2025/07/05 11:08:35 - mmengine - WARNING - "FileClient" will be deprecated in future. Please use io functions in https://mmengine.readthedocs.io/en/latest/api/fileio.html#file-io
2025/07/05 11:08:35 - mmengine - WARNING - "HardDiskBackend" is the alias of "LocalBackend" and the former will be deprecated in future.
2025/07/05 11:08:35 - mmengine - INFO - Checkpoints will be saved to /data/nl/Mamba2Spectral/work_dirs/DroneVehicle/2025_06_30/yolov8_mambatransformer_enhance.
2025/07/05 11:11:32 - mmengine - INFO - Epoch(train)  [56][ 50/400]  base_lr: 1.0000e-02 lr: 7.3270e-03  eta: 2 days, 8:53:29  time: 3.5342  data_time: 0.0380  memory: 18621  grad_norm: 9.4884  loss: 22.0407  loss_cls: 5.0424  loss_bbox: 8.5797  loss_dfl: 8.4186
2025/07/05 11:14:17 - mmengine - INFO - Epoch(train)  [56][100/400]  base_lr: 1.0000e-02 lr: 7.3270e-03  eta: 2 days, 7:02:06  time: 3.3095  data_time: 0.0059  memory: 10941  grad_norm: 9.3322  loss: 21.9176  loss_cls: 4.8662  loss_bbox: 8.6547  loss_dfl: 8.3968
2025/07/05 11:17:03 - mmengine - INFO - Epoch(train)  [56][150/400]  base_lr: 1.0000e-02 lr: 7.3270e-03  eta: 2 days, 6:22:12  time: 3.3066  data_time: 0.0061  memory: 10781  grad_norm: 9.2892  loss: 21.6909  loss_cls: 4.8129  loss_bbox: 8.5667  loss_dfl: 8.3113
2025/07/05 11:19:48 - mmengine - INFO - Epoch(train)  [56][200/400]  base_lr: 1.0000e-02 lr: 7.3270e-03  eta: 2 days, 6:01:21  time: 3.3086  data_time: 0.0069  memory: 10936  grad_norm: 9.0021  loss: 21.9409  loss_cls: 4.9266  loss_bbox: 8.6623  loss_dfl: 8.3520
2025/07/05 11:22:34 - mmengine - INFO - Epoch(train)  [56][250/400]  base_lr: 1.0000e-02 lr: 7.3270e-03  eta: 2 days, 5:49:06  time: 3.3156  data_time: 0.0069  memory: 10968  grad_norm: 9.2856  loss: 21.5948  loss_cls: 4.7672  loss_bbox: 8.4572  loss_dfl: 8.3704
2025/07/05 11:25:20 - mmengine - INFO - Epoch(train)  [56][300/400]  base_lr: 1.0000e-02 lr: 7.3270e-03  eta: 2 days, 5:39:45  time: 3.3141  data_time: 0.0067  memory: 10717  grad_norm: 9.4391  loss: 21.9892  loss_cls: 4.9804  loss_bbox: 8.5558  loss_dfl: 8.4530
2025/07/05 11:27:50 - mmengine - INFO - Epoch(train)  [56][350/400]  base_lr: 1.0000e-02 lr: 7.3270e-03  eta: 2 days, 4:49:24  time: 3.0016  data_time: 0.0070  memory: 10808  grad_norm: 9.2700  loss: 21.7244  loss_cls: 4.7673  loss_bbox: 8.5979  loss_dfl: 8.3593
2025/07/05 11:29:30 - mmengine - INFO - Exp name: yolov8_mambatransformer_enhance_20250705_110818
2025/07/05 11:29:30 - mmengine - INFO - Epoch(train)  [56][400/400]  base_lr: 1.0000e-02 lr: 7.3270e-03  eta: 2 days, 2:10:18  time: 1.9957  data_time: 0.0074  memory: 10888  grad_norm: 9.7131  loss: 21.9813  loss_cls: 4.9441  loss_bbox: 8.6132  loss_dfl: 8.4240
2025/07/05 11:29:30 - mmengine - INFO - Saving checkpoint at 56 epochs
2025/07/05 11:29:31 - mmengine - WARNING - `save_param_scheduler` is True but `self.param_schedulers` is None, so skip saving parameter schedulers
2025/07/05 11:29:38 - mmengine - INFO - Epoch(val)  [56][ 50/800]    eta: 0:01:20  time: 0.1078  data_time: 0.0027  memory: 1024  
2025/07/05 11:29:42 - mmengine - INFO - Epoch(val)  [56][100/800]    eta: 0:01:06  time: 0.0822  data_time: 0.0004  memory: 998  
2025/07/05 11:29:47 - mmengine - INFO - Epoch(val)  [56][150/800]    eta: 0:01:00  time: 0.0884  data_time: 0.0006  memory: 998  
2025/07/05 11:29:52 - mmengine - INFO - Epoch(val)  [56][200/800]    eta: 0:00:57  time: 0.1059  data_time: 0.0005  memory: 998  
2025/07/05 11:29:58 - mmengine - INFO - Epoch(val)  [56][250/800]    eta: 0:00:54  time: 0.1083  data_time: 0.0005  memory: 998  
2025/07/05 11:30:03 - mmengine - INFO - Epoch(val)  [56][300/800]    eta: 0:00:50  time: 0.1089  data_time: 0.0004  memory: 998  
2025/07/05 11:30:08 - mmengine - INFO - Epoch(val)  [56][350/800]    eta: 0:00:45  time: 0.1090  data_time: 0.0004  memory: 998  
2025/07/05 11:30:14 - mmengine - INFO - Epoch(val)  [56][400/800]    eta: 0:00:40  time: 0.1081  data_time: 0.0004  memory: 998  
2025/07/05 11:30:19 - mmengine - INFO - Epoch(val)  [56][450/800]    eta: 0:00:36  time: 0.1088  data_time: 0.0004  memory: 998  
2025/07/05 11:30:24 - mmengine - INFO - Epoch(val)  [56][500/800]    eta: 0:00:30  time: 0.0986  data_time: 0.0004  memory: 998  
2025/07/05 11:30:29 - mmengine - INFO - Epoch(val)  [56][550/800]    eta: 0:00:25  time: 0.0919  data_time: 0.0004  memory: 998  
2025/07/05 11:30:33 - mmengine - INFO - Epoch(val)  [56][600/800]    eta: 0:00:20  time: 0.0910  data_time: 0.0003  memory: 998  
2025/07/05 11:30:39 - mmengine - INFO - Epoch(val)  [56][650/800]    eta: 0:00:15  time: 0.1094  data_time: 0.0004  memory: 998  
2025/07/05 11:30:44 - mmengine - INFO - Epoch(val)  [56][700/800]    eta: 0:00:10  time: 0.1090  data_time: 0.0004  memory: 998  
2025/07/05 11:30:50 - mmengine - INFO - Epoch(val)  [56][750/800]    eta: 0:00:05  time: 0.1095  data_time: 0.0004  memory: 998  
2025/07/05 11:30:55 - mmengine - INFO - Epoch(val)  [56][800/800]    eta: 0:00:00  time: 0.1093  data_time: 0.0004  memory: 998  
2025/07/05 11:30:57 - mmengine - INFO - Evaluating bbox...
2025/07/05 11:31:11 - mmengine - INFO - 
+-------------+-------+--------+--------+-------+-------+-------+
| category    | mAP   | mAP_50 | mAP_75 | mAP_s | mAP_m | mAP_l |
+-------------+-------+--------+--------+-------+-------+-------+
| car         | 0.697 | 0.966  | 0.853  | 0.478 | 0.728 | 0.0   |
| truck       | 0.478 | 0.692  | 0.577  | 0.017 | 0.473 | 0.529 |
| bus         | 0.736 | 0.949  | 0.888  | 0.002 | 0.701 | 0.799 |
| van         | 0.421 | 0.596  | 0.553  | 0.28  | 0.423 | 0.621 |
| freight_car | 0.434 | 0.615  | 0.519  | 0.106 | 0.43  | 0.484 |
+-------------+-------+--------+--------+-------+-------+-------+
2025/07/05 11:31:11 - mmengine - INFO - bbox_mAP_copypaste: 0.553 0.764 0.678 0.177 0.551 0.487
2025/07/05 11:31:11 - mmengine - INFO - Epoch(val) [56][800/800]    coco/car_precision: 0.6970  coco/truck_precision: 0.4780  coco/bus_precision: 0.7360  coco/van_precision: 0.4210  coco/freight_car_precision: 0.4340  coco/bbox_mAP: 0.5530  coco/bbox_mAP_50: 0.7640  coco/bbox_mAP_75: 0.6780  coco/bbox_mAP_s: 0.1770  coco/bbox_mAP_m: 0.5510  coco/bbox_mAP_l: 0.4870  data_time: 0.0006  time: 0.1029
2025/07/05 11:31:11 - mmengine - INFO - The previous best checkpoint /data/nl/Mamba2Spectral/work_dirs/DroneVehicle/2025_06_30/yolov8_mambatransformer_enhance/best_coco_bbox_mAP_50_epoch_55.pth is removed
2025/07/05 11:31:14 - mmengine - INFO - The best checkpoint with 0.7640 coco/bbox_mAP_50 at 56 epoch is saved to best_coco_bbox_mAP_50_epoch_56.pth.
2025/07/05 11:34:05 - mmengine - INFO - Epoch(train)  [57][ 50/400]  base_lr: 1.0000e-02 lr: 7.2775e-03  eta: 2 days, 2:27:57  time: 3.3258  data_time: 0.0294  memory: 10649  grad_norm: 9.5071  loss: 21.8205  loss_cls: 4.7756  loss_bbox: 8.6413  loss_dfl: 8.4036
2025/07/05 11:36:50 - mmengine - INFO - Epoch(train)  [57][100/400]  base_lr: 1.0000e-02 lr: 7.2775e-03  eta: 2 days, 2:40:01  time: 3.3102  data_time: 0.0058  memory: 10879  grad_norm: 9.1317  loss: 21.5645  loss_cls: 4.8184  loss_bbox: 8.3894  loss_dfl: 8.3566
2025/07/05 11:39:36 - mmengine - INFO - Epoch(train)  [57][150/400]  base_lr: 1.0000e-02 lr: 7.2775e-03  eta: 2 days, 2:49:32  time: 3.3119  data_time: 0.0060  memory: 10841  grad_norm: 9.3641  loss: 21.8315  loss_cls: 4.9326  loss_bbox: 8.5706  loss_dfl: 8.3283
2025/07/05 11:42:22 - mmengine - INFO - Epoch(train)  [57][200/400]  base_lr: 1.0000e-02 lr: 7.2775e-03  eta: 2 days, 2:57:15  time: 3.3151  data_time: 0.0062  memory: 10729  grad_norm: 9.4472  loss: 21.9280  loss_cls: 4.9222  loss_bbox: 8.6385  loss_dfl: 8.3673
2025/07/05 11:45:07 - mmengine - INFO - Epoch(train)  [57][250/400]  base_lr: 1.0000e-02 lr: 7.2775e-03  eta: 2 days, 3:03:11  time: 3.3125  data_time: 0.0068  memory: 10649  grad_norm: 9.5404  loss: 21.6720  loss_cls: 4.8609  loss_bbox: 8.4798  loss_dfl: 8.3314
2025/07/05 11:47:53 - mmengine - INFO - Epoch(train)  [57][300/400]  base_lr: 1.0000e-02 lr: 7.2775e-03  eta: 2 days, 3:07:48  time: 3.3117  data_time: 0.0062  memory: 10767  grad_norm: 9.4197  loss: 21.7675  loss_cls: 4.7782  loss_bbox: 8.6524  loss_dfl: 8.3370
2025/07/05 11:50:39 - mmengine - INFO - Epoch(train)  [57][350/400]  base_lr: 1.0000e-02 lr: 7.2775e-03  eta: 2 days, 3:11:38  time: 3.3146  data_time: 0.0063  memory: 11087  grad_norm: 9.7940  loss: 22.1817  loss_cls: 5.0142  loss_bbox: 8.7519  loss_dfl: 8.4155
2025/07/05 11:53:25 - mmengine - INFO - Exp name: yolov8_mambatransformer_enhance_20250705_110818
2025/07/05 11:53:25 - mmengine - INFO - Epoch(train)  [57][400/400]  base_lr: 1.0000e-02 lr: 7.2775e-03  eta: 2 days, 3:14:41  time: 3.3155  data_time: 0.0062  memory: 11012  grad_norm: 9.0947  loss: 21.3436  loss_cls: 4.6876  loss_bbox: 8.4403  loss_dfl: 8.2156
2025/07/05 11:53:25 - mmengine - INFO - Saving checkpoint at 57 epochs
2025/07/05 11:53:33 - mmengine - INFO - Epoch(val)  [57][ 50/800]    eta: 0:01:22  time: 0.1100  data_time: 0.0009  memory: 1000  
2025/07/05 11:53:39 - mmengine - INFO - Epoch(val)  [57][100/800]    eta: 0:01:16  time: 0.1088  data_time: 0.0004  memory: 1000  
2025/07/05 11:53:44 - mmengine - INFO - Epoch(val)  [57][150/800]    eta: 0:01:11  time: 0.1114  data_time: 0.0004  memory: 1000  
2025/07/05 11:53:50 - mmengine - INFO - Epoch(val)  [57][200/800]    eta: 0:01:05  time: 0.1096  data_time: 0.0004  memory: 1000  
2025/07/05 11:53:55 - mmengine - INFO - Epoch(val)  [57][250/800]    eta: 0:01:00  time: 0.1094  data_time: 0.0004  memory: 1000  
2025/07/05 11:54:01 - mmengine - INFO - Epoch(val)  [57][300/800]    eta: 0:00:54  time: 0.1101  data_time: 0.0004  memory: 1000  
2025/07/05 11:54:06 - mmengine - INFO - Epoch(val)  [57][350/800]    eta: 0:00:49  time: 0.1102  data_time: 0.0004  memory: 1000  
2025/07/05 11:54:12 - mmengine - INFO - Epoch(val)  [57][400/800]    eta: 0:00:43  time: 0.1090  data_time: 0.0004  memory: 1000  
2025/07/05 11:54:17 - mmengine - INFO - Epoch(val)  [57][450/800]    eta: 0:00:38  time: 0.1099  data_time: 0.0004  memory: 1000  
2025/07/05 11:54:23 - mmengine - INFO - Epoch(val)  [57][500/800]    eta: 0:00:32  time: 0.1097  data_time: 0.0004  memory: 1000  
2025/07/05 11:54:28 - mmengine - INFO - Epoch(val)  [57][550/800]    eta: 0:00:27  time: 0.1093  data_time: 0.0004  memory: 1000  
2025/07/05 11:54:34 - mmengine - INFO - Epoch(val)  [57][600/800]    eta: 0:00:21  time: 0.1061  data_time: 0.0004  memory: 1000  
2025/07/05 11:54:39 - mmengine - INFO - Epoch(val)  [57][650/800]    eta: 0:00:16  time: 0.0976  data_time: 0.0003  memory: 1000  
2025/07/05 11:54:44 - mmengine - INFO - Epoch(val)  [57][700/800]    eta: 0:00:10  time: 0.0995  data_time: 0.0004  memory: 1000  
2025/07/05 11:54:49 - mmengine - INFO - Epoch(val)  [57][750/800]    eta: 0:00:05  time: 0.1079  data_time: 0.0004  memory: 1000  
2025/07/05 11:54:54 - mmengine - INFO - Epoch(val)  [57][800/800]    eta: 0:00:00  time: 0.1092  data_time: 0.0004  memory: 1000  
2025/07/05 11:54:56 - mmengine - INFO - Evaluating bbox...
2025/07/05 11:55:10 - mmengine - INFO - 
+-------------+-------+--------+--------+-------+-------+-------+
| category    | mAP   | mAP_50 | mAP_75 | mAP_s | mAP_m | mAP_l |
+-------------+-------+--------+--------+-------+-------+-------+
| car         | 0.697 | 0.966  | 0.852  | 0.478 | 0.727 | 0.0   |
| truck       | 0.478 | 0.692  | 0.577  | 0.017 | 0.472 | 0.533 |
| bus         | 0.735 | 0.949  | 0.888  | 0.002 | 0.699 | 0.797 |
| van         | 0.425 | 0.599  | 0.556  | 0.282 | 0.426 | 0.63  |
| freight_car | 0.435 | 0.616  | 0.521  | 0.111 | 0.43  | 0.488 |
+-------------+-------+--------+--------+-------+-------+-------+
2025/07/05 11:55:10 - mmengine - INFO - bbox_mAP_copypaste: 0.554 0.764 0.679 0.178 0.551 0.490
2025/07/05 11:55:10 - mmengine - INFO - Epoch(val) [57][800/800]    coco/car_precision: 0.6970  coco/truck_precision: 0.4780  coco/bus_precision: 0.7350  coco/van_precision: 0.4250  coco/freight_car_precision: 0.4350  coco/bbox_mAP: 0.5540  coco/bbox_mAP_50: 0.7640  coco/bbox_mAP_75: 0.6790  coco/bbox_mAP_s: 0.1780  coco/bbox_mAP_m: 0.5510  coco/bbox_mAP_l: 0.4900  data_time: 0.0004  time: 0.1080
2025/07/05 11:57:09 - mmengine - INFO - Epoch(train)  [58][ 50/400]  base_lr: 1.0000e-02 lr: 7.2280e-03  eta: 2 days, 2:24:53  time: 2.3845  data_time: 0.0275  memory: 11007  grad_norm: 9.7818  loss: 22.0344  loss_cls: 5.0438  loss_bbox: 8.4679  loss_dfl: 8.5227
2025/07/05 11:58:59 - mmengine - INFO - Epoch(train)  [58][100/400]  base_lr: 1.0000e-02 lr: 7.2280e-03  eta: 2 days, 1:30:39  time: 2.1999  data_time: 0.0063  memory: 10879  grad_norm: 9.6300  loss: 22.0765  loss_cls: 4.9522  loss_bbox: 8.7057  loss_dfl: 8.4186
2025/07/05 12:01:45 - mmengine - INFO - Epoch(train)  [58][150/400]  base_lr: 1.0000e-02 lr: 7.2280e-03  eta: 2 days, 1:37:39  time: 3.3133  data_time: 0.0067  memory: 11023  grad_norm: 9.9199  loss: 22.1537  loss_cls: 4.9756  loss_bbox: 8.6851  loss_dfl: 8.4930
2025/07/05 12:04:31 - mmengine - INFO - Exp name: yolov8_mambatransformer_enhance_20250705_110818
2025/07/05 12:04:31 - mmengine - INFO - Epoch(train)  [58][200/400]  base_lr: 1.0000e-02 lr: 7.2280e-03  eta: 2 days, 1:43:44  time: 3.3147  data_time: 0.0066  memory: 10937  grad_norm: 9.1835  loss: 21.4915  loss_cls: 4.7864  loss_bbox: 8.4757  loss_dfl: 8.2294
2025/07/05 12:07:16 - mmengine - INFO - Epoch(train)  [58][250/400]  base_lr: 1.0000e-02 lr: 7.2280e-03  eta: 2 days, 1:48:57  time: 3.3141  data_time: 0.0068  memory: 10879  grad_norm: 10.1250  loss: 22.0774  loss_cls: 5.0146  loss_bbox: 8.5921  loss_dfl: 8.4706
2025/07/05 12:10:02 - mmengine - INFO - Epoch(train)  [58][300/400]  base_lr: 1.0000e-02 lr: 7.2280e-03  eta: 2 days, 1:53:34  time: 3.3170  data_time: 0.0076  memory: 10932  grad_norm: 9.0360  loss: 21.7500  loss_cls: 4.7937  loss_bbox: 8.6652  loss_dfl: 8.2911
2025/07/05 12:12:48 - mmengine - INFO - Epoch(train)  [58][350/400]  base_lr: 1.0000e-02 lr: 7.2280e-03  eta: 2 days, 1:57:19  time: 3.3114  data_time: 0.0066  memory: 10697  grad_norm: 9.1788  loss: 21.5751  loss_cls: 4.7673  loss_bbox: 8.4272  loss_dfl: 8.3806
2025/07/05 12:15:34 - mmengine - INFO - Exp name: yolov8_mambatransformer_enhance_20250705_110818
2025/07/05 12:15:34 - mmengine - INFO - Epoch(train)  [58][400/400]  base_lr: 1.0000e-02 lr: 7.2280e-03  eta: 2 days, 2:00:38  time: 3.3144  data_time: 0.0063  memory: 10943  grad_norm: 9.0654  loss: 21.4425  loss_cls: 4.7555  loss_bbox: 8.4403  loss_dfl: 8.2467
2025/07/05 12:15:34 - mmengine - INFO - Saving checkpoint at 58 epochs
2025/07/05 12:15:42 - mmengine - INFO - Epoch(val)  [58][ 50/800]    eta: 0:01:22  time: 0.1105  data_time: 0.0010  memory: 1000  
2025/07/05 12:15:48 - mmengine - INFO - Epoch(val)  [58][100/800]    eta: 0:01:17  time: 0.1104  data_time: 0.0004  memory: 1000  
2025/07/05 12:15:53 - mmengine - INFO - Epoch(val)  [58][150/800]    eta: 0:01:12  time: 0.1114  data_time: 0.0004  memory: 1000  
2025/07/05 12:15:59 - mmengine - INFO - Epoch(val)  [58][200/800]    eta: 0:01:06  time: 0.1108  data_time: 0.0004  memory: 1000  
2025/07/05 12:16:05 - mmengine - INFO - Epoch(val)  [58][250/800]    eta: 0:01:00  time: 0.1110  data_time: 0.0004  memory: 1000  
2025/07/05 12:16:10 - mmengine - INFO - Epoch(val)  [58][300/800]    eta: 0:00:55  time: 0.1131  data_time: 0.0004  memory: 1000  
2025/07/05 12:16:17 - mmengine - INFO - Epoch(val)  [58][350/800]    eta: 0:00:51  time: 0.1339  data_time: 0.0004  memory: 1000  
2025/07/05 12:16:23 - mmengine - INFO - Epoch(val)  [58][400/800]    eta: 0:00:46  time: 0.1270  data_time: 0.0005  memory: 1000  
2025/07/05 12:16:29 - mmengine - INFO - Epoch(val)  [58][450/800]    eta: 0:00:40  time: 0.1119  data_time: 0.0004  memory: 1000  
2025/07/05 12:16:35 - mmengine - INFO - Epoch(val)  [58][500/800]    eta: 0:00:34  time: 0.1125  data_time: 0.0004  memory: 1000  
2025/07/05 12:16:40 - mmengine - INFO - Epoch(val)  [58][550/800]    eta: 0:00:28  time: 0.1120  data_time: 0.0004  memory: 1000  
2025/07/05 12:16:46 - mmengine - INFO - Epoch(val)  [58][600/800]    eta: 0:00:22  time: 0.1113  data_time: 0.0004  memory: 1000  
2025/07/05 12:16:51 - mmengine - INFO - Epoch(val)  [58][650/800]    eta: 0:00:17  time: 0.0975  data_time: 0.0004  memory: 1000  
2025/07/05 12:16:56 - mmengine - INFO - Epoch(val)  [58][700/800]    eta: 0:00:11  time: 0.1062  data_time: 0.0004  memory: 1000  
2025/07/05 12:17:01 - mmengine - INFO - Epoch(val)  [58][750/800]    eta: 0:00:05  time: 0.1056  data_time: 0.0004  memory: 1000  
2025/07/05 12:17:06 - mmengine - INFO - Epoch(val)  [58][800/800]    eta: 0:00:00  time: 0.0977  data_time: 0.0004  memory: 1000  
2025/07/05 12:17:08 - mmengine - INFO - Evaluating bbox...
2025/07/05 12:17:22 - mmengine - INFO - 
+-------------+-------+--------+--------+-------+-------+-------+
| category    | mAP   | mAP_50 | mAP_75 | mAP_s | mAP_m | mAP_l |
+-------------+-------+--------+--------+-------+-------+-------+
| car         | 0.697 | 0.966  | 0.853  | 0.478 | 0.728 | 0.0   |
| truck       | 0.478 | 0.693  | 0.58   | 0.017 | 0.472 | 0.532 |
| bus         | 0.735 | 0.948  | 0.888  | 0.002 | 0.698 | 0.799 |
| van         | 0.428 | 0.603  | 0.558  | 0.281 | 0.427 | 0.632 |
| freight_car | 0.435 | 0.618  | 0.522  | 0.106 | 0.43  | 0.488 |
+-------------+-------+--------+--------+-------+-------+-------+
2025/07/05 12:17:22 - mmengine - INFO - bbox_mAP_copypaste: 0.555 0.766 0.680 0.177 0.551 0.490
2025/07/05 12:17:22 - mmengine - INFO - Epoch(val) [58][800/800]    coco/car_precision: 0.6970  coco/truck_precision: 0.4780  coco/bus_precision: 0.7350  coco/van_precision: 0.4280  coco/freight_car_precision: 0.4350  coco/bbox_mAP: 0.5550  coco/bbox_mAP_50: 0.7660  coco/bbox_mAP_75: 0.6800  coco/bbox_mAP_s: 0.1770  coco/bbox_mAP_m: 0.5510  coco/bbox_mAP_l: 0.4900  data_time: 0.0005  time: 0.1114
2025/07/05 12:17:22 - mmengine - INFO - The previous best checkpoint /data/nl/Mamba2Spectral/work_dirs/DroneVehicle/2025_06_30/yolov8_mambatransformer_enhance/best_coco_bbox_mAP_50_epoch_56.pth is removed
2025/07/05 12:17:25 - mmengine - INFO - The best checkpoint with 0.7660 coco/bbox_mAP_50 at 58 epoch is saved to best_coco_bbox_mAP_50_epoch_58.pth.
2025/07/05 12:20:16 - mmengine - INFO - Epoch(train)  [59][ 50/400]  base_lr: 1.0000e-02 lr: 7.1785e-03  eta: 2 days, 2:04:17  time: 3.3359  data_time: 0.0302  memory: 10863  grad_norm: 9.7923  loss: 21.7645  loss_cls: 4.8824  loss_bbox: 8.4739  loss_dfl: 8.4082
2025/07/05 12:23:02 - mmengine - INFO - Epoch(train)  [59][100/400]  base_lr: 1.0000e-02 lr: 7.1785e-03  eta: 2 days, 2:06:33  time: 3.3116  data_time: 0.0070  memory: 10788  grad_norm: 9.2436  loss: 21.6563  loss_cls: 4.8948  loss_bbox: 8.4958  loss_dfl: 8.2657
2025/07/05 12:25:39 - mmengine - INFO - Epoch(train)  [59][150/400]  base_lr: 1.0000e-02 lr: 7.1785e-03  eta: 2 days, 2:02:15  time: 3.1343  data_time: 0.0061  memory: 10825  grad_norm: 9.5382  loss: 21.7293  loss_cls: 4.8168  loss_bbox: 8.5401  loss_dfl: 8.3724
2025/07/05 12:27:20 - mmengine - INFO - Epoch(train)  [59][200/400]  base_lr: 1.0000e-02 lr: 7.1785e-03  eta: 2 days, 1:20:56  time: 2.0322  data_time: 0.0066  memory: 10729  grad_norm: 9.8557  loss: 22.0436  loss_cls: 5.0008  loss_bbox: 8.5958  loss_dfl: 8.4470
2025/07/05 12:29:52 - mmengine - INFO - Epoch(train)  [59][250/400]  base_lr: 1.0000e-02 lr: 7.1785e-03  eta: 2 days, 1:15:11  time: 3.0423  data_time: 0.0062  memory: 10804  grad_norm: 9.4901  loss: 21.7868  loss_cls: 4.8243  loss_bbox: 8.5121  loss_dfl: 8.4504
2025/07/05 12:32:38 - mmengine - INFO - Epoch(train)  [59][300/400]  base_lr: 1.0000e-02 lr: 7.1785e-03  eta: 2 days, 1:18:00  time: 3.3087  data_time: 0.0063  memory: 10729  grad_norm: 9.7663  loss: 21.8323  loss_cls: 4.8105  loss_bbox: 8.5730  loss_dfl: 8.4488
2025/07/05 12:35:24 - mmengine - INFO - Epoch(train)  [59][350/400]  base_lr: 1.0000e-02 lr: 7.1785e-03  eta: 2 days, 1:20:36  time: 3.3128  data_time: 0.0065  memory: 10767  grad_norm: 9.3650  loss: 21.7246  loss_cls: 4.8056  loss_bbox: 8.5278  loss_dfl: 8.3912
2025/07/05 12:38:09 - mmengine - INFO - Exp name: yolov8_mambatransformer_enhance_20250705_110818
2025/07/05 12:38:09 - mmengine - INFO - Epoch(train)  [59][400/400]  base_lr: 1.0000e-02 lr: 7.1785e-03  eta: 2 days, 1:22:53  time: 3.3138  data_time: 0.0067  memory: 10799  grad_norm: 9.6720  loss: 21.7385  loss_cls: 4.8745  loss_bbox: 8.4930  loss_dfl: 8.3710
2025/07/05 12:38:09 - mmengine - INFO - Saving checkpoint at 59 epochs
2025/07/05 12:38:18 - mmengine - INFO - Epoch(val)  [59][ 50/800]    eta: 0:01:15  time: 0.1008  data_time: 0.0011  memory: 1000  
2025/07/05 12:38:23 - mmengine - INFO - Epoch(val)  [59][100/800]    eta: 0:01:12  time: 0.1052  data_time: 0.0005  memory: 1000  
2025/07/05 12:38:28 - mmengine - INFO - Epoch(val)  [59][150/800]    eta: 0:01:08  time: 0.1114  data_time: 0.0005  memory: 1000  
2025/07/05 12:38:34 - mmengine - INFO - Epoch(val)  [59][200/800]    eta: 0:01:03  time: 0.1092  data_time: 0.0004  memory: 1000  
2025/07/05 12:38:39 - mmengine - INFO - Epoch(val)  [59][250/800]    eta: 0:00:58  time: 0.1095  data_time: 0.0004  memory: 1000  
2025/07/05 12:38:45 - mmengine - INFO - Epoch(val)  [59][300/800]    eta: 0:00:53  time: 0.1100  data_time: 0.0005  memory: 1000  
2025/07/05 12:38:50 - mmengine - INFO - Epoch(val)  [59][350/800]    eta: 0:00:48  time: 0.1103  data_time: 0.0004  memory: 1000  
2025/07/05 12:38:56 - mmengine - INFO - Epoch(val)  [59][400/800]    eta: 0:00:43  time: 0.1098  data_time: 0.0004  memory: 1000  
2025/07/05 12:39:02 - mmengine - INFO - Epoch(val)  [59][450/800]    eta: 0:00:38  time: 0.1111  data_time: 0.0005  memory: 1000  
2025/07/05 12:39:07 - mmengine - INFO - Epoch(val)  [59][500/800]    eta: 0:00:32  time: 0.1095  data_time: 0.0004  memory: 1000  
2025/07/05 12:39:13 - mmengine - INFO - Epoch(val)  [59][550/800]    eta: 0:00:27  time: 0.1104  data_time: 0.0004  memory: 1000  
2025/07/05 12:39:17 - mmengine - INFO - Epoch(val)  [59][600/800]    eta: 0:00:21  time: 0.0987  data_time: 0.0004  memory: 1000  
2025/07/05 12:39:22 - mmengine - INFO - Epoch(val)  [59][650/800]    eta: 0:00:16  time: 0.0950  data_time: 0.0004  memory: 1000  
2025/07/05 12:39:27 - mmengine - INFO - Epoch(val)  [59][700/800]    eta: 0:00:10  time: 0.1023  data_time: 0.0004  memory: 1000  
2025/07/05 12:39:33 - mmengine - INFO - Epoch(val)  [59][750/800]    eta: 0:00:05  time: 0.1112  data_time: 0.0004  memory: 1000  
2025/07/05 12:39:38 - mmengine - INFO - Epoch(val)  [59][800/800]    eta: 0:00:00  time: 0.1040  data_time: 0.0004  memory: 1000  
2025/07/05 12:39:40 - mmengine - INFO - Evaluating bbox...
2025/07/05 12:39:53 - mmengine - INFO - 
+-------------+-------+--------+--------+-------+-------+-------+
| category    | mAP   | mAP_50 | mAP_75 | mAP_s | mAP_m | mAP_l |
+-------------+-------+--------+--------+-------+-------+-------+
| car         | 0.697 | 0.966  | 0.852  | 0.478 | 0.728 | 0.0   |
| truck       | 0.48  | 0.695  | 0.583  | 0.016 | 0.475 | 0.533 |
| bus         | 0.734 | 0.948  | 0.89   | 0.002 | 0.698 | 0.797 |
| van         | 0.429 | 0.606  | 0.56   | 0.287 | 0.427 | 0.645 |
| freight_car | 0.438 | 0.62   | 0.526  | 0.107 | 0.432 | 0.489 |
+-------------+-------+--------+--------+-------+-------+-------+
2025/07/05 12:39:53 - mmengine - INFO - bbox_mAP_copypaste: 0.556 0.767 0.682 0.178 0.552 0.493
2025/07/05 12:39:54 - mmengine - INFO - Epoch(val) [59][800/800]    coco/car_precision: 0.6970  coco/truck_precision: 0.4800  coco/bus_precision: 0.7340  coco/van_precision: 0.4290  coco/freight_car_precision: 0.4380  coco/bbox_mAP: 0.5560  coco/bbox_mAP_50: 0.7670  coco/bbox_mAP_75: 0.6820  coco/bbox_mAP_s: 0.1780  coco/bbox_mAP_m: 0.5520  coco/bbox_mAP_l: 0.4930  data_time: 0.0005  time: 0.1068
2025/07/05 12:39:54 - mmengine - INFO - The previous best checkpoint /data/nl/Mamba2Spectral/work_dirs/DroneVehicle/2025_06_30/yolov8_mambatransformer_enhance/best_coco_bbox_mAP_50_epoch_58.pth is removed
2025/07/05 12:39:56 - mmengine - INFO - The best checkpoint with 0.7670 coco/bbox_mAP_50 at 59 epoch is saved to best_coco_bbox_mAP_50_epoch_59.pth.
2025/07/05 12:42:48 - mmengine - INFO - Epoch(train)  [60][ 50/400]  base_lr: 1.0000e-02 lr: 7.1290e-03  eta: 2 days, 1:25:25  time: 3.3336  data_time: 0.0280  memory: 10852  grad_norm: 9.7261  loss: 21.8629  loss_cls: 5.0066  loss_bbox: 8.4314  loss_dfl: 8.4250
2025/07/05 12:45:33 - mmengine - INFO - Epoch(train)  [60][100/400]  base_lr: 1.0000e-02 lr: 7.1290e-03  eta: 2 days, 1:26:59  time: 3.3097  data_time: 0.0062  memory: 10729  grad_norm: 9.4489  loss: 21.8519  loss_cls: 4.8612  loss_bbox: 8.6226  loss_dfl: 8.3682
2025/07/05 12:48:19 - mmengine - INFO - Epoch(train)  [60][150/400]  base_lr: 1.0000e-02 lr: 7.1290e-03  eta: 2 days, 1:28:17  time: 3.3088  data_time: 0.0060  memory: 10937  grad_norm: 9.2288  loss: 21.7973  loss_cls: 4.8951  loss_bbox: 8.6355  loss_dfl: 8.2668
2025/07/05 12:51:04 - mmengine - INFO - Epoch(train)  [60][200/400]  base_lr: 1.0000e-02 lr: 7.1290e-03  eta: 2 days, 1:29:26  time: 3.3118  data_time: 0.0060  memory: 10740  grad_norm: 9.6107  loss: 21.7309  loss_cls: 4.8640  loss_bbox: 8.5642  loss_dfl: 8.3027
2025/07/05 12:53:50 - mmengine - INFO - Epoch(train)  [60][250/400]  base_lr: 1.0000e-02 lr: 7.1290e-03  eta: 2 days, 1:30:24  time: 3.3129  data_time: 0.0062  memory: 10868  grad_norm: 9.4397  loss: 21.6681  loss_cls: 4.7750  loss_bbox: 8.5038  loss_dfl: 8.3893
2025/07/05 12:55:53 - mmengine - INFO - Epoch(train)  [60][300/400]  base_lr: 1.0000e-02 lr: 7.1290e-03  eta: 2 days, 1:10:16  time: 2.4630  data_time: 0.0068  memory: 10745  grad_norm: 9.3700  loss: 21.8266  loss_cls: 4.8491  loss_bbox: 8.5716  loss_dfl: 8.4059
2025/07/05 12:57:42 - mmengine - INFO - Epoch(train)  [60][350/400]  base_lr: 1.0000e-02 lr: 7.1290e-03  eta: 2 days, 0:44:13  time: 2.1777  data_time: 0.0069  memory: 10671  grad_norm: 9.6445  loss: 21.7934  loss_cls: 4.8558  loss_bbox: 8.5536  loss_dfl: 8.3839
2025/07/05 13:00:27 - mmengine - INFO - Exp name: yolov8_mambatransformer_enhance_20250705_110818
2025/07/05 13:00:27 - mmengine - INFO - Epoch(train)  [60][400/400]  base_lr: 1.0000e-02 lr: 7.1290e-03  eta: 2 days, 0:45:42  time: 3.3058  data_time: 0.0060  memory: 10719  grad_norm: 9.6573  loss: 21.9388  loss_cls: 5.0078  loss_bbox: 8.5582  loss_dfl: 8.3728
2025/07/05 13:00:27 - mmengine - INFO - Saving checkpoint at 60 epochs
2025/07/05 13:00:36 - mmengine - INFO - Epoch(val)  [60][ 50/800]    eta: 0:01:23  time: 0.1112  data_time: 0.0010  memory: 1000  
2025/07/05 13:00:42 - mmengine - INFO - Epoch(val)  [60][100/800]    eta: 0:01:17  time: 0.1098  data_time: 0.0004  memory: 1000  
2025/07/05 13:00:47 - mmengine - INFO - Epoch(val)  [60][150/800]    eta: 0:01:11  time: 0.1091  data_time: 0.0004  memory: 1000  
2025/07/05 13:00:52 - mmengine - INFO - Epoch(val)  [60][200/800]    eta: 0:01:04  time: 0.0983  data_time: 0.0004  memory: 1000  
2025/07/05 13:00:56 - mmengine - INFO - Epoch(val)  [60][250/800]    eta: 0:00:57  time: 0.0908  data_time: 0.0003  memory: 1000  
2025/07/05 13:01:01 - mmengine - INFO - Epoch(val)  [60][300/800]    eta: 0:00:50  time: 0.0917  data_time: 0.0004  memory: 1000  
2025/07/05 13:01:06 - mmengine - INFO - Epoch(val)  [60][350/800]    eta: 0:00:45  time: 0.0911  data_time: 0.0004  memory: 1000  
2025/07/05 13:01:10 - mmengine - INFO - Epoch(val)  [60][400/800]    eta: 0:00:39  time: 0.0913  data_time: 0.0003  memory: 1000  
2025/07/05 13:01:15 - mmengine - INFO - Epoch(val)  [60][450/800]    eta: 0:00:34  time: 0.0924  data_time: 0.0004  memory: 1000  
2025/07/05 13:01:19 - mmengine - INFO - Epoch(val)  [60][500/800]    eta: 0:00:29  time: 0.0920  data_time: 0.0004  memory: 1000  
2025/07/05 13:01:24 - mmengine - INFO - Epoch(val)  [60][550/800]    eta: 0:00:24  time: 0.0929  data_time: 0.0004  memory: 1000  
2025/07/05 13:01:29 - mmengine - INFO - Epoch(val)  [60][600/800]    eta: 0:00:19  time: 0.0918  data_time: 0.0003  memory: 1000  
2025/07/05 13:01:33 - mmengine - INFO - Epoch(val)  [60][650/800]    eta: 0:00:14  time: 0.0907  data_time: 0.0003  memory: 1000  
2025/07/05 13:01:38 - mmengine - INFO - Epoch(val)  [60][700/800]    eta: 0:00:09  time: 0.0920  data_time: 0.0004  memory: 1000  
2025/07/05 13:01:42 - mmengine - INFO - Epoch(val)  [60][750/800]    eta: 0:00:04  time: 0.0927  data_time: 0.0004  memory: 1000  
2025/07/05 13:01:47 - mmengine - INFO - Epoch(val)  [60][800/800]    eta: 0:00:00  time: 0.0929  data_time: 0.0003  memory: 1000  
2025/07/05 13:01:49 - mmengine - INFO - Evaluating bbox...
2025/07/05 13:02:03 - mmengine - INFO - 
+-------------+-------+--------+--------+-------+-------+-------+
| category    | mAP   | mAP_50 | mAP_75 | mAP_s | mAP_m | mAP_l |
+-------------+-------+--------+--------+-------+-------+-------+
| car         | 0.698 | 0.966  | 0.853  | 0.478 | 0.728 | 0.0   |
| truck       | 0.482 | 0.695  | 0.592  | 0.017 | 0.477 | 0.533 |
| bus         | 0.735 | 0.948  | 0.89   | 0.002 | 0.698 | 0.798 |
| van         | 0.432 | 0.608  | 0.563  | 0.287 | 0.429 | 0.645 |
| freight_car | 0.44  | 0.622  | 0.532  | 0.103 | 0.435 | 0.492 |
+-------------+-------+--------+--------+-------+-------+-------+
2025/07/05 13:02:03 - mmengine - INFO - bbox_mAP_copypaste: 0.557 0.768 0.686 0.178 0.553 0.494
2025/07/05 13:02:03 - mmengine - INFO - Epoch(val) [60][800/800]    coco/car_precision: 0.6980  coco/truck_precision: 0.4820  coco/bus_precision: 0.7350  coco/van_precision: 0.4320  coco/freight_car_precision: 0.4400  coco/bbox_mAP: 0.5570  coco/bbox_mAP_50: 0.7680  coco/bbox_mAP_75: 0.6860  coco/bbox_mAP_s: 0.1780  coco/bbox_mAP_m: 0.5530  coco/bbox_mAP_l: 0.4940  data_time: 0.0004  time: 0.0957
2025/07/05 13:02:03 - mmengine - INFO - The previous best checkpoint /data/nl/Mamba2Spectral/work_dirs/DroneVehicle/2025_06_30/yolov8_mambatransformer_enhance/best_coco_bbox_mAP_50_epoch_59.pth is removed
2025/07/05 13:02:05 - mmengine - INFO - The best checkpoint with 0.7680 coco/bbox_mAP_50 at 60 epoch is saved to best_coco_bbox_mAP_50_epoch_60.pth.
2025/07/05 13:04:57 - mmengine - INFO - Epoch(train)  [61][ 50/400]  base_lr: 1.0000e-02 lr: 7.0795e-03  eta: 2 days, 0:47:36  time: 3.3328  data_time: 0.0288  memory: 10927  grad_norm: 9.7902  loss: 21.8923  loss_cls: 4.9681  loss_bbox: 8.5954  loss_dfl: 8.3288
2025/07/05 13:07:42 - mmengine - INFO - Epoch(train)  [61][100/400]  base_lr: 1.0000e-02 lr: 7.0795e-03  eta: 2 days, 0:48:47  time: 3.3109  data_time: 0.0059  memory: 10649  grad_norm: 9.4583  loss: 21.6689  loss_cls: 4.8234  loss_bbox: 8.5032  loss_dfl: 8.3423
2025/07/05 13:10:28 - mmengine - INFO - Epoch(train)  [61][150/400]  base_lr: 1.0000e-02 lr: 7.0795e-03  eta: 2 days, 0:49:48  time: 3.3115  data_time: 0.0064  memory: 10889  grad_norm: 9.8190  loss: 21.7878  loss_cls: 4.7815  loss_bbox: 8.6036  loss_dfl: 8.4027
2025/07/05 13:13:13 - mmengine - INFO - Epoch(train)  [61][200/400]  base_lr: 1.0000e-02 lr: 7.0795e-03  eta: 2 days, 0:50:37  time: 3.3105  data_time: 0.0058  memory: 10607  grad_norm: 9.4900  loss: 21.7304  loss_cls: 4.8735  loss_bbox: 8.5053  loss_dfl: 8.3516
2025/07/05 13:15:59 - mmengine - INFO - Epoch(train)  [61][250/400]  base_lr: 1.0000e-02 lr: 7.0795e-03  eta: 2 days, 0:51:16  time: 3.3097  data_time: 0.0061  memory: 10804  grad_norm: 9.6433  loss: 22.0807  loss_cls: 4.9480  loss_bbox: 8.7070  loss_dfl: 8.4256
2025/07/05 13:18:44 - mmengine - INFO - Epoch(train)  [61][300/400]  base_lr: 1.0000e-02 lr: 7.0795e-03  eta: 2 days, 0:51:49  time: 3.3120  data_time: 0.0059  memory: 10697  grad_norm: 9.4600  loss: 21.4778  loss_cls: 4.6966  loss_bbox: 8.4335  loss_dfl: 8.3477
2025/07/05 13:21:30 - mmengine - INFO - Epoch(train)  [61][350/400]  base_lr: 1.0000e-02 lr: 7.0795e-03  eta: 2 days, 0:52:10  time: 3.3091  data_time: 0.0061  memory: 10591  grad_norm: 9.7585  loss: 21.9114  loss_cls: 5.0003  loss_bbox: 8.5361  loss_dfl: 8.3750
2025/07/05 13:24:15 - mmengine - INFO - Exp name: yolov8_mambatransformer_enhance_20250705_110818
2025/07/05 13:24:15 - mmengine - INFO - Epoch(train)  [61][400/400]  base_lr: 1.0000e-02 lr: 7.0795e-03  eta: 2 days, 0:52:24  time: 3.3107  data_time: 0.0058  memory: 10777  grad_norm: 9.4873  loss: 21.6265  loss_cls: 4.7514  loss_bbox: 8.5438  loss_dfl: 8.3313
2025/07/05 13:24:15 - mmengine - INFO - Saving checkpoint at 61 epochs
2025/07/05 13:24:23 - mmengine - INFO - Epoch(val)  [61][ 50/800]    eta: 0:01:03  time: 0.0849  data_time: 0.0010  memory: 1000  
2025/07/05 13:24:28 - mmengine - INFO - Epoch(val)  [61][100/800]    eta: 0:01:07  time: 0.1077  data_time: 0.0005  memory: 1000  
2025/07/05 13:24:34 - mmengine - INFO - Epoch(val)  [61][150/800]    eta: 0:01:04  time: 0.1039  data_time: 0.0019  memory: 1000  
2025/07/05 13:24:39 - mmengine - INFO - Epoch(val)  [61][200/800]    eta: 0:01:00  time: 0.1036  data_time: 0.0054  memory: 1000  
2025/07/05 13:24:44 - mmengine - INFO - Epoch(val)  [61][250/800]    eta: 0:00:55  time: 0.1045  data_time: 0.0046  memory: 1000  
2025/07/05 13:24:50 - mmengine - INFO - Epoch(val)  [61][300/800]    eta: 0:00:51  time: 0.1138  data_time: 0.0009  memory: 1000  
2025/07/05 13:24:55 - mmengine - INFO - Epoch(val)  [61][350/800]    eta: 0:00:46  time: 0.1066  data_time: 0.0043  memory: 1000  
2025/07/05 13:25:00 - mmengine - INFO - Epoch(val)  [61][400/800]    eta: 0:00:41  time: 0.1079  data_time: 0.0017  memory: 1000  
2025/07/05 13:25:06 - mmengine - INFO - Epoch(val)  [61][450/800]    eta: 0:00:36  time: 0.1113  data_time: 0.0019  memory: 1000  
2025/07/05 13:25:11 - mmengine - INFO - Epoch(val)  [61][500/800]    eta: 0:00:31  time: 0.1033  data_time: 0.0004  memory: 1000  
2025/07/05 13:25:16 - mmengine - INFO - Epoch(val)  [61][550/800]    eta: 0:00:26  time: 0.1047  data_time: 0.0010  memory: 1000  
2025/07/05 13:25:22 - mmengine - INFO - Epoch(val)  [61][600/800]    eta: 0:00:21  time: 0.1095  data_time: 0.0066  memory: 1000  
2025/07/05 13:25:27 - mmengine - INFO - Epoch(val)  [61][650/800]    eta: 0:00:15  time: 0.1046  data_time: 0.0043  memory: 1000  
2025/07/05 13:25:33 - mmengine - INFO - Epoch(val)  [61][700/800]    eta: 0:00:10  time: 0.1084  data_time: 0.0027  memory: 1000  
2025/07/05 13:25:38 - mmengine - INFO - Epoch(val)  [61][750/800]    eta: 0:00:05  time: 0.1058  data_time: 0.0015  memory: 1000  
2025/07/05 13:25:43 - mmengine - INFO - Epoch(val)  [61][800/800]    eta: 0:00:00  time: 0.1048  data_time: 0.0043  memory: 1000  
2025/07/05 13:25:45 - mmengine - INFO - Evaluating bbox...
2025/07/05 13:26:01 - mmengine - INFO - 
+-------------+-------+--------+--------+-------+-------+-------+
| category    | mAP   | mAP_50 | mAP_75 | mAP_s | mAP_m | mAP_l |
+-------------+-------+--------+--------+-------+-------+-------+
| car         | 0.698 | 0.966  | 0.854  | 0.479 | 0.728 | 0.0   |
| truck       | 0.483 | 0.696  | 0.593  | 0.017 | 0.479 | 0.535 |
| bus         | 0.735 | 0.948  | 0.89   | 0.002 | 0.699 | 0.797 |
| van         | 0.432 | 0.61   | 0.565  | 0.28  | 0.429 | 0.649 |
| freight_car | 0.442 | 0.623  | 0.534  | 0.1   | 0.436 | 0.497 |
+-------------+-------+--------+--------+-------+-------+-------+
2025/07/05 13:26:01 - mmengine - INFO - bbox_mAP_copypaste: 0.558 0.769 0.687 0.176 0.554 0.495
2025/07/05 13:26:01 - mmengine - INFO - Epoch(val) [61][800/800]    coco/car_precision: 0.6980  coco/truck_precision: 0.4830  coco/bus_precision: 0.7350  coco/van_precision: 0.4320  coco/freight_car_precision: 0.4420  coco/bbox_mAP: 0.5580  coco/bbox_mAP_50: 0.7690  coco/bbox_mAP_75: 0.6870  coco/bbox_mAP_s: 0.1760  coco/bbox_mAP_m: 0.5540  coco/bbox_mAP_l: 0.4950  data_time: 0.0027  time: 0.1053
2025/07/05 13:26:01 - mmengine - INFO - The previous best checkpoint /data/nl/Mamba2Spectral/work_dirs/DroneVehicle/2025_06_30/yolov8_mambatransformer_enhance/best_coco_bbox_mAP_50_epoch_60.pth is removed
2025/07/05 13:26:03 - mmengine - INFO - The best checkpoint with 0.7690 coco/bbox_mAP_50 at 61 epoch is saved to best_coco_bbox_mAP_50_epoch_61.pth.
2025/07/05 13:28:30 - mmengine - INFO - Epoch(train)  [62][ 50/400]  base_lr: 1.0000e-02 lr: 7.0300e-03  eta: 2 days, 0:43:27  time: 2.8296  data_time: 0.0286  memory: 10911  grad_norm: 10.5015  loss: 22.2996  loss_cls: 5.0122  loss_bbox: 8.7929  loss_dfl: 8.4945
2025/07/05 13:31:15 - mmengine - INFO - Epoch(train)  [62][100/400]  base_lr: 1.0000e-02 lr: 7.0300e-03  eta: 2 days, 0:43:38  time: 3.3102  data_time: 0.0058  memory: 10868  grad_norm: 10.0891  loss: 21.8494  loss_cls: 4.8686  loss_bbox: 8.5219  loss_dfl: 8.4589
2025/07/05 13:34:01 - mmengine - INFO - Epoch(train)  [62][150/400]  base_lr: 1.0000e-02 lr: 7.0300e-03  eta: 2 days, 0:43:42  time: 3.3099  data_time: 0.0064  memory: 10852  grad_norm: 9.2274  loss: 21.7116  loss_cls: 4.8745  loss_bbox: 8.4859  loss_dfl: 8.3512
2025/07/05 13:36:46 - mmengine - INFO - Epoch(train)  [62][200/400]  base_lr: 1.0000e-02 lr: 7.0300e-03  eta: 2 days, 0:43:37  time: 3.3073  data_time: 0.0060  memory: 10927  grad_norm: 9.2152  loss: 21.5633  loss_cls: 4.8348  loss_bbox: 8.3973  loss_dfl: 8.3311
2025/07/05 13:39:32 - mmengine - INFO - Epoch(train)  [62][250/400]  base_lr: 1.0000e-02 lr: 7.0300e-03  eta: 2 days, 0:43:33  time: 3.3139  data_time: 0.0059  memory: 10761  grad_norm: 9.0960  loss: 21.3968  loss_cls: 4.6519  loss_bbox: 8.4431  loss_dfl: 8.3019
2025/07/05 13:42:18 - mmengine - INFO - Epoch(train)  [62][300/400]  base_lr: 1.0000e-02 lr: 7.0300e-03  eta: 2 days, 0:43:23  time: 3.3144  data_time: 0.0059  memory: 10932  grad_norm: 9.0313  loss: 21.2555  loss_cls: 4.6575  loss_bbox: 8.4116  loss_dfl: 8.1864
2025/07/05 13:45:03 - mmengine - INFO - Epoch(train)  [62][350/400]  base_lr: 1.0000e-02 lr: 7.0300e-03  eta: 2 days, 0:43:03  time: 3.3100  data_time: 0.0061  memory: 10756  grad_norm: 10.0933  loss: 21.9365  loss_cls: 4.8748  loss_bbox: 8.5793  loss_dfl: 8.4824
2025/07/05 13:47:49 - mmengine - INFO - Exp name: yolov8_mambatransformer_enhance_20250705_110818
2025/07/05 13:47:49 - mmengine - INFO - Epoch(train)  [62][400/400]  base_lr: 1.0000e-02 lr: 7.0300e-03  eta: 2 days, 0:42:42  time: 3.3141  data_time: 0.0069  memory: 10825  grad_norm: 9.5790  loss: 21.5997  loss_cls: 4.7485  loss_bbox: 8.5631  loss_dfl: 8.2882
2025/07/05 13:47:49 - mmengine - INFO - Saving checkpoint at 62 epochs
2025/07/05 13:47:57 - mmengine - INFO - Epoch(val)  [62][ 50/800]    eta: 0:01:17  time: 0.1028  data_time: 0.0009  memory: 1000  
2025/07/05 13:48:03 - mmengine - INFO - Epoch(val)  [62][100/800]    eta: 0:01:13  time: 0.1081  data_time: 0.0005  memory: 1000  
2025/07/05 13:48:08 - mmengine - INFO - Epoch(val)  [62][150/800]    eta: 0:01:07  time: 0.1028  data_time: 0.0005  memory: 1000  
2025/07/05 13:48:13 - mmengine - INFO - Epoch(val)  [62][200/800]    eta: 0:01:01  time: 0.0941  data_time: 0.0004  memory: 1000  
2025/07/05 13:48:17 - mmengine - INFO - Epoch(val)  [62][250/800]    eta: 0:00:55  time: 0.0951  data_time: 0.0005  memory: 1000  
2025/07/05 13:48:23 - mmengine - INFO - Epoch(val)  [62][300/800]    eta: 0:00:51  time: 0.1099  data_time: 0.0004  memory: 1000  
2025/07/05 13:48:28 - mmengine - INFO - Epoch(val)  [62][350/800]    eta: 0:00:46  time: 0.1083  data_time: 0.0004  memory: 1000  
2025/07/05 13:48:34 - mmengine - INFO - Epoch(val)  [62][400/800]    eta: 0:00:41  time: 0.1095  data_time: 0.0004  memory: 1000  
2025/07/05 13:48:39 - mmengine - INFO - Epoch(val)  [62][450/800]    eta: 0:00:36  time: 0.1096  data_time: 0.0004  memory: 1000  
2025/07/05 13:48:45 - mmengine - INFO - Epoch(val)  [62][500/800]    eta: 0:00:31  time: 0.1086  data_time: 0.0004  memory: 1000  
2025/07/05 13:48:50 - mmengine - INFO - Epoch(val)  [62][550/800]    eta: 0:00:26  time: 0.1094  data_time: 0.0004  memory: 1000  
2025/07/05 13:48:56 - mmengine - INFO - Epoch(val)  [62][600/800]    eta: 0:00:21  time: 0.1097  data_time: 0.0004  memory: 1000  
2025/07/05 13:49:01 - mmengine - INFO - Epoch(val)  [62][650/800]    eta: 0:00:15  time: 0.1094  data_time: 0.0004  memory: 1000  
2025/07/05 13:49:07 - mmengine - INFO - Epoch(val)  [62][700/800]    eta: 0:00:10  time: 0.1062  data_time: 0.0004  memory: 1000  
2025/07/05 13:49:12 - mmengine - INFO - Epoch(val)  [62][750/800]    eta: 0:00:05  time: 0.1089  data_time: 0.0004  memory: 1000  
2025/07/05 13:49:17 - mmengine - INFO - Epoch(val)  [62][800/800]    eta: 0:00:00  time: 0.1095  data_time: 0.0003  memory: 1000  
2025/07/05 13:49:19 - mmengine - INFO - Evaluating bbox...
2025/07/05 13:49:33 - mmengine - INFO - 
+-------------+-------+--------+--------+-------+-------+-------+
| category    | mAP   | mAP_50 | mAP_75 | mAP_s | mAP_m | mAP_l |
+-------------+-------+--------+--------+-------+-------+-------+
| car         | 0.698 | 0.966  | 0.854  | 0.479 | 0.728 | 0.0   |
| truck       | 0.486 | 0.698  | 0.594  | 0.021 | 0.481 | 0.536 |
| bus         | 0.735 | 0.948  | 0.89   | 0.002 | 0.7   | 0.796 |
| van         | 0.432 | 0.611  | 0.565  | 0.28  | 0.429 | 0.657 |
| freight_car | 0.442 | 0.625  | 0.535  | 0.098 | 0.437 | 0.494 |
+-------------+-------+--------+--------+-------+-------+-------+
2025/07/05 13:49:33 - mmengine - INFO - bbox_mAP_copypaste: 0.559 0.770 0.688 0.176 0.555 0.497
2025/07/05 13:49:33 - mmengine - INFO - Epoch(val) [62][800/800]    coco/car_precision: 0.6980  coco/truck_precision: 0.4860  coco/bus_precision: 0.7350  coco/van_precision: 0.4320  coco/freight_car_precision: 0.4420  coco/bbox_mAP: 0.5590  coco/bbox_mAP_50: 0.7700  coco/bbox_mAP_75: 0.6880  coco/bbox_mAP_s: 0.1760  coco/bbox_mAP_m: 0.5550  coco/bbox_mAP_l: 0.4970  data_time: 0.0004  time: 0.1064
2025/07/05 13:49:33 - mmengine - INFO - The previous best checkpoint /data/nl/Mamba2Spectral/work_dirs/DroneVehicle/2025_06_30/yolov8_mambatransformer_enhance/best_coco_bbox_mAP_50_epoch_61.pth is removed
2025/07/05 13:49:35 - mmengine - INFO - The best checkpoint with 0.7700 coco/bbox_mAP_50 at 62 epoch is saved to best_coco_bbox_mAP_50_epoch_62.pth.
2025/07/05 13:52:27 - mmengine - INFO - Epoch(train)  [63][ 50/400]  base_lr: 1.0000e-02 lr: 6.9805e-03  eta: 2 days, 0:42:36  time: 3.3345  data_time: 0.0275  memory: 10884  grad_norm: 9.4187  loss: 21.8613  loss_cls: 4.8611  loss_bbox: 8.6362  loss_dfl: 8.3640
2025/07/05 13:54:39 - mmengine - INFO - Epoch(train)  [63][100/400]  base_lr: 1.0000e-02 lr: 6.9805e-03  eta: 2 days, 0:31:20  time: 2.6349  data_time: 0.0065  memory: 10719  grad_norm: 9.6162  loss: 21.5208  loss_cls: 4.7147  loss_bbox: 8.5100  loss_dfl: 8.2961
2025/07/05 13:56:23 - mmengine - INFO - Epoch(train)  [63][150/400]  base_lr: 1.0000e-02 lr: 6.9805e-03  eta: 2 days, 0:11:44  time: 2.0804  data_time: 0.0066  memory: 10868  grad_norm: 10.2848  loss: 21.7143  loss_cls: 4.8771  loss_bbox: 8.4286  loss_dfl: 8.4087
2025/07/05 13:59:08 - mmengine - INFO - Exp name: yolov8_mambatransformer_enhance_20250705_110818
2025/07/05 13:59:08 - mmengine - INFO - Epoch(train)  [63][200/400]  base_lr: 1.0000e-02 lr: 6.9805e-03  eta: 2 days, 0:11:32  time: 3.3099  data_time: 0.0059  memory: 10767  grad_norm: 10.3536  loss: 22.1708  loss_cls: 5.0566  loss_bbox: 8.6435  loss_dfl: 8.4706
2025/07/05 14:01:54 - mmengine - INFO - Epoch(train)  [63][250/400]  base_lr: 1.0000e-02 lr: 6.9805e-03  eta: 2 days, 0:11:13  time: 3.3084  data_time: 0.0057  memory: 11065  grad_norm: 10.3318  loss: 21.9995  loss_cls: 4.9361  loss_bbox: 8.6327  loss_dfl: 8.4306
2025/07/05 14:04:39 - mmengine - INFO - Epoch(train)  [63][300/400]  base_lr: 1.0000e-02 lr: 6.9805e-03  eta: 2 days, 0:10:49  time: 3.3083  data_time: 0.0058  memory: 10959  grad_norm: 10.0747  loss: 22.0524  loss_cls: 4.9410  loss_bbox: 8.6154  loss_dfl: 8.4959
2025/07/05 14:07:25 - mmengine - INFO - Epoch(train)  [63][350/400]  base_lr: 1.0000e-02 lr: 6.9805e-03  eta: 2 days, 0:10:23  time: 3.3115  data_time: 0.0058  memory: 10793  grad_norm: 9.9102  loss: 22.4907  loss_cls: 5.0183  loss_bbox: 8.8593  loss_dfl: 8.6131
2025/07/05 14:10:10 - mmengine - INFO - Exp name: yolov8_mambatransformer_enhance_20250705_110818
2025/07/05 14:10:10 - mmengine - INFO - Epoch(train)  [63][400/400]  base_lr: 1.0000e-02 lr: 6.9805e-03  eta: 2 days, 0:09:53  time: 3.3106  data_time: 0.0061  memory: 10884  grad_norm: 10.1336  loss: 21.8357  loss_cls: 4.8450  loss_bbox: 8.5812  loss_dfl: 8.4095
2025/07/05 14:10:10 - mmengine - INFO - Saving checkpoint at 63 epochs
2025/07/05 14:10:19 - mmengine - INFO - Epoch(val)  [63][ 50/800]    eta: 0:01:18  time: 0.1043  data_time: 0.0009  memory: 1000  
2025/07/05 14:10:24 - mmengine - INFO - Epoch(val)  [63][100/800]    eta: 0:01:13  time: 0.1046  data_time: 0.0004  memory: 1000  
2025/07/05 14:10:29 - mmengine - INFO - Epoch(val)  [63][150/800]    eta: 0:01:06  time: 0.0970  data_time: 0.0004  memory: 1000  
2025/07/05 14:10:34 - mmengine - INFO - Epoch(val)  [63][200/800]    eta: 0:01:02  time: 0.1078  data_time: 0.0004  memory: 1000  
2025/07/05 14:10:40 - mmengine - INFO - Epoch(val)  [63][250/800]    eta: 0:00:57  time: 0.1090  data_time: 0.0004  memory: 1000  
2025/07/05 14:10:45 - mmengine - INFO - Epoch(val)  [63][300/800]    eta: 0:00:52  time: 0.1091  data_time: 0.0004  memory: 1000  
2025/07/05 14:10:51 - mmengine - INFO - Epoch(val)  [63][350/800]    eta: 0:00:47  time: 0.1090  data_time: 0.0004  memory: 1000  
2025/07/05 14:10:55 - mmengine - INFO - Epoch(val)  [63][400/800]    eta: 0:00:41  time: 0.0952  data_time: 0.0003  memory: 1000  
2025/07/05 14:11:00 - mmengine - INFO - Epoch(val)  [63][450/800]    eta: 0:00:36  time: 0.0924  data_time: 0.0004  memory: 1000  
2025/07/05 14:11:05 - mmengine - INFO - Epoch(val)  [63][500/800]    eta: 0:00:30  time: 0.0909  data_time: 0.0003  memory: 1000  
2025/07/05 14:11:09 - mmengine - INFO - Epoch(val)  [63][550/800]    eta: 0:00:25  time: 0.0910  data_time: 0.0003  memory: 1000  
2025/07/05 14:11:14 - mmengine - INFO - Epoch(val)  [63][600/800]    eta: 0:00:20  time: 0.0908  data_time: 0.0003  memory: 1000  
2025/07/05 14:11:18 - mmengine - INFO - Epoch(val)  [63][650/800]    eta: 0:00:14  time: 0.0918  data_time: 0.0004  memory: 1000  
2025/07/05 14:11:23 - mmengine - INFO - Epoch(val)  [63][700/800]    eta: 0:00:09  time: 0.0906  data_time: 0.0003  memory: 1000  
2025/07/05 14:11:27 - mmengine - INFO - Epoch(val)  [63][750/800]    eta: 0:00:04  time: 0.0908  data_time: 0.0003  memory: 1000  
2025/07/05 14:11:32 - mmengine - INFO - Epoch(val)  [63][800/800]    eta: 0:00:00  time: 0.0914  data_time: 0.0003  memory: 1000  
2025/07/05 14:11:33 - mmengine - INFO - Evaluating bbox...
2025/07/05 14:11:47 - mmengine - INFO - 
+-------------+-------+--------+--------+-------+-------+-------+
| category    | mAP   | mAP_50 | mAP_75 | mAP_s | mAP_m | mAP_l |
+-------------+-------+--------+--------+-------+-------+-------+
| car         | 0.698 | 0.966  | 0.854  | 0.479 | 0.728 | 0.0   |
| truck       | 0.487 | 0.699  | 0.593  | 0.02  | 0.482 | 0.536 |
| bus         | 0.735 | 0.949  | 0.89   | 0.003 | 0.701 | 0.793 |
| van         | 0.433 | 0.613  | 0.567  | 0.283 | 0.43  | 0.664 |
| freight_car | 0.442 | 0.626  | 0.537  | 0.163 | 0.436 | 0.498 |
+-------------+-------+--------+--------+-------+-------+-------+
2025/07/05 14:11:47 - mmengine - INFO - bbox_mAP_copypaste: 0.559 0.771 0.688 0.189 0.555 0.498
2025/07/05 14:11:47 - mmengine - INFO - Epoch(val) [63][800/800]    coco/car_precision: 0.6980  coco/truck_precision: 0.4870  coco/bus_precision: 0.7350  coco/van_precision: 0.4330  coco/freight_car_precision: 0.4420  coco/bbox_mAP: 0.5590  coco/bbox_mAP_50: 0.7710  coco/bbox_mAP_75: 0.6880  coco/bbox_mAP_s: 0.1890  coco/bbox_mAP_m: 0.5550  coco/bbox_mAP_l: 0.4980  data_time: 0.0004  time: 0.0979
2025/07/05 14:11:47 - mmengine - INFO - The previous best checkpoint /data/nl/Mamba2Spectral/work_dirs/DroneVehicle/2025_06_30/yolov8_mambatransformer_enhance/best_coco_bbox_mAP_50_epoch_62.pth is removed
2025/07/05 14:11:50 - mmengine - INFO - The best checkpoint with 0.7710 coco/bbox_mAP_50 at 63 epoch is saved to best_coco_bbox_mAP_50_epoch_63.pth.
2025/07/05 14:14:41 - mmengine - INFO - Epoch(train)  [64][ 50/400]  base_lr: 1.0000e-02 lr: 6.9310e-03  eta: 2 days, 0:09:37  time: 3.3336  data_time: 0.0289  memory: 11258  grad_norm: 10.0284  loss: 21.7353  loss_cls: 4.8425  loss_bbox: 8.4983  loss_dfl: 8.3945
2025/07/05 14:17:27 - mmengine - INFO - Epoch(train)  [64][100/400]  base_lr: 1.0000e-02 lr: 6.9310e-03  eta: 2 days, 0:08:58  time: 3.3106  data_time: 0.0058  memory: 10825  grad_norm: 10.6066  loss: 22.0064  loss_cls: 4.9844  loss_bbox: 8.6141  loss_dfl: 8.4078
2025/07/05 14:20:12 - mmengine - INFO - Epoch(train)  [64][150/400]  base_lr: 1.0000e-02 lr: 6.9310e-03  eta: 2 days, 0:08:11  time: 3.3051  data_time: 0.0059  memory: 10932  grad_norm: 10.4473  loss: 21.9222  loss_cls: 5.0045  loss_bbox: 8.5226  loss_dfl: 8.3951
2025/07/05 14:22:58 - mmengine - INFO - Epoch(train)  [64][200/400]  base_lr: 1.0000e-02 lr: 6.9310e-03  eta: 2 days, 0:07:25  time: 3.3109  data_time: 0.0068  memory: 10879  grad_norm: 9.6672  loss: 21.6223  loss_cls: 4.7986  loss_bbox: 8.4335  loss_dfl: 8.3902
2025/07/05 14:24:50 - mmengine - INFO - Epoch(train)  [64][250/400]  base_lr: 1.0000e-02 lr: 6.9310e-03  eta: 1 day, 23:52:30  time: 2.2421  data_time: 0.0063  memory: 10921  grad_norm: 9.2148  loss: 21.4797  loss_cls: 4.7076  loss_bbox: 8.4484  loss_dfl: 8.3237
2025/07/05 14:27:01 - mmengine - INFO - Epoch(train)  [64][300/400]  base_lr: 1.0000e-02 lr: 6.9310e-03  eta: 1 day, 23:42:56  time: 2.6247  data_time: 0.0063  memory: 10815  grad_norm: 9.5602  loss: 21.4827  loss_cls: 4.7199  loss_bbox: 8.4323  loss_dfl: 8.3306
2025/07/05 14:29:47 - mmengine - INFO - Epoch(train)  [64][350/400]  base_lr: 1.0000e-02 lr: 6.9310e-03  eta: 1 day, 23:42:22  time: 3.3131  data_time: 0.0060  memory: 10655  grad_norm: 9.6918  loss: 22.0169  loss_cls: 5.0006  loss_bbox: 8.6478  loss_dfl: 8.3684
2025/07/05 14:32:33 - mmengine - INFO - Exp name: yolov8_mambatransformer_enhance_20250705_110818
2025/07/05 14:32:33 - mmengine - INFO - Epoch(train)  [64][400/400]  base_lr: 1.0000e-02 lr: 6.9310e-03  eta: 1 day, 23:41:49  time: 3.3194  data_time: 0.0059  memory: 10921  grad_norm: 9.3209  loss: 21.2364  loss_cls: 4.7111  loss_bbox: 8.2702  loss_dfl: 8.2551
2025/07/05 14:32:33 - mmengine - INFO - Saving checkpoint at 64 epochs
2025/07/05 14:32:41 - mmengine - INFO - Epoch(val)  [64][ 50/800]    eta: 0:01:15  time: 0.1012  data_time: 0.0009  memory: 1000  
2025/07/05 14:32:46 - mmengine - INFO - Epoch(val)  [64][100/800]    eta: 0:01:14  time: 0.1103  data_time: 0.0004  memory: 1000  
2025/07/05 14:32:52 - mmengine - INFO - Epoch(val)  [64][150/800]    eta: 0:01:10  time: 0.1118  data_time: 0.0019  memory: 1000  
2025/07/05 14:32:58 - mmengine - INFO - Epoch(val)  [64][200/800]    eta: 0:01:06  time: 0.1195  data_time: 0.0037  memory: 1000  
2025/07/05 14:33:04 - mmengine - INFO - Epoch(val)  [64][250/800]    eta: 0:01:02  time: 0.1218  data_time: 0.0006  memory: 1000  
2025/07/05 14:33:10 - mmengine - INFO - Epoch(val)  [64][300/800]    eta: 0:00:57  time: 0.1201  data_time: 0.0013  memory: 1000  
2025/07/05 14:33:16 - mmengine - INFO - Epoch(val)  [64][350/800]    eta: 0:00:51  time: 0.1194  data_time: 0.0016  memory: 1000  
2025/07/05 14:33:22 - mmengine - INFO - Epoch(val)  [64][400/800]    eta: 0:00:46  time: 0.1214  data_time: 0.0028  memory: 1000  
2025/07/05 14:33:28 - mmengine - INFO - Epoch(val)  [64][450/800]    eta: 0:00:40  time: 0.1192  data_time: 0.0004  memory: 1000  
2025/07/05 14:33:34 - mmengine - INFO - Epoch(val)  [64][500/800]    eta: 0:00:34  time: 0.1197  data_time: 0.0004  memory: 1000  
2025/07/05 14:33:40 - mmengine - INFO - Epoch(val)  [64][550/800]    eta: 0:00:29  time: 0.1209  data_time: 0.0004  memory: 1000  
2025/07/05 14:33:46 - mmengine - INFO - Epoch(val)  [64][600/800]    eta: 0:00:23  time: 0.1185  data_time: 0.0004  memory: 1000  
2025/07/05 14:33:52 - mmengine - INFO - Epoch(val)  [64][650/800]    eta: 0:00:17  time: 0.1192  data_time: 0.0004  memory: 1000  
2025/07/05 14:33:58 - mmengine - INFO - Epoch(val)  [64][700/800]    eta: 0:00:11  time: 0.1204  data_time: 0.0004  memory: 1000  
2025/07/05 14:34:04 - mmengine - INFO - Epoch(val)  [64][750/800]    eta: 0:00:05  time: 0.1198  data_time: 0.0004  memory: 1000  
2025/07/05 14:34:10 - mmengine - INFO - Epoch(val)  [64][800/800]    eta: 0:00:00  time: 0.1196  data_time: 0.0004  memory: 1000  
2025/07/05 14:34:12 - mmengine - INFO - Evaluating bbox...
2025/07/05 14:34:25 - mmengine - INFO - 
+-------------+-------+--------+--------+-------+-------+-------+
| category    | mAP   | mAP_50 | mAP_75 | mAP_s | mAP_m | mAP_l |
+-------------+-------+--------+--------+-------+-------+-------+
| car         | 0.698 | 0.966  | 0.854  | 0.48  | 0.728 | 0.0   |
| truck       | 0.487 | 0.699  | 0.595  | 0.022 | 0.482 | 0.54  |
| bus         | 0.735 | 0.949  | 0.89   | 0.002 | 0.701 | 0.793 |
| van         | 0.434 | 0.614  | 0.568  | 0.283 | 0.431 | 0.665 |
| freight_car | 0.443 | 0.628  | 0.529  | 0.161 | 0.439 | 0.491 |
+-------------+-------+--------+--------+-------+-------+-------+
2025/07/05 14:34:25 - mmengine - INFO - bbox_mAP_copypaste: 0.559 0.771 0.687 0.190 0.556 0.498
2025/07/05 14:34:25 - mmengine - INFO - Epoch(val) [64][800/800]    coco/car_precision: 0.6980  coco/truck_precision: 0.4870  coco/bus_precision: 0.7350  coco/van_precision: 0.4340  coco/freight_car_precision: 0.4430  coco/bbox_mAP: 0.5590  coco/bbox_mAP_50: 0.7710  coco/bbox_mAP_75: 0.6870  coco/bbox_mAP_s: 0.1900  coco/bbox_mAP_m: 0.5560  coco/bbox_mAP_l: 0.4980  data_time: 0.0010  time: 0.1176
2025/07/05 14:37:12 - mmengine - INFO - Epoch(train)  [65][ 50/400]  base_lr: 1.0000e-02 lr: 6.8815e-03  eta: 1 day, 23:41:21  time: 3.3308  data_time: 0.0274  memory: 10649  grad_norm: 9.0566  loss: 21.4426  loss_cls: 4.7136  loss_bbox: 8.3977  loss_dfl: 8.3312
2025/07/05 14:39:58 - mmengine - INFO - Epoch(train)  [65][100/400]  base_lr: 1.0000e-02 lr: 6.8815e-03  eta: 1 day, 23:40:41  time: 3.3193  data_time: 0.0060  memory: 10863  grad_norm: 9.4512  loss: 21.7425  loss_cls: 4.7313  loss_bbox: 8.6011  loss_dfl: 8.4102
2025/07/05 14:42:44 - mmengine - INFO - Epoch(train)  [65][150/400]  base_lr: 1.0000e-02 lr: 6.8815e-03  eta: 1 day, 23:39:54  time: 3.3146  data_time: 0.0064  memory: 10991  grad_norm: 9.4064  loss: 21.4856  loss_cls: 4.6424  loss_bbox: 8.4827  loss_dfl: 8.3604
2025/07/05 14:45:29 - mmengine - INFO - Epoch(train)  [65][200/400]  base_lr: 1.0000e-02 lr: 6.8815e-03  eta: 1 day, 23:39:03  time: 3.3138  data_time: 0.0061  memory: 11055  grad_norm: 9.3236  loss: 21.3013  loss_cls: 4.7645  loss_bbox: 8.2712  loss_dfl: 8.2656
2025/07/05 14:48:15 - mmengine - INFO - Epoch(train)  [65][250/400]  base_lr: 1.0000e-02 lr: 6.8815e-03  eta: 1 day, 23:38:10  time: 3.3146  data_time: 0.0067  memory: 10916  grad_norm: 9.8817  loss: 21.3865  loss_cls: 4.6866  loss_bbox: 8.3633  loss_dfl: 8.3367
2025/07/05 14:51:01 - mmengine - INFO - Epoch(train)  [65][300/400]  base_lr: 1.0000e-02 lr: 6.8815e-03  eta: 1 day, 23:37:13  time: 3.3136  data_time: 0.0061  memory: 10937  grad_norm: 10.2751  loss: 21.8535  loss_cls: 4.7733  loss_bbox: 8.6375  loss_dfl: 8.4426
2025/07/05 14:53:20 - mmengine - INFO - Epoch(train)  [65][350/400]  base_lr: 1.0000e-02 lr: 6.8815e-03  eta: 1 day, 23:30:11  time: 2.7825  data_time: 0.0068  memory: 10916  grad_norm: 9.2547  loss: 21.4217  loss_cls: 4.7369  loss_bbox: 8.4947  loss_dfl: 8.1902
2025/07/05 14:55:03 - mmengine - INFO - Exp name: yolov8_mambatransformer_enhance_20250705_110818
2025/07/05 14:55:03 - mmengine - INFO - Epoch(train)  [65][400/400]  base_lr: 1.0000e-02 lr: 6.8815e-03  eta: 1 day, 23:15:08  time: 2.0603  data_time: 0.0068  memory: 10777  grad_norm: 9.5169  loss: 21.6137  loss_cls: 4.8349  loss_bbox: 8.5272  loss_dfl: 8.2515
2025/07/05 14:55:03 - mmengine - INFO - Saving checkpoint at 65 epochs
2025/07/05 14:55:12 - mmengine - INFO - Epoch(val)  [65][ 50/800]    eta: 0:01:22  time: 0.1103  data_time: 0.0010  memory: 1000  
2025/07/05 14:55:17 - mmengine - INFO - Epoch(val)  [65][100/800]    eta: 0:01:14  time: 0.1039  data_time: 0.0004  memory: 1000  
2025/07/05 14:55:22 - mmengine - INFO - Epoch(val)  [65][150/800]    eta: 0:01:06  time: 0.0926  data_time: 0.0003  memory: 1000  
2025/07/05 14:55:26 - mmengine - INFO - Epoch(val)  [65][200/800]    eta: 0:00:59  time: 0.0924  data_time: 0.0003  memory: 1000  
2025/07/05 14:55:31 - mmengine - INFO - Epoch(val)  [65][250/800]    eta: 0:00:54  time: 0.0928  data_time: 0.0003  memory: 1000  
2025/07/05 14:55:35 - mmengine - INFO - Epoch(val)  [65][300/800]    eta: 0:00:48  time: 0.0915  data_time: 0.0003  memory: 1000  
2025/07/05 14:55:40 - mmengine - INFO - Epoch(val)  [65][350/800]    eta: 0:00:43  time: 0.0916  data_time: 0.0003  memory: 1000  
2025/07/05 14:55:45 - mmengine - INFO - Epoch(val)  [65][400/800]    eta: 0:00:38  time: 0.0936  data_time: 0.0004  memory: 1000  
2025/07/05 14:55:49 - mmengine - INFO - Epoch(val)  [65][450/800]    eta: 0:00:33  time: 0.0928  data_time: 0.0003  memory: 1000  
2025/07/05 14:55:54 - mmengine - INFO - Epoch(val)  [65][500/800]    eta: 0:00:28  time: 0.0920  data_time: 0.0003  memory: 1000  
2025/07/05 14:55:59 - mmengine - INFO - Epoch(val)  [65][550/800]    eta: 0:00:23  time: 0.0927  data_time: 0.0003  memory: 1000  
2025/07/05 14:56:03 - mmengine - INFO - Epoch(val)  [65][600/800]    eta: 0:00:18  time: 0.0936  data_time: 0.0004  memory: 1000  
2025/07/05 14:56:08 - mmengine - INFO - Epoch(val)  [65][650/800]    eta: 0:00:14  time: 0.0928  data_time: 0.0003  memory: 1000  
2025/07/05 14:56:14 - mmengine - INFO - Epoch(val)  [65][700/800]    eta: 0:00:09  time: 0.1276  data_time: 0.0004  memory: 1000  
2025/07/05 14:56:21 - mmengine - INFO - Epoch(val)  [65][750/800]    eta: 0:00:04  time: 0.1383  data_time: 0.0004  memory: 1000  
2025/07/05 14:56:28 - mmengine - INFO - Epoch(val)  [65][800/800]    eta: 0:00:00  time: 0.1369  data_time: 0.0004  memory: 1000  
2025/07/05 14:56:30 - mmengine - INFO - Evaluating bbox...
2025/07/05 14:56:43 - mmengine - INFO - 
+-------------+-------+--------+--------+-------+-------+-------+
| category    | mAP   | mAP_50 | mAP_75 | mAP_s | mAP_m | mAP_l |
+-------------+-------+--------+--------+-------+-------+-------+
| car         | 0.698 | 0.966  | 0.853  | 0.48  | 0.728 | 0.0   |
| truck       | 0.489 | 0.701  | 0.598  | 0.022 | 0.484 | 0.541 |
| bus         | 0.733 | 0.949  | 0.886  | 0.002 | 0.7   | 0.791 |
| van         | 0.436 | 0.616  | 0.569  | 0.284 | 0.432 | 0.67  |
| freight_car | 0.444 | 0.63   | 0.531  | 0.158 | 0.441 | 0.493 |
+-------------+-------+--------+--------+-------+-------+-------+
2025/07/05 14:56:43 - mmengine - INFO - bbox_mAP_copypaste: 0.560 0.772 0.687 0.189 0.557 0.499
2025/07/05 14:56:44 - mmengine - INFO - Epoch(val) [65][800/800]    coco/car_precision: 0.6980  coco/truck_precision: 0.4890  coco/bus_precision: 0.7330  coco/van_precision: 0.4360  coco/freight_car_precision: 0.4440  coco/bbox_mAP: 0.5600  coco/bbox_mAP_50: 0.7720  coco/bbox_mAP_75: 0.6870  coco/bbox_mAP_s: 0.1890  coco/bbox_mAP_m: 0.5570  coco/bbox_mAP_l: 0.4990  data_time: 0.0004  time: 0.1022
2025/07/05 14:56:44 - mmengine - INFO - The previous best checkpoint /data/nl/Mamba2Spectral/work_dirs/DroneVehicle/2025_06_30/yolov8_mambatransformer_enhance/best_coco_bbox_mAP_50_epoch_63.pth is removed
2025/07/05 14:56:46 - mmengine - INFO - The best checkpoint with 0.7720 coco/bbox_mAP_50 at 65 epoch is saved to best_coco_bbox_mAP_50_epoch_65.pth.
2025/07/05 14:59:37 - mmengine - INFO - Epoch(train)  [66][ 50/400]  base_lr: 1.0000e-02 lr: 6.8320e-03  eta: 1 day, 23:14:31  time: 3.3322  data_time: 0.0286  memory: 10857  grad_norm: 9.1728  loss: 21.4750  loss_cls: 4.7419  loss_bbox: 8.4474  loss_dfl: 8.2857
2025/07/05 15:02:23 - mmengine - INFO - Epoch(train)  [66][100/400]  base_lr: 1.0000e-02 lr: 6.8320e-03  eta: 1 day, 23:13:37  time: 3.3094  data_time: 0.0057  memory: 10681  grad_norm: 9.2648  loss: 21.3241  loss_cls: 4.6666  loss_bbox: 8.3468  loss_dfl: 8.3108
2025/07/05 15:05:08 - mmengine - INFO - Epoch(train)  [66][150/400]  base_lr: 1.0000e-02 lr: 6.8320e-03  eta: 1 day, 23:12:41  time: 3.3114  data_time: 0.0058  memory: 10996  grad_norm: 9.8307  loss: 21.8378  loss_cls: 4.7755  loss_bbox: 8.6653  loss_dfl: 8.3969
2025/07/05 15:07:54 - mmengine - INFO - Epoch(train)  [66][200/400]  base_lr: 1.0000e-02 lr: 6.8320e-03  eta: 1 day, 23:11:44  time: 3.3133  data_time: 0.0060  memory: 10602  grad_norm: 9.7705  loss: 21.8079  loss_cls: 4.9133  loss_bbox: 8.5175  loss_dfl: 8.3771
2025/07/05 15:10:40 - mmengine - INFO - Epoch(train)  [66][250/400]  base_lr: 1.0000e-02 lr: 6.8320e-03  eta: 1 day, 23:10:43  time: 3.3117  data_time: 0.0069  memory: 10943  grad_norm: 10.6289  loss: 21.7084  loss_cls: 4.8136  loss_bbox: 8.5426  loss_dfl: 8.3522
2025/07/05 15:13:25 - mmengine - INFO - Epoch(train)  [66][300/400]  base_lr: 1.0000e-02 lr: 6.8320e-03  eta: 1 day, 23:09:39  time: 3.3106  data_time: 0.0065  memory: 10617  grad_norm: 10.3033  loss: 21.6531  loss_cls: 4.8603  loss_bbox: 8.4127  loss_dfl: 8.3801
2025/07/05 15:16:11 - mmengine - INFO - Epoch(train)  [66][350/400]  base_lr: 1.0000e-02 lr: 6.8320e-03  eta: 1 day, 23:08:36  time: 3.3155  data_time: 0.0066  memory: 10991  grad_norm: 9.8499  loss: 21.3601  loss_cls: 4.6511  loss_bbox: 8.3960  loss_dfl: 8.3130
2025/07/05 15:18:57 - mmengine - INFO - Exp name: yolov8_mambatransformer_enhance_20250705_110818
2025/07/05 15:18:57 - mmengine - INFO - Epoch(train)  [66][400/400]  base_lr: 1.0000e-02 lr: 6.8320e-03  eta: 1 day, 23:07:29  time: 3.3135  data_time: 0.0066  memory: 10825  grad_norm: 9.7937  loss: 21.6015  loss_cls: 4.6983  loss_bbox: 8.5725  loss_dfl: 8.3307
2025/07/05 15:18:57 - mmengine - INFO - Saving checkpoint at 66 epochs
2025/07/05 15:19:05 - mmengine - INFO - Epoch(val)  [66][ 50/800]    eta: 0:01:15  time: 0.1000  data_time: 0.0009  memory: 1000  
2025/07/05 15:19:10 - mmengine - INFO - Epoch(val)  [66][100/800]    eta: 0:01:08  time: 0.0968  data_time: 0.0004  memory: 1000  
2025/07/05 15:19:15 - mmengine - INFO - Epoch(val)  [66][150/800]    eta: 0:01:06  time: 0.1094  data_time: 0.0003  memory: 1000  
2025/07/05 15:19:21 - mmengine - INFO - Epoch(val)  [66][200/800]    eta: 0:01:02  time: 0.1097  data_time: 0.0004  memory: 1000  
2025/07/05 15:19:27 - mmengine - INFO - Epoch(val)  [66][250/800]    eta: 0:00:59  time: 0.1214  data_time: 0.0005  memory: 1000  
2025/07/05 15:19:32 - mmengine - INFO - Epoch(val)  [66][300/800]    eta: 0:00:53  time: 0.1086  data_time: 0.0004  memory: 1000  
2025/07/05 15:19:38 - mmengine - INFO - Epoch(val)  [66][350/800]    eta: 0:00:48  time: 0.1090  data_time: 0.0004  memory: 1000  
2025/07/05 15:19:43 - mmengine - INFO - Epoch(val)  [66][400/800]    eta: 0:00:43  time: 0.1092  data_time: 0.0004  memory: 1000  
2025/07/05 15:19:49 - mmengine - INFO - Epoch(val)  [66][450/800]    eta: 0:00:37  time: 0.1095  data_time: 0.0004  memory: 1000  
2025/07/05 15:19:54 - mmengine - INFO - Epoch(val)  [66][500/800]    eta: 0:00:32  time: 0.1100  data_time: 0.0004  memory: 1000  
2025/07/05 15:20:00 - mmengine - INFO - Epoch(val)  [66][550/800]    eta: 0:00:27  time: 0.1098  data_time: 0.0004  memory: 1000  
2025/07/05 15:20:05 - mmengine - INFO - Epoch(val)  [66][600/800]    eta: 0:00:21  time: 0.1098  data_time: 0.0004  memory: 1000  
2025/07/05 15:20:11 - mmengine - INFO - Epoch(val)  [66][650/800]    eta: 0:00:16  time: 0.1104  data_time: 0.0004  memory: 1000  
2025/07/05 15:20:16 - mmengine - INFO - Epoch(val)  [66][700/800]    eta: 0:00:10  time: 0.1124  data_time: 0.0004  memory: 1000  
2025/07/05 15:20:22 - mmengine - INFO - Epoch(val)  [66][750/800]    eta: 0:00:05  time: 0.1112  data_time: 0.0003  memory: 1000  
2025/07/05 15:20:28 - mmengine - INFO - Epoch(val)  [66][800/800]    eta: 0:00:00  time: 0.1118  data_time: 0.0003  memory: 1000  
2025/07/05 15:20:29 - mmengine - INFO - Evaluating bbox...
2025/07/05 15:20:43 - mmengine - INFO - 
+-------------+-------+--------+--------+-------+-------+-------+
| category    | mAP   | mAP_50 | mAP_75 | mAP_s | mAP_m | mAP_l |
+-------------+-------+--------+--------+-------+-------+-------+
| car         | 0.698 | 0.966  | 0.853  | 0.48  | 0.729 | 0.0   |
| truck       | 0.49  | 0.702  | 0.598  | 0.022 | 0.485 | 0.541 |
| bus         | 0.734 | 0.949  | 0.886  | 0.002 | 0.7   | 0.792 |
| van         | 0.437 | 0.617  | 0.57   | 0.285 | 0.433 | 0.672 |
| freight_car | 0.446 | 0.631  | 0.533  | 0.156 | 0.442 | 0.495 |
+-------------+-------+--------+--------+-------+-------+-------+
2025/07/05 15:20:43 - mmengine - INFO - bbox_mAP_copypaste: 0.561 0.773 0.688 0.189 0.558 0.500
2025/07/05 15:20:43 - mmengine - INFO - Epoch(val) [66][800/800]    coco/car_precision: 0.6980  coco/truck_precision: 0.4900  coco/bus_precision: 0.7340  coco/van_precision: 0.4370  coco/freight_car_precision: 0.4460  coco/bbox_mAP: 0.5610  coco/bbox_mAP_50: 0.7730  coco/bbox_mAP_75: 0.6880  coco/bbox_mAP_s: 0.1890  coco/bbox_mAP_m: 0.5580  coco/bbox_mAP_l: 0.5000  data_time: 0.0004  time: 0.1093
2025/07/05 15:20:43 - mmengine - INFO - The previous best checkpoint /data/nl/Mamba2Spectral/work_dirs/DroneVehicle/2025_06_30/yolov8_mambatransformer_enhance/best_coco_bbox_mAP_50_epoch_65.pth is removed
2025/07/05 15:20:46 - mmengine - INFO - The best checkpoint with 0.7730 coco/bbox_mAP_50 at 66 epoch is saved to best_coco_bbox_mAP_50_epoch_66.pth.
2025/07/05 15:22:34 - mmengine - INFO - Epoch(train)  [67][ 50/400]  base_lr: 1.0000e-02 lr: 6.7825e-03  eta: 1 day, 22:53:51  time: 2.0687  data_time: 0.0313  memory: 11193  grad_norm: 9.9191  loss: 21.7606  loss_cls: 4.8344  loss_bbox: 8.4709  loss_dfl: 8.4553
2025/07/05 15:24:45 - mmengine - INFO - Epoch(train)  [67][100/400]  base_lr: 1.0000e-02 lr: 6.7825e-03  eta: 1 day, 22:46:02  time: 2.6287  data_time: 0.0072  memory: 10884  grad_norm: 9.4801  loss: 21.3995  loss_cls: 4.7203  loss_bbox: 8.3912  loss_dfl: 8.2879
2025/07/05 15:27:31 - mmengine - INFO - Epoch(train)  [67][150/400]  base_lr: 1.0000e-02 lr: 6.7825e-03  eta: 1 day, 22:45:01  time: 3.3107  data_time: 0.0059  memory: 10873  grad_norm: 9.2704  loss: 21.3821  loss_cls: 4.6661  loss_bbox: 8.4721  loss_dfl: 8.2439
2025/07/05 15:30:16 - mmengine - INFO - Epoch(train)  [67][200/400]  base_lr: 1.0000e-02 lr: 6.7825e-03  eta: 1 day, 22:43:57  time: 3.3095  data_time: 0.0060  memory: 10799  grad_norm: 10.6838  loss: 21.8399  loss_cls: 4.8375  loss_bbox: 8.5399  loss_dfl: 8.4626
2025/07/05 15:33:02 - mmengine - INFO - Epoch(train)  [67][250/400]  base_lr: 1.0000e-02 lr: 6.7825e-03  eta: 1 day, 22:42:53  time: 3.3142  data_time: 0.0068  memory: 10745  grad_norm: 9.8507  loss: 21.3999  loss_cls: 4.6721  loss_bbox: 8.3815  loss_dfl: 8.3463
2025/07/05 15:35:48 - mmengine - INFO - Epoch(train)  [67][300/400]  base_lr: 1.0000e-02 lr: 6.7825e-03  eta: 1 day, 22:41:49  time: 3.3173  data_time: 0.0075  memory: 11065  grad_norm: 10.6248  loss: 21.8510  loss_cls: 4.9082  loss_bbox: 8.4614  loss_dfl: 8.4814
2025/07/05 15:38:34 - mmengine - INFO - Epoch(train)  [67][350/400]  base_lr: 1.0000e-02 lr: 6.7825e-03  eta: 1 day, 22:40:44  time: 3.3188  data_time: 0.0061  memory: 10868  grad_norm: 10.0597  loss: 21.8089  loss_cls: 4.8081  loss_bbox: 8.6396  loss_dfl: 8.3612
2025/07/05 15:41:19 - mmengine - INFO - Exp name: yolov8_mambatransformer_enhance_20250705_110818
2025/07/05 15:41:19 - mmengine - INFO - Epoch(train)  [67][400/400]  base_lr: 1.0000e-02 lr: 6.7825e-03  eta: 1 day, 22:39:33  time: 3.3127  data_time: 0.0057  memory: 10810  grad_norm: 9.2094  loss: 21.3095  loss_cls: 4.7164  loss_bbox: 8.4115  loss_dfl: 8.1816
2025/07/05 15:41:19 - mmengine - INFO - Saving checkpoint at 67 epochs
2025/07/05 15:41:27 - mmengine - INFO - Epoch(val)  [67][ 50/800]    eta: 0:01:11  time: 0.0953  data_time: 0.0010  memory: 1000  
2025/07/05 15:41:32 - mmengine - INFO - Epoch(val)  [67][100/800]    eta: 0:01:07  time: 0.0977  data_time: 0.0004  memory: 1000  
2025/07/05 15:41:38 - mmengine - INFO - Epoch(val)  [67][150/800]    eta: 0:01:05  time: 0.1092  data_time: 0.0004  memory: 1000  
2025/07/05 15:41:43 - mmengine - INFO - Epoch(val)  [67][200/800]    eta: 0:01:01  time: 0.1104  data_time: 0.0004  memory: 1000  
2025/07/05 15:41:49 - mmengine - INFO - Epoch(val)  [67][250/800]    eta: 0:00:57  time: 0.1097  data_time: 0.0004  memory: 1000  
2025/07/05 15:41:54 - mmengine - INFO - Epoch(val)  [67][300/800]    eta: 0:00:52  time: 0.1099  data_time: 0.0004  memory: 1000  
2025/07/05 15:42:00 - mmengine - INFO - Epoch(val)  [67][350/800]    eta: 0:00:47  time: 0.1096  data_time: 0.0004  memory: 1000  
2025/07/05 15:42:05 - mmengine - INFO - Epoch(val)  [67][400/800]    eta: 0:00:42  time: 0.1090  data_time: 0.0004  memory: 1000  
2025/07/05 15:42:10 - mmengine - INFO - Epoch(val)  [67][450/800]    eta: 0:00:37  time: 0.1026  data_time: 0.0004  memory: 1000  
2025/07/05 15:42:15 - mmengine - INFO - Epoch(val)  [67][500/800]    eta: 0:00:31  time: 0.0910  data_time: 0.0003  memory: 1000  
2025/07/05 15:42:19 - mmengine - INFO - Epoch(val)  [67][550/800]    eta: 0:00:25  time: 0.0904  data_time: 0.0003  memory: 1000  
2025/07/05 15:42:24 - mmengine - INFO - Epoch(val)  [67][600/800]    eta: 0:00:20  time: 0.0908  data_time: 0.0003  memory: 1000  
2025/07/05 15:42:29 - mmengine - INFO - Epoch(val)  [67][650/800]    eta: 0:00:15  time: 0.0925  data_time: 0.0003  memory: 1000  
2025/07/05 15:42:33 - mmengine - INFO - Epoch(val)  [67][700/800]    eta: 0:00:10  time: 0.0931  data_time: 0.0003  memory: 1000  
2025/07/05 15:42:38 - mmengine - INFO - Epoch(val)  [67][750/800]    eta: 0:00:05  time: 0.0937  data_time: 0.0003  memory: 1000  
2025/07/05 15:42:43 - mmengine - INFO - Epoch(val)  [67][800/800]    eta: 0:00:00  time: 0.0934  data_time: 0.0003  memory: 1000  
2025/07/05 15:42:44 - mmengine - INFO - Evaluating bbox...
2025/07/05 15:42:58 - mmengine - INFO - 
+-------------+-------+--------+--------+-------+-------+-------+
| category    | mAP   | mAP_50 | mAP_75 | mAP_s | mAP_m | mAP_l |
+-------------+-------+--------+--------+-------+-------+-------+
| car         | 0.698 | 0.966  | 0.854  | 0.48  | 0.729 | 0.0   |
| truck       | 0.493 | 0.704  | 0.603  | 0.024 | 0.489 | 0.542 |
| bus         | 0.736 | 0.949  | 0.892  | 0.003 | 0.702 | 0.796 |
| van         | 0.439 | 0.62   | 0.563  | 0.286 | 0.434 | 0.687 |
| freight_car | 0.448 | 0.633  | 0.539  | 0.156 | 0.443 | 0.5   |
+-------------+-------+--------+--------+-------+-------+-------+
2025/07/05 15:42:58 - mmengine - INFO - bbox_mAP_copypaste: 0.563 0.774 0.690 0.190 0.559 0.505
2025/07/05 15:42:58 - mmengine - INFO - Epoch(val) [67][800/800]    coco/car_precision: 0.6980  coco/truck_precision: 0.4930  coco/bus_precision: 0.7360  coco/van_precision: 0.4390  coco/freight_car_precision: 0.4480  coco/bbox_mAP: 0.5630  coco/bbox_mAP_50: 0.7740  coco/bbox_mAP_75: 0.6900  coco/bbox_mAP_s: 0.1900  coco/bbox_mAP_m: 0.5590  coco/bbox_mAP_l: 0.5050  data_time: 0.0004  time: 0.0999
2025/07/05 15:42:58 - mmengine - INFO - The previous best checkpoint /data/nl/Mamba2Spectral/work_dirs/DroneVehicle/2025_06_30/yolov8_mambatransformer_enhance/best_coco_bbox_mAP_50_epoch_66.pth is removed
2025/07/05 15:43:01 - mmengine - INFO - The best checkpoint with 0.7740 coco/bbox_mAP_50 at 67 epoch is saved to best_coco_bbox_mAP_50_epoch_67.pth.
2025/07/05 15:45:53 - mmengine - INFO - Epoch(train)  [68][ 50/400]  base_lr: 1.0000e-02 lr: 6.7330e-03  eta: 1 day, 22:38:32  time: 3.3348  data_time: 0.0290  memory: 10857  grad_norm: 9.3038  loss: 21.0915  loss_cls: 4.5099  loss_bbox: 8.3530  loss_dfl: 8.2286
2025/07/05 15:48:38 - mmengine - INFO - Epoch(train)  [68][100/400]  base_lr: 1.0000e-02 lr: 6.7330e-03  eta: 1 day, 22:37:18  time: 3.3130  data_time: 0.0060  memory: 11076  grad_norm: 9.6538  loss: 21.5451  loss_cls: 4.7781  loss_bbox: 8.4545  loss_dfl: 8.3125
2025/07/05 15:51:03 - mmengine - INFO - Epoch(train)  [68][150/400]  base_lr: 1.0000e-02 lr: 6.7330e-03  eta: 1 day, 22:32:17  time: 2.8944  data_time: 0.0064  memory: 10767  grad_norm: 10.0677  loss: 21.6365  loss_cls: 4.7324  loss_bbox: 8.5514  loss_dfl: 8.3528
2025/07/05 15:52:42 - mmengine - INFO - Exp name: yolov8_mambatransformer_enhance_20250705_110818
2025/07/05 15:52:42 - mmengine - INFO - Epoch(train)  [68][200/400]  base_lr: 1.0000e-02 lr: 6.7330e-03  eta: 1 day, 22:19:11  time: 1.9735  data_time: 0.0074  memory: 10825  grad_norm: 10.2399  loss: 21.6301  loss_cls: 4.8500  loss_bbox: 8.4334  loss_dfl: 8.3467
2025/07/05 15:55:17 - mmengine - INFO - Epoch(train)  [68][250/400]  base_lr: 1.0000e-02 lr: 6.7330e-03  eta: 1 day, 22:16:08  time: 3.0970  data_time: 0.0058  memory: 10895  grad_norm: 9.4657  loss: 21.4861  loss_cls: 4.7827  loss_bbox: 8.4720  loss_dfl: 8.2313
2025/07/05 15:58:02 - mmengine - INFO - Epoch(train)  [68][300/400]  base_lr: 1.0000e-02 lr: 6.7330e-03  eta: 1 day, 22:14:57  time: 3.3113  data_time: 0.0056  memory: 10964  grad_norm: 10.2913  loss: 21.7618  loss_cls: 4.7446  loss_bbox: 8.6810  loss_dfl: 8.3362
2025/07/05 16:00:48 - mmengine - INFO - Epoch(train)  [68][350/400]  base_lr: 1.0000e-02 lr: 6.7330e-03  eta: 1 day, 22:13:44  time: 3.3130  data_time: 0.0059  memory: 10793  grad_norm: 9.5625  loss: 21.2420  loss_cls: 4.7220  loss_bbox: 8.3313  loss_dfl: 8.1888
2025/07/05 16:03:33 - mmengine - INFO - Exp name: yolov8_mambatransformer_enhance_20250705_110818
2025/07/05 16:03:33 - mmengine - INFO - Epoch(train)  [68][400/400]  base_lr: 1.0000e-02 lr: 6.7330e-03  eta: 1 day, 22:12:28  time: 3.3090  data_time: 0.0056  memory: 10740  grad_norm: 9.6975  loss: 21.3991  loss_cls: 4.7324  loss_bbox: 8.3929  loss_dfl: 8.2737
2025/07/05 16:03:33 - mmengine - INFO - Saving checkpoint at 68 epochs
2025/07/05 16:03:41 - mmengine - INFO - Epoch(val)  [68][ 50/800]    eta: 0:01:12  time: 0.0962  data_time: 0.0009  memory: 1000  
2025/07/05 16:03:46 - mmengine - INFO - Epoch(val)  [68][100/800]    eta: 0:01:05  time: 0.0914  data_time: 0.0003  memory: 1000  
2025/07/05 16:03:51 - mmengine - INFO - Epoch(val)  [68][150/800]    eta: 0:01:01  time: 0.0972  data_time: 0.0004  memory: 1000  
2025/07/05 16:03:55 - mmengine - INFO - Epoch(val)  [68][200/800]    eta: 0:00:56  time: 0.0900  data_time: 0.0003  memory: 1000  
2025/07/05 16:04:00 - mmengine - INFO - Epoch(val)  [68][250/800]    eta: 0:00:51  time: 0.0901  data_time: 0.0003  memory: 1000  
2025/07/05 16:04:05 - mmengine - INFO - Epoch(val)  [68][300/800]    eta: 0:00:46  time: 0.0917  data_time: 0.0003  memory: 1000  
2025/07/05 16:04:09 - mmengine - INFO - Epoch(val)  [68][350/800]    eta: 0:00:41  time: 0.0913  data_time: 0.0003  memory: 1000  
2025/07/05 16:04:14 - mmengine - INFO - Epoch(val)  [68][400/800]    eta: 0:00:37  time: 0.0932  data_time: 0.0004  memory: 1000  
2025/07/05 16:04:19 - mmengine - INFO - Epoch(val)  [68][450/800]    eta: 0:00:33  time: 0.1090  data_time: 0.0004  memory: 1000  
2025/07/05 16:04:24 - mmengine - INFO - Epoch(val)  [68][500/800]    eta: 0:00:28  time: 0.1043  data_time: 0.0004  memory: 1000  
2025/07/05 16:04:30 - mmengine - INFO - Epoch(val)  [68][550/800]    eta: 0:00:24  time: 0.1097  data_time: 0.0004  memory: 1000  
2025/07/05 16:04:35 - mmengine - INFO - Epoch(val)  [68][600/800]    eta: 0:00:19  time: 0.1045  data_time: 0.0004  memory: 1000  
2025/07/05 16:04:41 - mmengine - INFO - Epoch(val)  [68][650/800]    eta: 0:00:14  time: 0.1111  data_time: 0.0004  memory: 1000  
2025/07/05 16:04:46 - mmengine - INFO - Epoch(val)  [68][700/800]    eta: 0:00:09  time: 0.1102  data_time: 0.0004  memory: 1000  
2025/07/05 16:04:52 - mmengine - INFO - Epoch(val)  [68][750/800]    eta: 0:00:05  time: 0.1104  data_time: 0.0004  memory: 1000  
2025/07/05 16:04:57 - mmengine - INFO - Epoch(val)  [68][800/800]    eta: 0:00:00  time: 0.1112  data_time: 0.0004  memory: 1000  
2025/07/05 16:04:59 - mmengine - INFO - Evaluating bbox...
2025/07/05 16:05:13 - mmengine - INFO - 
+-------------+-------+--------+--------+-------+-------+-------+
| category    | mAP   | mAP_50 | mAP_75 | mAP_s | mAP_m | mAP_l |
+-------------+-------+--------+--------+-------+-------+-------+
| car         | 0.699 | 0.966  | 0.855  | 0.481 | 0.729 | 0.0   |
| truck       | 0.494 | 0.705  | 0.608  | 0.027 | 0.489 | 0.545 |
| bus         | 0.737 | 0.948  | 0.891  | 0.003 | 0.703 | 0.797 |
| van         | 0.441 | 0.623  | 0.565  | 0.283 | 0.435 | 0.694 |
| freight_car | 0.449 | 0.635  | 0.54   | 0.157 | 0.444 | 0.501 |
+-------------+-------+--------+--------+-------+-------+-------+
2025/07/05 16:05:13 - mmengine - INFO - bbox_mAP_copypaste: 0.564 0.776 0.692 0.190 0.560 0.507
2025/07/05 16:05:13 - mmengine - INFO - Epoch(val) [68][800/800]    coco/car_precision: 0.6990  coco/truck_precision: 0.4940  coco/bus_precision: 0.7370  coco/van_precision: 0.4410  coco/freight_car_precision: 0.4490  coco/bbox_mAP: 0.5640  coco/bbox_mAP_50: 0.7760  coco/bbox_mAP_75: 0.6920  coco/bbox_mAP_s: 0.1900  coco/bbox_mAP_m: 0.5600  coco/bbox_mAP_l: 0.5070  data_time: 0.0004  time: 0.1007
2025/07/05 16:05:13 - mmengine - INFO - The previous best checkpoint /data/nl/Mamba2Spectral/work_dirs/DroneVehicle/2025_06_30/yolov8_mambatransformer_enhance/best_coco_bbox_mAP_50_epoch_67.pth is removed
2025/07/05 16:05:15 - mmengine - INFO - The best checkpoint with 0.7760 coco/bbox_mAP_50 at 68 epoch is saved to best_coco_bbox_mAP_50_epoch_68.pth.
2025/07/05 16:08:07 - mmengine - INFO - Epoch(train)  [69][ 50/400]  base_lr: 1.0000e-02 lr: 6.6835e-03  eta: 1 day, 22:11:26  time: 3.3407  data_time: 0.0292  memory: 10873  grad_norm: 9.8962  loss: 21.3776  loss_cls: 4.7838  loss_bbox: 8.3470  loss_dfl: 8.2467
2025/07/05 16:10:53 - mmengine - INFO - Epoch(train)  [69][100/400]  base_lr: 1.0000e-02 lr: 6.6835e-03  eta: 1 day, 22:10:10  time: 3.3157  data_time: 0.0066  memory: 10761  grad_norm: 9.9389  loss: 21.3268  loss_cls: 4.6559  loss_bbox: 8.3699  loss_dfl: 8.3010
2025/07/05 16:13:38 - mmengine - INFO - Epoch(train)  [69][150/400]  base_lr: 1.0000e-02 lr: 6.6835e-03  eta: 1 day, 22:08:49  time: 3.3106  data_time: 0.0059  memory: 10799  grad_norm: 9.5846  loss: 21.5334  loss_cls: 4.6294  loss_bbox: 8.5884  loss_dfl: 8.3156
2025/07/05 16:16:24 - mmengine - INFO - Epoch(train)  [69][200/400]  base_lr: 1.0000e-02 lr: 6.6835e-03  eta: 1 day, 22:07:29  time: 3.3146  data_time: 0.0060  memory: 10745  grad_norm: 10.2112  loss: 21.5374  loss_cls: 4.6195  loss_bbox: 8.4592  loss_dfl: 8.4587
2025/07/05 16:19:10 - mmengine - INFO - Epoch(train)  [69][250/400]  base_lr: 1.0000e-02 lr: 6.6835e-03  eta: 1 day, 22:06:08  time: 3.3159  data_time: 0.0061  memory: 10751  grad_norm: 9.8896  loss: 21.5925  loss_cls: 4.7939  loss_bbox: 8.4668  loss_dfl: 8.3318
2025/07/05 16:21:14 - mmengine - INFO - Epoch(train)  [69][300/400]  base_lr: 1.0000e-02 lr: 6.6835e-03  eta: 1 day, 21:58:05  time: 2.4775  data_time: 0.0068  memory: 10692  grad_norm: 10.5422  loss: 21.8305  loss_cls: 4.8812  loss_bbox: 8.4878  loss_dfl: 8.4614
2025/07/05 16:23:07 - mmengine - INFO - Epoch(train)  [69][350/400]  base_lr: 1.0000e-02 lr: 6.6835e-03  eta: 1 day, 21:48:27  time: 2.2628  data_time: 0.0073  memory: 10847  grad_norm: 9.7263  loss: 21.2358  loss_cls: 4.7226  loss_bbox: 8.2585  loss_dfl: 8.2547
2025/07/05 16:25:54 - mmengine - INFO - Exp name: yolov8_mambatransformer_enhance_20250705_110818
2025/07/05 16:25:54 - mmengine - INFO - Epoch(train)  [69][400/400]  base_lr: 1.0000e-02 lr: 6.6835e-03  eta: 1 day, 21:47:19  time: 3.3347  data_time: 0.0056  memory: 10836  grad_norm: 9.8994  loss: 21.4228  loss_cls: 4.5802  loss_bbox: 8.4209  loss_dfl: 8.4216
2025/07/05 16:25:54 - mmengine - INFO - Saving checkpoint at 69 epochs
2025/07/05 16:26:02 - mmengine - INFO - Epoch(val)  [69][ 50/800]    eta: 0:01:10  time: 0.0943  data_time: 0.0008  memory: 1000  
2025/07/05 16:26:07 - mmengine - INFO - Epoch(val)  [69][100/800]    eta: 0:01:08  time: 0.1017  data_time: 0.0004  memory: 1000  
2025/07/05 16:26:12 - mmengine - INFO - Epoch(val)  [69][150/800]    eta: 0:01:05  time: 0.1053  data_time: 0.0004  memory: 1000  
2025/07/05 16:26:18 - mmengine - INFO - Epoch(val)  [69][200/800]    eta: 0:01:01  time: 0.1093  data_time: 0.0004  memory: 1000  
2025/07/05 16:26:23 - mmengine - INFO - Epoch(val)  [69][250/800]    eta: 0:00:57  time: 0.1084  data_time: 0.0004  memory: 1000  
2025/07/05 16:26:28 - mmengine - INFO - Epoch(val)  [69][300/800]    eta: 0:00:52  time: 0.1073  data_time: 0.0004  memory: 1000  
2025/07/05 16:26:34 - mmengine - INFO - Epoch(val)  [69][350/800]    eta: 0:00:47  time: 0.1088  data_time: 0.0004  memory: 1000  
2025/07/05 16:26:39 - mmengine - INFO - Epoch(val)  [69][400/800]    eta: 0:00:42  time: 0.1078  data_time: 0.0004  memory: 1000  
2025/07/05 16:26:45 - mmengine - INFO - Epoch(val)  [69][450/800]    eta: 0:00:37  time: 0.1087  data_time: 0.0004  memory: 1000  
2025/07/05 16:26:50 - mmengine - INFO - Epoch(val)  [69][500/800]    eta: 0:00:31  time: 0.1104  data_time: 0.0004  memory: 1000  
2025/07/05 16:26:55 - mmengine - INFO - Epoch(val)  [69][550/800]    eta: 0:00:26  time: 0.0998  data_time: 0.0003  memory: 1000  
2025/07/05 16:27:00 - mmengine - INFO - Epoch(val)  [69][600/800]    eta: 0:00:20  time: 0.0922  data_time: 0.0004  memory: 1000  
2025/07/05 16:27:05 - mmengine - INFO - Epoch(val)  [69][650/800]    eta: 0:00:15  time: 0.1027  data_time: 0.0004  memory: 1000  
2025/07/05 16:27:11 - mmengine - INFO - Epoch(val)  [69][700/800]    eta: 0:00:10  time: 0.1111  data_time: 0.0005  memory: 1000  
2025/07/05 16:27:16 - mmengine - INFO - Epoch(val)  [69][750/800]    eta: 0:00:05  time: 0.1119  data_time: 0.0005  memory: 1000  
2025/07/05 16:27:21 - mmengine - INFO - Epoch(val)  [69][800/800]    eta: 0:00:00  time: 0.1024  data_time: 0.0005  memory: 1000  
2025/07/05 16:27:23 - mmengine - INFO - Evaluating bbox...
2025/07/05 16:27:37 - mmengine - INFO - 
+-------------+-------+--------+--------+-------+-------+-------+
| category    | mAP   | mAP_50 | mAP_75 | mAP_s | mAP_m | mAP_l |
+-------------+-------+--------+--------+-------+-------+-------+
| car         | 0.699 | 0.966  | 0.855  | 0.481 | 0.729 | 0.0   |
| truck       | 0.496 | 0.707  | 0.61   | 0.029 | 0.49  | 0.549 |
| bus         | 0.737 | 0.949  | 0.889  | 0.003 | 0.702 | 0.796 |
| van         | 0.443 | 0.624  | 0.567  | 0.282 | 0.435 | 0.71  |
| freight_car | 0.451 | 0.638  | 0.542  | 0.161 | 0.446 | 0.502 |
+-------------+-------+--------+--------+-------+-------+-------+
2025/07/05 16:27:37 - mmengine - INFO - bbox_mAP_copypaste: 0.565 0.777 0.693 0.191 0.560 0.511
2025/07/05 16:27:37 - mmengine - INFO - Epoch(val) [69][800/800]    coco/car_precision: 0.6990  coco/truck_precision: 0.4960  coco/bus_precision: 0.7370  coco/van_precision: 0.4430  coco/freight_car_precision: 0.4510  coco/bbox_mAP: 0.5650  coco/bbox_mAP_50: 0.7770  coco/bbox_mAP_75: 0.6930  coco/bbox_mAP_s: 0.1910  coco/bbox_mAP_m: 0.5600  coco/bbox_mAP_l: 0.5110  data_time: 0.0004  time: 0.1051
2025/07/05 16:27:37 - mmengine - INFO - The previous best checkpoint /data/nl/Mamba2Spectral/work_dirs/DroneVehicle/2025_06_30/yolov8_mambatransformer_enhance/best_coco_bbox_mAP_50_epoch_68.pth is removed
2025/07/05 16:27:39 - mmengine - INFO - The best checkpoint with 0.7770 coco/bbox_mAP_50 at 69 epoch is saved to best_coco_bbox_mAP_50_epoch_69.pth.
2025/07/05 16:30:31 - mmengine - INFO - Epoch(train)  [70][ 50/400]  base_lr: 1.0000e-02 lr: 6.6340e-03  eta: 1 day, 21:46:08  time: 3.3318  data_time: 0.0273  memory: 10810  grad_norm: 10.1608  loss: 21.3785  loss_cls: 4.8015  loss_bbox: 8.3049  loss_dfl: 8.2721
2025/07/05 16:33:16 - mmengine - INFO - Epoch(train)  [70][100/400]  base_lr: 1.0000e-02 lr: 6.6340e-03  eta: 1 day, 21:44:44  time: 3.3083  data_time: 0.0059  memory: 10687  grad_norm: 9.8215  loss: 21.4339  loss_cls: 4.6071  loss_bbox: 8.4193  loss_dfl: 8.4075
2025/07/05 16:36:02 - mmengine - INFO - Epoch(train)  [70][150/400]  base_lr: 1.0000e-02 lr: 6.6340e-03  eta: 1 day, 21:43:20  time: 3.3095  data_time: 0.0065  memory: 10745  grad_norm: 9.5368  loss: 21.2114  loss_cls: 4.5248  loss_bbox: 8.4385  loss_dfl: 8.2481
2025/07/05 16:38:47 - mmengine - INFO - Epoch(train)  [70][200/400]  base_lr: 1.0000e-02 lr: 6.6340e-03  eta: 1 day, 21:41:57  time: 3.3155  data_time: 0.0067  memory: 10868  grad_norm: 9.8926  loss: 21.3637  loss_cls: 4.6853  loss_bbox: 8.3653  loss_dfl: 8.3131
2025/07/05 16:41:33 - mmengine - INFO - Epoch(train)  [70][250/400]  base_lr: 1.0000e-02 lr: 6.6340e-03  eta: 1 day, 21:40:31  time: 3.3137  data_time: 0.0062  memory: 10863  grad_norm: 10.4444  loss: 21.6868  loss_cls: 4.8334  loss_bbox: 8.5703  loss_dfl: 8.2831
2025/07/05 16:44:19 - mmengine - INFO - Epoch(train)  [70][300/400]  base_lr: 1.0000e-02 lr: 6.6340e-03  eta: 1 day, 21:39:05  time: 3.3143  data_time: 0.0062  memory: 10767  grad_norm: 9.7318  loss: 21.4378  loss_cls: 4.6786  loss_bbox: 8.4262  loss_dfl: 8.3329
2025/07/05 16:47:05 - mmengine - INFO - Epoch(train)  [70][350/400]  base_lr: 1.0000e-02 lr: 6.6340e-03  eta: 1 day, 21:37:37  time: 3.3150  data_time: 0.0064  memory: 10847  grad_norm: 9.9899  loss: 21.2105  loss_cls: 4.5527  loss_bbox: 8.4215  loss_dfl: 8.2363
2025/07/05 16:49:44 - mmengine - INFO - Exp name: yolov8_mambatransformer_enhance_20250705_110818
2025/07/05 16:49:44 - mmengine - INFO - Epoch(train)  [70][400/400]  base_lr: 1.0000e-02 lr: 6.6340e-03  eta: 1 day, 21:35:16  time: 3.1928  data_time: 0.0066  memory: 10649  grad_norm: 9.7587  loss: 21.4934  loss_cls: 4.7914  loss_bbox: 8.3411  loss_dfl: 8.3610
2025/07/05 16:49:44 - mmengine - INFO - Saving checkpoint at 70 epochs
2025/07/05 16:49:53 - mmengine - INFO - Epoch(val)  [70][ 50/800]    eta: 0:01:21  time: 0.1082  data_time: 0.0008  memory: 1000  
2025/07/05 16:49:59 - mmengine - INFO - Epoch(val)  [70][100/800]    eta: 0:01:15  time: 0.1070  data_time: 0.0028  memory: 1000  
2025/07/05 16:50:04 - mmengine - INFO - Epoch(val)  [70][150/800]    eta: 0:01:09  time: 0.1061  data_time: 0.0071  memory: 1000  
2025/07/05 16:50:10 - mmengine - INFO - Epoch(val)  [70][200/800]    eta: 0:01:06  time: 0.1208  data_time: 0.0027  memory: 1000  
2025/07/05 16:50:15 - mmengine - INFO - Epoch(val)  [70][250/800]    eta: 0:01:00  time: 0.1056  data_time: 0.0055  memory: 1000  
2025/07/05 16:50:21 - mmengine - INFO - Epoch(val)  [70][300/800]    eta: 0:00:54  time: 0.1052  data_time: 0.0067  memory: 1000  
2025/07/05 16:50:26 - mmengine - INFO - Epoch(val)  [70][350/800]    eta: 0:00:48  time: 0.1051  data_time: 0.0025  memory: 1000  
2025/07/05 16:50:31 - mmengine - INFO - Epoch(val)  [70][400/800]    eta: 0:00:43  time: 0.1068  data_time: 0.0058  memory: 1000  
2025/07/05 16:50:36 - mmengine - INFO - Epoch(val)  [70][450/800]    eta: 0:00:37  time: 0.1040  data_time: 0.0034  memory: 1000  
2025/07/05 16:50:42 - mmengine - INFO - Epoch(val)  [70][500/800]    eta: 0:00:32  time: 0.1081  data_time: 0.0037  memory: 1000  
2025/07/05 16:50:47 - mmengine - INFO - Epoch(val)  [70][550/800]    eta: 0:00:26  time: 0.1064  data_time: 0.0004  memory: 1000  
2025/07/05 16:50:53 - mmengine - INFO - Epoch(val)  [70][600/800]    eta: 0:00:21  time: 0.1196  data_time: 0.0004  memory: 1000  
2025/07/05 16:51:00 - mmengine - INFO - Epoch(val)  [70][650/800]    eta: 0:00:16  time: 0.1332  data_time: 0.0005  memory: 1000  
2025/07/05 16:51:07 - mmengine - INFO - Epoch(val)  [70][700/800]    eta: 0:00:11  time: 0.1351  data_time: 0.0005  memory: 1000  
2025/07/05 16:51:13 - mmengine - INFO - Epoch(val)  [70][750/800]    eta: 0:00:05  time: 0.1335  data_time: 0.0028  memory: 1000  
2025/07/05 16:51:20 - mmengine - INFO - Epoch(val)  [70][800/800]    eta: 0:00:00  time: 0.1345  data_time: 0.0036  memory: 1000  
2025/07/05 16:51:21 - mmengine - INFO - Evaluating bbox...
2025/07/05 16:51:36 - mmengine - INFO - 
+-------------+-------+--------+--------+-------+-------+-------+
| category    | mAP   | mAP_50 | mAP_75 | mAP_s | mAP_m | mAP_l |
+-------------+-------+--------+--------+-------+-------+-------+
| car         | 0.699 | 0.966  | 0.855  | 0.481 | 0.729 | 0.0   |
| truck       | 0.498 | 0.708  | 0.613  | 0.029 | 0.493 | 0.549 |
| bus         | 0.736 | 0.949  | 0.889  | 0.003 | 0.703 | 0.794 |
| van         | 0.445 | 0.626  | 0.568  | 0.28  | 0.438 | 0.713 |
| freight_car | 0.453 | 0.64   | 0.545  | 0.164 | 0.447 | 0.506 |
+-------------+-------+--------+--------+-------+-------+-------+
2025/07/05 16:51:36 - mmengine - INFO - bbox_mAP_copypaste: 0.566 0.778 0.694 0.191 0.562 0.512
2025/07/05 16:51:36 - mmengine - INFO - Epoch(val) [70][800/800]    coco/car_precision: 0.6990  coco/truck_precision: 0.4980  coco/bus_precision: 0.7360  coco/van_precision: 0.4450  coco/freight_car_precision: 0.4530  coco/bbox_mAP: 0.5660  coco/bbox_mAP_50: 0.7780  coco/bbox_mAP_75: 0.6940  coco/bbox_mAP_s: 0.1910  coco/bbox_mAP_m: 0.5620  coco/bbox_mAP_l: 0.5120  data_time: 0.0031  time: 0.1149
2025/07/05 16:51:36 - mmengine - INFO - The previous best checkpoint /data/nl/Mamba2Spectral/work_dirs/DroneVehicle/2025_06_30/yolov8_mambatransformer_enhance/best_coco_bbox_mAP_50_epoch_69.pth is removed
2025/07/05 16:51:39 - mmengine - INFO - The best checkpoint with 0.7780 coco/bbox_mAP_50 at 70 epoch is saved to best_coco_bbox_mAP_50_epoch_70.pth.
2025/07/05 16:54:30 - mmengine - INFO - Epoch(train)  [71][ 50/400]  base_lr: 1.0000e-02 lr: 6.5845e-03  eta: 1 day, 21:33:50  time: 3.3248  data_time: 0.0292  memory: 10777  grad_norm: 10.2786  loss: 21.5351  loss_cls: 4.8129  loss_bbox: 8.4632  loss_dfl: 8.2590
2025/07/05 16:57:15 - mmengine - INFO - Epoch(train)  [71][100/400]  base_lr: 1.0000e-02 lr: 6.5845e-03  eta: 1 day, 21:32:18  time: 3.3117  data_time: 0.0058  memory: 10900  grad_norm: 9.7426  loss: 21.2648  loss_cls: 4.7280  loss_bbox: 8.3196  loss_dfl: 8.2171
2025/07/05 17:00:01 - mmengine - INFO - Epoch(train)  [71][150/400]  base_lr: 1.0000e-02 lr: 6.5845e-03  eta: 1 day, 21:30:43  time: 3.3074  data_time: 0.0060  memory: 10772  grad_norm: 9.9139  loss: 21.6405  loss_cls: 4.6973  loss_bbox: 8.5188  loss_dfl: 8.4244
2025/07/05 17:02:46 - mmengine - INFO - Epoch(train)  [71][200/400]  base_lr: 1.0000e-02 lr: 6.5845e-03  eta: 1 day, 21:29:08  time: 3.3104  data_time: 0.0059  memory: 10841  grad_norm: 10.3042  loss: 21.4131  loss_cls: 4.6872  loss_bbox: 8.4304  loss_dfl: 8.2955
2025/07/05 17:05:32 - mmengine - INFO - Epoch(train)  [71][250/400]  base_lr: 1.0000e-02 lr: 6.5845e-03  eta: 1 day, 21:27:32  time: 3.3111  data_time: 0.0060  memory: 11055  grad_norm: 10.6405  loss: 21.4606  loss_cls: 4.6527  loss_bbox: 8.4328  loss_dfl: 8.3752
2025/07/05 17:08:17 - mmengine - INFO - Epoch(train)  [71][300/400]  base_lr: 1.0000e-02 lr: 6.5845e-03  eta: 1 day, 21:25:55  time: 3.3132  data_time: 0.0061  memory: 10607  grad_norm: 9.7273  loss: 21.3401  loss_cls: 4.6166  loss_bbox: 8.3970  loss_dfl: 8.3266
2025/07/05 17:11:03 - mmengine - INFO - Epoch(train)  [71][350/400]  base_lr: 1.0000e-02 lr: 6.5845e-03  eta: 1 day, 21:24:18  time: 3.3122  data_time: 0.0066  memory: 10724  grad_norm: 10.4459  loss: 21.5212  loss_cls: 4.7595  loss_bbox: 8.4394  loss_dfl: 8.3223
2025/07/05 17:13:49 - mmengine - INFO - Exp name: yolov8_mambatransformer_enhance_20250705_110818
2025/07/05 17:13:49 - mmengine - INFO - Epoch(train)  [71][400/400]  base_lr: 1.0000e-02 lr: 6.5845e-03  eta: 1 day, 21:22:39  time: 3.3115  data_time: 0.0060  memory: 10953  grad_norm: 9.8106  loss: 21.3731  loss_cls: 4.7371  loss_bbox: 8.4166  loss_dfl: 8.2194
2025/07/05 17:13:49 - mmengine - INFO - Saving checkpoint at 71 epochs
2025/07/05 17:13:57 - mmengine - INFO - Epoch(val)  [71][ 50/800]    eta: 0:01:22  time: 0.1102  data_time: 0.0008  memory: 1000  
2025/07/05 17:14:03 - mmengine - INFO - Epoch(val)  [71][100/800]    eta: 0:01:16  time: 0.1086  data_time: 0.0004  memory: 1000  
2025/07/05 17:14:08 - mmengine - INFO - Epoch(val)  [71][150/800]    eta: 0:01:07  time: 0.0929  data_time: 0.0003  memory: 1000  
2025/07/05 17:14:12 - mmengine - INFO - Epoch(val)  [71][200/800]    eta: 0:01:00  time: 0.0929  data_time: 0.0004  memory: 1000  
2025/07/05 17:14:17 - mmengine - INFO - Epoch(val)  [71][250/800]    eta: 0:00:54  time: 0.0948  data_time: 0.0004  memory: 1000  
2025/07/05 17:14:22 - mmengine - INFO - Epoch(val)  [71][300/800]    eta: 0:00:50  time: 0.1088  data_time: 0.0004  memory: 1000  
2025/07/05 17:14:28 - mmengine - INFO - Epoch(val)  [71][350/800]    eta: 0:00:46  time: 0.1096  data_time: 0.0004  memory: 1000  
2025/07/05 17:14:33 - mmengine - INFO - Epoch(val)  [71][400/800]    eta: 0:00:41  time: 0.1092  data_time: 0.0004  memory: 1000  
2025/07/05 17:14:39 - mmengine - INFO - Epoch(val)  [71][450/800]    eta: 0:00:36  time: 0.1099  data_time: 0.0004  memory: 1000  
2025/07/05 17:14:44 - mmengine - INFO - Epoch(val)  [71][500/800]    eta: 0:00:31  time: 0.1085  data_time: 0.0004  memory: 1000  
2025/07/05 17:14:51 - mmengine - INFO - Epoch(val)  [71][550/800]    eta: 0:00:26  time: 0.1385  data_time: 0.0005  memory: 1000  
2025/07/05 17:14:58 - mmengine - INFO - Epoch(val)  [71][600/800]    eta: 0:00:22  time: 0.1378  data_time: 0.0004  memory: 1000  
2025/07/05 17:15:05 - mmengine - INFO - Epoch(val)  [71][650/800]    eta: 0:00:16  time: 0.1321  data_time: 0.0004  memory: 1000  
2025/07/05 17:15:10 - mmengine - INFO - Epoch(val)  [71][700/800]    eta: 0:00:11  time: 0.1096  data_time: 0.0004  memory: 1000  
2025/07/05 17:15:15 - mmengine - INFO - Epoch(val)  [71][750/800]    eta: 0:00:05  time: 0.1032  data_time: 0.0004  memory: 1000  
2025/07/05 17:15:21 - mmengine - INFO - Epoch(val)  [71][800/800]    eta: 0:00:00  time: 0.1043  data_time: 0.0004  memory: 1000  
2025/07/05 17:15:22 - mmengine - INFO - Evaluating bbox...
2025/07/05 17:15:35 - mmengine - INFO - 
+-------------+-------+--------+--------+-------+-------+-------+
| category    | mAP   | mAP_50 | mAP_75 | mAP_s | mAP_m | mAP_l |
+-------------+-------+--------+--------+-------+-------+-------+
| car         | 0.699 | 0.966  | 0.855  | 0.481 | 0.729 | 0.0   |
| truck       | 0.5   | 0.71   | 0.618  | 0.03  | 0.495 | 0.55  |
| bus         | 0.738 | 0.949  | 0.889  | 0.003 | 0.704 | 0.798 |
| van         | 0.447 | 0.628  | 0.57   | 0.282 | 0.438 | 0.726 |
| freight_car | 0.457 | 0.642  | 0.548  | 0.164 | 0.45  | 0.514 |
+-------------+-------+--------+--------+-------+-------+-------+
2025/07/05 17:15:35 - mmengine - INFO - bbox_mAP_copypaste: 0.568 0.779 0.696 0.192 0.563 0.518
2025/07/05 17:15:36 - mmengine - INFO - Epoch(val) [71][800/800]    coco/car_precision: 0.6990  coco/truck_precision: 0.5000  coco/bus_precision: 0.7380  coco/van_precision: 0.4470  coco/freight_car_precision: 0.4570  coco/bbox_mAP: 0.5680  coco/bbox_mAP_50: 0.7790  coco/bbox_mAP_75: 0.6960  coco/bbox_mAP_s: 0.1920  coco/bbox_mAP_m: 0.5630  coco/bbox_mAP_l: 0.5180  data_time: 0.0004  time: 0.1107
2025/07/05 17:15:36 - mmengine - INFO - The previous best checkpoint /data/nl/Mamba2Spectral/work_dirs/DroneVehicle/2025_06_30/yolov8_mambatransformer_enhance/best_coco_bbox_mAP_50_epoch_70.pth is removed
2025/07/05 17:15:38 - mmengine - INFO - The best checkpoint with 0.7790 coco/bbox_mAP_50 at 71 epoch is saved to best_coco_bbox_mAP_50_epoch_71.pth.
2025/07/05 17:18:30 - mmengine - INFO - Epoch(train)  [72][ 50/400]  base_lr: 1.0000e-02 lr: 6.5350e-03  eta: 1 day, 21:21:07  time: 3.3325  data_time: 0.0274  memory: 10703  grad_norm: 9.5061  loss: 21.2971  loss_cls: 4.6352  loss_bbox: 8.3646  loss_dfl: 8.2972
2025/07/05 17:20:22 - mmengine - INFO - Epoch(train)  [72][100/400]  base_lr: 1.0000e-02 lr: 6.5350e-03  eta: 1 day, 21:12:20  time: 2.2380  data_time: 0.0067  memory: 10852  grad_norm: 9.7691  loss: 21.2360  loss_cls: 4.5697  loss_bbox: 8.3803  loss_dfl: 8.2860
2025/07/05 17:22:26 - mmengine - INFO - Epoch(train)  [72][150/400]  base_lr: 1.0000e-02 lr: 6.5350e-03  eta: 1 day, 21:05:21  time: 2.4954  data_time: 0.0064  memory: 10985  grad_norm: 10.0282  loss: 21.2815  loss_cls: 4.7104  loss_bbox: 8.3566  loss_dfl: 8.2145
2025/07/05 17:25:13 - mmengine - INFO - Epoch(train)  [72][200/400]  base_lr: 1.0000e-02 lr: 6.5350e-03  eta: 1 day, 21:03:55  time: 3.3389  data_time: 0.0060  memory: 10623  grad_norm: 9.6406  loss: 21.3525  loss_cls: 4.6432  loss_bbox: 8.4373  loss_dfl: 8.2720
2025/07/05 17:28:00 - mmengine - INFO - Epoch(train)  [72][250/400]  base_lr: 1.0000e-02 lr: 6.5350e-03  eta: 1 day, 21:02:28  time: 3.3383  data_time: 0.0058  memory: 11001  grad_norm: 10.0013  loss: 21.3653  loss_cls: 4.6692  loss_bbox: 8.4050  loss_dfl: 8.2910
2025/07/05 17:30:47 - mmengine - INFO - Epoch(train)  [72][300/400]  base_lr: 1.0000e-02 lr: 6.5350e-03  eta: 1 day, 21:00:58  time: 3.3360  data_time: 0.0057  memory: 10884  grad_norm: 10.0907  loss: 21.3811  loss_cls: 4.7263  loss_bbox: 8.5077  loss_dfl: 8.1471
2025/07/05 17:33:34 - mmengine - INFO - Epoch(train)  [72][350/400]  base_lr: 1.0000e-02 lr: 6.5350e-03  eta: 1 day, 20:59:28  time: 3.3367  data_time: 0.0057  memory: 10985  grad_norm: 9.6119  loss: 21.3760  loss_cls: 4.6238  loss_bbox: 8.5210  loss_dfl: 8.2311
2025/07/05 17:36:21 - mmengine - INFO - Exp name: yolov8_mambatransformer_enhance_20250705_110818
2025/07/05 17:36:21 - mmengine - INFO - Epoch(train)  [72][400/400]  base_lr: 1.0000e-02 lr: 6.5350e-03  eta: 1 day, 20:57:55  time: 3.3336  data_time: 0.0057  memory: 10740  grad_norm: 10.2780  loss: 21.5869  loss_cls: 4.7632  loss_bbox: 8.4773  loss_dfl: 8.3464
2025/07/05 17:36:21 - mmengine - INFO - Saving checkpoint at 72 epochs
2025/07/05 17:36:29 - mmengine - INFO - Epoch(val)  [72][ 50/800]    eta: 0:01:17  time: 0.1028  data_time: 0.0009  memory: 1000  
2025/07/05 17:36:34 - mmengine - INFO - Epoch(val)  [72][100/800]    eta: 0:01:14  time: 0.1090  data_time: 0.0004  memory: 1000  
2025/07/05 17:36:40 - mmengine - INFO - Epoch(val)  [72][150/800]    eta: 0:01:09  time: 0.1099  data_time: 0.0004  memory: 1000  
2025/07/05 17:36:45 - mmengine - INFO - Epoch(val)  [72][200/800]    eta: 0:01:04  time: 0.1098  data_time: 0.0004  memory: 1000  
2025/07/05 17:36:51 - mmengine - INFO - Epoch(val)  [72][250/800]    eta: 0:00:59  time: 0.1089  data_time: 0.0004  memory: 1000  
2025/07/05 17:36:56 - mmengine - INFO - Epoch(val)  [72][300/800]    eta: 0:00:54  time: 0.1096  data_time: 0.0004  memory: 1000  
2025/07/05 17:37:02 - mmengine - INFO - Epoch(val)  [72][350/800]    eta: 0:00:48  time: 0.1096  data_time: 0.0004  memory: 1000  
2025/07/05 17:37:07 - mmengine - INFO - Epoch(val)  [72][400/800]    eta: 0:00:43  time: 0.1105  data_time: 0.0005  memory: 1000  
2025/07/05 17:37:13 - mmengine - INFO - Epoch(val)  [72][450/800]    eta: 0:00:37  time: 0.1069  data_time: 0.0004  memory: 1000  
2025/07/05 17:37:18 - mmengine - INFO - Epoch(val)  [72][500/800]    eta: 0:00:32  time: 0.1102  data_time: 0.0005  memory: 1000  
2025/07/05 17:37:23 - mmengine - INFO - Epoch(val)  [72][550/800]    eta: 0:00:26  time: 0.0968  data_time: 0.0005  memory: 1000  
2025/07/05 17:37:28 - mmengine - INFO - Epoch(val)  [72][600/800]    eta: 0:00:21  time: 0.0939  data_time: 0.0004  memory: 1000  
2025/07/05 17:37:33 - mmengine - INFO - Epoch(val)  [72][650/800]    eta: 0:00:15  time: 0.1017  data_time: 0.0005  memory: 1000  
2025/07/05 17:37:38 - mmengine - INFO - Epoch(val)  [72][700/800]    eta: 0:00:10  time: 0.1094  data_time: 0.0004  memory: 1000  
2025/07/05 17:37:44 - mmengine - INFO - Epoch(val)  [72][750/800]    eta: 0:00:05  time: 0.1100  data_time: 0.0004  memory: 1000  
2025/07/05 17:37:49 - mmengine - INFO - Epoch(val)  [72][800/800]    eta: 0:00:00  time: 0.1098  data_time: 0.0004  memory: 1000  
2025/07/05 17:37:51 - mmengine - INFO - Evaluating bbox...
2025/07/05 17:38:04 - mmengine - INFO - 
+-------------+-------+--------+--------+-------+-------+-------+
| category    | mAP   | mAP_50 | mAP_75 | mAP_s | mAP_m | mAP_l |
+-------------+-------+--------+--------+-------+-------+-------+
| car         | 0.699 | 0.966  | 0.856  | 0.481 | 0.729 | 0.0   |
| truck       | 0.5   | 0.711  | 0.617  | 0.03  | 0.496 | 0.551 |
| bus         | 0.737 | 0.949  | 0.889  | 0.003 | 0.704 | 0.795 |
| van         | 0.448 | 0.63   | 0.571  | 0.282 | 0.439 | 0.736 |
| freight_car | 0.458 | 0.643  | 0.551  | 0.167 | 0.451 | 0.513 |
+-------------+-------+--------+--------+-------+-------+-------+
2025/07/05 17:38:04 - mmengine - INFO - bbox_mAP_copypaste: 0.568 0.780 0.697 0.192 0.564 0.519
2025/07/05 17:38:04 - mmengine - INFO - Epoch(val) [72][800/800]    coco/car_precision: 0.6990  coco/truck_precision: 0.5000  coco/bus_precision: 0.7370  coco/van_precision: 0.4480  coco/freight_car_precision: 0.4580  coco/bbox_mAP: 0.5680  coco/bbox_mAP_50: 0.7800  coco/bbox_mAP_75: 0.6970  coco/bbox_mAP_s: 0.1920  coco/bbox_mAP_m: 0.5640  coco/bbox_mAP_l: 0.5190  data_time: 0.0004  time: 0.1068
2025/07/05 17:38:04 - mmengine - INFO - The previous best checkpoint /data/nl/Mamba2Spectral/work_dirs/DroneVehicle/2025_06_30/yolov8_mambatransformer_enhance/best_coco_bbox_mAP_50_epoch_71.pth is removed
2025/07/05 17:38:07 - mmengine - INFO - The best checkpoint with 0.7800 coco/bbox_mAP_50 at 72 epoch is saved to best_coco_bbox_mAP_50_epoch_72.pth.
2025/07/05 17:40:59 - mmengine - INFO - Epoch(train)  [73][ 50/400]  base_lr: 1.0000e-02 lr: 6.4855e-03  eta: 1 day, 20:56:22  time: 3.3354  data_time: 0.0265  memory: 10959  grad_norm: 9.8618  loss: 21.1542  loss_cls: 4.7214  loss_bbox: 8.1636  loss_dfl: 8.2692
2025/07/05 17:43:44 - mmengine - INFO - Epoch(train)  [73][100/400]  base_lr: 1.0000e-02 lr: 6.4855e-03  eta: 1 day, 20:54:40  time: 3.3146  data_time: 0.0063  memory: 10761  grad_norm: 9.8832  loss: 21.6558  loss_cls: 4.6898  loss_bbox: 8.5218  loss_dfl: 8.4442
2025/07/05 17:46:30 - mmengine - INFO - Epoch(train)  [73][150/400]  base_lr: 1.0000e-02 lr: 6.4855e-03  eta: 1 day, 20:52:57  time: 3.3165  data_time: 0.0066  memory: 10916  grad_norm: 10.6084  loss: 21.6129  loss_cls: 4.6855  loss_bbox: 8.5194  loss_dfl: 8.4080
2025/07/05 17:48:56 - mmengine - INFO - Exp name: yolov8_mambatransformer_enhance_20250705_110818
2025/07/05 17:48:56 - mmengine - INFO - Epoch(train)  [73][200/400]  base_lr: 1.0000e-02 lr: 6.4855e-03  eta: 1 day, 20:48:52  time: 2.9254  data_time: 0.0066  memory: 10847  grad_norm: 9.8954  loss: 21.4197  loss_cls: 4.6258  loss_bbox: 8.4627  loss_dfl: 8.3312
2025/07/05 17:50:35 - mmengine - INFO - Epoch(train)  [73][250/400]  base_lr: 1.0000e-02 lr: 6.4855e-03  eta: 1 day, 20:39:05  time: 1.9781  data_time: 0.0071  memory: 10953  grad_norm: 9.6798  loss: 21.6215  loss_cls: 4.7646  loss_bbox: 8.5783  loss_dfl: 8.2786
2025/07/05 17:53:15 - mmengine - INFO - Epoch(train)  [73][300/400]  base_lr: 1.0000e-02 lr: 6.4855e-03  eta: 1 day, 20:36:42  time: 3.1944  data_time: 0.0061  memory: 10815  grad_norm: 9.3854  loss: 21.1635  loss_cls: 4.6007  loss_bbox: 8.2184  loss_dfl: 8.3443
2025/07/05 17:56:02 - mmengine - INFO - Epoch(train)  [73][350/400]  base_lr: 1.0000e-02 lr: 6.4855e-03  eta: 1 day, 20:35:09  time: 3.3381  data_time: 0.0062  memory: 10745  grad_norm: 10.3876  loss: 21.5911  loss_cls: 4.7369  loss_bbox: 8.4662  loss_dfl: 8.3880
2025/07/05 17:58:49 - mmengine - INFO - Exp name: yolov8_mambatransformer_enhance_20250705_110818
2025/07/05 17:58:49 - mmengine - INFO - Epoch(train)  [73][400/400]  base_lr: 1.0000e-02 lr: 6.4855e-03  eta: 1 day, 20:33:35  time: 3.3381  data_time: 0.0062  memory: 10703  grad_norm: 9.7558  loss: 21.2867  loss_cls: 4.7048  loss_bbox: 8.3654  loss_dfl: 8.2165
2025/07/05 17:58:49 - mmengine - INFO - Saving checkpoint at 73 epochs
2025/07/05 17:58:58 - mmengine - INFO - Epoch(val)  [73][ 50/800]    eta: 0:01:22  time: 0.1097  data_time: 0.0010  memory: 1000  
2025/07/05 17:59:03 - mmengine - INFO - Epoch(val)  [73][100/800]    eta: 0:01:16  time: 0.1089  data_time: 0.0004  memory: 1000  
2025/07/05 17:59:09 - mmengine - INFO - Epoch(val)  [73][150/800]    eta: 0:01:10  time: 0.1087  data_time: 0.0003  memory: 1000  
2025/07/05 17:59:14 - mmengine - INFO - Epoch(val)  [73][200/800]    eta: 0:01:05  time: 0.1086  data_time: 0.0003  memory: 1000  
2025/07/05 17:59:20 - mmengine - INFO - Epoch(val)  [73][250/800]    eta: 0:01:00  time: 0.1104  data_time: 0.0004  memory: 1000  
2025/07/05 17:59:25 - mmengine - INFO - Epoch(val)  [73][300/800]    eta: 0:00:54  time: 0.1098  data_time: 0.0004  memory: 1000  
2025/07/05 17:59:31 - mmengine - INFO - Epoch(val)  [73][350/800]    eta: 0:00:49  time: 0.1108  data_time: 0.0003  memory: 1000  
2025/07/05 17:59:36 - mmengine - INFO - Epoch(val)  [73][400/800]    eta: 0:00:44  time: 0.1152  data_time: 0.0004  memory: 1000  
2025/07/05 17:59:42 - mmengine - INFO - Epoch(val)  [73][450/800]    eta: 0:00:38  time: 0.1058  data_time: 0.0004  memory: 1000  
2025/07/05 17:59:47 - mmengine - INFO - Epoch(val)  [73][500/800]    eta: 0:00:32  time: 0.0967  data_time: 0.0003  memory: 1000  
2025/07/05 17:59:52 - mmengine - INFO - Epoch(val)  [73][550/800]    eta: 0:00:26  time: 0.0990  data_time: 0.0004  memory: 1000  
2025/07/05 17:59:57 - mmengine - INFO - Epoch(val)  [73][600/800]    eta: 0:00:21  time: 0.1037  data_time: 0.0004  memory: 1000  
2025/07/05 18:00:02 - mmengine - INFO - Epoch(val)  [73][650/800]    eta: 0:00:16  time: 0.1088  data_time: 0.0004  memory: 1000  
2025/07/05 18:00:08 - mmengine - INFO - Epoch(val)  [73][700/800]    eta: 0:00:10  time: 0.1094  data_time: 0.0004  memory: 1000  
2025/07/05 18:00:13 - mmengine - INFO - Epoch(val)  [73][750/800]    eta: 0:00:05  time: 0.1095  data_time: 0.0004  memory: 1000  
2025/07/05 18:00:18 - mmengine - INFO - Epoch(val)  [73][800/800]    eta: 0:00:00  time: 0.1039  data_time: 0.0004  memory: 1000  
2025/07/05 18:00:20 - mmengine - INFO - Evaluating bbox...
2025/07/05 18:00:33 - mmengine - INFO - 
+-------------+-------+--------+--------+-------+-------+-------+
| category    | mAP   | mAP_50 | mAP_75 | mAP_s | mAP_m | mAP_l |
+-------------+-------+--------+--------+-------+-------+-------+
| car         | 0.699 | 0.966  | 0.856  | 0.48  | 0.729 | 0.0   |
| truck       | 0.502 | 0.712  | 0.626  | 0.03  | 0.498 | 0.553 |
| bus         | 0.736 | 0.95   | 0.889  | 0.003 | 0.704 | 0.793 |
| van         | 0.45  | 0.632  | 0.573  | 0.28  | 0.442 | 0.74  |
| freight_car | 0.458 | 0.645  | 0.549  | 0.164 | 0.452 | 0.513 |
+-------------+-------+--------+--------+-------+-------+-------+
2025/07/05 18:00:33 - mmengine - INFO - bbox_mAP_copypaste: 0.569 0.781 0.698 0.192 0.565 0.520
2025/07/05 18:00:33 - mmengine - INFO - Epoch(val) [73][800/800]    coco/car_precision: 0.6990  coco/truck_precision: 0.5020  coco/bus_precision: 0.7360  coco/van_precision: 0.4500  coco/freight_car_precision: 0.4580  coco/bbox_mAP: 0.5690  coco/bbox_mAP_50: 0.7810  coco/bbox_mAP_75: 0.6980  coco/bbox_mAP_s: 0.1920  coco/bbox_mAP_m: 0.5650  coco/bbox_mAP_l: 0.5200  data_time: 0.0004  time: 0.1074
2025/07/05 18:00:33 - mmengine - INFO - The previous best checkpoint /data/nl/Mamba2Spectral/work_dirs/DroneVehicle/2025_06_30/yolov8_mambatransformer_enhance/best_coco_bbox_mAP_50_epoch_72.pth is removed
2025/07/05 18:00:36 - mmengine - INFO - The best checkpoint with 0.7810 coco/bbox_mAP_50 at 73 epoch is saved to best_coco_bbox_mAP_50_epoch_73.pth.
2025/07/05 18:03:27 - mmengine - INFO - Epoch(train)  [74][ 50/400]  base_lr: 1.0000e-02 lr: 6.4360e-03  eta: 1 day, 20:32:00  time: 3.3368  data_time: 0.0310  memory: 10793  grad_norm: 10.6901  loss: 21.3479  loss_cls: 4.6303  loss_bbox: 8.3787  loss_dfl: 8.3389
2025/07/05 18:06:13 - mmengine - INFO - Epoch(train)  [74][100/400]  base_lr: 1.0000e-02 lr: 6.4360e-03  eta: 1 day, 20:30:16  time: 3.3136  data_time: 0.0061  memory: 10841  grad_norm: 10.7148  loss: 21.4085  loss_cls: 4.6065  loss_bbox: 8.4241  loss_dfl: 8.3779
2025/07/05 18:08:59 - mmengine - INFO - Epoch(train)  [74][150/400]  base_lr: 1.0000e-02 lr: 6.4360e-03  eta: 1 day, 20:28:31  time: 3.3139  data_time: 0.0065  memory: 10777  grad_norm: 9.8545  loss: 21.2282  loss_cls: 4.6188  loss_bbox: 8.3170  loss_dfl: 8.2924
2025/07/05 18:11:45 - mmengine - INFO - Epoch(train)  [74][200/400]  base_lr: 1.0000e-02 lr: 6.4360e-03  eta: 1 day, 20:26:45  time: 3.3135  data_time: 0.0069  memory: 10617  grad_norm: 10.0267  loss: 21.5217  loss_cls: 4.7753  loss_bbox: 8.4669  loss_dfl: 8.2794
2025/07/05 18:14:30 - mmengine - INFO - Epoch(train)  [74][250/400]  base_lr: 1.0000e-02 lr: 6.4360e-03  eta: 1 day, 20:24:59  time: 3.3150  data_time: 0.0061  memory: 10937  grad_norm: 9.8710  loss: 21.2717  loss_cls: 4.6917  loss_bbox: 8.3238  loss_dfl: 8.2561
2025/07/05 18:17:16 - mmengine - INFO - Epoch(train)  [74][300/400]  base_lr: 1.0000e-02 lr: 6.4360e-03  eta: 1 day, 20:23:11  time: 3.3148  data_time: 0.0069  memory: 10788  grad_norm: 9.8023  loss: 21.2527  loss_cls: 4.6359  loss_bbox: 8.3280  loss_dfl: 8.2888
2025/07/05 18:19:14 - mmengine - INFO - Epoch(train)  [74][350/400]  base_lr: 1.0000e-02 lr: 6.4360e-03  eta: 1 day, 20:16:05  time: 2.3600  data_time: 0.0063  memory: 10772  grad_norm: 10.5050  loss: 21.6004  loss_cls: 4.8129  loss_bbox: 8.3834  loss_dfl: 8.4041
2025/07/05 18:21:24 - mmengine - INFO - Exp name: yolov8_mambatransformer_enhance_20250705_110818
2025/07/05 18:21:24 - mmengine - INFO - Epoch(train)  [74][400/400]  base_lr: 1.0000e-02 lr: 6.4360e-03  eta: 1 day, 20:10:22  time: 2.6019  data_time: 0.0064  memory: 10857  grad_norm: 10.1052  loss: 21.4684  loss_cls: 4.8182  loss_bbox: 8.3792  loss_dfl: 8.2710
2025/07/05 18:21:24 - mmengine - INFO - Saving checkpoint at 74 epochs
2025/07/05 18:21:33 - mmengine - INFO - Epoch(val)  [74][ 50/800]    eta: 0:01:18  time: 0.1045  data_time: 0.0008  memory: 1000  
2025/07/05 18:21:37 - mmengine - INFO - Epoch(val)  [74][100/800]    eta: 0:01:08  time: 0.0923  data_time: 0.0004  memory: 1000  
2025/07/05 18:21:42 - mmengine - INFO - Epoch(val)  [74][150/800]    eta: 0:01:03  time: 0.0977  data_time: 0.0004  memory: 1000  
2025/07/05 18:21:47 - mmengine - INFO - Epoch(val)  [74][200/800]    eta: 0:00:58  time: 0.0962  data_time: 0.0004  memory: 1000  
2025/07/05 18:21:51 - mmengine - INFO - Epoch(val)  [74][250/800]    eta: 0:00:53  time: 0.0912  data_time: 0.0004  memory: 1000  
2025/07/05 18:21:57 - mmengine - INFO - Epoch(val)  [74][300/800]    eta: 0:00:48  time: 0.1037  data_time: 0.0028  memory: 1000  
2025/07/05 18:22:02 - mmengine - INFO - Epoch(val)  [74][350/800]    eta: 0:00:44  time: 0.1144  data_time: 0.0029  memory: 1000  
2025/07/05 18:22:08 - mmengine - INFO - Epoch(val)  [74][400/800]    eta: 0:00:40  time: 0.1191  data_time: 0.0021  memory: 1000  
2025/07/05 18:22:14 - mmengine - INFO - Epoch(val)  [74][450/800]    eta: 0:00:36  time: 0.1208  data_time: 0.0011  memory: 1000  
2025/07/05 18:22:20 - mmengine - INFO - Epoch(val)  [74][500/800]    eta: 0:00:31  time: 0.1198  data_time: 0.0004  memory: 1000  
2025/07/05 18:22:26 - mmengine - INFO - Epoch(val)  [74][550/800]    eta: 0:00:26  time: 0.1198  data_time: 0.0008  memory: 1000  
2025/07/05 18:22:32 - mmengine - INFO - Epoch(val)  [74][600/800]    eta: 0:00:21  time: 0.1206  data_time: 0.0004  memory: 1000  
2025/07/05 18:22:38 - mmengine - INFO - Epoch(val)  [74][650/800]    eta: 0:00:16  time: 0.1185  data_time: 0.0030  memory: 1000  
2025/07/05 18:22:44 - mmengine - INFO - Epoch(val)  [74][700/800]    eta: 0:00:10  time: 0.1212  data_time: 0.0023  memory: 1000  
2025/07/05 18:22:51 - mmengine - INFO - Epoch(val)  [74][750/800]    eta: 0:00:05  time: 0.1220  data_time: 0.0082  memory: 1000  
2025/07/05 18:22:56 - mmengine - INFO - Epoch(val)  [74][800/800]    eta: 0:00:00  time: 0.1191  data_time: 0.0004  memory: 1000  
2025/07/05 18:22:58 - mmengine - INFO - Evaluating bbox...
2025/07/05 18:23:13 - mmengine - INFO - 
+-------------+-------+--------+--------+-------+-------+-------+
| category    | mAP   | mAP_50 | mAP_75 | mAP_s | mAP_m | mAP_l |
+-------------+-------+--------+--------+-------+-------+-------+
| car         | 0.699 | 0.966  | 0.856  | 0.481 | 0.729 | 0.0   |
| truck       | 0.502 | 0.713  | 0.624  | 0.031 | 0.498 | 0.551 |
| bus         | 0.737 | 0.95   | 0.889  | 0.003 | 0.705 | 0.794 |
| van         | 0.452 | 0.634  | 0.57   | 0.279 | 0.443 | 0.757 |
| freight_car | 0.459 | 0.646  | 0.551  | 0.167 | 0.453 | 0.515 |
+-------------+-------+--------+--------+-------+-------+-------+
2025/07/05 18:23:13 - mmengine - INFO - bbox_mAP_copypaste: 0.570 0.782 0.698 0.192 0.566 0.523
2025/07/05 18:23:14 - mmengine - INFO - Epoch(val) [74][800/800]    coco/car_precision: 0.6990  coco/truck_precision: 0.5020  coco/bus_precision: 0.7370  coco/van_precision: 0.4520  coco/freight_car_precision: 0.4590  coco/bbox_mAP: 0.5700  coco/bbox_mAP_50: 0.7820  coco/bbox_mAP_75: 0.6980  coco/bbox_mAP_s: 0.1920  coco/bbox_mAP_m: 0.5660  coco/bbox_mAP_l: 0.5230  data_time: 0.0017  time: 0.1113
2025/07/05 18:23:14 - mmengine - INFO - The previous best checkpoint /data/nl/Mamba2Spectral/work_dirs/DroneVehicle/2025_06_30/yolov8_mambatransformer_enhance/best_coco_bbox_mAP_50_epoch_73.pth is removed
2025/07/05 18:23:16 - mmengine - INFO - The best checkpoint with 0.7820 coco/bbox_mAP_50 at 74 epoch is saved to best_coco_bbox_mAP_50_epoch_74.pth.
2025/07/05 18:26:07 - mmengine - INFO - Epoch(train)  [75][ 50/400]  base_lr: 1.0000e-02 lr: 6.3865e-03  eta: 1 day, 20:08:42  time: 3.3305  data_time: 0.0281  memory: 10868  grad_norm: 10.0328  loss: 21.2713  loss_cls: 4.5472  loss_bbox: 8.3671  loss_dfl: 8.3570
2025/07/05 18:28:53 - mmengine - INFO - Epoch(train)  [75][100/400]  base_lr: 1.0000e-02 lr: 6.3865e-03  eta: 1 day, 20:06:55  time: 3.3113  data_time: 0.0059  memory: 10959  grad_norm: 9.4156  loss: 21.0005  loss_cls: 4.5147  loss_bbox: 8.3053  loss_dfl: 8.1806
2025/07/05 18:31:38 - mmengine - INFO - Epoch(train)  [75][150/400]  base_lr: 1.0000e-02 lr: 6.3865e-03  eta: 1 day, 20:05:06  time: 3.3088  data_time: 0.0060  memory: 10991  grad_norm: 10.1096  loss: 21.2740  loss_cls: 4.6725  loss_bbox: 8.3313  loss_dfl: 8.2703
2025/07/05 18:34:24 - mmengine - INFO - Epoch(train)  [75][200/400]  base_lr: 1.0000e-02 lr: 6.3865e-03  eta: 1 day, 20:03:18  time: 3.3125  data_time: 0.0064  memory: 10895  grad_norm: 10.2616  loss: 21.1766  loss_cls: 4.6136  loss_bbox: 8.2816  loss_dfl: 8.2814
2025/07/05 18:37:10 - mmengine - INFO - Epoch(train)  [75][250/400]  base_lr: 1.0000e-02 lr: 6.3865e-03  eta: 1 day, 20:01:29  time: 3.3127  data_time: 0.0069  memory: 10655  grad_norm: 10.1402  loss: 21.4265  loss_cls: 4.6666  loss_bbox: 8.3773  loss_dfl: 8.3826
2025/07/05 18:39:55 - mmengine - INFO - Epoch(train)  [75][300/400]  base_lr: 1.0000e-02 lr: 6.3865e-03  eta: 1 day, 19:59:39  time: 3.3124  data_time: 0.0061  memory: 11028  grad_norm: 10.1177  loss: 21.2021  loss_cls: 4.5785  loss_bbox: 8.3372  loss_dfl: 8.2864
2025/07/05 18:42:41 - mmengine - INFO - Epoch(train)  [75][350/400]  base_lr: 1.0000e-02 lr: 6.3865e-03  eta: 1 day, 19:57:48  time: 3.3116  data_time: 0.0060  memory: 10916  grad_norm: 9.5301  loss: 21.0698  loss_cls: 4.6380  loss_bbox: 8.2791  loss_dfl: 8.1527
2025/07/05 18:45:27 - mmengine - INFO - Exp name: yolov8_mambatransformer_enhance_20250705_110818
2025/07/05 18:45:27 - mmengine - INFO - Epoch(train)  [75][400/400]  base_lr: 1.0000e-02 lr: 6.3865e-03  eta: 1 day, 19:55:58  time: 3.3156  data_time: 0.0058  memory: 11071  grad_norm: 9.9155  loss: 21.2506  loss_cls: 4.5647  loss_bbox: 8.4066  loss_dfl: 8.2793
2025/07/05 18:45:27 - mmengine - INFO - Saving checkpoint at 75 epochs
2025/07/05 18:45:35 - mmengine - INFO - Epoch(val)  [75][ 50/800]    eta: 0:01:16  time: 0.1014  data_time: 0.0008  memory: 1000  
2025/07/05 18:45:40 - mmengine - INFO - Epoch(val)  [75][100/800]    eta: 0:01:13  time: 0.1094  data_time: 0.0004  memory: 1000  
2025/07/05 18:45:46 - mmengine - INFO - Epoch(val)  [75][150/800]    eta: 0:01:09  time: 0.1097  data_time: 0.0003  memory: 1000  
2025/07/05 18:45:51 - mmengine - INFO - Epoch(val)  [75][200/800]    eta: 0:01:04  time: 0.1096  data_time: 0.0003  memory: 1000  
2025/07/05 18:45:57 - mmengine - INFO - Epoch(val)  [75][250/800]    eta: 0:00:59  time: 0.1091  data_time: 0.0003  memory: 1000  
2025/07/05 18:46:02 - mmengine - INFO - Epoch(val)  [75][300/800]    eta: 0:00:54  time: 0.1093  data_time: 0.0004  memory: 1000  
2025/07/05 18:46:08 - mmengine - INFO - Epoch(val)  [75][350/800]    eta: 0:00:48  time: 0.1108  data_time: 0.0004  memory: 1000  
2025/07/05 18:46:14 - mmengine - INFO - Epoch(val)  [75][400/800]    eta: 0:00:43  time: 0.1168  data_time: 0.0007  memory: 1000  
2025/07/05 18:46:19 - mmengine - INFO - Epoch(val)  [75][450/800]    eta: 0:00:38  time: 0.1161  data_time: 0.0029  memory: 1000  
2025/07/05 18:46:25 - mmengine - INFO - Epoch(val)  [75][500/800]    eta: 0:00:33  time: 0.1162  data_time: 0.0028  memory: 1000  
2025/07/05 18:46:31 - mmengine - INFO - Epoch(val)  [75][550/800]    eta: 0:00:27  time: 0.1097  data_time: 0.0015  memory: 1000  
2025/07/05 18:46:36 - mmengine - INFO - Epoch(val)  [75][600/800]    eta: 0:00:22  time: 0.1038  data_time: 0.0033  memory: 1000  
2025/07/05 18:46:41 - mmengine - INFO - Epoch(val)  [75][650/800]    eta: 0:00:16  time: 0.1028  data_time: 0.0023  memory: 1000  
2025/07/05 18:46:47 - mmengine - INFO - Epoch(val)  [75][700/800]    eta: 0:00:10  time: 0.1102  data_time: 0.0062  memory: 1000  
2025/07/05 18:46:52 - mmengine - INFO - Epoch(val)  [75][750/800]    eta: 0:00:05  time: 0.1074  data_time: 0.0079  memory: 1000  
2025/07/05 18:46:58 - mmengine - INFO - Epoch(val)  [75][800/800]    eta: 0:00:00  time: 0.1224  data_time: 0.0054  memory: 1000  
2025/07/05 18:47:01 - mmengine - INFO - Evaluating bbox...
2025/07/05 18:47:27 - mmengine - INFO - 
+-------------+-------+--------+--------+-------+-------+-------+
| category    | mAP   | mAP_50 | mAP_75 | mAP_s | mAP_m | mAP_l |
+-------------+-------+--------+--------+-------+-------+-------+
| car         | 0.699 | 0.966  | 0.856  | 0.481 | 0.729 | 0.0   |
| truck       | 0.502 | 0.714  | 0.621  | 0.032 | 0.497 | 0.555 |
| bus         | 0.738 | 0.95   | 0.889  | 0.003 | 0.706 | 0.795 |
| van         | 0.452 | 0.633  | 0.577  | 0.279 | 0.445 | 0.743 |
| freight_car | 0.46  | 0.648  | 0.552  | 0.165 | 0.454 | 0.514 |
+-------------+-------+--------+--------+-------+-------+-------+
2025/07/05 18:47:27 - mmengine - INFO - bbox_mAP_copypaste: 0.570 0.782 0.699 0.192 0.566 0.522
2025/07/05 18:47:28 - mmengine - INFO - Epoch(val) [75][800/800]    coco/car_precision: 0.6990  coco/truck_precision: 0.5020  coco/bus_precision: 0.7380  coco/van_precision: 0.4520  coco/freight_car_precision: 0.4600  coco/bbox_mAP: 0.5700  coco/bbox_mAP_50: 0.7820  coco/bbox_mAP_75: 0.6990  coco/bbox_mAP_s: 0.1920  coco/bbox_mAP_m: 0.5660  coco/bbox_mAP_l: 0.5220  data_time: 0.0022  time: 0.1103
2025/07/05 18:49:18 - mmengine - INFO - Epoch(train)  [76][ 50/400]  base_lr: 1.0000e-02 lr: 6.3370e-03  eta: 1 day, 19:48:23  time: 2.2054  data_time: 0.0506  memory: 10825  grad_norm: 9.9509  loss: 21.1586  loss_cls: 4.6024  loss_bbox: 8.2506  loss_dfl: 8.3056
2025/07/05 18:52:03 - mmengine - INFO - Epoch(train)  [76][100/400]  base_lr: 1.0000e-02 lr: 6.3370e-03  eta: 1 day, 19:46:30  time: 3.3031  data_time: 0.0058  memory: 10863  grad_norm: 9.6652  loss: 21.0002  loss_cls: 4.5152  loss_bbox: 8.2584  loss_dfl: 8.2266
2025/07/05 18:54:48 - mmengine - INFO - Epoch(train)  [76][150/400]  base_lr: 1.0000e-02 lr: 6.3370e-03  eta: 1 day, 19:44:38  time: 3.3083  data_time: 0.0066  memory: 10713  grad_norm: 10.7887  loss: 21.8014  loss_cls: 4.7899  loss_bbox: 8.5286  loss_dfl: 8.4829
2025/07/05 18:57:34 - mmengine - INFO - Epoch(train)  [76][200/400]  base_lr: 1.0000e-02 lr: 6.3370e-03  eta: 1 day, 19:42:45  time: 3.3081  data_time: 0.0060  memory: 10623  grad_norm: 10.1190  loss: 21.3887  loss_cls: 4.6524  loss_bbox: 8.4447  loss_dfl: 8.2916
2025/07/05 19:00:20 - mmengine - INFO - Epoch(train)  [76][250/400]  base_lr: 1.0000e-02 lr: 6.3370e-03  eta: 1 day, 19:40:53  time: 3.3133  data_time: 0.0062  memory: 10969  grad_norm: 10.3461  loss: 21.1014  loss_cls: 4.5207  loss_bbox: 8.2907  loss_dfl: 8.2901
2025/07/05 19:03:05 - mmengine - INFO - Epoch(train)  [76][300/400]  base_lr: 1.0000e-02 lr: 6.3370e-03  eta: 1 day, 19:39:01  time: 3.3133  data_time: 0.0065  memory: 10740  grad_norm: 10.4665  loss: 21.3434  loss_cls: 4.6205  loss_bbox: 8.3683  loss_dfl: 8.3547
2025/07/05 19:05:51 - mmengine - INFO - Epoch(train)  [76][350/400]  base_lr: 1.0000e-02 lr: 6.3370e-03  eta: 1 day, 19:37:08  time: 3.3145  data_time: 0.0066  memory: 10708  grad_norm: 10.7592  loss: 21.6052  loss_cls: 4.7772  loss_bbox: 8.4451  loss_dfl: 8.3828
2025/07/05 19:08:37 - mmengine - INFO - Exp name: yolov8_mambatransformer_enhance_20250705_110818
2025/07/05 19:08:37 - mmengine - INFO - Epoch(train)  [76][400/400]  base_lr: 1.0000e-02 lr: 6.3370e-03  eta: 1 day, 19:35:15  time: 3.3136  data_time: 0.0061  memory: 10697  grad_norm: 9.9251  loss: 21.2086  loss_cls: 4.6375  loss_bbox: 8.3215  loss_dfl: 8.2497
2025/07/05 19:08:37 - mmengine - INFO - Saving checkpoint at 76 epochs
2025/07/05 19:08:45 - mmengine - INFO - Epoch(val)  [76][ 50/800]    eta: 0:01:21  time: 0.1086  data_time: 0.0010  memory: 1000  
2025/07/05 19:08:51 - mmengine - INFO - Epoch(val)  [76][100/800]    eta: 0:01:16  time: 0.1099  data_time: 0.0004  memory: 1000  
2025/07/05 19:08:57 - mmengine - INFO - Epoch(val)  [76][150/800]    eta: 0:01:14  time: 0.1273  data_time: 0.0004  memory: 1000  
2025/07/05 19:09:03 - mmengine - INFO - Epoch(val)  [76][200/800]    eta: 0:01:08  time: 0.1115  data_time: 0.0003  memory: 1000  
2025/07/05 19:09:08 - mmengine - INFO - Epoch(val)  [76][250/800]    eta: 0:01:02  time: 0.1115  data_time: 0.0003  memory: 1000  
2025/07/05 19:09:14 - mmengine - INFO - Epoch(val)  [76][300/800]    eta: 0:00:56  time: 0.1119  data_time: 0.0004  memory: 1000  
2025/07/05 19:09:20 - mmengine - INFO - Epoch(val)  [76][350/800]    eta: 0:00:50  time: 0.1118  data_time: 0.0003  memory: 1000  
2025/07/05 19:09:25 - mmengine - INFO - Epoch(val)  [76][400/800]    eta: 0:00:45  time: 0.1121  data_time: 0.0004  memory: 1000  
2025/07/05 19:09:31 - mmengine - INFO - Epoch(val)  [76][450/800]    eta: 0:00:39  time: 0.1127  data_time: 0.0004  memory: 1000  
2025/07/05 19:09:36 - mmengine - INFO - Epoch(val)  [76][500/800]    eta: 0:00:33  time: 0.1114  data_time: 0.0003  memory: 1000  
2025/07/05 19:09:43 - mmengine - INFO - Epoch(val)  [76][550/800]    eta: 0:00:28  time: 0.1286  data_time: 0.0004  memory: 1000  
2025/07/05 19:09:47 - mmengine - INFO - Epoch(val)  [76][600/800]    eta: 0:00:22  time: 0.0921  data_time: 0.0004  memory: 1000  
2025/07/05 19:09:52 - mmengine - INFO - Epoch(val)  [76][650/800]    eta: 0:00:16  time: 0.0920  data_time: 0.0003  memory: 1000  
2025/07/05 19:09:57 - mmengine - INFO - Epoch(val)  [76][700/800]    eta: 0:00:10  time: 0.0905  data_time: 0.0003  memory: 1000  
2025/07/05 19:10:02 - mmengine - INFO - Epoch(val)  [76][750/800]    eta: 0:00:05  time: 0.0980  data_time: 0.0003  memory: 1000  
2025/07/05 19:10:07 - mmengine - INFO - Epoch(val)  [76][800/800]    eta: 0:00:00  time: 0.1021  data_time: 0.0003  memory: 1000  
2025/07/05 19:10:08 - mmengine - INFO - Evaluating bbox...
2025/07/05 19:10:22 - mmengine - INFO - 
+-------------+-------+--------+--------+-------+-------+-------+
| category    | mAP   | mAP_50 | mAP_75 | mAP_s | mAP_m | mAP_l |
+-------------+-------+--------+--------+-------+-------+-------+
| car         | 0.699 | 0.966  | 0.856  | 0.482 | 0.729 | 0.0   |
| truck       | 0.502 | 0.715  | 0.622  | 0.032 | 0.498 | 0.554 |
| bus         | 0.739 | 0.951  | 0.888  | 0.003 | 0.706 | 0.797 |
| van         | 0.453 | 0.636  | 0.573  | 0.274 | 0.445 | 0.748 |
| freight_car | 0.461 | 0.649  | 0.553  | 0.165 | 0.455 | 0.514 |
+-------------+-------+--------+--------+-------+-------+-------+
2025/07/05 19:10:22 - mmengine - INFO - bbox_mAP_copypaste: 0.571 0.783 0.698 0.191 0.567 0.523
2025/07/05 19:10:22 - mmengine - INFO - Epoch(val) [76][800/800]    coco/car_precision: 0.6990  coco/truck_precision: 0.5020  coco/bus_precision: 0.7390  coco/van_precision: 0.4530  coco/freight_car_precision: 0.4610  coco/bbox_mAP: 0.5710  coco/bbox_mAP_50: 0.7830  coco/bbox_mAP_75: 0.6980  coco/bbox_mAP_s: 0.1910  coco/bbox_mAP_m: 0.5670  coco/bbox_mAP_l: 0.5230  data_time: 0.0004  time: 0.1082
2025/07/05 19:10:22 - mmengine - INFO - The previous best checkpoint /data/nl/Mamba2Spectral/work_dirs/DroneVehicle/2025_06_30/yolov8_mambatransformer_enhance/best_coco_bbox_mAP_50_epoch_74.pth is removed
2025/07/05 19:10:24 - mmengine - INFO - The best checkpoint with 0.7830 coco/bbox_mAP_50 at 76 epoch is saved to best_coco_bbox_mAP_50_epoch_76.pth.
2025/07/05 19:13:15 - mmengine - INFO - Epoch(train)  [77][ 50/400]  base_lr: 1.0000e-02 lr: 6.2875e-03  eta: 1 day, 19:33:24  time: 3.3274  data_time: 0.0283  memory: 10879  grad_norm: 9.8316  loss: 20.9546  loss_cls: 4.5438  loss_bbox: 8.1986  loss_dfl: 8.2121
2025/07/05 19:16:00 - mmengine - INFO - Epoch(train)  [77][100/400]  base_lr: 1.0000e-02 lr: 6.2875e-03  eta: 1 day, 19:31:26  time: 3.3000  data_time: 0.0060  memory: 10665  grad_norm: 10.0202  loss: 21.2806  loss_cls: 4.5891  loss_bbox: 8.3969  loss_dfl: 8.2946
2025/07/05 19:17:43 - mmengine - INFO - Epoch(train)  [77][150/400]  base_lr: 1.0000e-02 lr: 6.2875e-03  eta: 1 day, 19:23:27  time: 2.0588  data_time: 0.0069  memory: 10831  grad_norm: 10.1082  loss: 21.2276  loss_cls: 4.5075  loss_bbox: 8.4335  loss_dfl: 8.2865
2025/07/05 19:19:57 - mmengine - INFO - Epoch(train)  [77][200/400]  base_lr: 1.0000e-02 lr: 6.2875e-03  eta: 1 day, 19:18:33  time: 2.6836  data_time: 0.0070  memory: 10804  grad_norm: 9.9231  loss: 21.1789  loss_cls: 4.5854  loss_bbox: 8.3938  loss_dfl: 8.1997
2025/07/05 19:22:43 - mmengine - INFO - Epoch(train)  [77][250/400]  base_lr: 1.0000e-02 lr: 6.2875e-03  eta: 1 day, 19:16:40  time: 3.3125  data_time: 0.0064  memory: 10980  grad_norm: 10.1992  loss: 21.5468  loss_cls: 4.7031  loss_bbox: 8.4896  loss_dfl: 8.3541
2025/07/05 19:25:29 - mmengine - INFO - Epoch(train)  [77][300/400]  base_lr: 1.0000e-02 lr: 6.2875e-03  eta: 1 day, 19:14:46  time: 3.3134  data_time: 0.0065  memory: 10895  grad_norm: 10.1572  loss: 21.4576  loss_cls: 4.7187  loss_bbox: 8.4677  loss_dfl: 8.2712
2025/07/05 19:28:14 - mmengine - INFO - Epoch(train)  [77][350/400]  base_lr: 1.0000e-02 lr: 6.2875e-03  eta: 1 day, 19:12:52  time: 3.3136  data_time: 0.0059  memory: 10831  grad_norm: 10.3953  loss: 21.3084  loss_cls: 4.5961  loss_bbox: 8.3637  loss_dfl: 8.3486
2025/07/05 19:31:00 - mmengine - INFO - Exp name: yolov8_mambatransformer_enhance_20250705_110818
2025/07/05 19:31:00 - mmengine - INFO - Epoch(train)  [77][400/400]  base_lr: 1.0000e-02 lr: 6.2875e-03  eta: 1 day, 19:10:56  time: 3.3095  data_time: 0.0058  memory: 11023  grad_norm: 10.1950  loss: 21.0793  loss_cls: 4.5285  loss_bbox: 8.2745  loss_dfl: 8.2763
2025/07/05 19:31:00 - mmengine - INFO - Saving checkpoint at 77 epochs
2025/07/05 19:31:09 - mmengine - INFO - Epoch(val)  [77][ 50/800]    eta: 0:01:22  time: 0.1095  data_time: 0.0008  memory: 1000  
2025/07/05 19:31:14 - mmengine - INFO - Epoch(val)  [77][100/800]    eta: 0:01:16  time: 0.1083  data_time: 0.0004  memory: 1000  
2025/07/05 19:31:20 - mmengine - INFO - Epoch(val)  [77][150/800]    eta: 0:01:12  time: 0.1169  data_time: 0.0005  memory: 1000  
2025/07/05 19:31:25 - mmengine - INFO - Epoch(val)  [77][200/800]    eta: 0:01:06  time: 0.1095  data_time: 0.0004  memory: 1000  
2025/07/05 19:31:31 - mmengine - INFO - Epoch(val)  [77][250/800]    eta: 0:01:00  time: 0.1097  data_time: 0.0004  memory: 1000  
2025/07/05 19:31:36 - mmengine - INFO - Epoch(val)  [77][300/800]    eta: 0:00:55  time: 0.1097  data_time: 0.0004  memory: 1000  
2025/07/05 19:31:42 - mmengine - INFO - Epoch(val)  [77][350/800]    eta: 0:00:49  time: 0.1119  data_time: 0.0004  memory: 1000  
2025/07/05 19:31:47 - mmengine - INFO - Epoch(val)  [77][400/800]    eta: 0:00:43  time: 0.1041  data_time: 0.0005  memory: 1000  
2025/07/05 19:31:52 - mmengine - INFO - Epoch(val)  [77][450/800]    eta: 0:00:38  time: 0.1016  data_time: 0.0005  memory: 1000  
2025/07/05 19:31:57 - mmengine - INFO - Epoch(val)  [77][500/800]    eta: 0:00:32  time: 0.0941  data_time: 0.0004  memory: 1000  
2025/07/05 19:32:02 - mmengine - INFO - Epoch(val)  [77][550/800]    eta: 0:00:26  time: 0.0992  data_time: 0.0005  memory: 1000  
2025/07/05 19:32:09 - mmengine - INFO - Epoch(val)  [77][600/800]    eta: 0:00:21  time: 0.1380  data_time: 0.0004  memory: 1000  
2025/07/05 19:32:16 - mmengine - INFO - Epoch(val)  [77][650/800]    eta: 0:00:16  time: 0.1381  data_time: 0.0004  memory: 1000  
2025/07/05 19:32:23 - mmengine - INFO - Epoch(val)  [77][700/800]    eta: 0:00:11  time: 0.1382  data_time: 0.0004  memory: 1000  
2025/07/05 19:32:28 - mmengine - INFO - Epoch(val)  [77][750/800]    eta: 0:00:05  time: 0.1135  data_time: 0.0004  memory: 1000  
2025/07/05 19:32:34 - mmengine - INFO - Epoch(val)  [77][800/800]    eta: 0:00:00  time: 0.1096  data_time: 0.0004  memory: 1000  
2025/07/05 19:32:35 - mmengine - INFO - Evaluating bbox...
2025/07/05 19:32:49 - mmengine - INFO - 
+-------------+-------+--------+--------+-------+-------+-------+
| category    | mAP   | mAP_50 | mAP_75 | mAP_s | mAP_m | mAP_l |
+-------------+-------+--------+--------+-------+-------+-------+
| car         | 0.7   | 0.966  | 0.857  | 0.482 | 0.729 | 0.0   |
| truck       | 0.503 | 0.716  | 0.617  | 0.032 | 0.499 | 0.555 |
| bus         | 0.738 | 0.951  | 0.889  | 0.003 | 0.705 | 0.797 |
| van         | 0.455 | 0.638  | 0.575  | 0.274 | 0.448 | 0.755 |
| freight_car | 0.461 | 0.65   | 0.557  | 0.163 | 0.455 | 0.516 |
+-------------+-------+--------+--------+-------+-------+-------+
2025/07/05 19:32:49 - mmengine - INFO - bbox_mAP_copypaste: 0.571 0.784 0.699 0.191 0.567 0.525
2025/07/05 19:32:49 - mmengine - INFO - Epoch(val) [77][800/800]    coco/car_precision: 0.7000  coco/truck_precision: 0.5030  coco/bus_precision: 0.7380  coco/van_precision: 0.4550  coco/freight_car_precision: 0.4610  coco/bbox_mAP: 0.5710  coco/bbox_mAP_50: 0.7840  coco/bbox_mAP_75: 0.6990  coco/bbox_mAP_s: 0.1910  coco/bbox_mAP_m: 0.5670  coco/bbox_mAP_l: 0.5250  data_time: 0.0005  time: 0.1132
2025/07/05 19:32:49 - mmengine - INFO - The previous best checkpoint /data/nl/Mamba2Spectral/work_dirs/DroneVehicle/2025_06_30/yolov8_mambatransformer_enhance/best_coco_bbox_mAP_50_epoch_76.pth is removed
2025/07/05 19:32:51 - mmengine - INFO - The best checkpoint with 0.7840 coco/bbox_mAP_50 at 77 epoch is saved to best_coco_bbox_mAP_50_epoch_77.pth.
2025/07/05 19:35:43 - mmengine - INFO - Epoch(train)  [78][ 50/400]  base_lr: 1.0000e-02 lr: 6.2380e-03  eta: 1 day, 19:09:07  time: 3.3357  data_time: 0.0299  memory: 10911  grad_norm: 10.2043  loss: 21.5078  loss_cls: 4.6809  loss_bbox: 8.4918  loss_dfl: 8.3351
2025/07/05 19:38:29 - mmengine - INFO - Epoch(train)  [78][100/400]  base_lr: 1.0000e-02 lr: 6.2380e-03  eta: 1 day, 19:07:11  time: 3.3131  data_time: 0.0063  memory: 10863  grad_norm: 9.9984  loss: 20.6834  loss_cls: 4.3870  loss_bbox: 8.1351  loss_dfl: 8.1613
2025/07/05 19:41:14 - mmengine - INFO - Epoch(train)  [78][150/400]  base_lr: 1.0000e-02 lr: 6.2380e-03  eta: 1 day, 19:05:15  time: 3.3139  data_time: 0.0061  memory: 10687  grad_norm: 10.5046  loss: 21.4750  loss_cls: 4.7874  loss_bbox: 8.4492  loss_dfl: 8.2383
2025/07/05 19:44:00 - mmengine - INFO - Exp name: yolov8_mambatransformer_enhance_20250705_110818
2025/07/05 19:44:00 - mmengine - INFO - Epoch(train)  [78][200/400]  base_lr: 1.0000e-02 lr: 6.2380e-03  eta: 1 day, 19:03:18  time: 3.3126  data_time: 0.0065  memory: 10804  grad_norm: 9.6352  loss: 21.2422  loss_cls: 4.5989  loss_bbox: 8.3297  loss_dfl: 8.3137
2025/07/05 19:46:14 - mmengine - INFO - Epoch(train)  [78][250/400]  base_lr: 1.0000e-02 lr: 6.2380e-03  eta: 1 day, 18:58:31  time: 2.6872  data_time: 0.0065  memory: 10831  grad_norm: 10.4142  loss: 21.2407  loss_cls: 4.6140  loss_bbox: 8.3368  loss_dfl: 8.2898
2025/07/05 19:47:54 - mmengine - INFO - Epoch(train)  [78][300/400]  base_lr: 1.0000e-02 lr: 6.2380e-03  eta: 1 day, 18:50:39  time: 1.9934  data_time: 0.0092  memory: 10612  grad_norm: 10.1485  loss: 21.2680  loss_cls: 4.5480  loss_bbox: 8.3238  loss_dfl: 8.3962
2025/07/05 19:50:41 - mmengine - INFO - Epoch(train)  [78][350/400]  base_lr: 1.0000e-02 lr: 6.2380e-03  eta: 1 day, 18:48:50  time: 3.3372  data_time: 0.0058  memory: 10703  grad_norm: 9.8438  loss: 20.8224  loss_cls: 4.4944  loss_bbox: 8.2577  loss_dfl: 8.0703
2025/07/05 19:53:28 - mmengine - INFO - Exp name: yolov8_mambatransformer_enhance_20250705_110818
2025/07/05 19:53:28 - mmengine - INFO - Epoch(train)  [78][400/400]  base_lr: 1.0000e-02 lr: 6.2380e-03  eta: 1 day, 18:47:00  time: 3.3362  data_time: 0.0058  memory: 10991  grad_norm: 10.0250  loss: 21.3113  loss_cls: 4.5866  loss_bbox: 8.3798  loss_dfl: 8.3449
2025/07/05 19:53:28 - mmengine - INFO - Saving checkpoint at 78 epochs
2025/07/05 19:53:36 - mmengine - INFO - Epoch(val)  [78][ 50/800]    eta: 0:01:17  time: 0.1035  data_time: 0.0010  memory: 1000  
2025/07/05 19:53:41 - mmengine - INFO - Epoch(val)  [78][100/800]    eta: 0:01:08  time: 0.0934  data_time: 0.0004  memory: 1000  
2025/07/05 19:53:46 - mmengine - INFO - Epoch(val)  [78][150/800]    eta: 0:01:04  time: 0.1020  data_time: 0.0004  memory: 1000  
2025/07/05 19:53:51 - mmengine - INFO - Epoch(val)  [78][200/800]    eta: 0:00:58  time: 0.0905  data_time: 0.0003  memory: 1000  
2025/07/05 19:53:55 - mmengine - INFO - Epoch(val)  [78][250/800]    eta: 0:00:52  time: 0.0914  data_time: 0.0003  memory: 1000  
2025/07/05 19:54:00 - mmengine - INFO - Epoch(val)  [78][300/800]    eta: 0:00:48  time: 0.1001  data_time: 0.0004  memory: 1000  
2025/07/05 19:54:05 - mmengine - INFO - Epoch(val)  [78][350/800]    eta: 0:00:43  time: 0.0977  data_time: 0.0004  memory: 1000  
2025/07/05 19:54:10 - mmengine - INFO - Epoch(val)  [78][400/800]    eta: 0:00:38  time: 0.0940  data_time: 0.0003  memory: 1000  
2025/07/05 19:54:15 - mmengine - INFO - Epoch(val)  [78][450/800]    eta: 0:00:33  time: 0.0983  data_time: 0.0004  memory: 1000  
2025/07/05 19:54:20 - mmengine - INFO - Epoch(val)  [78][500/800]    eta: 0:00:29  time: 0.1039  data_time: 0.0004  memory: 1000  
2025/07/05 19:54:25 - mmengine - INFO - Epoch(val)  [78][550/800]    eta: 0:00:24  time: 0.1090  data_time: 0.0004  memory: 1000  
2025/07/05 19:54:31 - mmengine - INFO - Epoch(val)  [78][600/800]    eta: 0:00:19  time: 0.1021  data_time: 0.0004  memory: 1000  
2025/07/05 19:54:36 - mmengine - INFO - Epoch(val)  [78][650/800]    eta: 0:00:14  time: 0.1101  data_time: 0.0004  memory: 1000  
2025/07/05 19:54:41 - mmengine - INFO - Epoch(val)  [78][700/800]    eta: 0:00:10  time: 0.1093  data_time: 0.0004  memory: 1000  
2025/07/05 19:54:47 - mmengine - INFO - Epoch(val)  [78][750/800]    eta: 0:00:05  time: 0.1093  data_time: 0.0004  memory: 1000  
2025/07/05 19:54:52 - mmengine - INFO - Epoch(val)  [78][800/800]    eta: 0:00:00  time: 0.1098  data_time: 0.0004  memory: 1000  
2025/07/05 19:54:54 - mmengine - INFO - Evaluating bbox...
2025/07/05 19:55:07 - mmengine - INFO - 
+-------------+-------+--------+--------+-------+-------+-------+
| category    | mAP   | mAP_50 | mAP_75 | mAP_s | mAP_m | mAP_l |
+-------------+-------+--------+--------+-------+-------+-------+
| car         | 0.699 | 0.966  | 0.857  | 0.482 | 0.73  | 0.0   |
| truck       | 0.505 | 0.717  | 0.622  | 0.03  | 0.501 | 0.557 |
| bus         | 0.739 | 0.951  | 0.888  | 0.003 | 0.705 | 0.8   |
| van         | 0.457 | 0.641  | 0.579  | 0.271 | 0.448 | 0.772 |
| freight_car | 0.461 | 0.653  | 0.56   | 0.163 | 0.454 | 0.516 |
+-------------+-------+--------+--------+-------+-------+-------+
2025/07/05 19:55:07 - mmengine - INFO - bbox_mAP_copypaste: 0.572 0.786 0.701 0.190 0.567 0.529
2025/07/05 19:55:07 - mmengine - INFO - Epoch(val) [78][800/800]    coco/car_precision: 0.6990  coco/truck_precision: 0.5050  coco/bus_precision: 0.7390  coco/van_precision: 0.4570  coco/freight_car_precision: 0.4610  coco/bbox_mAP: 0.5720  coco/bbox_mAP_50: 0.7860  coco/bbox_mAP_75: 0.7010  coco/bbox_mAP_s: 0.1900  coco/bbox_mAP_m: 0.5670  coco/bbox_mAP_l: 0.5290  data_time: 0.0004  time: 0.1015
2025/07/05 19:55:07 - mmengine - INFO - The previous best checkpoint /data/nl/Mamba2Spectral/work_dirs/DroneVehicle/2025_06_30/yolov8_mambatransformer_enhance/best_coco_bbox_mAP_50_epoch_77.pth is removed
2025/07/05 19:55:10 - mmengine - INFO - The best checkpoint with 0.7860 coco/bbox_mAP_50 at 78 epoch is saved to best_coco_bbox_mAP_50_epoch_78.pth.
2025/07/05 19:58:02 - mmengine - INFO - Epoch(train)  [79][ 50/400]  base_lr: 1.0000e-02 lr: 6.1885e-03  eta: 1 day, 18:45:09  time: 3.3323  data_time: 0.0263  memory: 10825  grad_norm: 9.8890  loss: 21.0162  loss_cls: 4.4707  loss_bbox: 8.2746  loss_dfl: 8.2709
2025/07/05 20:00:47 - mmengine - INFO - Epoch(train)  [79][100/400]  base_lr: 1.0000e-02 lr: 6.1885e-03  eta: 1 day, 18:43:11  time: 3.3087  data_time: 0.0062  memory: 10884  grad_norm: 10.9748  loss: 21.7270  loss_cls: 4.7500  loss_bbox: 8.5270  loss_dfl: 8.4500
2025/07/05 20:03:32 - mmengine - INFO - Epoch(train)  [79][150/400]  base_lr: 1.0000e-02 lr: 6.1885e-03  eta: 1 day, 18:41:11  time: 3.3059  data_time: 0.0059  memory: 10911  grad_norm: 10.1211  loss: 21.1914  loss_cls: 4.6175  loss_bbox: 8.3315  loss_dfl: 8.2424
2025/07/05 20:06:18 - mmengine - INFO - Epoch(train)  [79][200/400]  base_lr: 1.0000e-02 lr: 6.1885e-03  eta: 1 day, 18:39:13  time: 3.3116  data_time: 0.0061  memory: 11241  grad_norm: 10.4784  loss: 21.3789  loss_cls: 4.6582  loss_bbox: 8.4941  loss_dfl: 8.2266
2025/07/05 20:09:04 - mmengine - INFO - Epoch(train)  [79][250/400]  base_lr: 1.0000e-02 lr: 6.1885e-03  eta: 1 day, 18:37:15  time: 3.3150  data_time: 0.0065  memory: 10825  grad_norm: 9.8846  loss: 21.1015  loss_cls: 4.5516  loss_bbox: 8.3462  loss_dfl: 8.2037
2025/07/05 20:11:50 - mmengine - INFO - Epoch(train)  [79][300/400]  base_lr: 1.0000e-02 lr: 6.1885e-03  eta: 1 day, 18:35:17  time: 3.3165  data_time: 0.0068  memory: 10879  grad_norm: 10.5790  loss: 21.4993  loss_cls: 4.6871  loss_bbox: 8.4287  loss_dfl: 8.3835
2025/07/05 20:14:35 - mmengine - INFO - Epoch(train)  [79][350/400]  base_lr: 1.0000e-02 lr: 6.1885e-03  eta: 1 day, 18:33:18  time: 3.3155  data_time: 0.0063  memory: 10772  grad_norm: 10.1038  loss: 21.0838  loss_cls: 4.5501  loss_bbox: 8.3394  loss_dfl: 8.1943
2025/07/05 20:16:31 - mmengine - INFO - Exp name: yolov8_mambatransformer_enhance_20250705_110818
2025/07/05 20:16:31 - mmengine - INFO - Epoch(train)  [79][400/400]  base_lr: 1.0000e-02 lr: 6.1885e-03  eta: 1 day, 18:27:04  time: 2.3051  data_time: 0.0072  memory: 10649  grad_norm: 10.4505  loss: 21.3714  loss_cls: 4.5818  loss_bbox: 8.3789  loss_dfl: 8.4107
2025/07/05 20:16:31 - mmengine - INFO - Saving checkpoint at 79 epochs
2025/07/05 20:16:41 - mmengine - INFO - Epoch(val)  [79][ 50/800]    eta: 0:01:16  time: 0.1017  data_time: 0.0040  memory: 1000  
2025/07/05 20:16:46 - mmengine - INFO - Epoch(val)  [79][100/800]    eta: 0:01:12  time: 0.1052  data_time: 0.0060  memory: 1000  
2025/07/05 20:16:51 - mmengine - INFO - Epoch(val)  [79][150/800]    eta: 0:01:05  time: 0.0938  data_time: 0.0004  memory: 1000  
2025/07/05 20:16:54 - mmengine - INFO - Epoch(val)  [79][200/800]    eta: 0:00:56  time: 0.0731  data_time: 0.0003  memory: 1000  
2025/07/05 20:16:58 - mmengine - INFO - Epoch(val)  [79][250/800]    eta: 0:00:49  time: 0.0730  data_time: 0.0003  memory: 1000  
2025/07/05 20:17:02 - mmengine - INFO - Epoch(val)  [79][300/800]    eta: 0:00:43  time: 0.0736  data_time: 0.0004  memory: 1000  
2025/07/05 20:17:05 - mmengine - INFO - Epoch(val)  [79][350/800]    eta: 0:00:38  time: 0.0739  data_time: 0.0003  memory: 1000  
2025/07/05 20:17:09 - mmengine - INFO - Epoch(val)  [79][400/800]    eta: 0:00:33  time: 0.0742  data_time: 0.0003  memory: 1000  
2025/07/05 20:17:13 - mmengine - INFO - Epoch(val)  [79][450/800]    eta: 0:00:28  time: 0.0750  data_time: 0.0003  memory: 1000  
2025/07/05 20:17:17 - mmengine - INFO - Epoch(val)  [79][500/800]    eta: 0:00:24  time: 0.0816  data_time: 0.0004  memory: 1000  
2025/07/05 20:17:21 - mmengine - INFO - Epoch(val)  [79][550/800]    eta: 0:00:20  time: 0.0909  data_time: 0.0003  memory: 1000  
2025/07/05 20:17:27 - mmengine - INFO - Epoch(val)  [79][600/800]    eta: 0:00:17  time: 0.1103  data_time: 0.0004  memory: 1000  
2025/07/05 20:17:32 - mmengine - INFO - Epoch(val)  [79][650/800]    eta: 0:00:13  time: 0.1098  data_time: 0.0004  memory: 1000  
2025/07/05 20:17:38 - mmengine - INFO - Epoch(val)  [79][700/800]    eta: 0:00:08  time: 0.1089  data_time: 0.0004  memory: 1000  
2025/07/05 20:17:43 - mmengine - INFO - Epoch(val)  [79][750/800]    eta: 0:00:04  time: 0.1095  data_time: 0.0004  memory: 1000  
2025/07/05 20:17:49 - mmengine - INFO - Epoch(val)  [79][800/800]    eta: 0:00:00  time: 0.1100  data_time: 0.0004  memory: 1000  
2025/07/05 20:17:50 - mmengine - INFO - Evaluating bbox...
2025/07/05 20:18:03 - mmengine - INFO - 
+-------------+-------+--------+--------+-------+-------+-------+
| category    | mAP   | mAP_50 | mAP_75 | mAP_s | mAP_m | mAP_l |
+-------------+-------+--------+--------+-------+-------+-------+
| car         | 0.7   | 0.966  | 0.857  | 0.482 | 0.73  | 0.0   |
| truck       | 0.505 | 0.719  | 0.618  | 0.03  | 0.502 | 0.555 |
| bus         | 0.739 | 0.951  | 0.888  | 0.003 | 0.704 | 0.801 |
| van         | 0.457 | 0.64   | 0.577  | 0.274 | 0.448 | 0.769 |
| freight_car | 0.463 | 0.655  | 0.563  | 0.163 | 0.457 | 0.518 |
+-------------+-------+--------+--------+-------+-------+-------+
2025/07/05 20:18:03 - mmengine - INFO - bbox_mAP_copypaste: 0.573 0.786 0.701 0.190 0.568 0.528
2025/07/05 20:18:04 - mmengine - INFO - Epoch(val) [79][800/800]    coco/car_precision: 0.7000  coco/truck_precision: 0.5050  coco/bus_precision: 0.7390  coco/van_precision: 0.4570  coco/freight_car_precision: 0.4630  coco/bbox_mAP: 0.5730  coco/bbox_mAP_50: 0.7860  coco/bbox_mAP_75: 0.7010  coco/bbox_mAP_s: 0.1900  coco/bbox_mAP_m: 0.5680  coco/bbox_mAP_l: 0.5280  data_time: 0.0009  time: 0.0916
2025/07/05 20:20:50 - mmengine - INFO - Epoch(train)  [80][ 50/400]  base_lr: 1.0000e-02 lr: 6.1390e-03  eta: 1 day, 18:25:10  time: 3.3317  data_time: 0.0286  memory: 10825  grad_norm: 9.8533  loss: 21.1191  loss_cls: 4.5380  loss_bbox: 8.3219  loss_dfl: 8.2591
2025/07/05 20:23:36 - mmengine - INFO - Epoch(train)  [80][100/400]  base_lr: 1.0000e-02 lr: 6.1390e-03  eta: 1 day, 18:23:10  time: 3.3130  data_time: 0.0063  memory: 10985  grad_norm: 10.3867  loss: 21.3333  loss_cls: 4.7242  loss_bbox: 8.3293  loss_dfl: 8.2798
2025/07/05 20:26:21 - mmengine - INFO - Epoch(train)  [80][150/400]  base_lr: 1.0000e-02 lr: 6.1390e-03  eta: 1 day, 18:21:10  time: 3.3120  data_time: 0.0063  memory: 10761  grad_norm: 10.6034  loss: 21.5784  loss_cls: 4.7585  loss_bbox: 8.4401  loss_dfl: 8.3799
2025/07/05 20:29:07 - mmengine - INFO - Epoch(train)  [80][200/400]  base_lr: 1.0000e-02 lr: 6.1390e-03  eta: 1 day, 18:19:10  time: 3.3133  data_time: 0.0065  memory: 10639  grad_norm: 10.2673  loss: 21.1349  loss_cls: 4.5868  loss_bbox: 8.2480  loss_dfl: 8.3001
2025/07/05 20:31:53 - mmengine - INFO - Epoch(train)  [80][250/400]  base_lr: 1.0000e-02 lr: 6.1390e-03  eta: 1 day, 18:17:09  time: 3.3139  data_time: 0.0063  memory: 10660  grad_norm: 10.5938  loss: 21.1668  loss_cls: 4.5906  loss_bbox: 8.3277  loss_dfl: 8.2485
2025/07/05 20:34:39 - mmengine - INFO - Epoch(train)  [80][300/400]  base_lr: 1.0000e-02 lr: 6.1390e-03  eta: 1 day, 18:15:08  time: 3.3138  data_time: 0.0061  memory: 10639  grad_norm: 10.1729  loss: 21.3740  loss_cls: 4.6658  loss_bbox: 8.4146  loss_dfl: 8.2937
2025/07/05 20:37:24 - mmengine - INFO - Epoch(train)  [80][350/400]  base_lr: 1.0000e-02 lr: 6.1390e-03  eta: 1 day, 18:13:06  time: 3.3136  data_time: 0.0068  memory: 11012  grad_norm: 9.8748  loss: 21.1560  loss_cls: 4.5208  loss_bbox: 8.3772  loss_dfl: 8.2579
2025/07/05 20:40:10 - mmengine - INFO - Exp name: yolov8_mambatransformer_enhance_20250705_110818
2025/07/05 20:40:10 - mmengine - INFO - Epoch(train)  [80][400/400]  base_lr: 1.0000e-02 lr: 6.1390e-03  eta: 1 day, 18:11:04  time: 3.3132  data_time: 0.0060  memory: 10697  grad_norm: 9.4378  loss: 20.7735  loss_cls: 4.4301  loss_bbox: 8.2177  loss_dfl: 8.1256
2025/07/05 20:40:10 - mmengine - INFO - Saving checkpoint at 80 epochs
2025/07/05 20:40:19 - mmengine - INFO - Epoch(val)  [80][ 50/800]    eta: 0:01:22  time: 0.1101  data_time: 0.0008  memory: 1000  
2025/07/05 20:40:24 - mmengine - INFO - Epoch(val)  [80][100/800]    eta: 0:01:16  time: 0.1098  data_time: 0.0004  memory: 1000  
2025/07/05 20:40:30 - mmengine - INFO - Epoch(val)  [80][150/800]    eta: 0:01:11  time: 0.1096  data_time: 0.0004  memory: 1000  
2025/07/05 20:40:35 - mmengine - INFO - Epoch(val)  [80][200/800]    eta: 0:01:05  time: 0.1096  data_time: 0.0004  memory: 1000  
2025/07/05 20:40:41 - mmengine - INFO - Epoch(val)  [80][250/800]    eta: 0:01:00  time: 0.1094  data_time: 0.0004  memory: 1000  
2025/07/05 20:40:46 - mmengine - INFO - Epoch(val)  [80][300/800]    eta: 0:00:54  time: 0.1094  data_time: 0.0004  memory: 1000  
2025/07/05 20:40:52 - mmengine - INFO - Epoch(val)  [80][350/800]    eta: 0:00:49  time: 0.1090  data_time: 0.0004  memory: 1000  
2025/07/05 20:40:57 - mmengine - INFO - Epoch(val)  [80][400/800]    eta: 0:00:43  time: 0.1095  data_time: 0.0004  memory: 1000  
2025/07/05 20:41:03 - mmengine - INFO - Epoch(val)  [80][450/800]    eta: 0:00:38  time: 0.1088  data_time: 0.0004  memory: 1000  
2025/07/05 20:41:08 - mmengine - INFO - Epoch(val)  [80][500/800]    eta: 0:00:32  time: 0.1093  data_time: 0.0004  memory: 1000  
2025/07/05 20:41:14 - mmengine - INFO - Epoch(val)  [80][550/800]    eta: 0:00:27  time: 0.1089  data_time: 0.0004  memory: 1000  
2025/07/05 20:41:19 - mmengine - INFO - Epoch(val)  [80][600/800]    eta: 0:00:21  time: 0.1096  data_time: 0.0004  memory: 1000  
2025/07/05 20:41:25 - mmengine - INFO - Epoch(val)  [80][650/800]    eta: 0:00:16  time: 0.1095  data_time: 0.0004  memory: 1000  
2025/07/05 20:41:30 - mmengine - INFO - Epoch(val)  [80][700/800]    eta: 0:00:10  time: 0.1101  data_time: 0.0004  memory: 1000  
2025/07/05 20:41:36 - mmengine - INFO - Epoch(val)  [80][750/800]    eta: 0:00:05  time: 0.1098  data_time: 0.0004  memory: 1000  
2025/07/05 20:41:41 - mmengine - INFO - Epoch(val)  [80][800/800]    eta: 0:00:00  time: 0.1090  data_time: 0.0004  memory: 1000  
2025/07/05 20:41:42 - mmengine - INFO - Evaluating bbox...
2025/07/05 20:41:56 - mmengine - INFO - 
+-------------+-------+--------+--------+-------+-------+-------+
| category    | mAP   | mAP_50 | mAP_75 | mAP_s | mAP_m | mAP_l |
+-------------+-------+--------+--------+-------+-------+-------+
| car         | 0.7   | 0.966  | 0.856  | 0.482 | 0.73  | 0.0   |
| truck       | 0.507 | 0.721  | 0.624  | 0.03  | 0.504 | 0.554 |
| bus         | 0.741 | 0.951  | 0.888  | 0.003 | 0.707 | 0.801 |
| van         | 0.46  | 0.642  | 0.579  | 0.275 | 0.451 | 0.763 |
| freight_car | 0.464 | 0.655  | 0.563  | 0.163 | 0.458 | 0.52  |
+-------------+-------+--------+--------+-------+-------+-------+
2025/07/05 20:41:56 - mmengine - INFO - bbox_mAP_copypaste: 0.574 0.787 0.702 0.191 0.570 0.528
2025/07/05 20:41:56 - mmengine - INFO - Epoch(val) [80][800/800]    coco/car_precision: 0.7000  coco/truck_precision: 0.5070  coco/bus_precision: 0.7410  coco/van_precision: 0.4600  coco/freight_car_precision: 0.4640  coco/bbox_mAP: 0.5740  coco/bbox_mAP_50: 0.7870  coco/bbox_mAP_75: 0.7020  coco/bbox_mAP_s: 0.1910  coco/bbox_mAP_m: 0.5700  coco/bbox_mAP_l: 0.5280  data_time: 0.0004  time: 0.1095
2025/07/05 20:41:56 - mmengine - INFO - The previous best checkpoint /data/nl/Mamba2Spectral/work_dirs/DroneVehicle/2025_06_30/yolov8_mambatransformer_enhance/best_coco_bbox_mAP_50_epoch_78.pth is removed
2025/07/05 20:41:58 - mmengine - INFO - The best checkpoint with 0.7870 coco/bbox_mAP_50 at 80 epoch is saved to best_coco_bbox_mAP_50_epoch_80.pth.
2025/07/05 20:44:25 - mmengine - INFO - Epoch(train)  [81][ 50/400]  base_lr: 1.0000e-02 lr: 6.0895e-03  eta: 1 day, 18:07:11  time: 2.8479  data_time: 0.0298  memory: 10836  grad_norm: 10.2659  loss: 20.8503  loss_cls: 4.5133  loss_bbox: 8.1794  loss_dfl: 8.1576
2025/07/05 20:46:02 - mmengine - INFO - Epoch(train)  [81][100/400]  base_lr: 1.0000e-02 lr: 6.0895e-03  eta: 1 day, 17:59:39  time: 1.9260  data_time: 0.0063  memory: 10729  grad_norm: 11.3532  loss: 21.7864  loss_cls: 4.7955  loss_bbox: 8.5863  loss_dfl: 8.4046
2025/07/05 20:48:47 - mmengine - INFO - Epoch(train)  [81][150/400]  base_lr: 1.0000e-02 lr: 6.0895e-03  eta: 1 day, 17:57:39  time: 3.3160  data_time: 0.0073  memory: 10889  grad_norm: 10.2208  loss: 21.0658  loss_cls: 4.5844  loss_bbox: 8.3422  loss_dfl: 8.1391
2025/07/05 20:51:33 - mmengine - INFO - Epoch(train)  [81][200/400]  base_lr: 1.0000e-02 lr: 6.0895e-03  eta: 1 day, 17:55:38  time: 3.3141  data_time: 0.0062  memory: 10761  grad_norm: 9.7288  loss: 20.9568  loss_cls: 4.5471  loss_bbox: 8.2763  loss_dfl: 8.1335
2025/07/05 20:54:19 - mmengine - INFO - Epoch(train)  [81][250/400]  base_lr: 1.0000e-02 lr: 6.0895e-03  eta: 1 day, 17:53:36  time: 3.3118  data_time: 0.0062  memory: 11204  grad_norm: 10.3137  loss: 21.4583  loss_cls: 4.6927  loss_bbox: 8.4617  loss_dfl: 8.3038
2025/07/05 20:57:04 - mmengine - INFO - Epoch(train)  [81][300/400]  base_lr: 1.0000e-02 lr: 6.0895e-03  eta: 1 day, 17:51:34  time: 3.3111  data_time: 0.0066  memory: 10708  grad_norm: 10.7628  loss: 21.4155  loss_cls: 4.6920  loss_bbox: 8.3468  loss_dfl: 8.3768
2025/07/05 20:59:50 - mmengine - INFO - Epoch(train)  [81][350/400]  base_lr: 1.0000e-02 lr: 6.0895e-03  eta: 1 day, 17:49:32  time: 3.3156  data_time: 0.0070  memory: 10767  grad_norm: 9.8615  loss: 21.1405  loss_cls: 4.4693  loss_bbox: 8.4916  loss_dfl: 8.1796
2025/07/05 21:02:36 - mmengine - INFO - Exp name: yolov8_mambatransformer_enhance_20250705_110818
2025/07/05 21:02:36 - mmengine - INFO - Epoch(train)  [81][400/400]  base_lr: 1.0000e-02 lr: 6.0895e-03  eta: 1 day, 17:47:29  time: 3.3149  data_time: 0.0068  memory: 11017  grad_norm: 10.0402  loss: 21.0622  loss_cls: 4.5742  loss_bbox: 8.2419  loss_dfl: 8.2460
2025/07/05 21:02:36 - mmengine - INFO - Saving checkpoint at 81 epochs
2025/07/05 21:02:44 - mmengine - INFO - Epoch(val)  [81][ 50/800]    eta: 0:01:11  time: 0.0960  data_time: 0.0010  memory: 1000  
2025/07/05 21:02:49 - mmengine - INFO - Epoch(val)  [81][100/800]    eta: 0:01:06  time: 0.0929  data_time: 0.0004  memory: 1000  
2025/07/05 21:02:53 - mmengine - INFO - Epoch(val)  [81][150/800]    eta: 0:01:01  time: 0.0948  data_time: 0.0003  memory: 1000  
2025/07/05 21:02:58 - mmengine - INFO - Epoch(val)  [81][200/800]    eta: 0:00:57  time: 0.1010  data_time: 0.0004  memory: 1000  
2025/07/05 21:03:03 - mmengine - INFO - Epoch(val)  [81][250/800]    eta: 0:00:52  time: 0.0966  data_time: 0.0003  memory: 1000  
2025/07/05 21:03:08 - mmengine - INFO - Epoch(val)  [81][300/800]    eta: 0:00:48  time: 0.0972  data_time: 0.0004  memory: 1000  
2025/07/05 21:03:13 - mmengine - INFO - Epoch(val)  [81][350/800]    eta: 0:00:43  time: 0.0972  data_time: 0.0004  memory: 1000  
2025/07/05 21:03:18 - mmengine - INFO - Epoch(val)  [81][400/800]    eta: 0:00:38  time: 0.1029  data_time: 0.0004  memory: 1000  
2025/07/05 21:03:24 - mmengine - INFO - Epoch(val)  [81][450/800]    eta: 0:00:34  time: 0.1090  data_time: 0.0004  memory: 1000  
2025/07/05 21:03:29 - mmengine - INFO - Epoch(val)  [81][500/800]    eta: 0:00:29  time: 0.1100  data_time: 0.0004  memory: 1000  
2025/07/05 21:03:35 - mmengine - INFO - Epoch(val)  [81][550/800]    eta: 0:00:25  time: 0.1093  data_time: 0.0004  memory: 1000  
2025/07/05 21:03:40 - mmengine - INFO - Epoch(val)  [81][600/800]    eta: 0:00:20  time: 0.0974  data_time: 0.0004  memory: 1000  
2025/07/05 21:03:45 - mmengine - INFO - Epoch(val)  [81][650/800]    eta: 0:00:15  time: 0.1035  data_time: 0.0004  memory: 1000  
2025/07/05 21:03:49 - mmengine - INFO - Epoch(val)  [81][700/800]    eta: 0:00:10  time: 0.0928  data_time: 0.0004  memory: 1000  
2025/07/05 21:03:54 - mmengine - INFO - Epoch(val)  [81][750/800]    eta: 0:00:05  time: 0.0999  data_time: 0.0003  memory: 1000  
2025/07/05 21:04:00 - mmengine - INFO - Epoch(val)  [81][800/800]    eta: 0:00:00  time: 0.1101  data_time: 0.0004  memory: 1000  
2025/07/05 21:04:01 - mmengine - INFO - Evaluating bbox...
2025/07/05 21:04:15 - mmengine - INFO - 
+-------------+-------+--------+--------+-------+-------+-------+
| category    | mAP   | mAP_50 | mAP_75 | mAP_s | mAP_m | mAP_l |
+-------------+-------+--------+--------+-------+-------+-------+
| car         | 0.7   | 0.966  | 0.856  | 0.482 | 0.73  | 0.0   |
| truck       | 0.507 | 0.722  | 0.626  | 0.031 | 0.504 | 0.556 |
| bus         | 0.742 | 0.951  | 0.889  | 0.003 | 0.707 | 0.802 |
| van         | 0.461 | 0.645  | 0.582  | 0.277 | 0.453 | 0.762 |
| freight_car | 0.465 | 0.657  | 0.567  | 0.163 | 0.459 | 0.522 |
+-------------+-------+--------+--------+-------+-------+-------+
2025/07/05 21:04:15 - mmengine - INFO - bbox_mAP_copypaste: 0.575 0.788 0.704 0.191 0.571 0.528
2025/07/05 21:04:15 - mmengine - INFO - Epoch(val) [81][800/800]    coco/car_precision: 0.7000  coco/truck_precision: 0.5070  coco/bus_precision: 0.7420  coco/van_precision: 0.4610  coco/freight_car_precision: 0.4650  coco/bbox_mAP: 0.5750  coco/bbox_mAP_50: 0.7880  coco/bbox_mAP_75: 0.7040  coco/bbox_mAP_s: 0.1910  coco/bbox_mAP_m: 0.5710  coco/bbox_mAP_l: 0.5280  data_time: 0.0004  time: 0.1007
2025/07/05 21:04:15 - mmengine - INFO - The previous best checkpoint /data/nl/Mamba2Spectral/work_dirs/DroneVehicle/2025_06_30/yolov8_mambatransformer_enhance/best_coco_bbox_mAP_50_epoch_80.pth is removed
2025/07/05 21:04:17 - mmengine - INFO - The best checkpoint with 0.7880 coco/bbox_mAP_50 at 81 epoch is saved to best_coco_bbox_mAP_50_epoch_81.pth.
2025/07/05 21:07:09 - mmengine - INFO - Epoch(train)  [82][ 50/400]  base_lr: 1.0000e-02 lr: 6.0400e-03  eta: 1 day, 17:45:30  time: 3.3335  data_time: 0.0276  memory: 10847  grad_norm: 10.0425  loss: 20.9332  loss_cls: 4.5344  loss_bbox: 8.2586  loss_dfl: 8.1402
2025/07/05 21:09:54 - mmengine - INFO - Epoch(train)  [82][100/400]  base_lr: 1.0000e-02 lr: 6.0400e-03  eta: 1 day, 17:43:26  time: 3.3122  data_time: 0.0066  memory: 10991  grad_norm: 10.7339  loss: 21.3438  loss_cls: 4.5616  loss_bbox: 8.4059  loss_dfl: 8.3764
2025/07/05 21:12:40 - mmengine - INFO - Epoch(train)  [82][150/400]  base_lr: 1.0000e-02 lr: 6.0400e-03  eta: 1 day, 17:41:23  time: 3.3146  data_time: 0.0070  memory: 10905  grad_norm: 10.6777  loss: 21.4388  loss_cls: 4.6185  loss_bbox: 8.3689  loss_dfl: 8.4514
2025/07/05 21:14:37 - mmengine - INFO - Epoch(train)  [82][200/400]  base_lr: 1.0000e-02 lr: 6.0400e-03  eta: 1 day, 17:35:37  time: 2.3256  data_time: 0.0070  memory: 10841  grad_norm: 10.1895  loss: 21.3014  loss_cls: 4.6548  loss_bbox: 8.3206  loss_dfl: 8.3260
2025/07/05 21:16:39 - mmengine - INFO - Epoch(train)  [82][250/400]  base_lr: 1.0000e-02 lr: 6.0400e-03  eta: 1 day, 17:30:19  time: 2.4402  data_time: 0.0070  memory: 10729  grad_norm: 10.5936  loss: 21.2435  loss_cls: 4.6178  loss_bbox: 8.3392  loss_dfl: 8.2865
2025/07/05 21:19:24 - mmengine - INFO - Epoch(train)  [82][300/400]  base_lr: 1.0000e-02 lr: 6.0400e-03  eta: 1 day, 17:28:17  time: 3.3153  data_time: 0.0073  memory: 10756  grad_norm: 10.1912  loss: 20.9585  loss_cls: 4.4149  loss_bbox: 8.2740  loss_dfl: 8.2696
2025/07/05 21:22:10 - mmengine - INFO - Epoch(train)  [82][350/400]  base_lr: 1.0000e-02 lr: 6.0400e-03  eta: 1 day, 17:26:13  time: 3.3092  data_time: 0.0068  memory: 10975  grad_norm: 10.1869  loss: 20.8415  loss_cls: 4.5224  loss_bbox: 8.1668  loss_dfl: 8.1522
2025/07/05 21:24:56 - mmengine - INFO - Exp name: yolov8_mambatransformer_enhance_20250705_110818
2025/07/05 21:24:56 - mmengine - INFO - Epoch(train)  [82][400/400]  base_lr: 1.0000e-02 lr: 6.0400e-03  eta: 1 day, 17:24:10  time: 3.3173  data_time: 0.0081  memory: 10783  grad_norm: 10.3433  loss: 21.4223  loss_cls: 4.6284  loss_bbox: 8.4564  loss_dfl: 8.3375
2025/07/05 21:24:56 - mmengine - INFO - Saving checkpoint at 82 epochs
2025/07/05 21:25:04 - mmengine - INFO - Epoch(val)  [82][ 50/800]    eta: 0:01:19  time: 0.1066  data_time: 0.0009  memory: 1000  
2025/07/05 21:25:09 - mmengine - INFO - Epoch(val)  [82][100/800]    eta: 0:01:12  time: 0.1011  data_time: 0.0004  memory: 1000  
2025/07/05 21:25:15 - mmengine - INFO - Epoch(val)  [82][150/800]    eta: 0:01:07  time: 0.1037  data_time: 0.0004  memory: 1000  
2025/07/05 21:25:20 - mmengine - INFO - Epoch(val)  [82][200/800]    eta: 0:01:03  time: 0.1099  data_time: 0.0004  memory: 1000  
2025/07/05 21:25:26 - mmengine - INFO - Epoch(val)  [82][250/800]    eta: 0:00:58  time: 0.1101  data_time: 0.0004  memory: 1000  
2025/07/05 21:25:31 - mmengine - INFO - Epoch(val)  [82][300/800]    eta: 0:00:53  time: 0.1094  data_time: 0.0004  memory: 1000  
2025/07/05 21:25:37 - mmengine - INFO - Epoch(val)  [82][350/800]    eta: 0:00:48  time: 0.1100  data_time: 0.0004  memory: 1000  
2025/07/05 21:25:42 - mmengine - INFO - Epoch(val)  [82][400/800]    eta: 0:00:43  time: 0.1099  data_time: 0.0004  memory: 1000  
2025/07/05 21:25:48 - mmengine - INFO - Epoch(val)  [82][450/800]    eta: 0:00:37  time: 0.1098  data_time: 0.0005  memory: 1000  
2025/07/05 21:25:53 - mmengine - INFO - Epoch(val)  [82][500/800]    eta: 0:00:32  time: 0.1099  data_time: 0.0004  memory: 1000  
2025/07/05 21:25:58 - mmengine - INFO - Epoch(val)  [82][550/800]    eta: 0:00:26  time: 0.0977  data_time: 0.0004  memory: 1000  
2025/07/05 21:26:03 - mmengine - INFO - Epoch(val)  [82][600/800]    eta: 0:00:21  time: 0.0940  data_time: 0.0004  memory: 1000  
2025/07/05 21:26:08 - mmengine - INFO - Epoch(val)  [82][650/800]    eta: 0:00:15  time: 0.0952  data_time: 0.0004  memory: 1000  
2025/07/05 21:26:13 - mmengine - INFO - Epoch(val)  [82][700/800]    eta: 0:00:10  time: 0.1063  data_time: 0.0004  memory: 1000  
2025/07/05 21:26:18 - mmengine - INFO - Epoch(val)  [82][750/800]    eta: 0:00:05  time: 0.0940  data_time: 0.0004  memory: 1000  
2025/07/05 21:26:22 - mmengine - INFO - Epoch(val)  [82][800/800]    eta: 0:00:00  time: 0.0947  data_time: 0.0004  memory: 1000  
2025/07/05 21:26:24 - mmengine - INFO - Evaluating bbox...
2025/07/05 21:26:38 - mmengine - INFO - 
+-------------+-------+--------+--------+-------+-------+-------+
| category    | mAP   | mAP_50 | mAP_75 | mAP_s | mAP_m | mAP_l |
+-------------+-------+--------+--------+-------+-------+-------+
| car         | 0.701 | 0.966  | 0.856  | 0.48  | 0.731 | 0.0   |
| truck       | 0.508 | 0.723  | 0.627  | 0.032 | 0.505 | 0.557 |
| bus         | 0.741 | 0.952  | 0.889  | 0.003 | 0.706 | 0.802 |
| van         | 0.463 | 0.647  | 0.584  | 0.279 | 0.457 | 0.766 |
| freight_car | 0.468 | 0.658  | 0.572  | 0.164 | 0.462 | 0.52  |
+-------------+-------+--------+--------+-------+-------+-------+
2025/07/05 21:26:38 - mmengine - INFO - bbox_mAP_copypaste: 0.576 0.789 0.706 0.192 0.572 0.529
2025/07/05 21:26:38 - mmengine - INFO - Epoch(val) [82][800/800]    coco/car_precision: 0.7010  coco/truck_precision: 0.5080  coco/bus_precision: 0.7410  coco/van_precision: 0.4630  coco/freight_car_precision: 0.4680  coco/bbox_mAP: 0.5760  coco/bbox_mAP_50: 0.7890  coco/bbox_mAP_75: 0.7060  coco/bbox_mAP_s: 0.1920  coco/bbox_mAP_m: 0.5720  coco/bbox_mAP_l: 0.5290  data_time: 0.0004  time: 0.1039
2025/07/05 21:26:38 - mmengine - INFO - The previous best checkpoint /data/nl/Mamba2Spectral/work_dirs/DroneVehicle/2025_06_30/yolov8_mambatransformer_enhance/best_coco_bbox_mAP_50_epoch_81.pth is removed
2025/07/05 21:26:40 - mmengine - INFO - The best checkpoint with 0.7890 coco/bbox_mAP_50 at 82 epoch is saved to best_coco_bbox_mAP_50_epoch_82.pth.
2025/07/05 21:29:32 - mmengine - INFO - Epoch(train)  [83][ 50/400]  base_lr: 1.0000e-02 lr: 5.9905e-03  eta: 1 day, 17:22:10  time: 3.3324  data_time: 0.0274  memory: 10975  grad_norm: 10.2761  loss: 21.1802  loss_cls: 4.5925  loss_bbox: 8.2913  loss_dfl: 8.2964
2025/07/05 21:32:17 - mmengine - INFO - Epoch(train)  [83][100/400]  base_lr: 1.0000e-02 lr: 5.9905e-03  eta: 1 day, 17:20:05  time: 3.3128  data_time: 0.0069  memory: 10681  grad_norm: 10.1609  loss: 21.2745  loss_cls: 4.5191  loss_bbox: 8.5026  loss_dfl: 8.2528
2025/07/05 21:35:03 - mmengine - INFO - Epoch(train)  [83][150/400]  base_lr: 1.0000e-02 lr: 5.9905e-03  eta: 1 day, 17:18:01  time: 3.3144  data_time: 0.0066  memory: 10777  grad_norm: 10.4063  loss: 20.9168  loss_cls: 4.5036  loss_bbox: 8.2384  loss_dfl: 8.1748
2025/07/05 21:37:49 - mmengine - INFO - Exp name: yolov8_mambatransformer_enhance_20250705_110818
2025/07/05 21:37:49 - mmengine - INFO - Epoch(train)  [83][200/400]  base_lr: 1.0000e-02 lr: 5.9905e-03  eta: 1 day, 17:15:56  time: 3.3142  data_time: 0.0074  memory: 10783  grad_norm: 10.1835  loss: 21.0819  loss_cls: 4.4178  loss_bbox: 8.3229  loss_dfl: 8.3413
2025/07/05 21:40:34 - mmengine - INFO - Epoch(train)  [83][250/400]  base_lr: 1.0000e-02 lr: 5.9905e-03  eta: 1 day, 17:13:49  time: 3.3114  data_time: 0.0062  memory: 10900  grad_norm: 10.1892  loss: 21.1313  loss_cls: 4.5512  loss_bbox: 8.3591  loss_dfl: 8.2210
2025/07/05 21:43:05 - mmengine - INFO - Epoch(train)  [83][300/400]  base_lr: 1.0000e-02 lr: 5.9905e-03  eta: 1 day, 17:10:38  time: 3.0014  data_time: 0.0065  memory: 10799  grad_norm: 10.4833  loss: 21.0574  loss_cls: 4.5085  loss_bbox: 8.2037  loss_dfl: 8.3452
2025/07/05 21:44:45 - mmengine - INFO - Epoch(train)  [83][350/400]  base_lr: 1.0000e-02 lr: 5.9905e-03  eta: 1 day, 17:03:59  time: 2.0162  data_time: 0.0076  memory: 10825  grad_norm: 9.7539  loss: 20.6305  loss_cls: 4.3450  loss_bbox: 8.0873  loss_dfl: 8.1982
2025/07/05 21:47:27 - mmengine - INFO - Exp name: yolov8_mambatransformer_enhance_20250705_110818
2025/07/05 21:47:27 - mmengine - INFO - Epoch(train)  [83][400/400]  base_lr: 1.0000e-02 lr: 5.9905e-03  eta: 1 day, 17:01:38  time: 3.2337  data_time: 0.0068  memory: 10820  grad_norm: 10.6401  loss: 21.0640  loss_cls: 4.6137  loss_bbox: 8.2087  loss_dfl: 8.2416
2025/07/05 21:47:27 - mmengine - INFO - Saving checkpoint at 83 epochs
2025/07/05 21:47:38 - mmengine - INFO - Epoch(val)  [83][ 50/800]    eta: 0:01:33  time: 0.1250  data_time: 0.0013  memory: 1000  
2025/07/05 21:47:44 - mmengine - INFO - Epoch(val)  [83][100/800]    eta: 0:01:29  time: 0.1296  data_time: 0.0055  memory: 1000  
2025/07/05 21:47:50 - mmengine - INFO - Epoch(val)  [83][150/800]    eta: 0:01:21  time: 0.1234  data_time: 0.0034  memory: 1000  
2025/07/05 21:47:56 - mmengine - INFO - Epoch(val)  [83][200/800]    eta: 0:01:14  time: 0.1170  data_time: 0.0004  memory: 1000  
2025/07/05 21:48:02 - mmengine - INFO - Epoch(val)  [83][250/800]    eta: 0:01:07  time: 0.1215  data_time: 0.0004  memory: 1000  
2025/07/05 21:48:09 - mmengine - INFO - Epoch(val)  [83][300/800]    eta: 0:01:02  time: 0.1376  data_time: 0.0006  memory: 1000  
2025/07/05 21:48:16 - mmengine - INFO - Epoch(val)  [83][350/800]    eta: 0:00:56  time: 0.1252  data_time: 0.0004  memory: 1000  
2025/07/05 21:48:21 - mmengine - INFO - Epoch(val)  [83][400/800]    eta: 0:00:49  time: 0.1119  data_time: 0.0003  memory: 1000  
2025/07/05 21:48:27 - mmengine - INFO - Epoch(val)  [83][450/800]    eta: 0:00:42  time: 0.1115  data_time: 0.0005  memory: 1000  
2025/07/05 21:48:32 - mmengine - INFO - Epoch(val)  [83][500/800]    eta: 0:00:36  time: 0.1119  data_time: 0.0005  memory: 1000  
2025/07/05 21:48:38 - mmengine - INFO - Epoch(val)  [83][550/800]    eta: 0:00:29  time: 0.1053  data_time: 0.0005  memory: 1000  
2025/07/05 21:48:42 - mmengine - INFO - Epoch(val)  [83][600/800]    eta: 0:00:23  time: 0.0936  data_time: 0.0004  memory: 1000  
2025/07/05 21:48:48 - mmengine - INFO - Epoch(val)  [83][650/800]    eta: 0:00:17  time: 0.1041  data_time: 0.0005  memory: 1000  
2025/07/05 21:48:52 - mmengine - INFO - Epoch(val)  [83][700/800]    eta: 0:00:11  time: 0.0922  data_time: 0.0004  memory: 1000  
2025/07/05 21:48:57 - mmengine - INFO - Epoch(val)  [83][750/800]    eta: 0:00:05  time: 0.0924  data_time: 0.0004  memory: 1000  
2025/07/05 21:49:01 - mmengine - INFO - Epoch(val)  [83][800/800]    eta: 0:00:00  time: 0.0921  data_time: 0.0004  memory: 1000  
2025/07/05 21:49:03 - mmengine - INFO - Evaluating bbox...
2025/07/05 21:49:16 - mmengine - INFO - 
+-------------+-------+--------+--------+-------+-------+-------+
| category    | mAP   | mAP_50 | mAP_75 | mAP_s | mAP_m | mAP_l |
+-------------+-------+--------+--------+-------+-------+-------+
| car         | 0.701 | 0.966  | 0.857  | 0.481 | 0.731 | 0.0   |
| truck       | 0.509 | 0.724  | 0.624  | 0.034 | 0.506 | 0.558 |
| bus         | 0.744 | 0.952  | 0.893  | 0.003 | 0.708 | 0.806 |
| van         | 0.464 | 0.648  | 0.584  | 0.283 | 0.457 | 0.764 |
| freight_car | 0.468 | 0.661  | 0.574  | 0.164 | 0.463 | 0.518 |
+-------------+-------+--------+--------+-------+-------+-------+
2025/07/05 21:49:16 - mmengine - INFO - bbox_mAP_copypaste: 0.577 0.790 0.707 0.193 0.573 0.529
2025/07/05 21:49:16 - mmengine - INFO - Epoch(val) [83][800/800]    coco/car_precision: 0.7010  coco/truck_precision: 0.5090  coco/bus_precision: 0.7440  coco/van_precision: 0.4640  coco/freight_car_precision: 0.4680  coco/bbox_mAP: 0.5770  coco/bbox_mAP_50: 0.7900  coco/bbox_mAP_75: 0.7070  coco/bbox_mAP_s: 0.1930  coco/bbox_mAP_m: 0.5730  coco/bbox_mAP_l: 0.5290  data_time: 0.0010  time: 0.1121
2025/07/05 21:49:16 - mmengine - INFO - The previous best checkpoint /data/nl/Mamba2Spectral/work_dirs/DroneVehicle/2025_06_30/yolov8_mambatransformer_enhance/best_coco_bbox_mAP_50_epoch_82.pth is removed
2025/07/05 21:49:19 - mmengine - INFO - The best checkpoint with 0.7900 coco/bbox_mAP_50 at 83 epoch is saved to best_coco_bbox_mAP_50_epoch_83.pth.
2025/07/05 21:52:10 - mmengine - INFO - Epoch(train)  [84][ 50/400]  base_lr: 1.0000e-02 lr: 5.9410e-03  eta: 1 day, 16:59:37  time: 3.3344  data_time: 0.0285  memory: 10772  grad_norm: 10.9375  loss: 21.2419  loss_cls: 4.6180  loss_bbox: 8.3161  loss_dfl: 8.3077
2025/07/05 21:54:56 - mmengine - INFO - Epoch(train)  [84][100/400]  base_lr: 1.0000e-02 lr: 5.9410e-03  eta: 1 day, 16:57:31  time: 3.3111  data_time: 0.0060  memory: 10873  grad_norm: 10.3700  loss: 21.1200  loss_cls: 4.5391  loss_bbox: 8.3033  loss_dfl: 8.2776
2025/07/05 21:57:42 - mmengine - INFO - Epoch(train)  [84][150/400]  base_lr: 1.0000e-02 lr: 5.9410e-03  eta: 1 day, 16:55:25  time: 3.3130  data_time: 0.0059  memory: 11328  grad_norm: 10.0654  loss: 21.1069  loss_cls: 4.5316  loss_bbox: 8.3839  loss_dfl: 8.1914
2025/07/05 22:00:27 - mmengine - INFO - Epoch(train)  [84][200/400]  base_lr: 1.0000e-02 lr: 5.9410e-03  eta: 1 day, 16:53:18  time: 3.3079  data_time: 0.0067  memory: 10697  grad_norm: 10.5572  loss: 21.5508  loss_cls: 4.7166  loss_bbox: 8.4696  loss_dfl: 8.3646
2025/07/05 22:03:13 - mmengine - INFO - Epoch(train)  [84][250/400]  base_lr: 1.0000e-02 lr: 5.9410e-03  eta: 1 day, 16:51:11  time: 3.3114  data_time: 0.0061  memory: 10745  grad_norm: 10.5237  loss: 21.1405  loss_cls: 4.5191  loss_bbox: 8.3460  loss_dfl: 8.2753
2025/07/05 22:05:58 - mmengine - INFO - Epoch(train)  [84][300/400]  base_lr: 1.0000e-02 lr: 5.9410e-03  eta: 1 day, 16:49:04  time: 3.3114  data_time: 0.0066  memory: 10810  grad_norm: 10.0971  loss: 21.1733  loss_cls: 4.5282  loss_bbox: 8.3772  loss_dfl: 8.2679
2025/07/05 22:08:44 - mmengine - INFO - Epoch(train)  [84][350/400]  base_lr: 1.0000e-02 lr: 5.9410e-03  eta: 1 day, 16:46:57  time: 3.3142  data_time: 0.0060  memory: 10863  grad_norm: 10.3164  loss: 20.8778  loss_cls: 4.5447  loss_bbox: 8.1722  loss_dfl: 8.1609
2025/07/05 22:11:30 - mmengine - INFO - Exp name: yolov8_mambatransformer_enhance_20250705_110818
2025/07/05 22:11:30 - mmengine - INFO - Epoch(train)  [84][400/400]  base_lr: 1.0000e-02 lr: 5.9410e-03  eta: 1 day, 16:44:49  time: 3.3132  data_time: 0.0062  memory: 10788  grad_norm: 10.3634  loss: 20.8425  loss_cls: 4.5167  loss_bbox: 8.1319  loss_dfl: 8.1939
2025/07/05 22:11:30 - mmengine - INFO - Saving checkpoint at 84 epochs
2025/07/05 22:11:40 - mmengine - INFO - Epoch(val)  [84][ 50/800]    eta: 0:01:30  time: 0.1204  data_time: 0.0009  memory: 1000  
2025/07/05 22:11:46 - mmengine - INFO - Epoch(val)  [84][100/800]    eta: 0:01:20  time: 0.1110  data_time: 0.0004  memory: 1000  
2025/07/05 22:11:52 - mmengine - INFO - Epoch(val)  [84][150/800]    eta: 0:01:14  time: 0.1142  data_time: 0.0014  memory: 1000  
2025/07/05 22:11:58 - mmengine - INFO - Epoch(val)  [84][200/800]    eta: 0:01:12  time: 0.1375  data_time: 0.0036  memory: 1000  
2025/07/05 22:12:05 - mmengine - INFO - Epoch(val)  [84][250/800]    eta: 0:01:07  time: 0.1280  data_time: 0.0047  memory: 1000  
2025/07/05 22:12:11 - mmengine - INFO - Epoch(val)  [84][300/800]    eta: 0:01:00  time: 0.1198  data_time: 0.0110  memory: 1000  
2025/07/05 22:12:17 - mmengine - INFO - Epoch(val)  [84][350/800]    eta: 0:00:55  time: 0.1279  data_time: 0.0082  memory: 1000  
2025/07/05 22:12:23 - mmengine - INFO - Epoch(val)  [84][400/800]    eta: 0:00:48  time: 0.1178  data_time: 0.0105  memory: 1000  
2025/07/05 22:12:29 - mmengine - INFO - Epoch(val)  [84][450/800]    eta: 0:00:42  time: 0.1225  data_time: 0.0042  memory: 1000  
2025/07/05 22:12:36 - mmengine - INFO - Epoch(val)  [84][500/800]    eta: 0:00:37  time: 0.1372  data_time: 0.0107  memory: 1000  
2025/07/05 22:12:42 - mmengine - INFO - Epoch(val)  [84][550/800]    eta: 0:00:30  time: 0.1071  data_time: 0.0058  memory: 1000  
2025/07/05 22:12:47 - mmengine - INFO - Epoch(val)  [84][600/800]    eta: 0:00:24  time: 0.1041  data_time: 0.0004  memory: 1000  
2025/07/05 22:12:53 - mmengine - INFO - Epoch(val)  [84][650/800]    eta: 0:00:18  time: 0.1304  data_time: 0.0011  memory: 1000  
2025/07/05 22:13:00 - mmengine - INFO - Epoch(val)  [84][700/800]    eta: 0:00:12  time: 0.1321  data_time: 0.0004  memory: 1000  
2025/07/05 22:13:06 - mmengine - INFO - Epoch(val)  [84][750/800]    eta: 0:00:06  time: 0.1233  data_time: 0.0004  memory: 1000  
2025/07/05 22:13:11 - mmengine - INFO - Epoch(val)  [84][800/800]    eta: 0:00:00  time: 0.1025  data_time: 0.0004  memory: 1000  
2025/07/05 22:13:13 - mmengine - INFO - Evaluating bbox...
2025/07/05 22:13:28 - mmengine - INFO - 
+-------------+-------+--------+--------+-------+-------+-------+
| category    | mAP   | mAP_50 | mAP_75 | mAP_s | mAP_m | mAP_l |
+-------------+-------+--------+--------+-------+-------+-------+
| car         | 0.7   | 0.966  | 0.856  | 0.481 | 0.73  | 0.0   |
| truck       | 0.51  | 0.724  | 0.629  | 0.035 | 0.507 | 0.559 |
| bus         | 0.742 | 0.953  | 0.893  | 0.003 | 0.708 | 0.804 |
| van         | 0.466 | 0.65   | 0.585  | 0.283 | 0.458 | 0.775 |
| freight_car | 0.468 | 0.662  | 0.575  | 0.164 | 0.462 | 0.519 |
+-------------+-------+--------+--------+-------+-------+-------+
2025/07/05 22:13:28 - mmengine - INFO - bbox_mAP_copypaste: 0.577 0.791 0.708 0.193 0.573 0.531
2025/07/05 22:13:28 - mmengine - INFO - Epoch(val) [84][800/800]    coco/car_precision: 0.7000  coco/truck_precision: 0.5100  coco/bus_precision: 0.7420  coco/van_precision: 0.4660  coco/freight_car_precision: 0.4680  coco/bbox_mAP: 0.5770  coco/bbox_mAP_50: 0.7910  coco/bbox_mAP_75: 0.7080  coco/bbox_mAP_s: 0.1930  coco/bbox_mAP_m: 0.5730  coco/bbox_mAP_l: 0.5310  data_time: 0.0040  time: 0.1209
2025/07/05 22:13:28 - mmengine - INFO - The previous best checkpoint /data/nl/Mamba2Spectral/work_dirs/DroneVehicle/2025_06_30/yolov8_mambatransformer_enhance/best_coco_bbox_mAP_50_epoch_83.pth is removed
2025/07/05 22:13:31 - mmengine - INFO - The best checkpoint with 0.7910 coco/bbox_mAP_50 at 84 epoch is saved to best_coco_bbox_mAP_50_epoch_84.pth.
2025/07/05 22:15:59 - mmengine - INFO - Epoch(train)  [85][ 50/400]  base_lr: 1.0000e-02 lr: 5.8915e-03  eta: 1 day, 16:41:11  time: 2.8617  data_time: 0.0398  memory: 10697  grad_norm: 9.9117  loss: 20.9382  loss_cls: 4.4451  loss_bbox: 8.2438  loss_dfl: 8.2493
2025/07/05 22:18:44 - mmengine - INFO - Epoch(train)  [85][100/400]  base_lr: 1.0000e-02 lr: 5.8915e-03  eta: 1 day, 16:39:04  time: 3.3128  data_time: 0.0063  memory: 10676  grad_norm: 10.1778  loss: 20.9403  loss_cls: 4.4469  loss_bbox: 8.2304  loss_dfl: 8.2630
2025/07/05 22:21:30 - mmengine - INFO - Epoch(train)  [85][150/400]  base_lr: 1.0000e-02 lr: 5.8915e-03  eta: 1 day, 16:36:56  time: 3.3140  data_time: 0.0063  memory: 10767  grad_norm: 11.1610  loss: 21.3565  loss_cls: 4.5373  loss_bbox: 8.5023  loss_dfl: 8.3168
2025/07/05 22:24:16 - mmengine - INFO - Epoch(train)  [85][200/400]  base_lr: 1.0000e-02 lr: 5.8915e-03  eta: 1 day, 16:34:47  time: 3.3132  data_time: 0.0064  memory: 10852  grad_norm: 10.1510  loss: 20.8098  loss_cls: 4.3596  loss_bbox: 8.2139  loss_dfl: 8.2363
2025/07/05 22:27:02 - mmengine - INFO - Epoch(train)  [85][250/400]  base_lr: 1.0000e-02 lr: 5.8915e-03  eta: 1 day, 16:32:39  time: 3.3155  data_time: 0.0065  memory: 10841  grad_norm: 10.4588  loss: 21.1381  loss_cls: 4.4898  loss_bbox: 8.3782  loss_dfl: 8.2701
2025/07/05 22:29:47 - mmengine - INFO - Epoch(train)  [85][300/400]  base_lr: 1.0000e-02 lr: 5.8915e-03  eta: 1 day, 16:30:30  time: 3.3147  data_time: 0.0060  memory: 10665  grad_norm: 10.2831  loss: 21.3336  loss_cls: 4.7087  loss_bbox: 8.3419  loss_dfl: 8.2830
2025/07/05 22:32:33 - mmengine - INFO - Epoch(train)  [85][350/400]  base_lr: 1.0000e-02 lr: 5.8915e-03  eta: 1 day, 16:28:21  time: 3.3144  data_time: 0.0067  memory: 10756  grad_norm: 10.0536  loss: 20.6320  loss_cls: 4.3740  loss_bbox: 8.0613  loss_dfl: 8.1968
2025/07/05 22:35:19 - mmengine - INFO - Exp name: yolov8_mambatransformer_enhance_20250705_110818
2025/07/05 22:35:19 - mmengine - INFO - Epoch(train)  [85][400/400]  base_lr: 1.0000e-02 lr: 5.8915e-03  eta: 1 day, 16:26:11  time: 3.3109  data_time: 0.0059  memory: 10975  grad_norm: 10.1089  loss: 21.1345  loss_cls: 4.4517  loss_bbox: 8.3433  loss_dfl: 8.3394
2025/07/05 22:35:19 - mmengine - INFO - Saving checkpoint at 85 epochs
2025/07/05 22:35:27 - mmengine - INFO - Epoch(val)  [85][ 50/800]    eta: 0:01:15  time: 0.1004  data_time: 0.0008  memory: 1000  
2025/07/05 22:35:32 - mmengine - INFO - Epoch(val)  [85][100/800]    eta: 0:01:11  time: 0.1044  data_time: 0.0004  memory: 1000  
2025/07/05 22:35:38 - mmengine - INFO - Epoch(val)  [85][150/800]    eta: 0:01:08  time: 0.1097  data_time: 0.0004  memory: 1000  
2025/07/05 22:35:43 - mmengine - INFO - Epoch(val)  [85][200/800]    eta: 0:01:03  time: 0.1083  data_time: 0.0004  memory: 1000  
2025/07/05 22:35:49 - mmengine - INFO - Epoch(val)  [85][250/800]    eta: 0:00:58  time: 0.1117  data_time: 0.0004  memory: 1000  
2025/07/05 22:35:55 - mmengine - INFO - Epoch(val)  [85][300/800]    eta: 0:00:54  time: 0.1153  data_time: 0.0016  memory: 1000  
2025/07/05 22:36:01 - mmengine - INFO - Epoch(val)  [85][350/800]    eta: 0:00:50  time: 0.1301  data_time: 0.0019  memory: 1000  
2025/07/05 22:36:09 - mmengine - INFO - Epoch(val)  [85][400/800]    eta: 0:00:46  time: 0.1509  data_time: 0.0023  memory: 1000  
2025/07/05 22:36:16 - mmengine - INFO - Epoch(val)  [85][450/800]    eta: 0:00:41  time: 0.1432  data_time: 0.0029  memory: 1000  
2025/07/05 22:36:22 - mmengine - INFO - Epoch(val)  [85][500/800]    eta: 0:00:35  time: 0.1217  data_time: 0.0033  memory: 1000  
2025/07/05 22:36:28 - mmengine - INFO - Epoch(val)  [85][550/800]    eta: 0:00:29  time: 0.1211  data_time: 0.0025  memory: 1000  
2025/07/05 22:36:34 - mmengine - INFO - Epoch(val)  [85][600/800]    eta: 0:00:23  time: 0.1216  data_time: 0.0004  memory: 1000  
2025/07/05 22:36:40 - mmengine - INFO - Epoch(val)  [85][650/800]    eta: 0:00:17  time: 0.1214  data_time: 0.0004  memory: 1000  
2025/07/05 22:36:46 - mmengine - INFO - Epoch(val)  [85][700/800]    eta: 0:00:12  time: 0.1207  data_time: 0.0004  memory: 1000  
2025/07/05 22:36:52 - mmengine - INFO - Epoch(val)  [85][750/800]    eta: 0:00:06  time: 0.1221  data_time: 0.0020  memory: 1000  
2025/07/05 22:36:58 - mmengine - INFO - Epoch(val)  [85][800/800]    eta: 0:00:00  time: 0.1184  data_time: 0.0027  memory: 1000  
2025/07/05 22:37:00 - mmengine - INFO - Evaluating bbox...
2025/07/05 22:37:13 - mmengine - INFO - 
+-------------+-------+--------+--------+-------+-------+-------+
| category    | mAP   | mAP_50 | mAP_75 | mAP_s | mAP_m | mAP_l |
+-------------+-------+--------+--------+-------+-------+-------+
| car         | 0.701 | 0.966  | 0.857  | 0.482 | 0.73  | 0.0   |
| truck       | 0.511 | 0.725  | 0.63   | 0.04  | 0.508 | 0.56  |
| bus         | 0.743 | 0.953  | 0.894  | 0.003 | 0.709 | 0.805 |
| van         | 0.467 | 0.651  | 0.587  | 0.282 | 0.459 | 0.774 |
| freight_car | 0.47  | 0.663  | 0.576  | 0.164 | 0.465 | 0.519 |
+-------------+-------+--------+--------+-------+-------+-------+
2025/07/05 22:37:13 - mmengine - INFO - bbox_mAP_copypaste: 0.578 0.792 0.709 0.194 0.574 0.532
2025/07/05 22:37:13 - mmengine - INFO - Epoch(val) [85][800/800]    coco/car_precision: 0.7010  coco/truck_precision: 0.5110  coco/bus_precision: 0.7430  coco/van_precision: 0.4670  coco/freight_car_precision: 0.4700  coco/bbox_mAP: 0.5780  coco/bbox_mAP_50: 0.7920  coco/bbox_mAP_75: 0.7090  coco/bbox_mAP_s: 0.1940  coco/bbox_mAP_m: 0.5740  coco/bbox_mAP_l: 0.5320  data_time: 0.0014  time: 0.1200
2025/07/05 22:37:13 - mmengine - INFO - The previous best checkpoint /data/nl/Mamba2Spectral/work_dirs/DroneVehicle/2025_06_30/yolov8_mambatransformer_enhance/best_coco_bbox_mAP_50_epoch_84.pth is removed
2025/07/05 22:37:16 - mmengine - INFO - The best checkpoint with 0.7920 coco/bbox_mAP_50 at 85 epoch is saved to best_coco_bbox_mAP_50_epoch_85.pth.
2025/07/05 22:40:07 - mmengine - INFO - Epoch(train)  [86][ 50/400]  base_lr: 1.0000e-02 lr: 5.8420e-03  eta: 1 day, 16:24:05  time: 3.3342  data_time: 0.0290  memory: 10900  grad_norm: 10.5513  loss: 21.2419  loss_cls: 4.7146  loss_bbox: 8.2250  loss_dfl: 8.3022
2025/07/05 22:42:11 - mmengine - INFO - Epoch(train)  [86][100/400]  base_lr: 1.0000e-02 lr: 5.8420e-03  eta: 1 day, 16:19:17  time: 2.4784  data_time: 0.0065  memory: 10836  grad_norm: 10.1686  loss: 20.9915  loss_cls: 4.5145  loss_bbox: 8.2990  loss_dfl: 8.1780
2025/07/05 22:44:23 - mmengine - INFO - Epoch(train)  [86][150/400]  base_lr: 1.0000e-02 lr: 5.8420e-03  eta: 1 day, 16:15:00  time: 2.6408  data_time: 0.0066  memory: 10681  grad_norm: 11.8020  loss: 21.6219  loss_cls: 4.7540  loss_bbox: 8.4535  loss_dfl: 8.4145
2025/07/05 22:47:09 - mmengine - INFO - Epoch(train)  [86][200/400]  base_lr: 1.0000e-02 lr: 5.8420e-03  eta: 1 day, 16:12:50  time: 3.3093  data_time: 0.0058  memory: 11231  grad_norm: 10.2973  loss: 21.0990  loss_cls: 4.5703  loss_bbox: 8.2713  loss_dfl: 8.2574
2025/07/05 22:49:54 - mmengine - INFO - Epoch(train)  [86][250/400]  base_lr: 1.0000e-02 lr: 5.8420e-03  eta: 1 day, 16:10:39  time: 3.3059  data_time: 0.0060  memory: 10927  grad_norm: 10.6223  loss: 21.1693  loss_cls: 4.5669  loss_bbox: 8.3916  loss_dfl: 8.2108
2025/07/05 22:52:40 - mmengine - INFO - Epoch(train)  [86][300/400]  base_lr: 1.0000e-02 lr: 5.8420e-03  eta: 1 day, 16:08:29  time: 3.3086  data_time: 0.0061  memory: 10772  grad_norm: 10.0470  loss: 21.0818  loss_cls: 4.5132  loss_bbox: 8.3052  loss_dfl: 8.2633
2025/07/05 22:55:25 - mmengine - INFO - Epoch(train)  [86][350/400]  base_lr: 1.0000e-02 lr: 5.8420e-03  eta: 1 day, 16:06:18  time: 3.3101  data_time: 0.0068  memory: 10751  grad_norm: 10.2596  loss: 20.8803  loss_cls: 4.3956  loss_bbox: 8.2642  loss_dfl: 8.2205
2025/07/05 22:58:11 - mmengine - INFO - Exp name: yolov8_mambatransformer_enhance_20250705_110818
2025/07/05 22:58:11 - mmengine - INFO - Epoch(train)  [86][400/400]  base_lr: 1.0000e-02 lr: 5.8420e-03  eta: 1 day, 16:04:07  time: 3.3133  data_time: 0.0067  memory: 10900  grad_norm: 11.4742  loss: 21.4072  loss_cls: 4.6779  loss_bbox: 8.4607  loss_dfl: 8.2686
2025/07/05 22:58:11 - mmengine - INFO - Saving checkpoint at 86 epochs
2025/07/05 22:58:20 - mmengine - INFO - Epoch(val)  [86][ 50/800]    eta: 0:01:23  time: 0.1112  data_time: 0.0010  memory: 1000  
2025/07/05 22:58:25 - mmengine - INFO - Epoch(val)  [86][100/800]    eta: 0:01:17  time: 0.1094  data_time: 0.0004  memory: 1000  
2025/07/05 22:58:31 - mmengine - INFO - Epoch(val)  [86][150/800]    eta: 0:01:11  time: 0.1096  data_time: 0.0004  memory: 1000  
2025/07/05 22:58:36 - mmengine - INFO - Epoch(val)  [86][200/800]    eta: 0:01:06  time: 0.1104  data_time: 0.0004  memory: 1000  
2025/07/05 22:58:42 - mmengine - INFO - Epoch(val)  [86][250/800]    eta: 0:01:00  time: 0.1095  data_time: 0.0004  memory: 1000  
2025/07/05 22:58:47 - mmengine - INFO - Epoch(val)  [86][300/800]    eta: 0:00:54  time: 0.1096  data_time: 0.0004  memory: 1000  
2025/07/05 22:58:53 - mmengine - INFO - Epoch(val)  [86][350/800]    eta: 0:00:49  time: 0.1096  data_time: 0.0004  memory: 1000  
2025/07/05 22:58:58 - mmengine - INFO - Epoch(val)  [86][400/800]    eta: 0:00:43  time: 0.1097  data_time: 0.0004  memory: 1000  
2025/07/05 22:59:04 - mmengine - INFO - Epoch(val)  [86][450/800]    eta: 0:00:38  time: 0.1096  data_time: 0.0004  memory: 1000  
2025/07/05 22:59:09 - mmengine - INFO - Epoch(val)  [86][500/800]    eta: 0:00:32  time: 0.1108  data_time: 0.0004  memory: 1000  
2025/07/05 22:59:14 - mmengine - INFO - Epoch(val)  [86][550/800]    eta: 0:00:27  time: 0.0916  data_time: 0.0003  memory: 1000  
2025/07/05 22:59:19 - mmengine - INFO - Epoch(val)  [86][600/800]    eta: 0:00:21  time: 0.1057  data_time: 0.0004  memory: 1000  
2025/07/05 22:59:24 - mmengine - INFO - Epoch(val)  [86][650/800]    eta: 0:00:16  time: 0.1100  data_time: 0.0004  memory: 1000  
2025/07/05 22:59:30 - mmengine - INFO - Epoch(val)  [86][700/800]    eta: 0:00:10  time: 0.1101  data_time: 0.0004  memory: 1000  
2025/07/05 22:59:35 - mmengine - INFO - Epoch(val)  [86][750/800]    eta: 0:00:05  time: 0.1096  data_time: 0.0004  memory: 1000  
2025/07/05 22:59:41 - mmengine - INFO - Epoch(val)  [86][800/800]    eta: 0:00:00  time: 0.1094  data_time: 0.0004  memory: 1000  
2025/07/05 22:59:42 - mmengine - INFO - Evaluating bbox...
2025/07/05 22:59:55 - mmengine - INFO - 
+-------------+-------+--------+--------+-------+-------+-------+
| category    | mAP   | mAP_50 | mAP_75 | mAP_s | mAP_m | mAP_l |
+-------------+-------+--------+--------+-------+-------+-------+
| car         | 0.701 | 0.966  | 0.856  | 0.482 | 0.73  | 0.0   |
| truck       | 0.512 | 0.726  | 0.633  | 0.044 | 0.51  | 0.561 |
| bus         | 0.744 | 0.953  | 0.894  | 0.004 | 0.711 | 0.805 |
| van         | 0.469 | 0.654  | 0.59   | 0.282 | 0.461 | 0.773 |
| freight_car | 0.471 | 0.665  | 0.578  | 0.167 | 0.466 | 0.518 |
+-------------+-------+--------+--------+-------+-------+-------+
2025/07/05 22:59:55 - mmengine - INFO - bbox_mAP_copypaste: 0.579 0.793 0.710 0.196 0.576 0.531
2025/07/05 22:59:55 - mmengine - INFO - Epoch(val) [86][800/800]    coco/car_precision: 0.7010  coco/truck_precision: 0.5120  coco/bus_precision: 0.7440  coco/van_precision: 0.4690  coco/freight_car_precision: 0.4710  coco/bbox_mAP: 0.5790  coco/bbox_mAP_50: 0.7930  coco/bbox_mAP_75: 0.7100  coco/bbox_mAP_s: 0.1960  coco/bbox_mAP_m: 0.5760  coco/bbox_mAP_l: 0.5310  data_time: 0.0004  time: 0.1085
2025/07/05 22:59:56 - mmengine - INFO - The previous best checkpoint /data/nl/Mamba2Spectral/work_dirs/DroneVehicle/2025_06_30/yolov8_mambatransformer_enhance/best_coco_bbox_mAP_50_epoch_85.pth is removed
2025/07/05 22:59:58 - mmengine - INFO - The best checkpoint with 0.7930 coco/bbox_mAP_50 at 86 epoch is saved to best_coco_bbox_mAP_50_epoch_86.pth.
2025/07/05 23:02:50 - mmengine - INFO - Epoch(train)  [87][ 50/400]  base_lr: 1.0000e-02 lr: 5.7925e-03  eta: 1 day, 16:02:01  time: 3.3372  data_time: 0.0390  memory: 10751  grad_norm: 10.6257  loss: 20.9356  loss_cls: 4.4295  loss_bbox: 8.2159  loss_dfl: 8.2902
2025/07/05 23:05:36 - mmengine - INFO - Epoch(train)  [87][100/400]  base_lr: 1.0000e-02 lr: 5.7925e-03  eta: 1 day, 15:59:50  time: 3.3113  data_time: 0.0070  memory: 11172  grad_norm: 10.4706  loss: 20.8483  loss_cls: 4.4875  loss_bbox: 8.1208  loss_dfl: 8.2400
2025/07/05 23:08:21 - mmengine - INFO - Epoch(train)  [87][150/400]  base_lr: 1.0000e-02 lr: 5.7925e-03  eta: 1 day, 15:57:38  time: 3.3143  data_time: 0.0059  memory: 10825  grad_norm: 10.1684  loss: 20.8812  loss_cls: 4.4279  loss_bbox: 8.1780  loss_dfl: 8.2754
2025/07/05 23:10:45 - mmengine - INFO - Epoch(train)  [87][200/400]  base_lr: 1.0000e-02 lr: 5.7925e-03  eta: 1 day, 15:54:07  time: 2.8710  data_time: 0.0066  memory: 10692  grad_norm: 10.6736  loss: 21.2665  loss_cls: 4.6476  loss_bbox: 8.3404  loss_dfl: 8.2786
2025/07/05 23:12:25 - mmengine - INFO - Epoch(train)  [87][250/400]  base_lr: 1.0000e-02 lr: 5.7925e-03  eta: 1 day, 15:47:59  time: 1.9943  data_time: 0.0075  memory: 10815  grad_norm: 10.6553  loss: 21.1491  loss_cls: 4.5277  loss_bbox: 8.3228  loss_dfl: 8.2987
2025/07/05 23:15:11 - mmengine - INFO - Epoch(train)  [87][300/400]  base_lr: 1.0000e-02 lr: 5.7925e-03  eta: 1 day, 15:45:52  time: 3.3342  data_time: 0.0058  memory: 10815  grad_norm: 10.5969  loss: 21.0496  loss_cls: 4.5176  loss_bbox: 8.2457  loss_dfl: 8.2863
2025/07/05 23:17:58 - mmengine - INFO - Epoch(train)  [87][350/400]  base_lr: 1.0000e-02 lr: 5.7925e-03  eta: 1 day, 15:43:46  time: 3.3359  data_time: 0.0060  memory: 10767  grad_norm: 9.6572  loss: 20.5593  loss_cls: 4.3351  loss_bbox: 8.1137  loss_dfl: 8.1105
2025/07/05 23:20:45 - mmengine - INFO - Exp name: yolov8_mambatransformer_enhance_20250705_110818
2025/07/05 23:20:45 - mmengine - INFO - Epoch(train)  [87][400/400]  base_lr: 1.0000e-02 lr: 5.7925e-03  eta: 1 day, 15:41:39  time: 3.3366  data_time: 0.0059  memory: 10751  grad_norm: 10.5132  loss: 21.1735  loss_cls: 4.5277  loss_bbox: 8.3219  loss_dfl: 8.3239
2025/07/05 23:20:45 - mmengine - INFO - Saving checkpoint at 87 epochs
2025/07/05 23:20:53 - mmengine - INFO - Epoch(val)  [87][ 50/800]    eta: 0:01:14  time: 0.0994  data_time: 0.0009  memory: 1000  
2025/07/05 23:20:58 - mmengine - INFO - Epoch(val)  [87][100/800]    eta: 0:01:06  time: 0.0903  data_time: 0.0003  memory: 1000  
2025/07/05 23:21:02 - mmengine - INFO - Epoch(val)  [87][150/800]    eta: 0:01:00  time: 0.0915  data_time: 0.0003  memory: 1000  
2025/07/05 23:21:07 - mmengine - INFO - Epoch(val)  [87][200/800]    eta: 0:00:55  time: 0.0906  data_time: 0.0003  memory: 1000  
2025/07/05 23:21:11 - mmengine - INFO - Epoch(val)  [87][250/800]    eta: 0:00:50  time: 0.0903  data_time: 0.0003  memory: 1000  
2025/07/05 23:21:16 - mmengine - INFO - Epoch(val)  [87][300/800]    eta: 0:00:46  time: 0.0901  data_time: 0.0003  memory: 1000  
2025/07/05 23:21:21 - mmengine - INFO - Epoch(val)  [87][350/800]    eta: 0:00:41  time: 0.0910  data_time: 0.0003  memory: 1000  
2025/07/05 23:21:25 - mmengine - INFO - Epoch(val)  [87][400/800]    eta: 0:00:36  time: 0.0907  data_time: 0.0003  memory: 1000  
2025/07/05 23:21:30 - mmengine - INFO - Epoch(val)  [87][450/800]    eta: 0:00:32  time: 0.0904  data_time: 0.0003  memory: 1000  
2025/07/05 23:21:34 - mmengine - INFO - Epoch(val)  [87][500/800]    eta: 0:00:27  time: 0.0904  data_time: 0.0003  memory: 1000  
2025/07/05 23:21:39 - mmengine - INFO - Epoch(val)  [87][550/800]    eta: 0:00:22  time: 0.0902  data_time: 0.0003  memory: 1000  
2025/07/05 23:21:43 - mmengine - INFO - Epoch(val)  [87][600/800]    eta: 0:00:18  time: 0.0902  data_time: 0.0003  memory: 1000  
2025/07/05 23:21:48 - mmengine - INFO - Epoch(val)  [87][650/800]    eta: 0:00:13  time: 0.0961  data_time: 0.0004  memory: 1000  
2025/07/05 23:21:53 - mmengine - INFO - Epoch(val)  [87][700/800]    eta: 0:00:09  time: 0.0956  data_time: 0.0004  memory: 1000  
2025/07/05 23:21:58 - mmengine - INFO - Epoch(val)  [87][750/800]    eta: 0:00:04  time: 0.1049  data_time: 0.0004  memory: 1000  
2025/07/05 23:22:03 - mmengine - INFO - Epoch(val)  [87][800/800]    eta: 0:00:00  time: 0.1087  data_time: 0.0004  memory: 1000  
2025/07/05 23:22:05 - mmengine - INFO - Evaluating bbox...
2025/07/05 23:22:18 - mmengine - INFO - 
+-------------+-------+--------+--------+-------+-------+-------+
| category    | mAP   | mAP_50 | mAP_75 | mAP_s | mAP_m | mAP_l |
+-------------+-------+--------+--------+-------+-------+-------+
| car         | 0.701 | 0.966  | 0.856  | 0.481 | 0.73  | 0.0   |
| truck       | 0.513 | 0.727  | 0.63   | 0.042 | 0.511 | 0.558 |
| bus         | 0.745 | 0.953  | 0.894  | 0.004 | 0.712 | 0.804 |
| van         | 0.47  | 0.655  | 0.59   | 0.286 | 0.462 | 0.776 |
| freight_car | 0.473 | 0.666  | 0.576  | 0.167 | 0.468 | 0.521 |
+-------------+-------+--------+--------+-------+-------+-------+
2025/07/05 23:22:18 - mmengine - INFO - bbox_mAP_copypaste: 0.580 0.793 0.709 0.196 0.576 0.532
2025/07/05 23:22:18 - mmengine - INFO - Epoch(val) [87][800/800]    coco/car_precision: 0.7010  coco/truck_precision: 0.5130  coco/bus_precision: 0.7450  coco/van_precision: 0.4700  coco/freight_car_precision: 0.4730  coco/bbox_mAP: 0.5800  coco/bbox_mAP_50: 0.7930  coco/bbox_mAP_75: 0.7090  coco/bbox_mAP_s: 0.1960  coco/bbox_mAP_m: 0.5760  coco/bbox_mAP_l: 0.5320  data_time: 0.0004  time: 0.0938
2025/07/05 23:25:04 - mmengine - INFO - Epoch(train)  [88][ 50/400]  base_lr: 1.0000e-02 lr: 5.7430e-03  eta: 1 day, 15:39:30  time: 3.3285  data_time: 0.0281  memory: 10692  grad_norm: 10.5625  loss: 20.7461  loss_cls: 4.3201  loss_bbox: 8.1432  loss_dfl: 8.2828
2025/07/05 23:27:50 - mmengine - INFO - Epoch(train)  [88][100/400]  base_lr: 1.0000e-02 lr: 5.7430e-03  eta: 1 day, 15:37:17  time: 3.3062  data_time: 0.0059  memory: 10719  grad_norm: 10.4487  loss: 20.8418  loss_cls: 4.4316  loss_bbox: 8.1644  loss_dfl: 8.2457
2025/07/05 23:30:35 - mmengine - INFO - Epoch(train)  [88][150/400]  base_lr: 1.0000e-02 lr: 5.7430e-03  eta: 1 day, 15:35:05  time: 3.3152  data_time: 0.0059  memory: 10745  grad_norm: 9.7138  loss: 20.4828  loss_cls: 4.3205  loss_bbox: 8.1198  loss_dfl: 8.0425
2025/07/05 23:33:21 - mmengine - INFO - Exp name: yolov8_mambatransformer_enhance_20250705_110818
2025/07/05 23:33:21 - mmengine - INFO - Epoch(train)  [88][200/400]  base_lr: 1.0000e-02 lr: 5.7430e-03  eta: 1 day, 15:32:53  time: 3.3122  data_time: 0.0058  memory: 10729  grad_norm: 10.9453  loss: 21.0166  loss_cls: 4.4070  loss_bbox: 8.2736  loss_dfl: 8.3359
2025/07/05 23:36:07 - mmengine - INFO - Epoch(train)  [88][250/400]  base_lr: 1.0000e-02 lr: 5.7430e-03  eta: 1 day, 15:30:41  time: 3.3158  data_time: 0.0066  memory: 10975  grad_norm: 10.7340  loss: 21.3605  loss_cls: 4.6417  loss_bbox: 8.4149  loss_dfl: 8.3039
2025/07/05 23:38:52 - mmengine - INFO - Epoch(train)  [88][300/400]  base_lr: 1.0000e-02 lr: 5.7430e-03  eta: 1 day, 15:28:28  time: 3.3125  data_time: 0.0061  memory: 10911  grad_norm: 11.1470  loss: 21.1353  loss_cls: 4.5746  loss_bbox: 8.2957  loss_dfl: 8.2649
2025/07/05 23:40:58 - mmengine - INFO - Epoch(train)  [88][350/400]  base_lr: 1.0000e-02 lr: 5.7430e-03  eta: 1 day, 15:23:57  time: 2.5026  data_time: 0.0073  memory: 10676  grad_norm: 10.9329  loss: 21.2336  loss_cls: 4.6328  loss_bbox: 8.3634  loss_dfl: 8.2374
2025/07/05 23:42:52 - mmengine - INFO - Exp name: yolov8_mambatransformer_enhance_20250705_110818
2025/07/05 23:42:52 - mmengine - INFO - Epoch(train)  [88][400/400]  base_lr: 1.0000e-02 lr: 5.7430e-03  eta: 1 day, 15:18:50  time: 2.2868  data_time: 0.0072  memory: 10644  grad_norm: 10.9807  loss: 20.8755  loss_cls: 4.5352  loss_bbox: 8.1825  loss_dfl: 8.1577
2025/07/05 23:42:52 - mmengine - INFO - Saving checkpoint at 88 epochs
2025/07/05 23:43:01 - mmengine - INFO - Epoch(val)  [88][ 50/800]    eta: 0:01:22  time: 0.1098  data_time: 0.0009  memory: 1000  
2025/07/05 23:43:06 - mmengine - INFO - Epoch(val)  [88][100/800]    eta: 0:01:16  time: 0.1097  data_time: 0.0004  memory: 1000  
2025/07/05 23:43:12 - mmengine - INFO - Epoch(val)  [88][150/800]    eta: 0:01:11  time: 0.1101  data_time: 0.0004  memory: 1000  
2025/07/05 23:43:17 - mmengine - INFO - Epoch(val)  [88][200/800]    eta: 0:01:05  time: 0.1094  data_time: 0.0004  memory: 1000  
2025/07/05 23:43:23 - mmengine - INFO - Epoch(val)  [88][250/800]    eta: 0:01:00  time: 0.1099  data_time: 0.0004  memory: 1000  
2025/07/05 23:43:29 - mmengine - INFO - Epoch(val)  [88][300/800]    eta: 0:00:56  time: 0.1231  data_time: 0.0004  memory: 1000  
2025/07/05 23:43:34 - mmengine - INFO - Epoch(val)  [88][350/800]    eta: 0:00:50  time: 0.1094  data_time: 0.0004  memory: 1000  
2025/07/05 23:43:40 - mmengine - INFO - Epoch(val)  [88][400/800]    eta: 0:00:44  time: 0.1089  data_time: 0.0004  memory: 1000  
2025/07/05 23:43:45 - mmengine - INFO - Epoch(val)  [88][450/800]    eta: 0:00:38  time: 0.1096  data_time: 0.0004  memory: 1000  
2025/07/05 23:43:51 - mmengine - INFO - Epoch(val)  [88][500/800]    eta: 0:00:33  time: 0.1091  data_time: 0.0004  memory: 1000  
2025/07/05 23:43:56 - mmengine - INFO - Epoch(val)  [88][550/800]    eta: 0:00:27  time: 0.1096  data_time: 0.0004  memory: 1000  
2025/07/05 23:44:02 - mmengine - INFO - Epoch(val)  [88][600/800]    eta: 0:00:22  time: 0.1103  data_time: 0.0004  memory: 1000  
2025/07/05 23:44:07 - mmengine - INFO - Epoch(val)  [88][650/800]    eta: 0:00:16  time: 0.1096  data_time: 0.0005  memory: 1000  
2025/07/05 23:44:13 - mmengine - INFO - Epoch(val)  [88][700/800]    eta: 0:00:11  time: 0.1096  data_time: 0.0004  memory: 1000  
2025/07/05 23:44:18 - mmengine - INFO - Epoch(val)  [88][750/800]    eta: 0:00:05  time: 0.1106  data_time: 0.0004  memory: 1000  
2025/07/05 23:44:24 - mmengine - INFO - Epoch(val)  [88][800/800]    eta: 0:00:00  time: 0.1095  data_time: 0.0004  memory: 1000  
2025/07/05 23:44:25 - mmengine - INFO - Evaluating bbox...
2025/07/05 23:44:38 - mmengine - INFO - 
+-------------+-------+--------+--------+-------+-------+-------+
| category    | mAP   | mAP_50 | mAP_75 | mAP_s | mAP_m | mAP_l |
+-------------+-------+--------+--------+-------+-------+-------+
| car         | 0.701 | 0.966  | 0.856  | 0.481 | 0.731 | 0.0   |
| truck       | 0.513 | 0.727  | 0.631  | 0.042 | 0.512 | 0.557 |
| bus         | 0.745 | 0.953  | 0.896  | 0.003 | 0.711 | 0.807 |
| van         | 0.471 | 0.656  | 0.592  | 0.286 | 0.464 | 0.776 |
| freight_car | 0.473 | 0.666  | 0.576  | 0.166 | 0.468 | 0.523 |
+-------------+-------+--------+--------+-------+-------+-------+
2025/07/05 23:44:38 - mmengine - INFO - bbox_mAP_copypaste: 0.581 0.794 0.710 0.196 0.577 0.533
2025/07/05 23:44:38 - mmengine - INFO - Epoch(val) [88][800/800]    coco/car_precision: 0.7010  coco/truck_precision: 0.5130  coco/bus_precision: 0.7450  coco/van_precision: 0.4710  coco/freight_car_precision: 0.4730  coco/bbox_mAP: 0.5810  coco/bbox_mAP_50: 0.7940  coco/bbox_mAP_75: 0.7100  coco/bbox_mAP_s: 0.1960  coco/bbox_mAP_m: 0.5770  coco/bbox_mAP_l: 0.5330  data_time: 0.0004  time: 0.1105
2025/07/05 23:44:38 - mmengine - INFO - The previous best checkpoint /data/nl/Mamba2Spectral/work_dirs/DroneVehicle/2025_06_30/yolov8_mambatransformer_enhance/best_coco_bbox_mAP_50_epoch_86.pth is removed
2025/07/05 23:44:41 - mmengine - INFO - The best checkpoint with 0.7940 coco/bbox_mAP_50 at 88 epoch is saved to best_coco_bbox_mAP_50_epoch_88.pth.
2025/07/05 23:47:33 - mmengine - INFO - Epoch(train)  [89][ 50/400]  base_lr: 1.0000e-02 lr: 5.6935e-03  eta: 1 day, 15:16:42  time: 3.3367  data_time: 0.0295  memory: 10756  grad_norm: 10.7637  loss: 21.0143  loss_cls: 4.4934  loss_bbox: 8.2848  loss_dfl: 8.2360
2025/07/05 23:50:19 - mmengine - INFO - Epoch(train)  [89][100/400]  base_lr: 1.0000e-02 lr: 5.6935e-03  eta: 1 day, 15:14:31  time: 3.3178  data_time: 0.0068  memory: 10841  grad_norm: 10.9775  loss: 21.0749  loss_cls: 4.5133  loss_bbox: 8.3070  loss_dfl: 8.2546
2025/07/05 23:53:04 - mmengine - INFO - Epoch(train)  [89][150/400]  base_lr: 1.0000e-02 lr: 5.6935e-03  eta: 1 day, 15:12:19  time: 3.3173  data_time: 0.0060  memory: 10937  grad_norm: 10.4324  loss: 20.7241  loss_cls: 4.4455  loss_bbox: 8.1168  loss_dfl: 8.1618
2025/07/05 23:55:50 - mmengine - INFO - Epoch(train)  [89][200/400]  base_lr: 1.0000e-02 lr: 5.6935e-03  eta: 1 day, 15:10:06  time: 3.3144  data_time: 0.0059  memory: 10697  grad_norm: 10.9660  loss: 21.4971  loss_cls: 4.6472  loss_bbox: 8.4365  loss_dfl: 8.4134
2025/07/05 23:58:36 - mmengine - INFO - Epoch(train)  [89][250/400]  base_lr: 1.0000e-02 lr: 5.6935e-03  eta: 1 day, 15:07:54  time: 3.3159  data_time: 0.0059  memory: 10692  grad_norm: 10.2973  loss: 20.8851  loss_cls: 4.4207  loss_bbox: 8.2902  loss_dfl: 8.1742
2025/07/06 00:01:22 - mmengine - INFO - Epoch(train)  [89][300/400]  base_lr: 1.0000e-02 lr: 5.6935e-03  eta: 1 day, 15:05:41  time: 3.3129  data_time: 0.0067  memory: 10777  grad_norm: 11.0338  loss: 21.0618  loss_cls: 4.5712  loss_bbox: 8.2746  loss_dfl: 8.2160
2025/07/06 00:04:07 - mmengine - INFO - Epoch(train)  [89][350/400]  base_lr: 1.0000e-02 lr: 5.6935e-03  eta: 1 day, 15:03:28  time: 3.3157  data_time: 0.0060  memory: 10868  grad_norm: 11.2957  loss: 21.3927  loss_cls: 4.5411  loss_bbox: 8.5105  loss_dfl: 8.3411
2025/07/06 00:06:53 - mmengine - INFO - Exp name: yolov8_mambatransformer_enhance_20250705_110818
2025/07/06 00:06:53 - mmengine - INFO - Epoch(train)  [89][400/400]  base_lr: 1.0000e-02 lr: 5.6935e-03  eta: 1 day, 15:01:14  time: 3.3141  data_time: 0.0058  memory: 10863  grad_norm: 10.5234  loss: 20.9381  loss_cls: 4.4273  loss_bbox: 8.2547  loss_dfl: 8.2561
2025/07/06 00:06:53 - mmengine - INFO - Saving checkpoint at 89 epochs
2025/07/06 00:07:02 - mmengine - INFO - Epoch(val)  [89][ 50/800]    eta: 0:01:22  time: 0.1096  data_time: 0.0009  memory: 1000  
2025/07/06 00:07:07 - mmengine - INFO - Epoch(val)  [89][100/800]    eta: 0:01:16  time: 0.1099  data_time: 0.0004  memory: 1000  
2025/07/06 00:07:13 - mmengine - INFO - Epoch(val)  [89][150/800]    eta: 0:01:11  time: 0.1096  data_time: 0.0004  memory: 1000  
2025/07/06 00:07:18 - mmengine - INFO - Epoch(val)  [89][200/800]    eta: 0:01:05  time: 0.1098  data_time: 0.0004  memory: 1000  
2025/07/06 00:07:24 - mmengine - INFO - Epoch(val)  [89][250/800]    eta: 0:01:00  time: 0.1097  data_time: 0.0004  memory: 1000  
2025/07/06 00:07:29 - mmengine - INFO - Epoch(val)  [89][300/800]    eta: 0:00:54  time: 0.1094  data_time: 0.0004  memory: 1000  
2025/07/06 00:07:35 - mmengine - INFO - Epoch(val)  [89][350/800]    eta: 0:00:49  time: 0.1087  data_time: 0.0004  memory: 1000  
2025/07/06 00:07:40 - mmengine - INFO - Epoch(val)  [89][400/800]    eta: 0:00:43  time: 0.1102  data_time: 0.0004  memory: 1000  
2025/07/06 00:07:46 - mmengine - INFO - Epoch(val)  [89][450/800]    eta: 0:00:38  time: 0.1075  data_time: 0.0004  memory: 1000  
2025/07/06 00:07:51 - mmengine - INFO - Epoch(val)  [89][500/800]    eta: 0:00:32  time: 0.1084  data_time: 0.0004  memory: 1000  
2025/07/06 00:07:57 - mmengine - INFO - Epoch(val)  [89][550/800]    eta: 0:00:27  time: 0.1093  data_time: 0.0004  memory: 1000  
2025/07/06 00:08:02 - mmengine - INFO - Epoch(val)  [89][600/800]    eta: 0:00:21  time: 0.1068  data_time: 0.0004  memory: 1000  
2025/07/06 00:08:07 - mmengine - INFO - Epoch(val)  [89][650/800]    eta: 0:00:16  time: 0.0951  data_time: 0.0003  memory: 1000  
2025/07/06 00:08:11 - mmengine - INFO - Epoch(val)  [89][700/800]    eta: 0:00:10  time: 0.0915  data_time: 0.0004  memory: 1000  
2025/07/06 00:08:17 - mmengine - INFO - Epoch(val)  [89][750/800]    eta: 0:00:05  time: 0.1067  data_time: 0.0004  memory: 1000  
2025/07/06 00:08:22 - mmengine - INFO - Epoch(val)  [89][800/800]    eta: 0:00:00  time: 0.1084  data_time: 0.0004  memory: 1000  
2025/07/06 00:08:24 - mmengine - INFO - Evaluating bbox...
2025/07/06 00:08:45 - mmengine - INFO - 
+-------------+-------+--------+--------+-------+-------+-------+
| category    | mAP   | mAP_50 | mAP_75 | mAP_s | mAP_m | mAP_l |
+-------------+-------+--------+--------+-------+-------+-------+
| car         | 0.701 | 0.967  | 0.856  | 0.482 | 0.73  | 0.0   |
| truck       | 0.515 | 0.728  | 0.633  | 0.047 | 0.514 | 0.559 |
| bus         | 0.745 | 0.954  | 0.896  | 0.003 | 0.711 | 0.806 |
| van         | 0.47  | 0.657  | 0.589  | 0.286 | 0.462 | 0.781 |
| freight_car | 0.474 | 0.668  | 0.578  | 0.169 | 0.469 | 0.523 |
+-------------+-------+--------+--------+-------+-------+-------+
2025/07/06 00:08:45 - mmengine - INFO - bbox_mAP_copypaste: 0.581 0.795 0.710 0.197 0.577 0.534
2025/07/06 00:08:45 - mmengine - INFO - Epoch(val) [89][800/800]    coco/car_precision: 0.7010  coco/truck_precision: 0.5150  coco/bus_precision: 0.7450  coco/van_precision: 0.4700  coco/freight_car_precision: 0.4740  coco/bbox_mAP: 0.5810  coco/bbox_mAP_50: 0.7950  coco/bbox_mAP_75: 0.7100  coco/bbox_mAP_s: 0.1970  coco/bbox_mAP_m: 0.5770  coco/bbox_mAP_l: 0.5340  data_time: 0.0004  time: 0.1069
2025/07/06 00:08:45 - mmengine - INFO - The previous best checkpoint /data/nl/Mamba2Spectral/work_dirs/DroneVehicle/2025_06_30/yolov8_mambatransformer_enhance/best_coco_bbox_mAP_50_epoch_88.pth is removed
2025/07/06 00:08:49 - mmengine - INFO - The best checkpoint with 0.7950 coco/bbox_mAP_50 at 89 epoch is saved to best_coco_bbox_mAP_50_epoch_89.pth.
2025/07/06 00:10:34 - mmengine - INFO - Epoch(train)  [90][ 50/400]  base_lr: 1.0000e-02 lr: 5.6440e-03  eta: 1 day, 14:55:23  time: 1.9794  data_time: 0.0422  memory: 10932  grad_norm: 10.0396  loss: 20.8164  loss_cls: 4.4201  loss_bbox: 8.2232  loss_dfl: 8.1730
2025/07/06 00:13:18 - mmengine - INFO - Epoch(train)  [90][100/400]  base_lr: 1.0000e-02 lr: 5.6440e-03  eta: 1 day, 14:53:06  time: 3.2839  data_time: 0.0069  memory: 10857  grad_norm: 10.8371  loss: 20.7436  loss_cls: 4.3953  loss_bbox: 8.1044  loss_dfl: 8.2438
2025/07/06 00:16:04 - mmengine - INFO - Epoch(train)  [90][150/400]  base_lr: 1.0000e-02 lr: 5.6440e-03  eta: 1 day, 14:50:52  time: 3.3139  data_time: 0.0063  memory: 10916  grad_norm: 10.2995  loss: 21.0498  loss_cls: 4.4158  loss_bbox: 8.3227  loss_dfl: 8.3112
2025/07/06 00:18:50 - mmengine - INFO - Epoch(train)  [90][200/400]  base_lr: 1.0000e-02 lr: 5.6440e-03  eta: 1 day, 14:48:39  time: 3.3138  data_time: 0.0061  memory: 10873  grad_norm: 10.3879  loss: 20.4498  loss_cls: 4.2780  loss_bbox: 7.9958  loss_dfl: 8.1759
2025/07/06 00:21:36 - mmengine - INFO - Epoch(train)  [90][250/400]  base_lr: 1.0000e-02 lr: 5.6440e-03  eta: 1 day, 14:46:26  time: 3.3168  data_time: 0.0061  memory: 10857  grad_norm: 10.7276  loss: 21.1075  loss_cls: 4.5511  loss_bbox: 8.2520  loss_dfl: 8.3045
2025/07/06 00:24:21 - mmengine - INFO - Epoch(train)  [90][300/400]  base_lr: 1.0000e-02 lr: 5.6440e-03  eta: 1 day, 14:44:12  time: 3.3148  data_time: 0.0062  memory: 11215  grad_norm: 10.4046  loss: 20.6499  loss_cls: 4.3706  loss_bbox: 8.1152  loss_dfl: 8.1640
2025/07/06 00:27:07 - mmengine - INFO - Epoch(train)  [90][350/400]  base_lr: 1.0000e-02 lr: 5.6440e-03  eta: 1 day, 14:41:58  time: 3.3132  data_time: 0.0067  memory: 10740  grad_norm: 11.8274  loss: 20.9782  loss_cls: 4.4715  loss_bbox: 8.2034  loss_dfl: 8.3032
2025/07/06 00:29:53 - mmengine - INFO - Exp name: yolov8_mambatransformer_enhance_20250705_110818
2025/07/06 00:29:53 - mmengine - INFO - Epoch(train)  [90][400/400]  base_lr: 1.0000e-02 lr: 5.6440e-03  eta: 1 day, 14:39:43  time: 3.3149  data_time: 0.0060  memory: 10889  grad_norm: 10.7774  loss: 20.8113  loss_cls: 4.4341  loss_bbox: 8.1244  loss_dfl: 8.2528
2025/07/06 00:29:53 - mmengine - INFO - Saving checkpoint at 90 epochs
2025/07/06 00:30:01 - mmengine - INFO - Epoch(val)  [90][ 50/800]    eta: 0:01:20  time: 0.1070  data_time: 0.0009  memory: 1000  
2025/07/06 00:30:07 - mmengine - INFO - Epoch(val)  [90][100/800]    eta: 0:01:15  time: 0.1096  data_time: 0.0004  memory: 1000  
2025/07/06 00:30:12 - mmengine - INFO - Epoch(val)  [90][150/800]    eta: 0:01:10  time: 0.1098  data_time: 0.0004  memory: 1000  
2025/07/06 00:30:18 - mmengine - INFO - Epoch(val)  [90][200/800]    eta: 0:01:05  time: 0.1101  data_time: 0.0004  memory: 1000  
2025/07/06 00:30:23 - mmengine - INFO - Epoch(val)  [90][250/800]    eta: 0:01:00  time: 0.1096  data_time: 0.0004  memory: 1000  
2025/07/06 00:30:29 - mmengine - INFO - Epoch(val)  [90][300/800]    eta: 0:00:55  time: 0.1194  data_time: 0.0004  memory: 1000  
2025/07/06 00:30:35 - mmengine - INFO - Epoch(val)  [90][350/800]    eta: 0:00:49  time: 0.1095  data_time: 0.0004  memory: 1000  
2025/07/06 00:30:40 - mmengine - INFO - Epoch(val)  [90][400/800]    eta: 0:00:44  time: 0.1096  data_time: 0.0004  memory: 1000  
2025/07/06 00:30:46 - mmengine - INFO - Epoch(val)  [90][450/800]    eta: 0:00:38  time: 0.1083  data_time: 0.0004  memory: 1000  
2025/07/06 00:30:51 - mmengine - INFO - Epoch(val)  [90][500/800]    eta: 0:00:33  time: 0.1096  data_time: 0.0004  memory: 1000  
2025/07/06 00:30:57 - mmengine - INFO - Epoch(val)  [90][550/800]    eta: 0:00:27  time: 0.1098  data_time: 0.0004  memory: 1000  
2025/07/06 00:31:02 - mmengine - INFO - Epoch(val)  [90][600/800]    eta: 0:00:22  time: 0.1090  data_time: 0.0004  memory: 1000  
2025/07/06 00:31:08 - mmengine - INFO - Epoch(val)  [90][650/800]    eta: 0:00:16  time: 0.1105  data_time: 0.0004  memory: 1000  
2025/07/06 00:31:13 - mmengine - INFO - Epoch(val)  [90][700/800]    eta: 0:00:11  time: 0.1091  data_time: 0.0004  memory: 1000  
2025/07/06 00:31:19 - mmengine - INFO - Epoch(val)  [90][750/800]    eta: 0:00:05  time: 0.1095  data_time: 0.0004  memory: 1000  
2025/07/06 00:31:24 - mmengine - INFO - Epoch(val)  [90][800/800]    eta: 0:00:00  time: 0.1128  data_time: 0.0004  memory: 1000  
2025/07/06 00:31:26 - mmengine - INFO - Evaluating bbox...
2025/07/06 00:31:39 - mmengine - INFO - 
+-------------+-------+--------+--------+-------+-------+-------+
| category    | mAP   | mAP_50 | mAP_75 | mAP_s | mAP_m | mAP_l |
+-------------+-------+--------+--------+-------+-------+-------+
| car         | 0.701 | 0.967  | 0.856  | 0.482 | 0.73  | 0.0   |
| truck       | 0.516 | 0.729  | 0.635  | 0.048 | 0.515 | 0.559 |
| bus         | 0.746 | 0.954  | 0.896  | 0.003 | 0.711 | 0.806 |
| van         | 0.473 | 0.658  | 0.59   | 0.285 | 0.463 | 0.797 |
| freight_car | 0.475 | 0.669  | 0.579  | 0.169 | 0.469 | 0.527 |
+-------------+-------+--------+--------+-------+-------+-------+
2025/07/06 00:31:39 - mmengine - INFO - bbox_mAP_copypaste: 0.582 0.795 0.711 0.198 0.578 0.538
2025/07/06 00:31:39 - mmengine - INFO - Epoch(val) [90][800/800]    coco/car_precision: 0.7010  coco/truck_precision: 0.5160  coco/bus_precision: 0.7460  coco/van_precision: 0.4730  coco/freight_car_precision: 0.4750  coco/bbox_mAP: 0.5820  coco/bbox_mAP_50: 0.7950  coco/bbox_mAP_75: 0.7110  coco/bbox_mAP_s: 0.1980  coco/bbox_mAP_m: 0.5780  coco/bbox_mAP_l: 0.5380  data_time: 0.0004  time: 0.1102
2025/07/06 00:34:26 - mmengine - INFO - Epoch(train)  [91][ 50/400]  base_lr: 1.0000e-02 lr: 5.5945e-03  eta: 1 day, 14:37:32  time: 3.3317  data_time: 0.0278  memory: 10825  grad_norm: 10.9929  loss: 20.9062  loss_cls: 4.5012  loss_bbox: 8.1801  loss_dfl: 8.2249
2025/07/06 00:37:12 - mmengine - INFO - Epoch(train)  [91][100/400]  base_lr: 1.0000e-02 lr: 5.5945e-03  eta: 1 day, 14:35:17  time: 3.3143  data_time: 0.0067  memory: 10831  grad_norm: 10.0399  loss: 20.6961  loss_cls: 4.4792  loss_bbox: 8.1165  loss_dfl: 8.1004
2025/07/06 00:39:09 - mmengine - INFO - Epoch(train)  [91][150/400]  base_lr: 1.0000e-02 lr: 5.5945e-03  eta: 1 day, 14:30:32  time: 2.3484  data_time: 0.0079  memory: 10825  grad_norm: 10.7544  loss: 21.0556  loss_cls: 4.4760  loss_bbox: 8.2755  loss_dfl: 8.3041
2025/07/06 00:41:00 - mmengine - INFO - Epoch(train)  [91][200/400]  base_lr: 1.0000e-02 lr: 5.5945e-03  eta: 1 day, 14:25:29  time: 2.2209  data_time: 0.0075  memory: 10660  grad_norm: 10.7564  loss: 20.9135  loss_cls: 4.5002  loss_bbox: 8.2131  loss_dfl: 8.2003
2025/07/06 00:43:47 - mmengine - INFO - Epoch(train)  [91][250/400]  base_lr: 1.0000e-02 lr: 5.5945e-03  eta: 1 day, 14:23:20  time: 3.3439  data_time: 0.0063  memory: 10953  grad_norm: 10.0668  loss: 20.4357  loss_cls: 4.2426  loss_bbox: 8.0728  loss_dfl: 8.1203
2025/07/06 00:46:34 - mmengine - INFO - Epoch(train)  [91][300/400]  base_lr: 1.0000e-02 lr: 5.5945e-03  eta: 1 day, 14:21:09  time: 3.3373  data_time: 0.0064  memory: 10815  grad_norm: 10.6608  loss: 20.6336  loss_cls: 4.4768  loss_bbox: 8.0403  loss_dfl: 8.1164
2025/07/06 00:49:21 - mmengine - INFO - Epoch(train)  [91][350/400]  base_lr: 1.0000e-02 lr: 5.5945e-03  eta: 1 day, 14:18:57  time: 3.3307  data_time: 0.0064  memory: 10703  grad_norm: 11.4428  loss: 21.3706  loss_cls: 4.5758  loss_bbox: 8.3948  loss_dfl: 8.4000
2025/07/06 00:52:06 - mmengine - INFO - Exp name: yolov8_mambatransformer_enhance_20250705_110818
2025/07/06 00:52:06 - mmengine - INFO - Epoch(train)  [91][400/400]  base_lr: 1.0000e-02 lr: 5.5945e-03  eta: 1 day, 14:16:41  time: 3.3075  data_time: 0.0059  memory: 10884  grad_norm: 10.8436  loss: 20.8624  loss_cls: 4.3830  loss_bbox: 8.2443  loss_dfl: 8.2352
2025/07/06 00:52:06 - mmengine - INFO - Saving checkpoint at 91 epochs
2025/07/06 00:52:15 - mmengine - INFO - Epoch(val)  [91][ 50/800]    eta: 0:01:23  time: 0.1109  data_time: 0.0009  memory: 1000  
2025/07/06 00:52:20 - mmengine - INFO - Epoch(val)  [91][100/800]    eta: 0:01:17  time: 0.1098  data_time: 0.0004  memory: 1000  
2025/07/06 00:52:26 - mmengine - INFO - Epoch(val)  [91][150/800]    eta: 0:01:11  time: 0.1074  data_time: 0.0004  memory: 1000  
2025/07/06 00:52:31 - mmengine - INFO - Epoch(val)  [91][200/800]    eta: 0:01:05  time: 0.1087  data_time: 0.0004  memory: 1000  
2025/07/06 00:52:36 - mmengine - INFO - Epoch(val)  [91][250/800]    eta: 0:01:00  time: 0.1092  data_time: 0.0004  memory: 1000  
2025/07/06 00:52:42 - mmengine - INFO - Epoch(val)  [91][300/800]    eta: 0:00:54  time: 0.1086  data_time: 0.0004  memory: 1000  
2025/07/06 00:52:47 - mmengine - INFO - Epoch(val)  [91][350/800]    eta: 0:00:48  time: 0.0957  data_time: 0.0005  memory: 1000  
2025/07/06 00:52:53 - mmengine - INFO - Epoch(val)  [91][400/800]    eta: 0:00:44  time: 0.1330  data_time: 0.0004  memory: 1000  
2025/07/06 00:53:00 - mmengine - INFO - Epoch(val)  [91][450/800]    eta: 0:00:39  time: 0.1365  data_time: 0.0004  memory: 1000  
2025/07/06 00:53:07 - mmengine - INFO - Epoch(val)  [91][500/800]    eta: 0:00:34  time: 0.1306  data_time: 0.0004  memory: 1000  
2025/07/06 00:53:12 - mmengine - INFO - Epoch(val)  [91][550/800]    eta: 0:00:28  time: 0.1098  data_time: 0.0003  memory: 1000  
2025/07/06 00:53:18 - mmengine - INFO - Epoch(val)  [91][600/800]    eta: 0:00:22  time: 0.1099  data_time: 0.0004  memory: 1000  
2025/07/06 00:53:23 - mmengine - INFO - Epoch(val)  [91][650/800]    eta: 0:00:17  time: 0.1095  data_time: 0.0004  memory: 1000  
2025/07/06 00:53:29 - mmengine - INFO - Epoch(val)  [91][700/800]    eta: 0:00:11  time: 0.1180  data_time: 0.0004  memory: 1000  
2025/07/06 00:53:35 - mmengine - INFO - Epoch(val)  [91][750/800]    eta: 0:00:05  time: 0.1172  data_time: 0.0004  memory: 1000  
2025/07/06 00:53:41 - mmengine - INFO - Epoch(val)  [91][800/800]    eta: 0:00:00  time: 0.1095  data_time: 0.0003  memory: 1000  
2025/07/06 00:53:42 - mmengine - INFO - Evaluating bbox...
2025/07/06 00:53:55 - mmengine - INFO - 
+-------------+-------+--------+--------+-------+-------+-------+
| category    | mAP   | mAP_50 | mAP_75 | mAP_s | mAP_m | mAP_l |
+-------------+-------+--------+--------+-------+-------+-------+
| car         | 0.701 | 0.967  | 0.857  | 0.482 | 0.73  | 0.0   |
| truck       | 0.517 | 0.731  | 0.632  | 0.048 | 0.515 | 0.56  |
| bus         | 0.747 | 0.955  | 0.897  | 0.003 | 0.712 | 0.807 |
| van         | 0.475 | 0.66   | 0.592  | 0.285 | 0.465 | 0.799 |
| freight_car | 0.475 | 0.67   | 0.577  | 0.169 | 0.468 | 0.527 |
+-------------+-------+--------+--------+-------+-------+-------+
2025/07/06 00:53:55 - mmengine - INFO - bbox_mAP_copypaste: 0.583 0.796 0.711 0.198 0.578 0.539
2025/07/06 00:53:55 - mmengine - INFO - Epoch(val) [91][800/800]    coco/car_precision: 0.7010  coco/truck_precision: 0.5170  coco/bus_precision: 0.7470  coco/van_precision: 0.4750  coco/freight_car_precision: 0.4750  coco/bbox_mAP: 0.5830  coco/bbox_mAP_50: 0.7960  coco/bbox_mAP_75: 0.7110  coco/bbox_mAP_s: 0.1980  coco/bbox_mAP_m: 0.5780  coco/bbox_mAP_l: 0.5390  data_time: 0.0004  time: 0.1140
2025/07/06 00:53:55 - mmengine - INFO - The previous best checkpoint /data/nl/Mamba2Spectral/work_dirs/DroneVehicle/2025_06_30/yolov8_mambatransformer_enhance/best_coco_bbox_mAP_50_epoch_89.pth is removed
2025/07/06 00:53:58 - mmengine - INFO - The best checkpoint with 0.7960 coco/bbox_mAP_50 at 91 epoch is saved to best_coco_bbox_mAP_50_epoch_91.pth.
2025/07/06 00:56:49 - mmengine - INFO - Epoch(train)  [92][ 50/400]  base_lr: 1.0000e-02 lr: 5.5450e-03  eta: 1 day, 14:14:29  time: 3.3316  data_time: 0.0272  memory: 10804  grad_norm: 10.1943  loss: 20.7138  loss_cls: 4.4388  loss_bbox: 8.1368  loss_dfl: 8.1383
2025/07/06 00:59:35 - mmengine - INFO - Epoch(train)  [92][100/400]  base_lr: 1.0000e-02 lr: 5.5450e-03  eta: 1 day, 14:12:14  time: 3.3149  data_time: 0.0061  memory: 10772  grad_norm: 10.9957  loss: 20.7583  loss_cls: 4.3494  loss_bbox: 8.1785  loss_dfl: 8.2305
2025/07/06 01:02:20 - mmengine - INFO - Epoch(train)  [92][150/400]  base_lr: 1.0000e-02 lr: 5.5450e-03  eta: 1 day, 14:09:58  time: 3.3121  data_time: 0.0067  memory: 10964  grad_norm: 11.2682  loss: 21.0033  loss_cls: 4.4367  loss_bbox: 8.2919  loss_dfl: 8.2748
2025/07/06 01:05:06 - mmengine - INFO - Epoch(train)  [92][200/400]  base_lr: 1.0000e-02 lr: 5.5450e-03  eta: 1 day, 14:07:43  time: 3.3155  data_time: 0.0059  memory: 10863  grad_norm: 11.2929  loss: 21.3040  loss_cls: 4.6047  loss_bbox: 8.3990  loss_dfl: 8.3003
2025/07/06 01:07:43 - mmengine - INFO - Epoch(train)  [92][250/400]  base_lr: 1.0000e-02 lr: 5.5450e-03  eta: 1 day, 14:05:02  time: 3.1416  data_time: 0.0063  memory: 10820  grad_norm: 10.0305  loss: 20.4956  loss_cls: 4.2718  loss_bbox: 8.1129  loss_dfl: 8.1109
2025/07/06 01:09:28 - mmengine - INFO - Epoch(train)  [92][300/400]  base_lr: 1.0000e-02 lr: 5.5450e-03  eta: 1 day, 13:59:46  time: 2.0891  data_time: 0.0085  memory: 10820  grad_norm: 10.9251  loss: 20.9897  loss_cls: 4.4620  loss_bbox: 8.2068  loss_dfl: 8.3209
2025/07/06 01:11:55 - mmengine - INFO - Epoch(train)  [92][350/400]  base_lr: 1.0000e-02 lr: 5.5450e-03  eta: 1 day, 13:56:37  time: 2.9505  data_time: 0.0064  memory: 10879  grad_norm: 11.6521  loss: 21.1920  loss_cls: 4.5929  loss_bbox: 8.2834  loss_dfl: 8.3157
2025/07/06 01:14:42 - mmengine - INFO - Exp name: yolov8_mambatransformer_enhance_20250705_110818
2025/07/06 01:14:42 - mmengine - INFO - Epoch(train)  [92][400/400]  base_lr: 1.0000e-02 lr: 5.5450e-03  eta: 1 day, 13:54:26  time: 3.3417  data_time: 0.0071  memory: 10905  grad_norm: 10.7680  loss: 20.8116  loss_cls: 4.3740  loss_bbox: 8.2372  loss_dfl: 8.2004
2025/07/06 01:14:42 - mmengine - INFO - Saving checkpoint at 92 epochs
2025/07/06 01:14:51 - mmengine - INFO - Epoch(val)  [92][ 50/800]    eta: 0:01:19  time: 0.1063  data_time: 0.0007  memory: 1000  
2025/07/06 01:14:57 - mmengine - INFO - Epoch(val)  [92][100/800]    eta: 0:01:19  time: 0.1211  data_time: 0.0004  memory: 1000  
2025/07/06 01:15:03 - mmengine - INFO - Epoch(val)  [92][150/800]    eta: 0:01:13  time: 0.1095  data_time: 0.0004  memory: 1000  
2025/07/06 01:15:08 - mmengine - INFO - Epoch(val)  [92][200/800]    eta: 0:01:07  time: 0.1102  data_time: 0.0004  memory: 1000  
2025/07/06 01:15:14 - mmengine - INFO - Epoch(val)  [92][250/800]    eta: 0:01:02  time: 0.1175  data_time: 0.0004  memory: 1000  
2025/07/06 01:15:20 - mmengine - INFO - Epoch(val)  [92][300/800]    eta: 0:00:56  time: 0.1187  data_time: 0.0004  memory: 1000  
2025/07/06 01:15:26 - mmengine - INFO - Epoch(val)  [92][350/800]    eta: 0:00:51  time: 0.1215  data_time: 0.0004  memory: 1000  
2025/07/06 01:15:33 - mmengine - INFO - Epoch(val)  [92][400/800]    eta: 0:00:47  time: 0.1356  data_time: 0.0004  memory: 1000  
2025/07/06 01:15:40 - mmengine - INFO - Epoch(val)  [92][450/800]    eta: 0:00:41  time: 0.1288  data_time: 0.0004  memory: 1000  
2025/07/06 01:15:45 - mmengine - INFO - Epoch(val)  [92][500/800]    eta: 0:00:35  time: 0.1162  data_time: 0.0004  memory: 1000  
2025/07/06 01:15:52 - mmengine - INFO - Epoch(val)  [92][550/800]    eta: 0:00:29  time: 0.1276  data_time: 0.0004  memory: 1000  
2025/07/06 01:15:57 - mmengine - INFO - Epoch(val)  [92][600/800]    eta: 0:00:23  time: 0.1071  data_time: 0.0004  memory: 1000  
2025/07/06 01:16:03 - mmengine - INFO - Epoch(val)  [92][650/800]    eta: 0:00:17  time: 0.1093  data_time: 0.0004  memory: 1000  
2025/07/06 01:16:08 - mmengine - INFO - Epoch(val)  [92][700/800]    eta: 0:00:11  time: 0.1099  data_time: 0.0004  memory: 1000  
2025/07/06 01:16:14 - mmengine - INFO - Epoch(val)  [92][750/800]    eta: 0:00:05  time: 0.1107  data_time: 0.0005  memory: 1000  
2025/07/06 01:16:19 - mmengine - INFO - Epoch(val)  [92][800/800]    eta: 0:00:00  time: 0.0999  data_time: 0.0006  memory: 1000  
2025/07/06 01:16:20 - mmengine - INFO - Evaluating bbox...
2025/07/06 01:16:33 - mmengine - INFO - 
+-------------+-------+--------+--------+-------+-------+-------+
| category    | mAP   | mAP_50 | mAP_75 | mAP_s | mAP_m | mAP_l |
+-------------+-------+--------+--------+-------+-------+-------+
| car         | 0.701 | 0.967  | 0.857  | 0.482 | 0.731 | 0.0   |
| truck       | 0.517 | 0.732  | 0.632  | 0.049 | 0.515 | 0.562 |
| bus         | 0.747 | 0.955  | 0.897  | 0.004 | 0.712 | 0.807 |
| van         | 0.476 | 0.66   | 0.593  | 0.286 | 0.467 | 0.802 |
| freight_car | 0.477 | 0.671  | 0.583  | 0.169 | 0.47  | 0.532 |
+-------------+-------+--------+--------+-------+-------+-------+
2025/07/06 01:16:33 - mmengine - INFO - bbox_mAP_copypaste: 0.584 0.797 0.712 0.198 0.579 0.541
2025/07/06 01:16:33 - mmengine - INFO - Epoch(val) [92][800/800]    coco/car_precision: 0.7010  coco/truck_precision: 0.5170  coco/bus_precision: 0.7470  coco/van_precision: 0.4760  coco/freight_car_precision: 0.4770  coco/bbox_mAP: 0.5840  coco/bbox_mAP_50: 0.7970  coco/bbox_mAP_75: 0.7120  coco/bbox_mAP_s: 0.1980  coco/bbox_mAP_m: 0.5790  coco/bbox_mAP_l: 0.5410  data_time: 0.0004  time: 0.1156
2025/07/06 01:16:33 - mmengine - INFO - The previous best checkpoint /data/nl/Mamba2Spectral/work_dirs/DroneVehicle/2025_06_30/yolov8_mambatransformer_enhance/best_coco_bbox_mAP_50_epoch_91.pth is removed
2025/07/06 01:16:35 - mmengine - INFO - The best checkpoint with 0.7970 coco/bbox_mAP_50 at 92 epoch is saved to best_coco_bbox_mAP_50_epoch_92.pth.
2025/07/06 01:19:27 - mmengine - INFO - Epoch(train)  [93][ 50/400]  base_lr: 1.0000e-02 lr: 5.4955e-03  eta: 1 day, 13:52:13  time: 3.3312  data_time: 0.0290  memory: 10553  grad_norm: 11.3148  loss: 20.9635  loss_cls: 4.5248  loss_bbox: 8.1620  loss_dfl: 8.2767
2025/07/06 01:22:12 - mmengine - INFO - Epoch(train)  [93][100/400]  base_lr: 1.0000e-02 lr: 5.4955e-03  eta: 1 day, 13:49:57  time: 3.3135  data_time: 0.0059  memory: 10820  grad_norm: 10.7478  loss: 21.0511  loss_cls: 4.5327  loss_bbox: 8.2825  loss_dfl: 8.2360
2025/07/06 01:24:58 - mmengine - INFO - Epoch(train)  [93][150/400]  base_lr: 1.0000e-02 lr: 5.4955e-03  eta: 1 day, 13:47:42  time: 3.3162  data_time: 0.0064  memory: 10916  grad_norm: 10.5250  loss: 20.7014  loss_cls: 4.3887  loss_bbox: 8.2168  loss_dfl: 8.0959
2025/07/06 01:27:44 - mmengine - INFO - Exp name: yolov8_mambatransformer_enhance_20250705_110818
2025/07/06 01:27:44 - mmengine - INFO - Epoch(train)  [93][200/400]  base_lr: 1.0000e-02 lr: 5.4955e-03  eta: 1 day, 13:45:26  time: 3.3126  data_time: 0.0064  memory: 10767  grad_norm: 10.4979  loss: 20.5857  loss_cls: 4.3311  loss_bbox: 7.9981  loss_dfl: 8.2565
2025/07/06 01:30:30 - mmengine - INFO - Epoch(train)  [93][250/400]  base_lr: 1.0000e-02 lr: 5.4955e-03  eta: 1 day, 13:43:09  time: 3.3149  data_time: 0.0059  memory: 10799  grad_norm: 10.2387  loss: 20.4746  loss_cls: 4.3453  loss_bbox: 8.0873  loss_dfl: 8.0420
2025/07/06 01:33:15 - mmengine - INFO - Epoch(train)  [93][300/400]  base_lr: 1.0000e-02 lr: 5.4955e-03  eta: 1 day, 13:40:53  time: 3.3141  data_time: 0.0063  memory: 10772  grad_norm: 10.5485  loss: 20.9342  loss_cls: 4.4184  loss_bbox: 8.2623  loss_dfl: 8.2534
2025/07/06 01:36:01 - mmengine - INFO - Epoch(train)  [93][350/400]  base_lr: 1.0000e-02 lr: 5.4955e-03  eta: 1 day, 13:38:37  time: 3.3151  data_time: 0.0059  memory: 10810  grad_norm: 10.6577  loss: 20.5266  loss_cls: 4.3095  loss_bbox: 8.0292  loss_dfl: 8.1879
2025/07/06 01:38:04 - mmengine - INFO - Exp name: yolov8_mambatransformer_enhance_20250705_110818
2025/07/06 01:38:04 - mmengine - INFO - Epoch(train)  [93][400/400]  base_lr: 1.0000e-02 lr: 5.4955e-03  eta: 1 day, 13:34:18  time: 2.4491  data_time: 0.0105  memory: 10921  grad_norm: 10.0218  loss: 20.6162  loss_cls: 4.2061  loss_bbox: 8.2283  loss_dfl: 8.1818
2025/07/06 01:38:04 - mmengine - INFO - Saving checkpoint at 93 epochs
2025/07/06 01:38:14 - mmengine - INFO - Epoch(val)  [93][ 50/800]    eta: 0:01:20  time: 0.1073  data_time: 0.0030  memory: 1000  
2025/07/06 01:38:19 - mmengine - INFO - Epoch(val)  [93][100/800]    eta: 0:01:14  time: 0.1048  data_time: 0.0014  memory: 1000  
2025/07/06 01:38:24 - mmengine - INFO - Epoch(val)  [93][150/800]    eta: 0:01:08  time: 0.1020  data_time: 0.0014  memory: 1000  
2025/07/06 01:38:29 - mmengine - INFO - Epoch(val)  [93][200/800]    eta: 0:01:02  time: 0.1051  data_time: 0.0014  memory: 1000  
2025/07/06 01:38:35 - mmengine - INFO - Epoch(val)  [93][250/800]    eta: 0:00:57  time: 0.1069  data_time: 0.0005  memory: 1000  
2025/07/06 01:38:40 - mmengine - INFO - Epoch(val)  [93][300/800]    eta: 0:00:52  time: 0.1024  data_time: 0.0005  memory: 1000  
2025/07/06 01:38:45 - mmengine - INFO - Epoch(val)  [93][350/800]    eta: 0:00:47  time: 0.1068  data_time: 0.0006  memory: 1000  
2025/07/06 01:38:50 - mmengine - INFO - Epoch(val)  [93][400/800]    eta: 0:00:42  time: 0.1053  data_time: 0.0006  memory: 1000  
2025/07/06 01:38:55 - mmengine - INFO - Epoch(val)  [93][450/800]    eta: 0:00:36  time: 0.1002  data_time: 0.0011  memory: 1000  
2025/07/06 01:39:02 - mmengine - INFO - Epoch(val)  [93][500/800]    eta: 0:00:31  time: 0.1224  data_time: 0.0005  memory: 1000  
2025/07/06 01:39:08 - mmengine - INFO - Epoch(val)  [93][550/800]    eta: 0:00:26  time: 0.1222  data_time: 0.0005  memory: 1000  
2025/07/06 01:39:13 - mmengine - INFO - Epoch(val)  [93][600/800]    eta: 0:00:21  time: 0.1103  data_time: 0.0005  memory: 1000  
2025/07/06 01:39:19 - mmengine - INFO - Epoch(val)  [93][650/800]    eta: 0:00:16  time: 0.1128  data_time: 0.0005  memory: 1000  
2025/07/06 01:39:24 - mmengine - INFO - Epoch(val)  [93][700/800]    eta: 0:00:10  time: 0.1107  data_time: 0.0005  memory: 1000  
2025/07/06 01:39:29 - mmengine - INFO - Epoch(val)  [93][750/800]    eta: 0:00:05  time: 0.0985  data_time: 0.0005  memory: 1000  
2025/07/06 01:39:34 - mmengine - INFO - Epoch(val)  [93][800/800]    eta: 0:00:00  time: 0.1034  data_time: 0.0005  memory: 1000  
2025/07/06 01:39:36 - mmengine - INFO - Evaluating bbox...
2025/07/06 01:39:49 - mmengine - INFO - 
+-------------+-------+--------+--------+-------+-------+-------+
| category    | mAP   | mAP_50 | mAP_75 | mAP_s | mAP_m | mAP_l |
+-------------+-------+--------+--------+-------+-------+-------+
| car         | 0.701 | 0.967  | 0.857  | 0.482 | 0.73  | 0.0   |
| truck       | 0.517 | 0.732  | 0.634  | 0.051 | 0.515 | 0.561 |
| bus         | 0.747 | 0.955  | 0.893  | 0.004 | 0.711 | 0.808 |
| van         | 0.48  | 0.663  | 0.603  | 0.289 | 0.471 | 0.801 |
| freight_car | 0.478 | 0.672  | 0.584  | 0.169 | 0.471 | 0.532 |
+-------------+-------+--------+--------+-------+-------+-------+
2025/07/06 01:39:49 - mmengine - INFO - bbox_mAP_copypaste: 0.585 0.797 0.714 0.199 0.580 0.540
2025/07/06 01:39:49 - mmengine - INFO - Epoch(val) [93][800/800]    coco/car_precision: 0.7010  coco/truck_precision: 0.5170  coco/bus_precision: 0.7470  coco/van_precision: 0.4800  coco/freight_car_precision: 0.4780  coco/bbox_mAP: 0.5850  coco/bbox_mAP_50: 0.7970  coco/bbox_mAP_75: 0.7140  coco/bbox_mAP_s: 0.1990  coco/bbox_mAP_m: 0.5800  coco/bbox_mAP_l: 0.5400  data_time: 0.0009  time: 0.1075
2025/07/06 01:42:36 - mmengine - INFO - Epoch(train)  [94][ 50/400]  base_lr: 1.0000e-02 lr: 5.4460e-03  eta: 1 day, 13:32:04  time: 3.3312  data_time: 0.0280  memory: 10879  grad_norm: 11.1375  loss: 21.2066  loss_cls: 4.5606  loss_bbox: 8.3717  loss_dfl: 8.2743
2025/07/06 01:45:21 - mmengine - INFO - Epoch(train)  [94][100/400]  base_lr: 1.0000e-02 lr: 5.4460e-03  eta: 1 day, 13:29:47  time: 3.3109  data_time: 0.0059  memory: 10799  grad_norm: 10.8880  loss: 21.0290  loss_cls: 4.4728  loss_bbox: 8.2636  loss_dfl: 8.2926
2025/07/06 01:48:07 - mmengine - INFO - Epoch(train)  [94][150/400]  base_lr: 1.0000e-02 lr: 5.4460e-03  eta: 1 day, 13:27:29  time: 3.3107  data_time: 0.0061  memory: 10852  grad_norm: 10.9669  loss: 20.6978  loss_cls: 4.3959  loss_bbox: 8.1303  loss_dfl: 8.1716
2025/07/06 01:50:53 - mmengine - INFO - Epoch(train)  [94][200/400]  base_lr: 1.0000e-02 lr: 5.4460e-03  eta: 1 day, 13:25:13  time: 3.3184  data_time: 0.0067  memory: 10932  grad_norm: 10.6978  loss: 20.8304  loss_cls: 4.4111  loss_bbox: 8.1139  loss_dfl: 8.3054
2025/07/06 01:53:38 - mmengine - INFO - Epoch(train)  [94][250/400]  base_lr: 1.0000e-02 lr: 5.4460e-03  eta: 1 day, 13:22:56  time: 3.3128  data_time: 0.0059  memory: 10793  grad_norm: 10.2704  loss: 20.6585  loss_cls: 4.2820  loss_bbox: 8.1731  loss_dfl: 8.2034
2025/07/06 01:56:24 - mmengine - INFO - Epoch(train)  [94][300/400]  base_lr: 1.0000e-02 lr: 5.4460e-03  eta: 1 day, 13:20:38  time: 3.3116  data_time: 0.0062  memory: 10916  grad_norm: 10.9833  loss: 20.8453  loss_cls: 4.4620  loss_bbox: 8.1470  loss_dfl: 8.2363
2025/07/06 01:59:09 - mmengine - INFO - Epoch(train)  [94][350/400]  base_lr: 1.0000e-02 lr: 5.4460e-03  eta: 1 day, 13:18:20  time: 3.3125  data_time: 0.0057  memory: 10847  grad_norm: 10.7943  loss: 20.7257  loss_cls: 4.4224  loss_bbox: 8.0734  loss_dfl: 8.2299
2025/07/06 02:01:55 - mmengine - INFO - Exp name: yolov8_mambatransformer_enhance_20250705_110818
2025/07/06 02:01:55 - mmengine - INFO - Epoch(train)  [94][400/400]  base_lr: 1.0000e-02 lr: 5.4460e-03  eta: 1 day, 13:16:02  time: 3.3097  data_time: 0.0065  memory: 10724  grad_norm: 10.7236  loss: 20.5032  loss_cls: 4.3393  loss_bbox: 8.0720  loss_dfl: 8.0919
2025/07/06 02:01:55 - mmengine - INFO - Saving checkpoint at 94 epochs
2025/07/06 02:02:04 - mmengine - INFO - Epoch(val)  [94][ 50/800]    eta: 0:01:22  time: 0.1102  data_time: 0.0009  memory: 1000  
2025/07/06 02:02:10 - mmengine - INFO - Epoch(val)  [94][100/800]    eta: 0:01:18  time: 0.1131  data_time: 0.0004  memory: 1000  
2025/07/06 02:02:16 - mmengine - INFO - Epoch(val)  [94][150/800]    eta: 0:01:14  time: 0.1204  data_time: 0.0004  memory: 1000  
2025/07/06 02:02:22 - mmengine - INFO - Epoch(val)  [94][200/800]    eta: 0:01:09  time: 0.1181  data_time: 0.0004  memory: 1000  
2025/07/06 02:02:27 - mmengine - INFO - Epoch(val)  [94][250/800]    eta: 0:01:03  time: 0.1170  data_time: 0.0005  memory: 1000  
2025/07/06 02:02:33 - mmengine - INFO - Epoch(val)  [94][300/800]    eta: 0:00:58  time: 0.1191  data_time: 0.0004  memory: 1000  
2025/07/06 02:02:39 - mmengine - INFO - Epoch(val)  [94][350/800]    eta: 0:00:52  time: 0.1137  data_time: 0.0004  memory: 1000  
2025/07/06 02:02:45 - mmengine - INFO - Epoch(val)  [94][400/800]    eta: 0:00:45  time: 0.1078  data_time: 0.0004  memory: 1000  
2025/07/06 02:02:50 - mmengine - INFO - Epoch(val)  [94][450/800]    eta: 0:00:40  time: 0.1094  data_time: 0.0004  memory: 1000  
2025/07/06 02:02:55 - mmengine - INFO - Epoch(val)  [94][500/800]    eta: 0:00:34  time: 0.1076  data_time: 0.0004  memory: 1000  
2025/07/06 02:03:00 - mmengine - INFO - Epoch(val)  [94][550/800]    eta: 0:00:28  time: 0.0977  data_time: 0.0004  memory: 1000  
2025/07/06 02:03:05 - mmengine - INFO - Epoch(val)  [94][600/800]    eta: 0:00:22  time: 0.0913  data_time: 0.0004  memory: 1000  
2025/07/06 02:03:09 - mmengine - INFO - Epoch(val)  [94][650/800]    eta: 0:00:16  time: 0.0911  data_time: 0.0003  memory: 1000  
2025/07/06 02:03:14 - mmengine - INFO - Epoch(val)  [94][700/800]    eta: 0:00:10  time: 0.0914  data_time: 0.0003  memory: 1000  
2025/07/06 02:03:19 - mmengine - INFO - Epoch(val)  [94][750/800]    eta: 0:00:05  time: 0.0929  data_time: 0.0004  memory: 1000  
2025/07/06 02:03:23 - mmengine - INFO - Epoch(val)  [94][800/800]    eta: 0:00:00  time: 0.0920  data_time: 0.0003  memory: 1000  
2025/07/06 02:03:25 - mmengine - INFO - Evaluating bbox...
2025/07/06 02:03:38 - mmengine - INFO - 
+-------------+-------+--------+--------+-------+-------+-------+
| category    | mAP   | mAP_50 | mAP_75 | mAP_s | mAP_m | mAP_l |
+-------------+-------+--------+--------+-------+-------+-------+
| car         | 0.701 | 0.967  | 0.857  | 0.482 | 0.731 | 0.0   |
| truck       | 0.518 | 0.733  | 0.636  | 0.056 | 0.517 | 0.561 |
| bus         | 0.748 | 0.955  | 0.893  | 0.004 | 0.713 | 0.809 |
| van         | 0.481 | 0.664  | 0.605  | 0.289 | 0.473 | 0.804 |
| freight_car | 0.48  | 0.673  | 0.589  | 0.168 | 0.472 | 0.539 |
+-------------+-------+--------+--------+-------+-------+-------+
2025/07/06 02:03:38 - mmengine - INFO - bbox_mAP_copypaste: 0.586 0.798 0.716 0.200 0.581 0.543
2025/07/06 02:03:38 - mmengine - INFO - Epoch(val) [94][800/800]    coco/car_precision: 0.7010  coco/truck_precision: 0.5180  coco/bus_precision: 0.7480  coco/van_precision: 0.4810  coco/freight_car_precision: 0.4800  coco/bbox_mAP: 0.5860  coco/bbox_mAP_50: 0.7980  coco/bbox_mAP_75: 0.7160  coco/bbox_mAP_s: 0.2000  coco/bbox_mAP_m: 0.5810  coco/bbox_mAP_l: 0.5430  data_time: 0.0004  time: 0.1058
2025/07/06 02:03:38 - mmengine - INFO - The previous best checkpoint /data/nl/Mamba2Spectral/work_dirs/DroneVehicle/2025_06_30/yolov8_mambatransformer_enhance/best_coco_bbox_mAP_50_epoch_92.pth is removed
2025/07/06 02:03:40 - mmengine - INFO - The best checkpoint with 0.7980 coco/bbox_mAP_50 at 94 epoch is saved to best_coco_bbox_mAP_50_epoch_94.pth.
2025/07/06 02:06:15 - mmengine - INFO - Epoch(train)  [95][ 50/400]  base_lr: 1.0000e-02 lr: 5.3965e-03  eta: 1 day, 13:13:01  time: 2.9949  data_time: 0.0293  memory: 10697  grad_norm: 10.2580  loss: 20.6070  loss_cls: 4.4031  loss_bbox: 8.0527  loss_dfl: 8.1513
2025/07/06 02:07:55 - mmengine - INFO - Epoch(train)  [95][100/400]  base_lr: 1.0000e-02 lr: 5.3965e-03  eta: 1 day, 13:07:46  time: 2.0003  data_time: 0.0085  memory: 10810  grad_norm: 10.8311  loss: 20.6672  loss_cls: 4.3657  loss_bbox: 8.0461  loss_dfl: 8.2555
2025/07/06 02:10:26 - mmengine - INFO - Epoch(train)  [95][150/400]  base_lr: 1.0000e-02 lr: 5.3965e-03  eta: 1 day, 13:04:50  time: 3.0252  data_time: 0.0061  memory: 10857  grad_norm: 11.1407  loss: 20.6211  loss_cls: 4.2806  loss_bbox: 8.0830  loss_dfl: 8.2575
2025/07/06 02:13:12 - mmengine - INFO - Epoch(train)  [95][200/400]  base_lr: 1.0000e-02 lr: 5.3965e-03  eta: 1 day, 13:02:32  time: 3.3093  data_time: 0.0064  memory: 10889  grad_norm: 10.8305  loss: 20.9009  loss_cls: 4.4722  loss_bbox: 8.1761  loss_dfl: 8.2525
2025/07/06 02:15:57 - mmengine - INFO - Epoch(train)  [95][250/400]  base_lr: 1.0000e-02 lr: 5.3965e-03  eta: 1 day, 13:00:14  time: 3.3100  data_time: 0.0058  memory: 10617  grad_norm: 10.8068  loss: 20.8254  loss_cls: 4.4123  loss_bbox: 8.1892  loss_dfl: 8.2239
2025/07/06 02:18:43 - mmengine - INFO - Epoch(train)  [95][300/400]  base_lr: 1.0000e-02 lr: 5.3965e-03  eta: 1 day, 12:57:56  time: 3.3121  data_time: 0.0061  memory: 10900  grad_norm: 10.8888  loss: 20.9622  loss_cls: 4.4717  loss_bbox: 8.2309  loss_dfl: 8.2596
2025/07/06 02:21:28 - mmengine - INFO - Epoch(train)  [95][350/400]  base_lr: 1.0000e-02 lr: 5.3965e-03  eta: 1 day, 12:55:38  time: 3.3150  data_time: 0.0064  memory: 11012  grad_norm: 11.5729  loss: 20.9027  loss_cls: 4.4935  loss_bbox: 8.1960  loss_dfl: 8.2131
2025/07/06 02:24:14 - mmengine - INFO - Exp name: yolov8_mambatransformer_enhance_20250705_110818
2025/07/06 02:24:14 - mmengine - INFO - Epoch(train)  [95][400/400]  base_lr: 1.0000e-02 lr: 5.3965e-03  eta: 1 day, 12:53:20  time: 3.3119  data_time: 0.0061  memory: 10671  grad_norm: 11.4289  loss: 20.6474  loss_cls: 4.3964  loss_bbox: 8.0761  loss_dfl: 8.1749
2025/07/06 02:24:14 - mmengine - INFO - Saving checkpoint at 95 epochs
2025/07/06 02:24:24 - mmengine - INFO - Epoch(val)  [95][ 50/800]    eta: 0:01:31  time: 0.1214  data_time: 0.0015  memory: 1000  
2025/07/06 02:24:30 - mmengine - INFO - Epoch(val)  [95][100/800]    eta: 0:01:24  time: 0.1198  data_time: 0.0004  memory: 1000  
2025/07/06 02:24:36 - mmengine - INFO - Epoch(val)  [95][150/800]    eta: 0:01:18  time: 0.1205  data_time: 0.0005  memory: 1000  
2025/07/06 02:24:42 - mmengine - INFO - Epoch(val)  [95][200/800]    eta: 0:01:12  time: 0.1194  data_time: 0.0048  memory: 1000  
2025/07/06 02:24:48 - mmengine - INFO - Epoch(val)  [95][250/800]    eta: 0:01:06  time: 0.1192  data_time: 0.0007  memory: 1000  
2025/07/06 02:24:54 - mmengine - INFO - Epoch(val)  [95][300/800]    eta: 0:01:00  time: 0.1271  data_time: 0.0020  memory: 1000  
2025/07/06 02:25:01 - mmengine - INFO - Epoch(val)  [95][350/800]    eta: 0:00:54  time: 0.1211  data_time: 0.0047  memory: 1000  
2025/07/06 02:25:06 - mmengine - INFO - Epoch(val)  [95][400/800]    eta: 0:00:47  time: 0.1022  data_time: 0.0004  memory: 1000  
2025/07/06 02:25:10 - mmengine - INFO - Epoch(val)  [95][450/800]    eta: 0:00:40  time: 0.0935  data_time: 0.0004  memory: 1000  
2025/07/06 02:25:15 - mmengine - INFO - Epoch(val)  [95][500/800]    eta: 0:00:34  time: 0.0915  data_time: 0.0003  memory: 1000  
2025/07/06 02:25:20 - mmengine - INFO - Epoch(val)  [95][550/800]    eta: 0:00:28  time: 0.0986  data_time: 0.0004  memory: 1000  
2025/07/06 02:25:25 - mmengine - INFO - Epoch(val)  [95][600/800]    eta: 0:00:22  time: 0.0963  data_time: 0.0004  memory: 1000  
2025/07/06 02:25:29 - mmengine - INFO - Epoch(val)  [95][650/800]    eta: 0:00:16  time: 0.0919  data_time: 0.0004  memory: 1000  
2025/07/06 02:25:34 - mmengine - INFO - Epoch(val)  [95][700/800]    eta: 0:00:10  time: 0.0904  data_time: 0.0003  memory: 1000  
2025/07/06 02:25:38 - mmengine - INFO - Epoch(val)  [95][750/800]    eta: 0:00:05  time: 0.0932  data_time: 0.0003  memory: 1000  
2025/07/06 02:25:43 - mmengine - INFO - Epoch(val)  [95][800/800]    eta: 0:00:00  time: 0.0920  data_time: 0.0004  memory: 1000  
2025/07/06 02:25:44 - mmengine - INFO - Evaluating bbox...
2025/07/06 02:25:57 - mmengine - INFO - 
+-------------+-------+--------+--------+-------+-------+-------+
| category    | mAP   | mAP_50 | mAP_75 | mAP_s | mAP_m | mAP_l |
+-------------+-------+--------+--------+-------+-------+-------+
| car         | 0.701 | 0.967  | 0.857  | 0.482 | 0.731 | 0.0   |
| truck       | 0.52  | 0.734  | 0.634  | 0.057 | 0.518 | 0.562 |
| bus         | 0.748 | 0.955  | 0.893  | 0.003 | 0.713 | 0.808 |
| van         | 0.483 | 0.667  | 0.61   | 0.292 | 0.474 | 0.807 |
| freight_car | 0.481 | 0.674  | 0.586  | 0.166 | 0.473 | 0.538 |
+-------------+-------+--------+--------+-------+-------+-------+
2025/07/06 02:25:57 - mmengine - INFO - bbox_mAP_copypaste: 0.587 0.799 0.716 0.200 0.582 0.543
2025/07/06 02:25:57 - mmengine - INFO - Epoch(val) [95][800/800]    coco/car_precision: 0.7010  coco/truck_precision: 0.5200  coco/bus_precision: 0.7480  coco/van_precision: 0.4830  coco/freight_car_precision: 0.4810  coco/bbox_mAP: 0.5870  coco/bbox_mAP_50: 0.7990  coco/bbox_mAP_75: 0.7160  coco/bbox_mAP_s: 0.2000  coco/bbox_mAP_m: 0.5820  coco/bbox_mAP_l: 0.5430  data_time: 0.0011  time: 0.1061
2025/07/06 02:25:57 - mmengine - INFO - The previous best checkpoint /data/nl/Mamba2Spectral/work_dirs/DroneVehicle/2025_06_30/yolov8_mambatransformer_enhance/best_coco_bbox_mAP_50_epoch_94.pth is removed
2025/07/06 02:26:00 - mmengine - INFO - The best checkpoint with 0.7990 coco/bbox_mAP_50 at 95 epoch is saved to best_coco_bbox_mAP_50_epoch_95.pth.
2025/07/06 02:28:51 - mmengine - INFO - Epoch(train)  [96][ 50/400]  base_lr: 1.0000e-02 lr: 5.3470e-03  eta: 1 day, 12:51:03  time: 3.3238  data_time: 0.0260  memory: 10937  grad_norm: 10.9371  loss: 20.4685  loss_cls: 4.3279  loss_bbox: 8.0034  loss_dfl: 8.1372
2025/07/06 02:31:36 - mmengine - INFO - Epoch(train)  [96][100/400]  base_lr: 1.0000e-02 lr: 5.3470e-03  eta: 1 day, 12:48:44  time: 3.3084  data_time: 0.0061  memory: 11044  grad_norm: 11.0558  loss: 20.6628  loss_cls: 4.4538  loss_bbox: 8.0685  loss_dfl: 8.1405
2025/07/06 02:34:22 - mmengine - INFO - Epoch(train)  [96][150/400]  base_lr: 1.0000e-02 lr: 5.3470e-03  eta: 1 day, 12:46:25  time: 3.3150  data_time: 0.0061  memory: 10953  grad_norm: 11.0110  loss: 20.9387  loss_cls: 4.5287  loss_bbox: 8.1674  loss_dfl: 8.2426
2025/07/06 02:36:27 - mmengine - INFO - Epoch(train)  [96][200/400]  base_lr: 1.0000e-02 lr: 5.3470e-03  eta: 1 day, 12:42:21  time: 2.4953  data_time: 0.0087  memory: 10756  grad_norm: 10.5167  loss: 20.7074  loss_cls: 4.3924  loss_bbox: 8.1865  loss_dfl: 8.1285
2025/07/06 02:38:22 - mmengine - INFO - Epoch(train)  [96][250/400]  base_lr: 1.0000e-02 lr: 5.3470e-03  eta: 1 day, 12:37:54  time: 2.3162  data_time: 0.0089  memory: 10655  grad_norm: 11.1755  loss: 20.7400  loss_cls: 4.3578  loss_bbox: 8.1358  loss_dfl: 8.2464
2025/07/06 02:41:08 - mmengine - INFO - Epoch(train)  [96][300/400]  base_lr: 1.0000e-02 lr: 5.3470e-03  eta: 1 day, 12:35:37  time: 3.3181  data_time: 0.0067  memory: 10975  grad_norm: 11.1363  loss: 20.9266  loss_cls: 4.4618  loss_bbox: 8.2624  loss_dfl: 8.2024
2025/07/06 02:43:54 - mmengine - INFO - Epoch(train)  [96][350/400]  base_lr: 1.0000e-02 lr: 5.3470e-03  eta: 1 day, 12:33:19  time: 3.3166  data_time: 0.0062  memory: 10810  grad_norm: 10.3863  loss: 20.6713  loss_cls: 4.3330  loss_bbox: 8.2070  loss_dfl: 8.1314
2025/07/06 02:46:40 - mmengine - INFO - Exp name: yolov8_mambatransformer_enhance_20250705_110818
2025/07/06 02:46:40 - mmengine - INFO - Epoch(train)  [96][400/400]  base_lr: 1.0000e-02 lr: 5.3470e-03  eta: 1 day, 12:31:01  time: 3.3173  data_time: 0.0059  memory: 10735  grad_norm: 10.1527  loss: 20.2950  loss_cls: 4.2903  loss_bbox: 7.8558  loss_dfl: 8.1488
2025/07/06 02:46:40 - mmengine - INFO - Saving checkpoint at 96 epochs
2025/07/06 02:46:48 - mmengine - INFO - Epoch(val)  [96][ 50/800]    eta: 0:01:13  time: 0.0974  data_time: 0.0008  memory: 1000  
2025/07/06 02:46:53 - mmengine - INFO - Epoch(val)  [96][100/800]    eta: 0:01:05  time: 0.0906  data_time: 0.0003  memory: 1000  
2025/07/06 02:46:57 - mmengine - INFO - Epoch(val)  [96][150/800]    eta: 0:01:00  time: 0.0903  data_time: 0.0003  memory: 1000  
2025/07/06 02:47:02 - mmengine - INFO - Epoch(val)  [96][200/800]    eta: 0:00:56  time: 0.1006  data_time: 0.0004  memory: 1000  
2025/07/06 02:47:07 - mmengine - INFO - Epoch(val)  [96][250/800]    eta: 0:00:52  time: 0.0952  data_time: 0.0004  memory: 1000  
2025/07/06 02:47:13 - mmengine - INFO - Epoch(val)  [96][300/800]    eta: 0:00:48  time: 0.1097  data_time: 0.0004  memory: 1000  
2025/07/06 02:47:18 - mmengine - INFO - Epoch(val)  [96][350/800]    eta: 0:00:44  time: 0.1015  data_time: 0.0004  memory: 1000  
2025/07/06 02:47:22 - mmengine - INFO - Epoch(val)  [96][400/800]    eta: 0:00:38  time: 0.0914  data_time: 0.0004  memory: 1000  
2025/07/06 02:47:27 - mmengine - INFO - Epoch(val)  [96][450/800]    eta: 0:00:33  time: 0.0913  data_time: 0.0003  memory: 1000  
2025/07/06 02:47:32 - mmengine - INFO - Epoch(val)  [96][500/800]    eta: 0:00:28  time: 0.0904  data_time: 0.0003  memory: 1000  
2025/07/06 02:47:36 - mmengine - INFO - Epoch(val)  [96][550/800]    eta: 0:00:23  time: 0.0974  data_time: 0.0004  memory: 1000  
2025/07/06 02:47:41 - mmengine - INFO - Epoch(val)  [96][600/800]    eta: 0:00:19  time: 0.0917  data_time: 0.0004  memory: 1000  
2025/07/06 02:47:46 - mmengine - INFO - Epoch(val)  [96][650/800]    eta: 0:00:14  time: 0.0903  data_time: 0.0003  memory: 1000  
2025/07/06 02:47:50 - mmengine - INFO - Epoch(val)  [96][700/800]    eta: 0:00:09  time: 0.0974  data_time: 0.0004  memory: 1000  
2025/07/06 02:47:55 - mmengine - INFO - Epoch(val)  [96][750/800]    eta: 0:00:04  time: 0.0950  data_time: 0.0004  memory: 1000  
2025/07/06 02:48:01 - mmengine - INFO - Epoch(val)  [96][800/800]    eta: 0:00:00  time: 0.1099  data_time: 0.0004  memory: 1000  
2025/07/06 02:48:02 - mmengine - INFO - Evaluating bbox...
2025/07/06 02:48:16 - mmengine - INFO - 
+-------------+-------+--------+--------+-------+-------+-------+
| category    | mAP   | mAP_50 | mAP_75 | mAP_s | mAP_m | mAP_l |
+-------------+-------+--------+--------+-------+-------+-------+
| car         | 0.701 | 0.967  | 0.857  | 0.482 | 0.731 | 0.0   |
| truck       | 0.52  | 0.736  | 0.634  | 0.053 | 0.518 | 0.563 |
| bus         | 0.748 | 0.956  | 0.893  | 0.003 | 0.713 | 0.808 |
| van         | 0.485 | 0.669  | 0.611  | 0.291 | 0.475 | 0.81  |
| freight_car | 0.482 | 0.675  | 0.589  | 0.166 | 0.474 | 0.542 |
+-------------+-------+--------+--------+-------+-------+-------+
2025/07/06 02:48:16 - mmengine - INFO - bbox_mAP_copypaste: 0.587 0.800 0.717 0.199 0.582 0.545
2025/07/06 02:48:16 - mmengine - INFO - Epoch(val) [96][800/800]    coco/car_precision: 0.7010  coco/truck_precision: 0.5200  coco/bus_precision: 0.7480  coco/van_precision: 0.4850  coco/freight_car_precision: 0.4820  coco/bbox_mAP: 0.5870  coco/bbox_mAP_50: 0.8000  coco/bbox_mAP_75: 0.7170  coco/bbox_mAP_s: 0.1990  coco/bbox_mAP_m: 0.5820  coco/bbox_mAP_l: 0.5450  data_time: 0.0004  time: 0.0963
2025/07/06 02:48:16 - mmengine - INFO - The previous best checkpoint /data/nl/Mamba2Spectral/work_dirs/DroneVehicle/2025_06_30/yolov8_mambatransformer_enhance/best_coco_bbox_mAP_50_epoch_95.pth is removed
2025/07/06 02:48:19 - mmengine - INFO - The best checkpoint with 0.8000 coco/bbox_mAP_50 at 96 epoch is saved to best_coco_bbox_mAP_50_epoch_96.pth.
2025/07/06 02:51:11 - mmengine - INFO - Epoch(train)  [97][ 50/400]  base_lr: 1.0000e-02 lr: 5.2975e-03  eta: 1 day, 12:28:45  time: 3.3397  data_time: 0.0304  memory: 10943  grad_norm: 11.0566  loss: 20.7474  loss_cls: 4.3621  loss_bbox: 8.2291  loss_dfl: 8.1562
2025/07/06 02:53:57 - mmengine - INFO - Epoch(train)  [97][100/400]  base_lr: 1.0000e-02 lr: 5.2975e-03  eta: 1 day, 12:26:27  time: 3.3186  data_time: 0.0062  memory: 10884  grad_norm: 11.2352  loss: 20.9683  loss_cls: 4.4789  loss_bbox: 8.2389  loss_dfl: 8.2505
2025/07/06 02:56:43 - mmengine - INFO - Epoch(train)  [97][150/400]  base_lr: 1.0000e-02 lr: 5.2975e-03  eta: 1 day, 12:24:08  time: 3.3113  data_time: 0.0060  memory: 10772  grad_norm: 10.9411  loss: 20.7135  loss_cls: 4.4317  loss_bbox: 8.1679  loss_dfl: 8.1138
2025/07/06 02:59:29 - mmengine - INFO - Epoch(train)  [97][200/400]  base_lr: 1.0000e-02 lr: 5.2975e-03  eta: 1 day, 12:21:49  time: 3.3169  data_time: 0.0059  memory: 10810  grad_norm: 10.8941  loss: 20.4919  loss_cls: 4.3343  loss_bbox: 8.0286  loss_dfl: 8.1290
2025/07/06 03:02:14 - mmengine - INFO - Epoch(train)  [97][250/400]  base_lr: 1.0000e-02 lr: 5.2975e-03  eta: 1 day, 12:19:30  time: 3.3137  data_time: 0.0067  memory: 11258  grad_norm: 10.0888  loss: 20.2915  loss_cls: 4.1850  loss_bbox: 8.0249  loss_dfl: 8.0815
2025/07/06 03:04:58 - mmengine - INFO - Epoch(train)  [97][300/400]  base_lr: 1.0000e-02 lr: 5.2975e-03  eta: 1 day, 12:17:05  time: 3.2705  data_time: 0.0060  memory: 10724  grad_norm: 11.2320  loss: 20.6873  loss_cls: 4.4046  loss_bbox: 8.0843  loss_dfl: 8.1984
2025/07/06 03:06:43 - mmengine - INFO - Epoch(train)  [97][350/400]  base_lr: 1.0000e-02 lr: 5.2975e-03  eta: 1 day, 12:12:16  time: 2.0985  data_time: 0.0087  memory: 10783  grad_norm: 10.6799  loss: 20.6017  loss_cls: 4.3639  loss_bbox: 8.0695  loss_dfl: 8.1683
2025/07/06 03:09:12 - mmengine - INFO - Exp name: yolov8_mambatransformer_enhance_20250705_110818
2025/07/06 03:09:12 - mmengine - INFO - Epoch(train)  [97][400/400]  base_lr: 1.0000e-02 lr: 5.2975e-03  eta: 1 day, 12:09:17  time: 2.9891  data_time: 0.0060  memory: 10633  grad_norm: 10.4852  loss: 20.7463  loss_cls: 4.3242  loss_bbox: 8.2393  loss_dfl: 8.1829
2025/07/06 03:09:12 - mmengine - INFO - Saving checkpoint at 97 epochs
2025/07/06 03:09:21 - mmengine - INFO - Epoch(val)  [97][ 50/800]    eta: 0:01:22  time: 0.1096  data_time: 0.0009  memory: 1000  
2025/07/06 03:09:26 - mmengine - INFO - Epoch(val)  [97][100/800]    eta: 0:01:16  time: 0.1103  data_time: 0.0004  memory: 1000  
2025/07/06 03:09:32 - mmengine - INFO - Epoch(val)  [97][150/800]    eta: 0:01:11  time: 0.1094  data_time: 0.0004  memory: 1000  
2025/07/06 03:09:37 - mmengine - INFO - Epoch(val)  [97][200/800]    eta: 0:01:05  time: 0.1099  data_time: 0.0004  memory: 1000  
2025/07/06 03:09:43 - mmengine - INFO - Epoch(val)  [97][250/800]    eta: 0:01:00  time: 0.1102  data_time: 0.0004  memory: 1000  
2025/07/06 03:09:48 - mmengine - INFO - Epoch(val)  [97][300/800]    eta: 0:00:54  time: 0.1090  data_time: 0.0004  memory: 1000  
2025/07/06 03:09:54 - mmengine - INFO - Epoch(val)  [97][350/800]    eta: 0:00:50  time: 0.1203  data_time: 0.0005  memory: 1000  
2025/07/06 03:10:00 - mmengine - INFO - Epoch(val)  [97][400/800]    eta: 0:00:44  time: 0.1193  data_time: 0.0007  memory: 1000  
2025/07/06 03:10:05 - mmengine - INFO - Epoch(val)  [97][450/800]    eta: 0:00:38  time: 0.0956  data_time: 0.0004  memory: 1000  
2025/07/06 03:10:10 - mmengine - INFO - Epoch(val)  [97][500/800]    eta: 0:00:32  time: 0.0932  data_time: 0.0004  memory: 1000  
2025/07/06 03:10:15 - mmengine - INFO - Epoch(val)  [97][550/800]    eta: 0:00:26  time: 0.1006  data_time: 0.0004  memory: 1000  
2025/07/06 03:10:20 - mmengine - INFO - Epoch(val)  [97][600/800]    eta: 0:00:21  time: 0.1093  data_time: 0.0004  memory: 1000  
2025/07/06 03:10:26 - mmengine - INFO - Epoch(val)  [97][650/800]    eta: 0:00:16  time: 0.1102  data_time: 0.0004  memory: 1000  
2025/07/06 03:10:31 - mmengine - INFO - Epoch(val)  [97][700/800]    eta: 0:00:10  time: 0.1015  data_time: 0.0004  memory: 1000  
2025/07/06 03:10:36 - mmengine - INFO - Epoch(val)  [97][750/800]    eta: 0:00:05  time: 0.0938  data_time: 0.0004  memory: 1000  
2025/07/06 03:10:40 - mmengine - INFO - Epoch(val)  [97][800/800]    eta: 0:00:00  time: 0.0934  data_time: 0.0003  memory: 1000  
2025/07/06 03:10:42 - mmengine - INFO - Evaluating bbox...
2025/07/06 03:10:55 - mmengine - INFO - 
+-------------+-------+--------+--------+-------+-------+-------+
| category    | mAP   | mAP_50 | mAP_75 | mAP_s | mAP_m | mAP_l |
+-------------+-------+--------+--------+-------+-------+-------+
| car         | 0.702 | 0.967  | 0.857  | 0.482 | 0.731 | 0.0   |
| truck       | 0.522 | 0.737  | 0.636  | 0.053 | 0.521 | 0.563 |
| bus         | 0.747 | 0.956  | 0.893  | 0.003 | 0.712 | 0.808 |
| van         | 0.484 | 0.67   | 0.609  | 0.291 | 0.474 | 0.813 |
| freight_car | 0.483 | 0.676  | 0.591  | 0.166 | 0.476 | 0.541 |
+-------------+-------+--------+--------+-------+-------+-------+
2025/07/06 03:10:55 - mmengine - INFO - bbox_mAP_copypaste: 0.588 0.801 0.717 0.199 0.583 0.545
2025/07/06 03:10:55 - mmengine - INFO - Epoch(val) [97][800/800]    coco/car_precision: 0.7020  coco/truck_precision: 0.5220  coco/bus_precision: 0.7470  coco/van_precision: 0.4840  coco/freight_car_precision: 0.4830  coco/bbox_mAP: 0.5880  coco/bbox_mAP_50: 0.8010  coco/bbox_mAP_75: 0.7170  coco/bbox_mAP_s: 0.1990  coco/bbox_mAP_m: 0.5830  coco/bbox_mAP_l: 0.5450  data_time: 0.0004  time: 0.1060
2025/07/06 03:10:55 - mmengine - INFO - The previous best checkpoint /data/nl/Mamba2Spectral/work_dirs/DroneVehicle/2025_06_30/yolov8_mambatransformer_enhance/best_coco_bbox_mAP_50_epoch_96.pth is removed
2025/07/06 03:10:57 - mmengine - INFO - The best checkpoint with 0.8010 coco/bbox_mAP_50 at 97 epoch is saved to best_coco_bbox_mAP_50_epoch_97.pth.
2025/07/06 03:13:49 - mmengine - INFO - Epoch(train)  [98][ 50/400]  base_lr: 1.0000e-02 lr: 5.2480e-03  eta: 1 day, 12:07:01  time: 3.3345  data_time: 0.0293  memory: 10943  grad_norm: 10.7728  loss: 20.4171  loss_cls: 4.2607  loss_bbox: 8.0000  loss_dfl: 8.1565
2025/07/06 03:16:34 - mmengine - INFO - Epoch(train)  [98][100/400]  base_lr: 1.0000e-02 lr: 5.2480e-03  eta: 1 day, 12:04:41  time: 3.3100  data_time: 0.0060  memory: 11177  grad_norm: 10.4216  loss: 20.5640  loss_cls: 4.3137  loss_bbox: 8.0859  loss_dfl: 8.1644
2025/07/06 03:19:20 - mmengine - INFO - Epoch(train)  [98][150/400]  base_lr: 1.0000e-02 lr: 5.2480e-03  eta: 1 day, 12:02:21  time: 3.3138  data_time: 0.0059  memory: 10873  grad_norm: 11.1232  loss: 20.7573  loss_cls: 4.3241  loss_bbox: 8.2335  loss_dfl: 8.1997
2025/07/06 03:22:06 - mmengine - INFO - Exp name: yolov8_mambatransformer_enhance_20250705_110818
2025/07/06 03:22:06 - mmengine - INFO - Epoch(train)  [98][200/400]  base_lr: 1.0000e-02 lr: 5.2480e-03  eta: 1 day, 12:00:02  time: 3.3166  data_time: 0.0059  memory: 10937  grad_norm: 11.5920  loss: 21.0164  loss_cls: 4.5148  loss_bbox: 8.3302  loss_dfl: 8.1713
2025/07/06 03:24:51 - mmengine - INFO - Epoch(train)  [98][250/400]  base_lr: 1.0000e-02 lr: 5.2480e-03  eta: 1 day, 11:57:42  time: 3.3093  data_time: 0.0062  memory: 10783  grad_norm: 10.6770  loss: 20.6030  loss_cls: 4.2663  loss_bbox: 8.1500  loss_dfl: 8.1867
2025/07/06 03:27:37 - mmengine - INFO - Epoch(train)  [98][300/400]  base_lr: 1.0000e-02 lr: 5.2480e-03  eta: 1 day, 11:55:22  time: 3.3134  data_time: 0.0059  memory: 10735  grad_norm: 10.6827  loss: 20.4656  loss_cls: 4.2358  loss_bbox: 8.0229  loss_dfl: 8.2069
2025/07/06 03:30:22 - mmengine - INFO - Epoch(train)  [98][350/400]  base_lr: 1.0000e-02 lr: 5.2480e-03  eta: 1 day, 11:53:02  time: 3.3121  data_time: 0.0060  memory: 10879  grad_norm: 11.1088  loss: 20.8003  loss_cls: 4.3509  loss_bbox: 8.1078  loss_dfl: 8.3416
2025/07/06 03:33:08 - mmengine - INFO - Exp name: yolov8_mambatransformer_enhance_20250705_110818
2025/07/06 03:33:08 - mmengine - INFO - Epoch(train)  [98][400/400]  base_lr: 1.0000e-02 lr: 5.2480e-03  eta: 1 day, 11:50:42  time: 3.3138  data_time: 0.0060  memory: 10649  grad_norm: 11.1086  loss: 20.9122  loss_cls: 4.4592  loss_bbox: 8.2628  loss_dfl: 8.1902
2025/07/06 03:33:08 - mmengine - INFO - Saving checkpoint at 98 epochs
2025/07/06 03:33:17 - mmengine - INFO - Epoch(val)  [98][ 50/800]    eta: 0:01:23  time: 0.1108  data_time: 0.0010  memory: 1000  
2025/07/06 03:33:23 - mmengine - INFO - Epoch(val)  [98][100/800]    eta: 0:01:20  time: 0.1184  data_time: 0.0005  memory: 1000  
2025/07/06 03:33:28 - mmengine - INFO - Epoch(val)  [98][150/800]    eta: 0:01:13  time: 0.1113  data_time: 0.0005  memory: 1000  
2025/07/06 03:33:34 - mmengine - INFO - Epoch(val)  [98][200/800]    eta: 0:01:07  time: 0.1089  data_time: 0.0005  memory: 1000  
2025/07/06 03:33:39 - mmengine - INFO - Epoch(val)  [98][250/800]    eta: 0:01:01  time: 0.1085  data_time: 0.0004  memory: 1000  
2025/07/06 03:33:45 - mmengine - INFO - Epoch(val)  [98][300/800]    eta: 0:00:55  time: 0.1136  data_time: 0.0004  memory: 1000  
2025/07/06 03:33:50 - mmengine - INFO - Epoch(val)  [98][350/800]    eta: 0:00:49  time: 0.0963  data_time: 0.0004  memory: 1000  
2025/07/06 03:33:56 - mmengine - INFO - Epoch(val)  [98][400/800]    eta: 0:00:44  time: 0.1213  data_time: 0.0005  memory: 1000  
2025/07/06 03:34:02 - mmengine - INFO - Epoch(val)  [98][450/800]    eta: 0:00:38  time: 0.1121  data_time: 0.0005  memory: 1000  
2025/07/06 03:34:07 - mmengine - INFO - Epoch(val)  [98][500/800]    eta: 0:00:33  time: 0.1041  data_time: 0.0059  memory: 1000  
2025/07/06 03:34:12 - mmengine - INFO - Epoch(val)  [98][550/800]    eta: 0:00:27  time: 0.1086  data_time: 0.0022  memory: 1000  
2025/07/06 03:34:17 - mmengine - INFO - Epoch(val)  [98][600/800]    eta: 0:00:21  time: 0.1060  data_time: 0.0027  memory: 1000  
2025/07/06 03:34:23 - mmengine - INFO - Epoch(val)  [98][650/800]    eta: 0:00:16  time: 0.1053  data_time: 0.0004  memory: 1000  
2025/07/06 03:34:28 - mmengine - INFO - Epoch(val)  [98][700/800]    eta: 0:00:10  time: 0.1074  data_time: 0.0021  memory: 1000  
2025/07/06 03:34:33 - mmengine - INFO - Epoch(val)  [98][750/800]    eta: 0:00:05  time: 0.1064  data_time: 0.0004  memory: 1000  
2025/07/06 03:34:39 - mmengine - INFO - Epoch(val)  [98][800/800]    eta: 0:00:00  time: 0.1092  data_time: 0.0004  memory: 1000  
2025/07/06 03:34:40 - mmengine - INFO - Evaluating bbox...
2025/07/06 03:34:55 - mmengine - INFO - 
+-------------+-------+--------+--------+-------+-------+-------+
| category    | mAP   | mAP_50 | mAP_75 | mAP_s | mAP_m | mAP_l |
+-------------+-------+--------+--------+-------+-------+-------+
| car         | 0.702 | 0.967  | 0.857  | 0.483 | 0.731 | 0.0   |
| truck       | 0.523 | 0.738  | 0.638  | 0.058 | 0.522 | 0.567 |
| bus         | 0.747 | 0.956  | 0.893  | 0.003 | 0.713 | 0.808 |
| van         | 0.485 | 0.671  | 0.609  | 0.294 | 0.474 | 0.815 |
| freight_car | 0.484 | 0.677  | 0.585  | 0.167 | 0.477 | 0.542 |
+-------------+-------+--------+--------+-------+-------+-------+
2025/07/06 03:34:55 - mmengine - INFO - bbox_mAP_copypaste: 0.588 0.802 0.717 0.201 0.583 0.546
2025/07/06 03:34:55 - mmengine - INFO - Epoch(val) [98][800/800]    coco/car_precision: 0.7020  coco/truck_precision: 0.5230  coco/bus_precision: 0.7470  coco/van_precision: 0.4850  coco/freight_car_precision: 0.4840  coco/bbox_mAP: 0.5880  coco/bbox_mAP_50: 0.8020  coco/bbox_mAP_75: 0.7170  coco/bbox_mAP_s: 0.2010  coco/bbox_mAP_m: 0.5830  coco/bbox_mAP_l: 0.5460  data_time: 0.0012  time: 0.1092
2025/07/06 03:34:55 - mmengine - INFO - The previous best checkpoint /data/nl/Mamba2Spectral/work_dirs/DroneVehicle/2025_06_30/yolov8_mambatransformer_enhance/best_coco_bbox_mAP_50_epoch_97.pth is removed
2025/07/06 03:34:58 - mmengine - INFO - The best checkpoint with 0.8020 coco/bbox_mAP_50 at 98 epoch is saved to best_coco_bbox_mAP_50_epoch_98.pth.
2025/07/06 03:37:15 - mmengine - INFO - Epoch(train)  [99][ 50/400]  base_lr: 1.0000e-02 lr: 5.1985e-03  eta: 1 day, 11:47:00  time: 2.6227  data_time: 0.0355  memory: 10937  grad_norm: 10.7353  loss: 20.6795  loss_cls: 4.3985  loss_bbox: 8.1751  loss_dfl: 8.1060
2025/07/06 03:40:00 - mmengine - INFO - Epoch(train)  [99][100/400]  base_lr: 1.0000e-02 lr: 5.1985e-03  eta: 1 day, 11:44:39  time: 3.3081  data_time: 0.0059  memory: 11023  grad_norm: 11.3430  loss: 20.9472  loss_cls: 4.3842  loss_bbox: 8.2224  loss_dfl: 8.3406
2025/07/06 03:42:46 - mmengine - INFO - Epoch(train)  [99][150/400]  base_lr: 1.0000e-02 lr: 5.1985e-03  eta: 1 day, 11:42:18  time: 3.3108  data_time: 0.0058  memory: 11017  grad_norm: 10.1806  loss: 20.3371  loss_cls: 4.2567  loss_bbox: 8.0732  loss_dfl: 8.0072
2025/07/06 03:45:31 - mmengine - INFO - Epoch(train)  [99][200/400]  base_lr: 1.0000e-02 lr: 5.1985e-03  eta: 1 day, 11:39:57  time: 3.3085  data_time: 0.0062  memory: 10703  grad_norm: 11.3591  loss: 20.6076  loss_cls: 4.3273  loss_bbox: 8.0769  loss_dfl: 8.2034
2025/07/06 03:48:17 - mmengine - INFO - Epoch(train)  [99][250/400]  base_lr: 1.0000e-02 lr: 5.1985e-03  eta: 1 day, 11:37:37  time: 3.3145  data_time: 0.0069  memory: 10756  grad_norm: 10.9506  loss: 20.7210  loss_cls: 4.3728  loss_bbox: 8.1205  loss_dfl: 8.2277
2025/07/06 03:51:03 - mmengine - INFO - Epoch(train)  [99][300/400]  base_lr: 1.0000e-02 lr: 5.1985e-03  eta: 1 day, 11:35:16  time: 3.3159  data_time: 0.0064  memory: 11055  grad_norm: 11.3904  loss: 20.7288  loss_cls: 4.3617  loss_bbox: 8.1739  loss_dfl: 8.1933
2025/07/06 03:53:48 - mmengine - INFO - Epoch(train)  [99][350/400]  base_lr: 1.0000e-02 lr: 5.1985e-03  eta: 1 day, 11:32:56  time: 3.3148  data_time: 0.0060  memory: 10932  grad_norm: 10.9167  loss: 20.7558  loss_cls: 4.4544  loss_bbox: 8.1826  loss_dfl: 8.1188
2025/07/06 03:56:34 - mmengine - INFO - Exp name: yolov8_mambatransformer_enhance_20250705_110818
2025/07/06 03:56:34 - mmengine - INFO - Epoch(train)  [99][400/400]  base_lr: 1.0000e-02 lr: 5.1985e-03  eta: 1 day, 11:30:34  time: 3.3071  data_time: 0.0059  memory: 10697  grad_norm: 11.0920  loss: 20.3754  loss_cls: 4.2457  loss_bbox: 8.0108  loss_dfl: 8.1189
2025/07/06 03:56:34 - mmengine - INFO - Saving checkpoint at 99 epochs
2025/07/06 03:56:42 - mmengine - INFO - Epoch(val)  [99][ 50/800]    eta: 0:01:14  time: 0.0996  data_time: 0.0009  memory: 1000  
2025/07/06 03:56:47 - mmengine - INFO - Epoch(val)  [99][100/800]    eta: 0:01:07  time: 0.0937  data_time: 0.0004  memory: 1000  
2025/07/06 03:56:52 - mmengine - INFO - Epoch(val)  [99][150/800]    eta: 0:01:01  time: 0.0922  data_time: 0.0004  memory: 1000  
2025/07/06 03:56:56 - mmengine - INFO - Epoch(val)  [99][200/800]    eta: 0:00:56  time: 0.0920  data_time: 0.0004  memory: 1000  
2025/07/06 03:57:01 - mmengine - INFO - Epoch(val)  [99][250/800]    eta: 0:00:51  time: 0.0923  data_time: 0.0004  memory: 1000  
2025/07/06 03:57:05 - mmengine - INFO - Epoch(val)  [99][300/800]    eta: 0:00:46  time: 0.0918  data_time: 0.0004  memory: 1000  
2025/07/06 03:57:10 - mmengine - INFO - Epoch(val)  [99][350/800]    eta: 0:00:42  time: 0.0933  data_time: 0.0004  memory: 1000  
2025/07/06 03:57:15 - mmengine - INFO - Epoch(val)  [99][400/800]    eta: 0:00:37  time: 0.0923  data_time: 0.0004  memory: 1000  
2025/07/06 03:57:19 - mmengine - INFO - Epoch(val)  [99][450/800]    eta: 0:00:32  time: 0.0960  data_time: 0.0004  memory: 1000  
2025/07/06 03:57:25 - mmengine - INFO - Epoch(val)  [99][500/800]    eta: 0:00:28  time: 0.1051  data_time: 0.0004  memory: 1000  
2025/07/06 03:57:30 - mmengine - INFO - Epoch(val)  [99][550/800]    eta: 0:00:24  time: 0.1085  data_time: 0.0004  memory: 1000  
2025/07/06 03:57:35 - mmengine - INFO - Epoch(val)  [99][600/800]    eta: 0:00:19  time: 0.0919  data_time: 0.0004  memory: 1000  
2025/07/06 03:57:40 - mmengine - INFO - Epoch(val)  [99][650/800]    eta: 0:00:14  time: 0.0952  data_time: 0.0004  memory: 1000  
2025/07/06 03:57:45 - mmengine - INFO - Epoch(val)  [99][700/800]    eta: 0:00:09  time: 0.1107  data_time: 0.0004  memory: 1000  
2025/07/06 03:57:51 - mmengine - INFO - Epoch(val)  [99][750/800]    eta: 0:00:04  time: 0.1101  data_time: 0.0004  memory: 1000  
2025/07/06 03:57:56 - mmengine - INFO - Epoch(val)  [99][800/800]    eta: 0:00:00  time: 0.1095  data_time: 0.0004  memory: 1000  
2025/07/06 03:57:57 - mmengine - INFO - Evaluating bbox...
2025/07/06 03:58:10 - mmengine - INFO - 
+-------------+-------+--------+--------+-------+-------+-------+
| category    | mAP   | mAP_50 | mAP_75 | mAP_s | mAP_m | mAP_l |
+-------------+-------+--------+--------+-------+-------+-------+
| car         | 0.702 | 0.967  | 0.857  | 0.483 | 0.731 | 0.0   |
| truck       | 0.525 | 0.74   | 0.639  | 0.059 | 0.524 | 0.567 |
| bus         | 0.748 | 0.957  | 0.894  | 0.003 | 0.713 | 0.808 |
| van         | 0.487 | 0.673  | 0.612  | 0.297 | 0.477 | 0.814 |
| freight_car | 0.486 | 0.678  | 0.585  | 0.17  | 0.479 | 0.546 |
+-------------+-------+--------+--------+-------+-------+-------+
2025/07/06 03:58:10 - mmengine - INFO - bbox_mAP_copypaste: 0.590 0.803 0.717 0.202 0.585 0.547
2025/07/06 03:58:10 - mmengine - INFO - Epoch(val) [99][800/800]    coco/car_precision: 0.7020  coco/truck_precision: 0.5250  coco/bus_precision: 0.7480  coco/van_precision: 0.4870  coco/freight_car_precision: 0.4860  coco/bbox_mAP: 0.5900  coco/bbox_mAP_50: 0.8030  coco/bbox_mAP_75: 0.7170  coco/bbox_mAP_s: 0.2020  coco/bbox_mAP_m: 0.5850  coco/bbox_mAP_l: 0.5470  data_time: 0.0004  time: 0.0984
2025/07/06 03:58:10 - mmengine - INFO - The previous best checkpoint /data/nl/Mamba2Spectral/work_dirs/DroneVehicle/2025_06_30/yolov8_mambatransformer_enhance/best_coco_bbox_mAP_50_epoch_98.pth is removed
2025/07/06 03:58:13 - mmengine - INFO - The best checkpoint with 0.8030 coco/bbox_mAP_50 at 99 epoch is saved to best_coco_bbox_mAP_50_epoch_99.pth.
2025/07/06 04:01:04 - mmengine - INFO - Epoch(train) [100][ 50/400]  base_lr: 1.0000e-02 lr: 5.1490e-03  eta: 1 day, 11:28:15  time: 3.3303  data_time: 0.0284  memory: 10804  grad_norm: 10.8556  loss: 20.5238  loss_cls: 4.3571  loss_bbox: 8.0051  loss_dfl: 8.1616
2025/07/06 04:03:35 - mmengine - INFO - Epoch(train) [100][100/400]  base_lr: 1.0000e-02 lr: 5.1490e-03  eta: 1 day, 11:25:20  time: 3.0186  data_time: 0.0064  memory: 10964  grad_norm: 10.2862  loss: 20.3187  loss_cls: 4.2233  loss_bbox: 8.0184  loss_dfl: 8.0769
2025/07/06 04:05:15 - mmengine - INFO - Epoch(train) [100][150/400]  base_lr: 1.0000e-02 lr: 5.1490e-03  eta: 1 day, 11:20:29  time: 1.9979  data_time: 0.0088  memory: 10879  grad_norm: 10.8034  loss: 20.2891  loss_cls: 4.2032  loss_bbox: 8.0055  loss_dfl: 8.0804
2025/07/06 04:07:59 - mmengine - INFO - Epoch(train) [100][200/400]  base_lr: 1.0000e-02 lr: 5.1490e-03  eta: 1 day, 11:18:04  time: 3.2720  data_time: 0.0065  memory: 10804  grad_norm: 11.1686  loss: 20.7431  loss_cls: 4.3237  loss_bbox: 8.1918  loss_dfl: 8.2276
2025/07/06 04:10:44 - mmengine - INFO - Epoch(train) [100][250/400]  base_lr: 1.0000e-02 lr: 5.1490e-03  eta: 1 day, 11:15:42  time: 3.3085  data_time: 0.0060  memory: 10660  grad_norm: 11.0513  loss: 20.6192  loss_cls: 4.3503  loss_bbox: 8.0820  loss_dfl: 8.1869
2025/07/06 04:13:29 - mmengine - INFO - Epoch(train) [100][300/400]  base_lr: 1.0000e-02 lr: 5.1490e-03  eta: 1 day, 11:13:21  time: 3.3065  data_time: 0.0064  memory: 10703  grad_norm: 11.1121  loss: 20.6034  loss_cls: 4.3018  loss_bbox: 8.0408  loss_dfl: 8.2608
2025/07/06 04:16:15 - mmengine - INFO - Epoch(train) [100][350/400]  base_lr: 1.0000e-02 lr: 5.1490e-03  eta: 1 day, 11:10:59  time: 3.3099  data_time: 0.0061  memory: 10713  grad_norm: 11.0527  loss: 20.5297  loss_cls: 4.2606  loss_bbox: 8.0256  loss_dfl: 8.2435
2025/07/06 04:19:01 - mmengine - INFO - Exp name: yolov8_mambatransformer_enhance_20250705_110818
2025/07/06 04:19:01 - mmengine - INFO - Epoch(train) [100][400/400]  base_lr: 1.0000e-02 lr: 5.1490e-03  eta: 1 day, 11:08:37  time: 3.3104  data_time: 0.0060  memory: 10953  grad_norm: 10.8020  loss: 20.4697  loss_cls: 4.3135  loss_bbox: 8.0288  loss_dfl: 8.1274
2025/07/06 04:19:01 - mmengine - INFO - Saving checkpoint at 100 epochs
2025/07/06 04:19:09 - mmengine - INFO - Epoch(val) [100][ 50/800]    eta: 0:01:23  time: 0.1113  data_time: 0.0009  memory: 1000  
2025/07/06 04:19:15 - mmengine - INFO - Epoch(val) [100][100/800]    eta: 0:01:17  time: 0.1100  data_time: 0.0004  memory: 1000  
2025/07/06 04:19:20 - mmengine - INFO - Epoch(val) [100][150/800]    eta: 0:01:11  time: 0.1087  data_time: 0.0004  memory: 1000  
2025/07/06 04:19:26 - mmengine - INFO - Epoch(val) [100][200/800]    eta: 0:01:06  time: 0.1113  data_time: 0.0005  memory: 1000  
2025/07/06 04:19:31 - mmengine - INFO - Epoch(val) [100][250/800]    eta: 0:01:00  time: 0.1096  data_time: 0.0004  memory: 1000  
2025/07/06 04:19:37 - mmengine - INFO - Epoch(val) [100][300/800]    eta: 0:00:55  time: 0.1093  data_time: 0.0004  memory: 1000  
2025/07/06 04:19:42 - mmengine - INFO - Epoch(val) [100][350/800]    eta: 0:00:49  time: 0.1101  data_time: 0.0005  memory: 1000  
2025/07/06 04:19:48 - mmengine - INFO - Epoch(val) [100][400/800]    eta: 0:00:43  time: 0.1095  data_time: 0.0004  memory: 1000  
2025/07/06 04:19:53 - mmengine - INFO - Epoch(val) [100][450/800]    eta: 0:00:38  time: 0.0987  data_time: 0.0004  memory: 1000  
2025/07/06 04:19:57 - mmengine - INFO - Epoch(val) [100][500/800]    eta: 0:00:32  time: 0.0924  data_time: 0.0004  memory: 1000  
2025/07/06 04:20:02 - mmengine - INFO - Epoch(val) [100][550/800]    eta: 0:00:26  time: 0.0993  data_time: 0.0004  memory: 1000  
2025/07/06 04:20:07 - mmengine - INFO - Epoch(val) [100][600/800]    eta: 0:00:21  time: 0.0971  data_time: 0.0004  memory: 1000  
2025/07/06 04:20:13 - mmengine - INFO - Epoch(val) [100][650/800]    eta: 0:00:15  time: 0.1052  data_time: 0.0004  memory: 1000  
2025/07/06 04:20:18 - mmengine - INFO - Epoch(val) [100][700/800]    eta: 0:00:10  time: 0.1093  data_time: 0.0004  memory: 1000  
2025/07/06 04:20:23 - mmengine - INFO - Epoch(val) [100][750/800]    eta: 0:00:05  time: 0.0981  data_time: 0.0004  memory: 1000  
2025/07/06 04:20:28 - mmengine - INFO - Epoch(val) [100][800/800]    eta: 0:00:00  time: 0.0933  data_time: 0.0004  memory: 1000  
2025/07/06 04:20:29 - mmengine - INFO - Evaluating bbox...
2025/07/06 04:20:42 - mmengine - INFO - 
+-------------+-------+--------+--------+-------+-------+-------+
| category    | mAP   | mAP_50 | mAP_75 | mAP_s | mAP_m | mAP_l |
+-------------+-------+--------+--------+-------+-------+-------+
| car         | 0.702 | 0.967  | 0.858  | 0.483 | 0.731 | 0.0   |
| truck       | 0.526 | 0.74   | 0.639  | 0.07  | 0.525 | 0.568 |
| bus         | 0.749 | 0.957  | 0.895  | 0.003 | 0.715 | 0.809 |
| van         | 0.487 | 0.674  | 0.609  | 0.297 | 0.476 | 0.812 |
| freight_car | 0.487 | 0.679  | 0.587  | 0.173 | 0.479 | 0.546 |
+-------------+-------+--------+--------+-------+-------+-------+
2025/07/06 04:20:42 - mmengine - INFO - bbox_mAP_copypaste: 0.590 0.803 0.718 0.205 0.585 0.547
2025/07/06 04:20:42 - mmengine - INFO - Epoch(val) [100][800/800]    coco/car_precision: 0.7020  coco/truck_precision: 0.5260  coco/bus_precision: 0.7490  coco/van_precision: 0.4870  coco/freight_car_precision: 0.4870  coco/bbox_mAP: 0.5900  coco/bbox_mAP_50: 0.8030  coco/bbox_mAP_75: 0.7180  coco/bbox_mAP_s: 0.2050  coco/bbox_mAP_m: 0.5850  coco/bbox_mAP_l: 0.5470  data_time: 0.0005  time: 0.1046
2025/07/06 04:23:28 - mmengine - INFO - Epoch(train) [101][ 50/400]  base_lr: 1.0000e-02 lr: 5.0995e-03  eta: 1 day, 11:06:17  time: 3.3291  data_time: 0.0269  memory: 10847  grad_norm: 11.1284  loss: 20.3242  loss_cls: 4.2178  loss_bbox: 7.9786  loss_dfl: 8.1279
2025/07/06 04:26:14 - mmengine - INFO - Epoch(train) [101][100/400]  base_lr: 1.0000e-02 lr: 5.0995e-03  eta: 1 day, 11:03:56  time: 3.3136  data_time: 0.0072  memory: 10665  grad_norm: 10.7831  loss: 20.4401  loss_cls: 4.2439  loss_bbox: 8.0363  loss_dfl: 8.1600
2025/07/06 04:29:00 - mmengine - INFO - Epoch(train) [101][150/400]  base_lr: 1.0000e-02 lr: 5.0995e-03  eta: 1 day, 11:01:34  time: 3.3093  data_time: 0.0059  memory: 10852  grad_norm: 11.1097  loss: 20.7730  loss_cls: 4.3118  loss_bbox: 8.1651  loss_dfl: 8.2960
2025/07/06 04:31:45 - mmengine - INFO - Epoch(train) [101][200/400]  base_lr: 1.0000e-02 lr: 5.0995e-03  eta: 1 day, 10:59:12  time: 3.3135  data_time: 0.0060  memory: 10729  grad_norm: 10.6555  loss: 20.5585  loss_cls: 4.3423  loss_bbox: 8.0468  loss_dfl: 8.1694
2025/07/06 04:33:49 - mmengine - INFO - Epoch(train) [101][250/400]  base_lr: 1.0000e-02 lr: 5.0995e-03  eta: 1 day, 10:55:19  time: 2.4776  data_time: 0.0089  memory: 10825  grad_norm: 11.2938  loss: 20.9327  loss_cls: 4.4685  loss_bbox: 8.2334  loss_dfl: 8.2308
2025/07/06 04:35:53 - mmengine - INFO - Epoch(train) [101][300/400]  base_lr: 1.0000e-02 lr: 5.0995e-03  eta: 1 day, 10:51:25  time: 2.4692  data_time: 0.0098  memory: 10783  grad_norm: 10.8311  loss: 20.6168  loss_cls: 4.2961  loss_bbox: 8.0741  loss_dfl: 8.2466
2025/07/06 04:38:38 - mmengine - INFO - Epoch(train) [101][350/400]  base_lr: 1.0000e-02 lr: 5.0995e-03  eta: 1 day, 10:49:04  time: 3.3154  data_time: 0.0081  memory: 10713  grad_norm: 11.3965  loss: 20.6800  loss_cls: 4.4086  loss_bbox: 8.1196  loss_dfl: 8.1518
2025/07/06 04:41:24 - mmengine - INFO - Exp name: yolov8_mambatransformer_enhance_20250705_110818
2025/07/06 04:41:24 - mmengine - INFO - Epoch(train) [101][400/400]  base_lr: 1.0000e-02 lr: 5.0995e-03  eta: 1 day, 10:46:42  time: 3.3137  data_time: 0.0074  memory: 10810  grad_norm: 10.6403  loss: 20.3031  loss_cls: 4.2168  loss_bbox: 8.0047  loss_dfl: 8.0816
2025/07/06 04:41:24 - mmengine - INFO - Saving checkpoint at 101 epochs
2025/07/06 04:41:33 - mmengine - INFO - Epoch(val) [101][ 50/800]    eta: 0:01:17  time: 0.1035  data_time: 0.0009  memory: 1000  
2025/07/06 04:41:37 - mmengine - INFO - Epoch(val) [101][100/800]    eta: 0:01:09  time: 0.0944  data_time: 0.0004  memory: 1000  
2025/07/06 04:41:43 - mmengine - INFO - Epoch(val) [101][150/800]    eta: 0:01:07  time: 0.1127  data_time: 0.0004  memory: 1000  
2025/07/06 04:41:49 - mmengine - INFO - Epoch(val) [101][200/800]    eta: 0:01:03  time: 0.1119  data_time: 0.0004  memory: 1000  
2025/07/06 04:41:53 - mmengine - INFO - Epoch(val) [101][250/800]    eta: 0:00:56  time: 0.0935  data_time: 0.0004  memory: 1000  
2025/07/06 04:41:58 - mmengine - INFO - Epoch(val) [101][300/800]    eta: 0:00:50  time: 0.0922  data_time: 0.0004  memory: 1000  
2025/07/06 04:42:02 - mmengine - INFO - Epoch(val) [101][350/800]    eta: 0:00:44  time: 0.0914  data_time: 0.0004  memory: 1000  
2025/07/06 04:42:07 - mmengine - INFO - Epoch(val) [101][400/800]    eta: 0:00:39  time: 0.0987  data_time: 0.0004  memory: 1000  
2025/07/06 04:42:12 - mmengine - INFO - Epoch(val) [101][450/800]    eta: 0:00:34  time: 0.0919  data_time: 0.0004  memory: 1000  
2025/07/06 04:42:17 - mmengine - INFO - Epoch(val) [101][500/800]    eta: 0:00:29  time: 0.0934  data_time: 0.0004  memory: 1000  
2025/07/06 04:42:22 - mmengine - INFO - Epoch(val) [101][550/800]    eta: 0:00:24  time: 0.0996  data_time: 0.0004  memory: 1000  
2025/07/06 04:42:26 - mmengine - INFO - Epoch(val) [101][600/800]    eta: 0:00:19  time: 0.0927  data_time: 0.0004  memory: 1000  
2025/07/06 04:42:31 - mmengine - INFO - Epoch(val) [101][650/800]    eta: 0:00:14  time: 0.0925  data_time: 0.0004  memory: 1000  
2025/07/06 04:42:36 - mmengine - INFO - Epoch(val) [101][700/800]    eta: 0:00:09  time: 0.0930  data_time: 0.0004  memory: 1000  
2025/07/06 04:42:41 - mmengine - INFO - Epoch(val) [101][750/800]    eta: 0:00:04  time: 0.0987  data_time: 0.0004  memory: 1000  
2025/07/06 04:42:45 - mmengine - INFO - Epoch(val) [101][800/800]    eta: 0:00:00  time: 0.0925  data_time: 0.0003  memory: 1000  
2025/07/06 04:42:46 - mmengine - INFO - Evaluating bbox...
2025/07/06 04:42:59 - mmengine - INFO - 
+-------------+-------+--------+--------+-------+-------+-------+
| category    | mAP   | mAP_50 | mAP_75 | mAP_s | mAP_m | mAP_l |
+-------------+-------+--------+--------+-------+-------+-------+
| car         | 0.703 | 0.967  | 0.858  | 0.484 | 0.732 | 0.0   |
| truck       | 0.527 | 0.741  | 0.641  | 0.069 | 0.525 | 0.571 |
| bus         | 0.749 | 0.957  | 0.891  | 0.003 | 0.714 | 0.809 |
| van         | 0.489 | 0.677  | 0.611  | 0.298 | 0.478 | 0.812 |
| freight_car | 0.487 | 0.68   | 0.59   | 0.173 | 0.479 | 0.549 |
+-------------+-------+--------+--------+-------+-------+-------+
2025/07/06 04:42:59 - mmengine - INFO - bbox_mAP_copypaste: 0.591 0.804 0.718 0.205 0.586 0.548
2025/07/06 04:43:00 - mmengine - INFO - Epoch(val) [101][800/800]    coco/car_precision: 0.7030  coco/truck_precision: 0.5270  coco/bus_precision: 0.7490  coco/van_precision: 0.4890  coco/freight_car_precision: 0.4870  coco/bbox_mAP: 0.5910  coco/bbox_mAP_50: 0.8040  coco/bbox_mAP_75: 0.7180  coco/bbox_mAP_s: 0.2050  coco/bbox_mAP_m: 0.5860  coco/bbox_mAP_l: 0.5480  data_time: 0.0004  time: 0.0970
2025/07/06 04:43:00 - mmengine - INFO - The previous best checkpoint /data/nl/Mamba2Spectral/work_dirs/DroneVehicle/2025_06_30/yolov8_mambatransformer_enhance/best_coco_bbox_mAP_50_epoch_99.pth is removed
2025/07/06 04:43:02 - mmengine - INFO - The best checkpoint with 0.8040 coco/bbox_mAP_50 at 101 epoch is saved to best_coco_bbox_mAP_50_epoch_101.pth.
2025/07/06 04:45:54 - mmengine - INFO - Epoch(train) [102][ 50/400]  base_lr: 1.0000e-02 lr: 5.0500e-03  eta: 1 day, 10:44:23  time: 3.3370  data_time: 0.0272  memory: 11033  grad_norm: 11.1823  loss: 20.2197  loss_cls: 4.1942  loss_bbox: 7.9792  loss_dfl: 8.0463
2025/07/06 04:48:39 - mmengine - INFO - Epoch(train) [102][100/400]  base_lr: 1.0000e-02 lr: 5.0500e-03  eta: 1 day, 10:42:01  time: 3.3085  data_time: 0.0066  memory: 10777  grad_norm: 10.6132  loss: 20.1980  loss_cls: 4.2183  loss_bbox: 7.9205  loss_dfl: 8.0593
2025/07/06 04:51:25 - mmengine - INFO - Epoch(train) [102][150/400]  base_lr: 1.0000e-02 lr: 5.0500e-03  eta: 1 day, 10:39:39  time: 3.3171  data_time: 0.0065  memory: 10767  grad_norm: 10.8170  loss: 20.7184  loss_cls: 4.4323  loss_bbox: 8.1364  loss_dfl: 8.1497
2025/07/06 04:54:11 - mmengine - INFO - Epoch(train) [102][200/400]  base_lr: 1.0000e-02 lr: 5.0500e-03  eta: 1 day, 10:37:17  time: 3.3132  data_time: 0.0064  memory: 10836  grad_norm: 11.2222  loss: 20.3246  loss_cls: 4.2058  loss_bbox: 7.9555  loss_dfl: 8.1632
2025/07/06 04:56:56 - mmengine - INFO - Epoch(train) [102][250/400]  base_lr: 1.0000e-02 lr: 5.0500e-03  eta: 1 day, 10:34:54  time: 3.3122  data_time: 0.0063  memory: 10793  grad_norm: 11.7766  loss: 20.7218  loss_cls: 4.3623  loss_bbox: 8.1647  loss_dfl: 8.1948
2025/07/06 04:59:42 - mmengine - INFO - Epoch(train) [102][300/400]  base_lr: 1.0000e-02 lr: 5.0500e-03  eta: 1 day, 10:32:32  time: 3.3172  data_time: 0.0064  memory: 11012  grad_norm: 10.8371  loss: 20.3553  loss_cls: 4.2847  loss_bbox: 8.0132  loss_dfl: 8.0575
2025/07/06 05:02:19 - mmengine - INFO - Epoch(train) [102][350/400]  base_lr: 1.0000e-02 lr: 5.0500e-03  eta: 1 day, 10:29:51  time: 3.1361  data_time: 0.0067  memory: 10911  grad_norm: 11.2981  loss: 20.2540  loss_cls: 4.2123  loss_bbox: 7.9732  loss_dfl: 8.0685
2025/07/06 05:04:01 - mmengine - INFO - Exp name: yolov8_mambatransformer_enhance_20250705_110818
2025/07/06 05:04:01 - mmengine - INFO - Epoch(train) [102][400/400]  base_lr: 1.0000e-02 lr: 5.0500e-03  eta: 1 day, 10:25:16  time: 2.0451  data_time: 0.0084  memory: 10756  grad_norm: 11.2288  loss: 20.7112  loss_cls: 4.3498  loss_bbox: 8.1317  loss_dfl: 8.2297
2025/07/06 05:04:01 - mmengine - INFO - Saving checkpoint at 102 epochs
2025/07/06 05:04:11 - mmengine - INFO - Epoch(val) [102][ 50/800]    eta: 0:01:21  time: 0.1084  data_time: 0.0015  memory: 1000  
2025/07/06 05:04:16 - mmengine - INFO - Epoch(val) [102][100/800]    eta: 0:01:07  time: 0.0859  data_time: 0.0005  memory: 1000  
2025/07/06 05:04:19 - mmengine - INFO - Epoch(val) [102][150/800]    eta: 0:00:58  time: 0.0757  data_time: 0.0004  memory: 1000  
2025/07/06 05:04:23 - mmengine - INFO - Epoch(val) [102][200/800]    eta: 0:00:51  time: 0.0740  data_time: 0.0003  memory: 1000  
2025/07/06 05:04:27 - mmengine - INFO - Epoch(val) [102][250/800]    eta: 0:00:45  time: 0.0735  data_time: 0.0003  memory: 1000  
2025/07/06 05:04:32 - mmengine - INFO - Epoch(val) [102][300/800]    eta: 0:00:43  time: 0.1027  data_time: 0.0004  memory: 1000  
2025/07/06 05:04:37 - mmengine - INFO - Epoch(val) [102][350/800]    eta: 0:00:39  time: 0.0922  data_time: 0.0004  memory: 1000  
2025/07/06 05:04:41 - mmengine - INFO - Epoch(val) [102][400/800]    eta: 0:00:35  time: 0.0968  data_time: 0.0004  memory: 1000  
2025/07/06 05:04:46 - mmengine - INFO - Epoch(val) [102][450/800]    eta: 0:00:31  time: 0.0961  data_time: 0.0004  memory: 1000  
2025/07/06 05:04:52 - mmengine - INFO - Epoch(val) [102][500/800]    eta: 0:00:27  time: 0.1044  data_time: 0.0004  memory: 1000  
2025/07/06 05:04:57 - mmengine - INFO - Epoch(val) [102][550/800]    eta: 0:00:23  time: 0.1097  data_time: 0.0005  memory: 1000  
2025/07/06 05:05:03 - mmengine - INFO - Epoch(val) [102][600/800]    eta: 0:00:18  time: 0.1105  data_time: 0.0005  memory: 1000  
2025/07/06 05:05:08 - mmengine - INFO - Epoch(val) [102][650/800]    eta: 0:00:14  time: 0.1100  data_time: 0.0004  memory: 1000  
2025/07/06 05:05:14 - mmengine - INFO - Epoch(val) [102][700/800]    eta: 0:00:09  time: 0.1095  data_time: 0.0004  memory: 1000  
2025/07/06 05:05:19 - mmengine - INFO - Epoch(val) [102][750/800]    eta: 0:00:04  time: 0.1106  data_time: 0.0005  memory: 1000  
2025/07/06 05:05:25 - mmengine - INFO - Epoch(val) [102][800/800]    eta: 0:00:00  time: 0.1095  data_time: 0.0004  memory: 1000  
2025/07/06 05:05:26 - mmengine - INFO - Evaluating bbox...
2025/07/06 05:05:39 - mmengine - INFO - 
+-------------+-------+--------+--------+-------+-------+-------+
| category    | mAP   | mAP_50 | mAP_75 | mAP_s | mAP_m | mAP_l |
+-------------+-------+--------+--------+-------+-------+-------+
| car         | 0.703 | 0.967  | 0.858  | 0.485 | 0.732 | 0.0   |
| truck       | 0.528 | 0.743  | 0.643  | 0.068 | 0.527 | 0.572 |
| bus         | 0.75  | 0.957  | 0.891  | 0.003 | 0.716 | 0.809 |
| van         | 0.491 | 0.678  | 0.616  | 0.295 | 0.48  | 0.814 |
| freight_car | 0.487 | 0.681  | 0.59   | 0.173 | 0.479 | 0.554 |
+-------------+-------+--------+--------+-------+-------+-------+
2025/07/06 05:05:39 - mmengine - INFO - bbox_mAP_copypaste: 0.592 0.805 0.720 0.205 0.587 0.550
2025/07/06 05:05:39 - mmengine - INFO - Epoch(val) [102][800/800]    coco/car_precision: 0.7030  coco/truck_precision: 0.5280  coco/bus_precision: 0.7500  coco/van_precision: 0.4910  coco/freight_car_precision: 0.4870  coco/bbox_mAP: 0.5920  coco/bbox_mAP_50: 0.8050  coco/bbox_mAP_75: 0.7200  coco/bbox_mAP_s: 0.2050  coco/bbox_mAP_m: 0.5870  coco/bbox_mAP_l: 0.5500  data_time: 0.0005  time: 0.0981
2025/07/06 05:05:39 - mmengine - INFO - The previous best checkpoint /data/nl/Mamba2Spectral/work_dirs/DroneVehicle/2025_06_30/yolov8_mambatransformer_enhance/best_coco_bbox_mAP_50_epoch_101.pth is removed
2025/07/06 05:05:42 - mmengine - INFO - The best checkpoint with 0.8050 coco/bbox_mAP_50 at 102 epoch is saved to best_coco_bbox_mAP_50_epoch_102.pth.
2025/07/06 05:08:34 - mmengine - INFO - Epoch(train) [103][ 50/400]  base_lr: 1.0000e-02 lr: 5.0005e-03  eta: 1 day, 10:22:56  time: 3.3359  data_time: 0.0294  memory: 10980  grad_norm: 11.3450  loss: 20.5027  loss_cls: 4.2925  loss_bbox: 8.1244  loss_dfl: 8.0858
2025/07/06 05:11:19 - mmengine - INFO - Epoch(train) [103][100/400]  base_lr: 1.0000e-02 lr: 5.0005e-03  eta: 1 day, 10:20:34  time: 3.3120  data_time: 0.0061  memory: 10788  grad_norm: 11.1215  loss: 20.4811  loss_cls: 4.2982  loss_bbox: 8.0533  loss_dfl: 8.1296
2025/07/06 05:14:05 - mmengine - INFO - Epoch(train) [103][150/400]  base_lr: 1.0000e-02 lr: 5.0005e-03  eta: 1 day, 10:18:11  time: 3.3110  data_time: 0.0063  memory: 10991  grad_norm: 11.1093  loss: 20.4797  loss_cls: 4.2503  loss_bbox: 8.0683  loss_dfl: 8.1611
2025/07/06 05:16:50 - mmengine - INFO - Exp name: yolov8_mambatransformer_enhance_20250705_110818
2025/07/06 05:16:50 - mmengine - INFO - Epoch(train) [103][200/400]  base_lr: 1.0000e-02 lr: 5.0005e-03  eta: 1 day, 10:15:48  time: 3.3132  data_time: 0.0062  memory: 10916  grad_norm: 10.8837  loss: 20.6774  loss_cls: 4.3124  loss_bbox: 8.1975  loss_dfl: 8.1675
2025/07/06 05:19:36 - mmengine - INFO - Epoch(train) [103][250/400]  base_lr: 1.0000e-02 lr: 5.0005e-03  eta: 1 day, 10:13:25  time: 3.3131  data_time: 0.0060  memory: 11236  grad_norm: 11.2429  loss: 20.7637  loss_cls: 4.4111  loss_bbox: 8.1205  loss_dfl: 8.2321
2025/07/06 05:22:22 - mmengine - INFO - Epoch(train) [103][300/400]  base_lr: 1.0000e-02 lr: 5.0005e-03  eta: 1 day, 10:11:03  time: 3.3127  data_time: 0.0062  memory: 10943  grad_norm: 10.8907  loss: 20.6523  loss_cls: 4.3502  loss_bbox: 8.0575  loss_dfl: 8.2445
2025/07/06 05:25:08 - mmengine - INFO - Epoch(train) [103][350/400]  base_lr: 1.0000e-02 lr: 5.0005e-03  eta: 1 day, 10:08:40  time: 3.3168  data_time: 0.0073  memory: 10959  grad_norm: 11.7512  loss: 20.4315  loss_cls: 4.2731  loss_bbox: 8.1109  loss_dfl: 8.0475
2025/07/06 05:27:53 - mmengine - INFO - Exp name: yolov8_mambatransformer_enhance_20250705_110818
2025/07/06 05:27:53 - mmengine - INFO - Epoch(train) [103][400/400]  base_lr: 1.0000e-02 lr: 5.0005e-03  eta: 1 day, 10:06:17  time: 3.3107  data_time: 0.0063  memory: 10665  grad_norm: 11.5038  loss: 20.4861  loss_cls: 4.2940  loss_bbox: 8.0297  loss_dfl: 8.1624
2025/07/06 05:27:53 - mmengine - INFO - Saving checkpoint at 103 epochs
2025/07/06 05:28:02 - mmengine - INFO - Epoch(val) [103][ 50/800]    eta: 0:01:17  time: 0.1040  data_time: 0.0008  memory: 1000  
2025/07/06 05:28:06 - mmengine - INFO - Epoch(val) [103][100/800]    eta: 0:01:08  time: 0.0923  data_time: 0.0004  memory: 1000  
2025/07/06 05:28:11 - mmengine - INFO - Epoch(val) [103][150/800]    eta: 0:01:02  time: 0.0920  data_time: 0.0004  memory: 1000  
2025/07/06 05:28:16 - mmengine - INFO - Epoch(val) [103][200/800]    eta: 0:00:57  time: 0.0952  data_time: 0.0004  memory: 1000  
2025/07/06 05:28:21 - mmengine - INFO - Epoch(val) [103][250/800]    eta: 0:00:54  time: 0.1095  data_time: 0.0004  memory: 1000  
2025/07/06 05:28:26 - mmengine - INFO - Epoch(val) [103][300/800]    eta: 0:00:49  time: 0.1044  data_time: 0.0004  memory: 1000  
2025/07/06 05:28:32 - mmengine - INFO - Epoch(val) [103][350/800]    eta: 0:00:45  time: 0.1058  data_time: 0.0005  memory: 1000  
2025/07/06 05:28:37 - mmengine - INFO - Epoch(val) [103][400/800]    eta: 0:00:40  time: 0.1097  data_time: 0.0004  memory: 1000  
2025/07/06 05:28:43 - mmengine - INFO - Epoch(val) [103][450/800]    eta: 0:00:35  time: 0.1078  data_time: 0.0005  memory: 1000  
2025/07/06 05:28:48 - mmengine - INFO - Epoch(val) [103][500/800]    eta: 0:00:31  time: 0.1159  data_time: 0.0005  memory: 1000  
2025/07/06 05:28:54 - mmengine - INFO - Epoch(val) [103][550/800]    eta: 0:00:26  time: 0.1090  data_time: 0.0004  memory: 1000  
2025/07/06 05:29:00 - mmengine - INFO - Epoch(val) [103][600/800]    eta: 0:00:21  time: 0.1188  data_time: 0.0005  memory: 1000  
2025/07/06 05:29:06 - mmengine - INFO - Epoch(val) [103][650/800]    eta: 0:00:16  time: 0.1234  data_time: 0.0006  memory: 1000  
2025/07/06 05:29:12 - mmengine - INFO - Epoch(val) [103][700/800]    eta: 0:00:10  time: 0.1111  data_time: 0.0004  memory: 1000  
2025/07/06 05:29:18 - mmengine - INFO - Epoch(val) [103][750/800]    eta: 0:00:05  time: 0.1190  data_time: 0.0005  memory: 1000  
2025/07/06 05:29:23 - mmengine - INFO - Epoch(val) [103][800/800]    eta: 0:00:00  time: 0.1100  data_time: 0.0004  memory: 1000  
2025/07/06 05:29:24 - mmengine - INFO - Evaluating bbox...
2025/07/06 05:29:37 - mmengine - INFO - 
+-------------+-------+--------+--------+-------+-------+-------+
| category    | mAP   | mAP_50 | mAP_75 | mAP_s | mAP_m | mAP_l |
+-------------+-------+--------+--------+-------+-------+-------+
| car         | 0.703 | 0.967  | 0.859  | 0.485 | 0.732 | 0.0   |
| truck       | 0.528 | 0.743  | 0.643  | 0.067 | 0.527 | 0.569 |
| bus         | 0.751 | 0.957  | 0.893  | 0.003 | 0.717 | 0.81  |
| van         | 0.493 | 0.679  | 0.623  | 0.305 | 0.481 | 0.816 |
| freight_car | 0.486 | 0.681  | 0.582  | 0.176 | 0.478 | 0.554 |
+-------------+-------+--------+--------+-------+-------+-------+
2025/07/06 05:29:37 - mmengine - INFO - bbox_mAP_copypaste: 0.592 0.805 0.720 0.207 0.587 0.550
2025/07/06 05:29:38 - mmengine - INFO - Epoch(val) [103][800/800]    coco/car_precision: 0.7030  coco/truck_precision: 0.5280  coco/bus_precision: 0.7510  coco/van_precision: 0.4930  coco/freight_car_precision: 0.4860  coco/bbox_mAP: 0.5920  coco/bbox_mAP_50: 0.8050  coco/bbox_mAP_75: 0.7200  coco/bbox_mAP_s: 0.2070  coco/bbox_mAP_m: 0.5870  coco/bbox_mAP_l: 0.5500  data_time: 0.0005  time: 0.1080
2025/07/06 05:31:49 - mmengine - INFO - Epoch(train) [104][ 50/400]  base_lr: 1.0000e-02 lr: 4.9510e-03  eta: 1 day, 10:02:44  time: 2.6242  data_time: 0.0315  memory: 10905  grad_norm: 10.4675  loss: 20.2833  loss_cls: 4.1790  loss_bbox: 7.9713  loss_dfl: 8.1330
2025/07/06 05:33:37 - mmengine - INFO - Epoch(train) [104][100/400]  base_lr: 1.0000e-02 lr: 4.9510e-03  eta: 1 day, 9:58:25  time: 2.1549  data_time: 0.0076  memory: 10719  grad_norm: 11.0208  loss: 20.5354  loss_cls: 4.2989  loss_bbox: 8.1455  loss_dfl: 8.0910
2025/07/06 05:36:24 - mmengine - INFO - Epoch(train) [104][150/400]  base_lr: 1.0000e-02 lr: 4.9510e-03  eta: 1 day, 9:56:04  time: 3.3373  data_time: 0.0064  memory: 10777  grad_norm: 11.8615  loss: 20.9242  loss_cls: 4.4040  loss_bbox: 8.2356  loss_dfl: 8.2845
2025/07/06 05:39:10 - mmengine - INFO - Epoch(train) [104][200/400]  base_lr: 1.0000e-02 lr: 4.9510e-03  eta: 1 day, 9:53:44  time: 3.3391  data_time: 0.0066  memory: 10777  grad_norm: 10.9875  loss: 20.5220  loss_cls: 4.3442  loss_bbox: 8.0798  loss_dfl: 8.0981
2025/07/06 05:41:57 - mmengine - INFO - Epoch(train) [104][250/400]  base_lr: 1.0000e-02 lr: 4.9510e-03  eta: 1 day, 9:51:24  time: 3.3397  data_time: 0.0064  memory: 10799  grad_norm: 11.8970  loss: 20.4718  loss_cls: 4.2349  loss_bbox: 7.9871  loss_dfl: 8.2498
2025/07/06 05:44:44 - mmengine - INFO - Epoch(train) [104][300/400]  base_lr: 1.0000e-02 lr: 4.9510e-03  eta: 1 day, 9:49:03  time: 3.3379  data_time: 0.0062  memory: 10841  grad_norm: 11.3413  loss: 20.5896  loss_cls: 4.3661  loss_bbox: 8.0720  loss_dfl: 8.1515
2025/07/06 05:47:31 - mmengine - INFO - Epoch(train) [104][350/400]  base_lr: 1.0000e-02 lr: 4.9510e-03  eta: 1 day, 9:46:42  time: 3.3351  data_time: 0.0063  memory: 10772  grad_norm: 11.0928  loss: 20.6999  loss_cls: 4.3228  loss_bbox: 8.2493  loss_dfl: 8.1279
2025/07/06 05:50:18 - mmengine - INFO - Exp name: yolov8_mambatransformer_enhance_20250705_110818
2025/07/06 05:50:18 - mmengine - INFO - Epoch(train) [104][400/400]  base_lr: 1.0000e-02 lr: 4.9510e-03  eta: 1 day, 9:44:21  time: 3.3367  data_time: 0.0062  memory: 10852  grad_norm: 11.7060  loss: 20.8588  loss_cls: 4.3837  loss_bbox: 8.2662  loss_dfl: 8.2089
2025/07/06 05:50:18 - mmengine - INFO - Saving checkpoint at 104 epochs
2025/07/06 05:50:26 - mmengine - INFO - Epoch(val) [104][ 50/800]    eta: 0:01:19  time: 0.1066  data_time: 0.0009  memory: 1000  
2025/07/06 05:50:32 - mmengine - INFO - Epoch(val) [104][100/800]    eta: 0:01:18  time: 0.1167  data_time: 0.0004  memory: 1000  
2025/07/06 05:50:38 - mmengine - INFO - Epoch(val) [104][150/800]    eta: 0:01:12  time: 0.1122  data_time: 0.0004  memory: 1000  
2025/07/06 05:50:43 - mmengine - INFO - Epoch(val) [104][200/800]    eta: 0:01:05  time: 0.1033  data_time: 0.0004  memory: 1000  
2025/07/06 05:50:48 - mmengine - INFO - Epoch(val) [104][250/800]    eta: 0:00:59  time: 0.1023  data_time: 0.0004  memory: 1000  
2025/07/06 05:50:53 - mmengine - INFO - Epoch(val) [104][300/800]    eta: 0:00:53  time: 0.1035  data_time: 0.0004  memory: 1000  
2025/07/06 05:50:59 - mmengine - INFO - Epoch(val) [104][350/800]    eta: 0:00:48  time: 0.1101  data_time: 0.0004  memory: 1000  
2025/07/06 05:51:04 - mmengine - INFO - Epoch(val) [104][400/800]    eta: 0:00:43  time: 0.1103  data_time: 0.0004  memory: 1000  
2025/07/06 05:51:10 - mmengine - INFO - Epoch(val) [104][450/800]    eta: 0:00:37  time: 0.1100  data_time: 0.0004  memory: 1000  
2025/07/06 05:51:15 - mmengine - INFO - Epoch(val) [104][500/800]    eta: 0:00:32  time: 0.1103  data_time: 0.0004  memory: 1000  
2025/07/06 05:51:21 - mmengine - INFO - Epoch(val) [104][550/800]    eta: 0:00:27  time: 0.1096  data_time: 0.0004  memory: 1000  
2025/07/06 05:51:26 - mmengine - INFO - Epoch(val) [104][600/800]    eta: 0:00:21  time: 0.1097  data_time: 0.0004  memory: 1000  
2025/07/06 05:51:32 - mmengine - INFO - Epoch(val) [104][650/800]    eta: 0:00:16  time: 0.1103  data_time: 0.0004  memory: 1000  
2025/07/06 05:51:37 - mmengine - INFO - Epoch(val) [104][700/800]    eta: 0:00:10  time: 0.1096  data_time: 0.0004  memory: 1000  
2025/07/06 05:51:43 - mmengine - INFO - Epoch(val) [104][750/800]    eta: 0:00:05  time: 0.1104  data_time: 0.0004  memory: 1000  
2025/07/06 05:51:49 - mmengine - INFO - Epoch(val) [104][800/800]    eta: 0:00:00  time: 0.1102  data_time: 0.0004  memory: 1000  
2025/07/06 05:51:50 - mmengine - INFO - Evaluating bbox...
2025/07/06 05:52:03 - mmengine - INFO - 
+-------------+-------+--------+--------+-------+-------+-------+
| category    | mAP   | mAP_50 | mAP_75 | mAP_s | mAP_m | mAP_l |
+-------------+-------+--------+--------+-------+-------+-------+
| car         | 0.703 | 0.967  | 0.858  | 0.485 | 0.732 | 0.0   |
| truck       | 0.528 | 0.744  | 0.644  | 0.066 | 0.527 | 0.571 |
| bus         | 0.751 | 0.957  | 0.891  | 0.003 | 0.717 | 0.811 |
| van         | 0.498 | 0.686  | 0.624  | 0.3   | 0.483 | 0.835 |
| freight_car | 0.488 | 0.683  | 0.583  | 0.177 | 0.479 | 0.555 |
+-------------+-------+--------+--------+-------+-------+-------+
2025/07/06 05:52:03 - mmengine - INFO - bbox_mAP_copypaste: 0.594 0.808 0.720 0.206 0.588 0.554
2025/07/06 05:52:03 - mmengine - INFO - Epoch(val) [104][800/800]    coco/car_precision: 0.7030  coco/truck_precision: 0.5280  coco/bus_precision: 0.7510  coco/van_precision: 0.4980  coco/freight_car_precision: 0.4880  coco/bbox_mAP: 0.5940  coco/bbox_mAP_50: 0.8080  coco/bbox_mAP_75: 0.7200  coco/bbox_mAP_s: 0.2060  coco/bbox_mAP_m: 0.5880  coco/bbox_mAP_l: 0.5540  data_time: 0.0004  time: 0.1091
2025/07/06 05:52:03 - mmengine - INFO - The previous best checkpoint /data/nl/Mamba2Spectral/work_dirs/DroneVehicle/2025_06_30/yolov8_mambatransformer_enhance/best_coco_bbox_mAP_50_epoch_102.pth is removed
2025/07/06 05:52:05 - mmengine - INFO - The best checkpoint with 0.8080 coco/bbox_mAP_50 at 104 epoch is saved to best_coco_bbox_mAP_50_epoch_104.pth.
2025/07/06 05:54:58 - mmengine - INFO - Epoch(train) [105][ 50/400]  base_lr: 1.0000e-02 lr: 4.9015e-03  eta: 1 day, 9:42:02  time: 3.3579  data_time: 0.0261  memory: 10921  grad_norm: 11.3236  loss: 20.4375  loss_cls: 4.2914  loss_bbox: 8.0357  loss_dfl: 8.1103
2025/07/06 05:57:44 - mmengine - INFO - Epoch(train) [105][100/400]  base_lr: 1.0000e-02 lr: 4.9015e-03  eta: 1 day, 9:39:39  time: 3.3216  data_time: 0.0061  memory: 11039  grad_norm: 10.9140  loss: 20.5710  loss_cls: 4.3615  loss_bbox: 8.1264  loss_dfl: 8.0831
2025/07/06 06:00:29 - mmengine - INFO - Epoch(train) [105][150/400]  base_lr: 1.0000e-02 lr: 4.9015e-03  eta: 1 day, 9:37:13  time: 3.2902  data_time: 0.0066  memory: 10745  grad_norm: 11.4337  loss: 20.6391  loss_cls: 4.3954  loss_bbox: 8.1305  loss_dfl: 8.1132
2025/07/06 06:02:11 - mmengine - INFO - Epoch(train) [105][200/400]  base_lr: 1.0000e-02 lr: 4.9015e-03  eta: 1 day, 9:32:47  time: 2.0430  data_time: 0.0107  memory: 10687  grad_norm: 11.1783  loss: 20.2984  loss_cls: 4.2803  loss_bbox: 7.9292  loss_dfl: 8.0889
2025/07/06 06:04:29 - mmengine - INFO - Epoch(train) [105][250/400]  base_lr: 1.0000e-02 lr: 4.9015e-03  eta: 1 day, 9:29:30  time: 2.7573  data_time: 0.0079  memory: 10793  grad_norm: 11.6400  loss: 20.6338  loss_cls: 4.3313  loss_bbox: 8.1166  loss_dfl: 8.1858
2025/07/06 06:07:15 - mmengine - INFO - Epoch(train) [105][300/400]  base_lr: 1.0000e-02 lr: 4.9015e-03  eta: 1 day, 9:27:06  time: 3.3117  data_time: 0.0062  memory: 10847  grad_norm: 10.8642  loss: 20.2191  loss_cls: 4.2300  loss_bbox: 7.8856  loss_dfl: 8.1035
2025/07/06 06:10:00 - mmengine - INFO - Epoch(train) [105][350/400]  base_lr: 1.0000e-02 lr: 4.9015e-03  eta: 1 day, 9:24:43  time: 3.3139  data_time: 0.0064  memory: 10921  grad_norm: 11.6605  loss: 20.5524  loss_cls: 4.2884  loss_bbox: 8.0941  loss_dfl: 8.1699
2025/07/06 06:12:46 - mmengine - INFO - Exp name: yolov8_mambatransformer_enhance_20250705_110818
2025/07/06 06:12:46 - mmengine - INFO - Epoch(train) [105][400/400]  base_lr: 1.0000e-02 lr: 4.9015e-03  eta: 1 day, 9:22:19  time: 3.3153  data_time: 0.0065  memory: 10868  grad_norm: 12.0363  loss: 20.6204  loss_cls: 4.2994  loss_bbox: 8.0931  loss_dfl: 8.2279
2025/07/06 06:12:46 - mmengine - INFO - Saving checkpoint at 105 epochs
2025/07/06 06:12:55 - mmengine - INFO - Epoch(val) [105][ 50/800]    eta: 0:01:24  time: 0.1122  data_time: 0.0010  memory: 1000  
2025/07/06 06:13:00 - mmengine - INFO - Epoch(val) [105][100/800]    eta: 0:01:17  time: 0.1097  data_time: 0.0004  memory: 1000  
2025/07/06 06:13:06 - mmengine - INFO - Epoch(val) [105][150/800]    eta: 0:01:11  time: 0.1093  data_time: 0.0004  memory: 1000  
2025/07/06 06:13:11 - mmengine - INFO - Epoch(val) [105][200/800]    eta: 0:01:04  time: 0.1009  data_time: 0.0004  memory: 1000  
2025/07/06 06:13:16 - mmengine - INFO - Epoch(val) [105][250/800]    eta: 0:00:57  time: 0.0915  data_time: 0.0004  memory: 1000  
2025/07/06 06:13:20 - mmengine - INFO - Epoch(val) [105][300/800]    eta: 0:00:51  time: 0.0916  data_time: 0.0004  memory: 1000  
2025/07/06 06:13:25 - mmengine - INFO - Epoch(val) [105][350/800]    eta: 0:00:46  time: 0.1030  data_time: 0.0004  memory: 1000  
2025/07/06 06:13:31 - mmengine - INFO - Epoch(val) [105][400/800]    eta: 0:00:41  time: 0.1092  data_time: 0.0004  memory: 1000  
2025/07/06 06:13:36 - mmengine - INFO - Epoch(val) [105][450/800]    eta: 0:00:36  time: 0.1095  data_time: 0.0004  memory: 1000  
2025/07/06 06:13:42 - mmengine - INFO - Epoch(val) [105][500/800]    eta: 0:00:31  time: 0.1100  data_time: 0.0004  memory: 1000  
2025/07/06 06:13:47 - mmengine - INFO - Epoch(val) [105][550/800]    eta: 0:00:26  time: 0.1098  data_time: 0.0004  memory: 1000  
2025/07/06 06:13:53 - mmengine - INFO - Epoch(val) [105][600/800]    eta: 0:00:21  time: 0.1097  data_time: 0.0004  memory: 1000  
2025/07/06 06:13:58 - mmengine - INFO - Epoch(val) [105][650/800]    eta: 0:00:15  time: 0.1091  data_time: 0.0004  memory: 1000  
2025/07/06 06:14:04 - mmengine - INFO - Epoch(val) [105][700/800]    eta: 0:00:10  time: 0.1094  data_time: 0.0004  memory: 1000  
2025/07/06 06:14:09 - mmengine - INFO - Epoch(val) [105][750/800]    eta: 0:00:05  time: 0.1104  data_time: 0.0004  memory: 1000  
2025/07/06 06:14:15 - mmengine - INFO - Epoch(val) [105][800/800]    eta: 0:00:00  time: 0.1093  data_time: 0.0004  memory: 1000  
2025/07/06 06:14:16 - mmengine - INFO - Evaluating bbox...
2025/07/06 06:14:29 - mmengine - INFO - 
+-------------+-------+--------+--------+-------+-------+-------+
| category    | mAP   | mAP_50 | mAP_75 | mAP_s | mAP_m | mAP_l |
+-------------+-------+--------+--------+-------+-------+-------+
| car         | 0.703 | 0.967  | 0.859  | 0.486 | 0.732 | 0.0   |
| truck       | 0.53  | 0.746  | 0.645  | 0.069 | 0.53  | 0.573 |
| bus         | 0.751 | 0.957  | 0.892  | 0.003 | 0.717 | 0.81  |
| van         | 0.496 | 0.682  | 0.622  | 0.3   | 0.484 | 0.82  |
| freight_car | 0.489 | 0.685  | 0.587  | 0.176 | 0.481 | 0.558 |
+-------------+-------+--------+--------+-------+-------+-------+
2025/07/06 06:14:29 - mmengine - INFO - bbox_mAP_copypaste: 0.594 0.807 0.721 0.207 0.589 0.552
2025/07/06 06:14:29 - mmengine - INFO - Epoch(val) [105][800/800]    coco/car_precision: 0.7030  coco/truck_precision: 0.5300  coco/bus_precision: 0.7510  coco/van_precision: 0.4960  coco/freight_car_precision: 0.4890  coco/bbox_mAP: 0.5940  coco/bbox_mAP_50: 0.8070  coco/bbox_mAP_75: 0.7210  coco/bbox_mAP_s: 0.2070  coco/bbox_mAP_m: 0.5890  coco/bbox_mAP_l: 0.5520  data_time: 0.0004  time: 0.1065
2025/07/06 06:17:16 - mmengine - INFO - Epoch(train) [106][ 50/400]  base_lr: 1.0000e-02 lr: 4.8520e-03  eta: 1 day, 9:19:58  time: 3.3383  data_time: 0.0269  memory: 11140  grad_norm: 11.1030  loss: 20.5757  loss_cls: 4.2579  loss_bbox: 8.0355  loss_dfl: 8.2824
2025/07/06 06:20:01 - mmengine - INFO - Epoch(train) [106][100/400]  base_lr: 1.0000e-02 lr: 4.8520e-03  eta: 1 day, 9:17:34  time: 3.3160  data_time: 0.0065  memory: 10810  grad_norm: 11.0064  loss: 20.4328  loss_cls: 4.2644  loss_bbox: 8.1086  loss_dfl: 8.0598
2025/07/06 06:22:47 - mmengine - INFO - Epoch(train) [106][150/400]  base_lr: 1.0000e-02 lr: 4.8520e-03  eta: 1 day, 9:15:10  time: 3.3113  data_time: 0.0064  memory: 10745  grad_norm: 12.0465  loss: 20.7712  loss_cls: 4.3778  loss_bbox: 8.1088  loss_dfl: 8.2846
2025/07/06 06:25:33 - mmengine - INFO - Epoch(train) [106][200/400]  base_lr: 1.0000e-02 lr: 4.8520e-03  eta: 1 day, 9:12:46  time: 3.3160  data_time: 0.0071  memory: 10804  grad_norm: 12.0271  loss: 20.7876  loss_cls: 4.3390  loss_bbox: 8.1929  loss_dfl: 8.2557
2025/07/06 06:28:19 - mmengine - INFO - Epoch(train) [106][250/400]  base_lr: 1.0000e-02 lr: 4.8520e-03  eta: 1 day, 9:10:22  time: 3.3126  data_time: 0.0066  memory: 10810  grad_norm: 11.3073  loss: 20.4849  loss_cls: 4.2403  loss_bbox: 8.0027  loss_dfl: 8.2419
2025/07/06 06:30:43 - mmengine - INFO - Epoch(train) [106][300/400]  base_lr: 1.0000e-02 lr: 4.8520e-03  eta: 1 day, 9:07:18  time: 2.8836  data_time: 0.0070  memory: 10793  grad_norm: 11.8509  loss: 20.7981  loss_cls: 4.3420  loss_bbox: 8.2266  loss_dfl: 8.2295
2025/07/06 06:32:36 - mmengine - INFO - Epoch(train) [106][350/400]  base_lr: 1.0000e-02 lr: 4.8520e-03  eta: 1 day, 9:03:18  time: 2.2741  data_time: 0.0079  memory: 10783  grad_norm: 11.1192  loss: 20.3021  loss_cls: 4.1554  loss_bbox: 8.0331  loss_dfl: 8.1136
2025/07/06 06:35:22 - mmengine - INFO - Exp name: yolov8_mambatransformer_enhance_20250705_110818
2025/07/06 06:35:22 - mmengine - INFO - Epoch(train) [106][400/400]  base_lr: 1.0000e-02 lr: 4.8520e-03  eta: 1 day, 9:00:54  time: 3.3169  data_time: 0.0073  memory: 10900  grad_norm: 10.8227  loss: 20.2562  loss_cls: 4.2275  loss_bbox: 7.9228  loss_dfl: 8.1058
2025/07/06 06:35:22 - mmengine - INFO - Saving checkpoint at 106 epochs
2025/07/06 06:35:32 - mmengine - INFO - Epoch(val) [106][ 50/800]    eta: 0:01:30  time: 0.1210  data_time: 0.0029  memory: 1000  
2025/07/06 06:35:38 - mmengine - INFO - Epoch(val) [106][100/800]    eta: 0:01:22  time: 0.1141  data_time: 0.0020  memory: 1000  
2025/07/06 06:35:43 - mmengine - INFO - Epoch(val) [106][150/800]    eta: 0:01:14  time: 0.1094  data_time: 0.0004  memory: 1000  
2025/07/06 06:35:49 - mmengine - INFO - Epoch(val) [106][200/800]    eta: 0:01:08  time: 0.1103  data_time: 0.0004  memory: 1000  
2025/07/06 06:35:55 - mmengine - INFO - Epoch(val) [106][250/800]    eta: 0:01:02  time: 0.1108  data_time: 0.0004  memory: 1000  
2025/07/06 06:36:01 - mmengine - INFO - Epoch(val) [106][300/800]    eta: 0:00:57  time: 0.1257  data_time: 0.0004  memory: 1000  
2025/07/06 06:36:08 - mmengine - INFO - Epoch(val) [106][350/800]    eta: 0:00:53  time: 0.1381  data_time: 0.0004  memory: 1000  
2025/07/06 06:36:13 - mmengine - INFO - Epoch(val) [106][400/800]    eta: 0:00:46  time: 0.0956  data_time: 0.0004  memory: 1000  
2025/07/06 06:36:17 - mmengine - INFO - Epoch(val) [106][450/800]    eta: 0:00:39  time: 0.0902  data_time: 0.0003  memory: 1000  
2025/07/06 06:36:22 - mmengine - INFO - Epoch(val) [106][500/800]    eta: 0:00:33  time: 0.0978  data_time: 0.0004  memory: 1000  
2025/07/06 06:36:27 - mmengine - INFO - Epoch(val) [106][550/800]    eta: 0:00:27  time: 0.0918  data_time: 0.0004  memory: 1000  
2025/07/06 06:36:31 - mmengine - INFO - Epoch(val) [106][600/800]    eta: 0:00:21  time: 0.0930  data_time: 0.0004  memory: 1000  
2025/07/06 06:36:36 - mmengine - INFO - Epoch(val) [106][650/800]    eta: 0:00:16  time: 0.0923  data_time: 0.0004  memory: 1000  
2025/07/06 06:36:41 - mmengine - INFO - Epoch(val) [106][700/800]    eta: 0:00:10  time: 0.0970  data_time: 0.0004  memory: 1000  
2025/07/06 06:36:46 - mmengine - INFO - Epoch(val) [106][750/800]    eta: 0:00:05  time: 0.0974  data_time: 0.0004  memory: 1000  
2025/07/06 06:36:50 - mmengine - INFO - Epoch(val) [106][800/800]    eta: 0:00:00  time: 0.0922  data_time: 0.0003  memory: 1000  
2025/07/06 06:36:52 - mmengine - INFO - Evaluating bbox...
2025/07/06 06:37:04 - mmengine - INFO - 
+-------------+-------+--------+--------+-------+-------+-------+
| category    | mAP   | mAP_50 | mAP_75 | mAP_s | mAP_m | mAP_l |
+-------------+-------+--------+--------+-------+-------+-------+
| car         | 0.703 | 0.967  | 0.858  | 0.487 | 0.732 | 0.0   |
| truck       | 0.532 | 0.748  | 0.646  | 0.068 | 0.531 | 0.576 |
| bus         | 0.751 | 0.957  | 0.892  | 0.003 | 0.716 | 0.81  |
| van         | 0.497 | 0.683  | 0.622  | 0.301 | 0.485 | 0.822 |
| freight_car | 0.489 | 0.685  | 0.586  | 0.176 | 0.481 | 0.559 |
+-------------+-------+--------+--------+-------+-------+-------+
2025/07/06 06:37:04 - mmengine - INFO - bbox_mAP_copypaste: 0.594 0.808 0.721 0.207 0.589 0.553
2025/07/06 06:37:05 - mmengine - INFO - Epoch(val) [106][800/800]    coco/car_precision: 0.7030  coco/truck_precision: 0.5320  coco/bus_precision: 0.7510  coco/van_precision: 0.4970  coco/freight_car_precision: 0.4890  coco/bbox_mAP: 0.5940  coco/bbox_mAP_50: 0.8080  coco/bbox_mAP_75: 0.7210  coco/bbox_mAP_s: 0.2070  coco/bbox_mAP_m: 0.5890  coco/bbox_mAP_l: 0.5530  data_time: 0.0006  time: 0.1048
2025/07/06 06:39:51 - mmengine - INFO - Epoch(train) [107][ 50/400]  base_lr: 1.0000e-02 lr: 4.8025e-03  eta: 1 day, 8:58:32  time: 3.3315  data_time: 0.0272  memory: 10820  grad_norm: 11.8434  loss: 20.6132  loss_cls: 4.3047  loss_bbox: 8.1102  loss_dfl: 8.1983
2025/07/06 06:42:37 - mmengine - INFO - Epoch(train) [107][100/400]  base_lr: 1.0000e-02 lr: 4.8025e-03  eta: 1 day, 8:56:07  time: 3.3128  data_time: 0.0061  memory: 10831  grad_norm: 11.0419  loss: 20.3136  loss_cls: 4.2196  loss_bbox: 8.0253  loss_dfl: 8.0687
2025/07/06 06:45:23 - mmengine - INFO - Epoch(train) [107][150/400]  base_lr: 1.0000e-02 lr: 4.8025e-03  eta: 1 day, 8:53:43  time: 3.3170  data_time: 0.0067  memory: 10879  grad_norm: 10.8462  loss: 20.2665  loss_cls: 4.1501  loss_bbox: 7.9849  loss_dfl: 8.1314
2025/07/06 06:48:08 - mmengine - INFO - Epoch(train) [107][200/400]  base_lr: 1.0000e-02 lr: 4.8025e-03  eta: 1 day, 8:51:19  time: 3.3094  data_time: 0.0066  memory: 10810  grad_norm: 11.9164  loss: 20.5702  loss_cls: 4.4089  loss_bbox: 7.9594  loss_dfl: 8.2018
2025/07/06 06:50:54 - mmengine - INFO - Epoch(train) [107][250/400]  base_lr: 1.0000e-02 lr: 4.8025e-03  eta: 1 day, 8:48:55  time: 3.3182  data_time: 0.0062  memory: 10847  grad_norm: 10.8890  loss: 20.0590  loss_cls: 4.1751  loss_bbox: 7.9153  loss_dfl: 7.9686
2025/07/06 06:53:40 - mmengine - INFO - Epoch(train) [107][300/400]  base_lr: 1.0000e-02 lr: 4.8025e-03  eta: 1 day, 8:46:30  time: 3.3148  data_time: 0.0058  memory: 10943  grad_norm: 10.5745  loss: 20.0905  loss_cls: 4.0608  loss_bbox: 7.9687  loss_dfl: 8.0610
2025/07/06 06:56:25 - mmengine - INFO - Epoch(train) [107][350/400]  base_lr: 1.0000e-02 lr: 4.8025e-03  eta: 1 day, 8:44:05  time: 3.3102  data_time: 0.0060  memory: 10788  grad_norm: 10.9936  loss: 20.3277  loss_cls: 4.2417  loss_bbox: 8.0182  loss_dfl: 8.0678
2025/07/06 06:59:11 - mmengine - INFO - Exp name: yolov8_mambatransformer_enhance_20250705_110818
2025/07/06 06:59:11 - mmengine - INFO - Epoch(train) [107][400/400]  base_lr: 1.0000e-02 lr: 4.8025e-03  eta: 1 day, 8:41:40  time: 3.3107  data_time: 0.0071  memory: 10799  grad_norm: 12.0319  loss: 20.6429  loss_cls: 4.3017  loss_bbox: 8.1301  loss_dfl: 8.2111
2025/07/06 06:59:11 - mmengine - INFO - Saving checkpoint at 107 epochs
2025/07/06 06:59:21 - mmengine - INFO - Epoch(val) [107][ 50/800]    eta: 0:01:24  time: 0.1127  data_time: 0.0009  memory: 1000  
2025/07/06 06:59:28 - mmengine - INFO - Epoch(val) [107][100/800]    eta: 0:01:30  time: 0.1455  data_time: 0.0042  memory: 1000  
2025/07/06 06:59:35 - mmengine - INFO - Epoch(val) [107][150/800]    eta: 0:01:24  time: 0.1328  data_time: 0.0036  memory: 1000  
2025/07/06 06:59:42 - mmengine - INFO - Epoch(val) [107][200/800]    eta: 0:01:20  time: 0.1444  data_time: 0.0061  memory: 1000  
2025/07/06 06:59:49 - mmengine - INFO - Epoch(val) [107][250/800]    eta: 0:01:14  time: 0.1402  data_time: 0.0054  memory: 1000  
2025/07/06 06:59:55 - mmengine - INFO - Epoch(val) [107][300/800]    eta: 0:01:05  time: 0.1116  data_time: 0.0012  memory: 1000  
2025/07/06 07:00:00 - mmengine - INFO - Epoch(val) [107][350/800]    eta: 0:00:57  time: 0.1070  data_time: 0.0065  memory: 1000  
2025/07/06 07:00:06 - mmengine - INFO - Epoch(val) [107][400/800]    eta: 0:00:50  time: 0.1208  data_time: 0.0007  memory: 1000  
2025/07/06 07:00:12 - mmengine - INFO - Epoch(val) [107][450/800]    eta: 0:00:43  time: 0.1038  data_time: 0.0026  memory: 1000  
2025/07/06 07:00:17 - mmengine - INFO - Epoch(val) [107][500/800]    eta: 0:00:36  time: 0.1081  data_time: 0.0015  memory: 1000  
2025/07/06 07:00:24 - mmengine - INFO - Epoch(val) [107][550/800]    eta: 0:00:30  time: 0.1369  data_time: 0.0056  memory: 1000  
2025/07/06 07:00:31 - mmengine - INFO - Epoch(val) [107][600/800]    eta: 0:00:24  time: 0.1327  data_time: 0.0022  memory: 1000  
2025/07/06 07:00:36 - mmengine - INFO - Epoch(val) [107][650/800]    eta: 0:00:18  time: 0.1077  data_time: 0.0025  memory: 1000  
2025/07/06 07:00:42 - mmengine - INFO - Epoch(val) [107][700/800]    eta: 0:00:12  time: 0.1266  data_time: 0.0006  memory: 1000  
2025/07/06 07:00:48 - mmengine - INFO - Epoch(val) [107][750/800]    eta: 0:00:06  time: 0.1139  data_time: 0.0012  memory: 1000  
2025/07/06 07:00:53 - mmengine - INFO - Epoch(val) [107][800/800]    eta: 0:00:00  time: 0.1082  data_time: 0.0064  memory: 1000  
2025/07/06 07:00:55 - mmengine - INFO - Evaluating bbox...
2025/07/06 07:01:10 - mmengine - INFO - 
+-------------+-------+--------+--------+-------+-------+-------+
| category    | mAP   | mAP_50 | mAP_75 | mAP_s | mAP_m | mAP_l |
+-------------+-------+--------+--------+-------+-------+-------+
| car         | 0.703 | 0.967  | 0.858  | 0.486 | 0.732 | 0.0   |
| truck       | 0.532 | 0.749  | 0.646  | 0.068 | 0.531 | 0.576 |
| bus         | 0.751 | 0.957  | 0.893  | 0.003 | 0.716 | 0.812 |
| van         | 0.501 | 0.69   | 0.628  | 0.299 | 0.486 | 0.832 |
| freight_car | 0.491 | 0.687  | 0.587  | 0.176 | 0.482 | 0.561 |
+-------------+-------+--------+--------+-------+-------+-------+
2025/07/06 07:01:10 - mmengine - INFO - bbox_mAP_copypaste: 0.596 0.810 0.723 0.206 0.589 0.556
2025/07/06 07:01:10 - mmengine - INFO - Epoch(val) [107][800/800]    coco/car_precision: 0.7030  coco/truck_precision: 0.5320  coco/bus_precision: 0.7510  coco/van_precision: 0.5010  coco/freight_car_precision: 0.4910  coco/bbox_mAP: 0.5960  coco/bbox_mAP_50: 0.8100  coco/bbox_mAP_75: 0.7230  coco/bbox_mAP_s: 0.2060  coco/bbox_mAP_m: 0.5890  coco/bbox_mAP_l: 0.5560  data_time: 0.0032  time: 0.1220
2025/07/06 07:01:10 - mmengine - INFO - The previous best checkpoint /data/nl/Mamba2Spectral/work_dirs/DroneVehicle/2025_06_30/yolov8_mambatransformer_enhance/best_coco_bbox_mAP_50_epoch_104.pth is removed
2025/07/06 07:01:12 - mmengine - INFO - The best checkpoint with 0.8100 coco/bbox_mAP_50 at 107 epoch is saved to best_coco_bbox_mAP_50_epoch_107.pth.
2025/07/06 07:03:52 - mmengine - INFO - Epoch(train) [108][ 50/400]  base_lr: 1.0000e-02 lr: 4.7530e-03  eta: 1 day, 8:38:56  time: 3.0944  data_time: 0.0286  memory: 10788  grad_norm: 11.6948  loss: 20.5791  loss_cls: 4.3067  loss_bbox: 8.1165  loss_dfl: 8.1559
2025/07/06 07:06:37 - mmengine - INFO - Epoch(train) [108][100/400]  base_lr: 1.0000e-02 lr: 4.7530e-03  eta: 1 day, 8:36:31  time: 3.3179  data_time: 0.0067  memory: 10975  grad_norm: 10.9090  loss: 20.3714  loss_cls: 4.1709  loss_bbox: 8.0730  loss_dfl: 8.1275
2025/07/06 07:09:23 - mmengine - INFO - Epoch(train) [108][150/400]  base_lr: 1.0000e-02 lr: 4.7530e-03  eta: 1 day, 8:34:06  time: 3.3135  data_time: 0.0060  memory: 10937  grad_norm: 11.6204  loss: 20.7180  loss_cls: 4.2928  loss_bbox: 8.1666  loss_dfl: 8.2587
2025/07/06 07:12:09 - mmengine - INFO - Exp name: yolov8_mambatransformer_enhance_20250705_110818
2025/07/06 07:12:09 - mmengine - INFO - Epoch(train) [108][200/400]  base_lr: 1.0000e-02 lr: 4.7530e-03  eta: 1 day, 8:31:41  time: 3.3140  data_time: 0.0073  memory: 10735  grad_norm: 11.4273  loss: 20.2352  loss_cls: 4.1842  loss_bbox: 7.9686  loss_dfl: 8.0824
2025/07/06 07:14:55 - mmengine - INFO - Epoch(train) [108][250/400]  base_lr: 1.0000e-02 lr: 4.7530e-03  eta: 1 day, 8:29:16  time: 3.3154  data_time: 0.0060  memory: 10761  grad_norm: 11.4434  loss: 20.1255  loss_cls: 4.1930  loss_bbox: 7.9427  loss_dfl: 7.9898
2025/07/06 07:17:40 - mmengine - INFO - Epoch(train) [108][300/400]  base_lr: 1.0000e-02 lr: 4.7530e-03  eta: 1 day, 8:26:51  time: 3.3133  data_time: 0.0061  memory: 10815  grad_norm: 11.4144  loss: 20.2777  loss_cls: 4.1780  loss_bbox: 7.9260  loss_dfl: 8.1737
2025/07/06 07:20:26 - mmengine - INFO - Epoch(train) [108][350/400]  base_lr: 1.0000e-02 lr: 4.7530e-03  eta: 1 day, 8:24:26  time: 3.3152  data_time: 0.0060  memory: 10937  grad_norm: 11.8525  loss: 20.5035  loss_cls: 4.2618  loss_bbox: 8.0682  loss_dfl: 8.1734
2025/07/06 07:23:12 - mmengine - INFO - Exp name: yolov8_mambatransformer_enhance_20250705_110818
2025/07/06 07:23:12 - mmengine - INFO - Epoch(train) [108][400/400]  base_lr: 1.0000e-02 lr: 4.7530e-03  eta: 1 day, 8:22:00  time: 3.3122  data_time: 0.0069  memory: 10729  grad_norm: 11.7649  loss: 20.3531  loss_cls: 4.1929  loss_bbox: 7.9880  loss_dfl: 8.1723
2025/07/06 07:23:12 - mmengine - INFO - Saving checkpoint at 108 epochs
2025/07/06 07:23:23 - mmengine - INFO - Epoch(val) [108][ 50/800]    eta: 0:01:38  time: 0.1320  data_time: 0.0019  memory: 1000  
2025/07/06 07:23:29 - mmengine - INFO - Epoch(val) [108][100/800]    eta: 0:01:30  time: 0.1265  data_time: 0.0010  memory: 1000  
2025/07/06 07:23:36 - mmengine - INFO - Epoch(val) [108][150/800]    eta: 0:01:24  time: 0.1326  data_time: 0.0016  memory: 1000  
2025/07/06 07:23:42 - mmengine - INFO - Epoch(val) [108][200/800]    eta: 0:01:17  time: 0.1227  data_time: 0.0004  memory: 1000  
2025/07/06 07:23:49 - mmengine - INFO - Epoch(val) [108][250/800]    eta: 0:01:10  time: 0.1292  data_time: 0.0006  memory: 1000  
2025/07/06 07:23:53 - mmengine - INFO - Epoch(val) [108][300/800]    eta: 0:01:01  time: 0.0931  data_time: 0.0004  memory: 1000  
2025/07/06 07:23:58 - mmengine - INFO - Epoch(val) [108][350/800]    eta: 0:00:53  time: 0.0939  data_time: 0.0004  memory: 1000  
2025/07/06 07:24:03 - mmengine - INFO - Epoch(val) [108][400/800]    eta: 0:00:46  time: 0.0930  data_time: 0.0004  memory: 1000  
2025/07/06 07:24:07 - mmengine - INFO - Epoch(val) [108][450/800]    eta: 0:00:39  time: 0.0930  data_time: 0.0004  memory: 1000  
2025/07/06 07:24:12 - mmengine - INFO - Epoch(val) [108][500/800]    eta: 0:00:33  time: 0.0965  data_time: 0.0004  memory: 1000  
2025/07/06 07:24:17 - mmengine - INFO - Epoch(val) [108][550/800]    eta: 0:00:27  time: 0.0962  data_time: 0.0004  memory: 1000  
2025/07/06 07:24:22 - mmengine - INFO - Epoch(val) [108][600/800]    eta: 0:00:21  time: 0.1013  data_time: 0.0004  memory: 1000  
2025/07/06 07:24:28 - mmengine - INFO - Epoch(val) [108][650/800]    eta: 0:00:16  time: 0.1118  data_time: 0.0004  memory: 1000  
2025/07/06 07:24:33 - mmengine - INFO - Epoch(val) [108][700/800]    eta: 0:00:10  time: 0.1108  data_time: 0.0004  memory: 1000  
2025/07/06 07:24:39 - mmengine - INFO - Epoch(val) [108][750/800]    eta: 0:00:05  time: 0.1114  data_time: 0.0005  memory: 1000  
2025/07/06 07:24:44 - mmengine - INFO - Epoch(val) [108][800/800]    eta: 0:00:00  time: 0.1103  data_time: 0.0004  memory: 1000  
2025/07/06 07:24:46 - mmengine - INFO - Evaluating bbox...
2025/07/06 07:24:59 - mmengine - INFO - 
+-------------+-------+--------+--------+-------+-------+-------+
| category    | mAP   | mAP_50 | mAP_75 | mAP_s | mAP_m | mAP_l |
+-------------+-------+--------+--------+-------+-------+-------+
| car         | 0.703 | 0.967  | 0.859  | 0.486 | 0.732 | 0.0   |
| truck       | 0.532 | 0.75   | 0.643  | 0.068 | 0.532 | 0.575 |
| bus         | 0.751 | 0.957  | 0.892  | 0.003 | 0.716 | 0.813 |
| van         | 0.502 | 0.69   | 0.629  | 0.302 | 0.486 | 0.833 |
| freight_car | 0.492 | 0.687  | 0.589  | 0.18  | 0.483 | 0.563 |
+-------------+-------+--------+--------+-------+-------+-------+
2025/07/06 07:24:59 - mmengine - INFO - bbox_mAP_copypaste: 0.596 0.810 0.722 0.208 0.590 0.557
2025/07/06 07:24:59 - mmengine - INFO - Epoch(val) [108][800/800]    coco/car_precision: 0.7030  coco/truck_precision: 0.5320  coco/bus_precision: 0.7510  coco/van_precision: 0.5020  coco/freight_car_precision: 0.4920  coco/bbox_mAP: 0.5960  coco/bbox_mAP_50: 0.8100  coco/bbox_mAP_75: 0.7220  coco/bbox_mAP_s: 0.2080  coco/bbox_mAP_m: 0.5900  coco/bbox_mAP_l: 0.5570  data_time: 0.0006  time: 0.1096
2025/07/06 07:27:45 - mmengine - INFO - Epoch(train) [109][ 50/400]  base_lr: 1.0000e-02 lr: 4.7035e-03  eta: 1 day, 8:19:36  time: 3.3340  data_time: 0.0284  memory: 10863  grad_norm: 11.1459  loss: 20.2543  loss_cls: 4.1635  loss_bbox: 8.0349  loss_dfl: 8.0559
2025/07/06 07:29:50 - mmengine - INFO - Epoch(train) [109][100/400]  base_lr: 1.0000e-02 lr: 4.7035e-03  eta: 1 day, 8:16:00  time: 2.5001  data_time: 0.0070  memory: 10847  grad_norm: 10.7066  loss: 20.1672  loss_cls: 4.1495  loss_bbox: 7.9578  loss_dfl: 8.0599
2025/07/06 07:31:56 - mmengine - INFO - Epoch(train) [109][150/400]  base_lr: 1.0000e-02 lr: 4.7035e-03  eta: 1 day, 8:12:26  time: 2.5082  data_time: 0.0068  memory: 10810  grad_norm: 10.9906  loss: 19.9631  loss_cls: 4.0989  loss_bbox: 7.8472  loss_dfl: 8.0170
2025/07/06 07:34:41 - mmengine - INFO - Epoch(train) [109][200/400]  base_lr: 1.0000e-02 lr: 4.7035e-03  eta: 1 day, 8:10:00  time: 3.3073  data_time: 0.0064  memory: 10793  grad_norm: 11.2812  loss: 20.1975  loss_cls: 4.1274  loss_bbox: 8.0064  loss_dfl: 8.0638
2025/07/06 07:37:27 - mmengine - INFO - Epoch(train) [109][250/400]  base_lr: 1.0000e-02 lr: 4.7035e-03  eta: 1 day, 8:07:35  time: 3.3193  data_time: 0.0071  memory: 10895  grad_norm: 11.4551  loss: 20.3595  loss_cls: 4.1339  loss_bbox: 8.0680  loss_dfl: 8.1577
2025/07/06 07:40:13 - mmengine - INFO - Epoch(train) [109][300/400]  base_lr: 1.0000e-02 lr: 4.7035e-03  eta: 1 day, 8:05:09  time: 3.3149  data_time: 0.0062  memory: 10788  grad_norm: 12.1511  loss: 20.4582  loss_cls: 4.2312  loss_bbox: 8.0119  loss_dfl: 8.2150
2025/07/06 07:42:59 - mmengine - INFO - Epoch(train) [109][350/400]  base_lr: 1.0000e-02 lr: 4.7035e-03  eta: 1 day, 8:02:44  time: 3.3117  data_time: 0.0061  memory: 10975  grad_norm: 11.3981  loss: 20.5033  loss_cls: 4.1915  loss_bbox: 8.0860  loss_dfl: 8.2258
2025/07/06 07:45:44 - mmengine - INFO - Exp name: yolov8_mambatransformer_enhance_20250705_110818
2025/07/06 07:45:44 - mmengine - INFO - Epoch(train) [109][400/400]  base_lr: 1.0000e-02 lr: 4.7035e-03  eta: 1 day, 8:00:18  time: 3.3127  data_time: 0.0060  memory: 10873  grad_norm: 11.1356  loss: 20.2328  loss_cls: 4.1820  loss_bbox: 7.9486  loss_dfl: 8.1022
2025/07/06 07:45:44 - mmengine - INFO - Saving checkpoint at 109 epochs
2025/07/06 07:45:52 - mmengine - INFO - Epoch(val) [109][ 50/800]    eta: 0:01:12  time: 0.0963  data_time: 0.0009  memory: 1000  
2025/07/06 07:45:57 - mmengine - INFO - Epoch(val) [109][100/800]    eta: 0:01:08  time: 0.0992  data_time: 0.0004  memory: 1000  
2025/07/06 07:46:02 - mmengine - INFO - Epoch(val) [109][150/800]    eta: 0:01:02  time: 0.0909  data_time: 0.0004  memory: 1000  
2025/07/06 07:46:07 - mmengine - INFO - Epoch(val) [109][200/800]    eta: 0:00:57  time: 0.0979  data_time: 0.0004  memory: 1000  
2025/07/06 07:46:11 - mmengine - INFO - Epoch(val) [109][250/800]    eta: 0:00:52  time: 0.0930  data_time: 0.0004  memory: 1000  
2025/07/06 07:46:16 - mmengine - INFO - Epoch(val) [109][300/800]    eta: 0:00:47  time: 0.0916  data_time: 0.0004  memory: 1000  
2025/07/06 07:46:21 - mmengine - INFO - Epoch(val) [109][350/800]    eta: 0:00:42  time: 0.0906  data_time: 0.0003  memory: 1000  
2025/07/06 07:46:25 - mmengine - INFO - Epoch(val) [109][400/800]    eta: 0:00:37  time: 0.0919  data_time: 0.0004  memory: 1000  
2025/07/06 07:46:30 - mmengine - INFO - Epoch(val) [109][450/800]    eta: 0:00:32  time: 0.0921  data_time: 0.0004  memory: 1000  
2025/07/06 07:46:35 - mmengine - INFO - Epoch(val) [109][500/800]    eta: 0:00:28  time: 0.0978  data_time: 0.0004  memory: 1000  
2025/07/06 07:46:40 - mmengine - INFO - Epoch(val) [109][550/800]    eta: 0:00:23  time: 0.0967  data_time: 0.0004  memory: 1000  
2025/07/06 07:46:46 - mmengine - INFO - Epoch(val) [109][600/800]    eta: 0:00:19  time: 0.1221  data_time: 0.0005  memory: 1000  
2025/07/06 07:46:52 - mmengine - INFO - Epoch(val) [109][650/800]    eta: 0:00:14  time: 0.1269  data_time: 0.0015  memory: 1000  
2025/07/06 07:46:58 - mmengine - INFO - Epoch(val) [109][700/800]    eta: 0:00:10  time: 0.1228  data_time: 0.0032  memory: 1000  
2025/07/06 07:47:04 - mmengine - INFO - Epoch(val) [109][750/800]    eta: 0:00:05  time: 0.1244  data_time: 0.0043  memory: 1000  
2025/07/06 07:47:11 - mmengine - INFO - Epoch(val) [109][800/800]    eta: 0:00:00  time: 0.1251  data_time: 0.0005  memory: 1000  
2025/07/06 07:47:12 - mmengine - INFO - Evaluating bbox...
2025/07/06 07:47:26 - mmengine - INFO - 
+-------------+-------+--------+--------+-------+-------+-------+
| category    | mAP   | mAP_50 | mAP_75 | mAP_s | mAP_m | mAP_l |
+-------------+-------+--------+--------+-------+-------+-------+
| car         | 0.703 | 0.967  | 0.859  | 0.487 | 0.732 | 0.0   |
| truck       | 0.532 | 0.75   | 0.643  | 0.068 | 0.532 | 0.575 |
| bus         | 0.752 | 0.957  | 0.891  | 0.003 | 0.716 | 0.814 |
| van         | 0.503 | 0.691  | 0.629  | 0.301 | 0.488 | 0.834 |
| freight_car | 0.492 | 0.687  | 0.587  | 0.18  | 0.482 | 0.565 |
+-------------+-------+--------+--------+-------+-------+-------+
2025/07/06 07:47:26 - mmengine - INFO - bbox_mAP_copypaste: 0.596 0.811 0.722 0.208 0.590 0.558
2025/07/06 07:47:26 - mmengine - INFO - Epoch(val) [109][800/800]    coco/car_precision: 0.7030  coco/truck_precision: 0.5320  coco/bus_precision: 0.7520  coco/van_precision: 0.5030  coco/freight_car_precision: 0.4920  coco/bbox_mAP: 0.5960  coco/bbox_mAP_50: 0.8110  coco/bbox_mAP_75: 0.7220  coco/bbox_mAP_s: 0.2080  coco/bbox_mAP_m: 0.5900  coco/bbox_mAP_l: 0.5580  data_time: 0.0009  time: 0.1037
2025/07/06 07:47:26 - mmengine - INFO - The previous best checkpoint /data/nl/Mamba2Spectral/work_dirs/DroneVehicle/2025_06_30/yolov8_mambatransformer_enhance/best_coco_bbox_mAP_50_epoch_107.pth is removed
2025/07/06 07:47:29 - mmengine - INFO - The best checkpoint with 0.8110 coco/bbox_mAP_50 at 109 epoch is saved to best_coco_bbox_mAP_50_epoch_109.pth.
2025/07/06 07:50:21 - mmengine - INFO - Epoch(train) [110][ 50/400]  base_lr: 1.0000e-02 lr: 4.6540e-03  eta: 1 day, 7:57:54  time: 3.3347  data_time: 0.0306  memory: 10788  grad_norm: 12.2652  loss: 20.3308  loss_cls: 4.2083  loss_bbox: 7.9910  loss_dfl: 8.1315
2025/07/06 07:53:07 - mmengine - INFO - Epoch(train) [110][100/400]  base_lr: 1.0000e-02 lr: 4.6540e-03  eta: 1 day, 7:55:28  time: 3.3115  data_time: 0.0062  memory: 10751  grad_norm: 11.6400  loss: 20.1427  loss_cls: 4.2162  loss_bbox: 7.8231  loss_dfl: 8.1034
2025/07/06 07:55:52 - mmengine - INFO - Epoch(train) [110][150/400]  base_lr: 1.0000e-02 lr: 4.6540e-03  eta: 1 day, 7:53:02  time: 3.3129  data_time: 0.0065  memory: 10777  grad_norm: 11.3721  loss: 20.2275  loss_cls: 4.1553  loss_bbox: 8.0050  loss_dfl: 8.0671
2025/07/06 07:58:23 - mmengine - INFO - Epoch(train) [110][200/400]  base_lr: 1.0000e-02 lr: 4.6540e-03  eta: 1 day, 7:50:11  time: 3.0211  data_time: 0.0074  memory: 11039  grad_norm: 11.6402  loss: 20.2503  loss_cls: 4.1792  loss_bbox: 7.9692  loss_dfl: 8.1018
2025/07/06 08:00:05 - mmengine - INFO - Epoch(train) [110][250/400]  base_lr: 1.0000e-02 lr: 4.6540e-03  eta: 1 day, 7:46:00  time: 2.0399  data_time: 0.0095  memory: 10857  grad_norm: 12.2209  loss: 20.4385  loss_cls: 4.2634  loss_bbox: 8.1254  loss_dfl: 8.0497
2025/07/06 08:02:35 - mmengine - INFO - Epoch(train) [110][300/400]  base_lr: 1.0000e-02 lr: 4.6540e-03  eta: 1 day, 7:43:08  time: 2.9948  data_time: 0.0077  memory: 11028  grad_norm: 11.6857  loss: 20.3182  loss_cls: 4.2778  loss_bbox: 7.9765  loss_dfl: 8.0639
2025/07/06 08:05:21 - mmengine - INFO - Epoch(train) [110][350/400]  base_lr: 1.0000e-02 lr: 4.6540e-03  eta: 1 day, 7:40:42  time: 3.3138  data_time: 0.0072  memory: 10927  grad_norm: 12.0649  loss: 20.3487  loss_cls: 4.2043  loss_bbox: 8.0080  loss_dfl: 8.1365
2025/07/06 08:08:06 - mmengine - INFO - Exp name: yolov8_mambatransformer_enhance_20250705_110818
2025/07/06 08:08:06 - mmengine - INFO - Epoch(train) [110][400/400]  base_lr: 1.0000e-02 lr: 4.6540e-03  eta: 1 day, 7:38:16  time: 3.3117  data_time: 0.0063  memory: 10692  grad_norm: 11.6159  loss: 20.4560  loss_cls: 4.2372  loss_bbox: 8.1038  loss_dfl: 8.1150
2025/07/06 08:08:06 - mmengine - INFO - Saving checkpoint at 110 epochs
2025/07/06 08:08:15 - mmengine - INFO - Epoch(val) [110][ 50/800]    eta: 0:01:12  time: 0.0970  data_time: 0.0009  memory: 1000  
2025/07/06 08:08:20 - mmengine - INFO - Epoch(val) [110][100/800]    eta: 0:01:10  time: 0.1049  data_time: 0.0004  memory: 1000  
2025/07/06 08:08:25 - mmengine - INFO - Epoch(val) [110][150/800]    eta: 0:01:04  time: 0.0965  data_time: 0.0004  memory: 1000  
2025/07/06 08:08:30 - mmengine - INFO - Epoch(val) [110][200/800]    eta: 0:00:59  time: 0.0958  data_time: 0.0004  memory: 1000  
2025/07/06 08:08:34 - mmengine - INFO - Epoch(val) [110][250/800]    eta: 0:00:54  time: 0.0969  data_time: 0.0004  memory: 1000  
2025/07/06 08:08:39 - mmengine - INFO - Epoch(val) [110][300/800]    eta: 0:00:49  time: 0.1018  data_time: 0.0004  memory: 1000  
2025/07/06 08:08:45 - mmengine - INFO - Epoch(val) [110][350/800]    eta: 0:00:45  time: 0.1079  data_time: 0.0004  memory: 1000  
2025/07/06 08:08:50 - mmengine - INFO - Epoch(val) [110][400/800]    eta: 0:00:40  time: 0.1103  data_time: 0.0004  memory: 1000  
2025/07/06 08:08:56 - mmengine - INFO - Epoch(val) [110][450/800]    eta: 0:00:36  time: 0.1149  data_time: 0.0004  memory: 1000  
2025/07/06 08:09:02 - mmengine - INFO - Epoch(val) [110][500/800]    eta: 0:00:31  time: 0.1197  data_time: 0.0004  memory: 1000  
2025/07/06 08:09:08 - mmengine - INFO - Epoch(val) [110][550/800]    eta: 0:00:26  time: 0.1204  data_time: 0.0004  memory: 1000  
2025/07/06 08:09:14 - mmengine - INFO - Epoch(val) [110][600/800]    eta: 0:00:21  time: 0.1201  data_time: 0.0004  memory: 1000  
2025/07/06 08:09:20 - mmengine - INFO - Epoch(val) [110][650/800]    eta: 0:00:16  time: 0.1204  data_time: 0.0004  memory: 1000  
2025/07/06 08:09:26 - mmengine - INFO - Epoch(val) [110][700/800]    eta: 0:00:10  time: 0.1205  data_time: 0.0005  memory: 1000  
2025/07/06 08:09:32 - mmengine - INFO - Epoch(val) [110][750/800]    eta: 0:00:05  time: 0.1199  data_time: 0.0004  memory: 1000  
2025/07/06 08:09:38 - mmengine - INFO - Epoch(val) [110][800/800]    eta: 0:00:00  time: 0.1086  data_time: 0.0005  memory: 1000  
2025/07/06 08:09:39 - mmengine - INFO - Evaluating bbox...
2025/07/06 08:09:52 - mmengine - INFO - 
+-------------+-------+--------+--------+-------+-------+-------+
| category    | mAP   | mAP_50 | mAP_75 | mAP_s | mAP_m | mAP_l |
+-------------+-------+--------+--------+-------+-------+-------+
| car         | 0.703 | 0.967  | 0.859  | 0.487 | 0.733 | 0.0   |
| truck       | 0.534 | 0.751  | 0.646  | 0.067 | 0.533 | 0.578 |
| bus         | 0.752 | 0.957  | 0.896  | 0.003 | 0.716 | 0.813 |
| van         | 0.504 | 0.692  | 0.629  | 0.301 | 0.489 | 0.836 |
| freight_car | 0.492 | 0.687  | 0.589  | 0.18  | 0.481 | 0.566 |
+-------------+-------+--------+--------+-------+-------+-------+
2025/07/06 08:09:52 - mmengine - INFO - bbox_mAP_copypaste: 0.597 0.811 0.724 0.207 0.590 0.559
2025/07/06 08:09:52 - mmengine - INFO - Epoch(val) [110][800/800]    coco/car_precision: 0.7030  coco/truck_precision: 0.5340  coco/bus_precision: 0.7520  coco/van_precision: 0.5040  coco/freight_car_precision: 0.4920  coco/bbox_mAP: 0.5970  coco/bbox_mAP_50: 0.8110  coco/bbox_mAP_75: 0.7240  coco/bbox_mAP_s: 0.2070  coco/bbox_mAP_m: 0.5900  coco/bbox_mAP_l: 0.5590  data_time: 0.0005  time: 0.1097
2025/07/06 08:12:39 - mmengine - INFO - Epoch(train) [111][ 50/400]  base_lr: 1.0000e-02 lr: 4.6045e-03  eta: 1 day, 7:35:52  time: 3.3347  data_time: 0.0283  memory: 10687  grad_norm: 11.1231  loss: 20.3083  loss_cls: 4.2361  loss_bbox: 7.9944  loss_dfl: 8.0778
2025/07/06 08:15:24 - mmengine - INFO - Epoch(train) [111][100/400]  base_lr: 1.0000e-02 lr: 4.6045e-03  eta: 1 day, 7:33:26  time: 3.3154  data_time: 0.0072  memory: 10825  grad_norm: 11.6630  loss: 20.2175  loss_cls: 4.2269  loss_bbox: 7.8965  loss_dfl: 8.0941
2025/07/06 08:18:10 - mmengine - INFO - Epoch(train) [111][150/400]  base_lr: 1.0000e-02 lr: 4.6045e-03  eta: 1 day, 7:30:59  time: 3.3121  data_time: 0.0065  memory: 10681  grad_norm: 12.5336  loss: 20.4747  loss_cls: 4.2456  loss_bbox: 8.0388  loss_dfl: 8.1902
2025/07/06 08:20:56 - mmengine - INFO - Epoch(train) [111][200/400]  base_lr: 1.0000e-02 lr: 4.6045e-03  eta: 1 day, 7:28:33  time: 3.3147  data_time: 0.0069  memory: 10975  grad_norm: 11.9738  loss: 20.4149  loss_cls: 4.2126  loss_bbox: 8.0285  loss_dfl: 8.1738
2025/07/06 08:23:41 - mmengine - INFO - Epoch(train) [111][250/400]  base_lr: 1.0000e-02 lr: 4.6045e-03  eta: 1 day, 7:26:07  time: 3.3113  data_time: 0.0077  memory: 10676  grad_norm: 11.8762  loss: 20.2812  loss_cls: 4.1350  loss_bbox: 8.0283  loss_dfl: 8.1179
2025/07/06 08:26:27 - mmengine - INFO - Epoch(train) [111][300/400]  base_lr: 1.0000e-02 lr: 4.6045e-03  eta: 1 day, 7:23:40  time: 3.3116  data_time: 0.0067  memory: 10810  grad_norm: 12.3979  loss: 20.6680  loss_cls: 4.3427  loss_bbox: 8.1390  loss_dfl: 8.1863
2025/07/06 08:28:36 - mmengine - INFO - Epoch(train) [111][350/400]  base_lr: 1.0000e-02 lr: 4.6045e-03  eta: 1 day, 7:20:16  time: 2.5876  data_time: 0.0078  memory: 10767  grad_norm: 11.5925  loss: 20.3305  loss_cls: 4.2568  loss_bbox: 8.0162  loss_dfl: 8.0575
2025/07/06 08:30:29 - mmengine - INFO - Exp name: yolov8_mambatransformer_enhance_20250705_110818
2025/07/06 08:30:29 - mmengine - INFO - Epoch(train) [111][400/400]  base_lr: 1.0000e-02 lr: 4.6045e-03  eta: 1 day, 7:16:24  time: 2.2427  data_time: 0.0078  memory: 10708  grad_norm: 11.6706  loss: 20.3363  loss_cls: 4.1874  loss_bbox: 8.0237  loss_dfl: 8.1252
2025/07/06 08:30:29 - mmengine - INFO - Saving checkpoint at 111 epochs
2025/07/06 08:30:37 - mmengine - INFO - Epoch(val) [111][ 50/800]    eta: 0:01:11  time: 0.0958  data_time: 0.0008  memory: 1000  
2025/07/06 08:30:41 - mmengine - INFO - Epoch(val) [111][100/800]    eta: 0:01:05  time: 0.0916  data_time: 0.0004  memory: 1000  
2025/07/06 08:30:46 - mmengine - INFO - Epoch(val) [111][150/800]    eta: 0:01:00  time: 0.0919  data_time: 0.0004  memory: 1000  
2025/07/06 08:30:50 - mmengine - INFO - Epoch(val) [111][200/800]    eta: 0:00:55  time: 0.0923  data_time: 0.0003  memory: 1000  
2025/07/06 08:30:55 - mmengine - INFO - Epoch(val) [111][250/800]    eta: 0:00:50  time: 0.0920  data_time: 0.0004  memory: 1000  
2025/07/06 08:31:00 - mmengine - INFO - Epoch(val) [111][300/800]    eta: 0:00:47  time: 0.1070  data_time: 0.0004  memory: 1000  
2025/07/06 08:31:06 - mmengine - INFO - Epoch(val) [111][350/800]    eta: 0:00:43  time: 0.1100  data_time: 0.0004  memory: 1000  
2025/07/06 08:31:11 - mmengine - INFO - Epoch(val) [111][400/800]    eta: 0:00:39  time: 0.1048  data_time: 0.0004  memory: 1000  
2025/07/06 08:31:16 - mmengine - INFO - Epoch(val) [111][450/800]    eta: 0:00:34  time: 0.0920  data_time: 0.0004  memory: 1000  
2025/07/06 08:31:20 - mmengine - INFO - Epoch(val) [111][500/800]    eta: 0:00:29  time: 0.0923  data_time: 0.0004  memory: 1000  
2025/07/06 08:31:25 - mmengine - INFO - Epoch(val) [111][550/800]    eta: 0:00:24  time: 0.0984  data_time: 0.0004  memory: 1000  
2025/07/06 08:31:30 - mmengine - INFO - Epoch(val) [111][600/800]    eta: 0:00:19  time: 0.0926  data_time: 0.0004  memory: 1000  
2025/07/06 08:31:35 - mmengine - INFO - Epoch(val) [111][650/800]    eta: 0:00:14  time: 0.0935  data_time: 0.0004  memory: 1000  
2025/07/06 08:31:39 - mmengine - INFO - Epoch(val) [111][700/800]    eta: 0:00:09  time: 0.0925  data_time: 0.0004  memory: 1000  
2025/07/06 08:31:44 - mmengine - INFO - Epoch(val) [111][750/800]    eta: 0:00:04  time: 0.0916  data_time: 0.0003  memory: 1000  
2025/07/06 08:31:49 - mmengine - INFO - Epoch(val) [111][800/800]    eta: 0:00:00  time: 0.1099  data_time: 0.0004  memory: 1000  
2025/07/06 08:31:51 - mmengine - INFO - Evaluating bbox...
2025/07/06 08:32:03 - mmengine - INFO - 
+-------------+-------+--------+--------+-------+-------+-------+
| category    | mAP   | mAP_50 | mAP_75 | mAP_s | mAP_m | mAP_l |
+-------------+-------+--------+--------+-------+-------+-------+
| car         | 0.704 | 0.967  | 0.859  | 0.487 | 0.733 | 0.0   |
| truck       | 0.534 | 0.751  | 0.647  | 0.067 | 0.533 | 0.578 |
| bus         | 0.752 | 0.957  | 0.895  | 0.002 | 0.716 | 0.813 |
| van         | 0.504 | 0.692  | 0.629  | 0.297 | 0.49  | 0.836 |
| freight_car | 0.492 | 0.689  | 0.586  | 0.18  | 0.481 | 0.566 |
+-------------+-------+--------+--------+-------+-------+-------+
2025/07/06 08:32:03 - mmengine - INFO - bbox_mAP_copypaste: 0.597 0.811 0.723 0.207 0.591 0.559
2025/07/06 08:32:03 - mmengine - INFO - Epoch(val) [111][800/800]    coco/car_precision: 0.7040  coco/truck_precision: 0.5340  coco/bus_precision: 0.7520  coco/van_precision: 0.5040  coco/freight_car_precision: 0.4920  coco/bbox_mAP: 0.5970  coco/bbox_mAP_50: 0.8110  coco/bbox_mAP_75: 0.7230  coco/bbox_mAP_s: 0.2070  coco/bbox_mAP_m: 0.5910  coco/bbox_mAP_l: 0.5590  data_time: 0.0004  time: 0.0968
2025/07/06 08:34:50 - mmengine - INFO - Epoch(train) [112][ 50/400]  base_lr: 1.0000e-02 lr: 4.5550e-03  eta: 1 day, 7:13:59  time: 3.3279  data_time: 0.0279  memory: 10820  grad_norm: 11.5677  loss: 20.1406  loss_cls: 4.1501  loss_bbox: 7.9104  loss_dfl: 8.0801
2025/07/06 08:37:35 - mmengine - INFO - Epoch(train) [112][100/400]  base_lr: 1.0000e-02 lr: 4.5550e-03  eta: 1 day, 7:11:33  time: 3.3100  data_time: 0.0075  memory: 10810  grad_norm: 11.7317  loss: 20.3419  loss_cls: 4.1843  loss_bbox: 7.9582  loss_dfl: 8.1994
2025/07/06 08:40:21 - mmengine - INFO - Epoch(train) [112][150/400]  base_lr: 1.0000e-02 lr: 4.5550e-03  eta: 1 day, 7:09:06  time: 3.3130  data_time: 0.0065  memory: 10713  grad_norm: 11.2256  loss: 20.1663  loss_cls: 4.1591  loss_bbox: 7.9241  loss_dfl: 8.0830
2025/07/06 08:43:07 - mmengine - INFO - Epoch(train) [112][200/400]  base_lr: 1.0000e-02 lr: 4.5550e-03  eta: 1 day, 7:06:40  time: 3.3111  data_time: 0.0066  memory: 10975  grad_norm: 12.1474  loss: 20.5153  loss_cls: 4.2721  loss_bbox: 8.0266  loss_dfl: 8.2167
2025/07/06 08:45:52 - mmengine - INFO - Epoch(train) [112][250/400]  base_lr: 1.0000e-02 lr: 4.5550e-03  eta: 1 day, 7:04:13  time: 3.3137  data_time: 0.0067  memory: 10820  grad_norm: 11.9803  loss: 20.2625  loss_cls: 4.2243  loss_bbox: 7.8705  loss_dfl: 8.1677
2025/07/06 08:48:38 - mmengine - INFO - Epoch(train) [112][300/400]  base_lr: 1.0000e-02 lr: 4.5550e-03  eta: 1 day, 7:01:47  time: 3.3159  data_time: 0.0074  memory: 10847  grad_norm: 11.6001  loss: 20.2154  loss_cls: 4.2032  loss_bbox: 7.8947  loss_dfl: 8.1174
2025/07/06 08:51:24 - mmengine - INFO - Epoch(train) [112][350/400]  base_lr: 1.0000e-02 lr: 4.5550e-03  eta: 1 day, 6:59:20  time: 3.3151  data_time: 0.0069  memory: 10964  grad_norm: 11.8008  loss: 20.1090  loss_cls: 4.1977  loss_bbox: 7.8246  loss_dfl: 8.0866
2025/07/06 08:54:10 - mmengine - INFO - Exp name: yolov8_mambatransformer_enhance_20250705_110818
2025/07/06 08:54:10 - mmengine - INFO - Epoch(train) [112][400/400]  base_lr: 1.0000e-02 lr: 4.5550e-03  eta: 1 day, 6:56:53  time: 3.3137  data_time: 0.0065  memory: 10810  grad_norm: 11.1562  loss: 19.7286  loss_cls: 3.9921  loss_bbox: 7.7234  loss_dfl: 8.0131
2025/07/06 08:54:10 - mmengine - INFO - Saving checkpoint at 112 epochs
2025/07/06 08:54:18 - mmengine - INFO - Epoch(val) [112][ 50/800]    eta: 0:01:20  time: 0.1074  data_time: 0.0011  memory: 1000  
2025/07/06 08:54:23 - mmengine - INFO - Epoch(val) [112][100/800]    eta: 0:01:15  time: 0.1081  data_time: 0.0004  memory: 1000  
2025/07/06 08:54:29 - mmengine - INFO - Epoch(val) [112][150/800]    eta: 0:01:11  time: 0.1128  data_time: 0.0005  memory: 1000  
2025/07/06 08:54:34 - mmengine - INFO - Epoch(val) [112][200/800]    eta: 0:01:05  time: 0.1059  data_time: 0.0004  memory: 1000  
2025/07/06 08:54:39 - mmengine - INFO - Epoch(val) [112][250/800]    eta: 0:00:58  time: 0.1004  data_time: 0.0004  memory: 1000  
2025/07/06 08:54:45 - mmengine - INFO - Epoch(val) [112][300/800]    eta: 0:00:53  time: 0.1048  data_time: 0.0004  memory: 1000  
2025/07/06 08:54:49 - mmengine - INFO - Epoch(val) [112][350/800]    eta: 0:00:46  time: 0.0902  data_time: 0.0003  memory: 1000  
2025/07/06 08:54:55 - mmengine - INFO - Epoch(val) [112][400/800]    eta: 0:00:41  time: 0.1059  data_time: 0.0004  memory: 1000  
2025/07/06 08:55:00 - mmengine - INFO - Epoch(val) [112][450/800]    eta: 0:00:36  time: 0.1026  data_time: 0.0005  memory: 1000  
2025/07/06 08:55:05 - mmengine - INFO - Epoch(val) [112][500/800]    eta: 0:00:31  time: 0.0990  data_time: 0.0004  memory: 1000  
2025/07/06 08:55:10 - mmengine - INFO - Epoch(val) [112][550/800]    eta: 0:00:26  time: 0.1111  data_time: 0.0004  memory: 1000  
2025/07/06 08:55:16 - mmengine - INFO - Epoch(val) [112][600/800]    eta: 0:00:20  time: 0.1108  data_time: 0.0006  memory: 1000  
2025/07/06 08:55:21 - mmengine - INFO - Epoch(val) [112][650/800]    eta: 0:00:15  time: 0.1102  data_time: 0.0004  memory: 1000  
2025/07/06 08:55:27 - mmengine - INFO - Epoch(val) [112][700/800]    eta: 0:00:10  time: 0.1105  data_time: 0.0004  memory: 1000  
2025/07/06 08:55:32 - mmengine - INFO - Epoch(val) [112][750/800]    eta: 0:00:05  time: 0.1098  data_time: 0.0004  memory: 1000  
2025/07/06 08:55:38 - mmengine - INFO - Epoch(val) [112][800/800]    eta: 0:00:00  time: 0.1102  data_time: 0.0004  memory: 1000  
2025/07/06 08:55:39 - mmengine - INFO - Evaluating bbox...
2025/07/06 08:55:51 - mmengine - INFO - 
+-------------+-------+--------+--------+-------+-------+-------+
| category    | mAP   | mAP_50 | mAP_75 | mAP_s | mAP_m | mAP_l |
+-------------+-------+--------+--------+-------+-------+-------+
| car         | 0.704 | 0.967  | 0.858  | 0.487 | 0.733 | 0.0   |
| truck       | 0.534 | 0.751  | 0.647  | 0.067 | 0.533 | 0.578 |
| bus         | 0.752 | 0.957  | 0.896  | 0.002 | 0.717 | 0.813 |
| van         | 0.504 | 0.692  | 0.63   | 0.291 | 0.49  | 0.845 |
| freight_car | 0.491 | 0.689  | 0.588  | 0.18  | 0.48  | 0.566 |
+-------------+-------+--------+--------+-------+-------+-------+
2025/07/06 08:55:51 - mmengine - INFO - bbox_mAP_copypaste: 0.597 0.811 0.724 0.206 0.590 0.560
2025/07/06 08:55:51 - mmengine - INFO - Epoch(val) [112][800/800]    coco/car_precision: 0.7040  coco/truck_precision: 0.5340  coco/bus_precision: 0.7520  coco/van_precision: 0.5040  coco/freight_car_precision: 0.4910  coco/bbox_mAP: 0.5970  coco/bbox_mAP_50: 0.8110  coco/bbox_mAP_75: 0.7240  coco/bbox_mAP_s: 0.2060  coco/bbox_mAP_m: 0.5900  coco/bbox_mAP_l: 0.5600  data_time: 0.0005  time: 0.1062
2025/07/06 08:57:41 - mmengine - INFO - Epoch(train) [113][ 50/400]  base_lr: 1.0000e-02 lr: 4.5055e-03  eta: 1 day, 6:53:01  time: 2.1973  data_time: 0.0283  memory: 10692  grad_norm: 11.5535  loss: 20.2486  loss_cls: 4.2038  loss_bbox: 7.9458  loss_dfl: 8.0990
2025/07/06 09:00:00 - mmengine - INFO - Epoch(train) [113][100/400]  base_lr: 1.0000e-02 lr: 4.5055e-03  eta: 1 day, 6:49:53  time: 2.7730  data_time: 0.0065  memory: 10810  grad_norm: 11.3217  loss: 20.2906  loss_cls: 4.1753  loss_bbox: 8.0411  loss_dfl: 8.0741
2025/07/06 09:02:47 - mmengine - INFO - Epoch(train) [113][150/400]  base_lr: 1.0000e-02 lr: 4.5055e-03  eta: 1 day, 6:47:28  time: 3.3359  data_time: 0.0059  memory: 10772  grad_norm: 11.8722  loss: 20.2473  loss_cls: 4.3167  loss_bbox: 7.8534  loss_dfl: 8.0772
2025/07/06 09:05:34 - mmengine - INFO - Exp name: yolov8_mambatransformer_enhance_20250705_110818
2025/07/06 09:05:34 - mmengine - INFO - Epoch(train) [113][200/400]  base_lr: 1.0000e-02 lr: 4.5055e-03  eta: 1 day, 6:45:03  time: 3.3388  data_time: 0.0060  memory: 11087  grad_norm: 11.6923  loss: 20.1493  loss_cls: 4.0868  loss_bbox: 8.0082  loss_dfl: 8.0544
2025/07/06 09:08:21 - mmengine - INFO - Epoch(train) [113][250/400]  base_lr: 1.0000e-02 lr: 4.5055e-03  eta: 1 day, 6:42:38  time: 3.3384  data_time: 0.0064  memory: 10975  grad_norm: 11.1246  loss: 19.9291  loss_cls: 4.0617  loss_bbox: 7.8427  loss_dfl: 8.0246
2025/07/06 09:11:08 - mmengine - INFO - Epoch(train) [113][300/400]  base_lr: 1.0000e-02 lr: 4.5055e-03  eta: 1 day, 6:40:13  time: 3.3399  data_time: 0.0063  memory: 10772  grad_norm: 11.8947  loss: 20.3260  loss_cls: 4.1981  loss_bbox: 8.0040  loss_dfl: 8.1240
2025/07/06 09:13:55 - mmengine - INFO - Epoch(train) [113][350/400]  base_lr: 1.0000e-02 lr: 4.5055e-03  eta: 1 day, 6:37:48  time: 3.3350  data_time: 0.0060  memory: 10793  grad_norm: 11.9610  loss: 20.4012  loss_cls: 4.2049  loss_bbox: 8.0729  loss_dfl: 8.1234
2025/07/06 09:16:41 - mmengine - INFO - Exp name: yolov8_mambatransformer_enhance_20250705_110818
2025/07/06 09:16:41 - mmengine - INFO - Epoch(train) [113][400/400]  base_lr: 1.0000e-02 lr: 4.5055e-03  eta: 1 day, 6:35:23  time: 3.3350  data_time: 0.0058  memory: 10873  grad_norm: 10.6953  loss: 20.1773  loss_cls: 4.0084  loss_bbox: 8.1000  loss_dfl: 8.0689
2025/07/06 09:16:41 - mmengine - INFO - Saving checkpoint at 113 epochs
2025/07/06 09:16:50 - mmengine - INFO - Epoch(val) [113][ 50/800]    eta: 0:01:20  time: 0.1068  data_time: 0.0009  memory: 1000  
2025/07/06 09:16:55 - mmengine - INFO - Epoch(val) [113][100/800]    eta: 0:01:12  time: 0.0994  data_time: 0.0004  memory: 1000  
2025/07/06 09:17:00 - mmengine - INFO - Epoch(val) [113][150/800]    eta: 0:01:08  time: 0.1106  data_time: 0.0004  memory: 1000  
2025/07/06 09:17:06 - mmengine - INFO - Epoch(val) [113][200/800]    eta: 0:01:03  time: 0.1096  data_time: 0.0004  memory: 1000  
2025/07/06 09:17:11 - mmengine - INFO - Epoch(val) [113][250/800]    eta: 0:00:59  time: 0.1103  data_time: 0.0004  memory: 1000  
2025/07/06 09:17:17 - mmengine - INFO - Epoch(val) [113][300/800]    eta: 0:00:53  time: 0.1102  data_time: 0.0004  memory: 1000  
2025/07/06 09:17:22 - mmengine - INFO - Epoch(val) [113][350/800]    eta: 0:00:48  time: 0.1093  data_time: 0.0004  memory: 1000  
2025/07/06 09:17:28 - mmengine - INFO - Epoch(val) [113][400/800]    eta: 0:00:43  time: 0.1098  data_time: 0.0004  memory: 1000  
2025/07/06 09:17:34 - mmengine - INFO - Epoch(val) [113][450/800]    eta: 0:00:38  time: 0.1115  data_time: 0.0004  memory: 1000  
2025/07/06 09:17:39 - mmengine - INFO - Epoch(val) [113][500/800]    eta: 0:00:32  time: 0.1095  data_time: 0.0004  memory: 1000  
2025/07/06 09:17:45 - mmengine - INFO - Epoch(val) [113][550/800]    eta: 0:00:27  time: 0.1104  data_time: 0.0004  memory: 1000  
2025/07/06 09:17:50 - mmengine - INFO - Epoch(val) [113][600/800]    eta: 0:00:21  time: 0.1109  data_time: 0.0004  memory: 1000  
2025/07/06 09:17:56 - mmengine - INFO - Epoch(val) [113][650/800]    eta: 0:00:16  time: 0.1092  data_time: 0.0004  memory: 1000  
2025/07/06 09:18:01 - mmengine - INFO - Epoch(val) [113][700/800]    eta: 0:00:10  time: 0.1106  data_time: 0.0004  memory: 1000  
2025/07/06 09:18:07 - mmengine - INFO - Epoch(val) [113][750/800]    eta: 0:00:05  time: 0.1106  data_time: 0.0004  memory: 1000  
2025/07/06 09:18:12 - mmengine - INFO - Epoch(val) [113][800/800]    eta: 0:00:00  time: 0.1090  data_time: 0.0004  memory: 1000  
2025/07/06 09:18:13 - mmengine - INFO - Evaluating bbox...
2025/07/06 09:18:26 - mmengine - INFO - 
+-------------+-------+--------+--------+-------+-------+-------+
| category    | mAP   | mAP_50 | mAP_75 | mAP_s | mAP_m | mAP_l |
+-------------+-------+--------+--------+-------+-------+-------+
| car         | 0.704 | 0.967  | 0.858  | 0.487 | 0.733 | 0.0   |
| truck       | 0.535 | 0.753  | 0.649  | 0.067 | 0.533 | 0.581 |
| bus         | 0.753 | 0.958  | 0.896  | 0.002 | 0.716 | 0.816 |
| van         | 0.505 | 0.693  | 0.631  | 0.292 | 0.491 | 0.842 |
| freight_car | 0.492 | 0.689  | 0.586  | 0.181 | 0.481 | 0.568 |
+-------------+-------+--------+--------+-------+-------+-------+
2025/07/06 09:18:26 - mmengine - INFO - bbox_mAP_copypaste: 0.598 0.812 0.724 0.206 0.591 0.561
2025/07/06 09:18:26 - mmengine - INFO - Epoch(val) [113][800/800]    coco/car_precision: 0.7040  coco/truck_precision: 0.5350  coco/bus_precision: 0.7530  coco/van_precision: 0.5050  coco/freight_car_precision: 0.4920  coco/bbox_mAP: 0.5980  coco/bbox_mAP_50: 0.8120  coco/bbox_mAP_75: 0.7240  coco/bbox_mAP_s: 0.2060  coco/bbox_mAP_m: 0.5910  coco/bbox_mAP_l: 0.5610  data_time: 0.0004  time: 0.1092
2025/07/06 09:18:26 - mmengine - INFO - The previous best checkpoint /data/nl/Mamba2Spectral/work_dirs/DroneVehicle/2025_06_30/yolov8_mambatransformer_enhance/best_coco_bbox_mAP_50_epoch_109.pth is removed
2025/07/06 09:18:28 - mmengine - INFO - The best checkpoint with 0.8120 coco/bbox_mAP_50 at 113 epoch is saved to best_coco_bbox_mAP_50_epoch_113.pth.
2025/07/06 09:21:20 - mmengine - INFO - Epoch(train) [114][ 50/400]  base_lr: 1.0000e-02 lr: 4.4560e-03  eta: 1 day, 6:32:57  time: 3.3330  data_time: 0.0301  memory: 10884  grad_norm: 11.9348  loss: 20.2273  loss_cls: 4.1782  loss_bbox: 7.9509  loss_dfl: 8.0982
2025/07/06 09:24:05 - mmengine - INFO - Epoch(train) [114][100/400]  base_lr: 1.0000e-02 lr: 4.4560e-03  eta: 1 day, 6:30:30  time: 3.3116  data_time: 0.0067  memory: 11023  grad_norm: 11.8058  loss: 20.1169  loss_cls: 4.1671  loss_bbox: 7.8944  loss_dfl: 8.0554
2025/07/06 09:26:22 - mmengine - INFO - Epoch(train) [114][150/400]  base_lr: 1.0000e-02 lr: 4.4560e-03  eta: 1 day, 6:27:19  time: 2.7264  data_time: 0.0067  memory: 11081  grad_norm: 11.5147  loss: 20.1389  loss_cls: 4.1808  loss_bbox: 7.8786  loss_dfl: 8.0794
2025/07/06 09:28:09 - mmengine - INFO - Epoch(train) [114][200/400]  base_lr: 1.0000e-02 lr: 4.4560e-03  eta: 1 day, 6:23:25  time: 2.1373  data_time: 0.0076  memory: 10884  grad_norm: 11.8788  loss: 20.3214  loss_cls: 4.1659  loss_bbox: 8.0134  loss_dfl: 8.1421
2025/07/06 09:30:54 - mmengine - INFO - Epoch(train) [114][250/400]  base_lr: 1.0000e-02 lr: 4.4560e-03  eta: 1 day, 6:20:57  time: 3.3069  data_time: 0.0061  memory: 11092  grad_norm: 11.8619  loss: 20.3908  loss_cls: 4.1580  loss_bbox: 8.0214  loss_dfl: 8.2114
2025/07/06 09:33:40 - mmengine - INFO - Epoch(train) [114][300/400]  base_lr: 1.0000e-02 lr: 4.4560e-03  eta: 1 day, 6:18:30  time: 3.3128  data_time: 0.0064  memory: 10916  grad_norm: 11.7628  loss: 20.4441  loss_cls: 4.2138  loss_bbox: 8.0822  loss_dfl: 8.1480
2025/07/06 09:36:25 - mmengine - INFO - Epoch(train) [114][350/400]  base_lr: 1.0000e-02 lr: 4.4560e-03  eta: 1 day, 6:16:03  time: 3.3130  data_time: 0.0072  memory: 10767  grad_norm: 12.1883  loss: 20.3421  loss_cls: 4.2427  loss_bbox: 7.9484  loss_dfl: 8.1510
2025/07/06 09:39:11 - mmengine - INFO - Exp name: yolov8_mambatransformer_enhance_20250705_110818
2025/07/06 09:39:11 - mmengine - INFO - Epoch(train) [114][400/400]  base_lr: 1.0000e-02 lr: 4.4560e-03  eta: 1 day, 6:13:36  time: 3.3139  data_time: 0.0066  memory: 10676  grad_norm: 11.7274  loss: 20.1635  loss_cls: 4.1659  loss_bbox: 7.9348  loss_dfl: 8.0628
2025/07/06 09:39:11 - mmengine - INFO - Saving checkpoint at 114 epochs
2025/07/06 09:39:19 - mmengine - INFO - Epoch(val) [114][ 50/800]    eta: 0:01:12  time: 0.0962  data_time: 0.0009  memory: 1000  
2025/07/06 09:39:25 - mmengine - INFO - Epoch(val) [114][100/800]    eta: 0:01:12  time: 0.1096  data_time: 0.0004  memory: 1000  
2025/07/06 09:39:30 - mmengine - INFO - Epoch(val) [114][150/800]    eta: 0:01:08  time: 0.1103  data_time: 0.0004  memory: 1000  
2025/07/06 09:39:36 - mmengine - INFO - Epoch(val) [114][200/800]    eta: 0:01:03  time: 0.1093  data_time: 0.0004  memory: 1000  
2025/07/06 09:39:41 - mmengine - INFO - Epoch(val) [114][250/800]    eta: 0:00:58  time: 0.1024  data_time: 0.0004  memory: 1000  
2025/07/06 09:39:45 - mmengine - INFO - Epoch(val) [114][300/800]    eta: 0:00:51  time: 0.0913  data_time: 0.0003  memory: 1000  
2025/07/06 09:39:50 - mmengine - INFO - Epoch(val) [114][350/800]    eta: 0:00:45  time: 0.0930  data_time: 0.0003  memory: 1000  
2025/07/06 09:39:55 - mmengine - INFO - Epoch(val) [114][400/800]    eta: 0:00:40  time: 0.0931  data_time: 0.0004  memory: 1000  
2025/07/06 09:39:59 - mmengine - INFO - Epoch(val) [114][450/800]    eta: 0:00:34  time: 0.0928  data_time: 0.0003  memory: 1000  
2025/07/06 09:40:04 - mmengine - INFO - Epoch(val) [114][500/800]    eta: 0:00:29  time: 0.0928  data_time: 0.0004  memory: 1000  
2025/07/06 09:40:09 - mmengine - INFO - Epoch(val) [114][550/800]    eta: 0:00:24  time: 0.0919  data_time: 0.0003  memory: 1000  
2025/07/06 09:40:13 - mmengine - INFO - Epoch(val) [114][600/800]    eta: 0:00:19  time: 0.0922  data_time: 0.0003  memory: 1000  
2025/07/06 09:40:18 - mmengine - INFO - Epoch(val) [114][650/800]    eta: 0:00:14  time: 0.0908  data_time: 0.0003  memory: 1000  
2025/07/06 09:40:22 - mmengine - INFO - Epoch(val) [114][700/800]    eta: 0:00:09  time: 0.0919  data_time: 0.0004  memory: 1000  
2025/07/06 09:40:27 - mmengine - INFO - Epoch(val) [114][750/800]    eta: 0:00:04  time: 0.0920  data_time: 0.0004  memory: 1000  
2025/07/06 09:40:32 - mmengine - INFO - Epoch(val) [114][800/800]    eta: 0:00:00  time: 0.0908  data_time: 0.0003  memory: 1000  
2025/07/06 09:40:33 - mmengine - INFO - Evaluating bbox...
2025/07/06 09:40:45 - mmengine - INFO - 
+-------------+-------+--------+--------+-------+-------+-------+
| category    | mAP   | mAP_50 | mAP_75 | mAP_s | mAP_m | mAP_l |
+-------------+-------+--------+--------+-------+-------+-------+
| car         | 0.703 | 0.967  | 0.858  | 0.486 | 0.732 | 0.0   |
| truck       | 0.536 | 0.753  | 0.651  | 0.066 | 0.533 | 0.584 |
| bus         | 0.752 | 0.958  | 0.893  | 0.002 | 0.715 | 0.815 |
| van         | 0.504 | 0.693  | 0.63   | 0.295 | 0.49  | 0.837 |
| freight_car | 0.494 | 0.69   | 0.591  | 0.181 | 0.483 | 0.571 |
+-------------+-------+--------+--------+-------+-------+-------+
2025/07/06 09:40:45 - mmengine - INFO - bbox_mAP_copypaste: 0.598 0.812 0.725 0.206 0.591 0.561
2025/07/06 09:40:45 - mmengine - INFO - Epoch(val) [114][800/800]    coco/car_precision: 0.7030  coco/truck_precision: 0.5360  coco/bus_precision: 0.7520  coco/van_precision: 0.5040  coco/freight_car_precision: 0.4940  coco/bbox_mAP: 0.5980  coco/bbox_mAP_50: 0.8120  coco/bbox_mAP_75: 0.7250  coco/bbox_mAP_s: 0.2060  coco/bbox_mAP_m: 0.5910  coco/bbox_mAP_l: 0.5610  data_time: 0.0004  time: 0.0963
2025/07/06 09:43:32 - mmengine - INFO - Epoch(train) [115][ 50/400]  base_lr: 1.0000e-02 lr: 4.4065e-03  eta: 1 day, 6:11:10  time: 3.3310  data_time: 0.0275  memory: 10751  grad_norm: 11.9281  loss: 19.9536  loss_cls: 4.0541  loss_bbox: 7.8273  loss_dfl: 8.0722
2025/07/06 09:46:17 - mmengine - INFO - Epoch(train) [115][100/400]  base_lr: 1.0000e-02 lr: 4.4065e-03  eta: 1 day, 6:08:42  time: 3.3071  data_time: 0.0058  memory: 10665  grad_norm: 12.7105  loss: 20.3146  loss_cls: 4.2081  loss_bbox: 7.9165  loss_dfl: 8.1900
2025/07/06 09:49:03 - mmengine - INFO - Epoch(train) [115][150/400]  base_lr: 1.0000e-02 lr: 4.4065e-03  eta: 1 day, 6:06:14  time: 3.3072  data_time: 0.0065  memory: 10975  grad_norm: 11.5025  loss: 20.1746  loss_cls: 4.1945  loss_bbox: 7.8809  loss_dfl: 8.0992
2025/07/06 09:51:48 - mmengine - INFO - Epoch(train) [115][200/400]  base_lr: 1.0000e-02 lr: 4.4065e-03  eta: 1 day, 6:03:47  time: 3.3111  data_time: 0.0066  memory: 10879  grad_norm: 11.5275  loss: 19.9213  loss_cls: 3.9197  loss_bbox: 7.8992  loss_dfl: 8.1024
2025/07/06 09:54:34 - mmengine - INFO - Epoch(train) [115][250/400]  base_lr: 1.0000e-02 lr: 4.4065e-03  eta: 1 day, 6:01:19  time: 3.3151  data_time: 0.0068  memory: 10868  grad_norm: 12.3610  loss: 20.3082  loss_cls: 4.0961  loss_bbox: 8.0226  loss_dfl: 8.1895
2025/07/06 09:56:32 - mmengine - INFO - Epoch(train) [115][300/400]  base_lr: 1.0000e-02 lr: 4.4065e-03  eta: 1 day, 5:57:44  time: 2.3671  data_time: 0.0079  memory: 10751  grad_norm: 11.8894  loss: 20.3703  loss_cls: 4.1652  loss_bbox: 8.0928  loss_dfl: 8.1124
2025/07/06 09:58:46 - mmengine - INFO - Epoch(train) [115][350/400]  base_lr: 1.0000e-02 lr: 4.4065e-03  eta: 1 day, 5:54:31  time: 2.6705  data_time: 0.0071  memory: 10665  grad_norm: 11.8952  loss: 20.1610  loss_cls: 4.1922  loss_bbox: 7.8095  loss_dfl: 8.1594
2025/07/06 10:01:32 - mmengine - INFO - Exp name: yolov8_mambatransformer_enhance_20250705_110818
2025/07/06 10:01:32 - mmengine - INFO - Epoch(train) [115][400/400]  base_lr: 1.0000e-02 lr: 4.4065e-03  eta: 1 day, 5:52:04  time: 3.3130  data_time: 0.0069  memory: 10889  grad_norm: 12.1183  loss: 20.3402  loss_cls: 4.1975  loss_bbox: 7.9877  loss_dfl: 8.1551
2025/07/06 10:01:32 - mmengine - INFO - Saving checkpoint at 115 epochs
2025/07/06 10:01:40 - mmengine - INFO - Epoch(val) [115][ 50/800]    eta: 0:01:23  time: 0.1116  data_time: 0.0011  memory: 1000  
2025/07/06 10:01:46 - mmengine - INFO - Epoch(val) [115][100/800]    eta: 0:01:17  time: 0.1100  data_time: 0.0004  memory: 1000  
2025/07/06 10:01:51 - mmengine - INFO - Epoch(val) [115][150/800]    eta: 0:01:11  time: 0.1103  data_time: 0.0004  memory: 1000  
2025/07/06 10:01:56 - mmengine - INFO - Epoch(val) [115][200/800]    eta: 0:01:04  time: 0.0991  data_time: 0.0005  memory: 1000  
2025/07/06 10:02:01 - mmengine - INFO - Epoch(val) [115][250/800]    eta: 0:00:58  time: 0.0978  data_time: 0.0005  memory: 1000  
2025/07/06 10:02:07 - mmengine - INFO - Epoch(val) [115][300/800]    eta: 0:00:52  time: 0.1070  data_time: 0.0004  memory: 1000  
2025/07/06 10:02:12 - mmengine - INFO - Epoch(val) [115][350/800]    eta: 0:00:47  time: 0.1053  data_time: 0.0004  memory: 1000  
2025/07/06 10:02:18 - mmengine - INFO - Epoch(val) [115][400/800]    eta: 0:00:42  time: 0.1100  data_time: 0.0004  memory: 1000  
2025/07/06 10:02:23 - mmengine - INFO - Epoch(val) [115][450/800]    eta: 0:00:37  time: 0.1090  data_time: 0.0004  memory: 1000  
2025/07/06 10:02:29 - mmengine - INFO - Epoch(val) [115][500/800]    eta: 0:00:32  time: 0.1101  data_time: 0.0004  memory: 1000  
2025/07/06 10:02:34 - mmengine - INFO - Epoch(val) [115][550/800]    eta: 0:00:26  time: 0.1101  data_time: 0.0004  memory: 1000  
2025/07/06 10:02:39 - mmengine - INFO - Epoch(val) [115][600/800]    eta: 0:00:21  time: 0.1079  data_time: 0.0004  memory: 1000  
2025/07/06 10:02:44 - mmengine - INFO - Epoch(val) [115][650/800]    eta: 0:00:15  time: 0.0933  data_time: 0.0004  memory: 1000  
2025/07/06 10:02:50 - mmengine - INFO - Epoch(val) [115][700/800]    eta: 0:00:10  time: 0.1107  data_time: 0.0004  memory: 1000  
2025/07/06 10:02:55 - mmengine - INFO - Epoch(val) [115][750/800]    eta: 0:00:05  time: 0.1102  data_time: 0.0004  memory: 1000  
2025/07/06 10:03:00 - mmengine - INFO - Epoch(val) [115][800/800]    eta: 0:00:00  time: 0.1057  data_time: 0.0004  memory: 1000  
2025/07/06 10:03:02 - mmengine - INFO - Evaluating bbox...
2025/07/06 10:03:14 - mmengine - INFO - 
+-------------+-------+--------+--------+-------+-------+-------+
| category    | mAP   | mAP_50 | mAP_75 | mAP_s | mAP_m | mAP_l |
+-------------+-------+--------+--------+-------+-------+-------+
| car         | 0.704 | 0.967  | 0.858  | 0.486 | 0.733 | 0.0   |
| truck       | 0.536 | 0.753  | 0.653  | 0.066 | 0.534 | 0.583 |
| bus         | 0.752 | 0.958  | 0.892  | 0.002 | 0.715 | 0.814 |
| van         | 0.506 | 0.693  | 0.631  | 0.295 | 0.491 | 0.842 |
| freight_car | 0.495 | 0.69   | 0.592  | 0.181 | 0.484 | 0.573 |
+-------------+-------+--------+--------+-------+-------+-------+
2025/07/06 10:03:14 - mmengine - INFO - bbox_mAP_copypaste: 0.598 0.812 0.725 0.206 0.592 0.562
2025/07/06 10:03:14 - mmengine - INFO - Epoch(val) [115][800/800]    coco/car_precision: 0.7040  coco/truck_precision: 0.5360  coco/bus_precision: 0.7520  coco/van_precision: 0.5060  coco/freight_car_precision: 0.4950  coco/bbox_mAP: 0.5980  coco/bbox_mAP_50: 0.8120  coco/bbox_mAP_75: 0.7250  coco/bbox_mAP_s: 0.2060  coco/bbox_mAP_m: 0.5920  coco/bbox_mAP_l: 0.5620  data_time: 0.0004  time: 0.1067
2025/07/06 10:06:01 - mmengine - INFO - Epoch(train) [116][ 50/400]  base_lr: 1.0000e-02 lr: 4.3570e-03  eta: 1 day, 5:49:37  time: 3.3280  data_time: 0.0297  memory: 10602  grad_norm: 12.1522  loss: 20.4187  loss_cls: 4.1840  loss_bbox: 7.9842  loss_dfl: 8.2505
2025/07/06 10:08:46 - mmengine - INFO - Epoch(train) [116][100/400]  base_lr: 1.0000e-02 lr: 4.3570e-03  eta: 1 day, 5:47:09  time: 3.3044  data_time: 0.0058  memory: 10943  grad_norm: 12.6930  loss: 20.6350  loss_cls: 4.2923  loss_bbox: 8.1273  loss_dfl: 8.2155
2025/07/06 10:11:32 - mmengine - INFO - Epoch(train) [116][150/400]  base_lr: 1.0000e-02 lr: 4.3570e-03  eta: 1 day, 5:44:41  time: 3.3082  data_time: 0.0070  memory: 10820  grad_norm: 11.6337  loss: 19.9725  loss_cls: 4.0594  loss_bbox: 7.9452  loss_dfl: 7.9679
2025/07/06 10:14:17 - mmengine - INFO - Epoch(train) [116][200/400]  base_lr: 1.0000e-02 lr: 4.3570e-03  eta: 1 day, 5:42:13  time: 3.3149  data_time: 0.0066  memory: 10783  grad_norm: 11.6162  loss: 20.1926  loss_cls: 4.1183  loss_bbox: 7.9267  loss_dfl: 8.1475
2025/07/06 10:17:03 - mmengine - INFO - Epoch(train) [116][250/400]  base_lr: 1.0000e-02 lr: 4.3570e-03  eta: 1 day, 5:39:46  time: 3.3140  data_time: 0.0068  memory: 10964  grad_norm: 12.0239  loss: 20.3406  loss_cls: 4.1580  loss_bbox: 8.0503  loss_dfl: 8.1323
2025/07/06 10:19:49 - mmengine - INFO - Epoch(train) [116][300/400]  base_lr: 1.0000e-02 lr: 4.3570e-03  eta: 1 day, 5:37:18  time: 3.3147  data_time: 0.0069  memory: 10836  grad_norm: 11.3491  loss: 20.1387  loss_cls: 4.1634  loss_bbox: 7.8923  loss_dfl: 8.0830
2025/07/06 10:22:35 - mmengine - INFO - Epoch(train) [116][350/400]  base_lr: 1.0000e-02 lr: 4.3570e-03  eta: 1 day, 5:34:50  time: 3.3153  data_time: 0.0072  memory: 10639  grad_norm: 12.6658  loss: 20.2567  loss_cls: 4.2672  loss_bbox: 7.8792  loss_dfl: 8.1103
2025/07/06 10:25:03 - mmengine - INFO - Exp name: yolov8_mambatransformer_enhance_20250705_110818
2025/07/06 10:25:03 - mmengine - INFO - Epoch(train) [116][400/400]  base_lr: 1.0000e-02 lr: 4.3570e-03  eta: 1 day, 5:31:58  time: 2.9664  data_time: 0.0072  memory: 10793  grad_norm: 12.7510  loss: 20.6173  loss_cls: 4.3453  loss_bbox: 8.0920  loss_dfl: 8.1800
2025/07/06 10:25:03 - mmengine - INFO - Saving checkpoint at 116 epochs
2025/07/06 10:25:13 - mmengine - INFO - Epoch(val) [116][ 50/800]    eta: 0:01:18  time: 0.1053  data_time: 0.0029  memory: 1000  
2025/07/06 10:25:18 - mmengine - INFO - Epoch(val) [116][100/800]    eta: 0:01:15  time: 0.1098  data_time: 0.0025  memory: 1000  
2025/07/06 10:25:24 - mmengine - INFO - Epoch(val) [116][150/800]    eta: 0:01:09  time: 0.1075  data_time: 0.0031  memory: 1000  
2025/07/06 10:25:29 - mmengine - INFO - Epoch(val) [116][200/800]    eta: 0:01:04  time: 0.1104  data_time: 0.0016  memory: 1000  
2025/07/06 10:25:35 - mmengine - INFO - Epoch(val) [116][250/800]    eta: 0:00:59  time: 0.1070  data_time: 0.0031  memory: 1000  
2025/07/06 10:25:40 - mmengine - INFO - Epoch(val) [116][300/800]    eta: 0:00:53  time: 0.1063  data_time: 0.0018  memory: 1000  
2025/07/06 10:25:45 - mmengine - INFO - Epoch(val) [116][350/800]    eta: 0:00:48  time: 0.1061  data_time: 0.0036  memory: 1000  
2025/07/06 10:25:51 - mmengine - INFO - Epoch(val) [116][400/800]    eta: 0:00:43  time: 0.1169  data_time: 0.0010  memory: 1000  
2025/07/06 10:25:58 - mmengine - INFO - Epoch(val) [116][450/800]    eta: 0:00:39  time: 0.1364  data_time: 0.0018  memory: 1000  
2025/07/06 10:26:05 - mmengine - INFO - Epoch(val) [116][500/800]    eta: 0:00:34  time: 0.1417  data_time: 0.0028  memory: 1000  
2025/07/06 10:26:13 - mmengine - INFO - Epoch(val) [116][550/800]    eta: 0:00:29  time: 0.1473  data_time: 0.0013  memory: 1000  
2025/07/06 10:26:20 - mmengine - INFO - Epoch(val) [116][600/800]    eta: 0:00:23  time: 0.1438  data_time: 0.0019  memory: 1000  
2025/07/06 10:26:26 - mmengine - INFO - Epoch(val) [116][650/800]    eta: 0:00:18  time: 0.1354  data_time: 0.0028  memory: 1000  
2025/07/06 10:26:33 - mmengine - INFO - Epoch(val) [116][700/800]    eta: 0:00:12  time: 0.1393  data_time: 0.0038  memory: 1000  
2025/07/06 10:26:38 - mmengine - INFO - Epoch(val) [116][750/800]    eta: 0:00:06  time: 0.0965  data_time: 0.0017  memory: 1000  
2025/07/06 10:26:43 - mmengine - INFO - Epoch(val) [116][800/800]    eta: 0:00:00  time: 0.0877  data_time: 0.0005  memory: 1000  
2025/07/06 10:26:44 - mmengine - INFO - Evaluating bbox...
2025/07/06 10:26:56 - mmengine - INFO - 
+-------------+-------+--------+--------+-------+-------+-------+
| category    | mAP   | mAP_50 | mAP_75 | mAP_s | mAP_m | mAP_l |
+-------------+-------+--------+--------+-------+-------+-------+
| car         | 0.704 | 0.967  | 0.858  | 0.486 | 0.734 | 0.0   |
| truck       | 0.535 | 0.754  | 0.654  | 0.066 | 0.534 | 0.583 |
| bus         | 0.752 | 0.958  | 0.89   | 0.002 | 0.715 | 0.815 |
| van         | 0.506 | 0.694  | 0.631  | 0.295 | 0.491 | 0.842 |
| freight_car | 0.495 | 0.691  | 0.589  | 0.181 | 0.485 | 0.57  |
+-------------+-------+--------+--------+-------+-------+-------+
2025/07/06 10:26:56 - mmengine - INFO - bbox_mAP_copypaste: 0.599 0.813 0.724 0.206 0.592 0.562
2025/07/06 10:26:57 - mmengine - INFO - Epoch(val) [116][800/800]    coco/car_precision: 0.7040  coco/truck_precision: 0.5350  coco/bus_precision: 0.7520  coco/van_precision: 0.5060  coco/freight_car_precision: 0.4950  coco/bbox_mAP: 0.5990  coco/bbox_mAP_50: 0.8130  coco/bbox_mAP_75: 0.7240  coco/bbox_mAP_s: 0.2060  coco/bbox_mAP_m: 0.5920  coco/bbox_mAP_l: 0.5620  data_time: 0.0023  time: 0.1186
2025/07/06 10:26:57 - mmengine - INFO - The previous best checkpoint /data/nl/Mamba2Spectral/work_dirs/DroneVehicle/2025_06_30/yolov8_mambatransformer_enhance/best_coco_bbox_mAP_50_epoch_113.pth is removed
2025/07/06 10:26:59 - mmengine - INFO - The best checkpoint with 0.8130 coco/bbox_mAP_50 at 116 epoch is saved to best_coco_bbox_mAP_50_epoch_116.pth.
2025/07/06 10:29:50 - mmengine - INFO - Epoch(train) [117][ 50/400]  base_lr: 1.0000e-02 lr: 4.3075e-03  eta: 1 day, 5:29:31  time: 3.3314  data_time: 0.0268  memory: 10937  grad_norm: 11.6039  loss: 20.0017  loss_cls: 4.1167  loss_bbox: 7.8488  loss_dfl: 8.0362
2025/07/06 10:32:36 - mmengine - INFO - Epoch(train) [117][100/400]  base_lr: 1.0000e-02 lr: 4.3075e-03  eta: 1 day, 5:27:03  time: 3.3104  data_time: 0.0058  memory: 10884  grad_norm: 12.4516  loss: 20.2909  loss_cls: 4.2075  loss_bbox: 7.8910  loss_dfl: 8.1925
2025/07/06 10:35:21 - mmengine - INFO - Epoch(train) [117][150/400]  base_lr: 1.0000e-02 lr: 4.3075e-03  eta: 1 day, 5:24:35  time: 3.3093  data_time: 0.0061  memory: 10900  grad_norm: 11.5085  loss: 19.9916  loss_cls: 3.9676  loss_bbox: 7.9150  loss_dfl: 8.1090
2025/07/06 10:38:07 - mmengine - INFO - Epoch(train) [117][200/400]  base_lr: 1.0000e-02 lr: 4.3075e-03  eta: 1 day, 5:22:06  time: 3.3105  data_time: 0.0059  memory: 10799  grad_norm: 11.7675  loss: 20.1273  loss_cls: 4.1019  loss_bbox: 7.9691  loss_dfl: 8.0563
2025/07/06 10:40:53 - mmengine - INFO - Epoch(train) [117][250/400]  base_lr: 1.0000e-02 lr: 4.3075e-03  eta: 1 day, 5:19:38  time: 3.3113  data_time: 0.0059  memory: 10676  grad_norm: 11.7972  loss: 20.2357  loss_cls: 4.1721  loss_bbox: 7.9693  loss_dfl: 8.0942
2025/07/06 10:43:38 - mmengine - INFO - Epoch(train) [117][300/400]  base_lr: 1.0000e-02 lr: 4.3075e-03  eta: 1 day, 5:17:10  time: 3.3128  data_time: 0.0060  memory: 10708  grad_norm: 12.3982  loss: 20.0775  loss_cls: 4.2229  loss_bbox: 7.8230  loss_dfl: 8.0317
2025/07/06 10:46:24 - mmengine - INFO - Epoch(train) [117][350/400]  base_lr: 1.0000e-02 lr: 4.3075e-03  eta: 1 day, 5:14:41  time: 3.3087  data_time: 0.0061  memory: 10815  grad_norm: 11.8579  loss: 19.9937  loss_cls: 4.1303  loss_bbox: 7.8131  loss_dfl: 8.0503
2025/07/06 10:49:09 - mmengine - INFO - Exp name: yolov8_mambatransformer_enhance_20250705_110818
2025/07/06 10:49:09 - mmengine - INFO - Epoch(train) [117][400/400]  base_lr: 1.0000e-02 lr: 4.3075e-03  eta: 1 day, 5:12:13  time: 3.3140  data_time: 0.0067  memory: 10799  grad_norm: 11.8071  loss: 20.2137  loss_cls: 4.1218  loss_bbox: 7.9608  loss_dfl: 8.1311
2025/07/06 10:49:09 - mmengine - INFO - Saving checkpoint at 117 epochs
2025/07/06 10:49:17 - mmengine - INFO - Epoch(val) [117][ 50/800]    eta: 0:01:10  time: 0.0939  data_time: 0.0009  memory: 1000  
2025/07/06 10:49:22 - mmengine - INFO - Epoch(val) [117][100/800]    eta: 0:01:07  time: 0.0994  data_time: 0.0004  memory: 1000  
2025/07/06 10:49:27 - mmengine - INFO - Epoch(val) [117][150/800]    eta: 0:01:02  time: 0.0930  data_time: 0.0003  memory: 1000  
2025/07/06 10:49:32 - mmengine - INFO - Epoch(val) [117][200/800]    eta: 0:00:56  time: 0.0929  data_time: 0.0003  memory: 1000  
2025/07/06 10:49:36 - mmengine - INFO - Epoch(val) [117][250/800]    eta: 0:00:51  time: 0.0917  data_time: 0.0003  memory: 1000  
2025/07/06 10:49:41 - mmengine - INFO - Epoch(val) [117][300/800]    eta: 0:00:46  time: 0.0918  data_time: 0.0003  memory: 1000  
2025/07/06 10:49:45 - mmengine - INFO - Epoch(val) [117][350/800]    eta: 0:00:42  time: 0.0923  data_time: 0.0003  memory: 1000  
2025/07/06 10:49:50 - mmengine - INFO - Epoch(val) [117][400/800]    eta: 0:00:37  time: 0.0950  data_time: 0.0003  memory: 1000  
2025/07/06 10:49:56 - mmengine - INFO - Epoch(val) [117][450/800]    eta: 0:00:33  time: 0.1065  data_time: 0.0004  memory: 1000  
2025/07/06 10:50:01 - mmengine - INFO - Epoch(val) [117][500/800]    eta: 0:00:28  time: 0.1089  data_time: 0.0004  memory: 1000  
2025/07/06 10:50:06 - mmengine - INFO - Epoch(val) [117][550/800]    eta: 0:00:24  time: 0.1074  data_time: 0.0004  memory: 1000  
2025/07/06 10:50:12 - mmengine - INFO - Epoch(val) [117][600/800]    eta: 0:00:19  time: 0.1147  data_time: 0.0004  memory: 1000  
2025/07/06 10:50:19 - mmengine - INFO - Epoch(val) [117][650/800]    eta: 0:00:15  time: 0.1370  data_time: 0.0004  memory: 1000  
2025/07/06 10:50:26 - mmengine - INFO - Epoch(val) [117][700/800]    eta: 0:00:10  time: 0.1386  data_time: 0.0004  memory: 1000  
2025/07/06 10:50:32 - mmengine - INFO - Epoch(val) [117][750/800]    eta: 0:00:05  time: 0.1191  data_time: 0.0006  memory: 1000  
2025/07/06 10:50:37 - mmengine - INFO - Epoch(val) [117][800/800]    eta: 0:00:00  time: 0.1061  data_time: 0.0005  memory: 1000  
2025/07/06 10:50:39 - mmengine - INFO - Evaluating bbox...
2025/07/06 10:50:51 - mmengine - INFO - 
+-------------+-------+--------+--------+-------+-------+-------+
| category    | mAP   | mAP_50 | mAP_75 | mAP_s | mAP_m | mAP_l |
+-------------+-------+--------+--------+-------+-------+-------+
| car         | 0.704 | 0.967  | 0.858  | 0.486 | 0.733 | 0.0   |
| truck       | 0.535 | 0.754  | 0.653  | 0.065 | 0.534 | 0.582 |
| bus         | 0.752 | 0.958  | 0.892  | 0.002 | 0.716 | 0.815 |
| van         | 0.504 | 0.69   | 0.629  | 0.296 | 0.493 | 0.832 |
| freight_car | 0.495 | 0.691  | 0.588  | 0.173 | 0.484 | 0.571 |
+-------------+-------+--------+--------+-------+-------+-------+
2025/07/06 10:50:51 - mmengine - INFO - bbox_mAP_copypaste: 0.598 0.812 0.724 0.205 0.592 0.560
2025/07/06 10:50:51 - mmengine - INFO - Epoch(val) [117][800/800]    coco/car_precision: 0.7040  coco/truck_precision: 0.5350  coco/bus_precision: 0.7520  coco/van_precision: 0.5040  coco/freight_car_precision: 0.4950  coco/bbox_mAP: 0.5980  coco/bbox_mAP_50: 0.8120  coco/bbox_mAP_75: 0.7240  coco/bbox_mAP_s: 0.2050  coco/bbox_mAP_m: 0.5920  coco/bbox_mAP_l: 0.5600  data_time: 0.0004  time: 0.1055
2025/07/06 10:53:38 - mmengine - INFO - Epoch(train) [118][ 50/400]  base_lr: 1.0000e-02 lr: 4.2580e-03  eta: 1 day, 5:09:45  time: 3.3295  data_time: 0.0273  memory: 10825  grad_norm: 12.5573  loss: 20.2993  loss_cls: 4.2569  loss_bbox: 7.9060  loss_dfl: 8.1363
2025/07/06 10:55:26 - mmengine - INFO - Epoch(train) [118][100/400]  base_lr: 1.0000e-02 lr: 4.2580e-03  eta: 1 day, 5:06:00  time: 2.1695  data_time: 0.0064  memory: 11177  grad_norm: 11.4891  loss: 19.8034  loss_cls: 3.9743  loss_bbox: 7.7104  loss_dfl: 8.1188
2025/07/06 10:57:42 - mmengine - INFO - Epoch(train) [118][150/400]  base_lr: 1.0000e-02 lr: 4.2580e-03  eta: 1 day, 5:02:52  time: 2.7108  data_time: 0.0060  memory: 10836  grad_norm: 11.8197  loss: 19.7250  loss_cls: 4.0194  loss_bbox: 7.7310  loss_dfl: 7.9746
2025/07/06 11:00:27 - mmengine - INFO - Exp name: yolov8_mambatransformer_enhance_20250705_110818
2025/07/06 11:00:27 - mmengine - INFO - Epoch(train) [118][200/400]  base_lr: 1.0000e-02 lr: 4.2580e-03  eta: 1 day, 5:00:24  time: 3.3121  data_time: 0.0070  memory: 11028  grad_norm: 12.7289  loss: 20.7118  loss_cls: 4.3043  loss_bbox: 8.2117  loss_dfl: 8.1958
2025/07/06 11:03:13 - mmengine - INFO - Epoch(train) [118][250/400]  base_lr: 1.0000e-02 lr: 4.2580e-03  eta: 1 day, 4:57:55  time: 3.3090  data_time: 0.0063  memory: 10767  grad_norm: 12.0849  loss: 20.0968  loss_cls: 4.1813  loss_bbox: 7.8957  loss_dfl: 8.0197
2025/07/06 11:05:58 - mmengine - INFO - Epoch(train) [118][300/400]  base_lr: 1.0000e-02 lr: 4.2580e-03  eta: 1 day, 4:55:26  time: 3.3079  data_time: 0.0061  memory: 10697  grad_norm: 12.7267  loss: 20.4514  loss_cls: 4.2084  loss_bbox: 8.0193  loss_dfl: 8.2237
2025/07/06 11:08:44 - mmengine - INFO - Epoch(train) [118][350/400]  base_lr: 1.0000e-02 lr: 4.2580e-03  eta: 1 day, 4:52:58  time: 3.3152  data_time: 0.0065  memory: 10692  grad_norm: 11.7435  loss: 19.8241  loss_cls: 4.0395  loss_bbox: 7.7977  loss_dfl: 7.9869
2025/07/06 11:11:30 - mmengine - INFO - Exp name: yolov8_mambatransformer_enhance_20250705_110818
2025/07/06 11:11:30 - mmengine - INFO - Epoch(train) [118][400/400]  base_lr: 1.0000e-02 lr: 4.2580e-03  eta: 1 day, 4:50:29  time: 3.3142  data_time: 0.0070  memory: 10889  grad_norm: 12.6804  loss: 20.1674  loss_cls: 4.0731  loss_bbox: 7.9711  loss_dfl: 8.1232
2025/07/06 11:11:30 - mmengine - INFO - Saving checkpoint at 118 epochs
2025/07/06 11:11:40 - mmengine - INFO - Epoch(val) [118][ 50/800]    eta: 0:01:32  time: 0.1232  data_time: 0.0008  memory: 1000  
2025/07/06 11:11:45 - mmengine - INFO - Epoch(val) [118][100/800]    eta: 0:01:18  time: 0.1009  data_time: 0.0004  memory: 1000  
2025/07/06 11:11:49 - mmengine - INFO - Epoch(val) [118][150/800]    eta: 0:01:07  time: 0.0895  data_time: 0.0003  memory: 1000  
2025/07/06 11:11:54 - mmengine - INFO - Epoch(val) [118][200/800]    eta: 0:01:00  time: 0.0930  data_time: 0.0004  memory: 1000  
2025/07/06 11:11:58 - mmengine - INFO - Epoch(val) [118][250/800]    eta: 0:00:54  time: 0.0924  data_time: 0.0004  memory: 1000  
2025/07/06 11:12:04 - mmengine - INFO - Epoch(val) [118][300/800]    eta: 0:00:50  time: 0.1060  data_time: 0.0004  memory: 1000  
2025/07/06 11:12:09 - mmengine - INFO - Epoch(val) [118][350/800]    eta: 0:00:45  time: 0.1103  data_time: 0.0004  memory: 1000  
2025/07/06 11:12:15 - mmengine - INFO - Epoch(val) [118][400/800]    eta: 0:00:41  time: 0.1097  data_time: 0.0004  memory: 1000  
2025/07/06 11:12:20 - mmengine - INFO - Epoch(val) [118][450/800]    eta: 0:00:36  time: 0.1094  data_time: 0.0004  memory: 1000  
2025/07/06 11:12:26 - mmengine - INFO - Epoch(val) [118][500/800]    eta: 0:00:31  time: 0.1098  data_time: 0.0004  memory: 1000  
2025/07/06 11:12:31 - mmengine - INFO - Epoch(val) [118][550/800]    eta: 0:00:26  time: 0.1091  data_time: 0.0004  memory: 1000  
2025/07/06 11:12:37 - mmengine - INFO - Epoch(val) [118][600/800]    eta: 0:00:21  time: 0.1098  data_time: 0.0004  memory: 1000  
2025/07/06 11:12:42 - mmengine - INFO - Epoch(val) [118][650/800]    eta: 0:00:15  time: 0.1098  data_time: 0.0004  memory: 1000  
2025/07/06 11:12:48 - mmengine - INFO - Epoch(val) [118][700/800]    eta: 0:00:10  time: 0.1106  data_time: 0.0004  memory: 1000  
2025/07/06 11:12:53 - mmengine - INFO - Epoch(val) [118][750/800]    eta: 0:00:05  time: 0.1059  data_time: 0.0004  memory: 1000  
2025/07/06 11:12:59 - mmengine - INFO - Epoch(val) [118][800/800]    eta: 0:00:00  time: 0.1091  data_time: 0.0004  memory: 1000  
2025/07/06 11:13:00 - mmengine - INFO - Evaluating bbox...
2025/07/06 11:13:12 - mmengine - INFO - 
+-------------+-------+--------+--------+-------+-------+-------+
| category    | mAP   | mAP_50 | mAP_75 | mAP_s | mAP_m | mAP_l |
+-------------+-------+--------+--------+-------+-------+-------+
| car         | 0.704 | 0.967  | 0.858  | 0.487 | 0.733 | 0.0   |
| truck       | 0.537 | 0.754  | 0.652  | 0.065 | 0.535 | 0.584 |
| bus         | 0.753 | 0.958  | 0.892  | 0.002 | 0.716 | 0.816 |
| van         | 0.505 | 0.691  | 0.63   | 0.293 | 0.494 | 0.835 |
| freight_car | 0.496 | 0.692  | 0.588  | 0.173 | 0.486 | 0.572 |
+-------------+-------+--------+--------+-------+-------+-------+
2025/07/06 11:13:12 - mmengine - INFO - bbox_mAP_copypaste: 0.599 0.812 0.724 0.204 0.593 0.561
2025/07/06 11:13:12 - mmengine - INFO - Epoch(val) [118][800/800]    coco/car_precision: 0.7040  coco/truck_precision: 0.5370  coco/bus_precision: 0.7530  coco/van_precision: 0.5050  coco/freight_car_precision: 0.4960  coco/bbox_mAP: 0.5990  coco/bbox_mAP_50: 0.8120  coco/bbox_mAP_75: 0.7240  coco/bbox_mAP_s: 0.2040  coco/bbox_mAP_m: 0.5930  coco/bbox_mAP_l: 0.5610  data_time: 0.0004  time: 0.1062
2025/07/06 11:15:59 - mmengine - INFO - Epoch(train) [119][ 50/400]  base_lr: 1.0000e-02 lr: 4.2085e-03  eta: 1 day, 4:48:02  time: 3.3324  data_time: 0.0291  memory: 10740  grad_norm: 12.4045  loss: 19.9500  loss_cls: 4.0923  loss_bbox: 7.7839  loss_dfl: 8.0738
2025/07/06 11:18:44 - mmengine - INFO - Epoch(train) [119][100/400]  base_lr: 1.0000e-02 lr: 4.2085e-03  eta: 1 day, 4:45:32  time: 3.3065  data_time: 0.0059  memory: 10857  grad_norm: 12.7602  loss: 20.3096  loss_cls: 4.2040  loss_bbox: 7.9411  loss_dfl: 8.1645
2025/07/06 11:21:30 - mmengine - INFO - Epoch(train) [119][150/400]  base_lr: 1.0000e-02 lr: 4.2085e-03  eta: 1 day, 4:43:03  time: 3.3093  data_time: 0.0061  memory: 10687  grad_norm: 13.2443  loss: 20.1949  loss_cls: 4.0662  loss_bbox: 7.9390  loss_dfl: 8.1896
2025/07/06 11:23:55 - mmengine - INFO - Epoch(train) [119][200/400]  base_lr: 1.0000e-02 lr: 4.2085e-03  eta: 1 day, 4:40:09  time: 2.9155  data_time: 0.0074  memory: 10863  grad_norm: 11.6591  loss: 19.9130  loss_cls: 4.0375  loss_bbox: 7.8320  loss_dfl: 8.0435
2025/07/06 11:25:35 - mmengine - INFO - Epoch(train) [119][250/400]  base_lr: 1.0000e-02 lr: 4.2085e-03  eta: 1 day, 4:36:16  time: 2.0004  data_time: 0.0077  memory: 11140  grad_norm: 12.2762  loss: 20.2814  loss_cls: 4.1640  loss_bbox: 8.0276  loss_dfl: 8.0899
2025/07/06 11:28:21 - mmengine - INFO - Epoch(train) [119][300/400]  base_lr: 1.0000e-02 lr: 4.2085e-03  eta: 1 day, 4:33:48  time: 3.3171  data_time: 0.0068  memory: 10810  grad_norm: 11.3341  loss: 20.1059  loss_cls: 4.1018  loss_bbox: 7.9791  loss_dfl: 8.0250
2025/07/06 11:31:07 - mmengine - INFO - Epoch(train) [119][350/400]  base_lr: 1.0000e-02 lr: 4.2085e-03  eta: 1 day, 4:31:19  time: 3.3131  data_time: 0.0065  memory: 10948  grad_norm: 12.6051  loss: 19.9552  loss_cls: 4.0729  loss_bbox: 7.8826  loss_dfl: 7.9998
2025/07/06 11:33:53 - mmengine - INFO - Exp name: yolov8_mambatransformer_enhance_20250705_110818
2025/07/06 11:33:53 - mmengine - INFO - Epoch(train) [119][400/400]  base_lr: 1.0000e-02 lr: 4.2085e-03  eta: 1 day, 4:28:50  time: 3.3123  data_time: 0.0066  memory: 10799  grad_norm: 12.2403  loss: 20.3451  loss_cls: 4.2218  loss_bbox: 8.0072  loss_dfl: 8.1160
2025/07/06 11:33:53 - mmengine - INFO - Saving checkpoint at 119 epochs
2025/07/06 11:34:01 - mmengine - INFO - Epoch(val) [119][ 50/800]    eta: 0:01:17  time: 0.1034  data_time: 0.0009  memory: 1000  
2025/07/06 11:34:06 - mmengine - INFO - Epoch(val) [119][100/800]    eta: 0:01:08  time: 0.0936  data_time: 0.0004  memory: 1000  
2025/07/06 11:34:12 - mmengine - INFO - Epoch(val) [119][150/800]    eta: 0:01:08  time: 0.1179  data_time: 0.0005  memory: 1000  
2025/07/06 11:34:17 - mmengine - INFO - Epoch(val) [119][200/800]    eta: 0:01:02  time: 0.1003  data_time: 0.0004  memory: 1000  
2025/07/06 11:34:22 - mmengine - INFO - Epoch(val) [119][250/800]    eta: 0:00:57  time: 0.1115  data_time: 0.0004  memory: 1000  
2025/07/06 11:34:28 - mmengine - INFO - Epoch(val) [119][300/800]    eta: 0:00:53  time: 0.1195  data_time: 0.0031  memory: 1000  
2025/07/06 11:34:34 - mmengine - INFO - Epoch(val) [119][350/800]    eta: 0:00:49  time: 0.1197  data_time: 0.0028  memory: 1000  
2025/07/06 11:34:41 - mmengine - INFO - Epoch(val) [119][400/800]    eta: 0:00:45  time: 0.1430  data_time: 0.0049  memory: 1000  
2025/07/06 11:34:47 - mmengine - INFO - Epoch(val) [119][450/800]    eta: 0:00:39  time: 0.1176  data_time: 0.0013  memory: 1000  
2025/07/06 11:34:53 - mmengine - INFO - Epoch(val) [119][500/800]    eta: 0:00:34  time: 0.1165  data_time: 0.0004  memory: 1000  
2025/07/06 11:34:59 - mmengine - INFO - Epoch(val) [119][550/800]    eta: 0:00:28  time: 0.1128  data_time: 0.0004  memory: 1000  
2025/07/06 11:35:05 - mmengine - INFO - Epoch(val) [119][600/800]    eta: 0:00:22  time: 0.1206  data_time: 0.0040  memory: 1000  
2025/07/06 11:35:11 - mmengine - INFO - Epoch(val) [119][650/800]    eta: 0:00:17  time: 0.1200  data_time: 0.0057  memory: 1000  
2025/07/06 11:35:17 - mmengine - INFO - Epoch(val) [119][700/800]    eta: 0:00:11  time: 0.1174  data_time: 0.0032  memory: 1000  
2025/07/06 11:35:23 - mmengine - INFO - Epoch(val) [119][750/800]    eta: 0:00:05  time: 0.1191  data_time: 0.0050  memory: 1000  
2025/07/06 11:35:29 - mmengine - INFO - Epoch(val) [119][800/800]    eta: 0:00:00  time: 0.1223  data_time: 0.0017  memory: 1000  
2025/07/06 11:35:30 - mmengine - INFO - Evaluating bbox...
2025/07/06 11:35:44 - mmengine - INFO - 
+-------------+-------+--------+--------+-------+-------+-------+
| category    | mAP   | mAP_50 | mAP_75 | mAP_s | mAP_m | mAP_l |
+-------------+-------+--------+--------+-------+-------+-------+
| car         | 0.704 | 0.967  | 0.858  | 0.487 | 0.733 | 0.0   |
| truck       | 0.537 | 0.755  | 0.654  | 0.065 | 0.536 | 0.584 |
| bus         | 0.753 | 0.959  | 0.894  | 0.002 | 0.717 | 0.816 |
| van         | 0.504 | 0.691  | 0.631  | 0.292 | 0.495 | 0.826 |
| freight_car | 0.497 | 0.691  | 0.592  | 0.173 | 0.485 | 0.578 |
+-------------+-------+--------+--------+-------+-------+-------+
2025/07/06 11:35:44 - mmengine - INFO - bbox_mAP_copypaste: 0.599 0.813 0.726 0.204 0.593 0.561
2025/07/06 11:35:45 - mmengine - INFO - Epoch(val) [119][800/800]    coco/car_precision: 0.7040  coco/truck_precision: 0.5370  coco/bus_precision: 0.7530  coco/van_precision: 0.5040  coco/freight_car_precision: 0.4970  coco/bbox_mAP: 0.5990  coco/bbox_mAP_50: 0.8130  coco/bbox_mAP_75: 0.7260  coco/bbox_mAP_s: 0.2040  coco/bbox_mAP_m: 0.5930  coco/bbox_mAP_l: 0.5610  data_time: 0.0022  time: 0.1159
2025/07/06 11:38:31 - mmengine - INFO - Epoch(train) [120][ 50/400]  base_lr: 1.0000e-02 lr: 4.1590e-03  eta: 1 day, 4:26:23  time: 3.3362  data_time: 0.0316  memory: 10895  grad_norm: 12.0448  loss: 19.9259  loss_cls: 4.1029  loss_bbox: 7.7385  loss_dfl: 8.0845
2025/07/06 11:41:17 - mmengine - INFO - Epoch(train) [120][100/400]  base_lr: 1.0000e-02 lr: 4.1590e-03  eta: 1 day, 4:23:54  time: 3.3148  data_time: 0.0064  memory: 10751  grad_norm: 12.0284  loss: 20.1444  loss_cls: 4.1231  loss_bbox: 7.9717  loss_dfl: 8.0496
2025/07/06 11:44:03 - mmengine - INFO - Epoch(train) [120][150/400]  base_lr: 1.0000e-02 lr: 4.1590e-03  eta: 1 day, 4:21:25  time: 3.3161  data_time: 0.0068  memory: 10804  grad_norm: 12.2366  loss: 20.1646  loss_cls: 4.2052  loss_bbox: 7.9274  loss_dfl: 8.0321
2025/07/06 11:46:49 - mmengine - INFO - Epoch(train) [120][200/400]  base_lr: 1.0000e-02 lr: 4.1590e-03  eta: 1 day, 4:18:56  time: 3.3163  data_time: 0.0068  memory: 10777  grad_norm: 12.2694  loss: 20.2064  loss_cls: 4.1907  loss_bbox: 7.9048  loss_dfl: 8.1108
2025/07/06 11:49:35 - mmengine - INFO - Epoch(train) [120][250/400]  base_lr: 1.0000e-02 lr: 4.1590e-03  eta: 1 day, 4:16:27  time: 3.3166  data_time: 0.0074  memory: 10660  grad_norm: 12.2779  loss: 20.0401  loss_cls: 4.0840  loss_bbox: 7.8001  loss_dfl: 8.1559
2025/07/06 11:52:20 - mmengine - INFO - Epoch(train) [120][300/400]  base_lr: 1.0000e-02 lr: 4.1590e-03  eta: 1 day, 4:13:58  time: 3.3123  data_time: 0.0062  memory: 10996  grad_norm: 12.3053  loss: 20.3699  loss_cls: 4.0743  loss_bbox: 8.1054  loss_dfl: 8.1902
2025/07/06 11:54:12 - mmengine - INFO - Epoch(train) [120][350/400]  base_lr: 1.0000e-02 lr: 4.1590e-03  eta: 1 day, 4:10:23  time: 2.2431  data_time: 0.0075  memory: 10810  grad_norm: 11.7483  loss: 20.1398  loss_cls: 4.0318  loss_bbox: 7.9211  loss_dfl: 8.1870
2025/07/06 11:56:25 - mmengine - INFO - Exp name: yolov8_mambatransformer_enhance_20250705_110818
2025/07/06 11:56:25 - mmengine - INFO - Epoch(train) [120][400/400]  base_lr: 1.0000e-02 lr: 4.1590e-03  eta: 1 day, 4:07:13  time: 2.6605  data_time: 0.0065  memory: 10841  grad_norm: 12.0936  loss: 20.0905  loss_cls: 4.1176  loss_bbox: 7.8935  loss_dfl: 8.0795
2025/07/06 11:56:26 - mmengine - INFO - Saving checkpoint at 120 epochs
2025/07/06 11:56:34 - mmengine - INFO - Epoch(val) [120][ 50/800]    eta: 0:01:17  time: 0.1030  data_time: 0.0010  memory: 1000  
2025/07/06 11:56:38 - mmengine - INFO - Epoch(val) [120][100/800]    eta: 0:01:07  time: 0.0910  data_time: 0.0003  memory: 1000  
2025/07/06 11:56:43 - mmengine - INFO - Epoch(val) [120][150/800]    eta: 0:01:02  time: 0.0925  data_time: 0.0004  memory: 1000  
2025/07/06 11:56:48 - mmengine - INFO - Epoch(val) [120][200/800]    eta: 0:00:56  time: 0.0916  data_time: 0.0004  memory: 1000  
2025/07/06 11:56:52 - mmengine - INFO - Epoch(val) [120][250/800]    eta: 0:00:51  time: 0.0914  data_time: 0.0003  memory: 1000  
2025/07/06 11:56:57 - mmengine - INFO - Epoch(val) [120][300/800]    eta: 0:00:46  time: 0.0929  data_time: 0.0004  memory: 1000  
2025/07/06 11:57:02 - mmengine - INFO - Epoch(val) [120][350/800]    eta: 0:00:42  time: 0.1038  data_time: 0.0004  memory: 1000  
2025/07/06 11:57:07 - mmengine - INFO - Epoch(val) [120][400/800]    eta: 0:00:37  time: 0.0930  data_time: 0.0004  memory: 1000  
2025/07/06 11:57:11 - mmengine - INFO - Epoch(val) [120][450/800]    eta: 0:00:33  time: 0.0913  data_time: 0.0004  memory: 1000  
2025/07/06 11:57:16 - mmengine - INFO - Epoch(val) [120][500/800]    eta: 0:00:28  time: 0.0914  data_time: 0.0003  memory: 1000  
2025/07/06 11:57:21 - mmengine - INFO - Epoch(val) [120][550/800]    eta: 0:00:23  time: 0.0929  data_time: 0.0004  memory: 1000  
2025/07/06 11:57:25 - mmengine - INFO - Epoch(val) [120][600/800]    eta: 0:00:18  time: 0.0927  data_time: 0.0003  memory: 1000  
2025/07/06 11:57:30 - mmengine - INFO - Epoch(val) [120][650/800]    eta: 0:00:14  time: 0.0976  data_time: 0.0004  memory: 1000  
2025/07/06 11:57:37 - mmengine - INFO - Epoch(val) [120][700/800]    eta: 0:00:09  time: 0.1389  data_time: 0.0004  memory: 1000  
2025/07/06 11:57:44 - mmengine - INFO - Epoch(val) [120][750/800]    eta: 0:00:05  time: 0.1395  data_time: 0.0004  memory: 1000  
2025/07/06 11:57:51 - mmengine - INFO - Epoch(val) [120][800/800]    eta: 0:00:00  time: 0.1390  data_time: 0.0004  memory: 1000  
2025/07/06 11:57:52 - mmengine - INFO - Evaluating bbox...
2025/07/06 11:58:04 - mmengine - INFO - 
+-------------+-------+--------+--------+-------+-------+-------+
| category    | mAP   | mAP_50 | mAP_75 | mAP_s | mAP_m | mAP_l |
+-------------+-------+--------+--------+-------+-------+-------+
| car         | 0.704 | 0.967  | 0.858  | 0.486 | 0.733 | 0.0   |
| truck       | 0.537 | 0.755  | 0.654  | 0.065 | 0.536 | 0.585 |
| bus         | 0.753 | 0.959  | 0.892  | 0.002 | 0.717 | 0.815 |
| van         | 0.505 | 0.692  | 0.631  | 0.29  | 0.496 | 0.829 |
| freight_car | 0.497 | 0.691  | 0.594  | 0.173 | 0.485 | 0.578 |
+-------------+-------+--------+--------+-------+-------+-------+
2025/07/06 11:58:04 - mmengine - INFO - bbox_mAP_copypaste: 0.599 0.813 0.726 0.203 0.593 0.561
2025/07/06 11:58:04 - mmengine - INFO - Epoch(val) [120][800/800]    coco/car_precision: 0.7040  coco/truck_precision: 0.5370  coco/bus_precision: 0.7530  coco/van_precision: 0.5050  coco/freight_car_precision: 0.4970  coco/bbox_mAP: 0.5990  coco/bbox_mAP_50: 0.8130  coco/bbox_mAP_75: 0.7260  coco/bbox_mAP_s: 0.2030  coco/bbox_mAP_m: 0.5930  coco/bbox_mAP_l: 0.5610  data_time: 0.0004  time: 0.1027
2025/07/06 12:00:52 - mmengine - INFO - Epoch(train) [121][ 50/400]  base_lr: 1.0000e-02 lr: 4.1095e-03  eta: 1 day, 4:04:46  time: 3.3426  data_time: 0.0283  memory: 10777  grad_norm: 11.9061  loss: 19.8942  loss_cls: 4.0556  loss_bbox: 7.8036  loss_dfl: 8.0351
2025/07/06 12:03:37 - mmengine - INFO - Epoch(train) [121][100/400]  base_lr: 1.0000e-02 lr: 4.1095e-03  eta: 1 day, 4:02:17  time: 3.3133  data_time: 0.0064  memory: 10852  grad_norm: 12.0278  loss: 19.8300  loss_cls: 4.0820  loss_bbox: 7.7830  loss_dfl: 7.9650
2025/07/06 12:06:23 - mmengine - INFO - Epoch(train) [121][150/400]  base_lr: 1.0000e-02 lr: 4.1095e-03  eta: 1 day, 3:59:48  time: 3.3110  data_time: 0.0065  memory: 10799  grad_norm: 12.9538  loss: 20.3989  loss_cls: 4.1661  loss_bbox: 8.0066  loss_dfl: 8.2263
2025/07/06 12:09:08 - mmengine - INFO - Epoch(train) [121][200/400]  base_lr: 1.0000e-02 lr: 4.1095e-03  eta: 1 day, 3:57:19  time: 3.3101  data_time: 0.0063  memory: 10772  grad_norm: 12.1815  loss: 19.8851  loss_cls: 3.9979  loss_bbox: 7.7991  loss_dfl: 8.0881
2025/07/06 12:11:54 - mmengine - INFO - Epoch(train) [121][250/400]  base_lr: 1.0000e-02 lr: 4.1095e-03  eta: 1 day, 3:54:49  time: 3.3126  data_time: 0.0071  memory: 10879  grad_norm: 11.9839  loss: 19.8689  loss_cls: 3.9859  loss_bbox: 7.8867  loss_dfl: 7.9963
2025/07/06 12:14:40 - mmengine - INFO - Epoch(train) [121][300/400]  base_lr: 1.0000e-02 lr: 4.1095e-03  eta: 1 day, 3:52:20  time: 3.3133  data_time: 0.0066  memory: 10815  grad_norm: 12.5295  loss: 20.4029  loss_cls: 4.2289  loss_bbox: 8.0429  loss_dfl: 8.1311
2025/07/06 12:17:25 - mmengine - INFO - Epoch(train) [121][350/400]  base_lr: 1.0000e-02 lr: 4.1095e-03  eta: 1 day, 3:49:51  time: 3.3142  data_time: 0.0068  memory: 10873  grad_norm: 12.4063  loss: 20.0500  loss_cls: 4.0273  loss_bbox: 7.9052  loss_dfl: 8.1175
2025/07/06 12:20:11 - mmengine - INFO - Exp name: yolov8_mambatransformer_enhance_20250705_110818
2025/07/06 12:20:11 - mmengine - INFO - Epoch(train) [121][400/400]  base_lr: 1.0000e-02 lr: 4.1095e-03  eta: 1 day, 3:47:21  time: 3.3153  data_time: 0.0065  memory: 11135  grad_norm: 11.9064  loss: 20.0527  loss_cls: 4.1462  loss_bbox: 7.8713  loss_dfl: 8.0353
2025/07/06 12:20:11 - mmengine - INFO - Saving checkpoint at 121 epochs
2025/07/06 12:20:20 - mmengine - INFO - Epoch(val) [121][ 50/800]    eta: 0:01:22  time: 0.1101  data_time: 0.0010  memory: 1000  
2025/07/06 12:20:26 - mmengine - INFO - Epoch(val) [121][100/800]    eta: 0:01:19  time: 0.1165  data_time: 0.0005  memory: 1000  
2025/07/06 12:20:31 - mmengine - INFO - Epoch(val) [121][150/800]    eta: 0:01:10  time: 0.0987  data_time: 0.0004  memory: 1000  
2025/07/06 12:20:36 - mmengine - INFO - Epoch(val) [121][200/800]    eta: 0:01:02  time: 0.0933  data_time: 0.0004  memory: 1000  
2025/07/06 12:20:40 - mmengine - INFO - Epoch(val) [121][250/800]    eta: 0:00:56  time: 0.0928  data_time: 0.0004  memory: 1000  
2025/07/06 12:20:45 - mmengine - INFO - Epoch(val) [121][300/800]    eta: 0:00:50  time: 0.0935  data_time: 0.0004  memory: 1000  
2025/07/06 12:20:50 - mmengine - INFO - Epoch(val) [121][350/800]    eta: 0:00:45  time: 0.1003  data_time: 0.0004  memory: 1000  
2025/07/06 12:20:55 - mmengine - INFO - Epoch(val) [121][400/800]    eta: 0:00:40  time: 0.1087  data_time: 0.0006  memory: 1000  
2025/07/06 12:21:01 - mmengine - INFO - Epoch(val) [121][450/800]    eta: 0:00:36  time: 0.1123  data_time: 0.0005  memory: 1000  
2025/07/06 12:21:07 - mmengine - INFO - Epoch(val) [121][500/800]    eta: 0:00:31  time: 0.1174  data_time: 0.0005  memory: 1000  
2025/07/06 12:21:13 - mmengine - INFO - Epoch(val) [121][550/800]    eta: 0:00:26  time: 0.1197  data_time: 0.0005  memory: 1000  
2025/07/06 12:21:19 - mmengine - INFO - Epoch(val) [121][600/800]    eta: 0:00:21  time: 0.1197  data_time: 0.0005  memory: 1000  
2025/07/06 12:21:25 - mmengine - INFO - Epoch(val) [121][650/800]    eta: 0:00:16  time: 0.1203  data_time: 0.0005  memory: 1000  
2025/07/06 12:21:31 - mmengine - INFO - Epoch(val) [121][700/800]    eta: 0:00:10  time: 0.1155  data_time: 0.0005  memory: 1000  
2025/07/06 12:21:36 - mmengine - INFO - Epoch(val) [121][750/800]    eta: 0:00:05  time: 0.0950  data_time: 0.0005  memory: 1000  
2025/07/06 12:21:41 - mmengine - INFO - Epoch(val) [121][800/800]    eta: 0:00:00  time: 0.1039  data_time: 0.0013  memory: 1000  
2025/07/06 12:21:42 - mmengine - INFO - Evaluating bbox...
2025/07/06 12:22:04 - mmengine - INFO - 
+-------------+-------+--------+--------+-------+-------+-------+
| category    | mAP   | mAP_50 | mAP_75 | mAP_s | mAP_m | mAP_l |
+-------------+-------+--------+--------+-------+-------+-------+
| car         | 0.704 | 0.967  | 0.859  | 0.487 | 0.733 | 0.0   |
| truck       | 0.536 | 0.755  | 0.655  | 0.065 | 0.536 | 0.585 |
| bus         | 0.753 | 0.959  | 0.892  | 0.002 | 0.718 | 0.815 |
| van         | 0.506 | 0.693  | 0.632  | 0.289 | 0.497 | 0.827 |
| freight_car | 0.496 | 0.692  | 0.594  | 0.174 | 0.485 | 0.578 |
+-------------+-------+--------+--------+-------+-------+-------+
2025/07/06 12:22:04 - mmengine - INFO - bbox_mAP_copypaste: 0.599 0.813 0.726 0.203 0.593 0.561
2025/07/06 12:22:05 - mmengine - INFO - Epoch(val) [121][800/800]    coco/car_precision: 0.7040  coco/truck_precision: 0.5360  coco/bus_precision: 0.7530  coco/van_precision: 0.5060  coco/freight_car_precision: 0.4960  coco/bbox_mAP: 0.5990  coco/bbox_mAP_50: 0.8130  coco/bbox_mAP_75: 0.7260  coco/bbox_mAP_s: 0.2030  coco/bbox_mAP_m: 0.5930  coco/bbox_mAP_l: 0.5610  data_time: 0.0006  time: 0.1074
2025/07/06 12:23:45 - mmengine - INFO - Epoch(train) [122][ 50/400]  base_lr: 1.0000e-02 lr: 4.0600e-03  eta: 1 day, 3:43:34  time: 2.0041  data_time: 0.0330  memory: 10639  grad_norm: 12.3448  loss: 20.1378  loss_cls: 4.0895  loss_bbox: 7.8884  loss_dfl: 8.1598
2025/07/06 12:26:32 - mmengine - INFO - Epoch(train) [122][100/400]  base_lr: 1.0000e-02 lr: 4.0600e-03  eta: 1 day, 3:41:06  time: 3.3405  data_time: 0.0068  memory: 10788  grad_norm: 12.2578  loss: 19.8885  loss_cls: 4.0016  loss_bbox: 7.8054  loss_dfl: 8.0815
2025/07/06 12:29:19 - mmengine - INFO - Epoch(train) [122][150/400]  base_lr: 1.0000e-02 lr: 4.0600e-03  eta: 1 day, 3:38:38  time: 3.3386  data_time: 0.0065  memory: 10900  grad_norm: 12.7558  loss: 20.0902  loss_cls: 4.1550  loss_bbox: 7.8542  loss_dfl: 8.0810
2025/07/06 12:32:06 - mmengine - INFO - Epoch(train) [122][200/400]  base_lr: 1.0000e-02 lr: 4.0600e-03  eta: 1 day, 3:36:10  time: 3.3383  data_time: 0.0065  memory: 10980  grad_norm: 12.3876  loss: 19.8645  loss_cls: 4.0858  loss_bbox: 7.7965  loss_dfl: 7.9823
2025/07/06 12:34:53 - mmengine - INFO - Epoch(train) [122][250/400]  base_lr: 1.0000e-02 lr: 4.0600e-03  eta: 1 day, 3:33:42  time: 3.3369  data_time: 0.0062  memory: 10660  grad_norm: 12.1532  loss: 20.0361  loss_cls: 4.0125  loss_bbox: 7.9280  loss_dfl: 8.0956
2025/07/06 12:37:40 - mmengine - INFO - Epoch(train) [122][300/400]  base_lr: 1.0000e-02 lr: 4.0600e-03  eta: 1 day, 3:31:14  time: 3.3400  data_time: 0.0073  memory: 10841  grad_norm: 11.6825  loss: 19.8737  loss_cls: 4.0141  loss_bbox: 7.8947  loss_dfl: 7.9649
2025/07/06 12:40:26 - mmengine - INFO - Epoch(train) [122][350/400]  base_lr: 1.0000e-02 lr: 4.0600e-03  eta: 1 day, 3:28:46  time: 3.3363  data_time: 0.0062  memory: 10841  grad_norm: 12.3670  loss: 19.9899  loss_cls: 4.0795  loss_bbox: 7.8240  loss_dfl: 8.0864
2025/07/06 12:43:13 - mmengine - INFO - Exp name: yolov8_mambatransformer_enhance_20250705_110818
2025/07/06 12:43:13 - mmengine - INFO - Epoch(train) [122][400/400]  base_lr: 1.0000e-02 lr: 4.0600e-03  eta: 1 day, 3:26:18  time: 3.3378  data_time: 0.0063  memory: 10756  grad_norm: 12.1582  loss: 19.9352  loss_cls: 4.0416  loss_bbox: 7.8775  loss_dfl: 8.0162
2025/07/06 12:43:13 - mmengine - INFO - Saving checkpoint at 122 epochs
2025/07/06 12:43:22 - mmengine - INFO - Epoch(val) [122][ 50/800]    eta: 0:01:23  time: 0.1109  data_time: 0.0010  memory: 1000  
2025/07/06 12:43:28 - mmengine - INFO - Epoch(val) [122][100/800]    eta: 0:01:16  time: 0.1082  data_time: 0.0004  memory: 1000  
2025/07/06 12:43:32 - mmengine - INFO - Epoch(val) [122][150/800]    eta: 0:01:07  time: 0.0936  data_time: 0.0004  memory: 1000  
2025/07/06 12:43:37 - mmengine - INFO - Epoch(val) [122][200/800]    eta: 0:01:02  time: 0.1030  data_time: 0.0004  memory: 1000  
2025/07/06 12:43:42 - mmengine - INFO - Epoch(val) [122][250/800]    eta: 0:00:56  time: 0.1008  data_time: 0.0004  memory: 1000  
2025/07/06 12:43:47 - mmengine - INFO - Epoch(val) [122][300/800]    eta: 0:00:50  time: 0.0916  data_time: 0.0004  memory: 1000  
2025/07/06 12:43:52 - mmengine - INFO - Epoch(val) [122][350/800]    eta: 0:00:45  time: 0.1010  data_time: 0.0004  memory: 1000  
2025/07/06 12:43:57 - mmengine - INFO - Epoch(val) [122][400/800]    eta: 0:00:40  time: 0.1001  data_time: 0.0004  memory: 1000  
2025/07/06 12:44:03 - mmengine - INFO - Epoch(val) [122][450/800]    eta: 0:00:35  time: 0.1071  data_time: 0.0004  memory: 1000  
2025/07/06 12:44:08 - mmengine - INFO - Epoch(val) [122][500/800]    eta: 0:00:30  time: 0.1110  data_time: 0.0005  memory: 1000  
2025/07/06 12:44:14 - mmengine - INFO - Epoch(val) [122][550/800]    eta: 0:00:25  time: 0.1101  data_time: 0.0004  memory: 1000  
2025/07/06 12:44:19 - mmengine - INFO - Epoch(val) [122][600/800]    eta: 0:00:20  time: 0.1084  data_time: 0.0004  memory: 1000  
2025/07/06 12:44:24 - mmengine - INFO - Epoch(val) [122][650/800]    eta: 0:00:15  time: 0.1061  data_time: 0.0004  memory: 1000  
2025/07/06 12:44:30 - mmengine - INFO - Epoch(val) [122][700/800]    eta: 0:00:10  time: 0.1107  data_time: 0.0005  memory: 1000  
2025/07/06 12:44:35 - mmengine - INFO - Epoch(val) [122][750/800]    eta: 0:00:05  time: 0.1103  data_time: 0.0004  memory: 1000  
2025/07/06 12:44:41 - mmengine - INFO - Epoch(val) [122][800/800]    eta: 0:00:00  time: 0.1108  data_time: 0.0004  memory: 1000  
2025/07/06 12:44:42 - mmengine - INFO - Evaluating bbox...
2025/07/06 12:44:55 - mmengine - INFO - 
+-------------+-------+--------+--------+-------+-------+-------+
| category    | mAP   | mAP_50 | mAP_75 | mAP_s | mAP_m | mAP_l |
+-------------+-------+--------+--------+-------+-------+-------+
| car         | 0.703 | 0.967  | 0.859  | 0.487 | 0.732 | 0.0   |
| truck       | 0.537 | 0.755  | 0.656  | 0.1   | 0.536 | 0.587 |
| bus         | 0.753 | 0.959  | 0.892  | 0.002 | 0.717 | 0.816 |
| van         | 0.508 | 0.693  | 0.633  | 0.289 | 0.498 | 0.837 |
| freight_car | 0.497 | 0.692  | 0.593  | 0.174 | 0.486 | 0.578 |
+-------------+-------+--------+--------+-------+-------+-------+
2025/07/06 12:44:55 - mmengine - INFO - bbox_mAP_copypaste: 0.600 0.813 0.727 0.210 0.594 0.563
2025/07/06 12:44:55 - mmengine - INFO - Epoch(val) [122][800/800]    coco/car_precision: 0.7030  coco/truck_precision: 0.5370  coco/bus_precision: 0.7530  coco/van_precision: 0.5080  coco/freight_car_precision: 0.4970  coco/bbox_mAP: 0.6000  coco/bbox_mAP_50: 0.8130  coco/bbox_mAP_75: 0.7270  coco/bbox_mAP_s: 0.2100  coco/bbox_mAP_m: 0.5940  coco/bbox_mAP_l: 0.5630  data_time: 0.0004  time: 0.1052
2025/07/06 12:47:43 - mmengine - INFO - Epoch(train) [123][ 50/400]  base_lr: 1.0000e-02 lr: 4.0105e-03  eta: 1 day, 3:23:51  time: 3.3656  data_time: 0.0313  memory: 10804  grad_norm: 12.8583  loss: 19.8272  loss_cls: 4.0246  loss_bbox: 7.7498  loss_dfl: 8.0527
2025/07/06 12:50:30 - mmengine - INFO - Epoch(train) [123][100/400]  base_lr: 1.0000e-02 lr: 4.0105e-03  eta: 1 day, 3:21:23  time: 3.3388  data_time: 0.0064  memory: 10980  grad_norm: 12.2531  loss: 19.8847  loss_cls: 3.9636  loss_bbox: 7.7917  loss_dfl: 8.1294
2025/07/06 12:52:30 - mmengine - INFO - Epoch(train) [123][150/400]  base_lr: 1.0000e-02 lr: 4.0105e-03  eta: 1 day, 3:18:01  time: 2.4091  data_time: 0.0072  memory: 10825  grad_norm: 12.3150  loss: 19.9539  loss_cls: 4.1173  loss_bbox: 7.8416  loss_dfl: 7.9950
2025/07/06 12:54:34 - mmengine - INFO - Exp name: yolov8_mambatransformer_enhance_20250705_110818
2025/07/06 12:54:34 - mmengine - INFO - Epoch(train) [123][200/400]  base_lr: 1.0000e-02 lr: 4.0105e-03  eta: 1 day, 3:14:42  time: 2.4659  data_time: 0.0065  memory: 10996  grad_norm: 12.3267  loss: 19.9931  loss_cls: 4.0778  loss_bbox: 7.8544  loss_dfl: 8.0609
2025/07/06 12:57:19 - mmengine - INFO - Epoch(train) [123][250/400]  base_lr: 1.0000e-02 lr: 4.0105e-03  eta: 1 day, 3:12:12  time: 3.3110  data_time: 0.0074  memory: 10665  grad_norm: 12.5799  loss: 20.1920  loss_cls: 4.1000  loss_bbox: 7.9130  loss_dfl: 8.1790
2025/07/06 13:00:05 - mmengine - INFO - Epoch(train) [123][300/400]  base_lr: 1.0000e-02 lr: 4.0105e-03  eta: 1 day, 3:09:43  time: 3.3175  data_time: 0.0083  memory: 10740  grad_norm: 12.6121  loss: 20.0899  loss_cls: 4.0914  loss_bbox: 7.8895  loss_dfl: 8.1090
2025/07/06 13:02:51 - mmengine - INFO - Epoch(train) [123][350/400]  base_lr: 1.0000e-02 lr: 4.0105e-03  eta: 1 day, 3:07:13  time: 3.3144  data_time: 0.0075  memory: 10825  grad_norm: 12.7297  loss: 20.1427  loss_cls: 4.1361  loss_bbox: 7.8856  loss_dfl: 8.1210
2025/07/06 13:05:37 - mmengine - INFO - Exp name: yolov8_mambatransformer_enhance_20250705_110818
2025/07/06 13:05:37 - mmengine - INFO - Epoch(train) [123][400/400]  base_lr: 1.0000e-02 lr: 4.0105e-03  eta: 1 day, 3:04:43  time: 3.3128  data_time: 0.0066  memory: 11060  grad_norm: 13.0698  loss: 20.1483  loss_cls: 4.1116  loss_bbox: 7.9117  loss_dfl: 8.1250
2025/07/06 13:05:37 - mmengine - INFO - Saving checkpoint at 123 epochs
2025/07/06 13:05:45 - mmengine - INFO - Epoch(val) [123][ 50/800]    eta: 0:01:23  time: 0.1107  data_time: 0.0009  memory: 1000  
2025/07/06 13:05:51 - mmengine - INFO - Epoch(val) [123][100/800]    eta: 0:01:19  time: 0.1173  data_time: 0.0005  memory: 1000  
2025/07/06 13:05:57 - mmengine - INFO - Epoch(val) [123][150/800]    eta: 0:01:14  time: 0.1151  data_time: 0.0004  memory: 1000  
2025/07/06 13:06:03 - mmengine - INFO - Epoch(val) [123][200/800]    eta: 0:01:08  time: 0.1128  data_time: 0.0004  memory: 1000  
2025/07/06 13:06:09 - mmengine - INFO - Epoch(val) [123][250/800]    eta: 0:01:03  time: 0.1214  data_time: 0.0004  memory: 1000  
2025/07/06 13:06:14 - mmengine - INFO - Epoch(val) [123][300/800]    eta: 0:00:57  time: 0.1111  data_time: 0.0005  memory: 1000  
2025/07/06 13:06:20 - mmengine - INFO - Epoch(val) [123][350/800]    eta: 0:00:51  time: 0.1100  data_time: 0.0004  memory: 1000  
2025/07/06 13:06:26 - mmengine - INFO - Epoch(val) [123][400/800]    eta: 0:00:45  time: 0.1112  data_time: 0.0005  memory: 1000  
2025/07/06 13:06:31 - mmengine - INFO - Epoch(val) [123][450/800]    eta: 0:00:39  time: 0.1111  data_time: 0.0005  memory: 1000  
2025/07/06 13:06:37 - mmengine - INFO - Epoch(val) [123][500/800]    eta: 0:00:33  time: 0.1111  data_time: 0.0004  memory: 1000  
2025/07/06 13:06:42 - mmengine - INFO - Epoch(val) [123][550/800]    eta: 0:00:28  time: 0.1112  data_time: 0.0005  memory: 1000  
2025/07/06 13:06:48 - mmengine - INFO - Epoch(val) [123][600/800]    eta: 0:00:22  time: 0.1111  data_time: 0.0005  memory: 1000  
2025/07/06 13:06:53 - mmengine - INFO - Epoch(val) [123][650/800]    eta: 0:00:16  time: 0.1115  data_time: 0.0005  memory: 1000  
2025/07/06 13:06:59 - mmengine - INFO - Epoch(val) [123][700/800]    eta: 0:00:11  time: 0.1100  data_time: 0.0004  memory: 1000  
2025/07/06 13:07:04 - mmengine - INFO - Epoch(val) [123][750/800]    eta: 0:00:05  time: 0.1085  data_time: 0.0004  memory: 1000  
2025/07/06 13:07:09 - mmengine - INFO - Epoch(val) [123][800/800]    eta: 0:00:00  time: 0.0935  data_time: 0.0004  memory: 1000  
2025/07/06 13:07:10 - mmengine - INFO - Evaluating bbox...
2025/07/06 13:07:22 - mmengine - INFO - 
+-------------+-------+--------+--------+-------+-------+-------+
| category    | mAP   | mAP_50 | mAP_75 | mAP_s | mAP_m | mAP_l |
+-------------+-------+--------+--------+-------+-------+-------+
| car         | 0.704 | 0.967  | 0.859  | 0.486 | 0.733 | 0.0   |
| truck       | 0.537 | 0.756  | 0.656  | 0.1   | 0.535 | 0.588 |
| bus         | 0.753 | 0.959  | 0.893  | 0.002 | 0.718 | 0.817 |
| van         | 0.511 | 0.694  | 0.633  | 0.292 | 0.502 | 0.836 |
| freight_car | 0.495 | 0.692  | 0.588  | 0.174 | 0.483 | 0.581 |
+-------------+-------+--------+--------+-------+-------+-------+
2025/07/06 13:07:22 - mmengine - INFO - bbox_mAP_copypaste: 0.600 0.814 0.726 0.211 0.594 0.564
2025/07/06 13:07:23 - mmengine - INFO - Epoch(val) [123][800/800]    coco/car_precision: 0.7040  coco/truck_precision: 0.5370  coco/bus_precision: 0.7530  coco/van_precision: 0.5110  coco/freight_car_precision: 0.4950  coco/bbox_mAP: 0.6000  coco/bbox_mAP_50: 0.8140  coco/bbox_mAP_75: 0.7260  coco/bbox_mAP_s: 0.2110  coco/bbox_mAP_m: 0.5940  coco/bbox_mAP_l: 0.5640  data_time: 0.0005  time: 0.1111
2025/07/06 13:07:23 - mmengine - INFO - The previous best checkpoint /data/nl/Mamba2Spectral/work_dirs/DroneVehicle/2025_06_30/yolov8_mambatransformer_enhance/best_coco_bbox_mAP_50_epoch_116.pth is removed
2025/07/06 13:07:25 - mmengine - INFO - The best checkpoint with 0.8140 coco/bbox_mAP_50 at 123 epoch is saved to best_coco_bbox_mAP_50_epoch_123.pth.
2025/07/06 13:10:17 - mmengine - INFO - Epoch(train) [124][ 50/400]  base_lr: 1.0000e-02 lr: 3.9610e-03  eta: 1 day, 3:02:15  time: 3.3328  data_time: 0.0298  memory: 10692  grad_norm: 12.8097  loss: 20.2468  loss_cls: 4.1371  loss_bbox: 7.9435  loss_dfl: 8.1662
2025/07/06 13:13:03 - mmengine - INFO - Epoch(train) [124][100/400]  base_lr: 1.0000e-02 lr: 3.9610e-03  eta: 1 day, 2:59:45  time: 3.3152  data_time: 0.0070  memory: 11033  grad_norm: 12.1583  loss: 19.7435  loss_cls: 3.9376  loss_bbox: 7.8634  loss_dfl: 7.9426
2025/07/06 13:15:48 - mmengine - INFO - Epoch(train) [124][150/400]  base_lr: 1.0000e-02 lr: 3.9610e-03  eta: 1 day, 2:57:15  time: 3.3108  data_time: 0.0069  memory: 10703  grad_norm: 13.6751  loss: 20.1863  loss_cls: 4.1805  loss_bbox: 7.8995  loss_dfl: 8.1063
2025/07/06 13:18:34 - mmengine - INFO - Epoch(train) [124][200/400]  base_lr: 1.0000e-02 lr: 3.9610e-03  eta: 1 day, 2:54:45  time: 3.3138  data_time: 0.0066  memory: 10810  grad_norm: 12.6713  loss: 20.1680  loss_cls: 4.1323  loss_bbox: 7.9217  loss_dfl: 8.1140
2025/07/06 13:21:03 - mmengine - INFO - Epoch(train) [124][250/400]  base_lr: 1.0000e-02 lr: 3.9610e-03  eta: 1 day, 2:51:56  time: 2.9783  data_time: 0.0068  memory: 11113  grad_norm: 12.4526  loss: 19.8999  loss_cls: 4.1208  loss_bbox: 7.7758  loss_dfl: 8.0032
2025/07/06 13:22:43 - mmengine - INFO - Epoch(train) [124][300/400]  base_lr: 1.0000e-02 lr: 3.9610e-03  eta: 1 day, 2:48:13  time: 2.0025  data_time: 0.0074  memory: 10905  grad_norm: 12.8941  loss: 19.9927  loss_cls: 4.0323  loss_bbox: 7.8586  loss_dfl: 8.1018
2025/07/06 13:25:29 - mmengine - INFO - Epoch(train) [124][350/400]  base_lr: 1.0000e-02 lr: 3.9610e-03  eta: 1 day, 2:45:43  time: 3.3195  data_time: 0.0078  memory: 10745  grad_norm: 12.3137  loss: 19.8083  loss_cls: 4.0591  loss_bbox: 7.7552  loss_dfl: 7.9940
2025/07/06 13:28:14 - mmengine - INFO - Exp name: yolov8_mambatransformer_enhance_20250705_110818
2025/07/06 13:28:14 - mmengine - INFO - Epoch(train) [124][400/400]  base_lr: 1.0000e-02 lr: 3.9610e-03  eta: 1 day, 2:43:13  time: 3.3122  data_time: 0.0066  memory: 10772  grad_norm: 12.3490  loss: 19.9035  loss_cls: 3.9391  loss_bbox: 7.8553  loss_dfl: 8.1092
2025/07/06 13:28:15 - mmengine - INFO - Saving checkpoint at 124 epochs
2025/07/06 13:28:23 - mmengine - INFO - Epoch(val) [124][ 50/800]    eta: 0:01:13  time: 0.0979  data_time: 0.0010  memory: 1000  
2025/07/06 13:28:27 - mmengine - INFO - Epoch(val) [124][100/800]    eta: 0:01:06  time: 0.0928  data_time: 0.0004  memory: 1000  
2025/07/06 13:28:32 - mmengine - INFO - Epoch(val) [124][150/800]    eta: 0:01:01  time: 0.0929  data_time: 0.0004  memory: 1000  
2025/07/06 13:28:37 - mmengine - INFO - Epoch(val) [124][200/800]    eta: 0:00:56  time: 0.0917  data_time: 0.0004  memory: 1000  
2025/07/06 13:28:41 - mmengine - INFO - Epoch(val) [124][250/800]    eta: 0:00:51  time: 0.0923  data_time: 0.0004  memory: 1000  
2025/07/06 13:28:46 - mmengine - INFO - Epoch(val) [124][300/800]    eta: 0:00:46  time: 0.0923  data_time: 0.0004  memory: 1000  
2025/07/06 13:28:51 - mmengine - INFO - Epoch(val) [124][350/800]    eta: 0:00:41  time: 0.0926  data_time: 0.0004  memory: 1000  
2025/07/06 13:28:55 - mmengine - INFO - Epoch(val) [124][400/800]    eta: 0:00:37  time: 0.0951  data_time: 0.0004  memory: 1000  
2025/07/06 13:29:01 - mmengine - INFO - Epoch(val) [124][450/800]    eta: 0:00:33  time: 0.1101  data_time: 0.0004  memory: 1000  
2025/07/06 13:29:06 - mmengine - INFO - Epoch(val) [124][500/800]    eta: 0:00:29  time: 0.1105  data_time: 0.0005  memory: 1000  
2025/07/06 13:29:12 - mmengine - INFO - Epoch(val) [124][550/800]    eta: 0:00:24  time: 0.1098  data_time: 0.0004  memory: 1000  
2025/07/06 13:29:17 - mmengine - INFO - Epoch(val) [124][600/800]    eta: 0:00:19  time: 0.1111  data_time: 0.0004  memory: 1000  
2025/07/06 13:29:23 - mmengine - INFO - Epoch(val) [124][650/800]    eta: 0:00:14  time: 0.1095  data_time: 0.0004  memory: 1000  
2025/07/06 13:29:28 - mmengine - INFO - Epoch(val) [124][700/800]    eta: 0:00:10  time: 0.1107  data_time: 0.0004  memory: 1000  
2025/07/06 13:29:34 - mmengine - INFO - Epoch(val) [124][750/800]    eta: 0:00:05  time: 0.1094  data_time: 0.0004  memory: 1000  
2025/07/06 13:29:40 - mmengine - INFO - Epoch(val) [124][800/800]    eta: 0:00:00  time: 0.1108  data_time: 0.0004  memory: 1000  
2025/07/06 13:29:41 - mmengine - INFO - Evaluating bbox...
2025/07/06 13:29:53 - mmengine - INFO - 
+-------------+-------+--------+--------+-------+-------+-------+
| category    | mAP   | mAP_50 | mAP_75 | mAP_s | mAP_m | mAP_l |
+-------------+-------+--------+--------+-------+-------+-------+
| car         | 0.704 | 0.967  | 0.858  | 0.486 | 0.733 | 0.0   |
| truck       | 0.538 | 0.756  | 0.658  | 0.098 | 0.535 | 0.588 |
| bus         | 0.754 | 0.959  | 0.896  | 0.002 | 0.719 | 0.818 |
| van         | 0.511 | 0.694  | 0.634  | 0.288 | 0.503 | 0.836 |
| freight_car | 0.495 | 0.693  | 0.593  | 0.174 | 0.482 | 0.582 |
+-------------+-------+--------+--------+-------+-------+-------+
2025/07/06 13:29:53 - mmengine - INFO - bbox_mAP_copypaste: 0.600 0.814 0.728 0.209 0.594 0.565
2025/07/06 13:29:53 - mmengine - INFO - Epoch(val) [124][800/800]    coco/car_precision: 0.7040  coco/truck_precision: 0.5380  coco/bus_precision: 0.7540  coco/van_precision: 0.5110  coco/freight_car_precision: 0.4950  coco/bbox_mAP: 0.6000  coco/bbox_mAP_50: 0.8140  coco/bbox_mAP_75: 0.7280  coco/bbox_mAP_s: 0.2090  coco/bbox_mAP_m: 0.5940  coco/bbox_mAP_l: 0.5650  data_time: 0.0004  time: 0.1018
2025/07/06 13:32:40 - mmengine - INFO - Epoch(train) [125][ 50/400]  base_lr: 1.0000e-02 lr: 3.9115e-03  eta: 1 day, 2:40:45  time: 3.3368  data_time: 0.0301  memory: 10810  grad_norm: 12.8425  loss: 19.8568  loss_cls: 4.0521  loss_bbox: 7.8077  loss_dfl: 7.9969
2025/07/06 13:35:25 - mmengine - INFO - Epoch(train) [125][100/400]  base_lr: 1.0000e-02 lr: 3.9115e-03  eta: 1 day, 2:38:14  time: 3.3129  data_time: 0.0071  memory: 10804  grad_norm: 12.0263  loss: 19.8886  loss_cls: 4.0448  loss_bbox: 7.8344  loss_dfl: 8.0094
2025/07/06 13:38:11 - mmengine - INFO - Epoch(train) [125][150/400]  base_lr: 1.0000e-02 lr: 3.9115e-03  eta: 1 day, 2:35:44  time: 3.3147  data_time: 0.0067  memory: 10820  grad_norm: 12.1342  loss: 19.8183  loss_cls: 4.0478  loss_bbox: 7.7631  loss_dfl: 8.0074
2025/07/06 13:40:57 - mmengine - INFO - Epoch(train) [125][200/400]  base_lr: 1.0000e-02 lr: 3.9115e-03  eta: 1 day, 2:33:14  time: 3.3130  data_time: 0.0066  memory: 10836  grad_norm: 12.8601  loss: 20.0768  loss_cls: 4.0210  loss_bbox: 7.9010  loss_dfl: 8.1548
2025/07/06 13:43:42 - mmengine - INFO - Epoch(train) [125][250/400]  base_lr: 1.0000e-02 lr: 3.9115e-03  eta: 1 day, 2:30:44  time: 3.3137  data_time: 0.0067  memory: 10777  grad_norm: 12.8339  loss: 19.8094  loss_cls: 3.9502  loss_bbox: 7.8187  loss_dfl: 8.0405
2025/07/06 13:46:28 - mmengine - INFO - Epoch(train) [125][300/400]  base_lr: 1.0000e-02 lr: 3.9115e-03  eta: 1 day, 2:28:14  time: 3.3149  data_time: 0.0066  memory: 10959  grad_norm: 12.2159  loss: 19.7703  loss_cls: 3.9296  loss_bbox: 7.7559  loss_dfl: 8.0848
2025/07/06 13:49:14 - mmengine - INFO - Epoch(train) [125][350/400]  base_lr: 1.0000e-02 lr: 3.9115e-03  eta: 1 day, 2:25:43  time: 3.3103  data_time: 0.0072  memory: 10729  grad_norm: 14.0053  loss: 20.5016  loss_cls: 4.1878  loss_bbox: 8.0707  loss_dfl: 8.2430
2025/07/06 13:51:17 - mmengine - INFO - Exp name: yolov8_mambatransformer_enhance_20250705_110818
2025/07/06 13:51:17 - mmengine - INFO - Epoch(train) [125][400/400]  base_lr: 1.0000e-02 lr: 3.9115e-03  eta: 1 day, 2:22:28  time: 2.4689  data_time: 0.0065  memory: 10804  grad_norm: 13.0192  loss: 20.0082  loss_cls: 4.0973  loss_bbox: 7.7945  loss_dfl: 8.1164
2025/07/06 13:51:17 - mmengine - INFO - Saving checkpoint at 125 epochs
2025/07/06 13:51:27 - mmengine - INFO - Epoch(val) [125][ 50/800]    eta: 0:01:20  time: 0.1078  data_time: 0.0040  memory: 1000  
2025/07/06 13:51:32 - mmengine - INFO - Epoch(val) [125][100/800]    eta: 0:01:14  time: 0.1042  data_time: 0.0037  memory: 1000  
2025/07/06 13:51:37 - mmengine - INFO - Epoch(val) [125][150/800]    eta: 0:01:08  time: 0.1059  data_time: 0.0038  memory: 1000  
2025/07/06 13:51:43 - mmengine - INFO - Epoch(val) [125][200/800]    eta: 0:01:03  time: 0.1074  data_time: 0.0021  memory: 1000  
2025/07/06 13:51:48 - mmengine - INFO - Epoch(val) [125][250/800]    eta: 0:00:58  time: 0.1054  data_time: 0.0004  memory: 1000  
2025/07/06 13:51:53 - mmengine - INFO - Epoch(val) [125][300/800]    eta: 0:00:53  time: 0.1104  data_time: 0.0023  memory: 1000  
2025/07/06 13:51:58 - mmengine - INFO - Epoch(val) [125][350/800]    eta: 0:00:47  time: 0.0909  data_time: 0.0004  memory: 1000  
2025/07/06 13:52:02 - mmengine - INFO - Epoch(val) [125][400/800]    eta: 0:00:40  time: 0.0745  data_time: 0.0004  memory: 1000  
2025/07/06 13:52:05 - mmengine - INFO - Epoch(val) [125][450/800]    eta: 0:00:34  time: 0.0735  data_time: 0.0004  memory: 1000  
2025/07/06 13:52:10 - mmengine - INFO - Epoch(val) [125][500/800]    eta: 0:00:29  time: 0.0966  data_time: 0.0005  memory: 1000  
2025/07/06 13:52:15 - mmengine - INFO - Epoch(val) [125][550/800]    eta: 0:00:24  time: 0.0961  data_time: 0.0005  memory: 1000  
2025/07/06 13:52:20 - mmengine - INFO - Epoch(val) [125][600/800]    eta: 0:00:19  time: 0.0984  data_time: 0.0005  memory: 1000  
2025/07/06 13:52:26 - mmengine - INFO - Epoch(val) [125][650/800]    eta: 0:00:14  time: 0.1094  data_time: 0.0004  memory: 1000  
2025/07/06 13:52:31 - mmengine - INFO - Epoch(val) [125][700/800]    eta: 0:00:09  time: 0.1113  data_time: 0.0005  memory: 1000  
2025/07/06 13:52:37 - mmengine - INFO - Epoch(val) [125][750/800]    eta: 0:00:05  time: 0.1101  data_time: 0.0004  memory: 1000  
2025/07/06 13:52:43 - mmengine - INFO - Epoch(val) [125][800/800]    eta: 0:00:00  time: 0.1160  data_time: 0.0004  memory: 1000  
2025/07/06 13:52:44 - mmengine - INFO - Evaluating bbox...
2025/07/06 13:52:56 - mmengine - INFO - 
+-------------+-------+--------+--------+-------+-------+-------+
| category    | mAP   | mAP_50 | mAP_75 | mAP_s | mAP_m | mAP_l |
+-------------+-------+--------+--------+-------+-------+-------+
| car         | 0.704 | 0.967  | 0.858  | 0.485 | 0.733 | 0.0   |
| truck       | 0.538 | 0.756  | 0.658  | 0.098 | 0.536 | 0.589 |
| bus         | 0.755 | 0.959  | 0.896  | 0.002 | 0.72  | 0.819 |
| van         | 0.51  | 0.695  | 0.634  | 0.289 | 0.502 | 0.836 |
| freight_car | 0.494 | 0.693  | 0.59   | 0.171 | 0.481 | 0.583 |
+-------------+-------+--------+--------+-------+-------+-------+
2025/07/06 13:52:56 - mmengine - INFO - bbox_mAP_copypaste: 0.600 0.814 0.727 0.209 0.594 0.565
2025/07/06 13:52:56 - mmengine - INFO - Epoch(val) [125][800/800]    coco/car_precision: 0.7040  coco/truck_precision: 0.5380  coco/bus_precision: 0.7550  coco/van_precision: 0.5100  coco/freight_car_precision: 0.4940  coco/bbox_mAP: 0.6000  coco/bbox_mAP_50: 0.8140  coco/bbox_mAP_75: 0.7270  coco/bbox_mAP_s: 0.2090  coco/bbox_mAP_m: 0.5940  coco/bbox_mAP_l: 0.5650  data_time: 0.0013  time: 0.1011
2025/07/06 13:55:43 - mmengine - INFO - Epoch(train) [126][ 50/400]  base_lr: 1.0000e-02 lr: 3.8620e-03  eta: 1 day, 2:19:58  time: 3.3309  data_time: 0.0284  memory: 10719  grad_norm: 12.6333  loss: 20.0542  loss_cls: 4.0415  loss_bbox: 7.8355  loss_dfl: 8.1772
2025/07/06 13:58:28 - mmengine - INFO - Epoch(train) [126][100/400]  base_lr: 1.0000e-02 lr: 3.8620e-03  eta: 1 day, 2:17:27  time: 3.3090  data_time: 0.0060  memory: 10937  grad_norm: 13.2658  loss: 19.9908  loss_cls: 4.0893  loss_bbox: 7.8719  loss_dfl: 8.0295
2025/07/06 14:01:14 - mmengine - INFO - Epoch(train) [126][150/400]  base_lr: 1.0000e-02 lr: 3.8620e-03  eta: 1 day, 2:14:57  time: 3.3082  data_time: 0.0063  memory: 10863  grad_norm: 12.7072  loss: 19.9874  loss_cls: 4.0728  loss_bbox: 7.8021  loss_dfl: 8.1125
2025/07/06 14:03:59 - mmengine - INFO - Epoch(train) [126][200/400]  base_lr: 1.0000e-02 lr: 3.8620e-03  eta: 1 day, 2:12:26  time: 3.3101  data_time: 0.0065  memory: 10761  grad_norm: 12.6247  loss: 19.9693  loss_cls: 4.0732  loss_bbox: 7.8866  loss_dfl: 8.0095
2025/07/06 14:06:45 - mmengine - INFO - Epoch(train) [126][250/400]  base_lr: 1.0000e-02 lr: 3.8620e-03  eta: 1 day, 2:09:56  time: 3.3141  data_time: 0.0066  memory: 10836  grad_norm: 12.6684  loss: 20.0394  loss_cls: 4.0831  loss_bbox: 7.8536  loss_dfl: 8.1027
2025/07/06 14:09:31 - mmengine - INFO - Epoch(train) [126][300/400]  base_lr: 1.0000e-02 lr: 3.8620e-03  eta: 1 day, 2:07:25  time: 3.3139  data_time: 0.0063  memory: 10804  grad_norm: 12.6163  loss: 19.8655  loss_cls: 3.9687  loss_bbox: 7.8586  loss_dfl: 8.0383
2025/07/06 14:12:16 - mmengine - INFO - Epoch(train) [126][350/400]  base_lr: 1.0000e-02 lr: 3.8620e-03  eta: 1 day, 2:04:54  time: 3.3143  data_time: 0.0069  memory: 10985  grad_norm: 12.6483  loss: 19.8509  loss_cls: 4.0393  loss_bbox: 7.8168  loss_dfl: 7.9948
2025/07/06 14:15:02 - mmengine - INFO - Exp name: yolov8_mambatransformer_enhance_20250705_110818
2025/07/06 14:15:02 - mmengine - INFO - Epoch(train) [126][400/400]  base_lr: 1.0000e-02 lr: 3.8620e-03  eta: 1 day, 2:02:24  time: 3.3144  data_time: 0.0066  memory: 10735  grad_norm: 12.4852  loss: 19.8343  loss_cls: 4.0593  loss_bbox: 7.7755  loss_dfl: 7.9995
2025/07/06 14:15:02 - mmengine - INFO - Saving checkpoint at 126 epochs
2025/07/06 14:15:10 - mmengine - INFO - Epoch(val) [126][ 50/800]    eta: 0:01:18  time: 0.1042  data_time: 0.0009  memory: 1000  
2025/07/06 14:15:15 - mmengine - INFO - Epoch(val) [126][100/800]    eta: 0:01:09  time: 0.0945  data_time: 0.0004  memory: 1000  
2025/07/06 14:15:20 - mmengine - INFO - Epoch(val) [126][150/800]    eta: 0:01:03  time: 0.0929  data_time: 0.0003  memory: 1000  
2025/07/06 14:15:25 - mmengine - INFO - Epoch(val) [126][200/800]    eta: 0:00:58  time: 0.0996  data_time: 0.0004  memory: 1000  
2025/07/06 14:15:30 - mmengine - INFO - Epoch(val) [126][250/800]    eta: 0:00:54  time: 0.1082  data_time: 0.0004  memory: 1000  
2025/07/06 14:15:35 - mmengine - INFO - Epoch(val) [126][300/800]    eta: 0:00:49  time: 0.0956  data_time: 0.0004  memory: 1000  
2025/07/06 14:15:40 - mmengine - INFO - Epoch(val) [126][350/800]    eta: 0:00:44  time: 0.0982  data_time: 0.0004  memory: 1000  
2025/07/06 14:15:44 - mmengine - INFO - Epoch(val) [126][400/800]    eta: 0:00:39  time: 0.0901  data_time: 0.0003  memory: 1000  
2025/07/06 14:15:50 - mmengine - INFO - Epoch(val) [126][450/800]    eta: 0:00:34  time: 0.1102  data_time: 0.0005  memory: 1000  
2025/07/06 14:15:55 - mmengine - INFO - Epoch(val) [126][500/800]    eta: 0:00:30  time: 0.1089  data_time: 0.0004  memory: 1000  
2025/07/06 14:16:01 - mmengine - INFO - Epoch(val) [126][550/800]    eta: 0:00:25  time: 0.1097  data_time: 0.0004  memory: 1000  
2025/07/06 14:16:06 - mmengine - INFO - Epoch(val) [126][600/800]    eta: 0:00:20  time: 0.1110  data_time: 0.0004  memory: 1000  
2025/07/06 14:16:12 - mmengine - INFO - Epoch(val) [126][650/800]    eta: 0:00:15  time: 0.1106  data_time: 0.0004  memory: 1000  
2025/07/06 14:16:18 - mmengine - INFO - Epoch(val) [126][700/800]    eta: 0:00:10  time: 0.1108  data_time: 0.0004  memory: 1000  
2025/07/06 14:16:23 - mmengine - INFO - Epoch(val) [126][750/800]    eta: 0:00:05  time: 0.1103  data_time: 0.0004  memory: 1000  
2025/07/06 14:16:29 - mmengine - INFO - Epoch(val) [126][800/800]    eta: 0:00:00  time: 0.1120  data_time: 0.0005  memory: 1000  
2025/07/06 14:16:30 - mmengine - INFO - Evaluating bbox...
2025/07/06 14:16:42 - mmengine - INFO - 
+-------------+-------+--------+--------+-------+-------+-------+
| category    | mAP   | mAP_50 | mAP_75 | mAP_s | mAP_m | mAP_l |
+-------------+-------+--------+--------+-------+-------+-------+
| car         | 0.703 | 0.967  | 0.858  | 0.484 | 0.733 | 0.0   |
| truck       | 0.539 | 0.757  | 0.661  | 0.099 | 0.536 | 0.593 |
| bus         | 0.755 | 0.959  | 0.894  | 0.001 | 0.719 | 0.818 |
| van         | 0.514 | 0.7    | 0.639  | 0.289 | 0.502 | 0.845 |
| freight_car | 0.495 | 0.694  | 0.594  | 0.174 | 0.482 | 0.584 |
+-------------+-------+--------+--------+-------+-------+-------+
2025/07/06 14:16:42 - mmengine - INFO - bbox_mAP_copypaste: 0.601 0.815 0.729 0.210 0.594 0.568
2025/07/06 14:16:42 - mmengine - INFO - Epoch(val) [126][800/800]    coco/car_precision: 0.7030  coco/truck_precision: 0.5390  coco/bus_precision: 0.7550  coco/van_precision: 0.5140  coco/freight_car_precision: 0.4950  coco/bbox_mAP: 0.6010  coco/bbox_mAP_50: 0.8150  coco/bbox_mAP_75: 0.7290  coco/bbox_mAP_s: 0.2100  coco/bbox_mAP_m: 0.5940  coco/bbox_mAP_l: 0.5680  data_time: 0.0004  time: 0.1042
2025/07/06 14:16:42 - mmengine - INFO - The previous best checkpoint /data/nl/Mamba2Spectral/work_dirs/DroneVehicle/2025_06_30/yolov8_mambatransformer_enhance/best_coco_bbox_mAP_50_epoch_123.pth is removed
2025/07/06 14:16:44 - mmengine - INFO - The best checkpoint with 0.8150 coco/bbox_mAP_50 at 126 epoch is saved to best_coco_bbox_mAP_50_epoch_126.pth.
2025/07/06 14:19:18 - mmengine - INFO - Epoch(train) [127][ 50/400]  base_lr: 1.0000e-02 lr: 3.8125e-03  eta: 1 day, 1:59:36  time: 2.9759  data_time: 0.0269  memory: 10751  grad_norm: 12.5734  loss: 19.9042  loss_cls: 4.0506  loss_bbox: 7.8481  loss_dfl: 8.0055
2025/07/06 14:21:05 - mmengine - INFO - Epoch(train) [127][100/400]  base_lr: 1.0000e-02 lr: 3.8125e-03  eta: 1 day, 1:56:04  time: 2.1342  data_time: 0.0068  memory: 10836  grad_norm: 11.7956  loss: 19.6888  loss_cls: 3.9305  loss_bbox: 7.7933  loss_dfl: 7.9650
2025/07/06 14:23:50 - mmengine - INFO - Epoch(train) [127][150/400]  base_lr: 1.0000e-02 lr: 3.8125e-03  eta: 1 day, 1:53:33  time: 3.3045  data_time: 0.0062  memory: 10756  grad_norm: 12.6417  loss: 19.9225  loss_cls: 3.9348  loss_bbox: 7.9187  loss_dfl: 8.0690
2025/07/06 14:26:35 - mmengine - INFO - Epoch(train) [127][200/400]  base_lr: 1.0000e-02 lr: 3.8125e-03  eta: 1 day, 1:51:02  time: 3.3065  data_time: 0.0061  memory: 10777  grad_norm: 12.7880  loss: 19.8871  loss_cls: 4.0820  loss_bbox: 7.7695  loss_dfl: 8.0356
2025/07/06 14:29:21 - mmengine - INFO - Epoch(train) [127][250/400]  base_lr: 1.0000e-02 lr: 3.8125e-03  eta: 1 day, 1:48:31  time: 3.3119  data_time: 0.0061  memory: 10810  grad_norm: 12.2895  loss: 19.5875  loss_cls: 3.9153  loss_bbox: 7.7739  loss_dfl: 7.8983
2025/07/06 14:32:07 - mmengine - INFO - Epoch(train) [127][300/400]  base_lr: 1.0000e-02 lr: 3.8125e-03  eta: 1 day, 1:46:00  time: 3.3098  data_time: 0.0063  memory: 10617  grad_norm: 13.0531  loss: 20.0777  loss_cls: 4.1060  loss_bbox: 7.8779  loss_dfl: 8.0938
2025/07/06 14:34:52 - mmengine - INFO - Epoch(train) [127][350/400]  base_lr: 1.0000e-02 lr: 3.8125e-03  eta: 1 day, 1:43:29  time: 3.3123  data_time: 0.0071  memory: 11012  grad_norm: 12.7705  loss: 19.8516  loss_cls: 3.9888  loss_bbox: 7.7947  loss_dfl: 8.0681
2025/07/06 14:37:38 - mmengine - INFO - Exp name: yolov8_mambatransformer_enhance_20250705_110818
2025/07/06 14:37:38 - mmengine - INFO - Epoch(train) [127][400/400]  base_lr: 1.0000e-02 lr: 3.8125e-03  eta: 1 day, 1:40:58  time: 3.3135  data_time: 0.0071  memory: 10767  grad_norm: 12.4710  loss: 19.8306  loss_cls: 3.9064  loss_bbox: 7.8307  loss_dfl: 8.0935
2025/07/06 14:37:38 - mmengine - INFO - Saving checkpoint at 127 epochs
2025/07/06 14:37:46 - mmengine - INFO - Epoch(val) [127][ 50/800]    eta: 0:01:16  time: 0.1025  data_time: 0.0010  memory: 1000  
2025/07/06 14:37:52 - mmengine - INFO - Epoch(val) [127][100/800]    eta: 0:01:19  time: 0.1237  data_time: 0.0005  memory: 1000  
2025/07/06 14:37:59 - mmengine - INFO - Epoch(val) [127][150/800]    eta: 0:01:19  time: 0.1391  data_time: 0.0005  memory: 1000  
2025/07/06 14:38:06 - mmengine - INFO - Epoch(val) [127][200/800]    eta: 0:01:15  time: 0.1387  data_time: 0.0004  memory: 1000  
2025/07/06 14:38:12 - mmengine - INFO - Epoch(val) [127][250/800]    eta: 0:01:08  time: 0.1184  data_time: 0.0005  memory: 1000  
2025/07/06 14:38:17 - mmengine - INFO - Epoch(val) [127][300/800]    eta: 0:00:59  time: 0.0954  data_time: 0.0004  memory: 1000  
2025/07/06 14:38:23 - mmengine - INFO - Epoch(val) [127][350/800]    eta: 0:00:53  time: 0.1101  data_time: 0.0004  memory: 1000  
2025/07/06 14:38:28 - mmengine - INFO - Epoch(val) [127][400/800]    eta: 0:00:46  time: 0.1109  data_time: 0.0004  memory: 1000  
2025/07/06 14:38:34 - mmengine - INFO - Epoch(val) [127][450/800]    eta: 0:00:40  time: 0.1121  data_time: 0.0004  memory: 1000  
2025/07/06 14:38:40 - mmengine - INFO - Epoch(val) [127][500/800]    eta: 0:00:35  time: 0.1306  data_time: 0.0005  memory: 1000  
2025/07/06 14:38:46 - mmengine - INFO - Epoch(val) [127][550/800]    eta: 0:00:29  time: 0.1121  data_time: 0.0004  memory: 1000  
2025/07/06 14:38:52 - mmengine - INFO - Epoch(val) [127][600/800]    eta: 0:00:23  time: 0.1126  data_time: 0.0004  memory: 1000  
2025/07/06 14:38:57 - mmengine - INFO - Epoch(val) [127][650/800]    eta: 0:00:17  time: 0.1103  data_time: 0.0003  memory: 1000  
2025/07/06 14:39:03 - mmengine - INFO - Epoch(val) [127][700/800]    eta: 0:00:11  time: 0.1126  data_time: 0.0004  memory: 1000  
2025/07/06 14:39:10 - mmengine - INFO - Epoch(val) [127][750/800]    eta: 0:00:05  time: 0.1360  data_time: 0.0004  memory: 1000  
2025/07/06 14:39:16 - mmengine - INFO - Epoch(val) [127][800/800]    eta: 0:00:00  time: 0.1278  data_time: 0.0004  memory: 1000  
2025/07/06 14:39:17 - mmengine - INFO - Evaluating bbox...
2025/07/06 14:39:29 - mmengine - INFO - 
+-------------+-------+--------+--------+-------+-------+-------+
| category    | mAP   | mAP_50 | mAP_75 | mAP_s | mAP_m | mAP_l |
+-------------+-------+--------+--------+-------+-------+-------+
| car         | 0.704 | 0.967  | 0.858  | 0.484 | 0.733 | 0.0   |
| truck       | 0.54  | 0.757  | 0.659  | 0.098 | 0.536 | 0.596 |
| bus         | 0.755 | 0.959  | 0.894  | 0.001 | 0.719 | 0.818 |
| van         | 0.515 | 0.7    | 0.64   | 0.29  | 0.501 | 0.852 |
| freight_car | 0.497 | 0.696  | 0.594  | 0.174 | 0.483 | 0.583 |
+-------------+-------+--------+--------+-------+-------+-------+
2025/07/06 14:39:29 - mmengine - INFO - bbox_mAP_copypaste: 0.602 0.816 0.729 0.210 0.594 0.570
2025/07/06 14:39:29 - mmengine - INFO - Epoch(val) [127][800/800]    coco/car_precision: 0.7040  coco/truck_precision: 0.5400  coco/bus_precision: 0.7550  coco/van_precision: 0.5150  coco/freight_car_precision: 0.4970  coco/bbox_mAP: 0.6020  coco/bbox_mAP_50: 0.8160  coco/bbox_mAP_75: 0.7290  coco/bbox_mAP_s: 0.2100  coco/bbox_mAP_m: 0.5940  coco/bbox_mAP_l: 0.5700  data_time: 0.0005  time: 0.1183
2025/07/06 14:39:29 - mmengine - INFO - The previous best checkpoint /data/nl/Mamba2Spectral/work_dirs/DroneVehicle/2025_06_30/yolov8_mambatransformer_enhance/best_coco_bbox_mAP_50_epoch_126.pth is removed
2025/07/06 14:39:32 - mmengine - INFO - The best checkpoint with 0.8160 coco/bbox_mAP_50 at 127 epoch is saved to best_coco_bbox_mAP_50_epoch_127.pth.
2025/07/06 14:42:23 - mmengine - INFO - Epoch(train) [128][ 50/400]  base_lr: 1.0000e-02 lr: 3.7630e-03  eta: 1 day, 1:38:28  time: 3.3315  data_time: 0.0291  memory: 10681  grad_norm: 13.4629  loss: 20.1035  loss_cls: 4.0866  loss_bbox: 7.8496  loss_dfl: 8.1673
2025/07/06 14:45:09 - mmengine - INFO - Epoch(train) [128][100/400]  base_lr: 1.0000e-02 lr: 3.7630e-03  eta: 1 day, 1:35:57  time: 3.3110  data_time: 0.0062  memory: 10804  grad_norm: 13.4837  loss: 19.9999  loss_cls: 4.0626  loss_bbox: 7.8328  loss_dfl: 8.1046
2025/07/06 14:47:54 - mmengine - INFO - Epoch(train) [128][150/400]  base_lr: 1.0000e-02 lr: 3.7630e-03  eta: 1 day, 1:33:26  time: 3.3063  data_time: 0.0069  memory: 10825  grad_norm: 12.2334  loss: 19.8571  loss_cls: 4.0415  loss_bbox: 7.8417  loss_dfl: 7.9739
2025/07/06 14:49:37 - mmengine - INFO - Exp name: yolov8_mambatransformer_enhance_20250705_110818
2025/07/06 14:49:37 - mmengine - INFO - Epoch(train) [128][200/400]  base_lr: 1.0000e-02 lr: 3.7630e-03  eta: 1 day, 1:29:52  time: 2.0487  data_time: 0.0077  memory: 10810  grad_norm: 12.0851  loss: 19.6670  loss_cls: 3.9600  loss_bbox: 7.7199  loss_dfl: 7.9871
2025/07/06 14:51:50 - mmengine - INFO - Epoch(train) [128][250/400]  base_lr: 1.0000e-02 lr: 3.7630e-03  eta: 1 day, 1:26:48  time: 2.6641  data_time: 0.0065  memory: 10879  grad_norm: 13.1205  loss: 19.8893  loss_cls: 4.0028  loss_bbox: 7.7651  loss_dfl: 8.1214
2025/07/06 14:54:36 - mmengine - INFO - Epoch(train) [128][300/400]  base_lr: 1.0000e-02 lr: 3.7630e-03  eta: 1 day, 1:24:18  time: 3.3126  data_time: 0.0060  memory: 10911  grad_norm: 12.0274  loss: 19.5895  loss_cls: 3.8344  loss_bbox: 7.7583  loss_dfl: 7.9968
2025/07/06 14:57:21 - mmengine - INFO - Epoch(train) [128][350/400]  base_lr: 1.0000e-02 lr: 3.7630e-03  eta: 1 day, 1:21:47  time: 3.3163  data_time: 0.0063  memory: 10772  grad_norm: 12.2620  loss: 19.7002  loss_cls: 3.9599  loss_bbox: 7.7697  loss_dfl: 7.9707
2025/07/06 15:00:07 - mmengine - INFO - Exp name: yolov8_mambatransformer_enhance_20250705_110818
2025/07/06 15:00:07 - mmengine - INFO - Epoch(train) [128][400/400]  base_lr: 1.0000e-02 lr: 3.7630e-03  eta: 1 day, 1:19:16  time: 3.3130  data_time: 0.0064  memory: 10879  grad_norm: 12.4528  loss: 19.5880  loss_cls: 3.8849  loss_bbox: 7.6490  loss_dfl: 8.0541
2025/07/06 15:00:07 - mmengine - INFO - Saving checkpoint at 128 epochs
2025/07/06 15:00:15 - mmengine - INFO - Epoch(val) [128][ 50/800]    eta: 0:01:10  time: 0.0941  data_time: 0.0011  memory: 1000  
2025/07/06 15:00:20 - mmengine - INFO - Epoch(val) [128][100/800]    eta: 0:01:05  time: 0.0930  data_time: 0.0003  memory: 1000  
2025/07/06 15:00:25 - mmengine - INFO - Epoch(val) [128][150/800]    eta: 0:01:04  time: 0.1101  data_time: 0.0004  memory: 1000  
2025/07/06 15:00:31 - mmengine - INFO - Epoch(val) [128][200/800]    eta: 0:01:01  time: 0.1098  data_time: 0.0004  memory: 1000  
2025/07/06 15:00:36 - mmengine - INFO - Epoch(val) [128][250/800]    eta: 0:00:56  time: 0.1099  data_time: 0.0004  memory: 1000  
2025/07/06 15:00:42 - mmengine - INFO - Epoch(val) [128][300/800]    eta: 0:00:52  time: 0.1092  data_time: 0.0004  memory: 1000  
2025/07/06 15:00:47 - mmengine - INFO - Epoch(val) [128][350/800]    eta: 0:00:47  time: 0.1097  data_time: 0.0004  memory: 1000  
2025/07/06 15:00:53 - mmengine - INFO - Epoch(val) [128][400/800]    eta: 0:00:42  time: 0.1109  data_time: 0.0004  memory: 1000  
2025/07/06 15:00:58 - mmengine - INFO - Epoch(val) [128][450/800]    eta: 0:00:37  time: 0.1099  data_time: 0.0003  memory: 1000  
2025/07/06 15:01:04 - mmengine - INFO - Epoch(val) [128][500/800]    eta: 0:00:32  time: 0.1102  data_time: 0.0004  memory: 1000  
2025/07/06 15:01:09 - mmengine - INFO - Epoch(val) [128][550/800]    eta: 0:00:26  time: 0.1104  data_time: 0.0004  memory: 1000  
2025/07/06 15:01:15 - mmengine - INFO - Epoch(val) [128][600/800]    eta: 0:00:21  time: 0.1107  data_time: 0.0004  memory: 1000  
2025/07/06 15:01:20 - mmengine - INFO - Epoch(val) [128][650/800]    eta: 0:00:16  time: 0.1098  data_time: 0.0004  memory: 1000  
2025/07/06 15:01:27 - mmengine - INFO - Epoch(val) [128][700/800]    eta: 0:00:10  time: 0.1250  data_time: 0.0004  memory: 1000  
2025/07/06 15:01:32 - mmengine - INFO - Epoch(val) [128][750/800]    eta: 0:00:05  time: 0.1092  data_time: 0.0003  memory: 1000  
2025/07/06 15:01:37 - mmengine - INFO - Epoch(val) [128][800/800]    eta: 0:00:00  time: 0.0910  data_time: 0.0003  memory: 1000  
2025/07/06 15:01:38 - mmengine - INFO - Evaluating bbox...
2025/07/06 15:01:49 - mmengine - INFO - 
+-------------+-------+--------+--------+-------+-------+-------+
| category    | mAP   | mAP_50 | mAP_75 | mAP_s | mAP_m | mAP_l |
+-------------+-------+--------+--------+-------+-------+-------+
| car         | 0.704 | 0.966  | 0.858  | 0.485 | 0.733 | 0.0   |
| truck       | 0.539 | 0.757  | 0.659  | 0.062 | 0.535 | 0.595 |
| bus         | 0.755 | 0.959  | 0.894  | 0.001 | 0.719 | 0.819 |
| van         | 0.516 | 0.7    | 0.644  | 0.289 | 0.502 | 0.852 |
| freight_car | 0.497 | 0.696  | 0.595  | 0.172 | 0.483 | 0.586 |
+-------------+-------+--------+--------+-------+-------+-------+
2025/07/06 15:01:49 - mmengine - INFO - bbox_mAP_copypaste: 0.602 0.816 0.730 0.202 0.595 0.570
2025/07/06 15:01:50 - mmengine - INFO - Epoch(val) [128][800/800]    coco/car_precision: 0.7040  coco/truck_precision: 0.5390  coco/bus_precision: 0.7550  coco/van_precision: 0.5160  coco/freight_car_precision: 0.4970  coco/bbox_mAP: 0.6020  coco/bbox_mAP_50: 0.8160  coco/bbox_mAP_75: 0.7300  coco/bbox_mAP_s: 0.2020  coco/bbox_mAP_m: 0.5950  coco/bbox_mAP_l: 0.5700  data_time: 0.0004  time: 0.1077
2025/07/06 15:04:36 - mmengine - INFO - Epoch(train) [129][ 50/400]  base_lr: 1.0000e-02 lr: 3.7135e-03  eta: 1 day, 1:16:46  time: 3.3327  data_time: 0.0287  memory: 10873  grad_norm: 13.2701  loss: 19.8416  loss_cls: 3.9543  loss_bbox: 7.7890  loss_dfl: 8.0983
2025/07/06 15:07:22 - mmengine - INFO - Epoch(train) [129][100/400]  base_lr: 1.0000e-02 lr: 3.7135e-03  eta: 1 day, 1:14:15  time: 3.3105  data_time: 0.0059  memory: 10810  grad_norm: 12.4469  loss: 19.7826  loss_cls: 3.9970  loss_bbox: 7.7849  loss_dfl: 8.0008
2025/07/06 15:10:07 - mmengine - INFO - Epoch(train) [129][150/400]  base_lr: 1.0000e-02 lr: 3.7135e-03  eta: 1 day, 1:11:43  time: 3.3093  data_time: 0.0059  memory: 10703  grad_norm: 13.1662  loss: 19.8800  loss_cls: 4.0239  loss_bbox: 7.8050  loss_dfl: 8.0510
2025/07/06 15:12:53 - mmengine - INFO - Epoch(train) [129][200/400]  base_lr: 1.0000e-02 lr: 3.7135e-03  eta: 1 day, 1:09:12  time: 3.3139  data_time: 0.0067  memory: 11396  grad_norm: 12.2194  loss: 19.5557  loss_cls: 3.9601  loss_bbox: 7.6512  loss_dfl: 7.9443
2025/07/06 15:15:39 - mmengine - INFO - Epoch(train) [129][250/400]  base_lr: 1.0000e-02 lr: 3.7135e-03  eta: 1 day, 1:06:41  time: 3.3123  data_time: 0.0060  memory: 10804  grad_norm: 12.7744  loss: 20.1651  loss_cls: 4.1828  loss_bbox: 7.9280  loss_dfl: 8.0543
2025/07/06 15:18:05 - mmengine - INFO - Epoch(train) [129][300/400]  base_lr: 1.0000e-02 lr: 3.7135e-03  eta: 1 day, 1:03:51  time: 2.9247  data_time: 0.0064  memory: 10708  grad_norm: 13.2616  loss: 19.9515  loss_cls: 4.0141  loss_bbox: 7.8407  loss_dfl: 8.0967
2025/07/06 15:19:55 - mmengine - INFO - Epoch(train) [129][350/400]  base_lr: 1.0000e-02 lr: 3.7135e-03  eta: 1 day, 1:00:27  time: 2.2124  data_time: 0.0073  memory: 10857  grad_norm: 13.3764  loss: 19.8506  loss_cls: 4.0395  loss_bbox: 7.7451  loss_dfl: 8.0659
2025/07/06 15:22:41 - mmengine - INFO - Exp name: yolov8_mambatransformer_enhance_20250705_110818
2025/07/06 15:22:41 - mmengine - INFO - Epoch(train) [129][400/400]  base_lr: 1.0000e-02 lr: 3.7135e-03  eta: 1 day, 0:57:56  time: 3.3125  data_time: 0.0064  memory: 10969  grad_norm: 12.5960  loss: 19.5582  loss_cls: 3.8813  loss_bbox: 7.6976  loss_dfl: 7.9792
2025/07/06 15:22:41 - mmengine - INFO - Saving checkpoint at 129 epochs
2025/07/06 15:22:51 - mmengine - INFO - Epoch(val) [129][ 50/800]    eta: 0:01:31  time: 0.1224  data_time: 0.0034  memory: 1000  
2025/07/06 15:22:57 - mmengine - INFO - Epoch(val) [129][100/800]    eta: 0:01:25  time: 0.1209  data_time: 0.0004  memory: 1000  
2025/07/06 15:23:03 - mmengine - INFO - Epoch(val) [129][150/800]    eta: 0:01:18  time: 0.1198  data_time: 0.0012  memory: 1000  
2025/07/06 15:23:09 - mmengine - INFO - Epoch(val) [129][200/800]    eta: 0:01:12  time: 0.1206  data_time: 0.0013  memory: 1000  
2025/07/06 15:23:15 - mmengine - INFO - Epoch(val) [129][250/800]    eta: 0:01:06  time: 0.1192  data_time: 0.0031  memory: 1000  
2025/07/06 15:23:21 - mmengine - INFO - Epoch(val) [129][300/800]    eta: 0:01:00  time: 0.1191  data_time: 0.0004  memory: 1000  
2025/07/06 15:23:27 - mmengine - INFO - Epoch(val) [129][350/800]    eta: 0:00:54  time: 0.1209  data_time: 0.0032  memory: 1000  
2025/07/06 15:23:33 - mmengine - INFO - Epoch(val) [129][400/800]    eta: 0:00:48  time: 0.1198  data_time: 0.0092  memory: 1000  
2025/07/06 15:23:39 - mmengine - INFO - Epoch(val) [129][450/800]    eta: 0:00:42  time: 0.1197  data_time: 0.0010  memory: 1000  
2025/07/06 15:23:45 - mmengine - INFO - Epoch(val) [129][500/800]    eta: 0:00:36  time: 0.1203  data_time: 0.0004  memory: 1000  
2025/07/06 15:23:51 - mmengine - INFO - Epoch(val) [129][550/800]    eta: 0:00:29  time: 0.1166  data_time: 0.0004  memory: 1000  
2025/07/06 15:23:56 - mmengine - INFO - Epoch(val) [129][600/800]    eta: 0:00:23  time: 0.1003  data_time: 0.0004  memory: 1000  
2025/07/06 15:24:01 - mmengine - INFO - Epoch(val) [129][650/800]    eta: 0:00:17  time: 0.0987  data_time: 0.0004  memory: 1000  
2025/07/06 15:24:05 - mmengine - INFO - Epoch(val) [129][700/800]    eta: 0:00:11  time: 0.0901  data_time: 0.0003  memory: 1000  
2025/07/06 15:24:11 - mmengine - INFO - Epoch(val) [129][750/800]    eta: 0:00:05  time: 0.1030  data_time: 0.0004  memory: 1000  
2025/07/06 15:24:16 - mmengine - INFO - Epoch(val) [129][800/800]    eta: 0:00:00  time: 0.1096  data_time: 0.0004  memory: 1000  
2025/07/06 15:24:17 - mmengine - INFO - Evaluating bbox...
2025/07/06 15:24:29 - mmengine - INFO - 
+-------------+-------+--------+--------+-------+-------+-------+
| category    | mAP   | mAP_50 | mAP_75 | mAP_s | mAP_m | mAP_l |
+-------------+-------+--------+--------+-------+-------+-------+
| car         | 0.704 | 0.967  | 0.859  | 0.485 | 0.733 | 0.0   |
| truck       | 0.54  | 0.758  | 0.659  | 0.098 | 0.535 | 0.597 |
| bus         | 0.757 | 0.96   | 0.894  | 0.001 | 0.721 | 0.821 |
| van         | 0.516 | 0.7    | 0.643  | 0.289 | 0.503 | 0.852 |
| freight_car | 0.497 | 0.696  | 0.595  | 0.172 | 0.484 | 0.587 |
+-------------+-------+--------+--------+-------+-------+-------+
2025/07/06 15:24:29 - mmengine - INFO - bbox_mAP_copypaste: 0.603 0.816 0.730 0.209 0.595 0.571
2025/07/06 15:24:29 - mmengine - INFO - Epoch(val) [129][800/800]    coco/car_precision: 0.7040  coco/truck_precision: 0.5400  coco/bus_precision: 0.7570  coco/van_precision: 0.5160  coco/freight_car_precision: 0.4970  coco/bbox_mAP: 0.6030  coco/bbox_mAP_50: 0.8160  coco/bbox_mAP_75: 0.7300  coco/bbox_mAP_s: 0.2090  coco/bbox_mAP_m: 0.5950  coco/bbox_mAP_l: 0.5710  data_time: 0.0016  time: 0.1138
2025/07/06 15:27:16 - mmengine - INFO - Epoch(train) [130][ 50/400]  base_lr: 1.0000e-02 lr: 3.6640e-03  eta: 1 day, 0:55:26  time: 3.3396  data_time: 0.0298  memory: 10895  grad_norm: 12.3308  loss: 19.8581  loss_cls: 3.9494  loss_bbox: 7.8258  loss_dfl: 8.0829
2025/07/06 15:30:02 - mmengine - INFO - Epoch(train) [130][100/400]  base_lr: 1.0000e-02 lr: 3.6640e-03  eta: 1 day, 0:52:55  time: 3.3137  data_time: 0.0064  memory: 10868  grad_norm: 13.1358  loss: 19.7633  loss_cls: 3.9596  loss_bbox: 7.7757  loss_dfl: 8.0280
2025/07/06 15:32:48 - mmengine - INFO - Epoch(train) [130][150/400]  base_lr: 1.0000e-02 lr: 3.6640e-03  eta: 1 day, 0:50:24  time: 3.3138  data_time: 0.0065  memory: 10895  grad_norm: 13.3219  loss: 19.9283  loss_cls: 3.9933  loss_bbox: 7.8246  loss_dfl: 8.1104
2025/07/06 15:35:33 - mmengine - INFO - Epoch(train) [130][200/400]  base_lr: 1.0000e-02 lr: 3.6640e-03  eta: 1 day, 0:47:52  time: 3.3156  data_time: 0.0069  memory: 10863  grad_norm: 12.9933  loss: 19.7587  loss_cls: 3.9564  loss_bbox: 7.8028  loss_dfl: 7.9995
2025/07/06 15:38:19 - mmengine - INFO - Epoch(train) [130][250/400]  base_lr: 1.0000e-02 lr: 3.6640e-03  eta: 1 day, 0:45:21  time: 3.3133  data_time: 0.0066  memory: 10799  grad_norm: 12.7950  loss: 19.8285  loss_cls: 3.9203  loss_bbox: 7.9167  loss_dfl: 7.9914
2025/07/06 15:41:05 - mmengine - INFO - Epoch(train) [130][300/400]  base_lr: 1.0000e-02 lr: 3.6640e-03  eta: 1 day, 0:42:50  time: 3.3141  data_time: 0.0064  memory: 10761  grad_norm: 12.6707  loss: 19.7019  loss_cls: 3.9211  loss_bbox: 7.7581  loss_dfl: 8.0228
2025/07/06 15:43:50 - mmengine - INFO - Epoch(train) [130][350/400]  base_lr: 1.0000e-02 lr: 3.6640e-03  eta: 1 day, 0:40:18  time: 3.3147  data_time: 0.0064  memory: 10959  grad_norm: 14.1349  loss: 20.0061  loss_cls: 4.0054  loss_bbox: 7.8625  loss_dfl: 8.1382
2025/07/06 15:46:36 - mmengine - INFO - Exp name: yolov8_mambatransformer_enhance_20250705_110818
2025/07/06 15:46:36 - mmengine - INFO - Epoch(train) [130][400/400]  base_lr: 1.0000e-02 lr: 3.6640e-03  eta: 1 day, 0:37:47  time: 3.3137  data_time: 0.0065  memory: 10820  grad_norm: 14.0934  loss: 19.8752  loss_cls: 4.0846  loss_bbox: 7.7195  loss_dfl: 8.0711
2025/07/06 15:46:36 - mmengine - INFO - Saving checkpoint at 130 epochs
2025/07/06 15:46:45 - mmengine - INFO - Epoch(val) [130][ 50/800]    eta: 0:01:22  time: 0.1099  data_time: 0.0025  memory: 1000  
2025/07/06 15:46:50 - mmengine - INFO - Epoch(val) [130][100/800]    eta: 0:01:14  time: 0.1036  data_time: 0.0026  memory: 1000  
2025/07/06 15:46:55 - mmengine - INFO - Epoch(val) [130][150/800]    eta: 0:01:08  time: 0.1043  data_time: 0.0034  memory: 1000  
2025/07/06 15:47:02 - mmengine - INFO - Epoch(val) [130][200/800]    eta: 0:01:06  time: 0.1270  data_time: 0.0044  memory: 1000  
2025/07/06 15:47:09 - mmengine - INFO - Epoch(val) [130][250/800]    eta: 0:01:05  time: 0.1494  data_time: 0.0091  memory: 1000  
2025/07/06 15:47:15 - mmengine - INFO - Epoch(val) [130][300/800]    eta: 0:00:58  time: 0.1108  data_time: 0.0083  memory: 1000  
2025/07/06 15:47:21 - mmengine - INFO - Epoch(val) [130][350/800]    eta: 0:00:53  time: 0.1217  data_time: 0.0067  memory: 1000  
2025/07/06 15:47:27 - mmengine - INFO - Epoch(val) [130][400/800]    eta: 0:00:47  time: 0.1206  data_time: 0.0091  memory: 1000  
2025/07/06 15:47:33 - mmengine - INFO - Epoch(val) [130][450/800]    eta: 0:00:41  time: 0.1156  data_time: 0.0094  memory: 1000  
2025/07/06 15:47:40 - mmengine - INFO - Epoch(val) [130][500/800]    eta: 0:00:36  time: 0.1418  data_time: 0.0049  memory: 1000  
2025/07/06 15:47:47 - mmengine - INFO - Epoch(val) [130][550/800]    eta: 0:00:30  time: 0.1372  data_time: 0.0054  memory: 1000  
2025/07/06 15:47:53 - mmengine - INFO - Epoch(val) [130][600/800]    eta: 0:00:24  time: 0.1258  data_time: 0.0098  memory: 1000  
2025/07/06 15:47:59 - mmengine - INFO - Epoch(val) [130][650/800]    eta: 0:00:18  time: 0.1155  data_time: 0.0139  memory: 1000  
2025/07/06 15:48:05 - mmengine - INFO - Epoch(val) [130][700/800]    eta: 0:00:12  time: 0.1236  data_time: 0.0097  memory: 1000  
2025/07/06 15:48:12 - mmengine - INFO - Epoch(val) [130][750/800]    eta: 0:00:06  time: 0.1379  data_time: 0.0070  memory: 1000  
2025/07/06 15:48:18 - mmengine - INFO - Epoch(val) [130][800/800]    eta: 0:00:00  time: 0.1209  data_time: 0.0101  memory: 1000  
2025/07/06 15:48:19 - mmengine - INFO - Evaluating bbox...
2025/07/06 15:48:40 - mmengine - INFO - 
+-------------+-------+--------+--------+-------+-------+-------+
| category    | mAP   | mAP_50 | mAP_75 | mAP_s | mAP_m | mAP_l |
+-------------+-------+--------+--------+-------+-------+-------+
| car         | 0.704 | 0.967  | 0.859  | 0.485 | 0.733 | 0.0   |
| truck       | 0.54  | 0.758  | 0.658  | 0.098 | 0.536 | 0.598 |
| bus         | 0.756 | 0.96   | 0.896  | 0.001 | 0.72  | 0.819 |
| van         | 0.515 | 0.7    | 0.638  | 0.291 | 0.501 | 0.846 |
| freight_car | 0.498 | 0.697  | 0.595  | 0.172 | 0.483 | 0.592 |
+-------------+-------+--------+--------+-------+-------+-------+
2025/07/06 15:48:40 - mmengine - INFO - bbox_mAP_copypaste: 0.602 0.816 0.729 0.210 0.595 0.571
2025/07/06 15:48:40 - mmengine - INFO - Epoch(val) [130][800/800]    coco/car_precision: 0.7040  coco/truck_precision: 0.5400  coco/bus_precision: 0.7560  coco/van_precision: 0.5150  coco/freight_car_precision: 0.4980  coco/bbox_mAP: 0.6020  coco/bbox_mAP_50: 0.8160  coco/bbox_mAP_75: 0.7290  coco/bbox_mAP_s: 0.2100  coco/bbox_mAP_m: 0.5950  coco/bbox_mAP_l: 0.5710  data_time: 0.0073  time: 0.1228
2025/07/06 15:51:11 - mmengine - INFO - Epoch(train) [131][ 50/400]  base_lr: 1.0000e-02 lr: 3.6145e-03  eta: 1 day, 0:35:01  time: 3.0124  data_time: 0.0397  memory: 10847  grad_norm: 13.2505  loss: 19.9621  loss_cls: 4.0100  loss_bbox: 7.8660  loss_dfl: 8.0861
2025/07/06 15:53:57 - mmengine - INFO - Epoch(train) [131][100/400]  base_lr: 1.0000e-02 lr: 3.6145e-03  eta: 1 day, 0:32:30  time: 3.3122  data_time: 0.0060  memory: 10703  grad_norm: 13.2383  loss: 19.6972  loss_cls: 4.0038  loss_bbox: 7.6944  loss_dfl: 7.9989
2025/07/06 15:56:42 - mmengine - INFO - Epoch(train) [131][150/400]  base_lr: 1.0000e-02 lr: 3.6145e-03  eta: 1 day, 0:29:58  time: 3.3096  data_time: 0.0061  memory: 10836  grad_norm: 12.4557  loss: 19.8312  loss_cls: 3.9137  loss_bbox: 7.8159  loss_dfl: 8.1015
2025/07/06 15:59:28 - mmengine - INFO - Epoch(train) [131][200/400]  base_lr: 1.0000e-02 lr: 3.6145e-03  eta: 1 day, 0:27:26  time: 3.3121  data_time: 0.0064  memory: 10889  grad_norm: 12.7819  loss: 19.6572  loss_cls: 3.9374  loss_bbox: 7.6751  loss_dfl: 8.0447
2025/07/06 16:02:14 - mmengine - INFO - Epoch(train) [131][250/400]  base_lr: 1.0000e-02 lr: 3.6145e-03  eta: 1 day, 0:24:55  time: 3.3165  data_time: 0.0073  memory: 10852  grad_norm: 12.4662  loss: 19.2399  loss_cls: 3.7871  loss_bbox: 7.4927  loss_dfl: 7.9601
2025/07/06 16:04:59 - mmengine - INFO - Epoch(train) [131][300/400]  base_lr: 1.0000e-02 lr: 3.6145e-03  eta: 1 day, 0:22:23  time: 3.3119  data_time: 0.0063  memory: 10916  grad_norm: 12.8885  loss: 19.6319  loss_cls: 3.8537  loss_bbox: 7.7195  loss_dfl: 8.0587
2025/07/06 16:07:45 - mmengine - INFO - Epoch(train) [131][350/400]  base_lr: 1.0000e-02 lr: 3.6145e-03  eta: 1 day, 0:19:51  time: 3.3119  data_time: 0.0062  memory: 10831  grad_norm: 13.6925  loss: 19.4929  loss_cls: 3.9190  loss_bbox: 7.5868  loss_dfl: 7.9871
2025/07/06 16:10:30 - mmengine - INFO - Exp name: yolov8_mambatransformer_enhance_20250705_110818
2025/07/06 16:10:30 - mmengine - INFO - Epoch(train) [131][400/400]  base_lr: 1.0000e-02 lr: 3.6145e-03  eta: 1 day, 0:17:20  time: 3.3122  data_time: 0.0070  memory: 10740  grad_norm: 13.6612  loss: 19.7870  loss_cls: 3.9379  loss_bbox: 7.8416  loss_dfl: 8.0075
2025/07/06 16:10:30 - mmengine - INFO - Saving checkpoint at 131 epochs
2025/07/06 16:10:39 - mmengine - INFO - Epoch(val) [131][ 50/800]    eta: 0:01:21  time: 0.1092  data_time: 0.0010  memory: 1000  
2025/07/06 16:10:44 - mmengine - INFO - Epoch(val) [131][100/800]    eta: 0:01:12  time: 0.0968  data_time: 0.0004  memory: 1000  
2025/07/06 16:10:49 - mmengine - INFO - Epoch(val) [131][150/800]    eta: 0:01:06  time: 0.1028  data_time: 0.0004  memory: 1000  
2025/07/06 16:10:55 - mmengine - INFO - Epoch(val) [131][200/800]    eta: 0:01:03  time: 0.1135  data_time: 0.0005  memory: 1000  
2025/07/06 16:11:00 - mmengine - INFO - Epoch(val) [131][250/800]    eta: 0:00:56  time: 0.0952  data_time: 0.0005  memory: 1000  
2025/07/06 16:11:05 - mmengine - INFO - Epoch(val) [131][300/800]    eta: 0:00:52  time: 0.1095  data_time: 0.0005  memory: 1000  
2025/07/06 16:11:11 - mmengine - INFO - Epoch(val) [131][350/800]    eta: 0:00:47  time: 0.1165  data_time: 0.0037  memory: 1000  
2025/07/06 16:11:17 - mmengine - INFO - Epoch(val) [131][400/800]    eta: 0:00:42  time: 0.1137  data_time: 0.0005  memory: 1000  
2025/07/06 16:11:24 - mmengine - INFO - Epoch(val) [131][450/800]    eta: 0:00:38  time: 0.1363  data_time: 0.0009  memory: 1000  
2025/07/06 16:11:30 - mmengine - INFO - Epoch(val) [131][500/800]    eta: 0:00:33  time: 0.1239  data_time: 0.0005  memory: 1000  
2025/07/06 16:11:36 - mmengine - INFO - Epoch(val) [131][550/800]    eta: 0:00:27  time: 0.1140  data_time: 0.0009  memory: 1000  
2025/07/06 16:11:42 - mmengine - INFO - Epoch(val) [131][600/800]    eta: 0:00:22  time: 0.1203  data_time: 0.0008  memory: 1000  
2025/07/06 16:11:48 - mmengine - INFO - Epoch(val) [131][650/800]    eta: 0:00:17  time: 0.1226  data_time: 0.0009  memory: 1000  
2025/07/06 16:11:54 - mmengine - INFO - Epoch(val) [131][700/800]    eta: 0:00:11  time: 0.1245  data_time: 0.0006  memory: 1000  
2025/07/06 16:12:00 - mmengine - INFO - Epoch(val) [131][750/800]    eta: 0:00:05  time: 0.1206  data_time: 0.0007  memory: 1000  
2025/07/06 16:12:06 - mmengine - INFO - Epoch(val) [131][800/800]    eta: 0:00:00  time: 0.1219  data_time: 0.0008  memory: 1000  
2025/07/06 16:12:07 - mmengine - INFO - Evaluating bbox...
2025/07/06 16:12:21 - mmengine - INFO - 
+-------------+-------+--------+--------+-------+-------+-------+
| category    | mAP   | mAP_50 | mAP_75 | mAP_s | mAP_m | mAP_l |
+-------------+-------+--------+--------+-------+-------+-------+
| car         | 0.704 | 0.967  | 0.859  | 0.486 | 0.733 | 0.0   |
| truck       | 0.541 | 0.759  | 0.659  | 0.098 | 0.536 | 0.6   |
| bus         | 0.757 | 0.96   | 0.893  | 0.001 | 0.721 | 0.82  |
| van         | 0.515 | 0.7    | 0.639  | 0.29  | 0.501 | 0.847 |
| freight_car | 0.498 | 0.696  | 0.595  | 0.172 | 0.483 | 0.59  |
+-------------+-------+--------+--------+-------+-------+-------+
2025/07/06 16:12:21 - mmengine - INFO - bbox_mAP_copypaste: 0.603 0.816 0.729 0.210 0.595 0.571
2025/07/06 16:12:21 - mmengine - INFO - Epoch(val) [131][800/800]    coco/car_precision: 0.7040  coco/truck_precision: 0.5410  coco/bus_precision: 0.7570  coco/van_precision: 0.5150  coco/freight_car_precision: 0.4980  coco/bbox_mAP: 0.6030  coco/bbox_mAP_50: 0.8160  coco/bbox_mAP_75: 0.7290  coco/bbox_mAP_s: 0.2100  coco/bbox_mAP_m: 0.5950  coco/bbox_mAP_l: 0.5710  data_time: 0.0008  time: 0.1151
2025/07/06 16:15:08 - mmengine - INFO - Epoch(train) [132][ 50/400]  base_lr: 1.0000e-02 lr: 3.5650e-03  eta: 1 day, 0:14:49  time: 3.3386  data_time: 0.0291  memory: 10863  grad_norm: 13.1924  loss: 19.8787  loss_cls: 4.0383  loss_bbox: 7.7865  loss_dfl: 8.0539
2025/07/06 16:17:16 - mmengine - INFO - Epoch(train) [132][100/400]  base_lr: 1.0000e-02 lr: 3.5650e-03  eta: 1 day, 0:11:42  time: 2.5472  data_time: 0.0076  memory: 10815  grad_norm: 13.1160  loss: 19.5561  loss_cls: 3.9616  loss_bbox: 7.5998  loss_dfl: 7.9947
2025/07/06 16:19:19 - mmengine - INFO - Epoch(train) [132][150/400]  base_lr: 1.0000e-02 lr: 3.5650e-03  eta: 1 day, 0:08:33  time: 2.4738  data_time: 0.0080  memory: 11092  grad_norm: 13.3473  loss: 19.7449  loss_cls: 3.9709  loss_bbox: 7.7308  loss_dfl: 8.0432
2025/07/06 16:22:05 - mmengine - INFO - Epoch(train) [132][200/400]  base_lr: 1.0000e-02 lr: 3.5650e-03  eta: 1 day, 0:06:01  time: 3.3166  data_time: 0.0077  memory: 10921  grad_norm: 13.3999  loss: 19.6606  loss_cls: 3.9646  loss_bbox: 7.7255  loss_dfl: 7.9705
2025/07/06 16:24:51 - mmengine - INFO - Epoch(train) [132][250/400]  base_lr: 1.0000e-02 lr: 3.5650e-03  eta: 1 day, 0:03:30  time: 3.3180  data_time: 0.0075  memory: 10724  grad_norm: 12.5032  loss: 19.6266  loss_cls: 3.8634  loss_bbox: 7.7533  loss_dfl: 8.0098
2025/07/06 16:27:37 - mmengine - INFO - Epoch(train) [132][300/400]  base_lr: 1.0000e-02 lr: 3.5650e-03  eta: 1 day, 0:00:58  time: 3.3127  data_time: 0.0063  memory: 10708  grad_norm: 12.7044  loss: 19.3841  loss_cls: 3.8395  loss_bbox: 7.6609  loss_dfl: 7.8838
2025/07/06 16:30:22 - mmengine - INFO - Epoch(train) [132][350/400]  base_lr: 1.0000e-02 lr: 3.5650e-03  eta: 23:58:26  time: 3.3118  data_time: 0.0063  memory: 11017  grad_norm: 13.5914  loss: 19.8656  loss_cls: 3.9885  loss_bbox: 7.7919  loss_dfl: 8.0852
2025/07/06 16:33:08 - mmengine - INFO - Exp name: yolov8_mambatransformer_enhance_20250705_110818
2025/07/06 16:33:08 - mmengine - INFO - Epoch(train) [132][400/400]  base_lr: 1.0000e-02 lr: 3.5650e-03  eta: 23:55:54  time: 3.3138  data_time: 0.0065  memory: 11017  grad_norm: 13.2952  loss: 19.5222  loss_cls: 3.9012  loss_bbox: 7.6412  loss_dfl: 7.9798
2025/07/06 16:33:08 - mmengine - INFO - Saving checkpoint at 132 epochs
2025/07/06 16:33:16 - mmengine - INFO - Epoch(val) [132][ 50/800]    eta: 0:01:15  time: 0.1002  data_time: 0.0010  memory: 1000  
2025/07/06 16:33:22 - mmengine - INFO - Epoch(val) [132][100/800]    eta: 0:01:12  time: 0.1072  data_time: 0.0004  memory: 1000  
2025/07/06 16:33:27 - mmengine - INFO - Epoch(val) [132][150/800]    eta: 0:01:08  time: 0.1107  data_time: 0.0004  memory: 1000  
2025/07/06 16:33:33 - mmengine - INFO - Epoch(val) [132][200/800]    eta: 0:01:03  time: 0.1039  data_time: 0.0004  memory: 1000  
2025/07/06 16:33:38 - mmengine - INFO - Epoch(val) [132][250/800]    eta: 0:00:57  time: 0.1003  data_time: 0.0004  memory: 1000  
2025/07/06 16:33:42 - mmengine - INFO - Epoch(val) [132][300/800]    eta: 0:00:51  time: 0.0911  data_time: 0.0004  memory: 1000  
2025/07/06 16:33:48 - mmengine - INFO - Epoch(val) [132][350/800]    eta: 0:00:46  time: 0.1090  data_time: 0.0004  memory: 1000  
2025/07/06 16:33:52 - mmengine - INFO - Epoch(val) [132][400/800]    eta: 0:00:40  time: 0.0919  data_time: 0.0004  memory: 1000  
2025/07/06 16:33:57 - mmengine - INFO - Epoch(val) [132][450/800]    eta: 0:00:35  time: 0.0975  data_time: 0.0004  memory: 1000  
2025/07/06 16:34:02 - mmengine - INFO - Epoch(val) [132][500/800]    eta: 0:00:30  time: 0.0978  data_time: 0.0004  memory: 1000  
2025/07/06 16:34:07 - mmengine - INFO - Epoch(val) [132][550/800]    eta: 0:00:25  time: 0.1022  data_time: 0.0004  memory: 1000  
2025/07/06 16:34:13 - mmengine - INFO - Epoch(val) [132][600/800]    eta: 0:00:20  time: 0.1111  data_time: 0.0004  memory: 1000  
2025/07/06 16:34:18 - mmengine - INFO - Epoch(val) [132][650/800]    eta: 0:00:15  time: 0.1107  data_time: 0.0004  memory: 1000  
2025/07/06 16:34:24 - mmengine - INFO - Epoch(val) [132][700/800]    eta: 0:00:10  time: 0.1086  data_time: 0.0004  memory: 1000  
2025/07/06 16:34:29 - mmengine - INFO - Epoch(val) [132][750/800]    eta: 0:00:05  time: 0.1111  data_time: 0.0004  memory: 1000  
2025/07/06 16:34:35 - mmengine - INFO - Epoch(val) [132][800/800]    eta: 0:00:00  time: 0.1107  data_time: 0.0004  memory: 1000  
2025/07/06 16:34:36 - mmengine - INFO - Evaluating bbox...
2025/07/06 16:34:48 - mmengine - INFO - 
+-------------+-------+--------+--------+-------+-------+-------+
| category    | mAP   | mAP_50 | mAP_75 | mAP_s | mAP_m | mAP_l |
+-------------+-------+--------+--------+-------+-------+-------+
| car         | 0.704 | 0.967  | 0.859  | 0.486 | 0.733 | 0.0   |
| truck       | 0.541 | 0.759  | 0.659  | 0.098 | 0.536 | 0.6   |
| bus         | 0.756 | 0.96   | 0.894  | 0.001 | 0.72  | 0.819 |
| van         | 0.514 | 0.7    | 0.639  | 0.289 | 0.5   | 0.847 |
| freight_car | 0.498 | 0.696  | 0.592  | 0.176 | 0.484 | 0.591 |
+-------------+-------+--------+--------+-------+-------+-------+
2025/07/06 16:34:48 - mmengine - INFO - bbox_mAP_copypaste: 0.603 0.817 0.728 0.210 0.595 0.571
2025/07/06 16:34:48 - mmengine - INFO - Epoch(val) [132][800/800]    coco/car_precision: 0.7040  coco/truck_precision: 0.5410  coco/bus_precision: 0.7560  coco/van_precision: 0.5140  coco/freight_car_precision: 0.4980  coco/bbox_mAP: 0.6030  coco/bbox_mAP_50: 0.8170  coco/bbox_mAP_75: 0.7280  coco/bbox_mAP_s: 0.2100  coco/bbox_mAP_m: 0.5950  coco/bbox_mAP_l: 0.5710  data_time: 0.0005  time: 0.1040
2025/07/06 16:34:48 - mmengine - INFO - The previous best checkpoint /data/nl/Mamba2Spectral/work_dirs/DroneVehicle/2025_06_30/yolov8_mambatransformer_enhance/best_coco_bbox_mAP_50_epoch_127.pth is removed
2025/07/06 16:34:51 - mmengine - INFO - The best checkpoint with 0.8170 coco/bbox_mAP_50 at 132 epoch is saved to best_coco_bbox_mAP_50_epoch_132.pth.
2025/07/06 16:37:42 - mmengine - INFO - Epoch(train) [133][ 50/400]  base_lr: 1.0000e-02 lr: 3.5155e-03  eta: 23:53:23  time: 3.3377  data_time: 0.0307  memory: 10751  grad_norm: 12.6605  loss: 19.5192  loss_cls: 3.8269  loss_bbox: 7.6871  loss_dfl: 8.0051
2025/07/06 16:40:28 - mmengine - INFO - Epoch(train) [133][100/400]  base_lr: 1.0000e-02 lr: 3.5155e-03  eta: 23:50:51  time: 3.3144  data_time: 0.0061  memory: 10804  grad_norm: 12.9856  loss: 19.6300  loss_cls: 3.8864  loss_bbox: 7.7380  loss_dfl: 8.0056
2025/07/06 16:43:14 - mmengine - INFO - Epoch(train) [133][150/400]  base_lr: 1.0000e-02 lr: 3.5155e-03  eta: 23:48:19  time: 3.3129  data_time: 0.0061  memory: 10751  grad_norm: 13.8574  loss: 19.7898  loss_cls: 4.0117  loss_bbox: 7.7470  loss_dfl: 8.0311
2025/07/06 16:45:48 - mmengine - INFO - Exp name: yolov8_mambatransformer_enhance_20250705_110818
2025/07/06 16:45:48 - mmengine - INFO - Epoch(train) [133][200/400]  base_lr: 1.0000e-02 lr: 3.5155e-03  eta: 23:45:37  time: 3.0807  data_time: 0.0063  memory: 10729  grad_norm: 13.5143  loss: 19.5378  loss_cls: 3.9201  loss_bbox: 7.5445  loss_dfl: 8.0731
2025/07/06 16:47:31 - mmengine - INFO - Epoch(train) [133][250/400]  base_lr: 1.0000e-02 lr: 3.5155e-03  eta: 23:42:10  time: 2.0560  data_time: 0.0081  memory: 10740  grad_norm: 13.8524  loss: 20.2017  loss_cls: 4.0823  loss_bbox: 7.9529  loss_dfl: 8.1665
2025/07/06 16:50:08 - mmengine - INFO - Epoch(train) [133][300/400]  base_lr: 1.0000e-02 lr: 3.5155e-03  eta: 23:39:31  time: 3.1469  data_time: 0.0070  memory: 11012  grad_norm: 13.7946  loss: 19.7071  loss_cls: 3.8953  loss_bbox: 7.7460  loss_dfl: 8.0658
2025/07/06 16:52:54 - mmengine - INFO - Epoch(train) [133][350/400]  base_lr: 1.0000e-02 lr: 3.5155e-03  eta: 23:36:59  time: 3.3169  data_time: 0.0062  memory: 10932  grad_norm: 12.3095  loss: 19.3573  loss_cls: 3.7991  loss_bbox: 7.6829  loss_dfl: 7.8753
2025/07/06 16:55:39 - mmengine - INFO - Exp name: yolov8_mambatransformer_enhance_20250705_110818
2025/07/06 16:55:39 - mmengine - INFO - Epoch(train) [133][400/400]  base_lr: 1.0000e-02 lr: 3.5155e-03  eta: 23:34:27  time: 3.3110  data_time: 0.0063  memory: 10873  grad_norm: 12.7344  loss: 19.3484  loss_cls: 3.8255  loss_bbox: 7.6275  loss_dfl: 7.8954
2025/07/06 16:55:39 - mmengine - INFO - Saving checkpoint at 133 epochs
2025/07/06 16:55:47 - mmengine - INFO - Epoch(val) [133][ 50/800]    eta: 0:01:11  time: 0.0959  data_time: 0.0009  memory: 1000  
2025/07/06 16:55:52 - mmengine - INFO - Epoch(val) [133][100/800]    eta: 0:01:08  time: 0.0988  data_time: 0.0004  memory: 1000  
2025/07/06 16:55:58 - mmengine - INFO - Epoch(val) [133][150/800]    eta: 0:01:06  time: 0.1101  data_time: 0.0004  memory: 1000  
2025/07/06 16:56:03 - mmengine - INFO - Epoch(val) [133][200/800]    eta: 0:01:02  time: 0.1100  data_time: 0.0004  memory: 1000  
2025/07/06 16:56:09 - mmengine - INFO - Epoch(val) [133][250/800]    eta: 0:00:57  time: 0.1092  data_time: 0.0004  memory: 1000  
2025/07/06 16:56:13 - mmengine - INFO - Epoch(val) [133][300/800]    eta: 0:00:51  time: 0.0903  data_time: 0.0003  memory: 1000  
2025/07/06 16:56:18 - mmengine - INFO - Epoch(val) [133][350/800]    eta: 0:00:45  time: 0.0919  data_time: 0.0004  memory: 1000  
2025/07/06 16:56:23 - mmengine - INFO - Epoch(val) [133][400/800]    eta: 0:00:39  time: 0.0916  data_time: 0.0004  memory: 1000  
2025/07/06 16:56:27 - mmengine - INFO - Epoch(val) [133][450/800]    eta: 0:00:34  time: 0.0915  data_time: 0.0004  memory: 1000  
2025/07/06 16:56:32 - mmengine - INFO - Epoch(val) [133][500/800]    eta: 0:00:29  time: 0.0911  data_time: 0.0004  memory: 1000  
2025/07/06 16:56:36 - mmengine - INFO - Epoch(val) [133][550/800]    eta: 0:00:24  time: 0.0924  data_time: 0.0004  memory: 1000  
2025/07/06 16:56:41 - mmengine - INFO - Epoch(val) [133][600/800]    eta: 0:00:19  time: 0.0912  data_time: 0.0003  memory: 1000  
2025/07/06 16:56:46 - mmengine - INFO - Epoch(val) [133][650/800]    eta: 0:00:14  time: 0.1084  data_time: 0.0004  memory: 1000  
2025/07/06 16:56:52 - mmengine - INFO - Epoch(val) [133][700/800]    eta: 0:00:09  time: 0.1125  data_time: 0.0004  memory: 1000  
2025/07/06 16:56:58 - mmengine - INFO - Epoch(val) [133][750/800]    eta: 0:00:04  time: 0.1122  data_time: 0.0004  memory: 1000  
2025/07/06 16:57:03 - mmengine - INFO - Epoch(val) [133][800/800]    eta: 0:00:00  time: 0.1129  data_time: 0.0005  memory: 1000  
2025/07/06 16:57:04 - mmengine - INFO - Evaluating bbox...
2025/07/06 16:57:16 - mmengine - INFO - 
+-------------+-------+--------+--------+-------+-------+-------+
| category    | mAP   | mAP_50 | mAP_75 | mAP_s | mAP_m | mAP_l |
+-------------+-------+--------+--------+-------+-------+-------+
| car         | 0.704 | 0.967  | 0.859  | 0.487 | 0.733 | 0.0   |
| truck       | 0.54  | 0.76   | 0.66   | 0.099 | 0.535 | 0.6   |
| bus         | 0.756 | 0.961  | 0.893  | 0.001 | 0.72  | 0.819 |
| van         | 0.514 | 0.701  | 0.64   | 0.29  | 0.501 | 0.847 |
| freight_car | 0.497 | 0.696  | 0.592  | 0.176 | 0.483 | 0.59  |
+-------------+-------+--------+--------+-------+-------+-------+
2025/07/06 16:57:16 - mmengine - INFO - bbox_mAP_copypaste: 0.602 0.817 0.729 0.210 0.594 0.571
2025/07/06 16:57:16 - mmengine - INFO - Epoch(val) [133][800/800]    coco/car_precision: 0.7040  coco/truck_precision: 0.5400  coco/bus_precision: 0.7560  coco/van_precision: 0.5140  coco/freight_car_precision: 0.4970  coco/bbox_mAP: 0.6020  coco/bbox_mAP_50: 0.8170  coco/bbox_mAP_75: 0.7290  coco/bbox_mAP_s: 0.2100  coco/bbox_mAP_m: 0.5940  coco/bbox_mAP_l: 0.5710  data_time: 0.0004  time: 0.1006
2025/07/06 17:00:03 - mmengine - INFO - Epoch(train) [134][ 50/400]  base_lr: 1.0000e-02 lr: 3.4660e-03  eta: 23:31:56  time: 3.3308  data_time: 0.0269  memory: 10639  grad_norm: 13.0050  loss: 19.5603  loss_cls: 3.9172  loss_bbox: 7.6784  loss_dfl: 7.9647
2025/07/06 17:02:48 - mmengine - INFO - Epoch(train) [134][100/400]  base_lr: 1.0000e-02 lr: 3.4660e-03  eta: 23:29:24  time: 3.3110  data_time: 0.0062  memory: 10932  grad_norm: 13.1543  loss: 19.3853  loss_cls: 3.9105  loss_bbox: 7.5552  loss_dfl: 7.9196
2025/07/06 17:05:34 - mmengine - INFO - Epoch(train) [134][150/400]  base_lr: 1.0000e-02 lr: 3.4660e-03  eta: 23:26:51  time: 3.3119  data_time: 0.0061  memory: 10847  grad_norm: 13.2746  loss: 19.7739  loss_cls: 3.9468  loss_bbox: 7.8025  loss_dfl: 8.0246
2025/07/06 17:08:20 - mmengine - INFO - Epoch(train) [134][200/400]  base_lr: 1.0000e-02 lr: 3.4660e-03  eta: 23:24:19  time: 3.3146  data_time: 0.0062  memory: 10863  grad_norm: 12.0995  loss: 19.3229  loss_cls: 3.8439  loss_bbox: 7.6016  loss_dfl: 7.8774
2025/07/06 17:11:05 - mmengine - INFO - Epoch(train) [134][250/400]  base_lr: 1.0000e-02 lr: 3.4660e-03  eta: 23:21:47  time: 3.3121  data_time: 0.0063  memory: 10820  grad_norm: 13.1960  loss: 19.3975  loss_cls: 3.8314  loss_bbox: 7.6412  loss_dfl: 7.9249
2025/07/06 17:13:51 - mmengine - INFO - Epoch(train) [134][300/400]  base_lr: 1.0000e-02 lr: 3.4660e-03  eta: 23:19:15  time: 3.3139  data_time: 0.0070  memory: 10810  grad_norm: 13.3002  loss: 19.5014  loss_cls: 3.8682  loss_bbox: 7.6136  loss_dfl: 8.0196
2025/07/06 17:16:02 - mmengine - INFO - Epoch(train) [134][350/400]  base_lr: 1.0000e-02 lr: 3.4660e-03  eta: 23:16:13  time: 2.6161  data_time: 0.0072  memory: 10810  grad_norm: 13.4585  loss: 19.9092  loss_cls: 3.9486  loss_bbox: 7.8849  loss_dfl: 8.0757
2025/07/06 17:18:08 - mmengine - INFO - Exp name: yolov8_mambatransformer_enhance_20250705_110818
2025/07/06 17:18:08 - mmengine - INFO - Epoch(train) [134][400/400]  base_lr: 1.0000e-02 lr: 3.4660e-03  eta: 23:13:08  time: 2.5272  data_time: 0.0068  memory: 10777  grad_norm: 12.7398  loss: 19.1544  loss_cls: 3.8045  loss_bbox: 7.4311  loss_dfl: 7.9188
2025/07/06 17:18:08 - mmengine - INFO - Saving checkpoint at 134 epochs
2025/07/06 17:18:17 - mmengine - INFO - Epoch(val) [134][ 50/800]    eta: 0:01:24  time: 0.1121  data_time: 0.0010  memory: 1000  
2025/07/06 17:18:23 - mmengine - INFO - Epoch(val) [134][100/800]    eta: 0:01:17  time: 0.1101  data_time: 0.0004  memory: 1000  
2025/07/06 17:18:28 - mmengine - INFO - Epoch(val) [134][150/800]    eta: 0:01:11  time: 0.1101  data_time: 0.0004  memory: 1000  
2025/07/06 17:18:34 - mmengine - INFO - Epoch(val) [134][200/800]    eta: 0:01:06  time: 0.1114  data_time: 0.0004  memory: 1000  
2025/07/06 17:18:39 - mmengine - INFO - Epoch(val) [134][250/800]    eta: 0:01:00  time: 0.1093  data_time: 0.0004  memory: 1000  
2025/07/06 17:18:45 - mmengine - INFO - Epoch(val) [134][300/800]    eta: 0:00:55  time: 0.1088  data_time: 0.0004  memory: 1000  
2025/07/06 17:18:50 - mmengine - INFO - Epoch(val) [134][350/800]    eta: 0:00:48  time: 0.0982  data_time: 0.0004  memory: 1000  
2025/07/06 17:18:55 - mmengine - INFO - Epoch(val) [134][400/800]    eta: 0:00:42  time: 0.0954  data_time: 0.0004  memory: 1000  
2025/07/06 17:19:00 - mmengine - INFO - Epoch(val) [134][450/800]    eta: 0:00:37  time: 0.1086  data_time: 0.0005  memory: 1000  
2025/07/06 17:19:06 - mmengine - INFO - Epoch(val) [134][500/800]    eta: 0:00:32  time: 0.1136  data_time: 0.0005  memory: 1000  
2025/07/06 17:19:11 - mmengine - INFO - Epoch(val) [134][550/800]    eta: 0:00:26  time: 0.1052  data_time: 0.0004  memory: 1000  
2025/07/06 17:19:16 - mmengine - INFO - Epoch(val) [134][600/800]    eta: 0:00:21  time: 0.0999  data_time: 0.0004  memory: 1000  
2025/07/06 17:19:21 - mmengine - INFO - Epoch(val) [134][650/800]    eta: 0:00:15  time: 0.0976  data_time: 0.0004  memory: 1000  
2025/07/06 17:19:27 - mmengine - INFO - Epoch(val) [134][700/800]    eta: 0:00:10  time: 0.1127  data_time: 0.0005  memory: 1000  
2025/07/06 17:19:32 - mmengine - INFO - Epoch(val) [134][750/800]    eta: 0:00:05  time: 0.1150  data_time: 0.0005  memory: 1000  
2025/07/06 17:19:38 - mmengine - INFO - Epoch(val) [134][800/800]    eta: 0:00:00  time: 0.1092  data_time: 0.0004  memory: 1000  
2025/07/06 17:19:39 - mmengine - INFO - Evaluating bbox...
2025/07/06 17:19:51 - mmengine - INFO - 
+-------------+-------+--------+--------+-------+-------+-------+
| category    | mAP   | mAP_50 | mAP_75 | mAP_s | mAP_m | mAP_l |
+-------------+-------+--------+--------+-------+-------+-------+
| car         | 0.704 | 0.967  | 0.858  | 0.486 | 0.733 | 0.0   |
| truck       | 0.54  | 0.76   | 0.661  | 0.096 | 0.535 | 0.601 |
| bus         | 0.755 | 0.961  | 0.893  | 0.001 | 0.719 | 0.818 |
| van         | 0.515 | 0.701  | 0.641  | 0.288 | 0.502 | 0.848 |
| freight_car | 0.497 | 0.695  | 0.592  | 0.176 | 0.483 | 0.589 |
+-------------+-------+--------+--------+-------+-------+-------+
2025/07/06 17:19:51 - mmengine - INFO - bbox_mAP_copypaste: 0.602 0.817 0.729 0.209 0.594 0.571
2025/07/06 17:19:51 - mmengine - INFO - Epoch(val) [134][800/800]    coco/car_precision: 0.7040  coco/truck_precision: 0.5400  coco/bus_precision: 0.7550  coco/van_precision: 0.5150  coco/freight_car_precision: 0.4970  coco/bbox_mAP: 0.6020  coco/bbox_mAP_50: 0.8170  coco/bbox_mAP_75: 0.7290  coco/bbox_mAP_s: 0.2090  coco/bbox_mAP_m: 0.5940  coco/bbox_mAP_l: 0.5710  data_time: 0.0005  time: 0.1073
2025/07/06 17:22:38 - mmengine - INFO - Epoch(train) [135][ 50/400]  base_lr: 1.0000e-02 lr: 3.4165e-03  eta: 23:10:37  time: 3.3341  data_time: 0.0284  memory: 10932  grad_norm: 14.1347  loss: 19.9681  loss_cls: 4.0208  loss_bbox: 7.8162  loss_dfl: 8.1310
2025/07/06 17:25:23 - mmengine - INFO - Epoch(train) [135][100/400]  base_lr: 1.0000e-02 lr: 3.4165e-03  eta: 23:08:04  time: 3.3089  data_time: 0.0066  memory: 10665  grad_norm: 13.4416  loss: 19.8561  loss_cls: 3.9696  loss_bbox: 7.7890  loss_dfl: 8.0975
2025/07/06 17:28:09 - mmengine - INFO - Epoch(train) [135][150/400]  base_lr: 1.0000e-02 lr: 3.4165e-03  eta: 23:05:32  time: 3.3120  data_time: 0.0063  memory: 10724  grad_norm: 13.5169  loss: 19.5126  loss_cls: 3.9680  loss_bbox: 7.5788  loss_dfl: 7.9657
2025/07/06 17:30:54 - mmengine - INFO - Epoch(train) [135][200/400]  base_lr: 1.0000e-02 lr: 3.4165e-03  eta: 23:03:00  time: 3.3102  data_time: 0.0063  memory: 10921  grad_norm: 13.7744  loss: 19.6260  loss_cls: 3.8614  loss_bbox: 7.7678  loss_dfl: 7.9968
2025/07/06 17:33:40 - mmengine - INFO - Epoch(train) [135][250/400]  base_lr: 1.0000e-02 lr: 3.4165e-03  eta: 23:00:27  time: 3.3143  data_time: 0.0063  memory: 10692  grad_norm: 13.5002  loss: 19.9169  loss_cls: 4.0663  loss_bbox: 7.8715  loss_dfl: 7.9791
2025/07/06 17:36:26 - mmengine - INFO - Epoch(train) [135][300/400]  base_lr: 1.0000e-02 lr: 3.4165e-03  eta: 22:57:55  time: 3.3148  data_time: 0.0071  memory: 10697  grad_norm: 13.7805  loss: 19.6402  loss_cls: 3.8903  loss_bbox: 7.6835  loss_dfl: 8.0663
2025/07/06 17:39:11 - mmengine - INFO - Epoch(train) [135][350/400]  base_lr: 1.0000e-02 lr: 3.4165e-03  eta: 22:55:23  time: 3.3155  data_time: 0.0068  memory: 10889  grad_norm: 13.3336  loss: 19.6368  loss_cls: 3.9380  loss_bbox: 7.7443  loss_dfl: 7.9544
2025/07/06 17:41:57 - mmengine - INFO - Exp name: yolov8_mambatransformer_enhance_20250705_110818
2025/07/06 17:41:57 - mmengine - INFO - Epoch(train) [135][400/400]  base_lr: 1.0000e-02 lr: 3.4165e-03  eta: 22:52:50  time: 3.3139  data_time: 0.0065  memory: 10735  grad_norm: 13.0461  loss: 19.4873  loss_cls: 3.8644  loss_bbox: 7.6507  loss_dfl: 7.9722
2025/07/06 17:41:57 - mmengine - INFO - Saving checkpoint at 135 epochs
2025/07/06 17:42:06 - mmengine - INFO - Epoch(val) [135][ 50/800]    eta: 0:01:23  time: 0.1115  data_time: 0.0009  memory: 1000  
2025/07/06 17:42:12 - mmengine - INFO - Epoch(val) [135][100/800]    eta: 0:01:16  time: 0.1079  data_time: 0.0004  memory: 1000  
2025/07/06 17:42:17 - mmengine - INFO - Epoch(val) [135][150/800]    eta: 0:01:10  time: 0.1060  data_time: 0.0004  memory: 1000  
2025/07/06 17:42:22 - mmengine - INFO - Epoch(val) [135][200/800]    eta: 0:01:05  time: 0.1104  data_time: 0.0004  memory: 1000  
2025/07/06 17:42:28 - mmengine - INFO - Epoch(val) [135][250/800]    eta: 0:01:00  time: 0.1105  data_time: 0.0004  memory: 1000  
2025/07/06 17:42:33 - mmengine - INFO - Epoch(val) [135][300/800]    eta: 0:00:54  time: 0.1056  data_time: 0.0004  memory: 1000  
2025/07/06 17:42:39 - mmengine - INFO - Epoch(val) [135][350/800]    eta: 0:00:49  time: 0.1104  data_time: 0.0004  memory: 1000  
2025/07/06 17:42:44 - mmengine - INFO - Epoch(val) [135][400/800]    eta: 0:00:43  time: 0.1103  data_time: 0.0005  memory: 1000  
2025/07/06 17:42:50 - mmengine - INFO - Epoch(val) [135][450/800]    eta: 0:00:38  time: 0.1113  data_time: 0.0004  memory: 1000  
2025/07/06 17:42:55 - mmengine - INFO - Epoch(val) [135][500/800]    eta: 0:00:32  time: 0.1103  data_time: 0.0004  memory: 1000  
2025/07/06 17:43:01 - mmengine - INFO - Epoch(val) [135][550/800]    eta: 0:00:27  time: 0.1104  data_time: 0.0004  memory: 1000  
2025/07/06 17:43:07 - mmengine - INFO - Epoch(val) [135][600/800]    eta: 0:00:21  time: 0.1106  data_time: 0.0004  memory: 1000  
2025/07/06 17:43:12 - mmengine - INFO - Epoch(val) [135][650/800]    eta: 0:00:16  time: 0.1110  data_time: 0.0004  memory: 1000  
2025/07/06 17:43:18 - mmengine - INFO - Epoch(val) [135][700/800]    eta: 0:00:10  time: 0.1106  data_time: 0.0004  memory: 1000  
2025/07/06 17:43:23 - mmengine - INFO - Epoch(val) [135][750/800]    eta: 0:00:05  time: 0.1108  data_time: 0.0004  memory: 1000  
2025/07/06 17:43:28 - mmengine - INFO - Epoch(val) [135][800/800]    eta: 0:00:00  time: 0.1057  data_time: 0.0004  memory: 1000  
2025/07/06 17:43:30 - mmengine - INFO - Evaluating bbox...
2025/07/06 17:43:43 - mmengine - INFO - 
+-------------+-------+--------+--------+-------+-------+-------+
| category    | mAP   | mAP_50 | mAP_75 | mAP_s | mAP_m | mAP_l |
+-------------+-------+--------+--------+-------+-------+-------+
| car         | 0.704 | 0.967  | 0.858  | 0.487 | 0.733 | 0.0   |
| truck       | 0.541 | 0.76   | 0.66   | 0.097 | 0.536 | 0.604 |
| bus         | 0.756 | 0.961  | 0.893  | 0.001 | 0.72  | 0.818 |
| van         | 0.517 | 0.702  | 0.64   | 0.29  | 0.503 | 0.849 |
| freight_car | 0.498 | 0.695  | 0.595  | 0.176 | 0.483 | 0.594 |
+-------------+-------+--------+--------+-------+-------+-------+
2025/07/06 17:43:43 - mmengine - INFO - bbox_mAP_copypaste: 0.603 0.817 0.729 0.210 0.595 0.573
2025/07/06 17:43:43 - mmengine - INFO - Epoch(val) [135][800/800]    coco/car_precision: 0.7040  coco/truck_precision: 0.5410  coco/bus_precision: 0.7560  coco/van_precision: 0.5170  coco/freight_car_precision: 0.4980  coco/bbox_mAP: 0.6030  coco/bbox_mAP_50: 0.8170  coco/bbox_mAP_75: 0.7290  coco/bbox_mAP_s: 0.2100  coco/bbox_mAP_m: 0.5950  coco/bbox_mAP_l: 0.5730  data_time: 0.0004  time: 0.1096
2025/07/06 17:45:25 - mmengine - INFO - Epoch(train) [136][ 50/400]  base_lr: 1.0000e-02 lr: 3.3670e-03  eta: 22:49:27  time: 2.0554  data_time: 0.0409  memory: 10927  grad_norm: 13.2452  loss: 19.3916  loss_cls: 3.8083  loss_bbox: 7.6733  loss_dfl: 7.9100
2025/07/06 17:48:05 - mmengine - INFO - Epoch(train) [136][100/400]  base_lr: 1.0000e-02 lr: 3.3670e-03  eta: 22:46:49  time: 3.1868  data_time: 0.0066  memory: 10825  grad_norm: 13.3205  loss: 19.5777  loss_cls: 3.9347  loss_bbox: 7.6910  loss_dfl: 7.9520
2025/07/06 17:50:51 - mmengine - INFO - Epoch(train) [136][150/400]  base_lr: 1.0000e-02 lr: 3.3670e-03  eta: 22:44:17  time: 3.3146  data_time: 0.0069  memory: 10804  grad_norm: 13.3445  loss: 19.4407  loss_cls: 3.8475  loss_bbox: 7.6025  loss_dfl: 7.9907
2025/07/06 17:53:36 - mmengine - INFO - Epoch(train) [136][200/400]  base_lr: 1.0000e-02 lr: 3.3670e-03  eta: 22:41:44  time: 3.3118  data_time: 0.0061  memory: 10569  grad_norm: 13.1012  loss: 19.5460  loss_cls: 3.8415  loss_bbox: 7.6637  loss_dfl: 8.0409
2025/07/06 17:56:22 - mmengine - INFO - Epoch(train) [136][250/400]  base_lr: 1.0000e-02 lr: 3.3670e-03  eta: 22:39:12  time: 3.3102  data_time: 0.0061  memory: 10788  grad_norm: 13.2564  loss: 19.7094  loss_cls: 3.8961  loss_bbox: 7.7631  loss_dfl: 8.0502
2025/07/06 17:59:07 - mmengine - INFO - Epoch(train) [136][300/400]  base_lr: 1.0000e-02 lr: 3.3670e-03  eta: 22:36:39  time: 3.3121  data_time: 0.0064  memory: 10783  grad_norm: 13.1449  loss: 19.6287  loss_cls: 3.8886  loss_bbox: 7.7116  loss_dfl: 8.0284
2025/07/06 18:01:53 - mmengine - INFO - Epoch(train) [136][350/400]  base_lr: 1.0000e-02 lr: 3.3670e-03  eta: 22:34:07  time: 3.3124  data_time: 0.0067  memory: 10937  grad_norm: 13.0822  loss: 19.6821  loss_cls: 3.9245  loss_bbox: 7.7890  loss_dfl: 7.9686
2025/07/06 18:04:38 - mmengine - INFO - Exp name: yolov8_mambatransformer_enhance_20250705_110818
2025/07/06 18:04:38 - mmengine - INFO - Epoch(train) [136][400/400]  base_lr: 1.0000e-02 lr: 3.3670e-03  eta: 22:31:34  time: 3.3106  data_time: 0.0062  memory: 10639  grad_norm: 12.6465  loss: 19.2323  loss_cls: 3.7715  loss_bbox: 7.5300  loss_dfl: 7.9307
2025/07/06 18:04:39 - mmengine - INFO - Saving checkpoint at 136 epochs
2025/07/06 18:04:47 - mmengine - INFO - Epoch(val) [136][ 50/800]    eta: 0:01:15  time: 0.1009  data_time: 0.0008  memory: 1000  
2025/07/06 18:04:53 - mmengine - INFO - Epoch(val) [136][100/800]    eta: 0:01:18  time: 0.1228  data_time: 0.0005  memory: 1000  
2025/07/06 18:05:00 - mmengine - INFO - Epoch(val) [136][150/800]    eta: 0:01:18  time: 0.1391  data_time: 0.0004  memory: 1000  
2025/07/06 18:05:06 - mmengine - INFO - Epoch(val) [136][200/800]    eta: 0:01:13  time: 0.1287  data_time: 0.0005  memory: 1000  
2025/07/06 18:05:12 - mmengine - INFO - Epoch(val) [136][250/800]    eta: 0:01:05  time: 0.1047  data_time: 0.0005  memory: 1000  
2025/07/06 18:05:17 - mmengine - INFO - Epoch(val) [136][300/800]    eta: 0:00:58  time: 0.1074  data_time: 0.0005  memory: 1000  
2025/07/06 18:05:23 - mmengine - INFO - Epoch(val) [136][350/800]    eta: 0:00:52  time: 0.1085  data_time: 0.0005  memory: 1000  
2025/07/06 18:05:28 - mmengine - INFO - Epoch(val) [136][400/800]    eta: 0:00:46  time: 0.1102  data_time: 0.0005  memory: 1000  
2025/07/06 18:05:33 - mmengine - INFO - Epoch(val) [136][450/800]    eta: 0:00:39  time: 0.1035  data_time: 0.0004  memory: 1000  
2025/07/06 18:05:39 - mmengine - INFO - Epoch(val) [136][500/800]    eta: 0:00:34  time: 0.1103  data_time: 0.0004  memory: 1000  
2025/07/06 18:05:44 - mmengine - INFO - Epoch(val) [136][550/800]    eta: 0:00:28  time: 0.1103  data_time: 0.0004  memory: 1000  
2025/07/06 18:05:50 - mmengine - INFO - Epoch(val) [136][600/800]    eta: 0:00:22  time: 0.1102  data_time: 0.0004  memory: 1000  
2025/07/06 18:05:55 - mmengine - INFO - Epoch(val) [136][650/800]    eta: 0:00:16  time: 0.1103  data_time: 0.0004  memory: 1000  
2025/07/06 18:06:01 - mmengine - INFO - Epoch(val) [136][700/800]    eta: 0:00:11  time: 0.1108  data_time: 0.0004  memory: 1000  
2025/07/06 18:06:06 - mmengine - INFO - Epoch(val) [136][750/800]    eta: 0:00:05  time: 0.1099  data_time: 0.0004  memory: 1000  
2025/07/06 18:06:12 - mmengine - INFO - Epoch(val) [136][800/800]    eta: 0:00:00  time: 0.1072  data_time: 0.0004  memory: 1000  
2025/07/06 18:06:13 - mmengine - INFO - Evaluating bbox...
2025/07/06 18:06:25 - mmengine - INFO - 
+-------------+-------+--------+--------+-------+-------+-------+
| category    | mAP   | mAP_50 | mAP_75 | mAP_s | mAP_m | mAP_l |
+-------------+-------+--------+--------+-------+-------+-------+
| car         | 0.704 | 0.967  | 0.858  | 0.487 | 0.733 | 0.0   |
| truck       | 0.54  | 0.76   | 0.654  | 0.097 | 0.535 | 0.604 |
| bus         | 0.755 | 0.961  | 0.894  | 0.001 | 0.72  | 0.818 |
| van         | 0.518 | 0.702  | 0.642  | 0.288 | 0.505 | 0.849 |
| freight_car | 0.498 | 0.696  | 0.595  | 0.175 | 0.483 | 0.598 |
+-------------+-------+--------+--------+-------+-------+-------+
2025/07/06 18:06:25 - mmengine - INFO - bbox_mAP_copypaste: 0.603 0.817 0.729 0.210 0.595 0.574
2025/07/06 18:06:25 - mmengine - INFO - Epoch(val) [136][800/800]    coco/car_precision: 0.7040  coco/truck_precision: 0.5400  coco/bus_precision: 0.7550  coco/van_precision: 0.5180  coco/freight_car_precision: 0.4980  coco/bbox_mAP: 0.6030  coco/bbox_mAP_50: 0.8170  coco/bbox_mAP_75: 0.7290  coco/bbox_mAP_s: 0.2100  coco/bbox_mAP_m: 0.5950  coco/bbox_mAP_l: 0.5740  data_time: 0.0005  time: 0.1122
2025/07/06 18:09:11 - mmengine - INFO - Epoch(train) [137][ 50/400]  base_lr: 1.0000e-02 lr: 3.3175e-03  eta: 22:29:02  time: 3.3334  data_time: 0.0284  memory: 11065  grad_norm: 13.8188  loss: 19.7499  loss_cls: 3.9035  loss_bbox: 7.7383  loss_dfl: 8.1081
2025/07/06 18:11:57 - mmengine - INFO - Epoch(train) [137][100/400]  base_lr: 1.0000e-02 lr: 3.3175e-03  eta: 22:26:29  time: 3.3065  data_time: 0.0060  memory: 10623  grad_norm: 13.3413  loss: 19.4907  loss_cls: 3.8666  loss_bbox: 7.6478  loss_dfl: 7.9763
2025/07/06 18:14:00 - mmengine - INFO - Epoch(train) [137][150/400]  base_lr: 1.0000e-02 lr: 3.3175e-03  eta: 22:23:23  time: 2.4565  data_time: 0.0069  memory: 10729  grad_norm: 14.0056  loss: 19.3687  loss_cls: 3.7882  loss_bbox: 7.6142  loss_dfl: 7.9664
2025/07/06 18:16:08 - mmengine - INFO - Epoch(train) [137][200/400]  base_lr: 1.0000e-02 lr: 3.3175e-03  eta: 22:20:21  time: 2.5651  data_time: 0.0068  memory: 10932  grad_norm: 13.7508  loss: 19.7539  loss_cls: 3.9644  loss_bbox: 7.7987  loss_dfl: 7.9907
2025/07/06 18:18:54 - mmengine - INFO - Epoch(train) [137][250/400]  base_lr: 1.0000e-02 lr: 3.3175e-03  eta: 22:17:48  time: 3.3144  data_time: 0.0062  memory: 10644  grad_norm: 14.0480  loss: 19.6024  loss_cls: 3.9169  loss_bbox: 7.6310  loss_dfl: 8.0545
2025/07/06 18:21:39 - mmengine - INFO - Epoch(train) [137][300/400]  base_lr: 1.0000e-02 lr: 3.3175e-03  eta: 22:15:16  time: 3.3122  data_time: 0.0064  memory: 10692  grad_norm: 14.3078  loss: 20.0140  loss_cls: 4.0133  loss_bbox: 7.8712  loss_dfl: 8.1294
2025/07/06 18:24:25 - mmengine - INFO - Epoch(train) [137][350/400]  base_lr: 1.0000e-02 lr: 3.3175e-03  eta: 22:12:43  time: 3.3169  data_time: 0.0072  memory: 10810  grad_norm: 13.5534  loss: 19.5797  loss_cls: 3.7905  loss_bbox: 7.7334  loss_dfl: 8.0557
2025/07/06 18:27:11 - mmengine - INFO - Exp name: yolov8_mambatransformer_enhance_20250705_110818
2025/07/06 18:27:11 - mmengine - INFO - Epoch(train) [137][400/400]  base_lr: 1.0000e-02 lr: 3.3175e-03  eta: 22:10:10  time: 3.3139  data_time: 0.0062  memory: 11044  grad_norm: 12.5940  loss: 19.3779  loss_cls: 3.8015  loss_bbox: 7.6994  loss_dfl: 7.8770
2025/07/06 18:27:11 - mmengine - INFO - Saving checkpoint at 137 epochs
2025/07/06 18:27:19 - mmengine - INFO - Epoch(val) [137][ 50/800]    eta: 0:01:16  time: 0.1020  data_time: 0.0010  memory: 1000  
2025/07/06 18:27:24 - mmengine - INFO - Epoch(val) [137][100/800]    eta: 0:01:10  time: 0.0994  data_time: 0.0004  memory: 1000  
2025/07/06 18:27:29 - mmengine - INFO - Epoch(val) [137][150/800]    eta: 0:01:05  time: 0.1008  data_time: 0.0004  memory: 1000  
2025/07/06 18:27:34 - mmengine - INFO - Epoch(val) [137][200/800]    eta: 0:01:00  time: 0.1022  data_time: 0.0004  memory: 1000  
2025/07/06 18:27:40 - mmengine - INFO - Epoch(val) [137][250/800]    eta: 0:00:56  time: 0.1109  data_time: 0.0004  memory: 1000  
2025/07/06 18:27:45 - mmengine - INFO - Epoch(val) [137][300/800]    eta: 0:00:52  time: 0.1090  data_time: 0.0004  memory: 1000  
2025/07/06 18:27:51 - mmengine - INFO - Epoch(val) [137][350/800]    eta: 0:00:47  time: 0.1097  data_time: 0.0004  memory: 1000  
2025/07/06 18:27:56 - mmengine - INFO - Epoch(val) [137][400/800]    eta: 0:00:42  time: 0.1092  data_time: 0.0004  memory: 1000  
2025/07/06 18:28:02 - mmengine - INFO - Epoch(val) [137][450/800]    eta: 0:00:37  time: 0.1108  data_time: 0.0004  memory: 1000  
2025/07/06 18:28:07 - mmengine - INFO - Epoch(val) [137][500/800]    eta: 0:00:31  time: 0.1100  data_time: 0.0004  memory: 1000  
2025/07/06 18:28:13 - mmengine - INFO - Epoch(val) [137][550/800]    eta: 0:00:26  time: 0.1096  data_time: 0.0004  memory: 1000  
2025/07/06 18:28:18 - mmengine - INFO - Epoch(val) [137][600/800]    eta: 0:00:21  time: 0.1102  data_time: 0.0004  memory: 1000  
2025/07/06 18:28:24 - mmengine - INFO - Epoch(val) [137][650/800]    eta: 0:00:16  time: 0.1107  data_time: 0.0004  memory: 1000  
2025/07/06 18:28:31 - mmengine - INFO - Epoch(val) [137][700/800]    eta: 0:00:10  time: 0.1391  data_time: 0.0004  memory: 1000  
2025/07/06 18:28:37 - mmengine - INFO - Epoch(val) [137][750/800]    eta: 0:00:05  time: 0.1179  data_time: 0.0005  memory: 1000  
2025/07/06 18:28:42 - mmengine - INFO - Epoch(val) [137][800/800]    eta: 0:00:00  time: 0.1102  data_time: 0.0004  memory: 1000  
2025/07/06 18:28:43 - mmengine - INFO - Evaluating bbox...
2025/07/06 18:28:55 - mmengine - INFO - 
+-------------+-------+--------+--------+-------+-------+-------+
| category    | mAP   | mAP_50 | mAP_75 | mAP_s | mAP_m | mAP_l |
+-------------+-------+--------+--------+-------+-------+-------+
| car         | 0.704 | 0.967  | 0.858  | 0.487 | 0.733 | 0.0   |
| truck       | 0.541 | 0.76   | 0.653  | 0.097 | 0.535 | 0.604 |
| bus         | 0.755 | 0.961  | 0.893  | 0.001 | 0.719 | 0.817 |
| van         | 0.517 | 0.703  | 0.638  | 0.288 | 0.504 | 0.849 |
| freight_car | 0.499 | 0.698  | 0.596  | 0.175 | 0.482 | 0.605 |
+-------------+-------+--------+--------+-------+-------+-------+
2025/07/06 18:28:55 - mmengine - INFO - bbox_mAP_copypaste: 0.603 0.818 0.728 0.210 0.595 0.575
2025/07/06 18:28:55 - mmengine - INFO - Epoch(val) [137][800/800]    coco/car_precision: 0.7040  coco/truck_precision: 0.5410  coco/bus_precision: 0.7550  coco/van_precision: 0.5170  coco/freight_car_precision: 0.4990  coco/bbox_mAP: 0.6030  coco/bbox_mAP_50: 0.8180  coco/bbox_mAP_75: 0.7280  coco/bbox_mAP_s: 0.2100  coco/bbox_mAP_m: 0.5950  coco/bbox_mAP_l: 0.5750  data_time: 0.0005  time: 0.1101
2025/07/06 18:28:55 - mmengine - INFO - The previous best checkpoint /data/nl/Mamba2Spectral/work_dirs/DroneVehicle/2025_06_30/yolov8_mambatransformer_enhance/best_coco_bbox_mAP_50_epoch_132.pth is removed
2025/07/06 18:28:58 - mmengine - INFO - The best checkpoint with 0.8180 coco/bbox_mAP_50 at 137 epoch is saved to best_coco_bbox_mAP_50_epoch_137.pth.
2025/07/06 18:31:50 - mmengine - INFO - Epoch(train) [138][ 50/400]  base_lr: 1.0000e-02 lr: 3.2680e-03  eta: 22:07:38  time: 3.3329  data_time: 0.0283  memory: 10959  grad_norm: 12.8799  loss: 19.6364  loss_cls: 3.9389  loss_bbox: 7.7290  loss_dfl: 7.9686
2025/07/06 18:34:35 - mmengine - INFO - Epoch(train) [138][100/400]  base_lr: 1.0000e-02 lr: 3.2680e-03  eta: 22:05:05  time: 3.3055  data_time: 0.0061  memory: 10831  grad_norm: 13.1906  loss: 19.1535  loss_cls: 3.7778  loss_bbox: 7.4543  loss_dfl: 7.9214
2025/07/06 18:37:20 - mmengine - INFO - Epoch(train) [138][150/400]  base_lr: 1.0000e-02 lr: 3.2680e-03  eta: 22:02:32  time: 3.3086  data_time: 0.0065  memory: 10969  grad_norm: 13.7570  loss: 19.4310  loss_cls: 3.8269  loss_bbox: 7.5959  loss_dfl: 8.0081
2025/07/06 18:40:06 - mmengine - INFO - Exp name: yolov8_mambatransformer_enhance_20250705_110818
2025/07/06 18:40:06 - mmengine - INFO - Epoch(train) [138][200/400]  base_lr: 1.0000e-02 lr: 3.2680e-03  eta: 21:59:59  time: 3.3114  data_time: 0.0065  memory: 10799  grad_norm: 14.0882  loss: 19.5775  loss_cls: 3.9023  loss_bbox: 7.5500  loss_dfl: 8.1252
2025/07/06 18:42:32 - mmengine - INFO - Epoch(train) [138][250/400]  base_lr: 1.0000e-02 lr: 3.2680e-03  eta: 21:57:12  time: 2.9233  data_time: 0.0073  memory: 10793  grad_norm: 14.1246  loss: 19.7312  loss_cls: 3.9889  loss_bbox: 7.6944  loss_dfl: 8.0479
2025/07/06 18:44:19 - mmengine - INFO - Epoch(train) [138][300/400]  base_lr: 1.0000e-02 lr: 3.2680e-03  eta: 21:53:55  time: 2.1457  data_time: 0.0081  memory: 10703  grad_norm: 12.8612  loss: 19.3129  loss_cls: 3.8371  loss_bbox: 7.5743  loss_dfl: 7.9015
2025/07/06 18:47:05 - mmengine - INFO - Epoch(train) [138][350/400]  base_lr: 1.0000e-02 lr: 3.2680e-03  eta: 21:51:22  time: 3.3124  data_time: 0.0068  memory: 10959  grad_norm: 13.1612  loss: 19.4429  loss_cls: 3.8048  loss_bbox: 7.6594  loss_dfl: 7.9788
2025/07/06 18:49:51 - mmengine - INFO - Exp name: yolov8_mambatransformer_enhance_20250705_110818
2025/07/06 18:49:51 - mmengine - INFO - Epoch(train) [138][400/400]  base_lr: 1.0000e-02 lr: 3.2680e-03  eta: 21:48:49  time: 3.3159  data_time: 0.0065  memory: 11151  grad_norm: 13.5063  loss: 19.4819  loss_cls: 3.8560  loss_bbox: 7.6904  loss_dfl: 7.9355
2025/07/06 18:49:51 - mmengine - INFO - Saving checkpoint at 138 epochs
2025/07/06 18:49:59 - mmengine - INFO - Epoch(val) [138][ 50/800]    eta: 0:01:10  time: 0.0946  data_time: 0.0011  memory: 1000  
2025/07/06 18:50:04 - mmengine - INFO - Epoch(val) [138][100/800]    eta: 0:01:05  time: 0.0932  data_time: 0.0004  memory: 1000  
2025/07/06 18:50:09 - mmengine - INFO - Epoch(val) [138][150/800]    eta: 0:01:04  time: 0.1104  data_time: 0.0004  memory: 1000  
2025/07/06 18:50:16 - mmengine - INFO - Epoch(val) [138][200/800]    eta: 0:01:04  time: 0.1290  data_time: 0.0004  memory: 1000  
2025/07/06 18:50:22 - mmengine - INFO - Epoch(val) [138][250/800]    eta: 0:01:01  time: 0.1309  data_time: 0.0005  memory: 1000  
2025/07/06 18:50:29 - mmengine - INFO - Epoch(val) [138][300/800]    eta: 0:00:57  time: 0.1327  data_time: 0.0004  memory: 1000  
2025/07/06 18:50:34 - mmengine - INFO - Epoch(val) [138][350/800]    eta: 0:00:51  time: 0.1083  data_time: 0.0004  memory: 1000  
2025/07/06 18:50:39 - mmengine - INFO - Epoch(val) [138][400/800]    eta: 0:00:44  time: 0.0914  data_time: 0.0003  memory: 1000  
2025/07/06 18:50:43 - mmengine - INFO - Epoch(val) [138][450/800]    eta: 0:00:38  time: 0.0908  data_time: 0.0003  memory: 1000  
2025/07/06 18:50:48 - mmengine - INFO - Epoch(val) [138][500/800]    eta: 0:00:32  time: 0.1002  data_time: 0.0004  memory: 1000  
2025/07/06 18:50:54 - mmengine - INFO - Epoch(val) [138][550/800]    eta: 0:00:27  time: 0.1088  data_time: 0.0004  memory: 1000  
2025/07/06 18:50:59 - mmengine - INFO - Epoch(val) [138][600/800]    eta: 0:00:21  time: 0.1028  data_time: 0.0004  memory: 1000  
2025/07/06 18:51:04 - mmengine - INFO - Epoch(val) [138][650/800]    eta: 0:00:16  time: 0.0938  data_time: 0.0004  memory: 1000  
2025/07/06 18:51:09 - mmengine - INFO - Epoch(val) [138][700/800]    eta: 0:00:10  time: 0.1113  data_time: 0.0004  memory: 1000  
2025/07/06 18:51:14 - mmengine - INFO - Epoch(val) [138][750/800]    eta: 0:00:05  time: 0.0943  data_time: 0.0004  memory: 1000  
2025/07/06 18:51:19 - mmengine - INFO - Epoch(val) [138][800/800]    eta: 0:00:00  time: 0.0911  data_time: 0.0004  memory: 1000  
2025/07/06 18:51:20 - mmengine - INFO - Evaluating bbox...
2025/07/06 18:51:32 - mmengine - INFO - 
+-------------+-------+--------+--------+-------+-------+-------+
| category    | mAP   | mAP_50 | mAP_75 | mAP_s | mAP_m | mAP_l |
+-------------+-------+--------+--------+-------+-------+-------+
| car         | 0.704 | 0.967  | 0.858  | 0.487 | 0.733 | 0.0   |
| truck       | 0.541 | 0.761  | 0.655  | 0.097 | 0.535 | 0.603 |
| bus         | 0.755 | 0.961  | 0.897  | 0.001 | 0.719 | 0.817 |
| van         | 0.517 | 0.704  | 0.641  | 0.287 | 0.505 | 0.839 |
| freight_car | 0.5   | 0.698  | 0.597  | 0.171 | 0.482 | 0.606 |
+-------------+-------+--------+--------+-------+-------+-------+
2025/07/06 18:51:32 - mmengine - INFO - bbox_mAP_copypaste: 0.603 0.818 0.729 0.209 0.595 0.573
2025/07/06 18:51:32 - mmengine - INFO - Epoch(val) [138][800/800]    coco/car_precision: 0.7040  coco/truck_precision: 0.5410  coco/bus_precision: 0.7550  coco/van_precision: 0.5170  coco/freight_car_precision: 0.5000  coco/bbox_mAP: 0.6030  coco/bbox_mAP_50: 0.8180  coco/bbox_mAP_75: 0.7290  coco/bbox_mAP_s: 0.2090  coco/bbox_mAP_m: 0.5950  coco/bbox_mAP_l: 0.5730  data_time: 0.0004  time: 0.1053
2025/07/06 18:54:18 - mmengine - INFO - Epoch(train) [139][ 50/400]  base_lr: 1.0000e-02 lr: 3.2185e-03  eta: 21:46:17  time: 3.3355  data_time: 0.0265  memory: 10868  grad_norm: 12.9410  loss: 19.2354  loss_cls: 3.8436  loss_bbox: 7.5314  loss_dfl: 7.8604
2025/07/06 18:57:04 - mmengine - INFO - Epoch(train) [139][100/400]  base_lr: 1.0000e-02 lr: 3.2185e-03  eta: 21:43:44  time: 3.3146  data_time: 0.0067  memory: 10810  grad_norm: 13.3673  loss: 19.3695  loss_cls: 3.8011  loss_bbox: 7.6343  loss_dfl: 7.9340
2025/07/06 18:59:50 - mmengine - INFO - Epoch(train) [139][150/400]  base_lr: 1.0000e-02 lr: 3.2185e-03  eta: 21:41:12  time: 3.3147  data_time: 0.0070  memory: 11012  grad_norm: 13.4662  loss: 19.4504  loss_cls: 3.8006  loss_bbox: 7.6426  loss_dfl: 8.0073
2025/07/06 19:02:36 - mmengine - INFO - Epoch(train) [139][200/400]  base_lr: 1.0000e-02 lr: 3.2185e-03  eta: 21:38:39  time: 3.3159  data_time: 0.0066  memory: 11076  grad_norm: 13.3017  loss: 19.5985  loss_cls: 3.8842  loss_bbox: 7.7225  loss_dfl: 7.9919
2025/07/06 19:05:22 - mmengine - INFO - Epoch(train) [139][250/400]  base_lr: 1.0000e-02 lr: 3.2185e-03  eta: 21:36:06  time: 3.3167  data_time: 0.0062  memory: 10921  grad_norm: 13.6945  loss: 19.4695  loss_cls: 3.8467  loss_bbox: 7.6840  loss_dfl: 7.9388
2025/07/06 19:08:07 - mmengine - INFO - Epoch(train) [139][300/400]  base_lr: 1.0000e-02 lr: 3.2185e-03  eta: 21:33:33  time: 3.3150  data_time: 0.0061  memory: 11055  grad_norm: 13.2660  loss: 19.3306  loss_cls: 3.8326  loss_bbox: 7.5979  loss_dfl: 7.9001
2025/07/06 19:10:53 - mmengine - INFO - Epoch(train) [139][350/400]  base_lr: 1.0000e-02 lr: 3.2185e-03  eta: 21:31:00  time: 3.3141  data_time: 0.0068  memory: 10841  grad_norm: 13.6523  loss: 19.7779  loss_cls: 3.9559  loss_bbox: 7.8187  loss_dfl: 8.0032
2025/07/06 19:12:51 - mmengine - INFO - Exp name: yolov8_mambatransformer_enhance_20250705_110818
2025/07/06 19:12:51 - mmengine - INFO - Epoch(train) [139][400/400]  base_lr: 1.0000e-02 lr: 3.2185e-03  eta: 21:27:52  time: 2.3482  data_time: 0.0079  memory: 10932  grad_norm: 14.0296  loss: 19.5320  loss_cls: 3.9141  loss_bbox: 7.6149  loss_dfl: 8.0031
2025/07/06 19:12:51 - mmengine - INFO - Saving checkpoint at 139 epochs
2025/07/06 19:13:00 - mmengine - INFO - Epoch(val) [139][ 50/800]    eta: 0:01:20  time: 0.1067  data_time: 0.0016  memory: 1000  
2025/07/06 19:13:06 - mmengine - INFO - Epoch(val) [139][100/800]    eta: 0:01:14  time: 0.1070  data_time: 0.0006  memory: 1000  
2025/07/06 19:13:10 - mmengine - INFO - Epoch(val) [139][150/800]    eta: 0:01:03  time: 0.0807  data_time: 0.0004  memory: 1000  
2025/07/06 19:13:14 - mmengine - INFO - Epoch(val) [139][200/800]    eta: 0:00:55  time: 0.0743  data_time: 0.0004  memory: 1000  
2025/07/06 19:13:17 - mmengine - INFO - Epoch(val) [139][250/800]    eta: 0:00:48  time: 0.0741  data_time: 0.0004  memory: 1000  
2025/07/06 19:13:21 - mmengine - INFO - Epoch(val) [139][300/800]    eta: 0:00:43  time: 0.0832  data_time: 0.0004  memory: 1000  
2025/07/06 19:13:26 - mmengine - INFO - Epoch(val) [139][350/800]    eta: 0:00:39  time: 0.0915  data_time: 0.0003  memory: 1000  
2025/07/06 19:13:31 - mmengine - INFO - Epoch(val) [139][400/800]    eta: 0:00:35  time: 0.0953  data_time: 0.0004  memory: 1000  
2025/07/06 19:13:36 - mmengine - INFO - Epoch(val) [139][450/800]    eta: 0:00:31  time: 0.1010  data_time: 0.0005  memory: 1000  
2025/07/06 19:13:41 - mmengine - INFO - Epoch(val) [139][500/800]    eta: 0:00:27  time: 0.1079  data_time: 0.0004  memory: 1000  
2025/07/06 19:13:47 - mmengine - INFO - Epoch(val) [139][550/800]    eta: 0:00:23  time: 0.1099  data_time: 0.0004  memory: 1000  
2025/07/06 19:13:52 - mmengine - INFO - Epoch(val) [139][600/800]    eta: 0:00:19  time: 0.1101  data_time: 0.0004  memory: 1000  
2025/07/06 19:13:58 - mmengine - INFO - Epoch(val) [139][650/800]    eta: 0:00:14  time: 0.1030  data_time: 0.0004  memory: 1000  
2025/07/06 19:14:02 - mmengine - INFO - Epoch(val) [139][700/800]    eta: 0:00:09  time: 0.0921  data_time: 0.0003  memory: 1000  
2025/07/06 19:14:07 - mmengine - INFO - Epoch(val) [139][750/800]    eta: 0:00:04  time: 0.0973  data_time: 0.0004  memory: 1000  
2025/07/06 19:14:12 - mmengine - INFO - Epoch(val) [139][800/800]    eta: 0:00:00  time: 0.0912  data_time: 0.0004  memory: 1000  
2025/07/06 19:14:13 - mmengine - INFO - Evaluating bbox...
2025/07/06 19:14:24 - mmengine - INFO - 
+-------------+-------+--------+--------+-------+-------+-------+
| category    | mAP   | mAP_50 | mAP_75 | mAP_s | mAP_m | mAP_l |
+-------------+-------+--------+--------+-------+-------+-------+
| car         | 0.704 | 0.967  | 0.858  | 0.486 | 0.733 | 0.0   |
| truck       | 0.541 | 0.761  | 0.656  | 0.096 | 0.536 | 0.604 |
| bus         | 0.755 | 0.962  | 0.897  | 0.001 | 0.719 | 0.818 |
| van         | 0.518 | 0.704  | 0.644  | 0.28  | 0.506 | 0.839 |
| freight_car | 0.501 | 0.699  | 0.597  | 0.17  | 0.483 | 0.605 |
+-------------+-------+--------+--------+-------+-------+-------+
2025/07/06 19:14:24 - mmengine - INFO - bbox_mAP_copypaste: 0.604 0.818 0.730 0.207 0.595 0.573
2025/07/06 19:14:25 - mmengine - INFO - Epoch(val) [139][800/800]    coco/car_precision: 0.7040  coco/truck_precision: 0.5410  coco/bus_precision: 0.7550  coco/van_precision: 0.5180  coco/freight_car_precision: 0.5010  coco/bbox_mAP: 0.6040  coco/bbox_mAP_50: 0.8180  coco/bbox_mAP_75: 0.7300  coco/bbox_mAP_s: 0.2070  coco/bbox_mAP_m: 0.5950  coco/bbox_mAP_l: 0.5730  data_time: 0.0005  time: 0.0953
2025/07/06 19:17:11 - mmengine - INFO - Epoch(train) [140][ 50/400]  base_lr: 1.0000e-02 lr: 3.1690e-03  eta: 21:25:19  time: 3.3354  data_time: 0.0271  memory: 10735  grad_norm: 13.7994  loss: 19.6574  loss_cls: 3.8738  loss_bbox: 7.7194  loss_dfl: 8.0642
2025/07/06 19:19:57 - mmengine - INFO - Epoch(train) [140][100/400]  base_lr: 1.0000e-02 lr: 3.1690e-03  eta: 21:22:46  time: 3.3121  data_time: 0.0059  memory: 10905  grad_norm: 14.3238  loss: 19.5918  loss_cls: 3.8582  loss_bbox: 7.6741  loss_dfl: 8.0595
2025/07/06 19:22:43 - mmengine - INFO - Epoch(train) [140][150/400]  base_lr: 1.0000e-02 lr: 3.1690e-03  eta: 21:20:13  time: 3.3124  data_time: 0.0069  memory: 10980  grad_norm: 14.4040  loss: 19.7448  loss_cls: 3.8962  loss_bbox: 7.8215  loss_dfl: 8.0271
2025/07/06 19:25:28 - mmengine - INFO - Epoch(train) [140][200/400]  base_lr: 1.0000e-02 lr: 3.1690e-03  eta: 21:17:40  time: 3.3162  data_time: 0.0061  memory: 10708  grad_norm: 13.0296  loss: 19.3375  loss_cls: 3.8259  loss_bbox: 7.5375  loss_dfl: 7.9742
2025/07/06 19:28:14 - mmengine - INFO - Epoch(train) [140][250/400]  base_lr: 1.0000e-02 lr: 3.1690e-03  eta: 21:15:07  time: 3.3133  data_time: 0.0061  memory: 10921  grad_norm: 13.8583  loss: 19.4050  loss_cls: 3.8634  loss_bbox: 7.5774  loss_dfl: 7.9642
2025/07/06 19:31:00 - mmengine - INFO - Epoch(train) [140][300/400]  base_lr: 1.0000e-02 lr: 3.1690e-03  eta: 21:12:34  time: 3.3146  data_time: 0.0061  memory: 10788  grad_norm: 13.2567  loss: 19.2499  loss_cls: 3.7946  loss_bbox: 7.5239  loss_dfl: 7.9314
2025/07/06 19:33:46 - mmengine - INFO - Epoch(train) [140][350/400]  base_lr: 1.0000e-02 lr: 3.1690e-03  eta: 21:10:00  time: 3.3170  data_time: 0.0065  memory: 10804  grad_norm: 13.6125  loss: 19.3062  loss_cls: 3.7747  loss_bbox: 7.6468  loss_dfl: 7.8847
2025/07/06 19:36:32 - mmengine - INFO - Exp name: yolov8_mambatransformer_enhance_20250705_110818
2025/07/06 19:36:32 - mmengine - INFO - Epoch(train) [140][400/400]  base_lr: 1.0000e-02 lr: 3.1690e-03  eta: 21:07:27  time: 3.3177  data_time: 0.0061  memory: 10911  grad_norm: 13.5449  loss: 19.1769  loss_cls: 3.7454  loss_bbox: 7.5020  loss_dfl: 7.9295
2025/07/06 19:36:32 - mmengine - INFO - Saving checkpoint at 140 epochs
2025/07/06 19:36:40 - mmengine - INFO - Epoch(val) [140][ 50/800]    eta: 0:01:12  time: 0.0973  data_time: 0.0009  memory: 1000  
2025/07/06 19:36:44 - mmengine - INFO - Epoch(val) [140][100/800]    eta: 0:01:06  time: 0.0930  data_time: 0.0004  memory: 1000  
2025/07/06 19:36:49 - mmengine - INFO - Epoch(val) [140][150/800]    eta: 0:01:01  time: 0.0943  data_time: 0.0004  memory: 1000  
2025/07/06 19:36:54 - mmengine - INFO - Epoch(val) [140][200/800]    eta: 0:00:58  time: 0.1044  data_time: 0.0005  memory: 1000  
2025/07/06 19:36:59 - mmengine - INFO - Epoch(val) [140][250/800]    eta: 0:00:53  time: 0.0972  data_time: 0.0005  memory: 1000  
2025/07/06 19:37:05 - mmengine - INFO - Epoch(val) [140][300/800]    eta: 0:00:49  time: 0.1093  data_time: 0.0004  memory: 1000  
2025/07/06 19:37:10 - mmengine - INFO - Epoch(val) [140][350/800]    eta: 0:00:45  time: 0.1094  data_time: 0.0004  memory: 1000  
2025/07/06 19:37:16 - mmengine - INFO - Epoch(val) [140][400/800]    eta: 0:00:40  time: 0.1103  data_time: 0.0004  memory: 1000  
2025/07/06 19:37:21 - mmengine - INFO - Epoch(val) [140][450/800]    eta: 0:00:35  time: 0.1098  data_time: 0.0004  memory: 1000  
2025/07/06 19:37:27 - mmengine - INFO - Epoch(val) [140][500/800]    eta: 0:00:31  time: 0.1088  data_time: 0.0004  memory: 1000  
2025/07/06 19:37:32 - mmengine - INFO - Epoch(val) [140][550/800]    eta: 0:00:25  time: 0.1100  data_time: 0.0004  memory: 1000  
2025/07/06 19:37:38 - mmengine - INFO - Epoch(val) [140][600/800]    eta: 0:00:20  time: 0.1100  data_time: 0.0004  memory: 1000  
2025/07/06 19:37:43 - mmengine - INFO - Epoch(val) [140][650/800]    eta: 0:00:15  time: 0.1095  data_time: 0.0004  memory: 1000  
2025/07/06 19:37:49 - mmengine - INFO - Epoch(val) [140][700/800]    eta: 0:00:10  time: 0.1090  data_time: 0.0004  memory: 1000  
2025/07/06 19:37:54 - mmengine - INFO - Epoch(val) [140][750/800]    eta: 0:00:05  time: 0.1097  data_time: 0.0004  memory: 1000  
2025/07/06 19:38:00 - mmengine - INFO - Epoch(val) [140][800/800]    eta: 0:00:00  time: 0.1106  data_time: 0.0004  memory: 1000  
2025/07/06 19:38:01 - mmengine - INFO - Evaluating bbox...
2025/07/06 19:38:12 - mmengine - INFO - 
+-------------+-------+--------+--------+-------+-------+-------+
| category    | mAP   | mAP_50 | mAP_75 | mAP_s | mAP_m | mAP_l |
+-------------+-------+--------+--------+-------+-------+-------+
| car         | 0.704 | 0.967  | 0.858  | 0.486 | 0.734 | 0.0   |
| truck       | 0.542 | 0.761  | 0.655  | 0.096 | 0.536 | 0.604 |
| bus         | 0.754 | 0.962  | 0.894  | 0.001 | 0.718 | 0.818 |
| van         | 0.519 | 0.705  | 0.642  | 0.274 | 0.508 | 0.841 |
| freight_car | 0.501 | 0.7    | 0.596  | 0.171 | 0.484 | 0.605 |
+-------------+-------+--------+--------+-------+-------+-------+
2025/07/06 19:38:12 - mmengine - INFO - bbox_mAP_copypaste: 0.604 0.819 0.729 0.205 0.596 0.574
2025/07/06 19:38:13 - mmengine - INFO - Epoch(val) [140][800/800]    coco/car_precision: 0.7040  coco/truck_precision: 0.5420  coco/bus_precision: 0.7540  coco/van_precision: 0.5190  coco/freight_car_precision: 0.5010  coco/bbox_mAP: 0.6040  coco/bbox_mAP_50: 0.8190  coco/bbox_mAP_75: 0.7290  coco/bbox_mAP_s: 0.2050  coco/bbox_mAP_m: 0.5960  coco/bbox_mAP_l: 0.5740  data_time: 0.0004  time: 0.1058
2025/07/06 19:38:13 - mmengine - INFO - The previous best checkpoint /data/nl/Mamba2Spectral/work_dirs/DroneVehicle/2025_06_30/yolov8_mambatransformer_enhance/best_coco_bbox_mAP_50_epoch_137.pth is removed
2025/07/06 19:38:15 - mmengine - INFO - The best checkpoint with 0.8190 coco/bbox_mAP_50 at 140 epoch is saved to best_coco_bbox_mAP_50_epoch_140.pth.
2025/07/06 19:40:36 - mmengine - INFO - Epoch(train) [141][ 50/400]  base_lr: 1.0000e-02 lr: 3.1195e-03  eta: 21:04:33  time: 2.7252  data_time: 0.0280  memory: 10799  grad_norm: 14.2648  loss: 19.5770  loss_cls: 3.9124  loss_bbox: 7.6387  loss_dfl: 8.0259
2025/07/06 19:42:27 - mmengine - INFO - Epoch(train) [141][100/400]  base_lr: 1.0000e-02 lr: 3.1195e-03  eta: 21:01:21  time: 2.2100  data_time: 0.0077  memory: 10671  grad_norm: 14.2284  loss: 19.5267  loss_cls: 3.8283  loss_bbox: 7.6506  loss_dfl: 8.0478
2025/07/06 19:45:13 - mmengine - INFO - Epoch(train) [141][150/400]  base_lr: 1.0000e-02 lr: 3.1195e-03  eta: 20:58:48  time: 3.3162  data_time: 0.0064  memory: 10793  grad_norm: 13.2211  loss: 19.2915  loss_cls: 3.7699  loss_bbox: 7.6781  loss_dfl: 7.8435
2025/07/06 19:47:58 - mmengine - INFO - Epoch(train) [141][200/400]  base_lr: 1.0000e-02 lr: 3.1195e-03  eta: 20:56:15  time: 3.3126  data_time: 0.0071  memory: 10639  grad_norm: 14.6783  loss: 19.6985  loss_cls: 3.8885  loss_bbox: 7.7471  loss_dfl: 8.0628
2025/07/06 19:50:44 - mmengine - INFO - Epoch(train) [141][250/400]  base_lr: 1.0000e-02 lr: 3.1195e-03  eta: 20:53:42  time: 3.3159  data_time: 0.0059  memory: 11001  grad_norm: 12.5335  loss: 18.9299  loss_cls: 3.7278  loss_bbox: 7.4101  loss_dfl: 7.7920
2025/07/06 19:53:30 - mmengine - INFO - Epoch(train) [141][300/400]  base_lr: 1.0000e-02 lr: 3.1195e-03  eta: 20:51:08  time: 3.3131  data_time: 0.0060  memory: 10857  grad_norm: 14.2889  loss: 19.5736  loss_cls: 3.8305  loss_bbox: 7.6938  loss_dfl: 8.0493
2025/07/06 19:56:16 - mmengine - INFO - Epoch(train) [141][350/400]  base_lr: 1.0000e-02 lr: 3.1195e-03  eta: 20:48:35  time: 3.3148  data_time: 0.0060  memory: 10895  grad_norm: 13.4179  loss: 19.0401  loss_cls: 3.6676  loss_bbox: 7.5024  loss_dfl: 7.8701
2025/07/06 19:59:01 - mmengine - INFO - Exp name: yolov8_mambatransformer_enhance_20250705_110818
2025/07/06 19:59:01 - mmengine - INFO - Epoch(train) [141][400/400]  base_lr: 1.0000e-02 lr: 3.1195e-03  eta: 20:46:02  time: 3.3085  data_time: 0.0063  memory: 10825  grad_norm: 13.4831  loss: 19.3652  loss_cls: 3.8363  loss_bbox: 7.5988  loss_dfl: 7.9301
2025/07/06 19:59:01 - mmengine - INFO - Saving checkpoint at 141 epochs
2025/07/06 19:59:10 - mmengine - INFO - Epoch(val) [141][ 50/800]    eta: 0:01:23  time: 0.1113  data_time: 0.0009  memory: 1000  
2025/07/06 19:59:15 - mmengine - INFO - Epoch(val) [141][100/800]    eta: 0:01:17  time: 0.1100  data_time: 0.0004  memory: 1000  
2025/07/06 19:59:21 - mmengine - INFO - Epoch(val) [141][150/800]    eta: 0:01:11  time: 0.1085  data_time: 0.0005  memory: 1000  
2025/07/06 19:59:26 - mmengine - INFO - Epoch(val) [141][200/800]    eta: 0:01:04  time: 0.1011  data_time: 0.0004  memory: 1000  
2025/07/06 19:59:30 - mmengine - INFO - Epoch(val) [141][250/800]    eta: 0:00:57  time: 0.0920  data_time: 0.0003  memory: 1000  
2025/07/06 19:59:35 - mmengine - INFO - Epoch(val) [141][300/800]    eta: 0:00:51  time: 0.0925  data_time: 0.0003  memory: 1000  
2025/07/06 19:59:40 - mmengine - INFO - Epoch(val) [141][350/800]    eta: 0:00:45  time: 0.0920  data_time: 0.0003  memory: 1000  
2025/07/06 19:59:44 - mmengine - INFO - Epoch(val) [141][400/800]    eta: 0:00:39  time: 0.0922  data_time: 0.0004  memory: 1000  
2025/07/06 19:59:49 - mmengine - INFO - Epoch(val) [141][450/800]    eta: 0:00:34  time: 0.0959  data_time: 0.0004  memory: 1000  
2025/07/06 19:59:54 - mmengine - INFO - Epoch(val) [141][500/800]    eta: 0:00:29  time: 0.0916  data_time: 0.0003  memory: 1000  
2025/07/06 19:59:58 - mmengine - INFO - Epoch(val) [141][550/800]    eta: 0:00:24  time: 0.0902  data_time: 0.0003  memory: 1000  
2025/07/06 20:00:03 - mmengine - INFO - Epoch(val) [141][600/800]    eta: 0:00:19  time: 0.0981  data_time: 0.0004  memory: 1000  
2025/07/06 20:00:09 - mmengine - INFO - Epoch(val) [141][650/800]    eta: 0:00:14  time: 0.1088  data_time: 0.0005  memory: 1000  
2025/07/06 20:00:13 - mmengine - INFO - Epoch(val) [141][700/800]    eta: 0:00:09  time: 0.0978  data_time: 0.0003  memory: 1000  
2025/07/06 20:00:18 - mmengine - INFO - Epoch(val) [141][750/800]    eta: 0:00:04  time: 0.0939  data_time: 0.0004  memory: 1000  
2025/07/06 20:00:24 - mmengine - INFO - Epoch(val) [141][800/800]    eta: 0:00:00  time: 0.1200  data_time: 0.0004  memory: 1000  
2025/07/06 20:00:25 - mmengine - INFO - Evaluating bbox...
2025/07/06 20:00:37 - mmengine - INFO - 
+-------------+-------+--------+--------+-------+-------+-------+
| category    | mAP   | mAP_50 | mAP_75 | mAP_s | mAP_m | mAP_l |
+-------------+-------+--------+--------+-------+-------+-------+
| car         | 0.704 | 0.967  | 0.858  | 0.485 | 0.734 | 0.0   |
| truck       | 0.543 | 0.762  | 0.654  | 0.096 | 0.537 | 0.606 |
| bus         | 0.754 | 0.961  | 0.892  | 0.001 | 0.717 | 0.818 |
| van         | 0.518 | 0.705  | 0.642  | 0.274 | 0.507 | 0.843 |
| freight_car | 0.503 | 0.7    | 0.597  | 0.171 | 0.485 | 0.606 |
+-------------+-------+--------+--------+-------+-------+-------+
2025/07/06 20:00:37 - mmengine - INFO - bbox_mAP_copypaste: 0.604 0.819 0.729 0.206 0.596 0.575
2025/07/06 20:00:37 - mmengine - INFO - Epoch(val) [141][800/800]    coco/car_precision: 0.7040  coco/truck_precision: 0.5430  coco/bus_precision: 0.7540  coco/van_precision: 0.5180  coco/freight_car_precision: 0.5030  coco/bbox_mAP: 0.6040  coco/bbox_mAP_50: 0.8190  coco/bbox_mAP_75: 0.7290  coco/bbox_mAP_s: 0.2060  coco/bbox_mAP_m: 0.5960  coco/bbox_mAP_l: 0.5750  data_time: 0.0004  time: 0.0997
2025/07/06 20:03:24 - mmengine - INFO - Epoch(train) [142][ 50/400]  base_lr: 1.0000e-02 lr: 3.0700e-03  eta: 20:43:29  time: 3.3278  data_time: 0.0266  memory: 11049  grad_norm: 14.1015  loss: 19.3538  loss_cls: 3.7825  loss_bbox: 7.5308  loss_dfl: 8.0404
2025/07/06 20:06:09 - mmengine - INFO - Epoch(train) [142][100/400]  base_lr: 1.0000e-02 lr: 3.0700e-03  eta: 20:40:55  time: 3.3110  data_time: 0.0063  memory: 10841  grad_norm: 13.8512  loss: 19.3115  loss_cls: 3.8174  loss_bbox: 7.5318  loss_dfl: 7.9623
2025/07/06 20:08:55 - mmengine - INFO - Epoch(train) [142][150/400]  base_lr: 1.0000e-02 lr: 3.0700e-03  eta: 20:38:22  time: 3.3110  data_time: 0.0064  memory: 10825  grad_norm: 14.1142  loss: 19.2056  loss_cls: 3.8194  loss_bbox: 7.4774  loss_dfl: 7.9088
2025/07/06 20:10:50 - mmengine - INFO - Epoch(train) [142][200/400]  base_lr: 1.0000e-02 lr: 3.0700e-03  eta: 20:35:14  time: 2.3060  data_time: 0.0087  memory: 10964  grad_norm: 13.4837  loss: 19.5616  loss_cls: 3.8559  loss_bbox: 7.7348  loss_dfl: 7.9709
2025/07/06 20:13:02 - mmengine - INFO - Epoch(train) [142][250/400]  base_lr: 1.0000e-02 lr: 3.0700e-03  eta: 20:32:18  time: 2.6457  data_time: 0.0074  memory: 10783  grad_norm: 14.1959  loss: 19.4781  loss_cls: 3.8196  loss_bbox: 7.6703  loss_dfl: 7.9881
2025/07/06 20:15:48 - mmengine - INFO - Epoch(train) [142][300/400]  base_lr: 1.0000e-02 lr: 3.0700e-03  eta: 20:29:45  time: 3.3131  data_time: 0.0065  memory: 10820  grad_norm: 13.8625  loss: 19.3089  loss_cls: 3.8035  loss_bbox: 7.5563  loss_dfl: 7.9491
2025/07/06 20:18:34 - mmengine - INFO - Epoch(train) [142][350/400]  base_lr: 1.0000e-02 lr: 3.0700e-03  eta: 20:27:11  time: 3.3179  data_time: 0.0066  memory: 10847  grad_norm: 13.6525  loss: 19.2615  loss_cls: 3.7953  loss_bbox: 7.5981  loss_dfl: 7.8681
2025/07/06 20:21:19 - mmengine - INFO - Exp name: yolov8_mambatransformer_enhance_20250705_110818
2025/07/06 20:21:19 - mmengine - INFO - Epoch(train) [142][400/400]  base_lr: 1.0000e-02 lr: 3.0700e-03  eta: 20:24:38  time: 3.3080  data_time: 0.0062  memory: 10985  grad_norm: 13.7460  loss: 19.1436  loss_cls: 3.6937  loss_bbox: 7.5015  loss_dfl: 7.9484
2025/07/06 20:21:19 - mmengine - INFO - Saving checkpoint at 142 epochs
2025/07/06 20:21:29 - mmengine - INFO - Epoch(val) [142][ 50/800]    eta: 0:01:29  time: 0.1188  data_time: 0.0023  memory: 1000  
2025/07/06 20:21:35 - mmengine - INFO - Epoch(val) [142][100/800]    eta: 0:01:23  time: 0.1195  data_time: 0.0010  memory: 1000  
2025/07/06 20:21:41 - mmengine - INFO - Epoch(val) [142][150/800]    eta: 0:01:17  time: 0.1177  data_time: 0.0015  memory: 1000  
2025/07/06 20:21:46 - mmengine - INFO - Epoch(val) [142][200/800]    eta: 0:01:07  time: 0.0967  data_time: 0.0004  memory: 1000  
2025/07/06 20:21:50 - mmengine - INFO - Epoch(val) [142][250/800]    eta: 0:00:59  time: 0.0927  data_time: 0.0004  memory: 1000  
2025/07/06 20:21:56 - mmengine - INFO - Epoch(val) [142][300/800]    eta: 0:00:54  time: 0.1076  data_time: 0.0005  memory: 1000  
2025/07/06 20:22:01 - mmengine - INFO - Epoch(val) [142][350/800]    eta: 0:00:48  time: 0.1080  data_time: 0.0006  memory: 1000  
2025/07/06 20:22:07 - mmengine - INFO - Epoch(val) [142][400/800]    eta: 0:00:43  time: 0.1106  data_time: 0.0004  memory: 1000  
2025/07/06 20:22:12 - mmengine - INFO - Epoch(val) [142][450/800]    eta: 0:00:38  time: 0.1105  data_time: 0.0004  memory: 1000  
2025/07/06 20:22:18 - mmengine - INFO - Epoch(val) [142][500/800]    eta: 0:00:32  time: 0.1117  data_time: 0.0005  memory: 1000  
2025/07/06 20:22:23 - mmengine - INFO - Epoch(val) [142][550/800]    eta: 0:00:27  time: 0.1107  data_time: 0.0004  memory: 1000  
2025/07/06 20:22:29 - mmengine - INFO - Epoch(val) [142][600/800]    eta: 0:00:21  time: 0.1108  data_time: 0.0004  memory: 1000  
2025/07/06 20:22:34 - mmengine - INFO - Epoch(val) [142][650/800]    eta: 0:00:16  time: 0.1113  data_time: 0.0004  memory: 1000  
2025/07/06 20:22:40 - mmengine - INFO - Epoch(val) [142][700/800]    eta: 0:00:10  time: 0.1101  data_time: 0.0004  memory: 1000  
2025/07/06 20:22:46 - mmengine - INFO - Epoch(val) [142][750/800]    eta: 0:00:05  time: 0.1112  data_time: 0.0004  memory: 1000  
2025/07/06 20:22:51 - mmengine - INFO - Epoch(val) [142][800/800]    eta: 0:00:00  time: 0.1111  data_time: 0.0004  memory: 1000  
2025/07/06 20:22:52 - mmengine - INFO - Evaluating bbox...
2025/07/06 20:23:04 - mmengine - INFO - 
+-------------+-------+--------+--------+-------+-------+-------+
| category    | mAP   | mAP_50 | mAP_75 | mAP_s | mAP_m | mAP_l |
+-------------+-------+--------+--------+-------+-------+-------+
| car         | 0.704 | 0.967  | 0.859  | 0.485 | 0.734 | 0.0   |
| truck       | 0.542 | 0.763  | 0.653  | 0.096 | 0.536 | 0.606 |
| bus         | 0.754 | 0.961  | 0.889  | 0.001 | 0.717 | 0.818 |
| van         | 0.518 | 0.706  | 0.641  | 0.267 | 0.507 | 0.843 |
| freight_car | 0.503 | 0.7    | 0.599  | 0.172 | 0.486 | 0.605 |
+-------------+-------+--------+--------+-------+-------+-------+
2025/07/06 20:23:04 - mmengine - INFO - bbox_mAP_copypaste: 0.604 0.819 0.728 0.204 0.596 0.574
2025/07/06 20:23:04 - mmengine - INFO - Epoch(val) [142][800/800]    coco/car_precision: 0.7040  coco/truck_precision: 0.5420  coco/bus_precision: 0.7540  coco/van_precision: 0.5180  coco/freight_car_precision: 0.5030  coco/bbox_mAP: 0.6040  coco/bbox_mAP_50: 0.8190  coco/bbox_mAP_75: 0.7280  coco/bbox_mAP_s: 0.2040  coco/bbox_mAP_m: 0.5960  coco/bbox_mAP_l: 0.5740  data_time: 0.0006  time: 0.1099
2025/07/06 20:25:51 - mmengine - INFO - Epoch(train) [143][ 50/400]  base_lr: 1.0000e-02 lr: 3.0205e-03  eta: 20:22:05  time: 3.3330  data_time: 0.0268  memory: 10900  grad_norm: 13.5778  loss: 18.8686  loss_cls: 3.6519  loss_bbox: 7.3010  loss_dfl: 7.9157
2025/07/06 20:28:36 - mmengine - INFO - Epoch(train) [143][100/400]  base_lr: 1.0000e-02 lr: 3.0205e-03  eta: 20:19:31  time: 3.3116  data_time: 0.0062  memory: 10777  grad_norm: 14.1480  loss: 19.4085  loss_cls: 3.7615  loss_bbox: 7.5969  loss_dfl: 8.0501
2025/07/06 20:31:22 - mmengine - INFO - Epoch(train) [143][150/400]  base_lr: 1.0000e-02 lr: 3.0205e-03  eta: 20:16:58  time: 3.3107  data_time: 0.0061  memory: 10793  grad_norm: 13.4388  loss: 19.1545  loss_cls: 3.7740  loss_bbox: 7.4633  loss_dfl: 7.9172
2025/07/06 20:34:07 - mmengine - INFO - Exp name: yolov8_mambatransformer_enhance_20250705_110818
2025/07/06 20:34:07 - mmengine - INFO - Epoch(train) [143][200/400]  base_lr: 1.0000e-02 lr: 3.0205e-03  eta: 20:14:24  time: 3.3104  data_time: 0.0070  memory: 10665  grad_norm: 14.5028  loss: 19.7727  loss_cls: 3.9175  loss_bbox: 7.7887  loss_dfl: 8.0665
2025/07/06 20:36:53 - mmengine - INFO - Epoch(train) [143][250/400]  base_lr: 1.0000e-02 lr: 3.0205e-03  eta: 20:11:50  time: 3.3128  data_time: 0.0063  memory: 10777  grad_norm: 14.3118  loss: 19.4509  loss_cls: 3.8531  loss_bbox: 7.6397  loss_dfl: 7.9581
2025/07/06 20:39:21 - mmengine - INFO - Epoch(train) [143][300/400]  base_lr: 1.0000e-02 lr: 3.0205e-03  eta: 20:09:05  time: 2.9690  data_time: 0.0072  memory: 10825  grad_norm: 12.8218  loss: 18.8883  loss_cls: 3.6604  loss_bbox: 7.3903  loss_dfl: 7.8376
2025/07/06 20:41:02 - mmengine - INFO - Epoch(train) [143][350/400]  base_lr: 1.0000e-02 lr: 3.0205e-03  eta: 20:05:50  time: 2.0215  data_time: 0.0106  memory: 10847  grad_norm: 13.6551  loss: 19.3274  loss_cls: 3.8226  loss_bbox: 7.5884  loss_dfl: 7.9164
2025/07/06 20:43:48 - mmengine - INFO - Exp name: yolov8_mambatransformer_enhance_20250705_110818
2025/07/06 20:43:48 - mmengine - INFO - Epoch(train) [143][400/400]  base_lr: 1.0000e-02 lr: 3.0205e-03  eta: 20:03:16  time: 3.3187  data_time: 0.0073  memory: 10788  grad_norm: 13.8083  loss: 19.1553  loss_cls: 3.7633  loss_bbox: 7.4884  loss_dfl: 7.9036
2025/07/06 20:43:48 - mmengine - INFO - Saving checkpoint at 143 epochs
2025/07/06 20:43:57 - mmengine - INFO - Epoch(val) [143][ 50/800]    eta: 0:01:15  time: 0.1007  data_time: 0.0010  memory: 1000  
2025/07/06 20:44:02 - mmengine - INFO - Epoch(val) [143][100/800]    eta: 0:01:13  time: 0.1101  data_time: 0.0004  memory: 1000  
2025/07/06 20:44:09 - mmengine - INFO - Epoch(val) [143][150/800]    eta: 0:01:12  time: 0.1221  data_time: 0.0005  memory: 1000  
2025/07/06 20:44:14 - mmengine - INFO - Epoch(val) [143][200/800]    eta: 0:01:05  time: 0.1035  data_time: 0.0005  memory: 1000  
2025/07/06 20:44:18 - mmengine - INFO - Epoch(val) [143][250/800]    eta: 0:00:58  time: 0.0927  data_time: 0.0004  memory: 1000  
2025/07/06 20:44:24 - mmengine - INFO - Epoch(val) [143][300/800]    eta: 0:00:53  time: 0.1133  data_time: 0.0005  memory: 1000  
2025/07/06 20:44:30 - mmengine - INFO - Epoch(val) [143][350/800]    eta: 0:00:48  time: 0.1173  data_time: 0.0004  memory: 1000  
2025/07/06 20:44:36 - mmengine - INFO - Epoch(val) [143][400/800]    eta: 0:00:44  time: 0.1219  data_time: 0.0015  memory: 1000  
2025/07/06 20:44:42 - mmengine - INFO - Epoch(val) [143][450/800]    eta: 0:00:39  time: 0.1235  data_time: 0.0008  memory: 1000  
2025/07/06 20:44:49 - mmengine - INFO - Epoch(val) [143][500/800]    eta: 0:00:33  time: 0.1239  data_time: 0.0024  memory: 1000  
2025/07/06 20:44:55 - mmengine - INFO - Epoch(val) [143][550/800]    eta: 0:00:28  time: 0.1231  data_time: 0.0005  memory: 1000  
2025/07/06 20:45:01 - mmengine - INFO - Epoch(val) [143][600/800]    eta: 0:00:22  time: 0.1260  data_time: 0.0049  memory: 1000  
2025/07/06 20:45:07 - mmengine - INFO - Epoch(val) [143][650/800]    eta: 0:00:17  time: 0.1194  data_time: 0.0004  memory: 1000  
2025/07/06 20:45:13 - mmengine - INFO - Epoch(val) [143][700/800]    eta: 0:00:11  time: 0.1219  data_time: 0.0004  memory: 1000  
2025/07/06 20:45:19 - mmengine - INFO - Epoch(val) [143][750/800]    eta: 0:00:05  time: 0.1216  data_time: 0.0014  memory: 1000  
2025/07/06 20:45:26 - mmengine - INFO - Epoch(val) [143][800/800]    eta: 0:00:00  time: 0.1311  data_time: 0.0008  memory: 1000  
2025/07/06 20:45:27 - mmengine - INFO - Evaluating bbox...
2025/07/06 20:45:41 - mmengine - INFO - 
+-------------+-------+--------+--------+-------+-------+-------+
| category    | mAP   | mAP_50 | mAP_75 | mAP_s | mAP_m | mAP_l |
+-------------+-------+--------+--------+-------+-------+-------+
| car         | 0.705 | 0.967  | 0.859  | 0.485 | 0.734 | 0.0   |
| truck       | 0.542 | 0.763  | 0.652  | 0.096 | 0.536 | 0.605 |
| bus         | 0.754 | 0.961  | 0.888  | 0.001 | 0.715 | 0.82  |
| van         | 0.52  | 0.707  | 0.644  | 0.269 | 0.509 | 0.846 |
| freight_car | 0.503 | 0.7    | 0.598  | 0.172 | 0.487 | 0.602 |
+-------------+-------+--------+--------+-------+-------+-------+
2025/07/06 20:45:41 - mmengine - INFO - bbox_mAP_copypaste: 0.605 0.820 0.728 0.205 0.596 0.575
2025/07/06 20:45:41 - mmengine - INFO - Epoch(val) [143][800/800]    coco/car_precision: 0.7050  coco/truck_precision: 0.5420  coco/bus_precision: 0.7540  coco/van_precision: 0.5200  coco/freight_car_precision: 0.5030  coco/bbox_mAP: 0.6050  coco/bbox_mAP_50: 0.8200  coco/bbox_mAP_75: 0.7280  coco/bbox_mAP_s: 0.2050  coco/bbox_mAP_m: 0.5960  coco/bbox_mAP_l: 0.5750  data_time: 0.0011  time: 0.1170
2025/07/06 20:45:41 - mmengine - INFO - The previous best checkpoint /data/nl/Mamba2Spectral/work_dirs/DroneVehicle/2025_06_30/yolov8_mambatransformer_enhance/best_coco_bbox_mAP_50_epoch_140.pth is removed
2025/07/06 20:45:43 - mmengine - INFO - The best checkpoint with 0.8200 coco/bbox_mAP_50 at 143 epoch is saved to best_coco_bbox_mAP_50_epoch_143.pth.
2025/07/06 20:48:35 - mmengine - INFO - Epoch(train) [144][ 50/400]  base_lr: 1.0000e-02 lr: 2.9710e-03  eta: 20:00:43  time: 3.3337  data_time: 0.0280  memory: 10841  grad_norm: 14.5747  loss: 19.4286  loss_cls: 3.8543  loss_bbox: 7.5807  loss_dfl: 7.9936
2025/07/06 20:51:21 - mmengine - INFO - Epoch(train) [144][100/400]  base_lr: 1.0000e-02 lr: 2.9710e-03  eta: 19:58:10  time: 3.3157  data_time: 0.0062  memory: 10975  grad_norm: 14.1554  loss: 19.3889  loss_cls: 3.7750  loss_bbox: 7.6743  loss_dfl: 7.9395
2025/07/06 20:54:06 - mmengine - INFO - Epoch(train) [144][150/400]  base_lr: 1.0000e-02 lr: 2.9710e-03  eta: 19:55:36  time: 3.3109  data_time: 0.0061  memory: 10884  grad_norm: 15.1879  loss: 19.5765  loss_cls: 3.9031  loss_bbox: 7.6421  loss_dfl: 8.0312
2025/07/06 20:56:52 - mmengine - INFO - Epoch(train) [144][200/400]  base_lr: 1.0000e-02 lr: 2.9710e-03  eta: 19:53:02  time: 3.3096  data_time: 0.0064  memory: 10767  grad_norm: 14.6401  loss: 19.4078  loss_cls: 3.7851  loss_bbox: 7.5457  loss_dfl: 8.0770
2025/07/06 20:59:38 - mmengine - INFO - Epoch(train) [144][250/400]  base_lr: 1.0000e-02 lr: 2.9710e-03  eta: 19:50:28  time: 3.3143  data_time: 0.0076  memory: 10783  grad_norm: 14.3510  loss: 19.2658  loss_cls: 3.7570  loss_bbox: 7.5033  loss_dfl: 8.0055
2025/07/06 21:02:23 - mmengine - INFO - Epoch(train) [144][300/400]  base_lr: 1.0000e-02 lr: 2.9710e-03  eta: 19:47:55  time: 3.3140  data_time: 0.0065  memory: 11081  grad_norm: 13.3770  loss: 19.2987  loss_cls: 3.7825  loss_bbox: 7.6082  loss_dfl: 7.9080
2025/07/06 21:05:09 - mmengine - INFO - Epoch(train) [144][350/400]  base_lr: 1.0000e-02 lr: 2.9710e-03  eta: 19:45:21  time: 3.3162  data_time: 0.0064  memory: 10905  grad_norm: 14.0178  loss: 19.2402  loss_cls: 3.7738  loss_bbox: 7.4991  loss_dfl: 7.9673
2025/07/06 21:07:55 - mmengine - INFO - Exp name: yolov8_mambatransformer_enhance_20250705_110818
2025/07/06 21:07:55 - mmengine - INFO - Epoch(train) [144][400/400]  base_lr: 1.0000e-02 lr: 2.9710e-03  eta: 19:42:47  time: 3.3149  data_time: 0.0062  memory: 10815  grad_norm: 13.2913  loss: 18.9552  loss_cls: 3.6278  loss_bbox: 7.4733  loss_dfl: 7.8541
2025/07/06 21:07:55 - mmengine - INFO - Saving checkpoint at 144 epochs
2025/07/06 21:08:03 - mmengine - INFO - Epoch(val) [144][ 50/800]    eta: 0:01:07  time: 0.0897  data_time: 0.0008  memory: 1000  
2025/07/06 21:08:07 - mmengine - INFO - Epoch(val) [144][100/800]    eta: 0:01:02  time: 0.0900  data_time: 0.0004  memory: 1000  
2025/07/06 21:08:12 - mmengine - INFO - Epoch(val) [144][150/800]    eta: 0:01:01  time: 0.1058  data_time: 0.0004  memory: 1000  
2025/07/06 21:08:18 - mmengine - INFO - Epoch(val) [144][200/800]    eta: 0:01:00  time: 0.1182  data_time: 0.0049  memory: 1000  
2025/07/06 21:08:24 - mmengine - INFO - Epoch(val) [144][250/800]    eta: 0:00:56  time: 0.1057  data_time: 0.0070  memory: 1000  
2025/07/06 21:08:31 - mmengine - INFO - Epoch(val) [144][300/800]    eta: 0:00:54  time: 0.1430  data_time: 0.0094  memory: 1000  
2025/07/06 21:08:41 - mmengine - INFO - Epoch(val) [144][350/800]    eta: 0:00:54  time: 0.1935  data_time: 0.0079  memory: 1000  
2025/07/06 21:08:48 - mmengine - INFO - Epoch(val) [144][400/800]    eta: 0:00:49  time: 0.1522  data_time: 0.0106  memory: 1000  
2025/07/06 21:08:54 - mmengine - INFO - Epoch(val) [144][450/800]    eta: 0:00:43  time: 0.1141  data_time: 0.0101  memory: 1000  
2025/07/06 21:09:00 - mmengine - INFO - Epoch(val) [144][500/800]    eta: 0:00:36  time: 0.1187  data_time: 0.0087  memory: 1000  
2025/07/06 21:09:07 - mmengine - INFO - Epoch(val) [144][550/800]    eta: 0:00:31  time: 0.1395  data_time: 0.0091  memory: 1000  
2025/07/06 21:09:15 - mmengine - INFO - Epoch(val) [144][600/800]    eta: 0:00:25  time: 0.1587  data_time: 0.0083  memory: 1000  
2025/07/06 21:09:22 - mmengine - INFO - Epoch(val) [144][650/800]    eta: 0:00:19  time: 0.1347  data_time: 0.0113  memory: 1000  
2025/07/06 21:09:28 - mmengine - INFO - Epoch(val) [144][700/800]    eta: 0:00:12  time: 0.1305  data_time: 0.0103  memory: 1000  
2025/07/06 21:09:36 - mmengine - INFO - Epoch(val) [144][750/800]    eta: 0:00:06  time: 0.1520  data_time: 0.0072  memory: 1000  
2025/07/06 21:09:42 - mmengine - INFO - Epoch(val) [144][800/800]    eta: 0:00:00  time: 0.1222  data_time: 0.0095  memory: 1000  
2025/07/06 21:09:43 - mmengine - INFO - Evaluating bbox...
2025/07/06 21:10:00 - mmengine - INFO - 
+-------------+-------+--------+--------+-------+-------+-------+
| category    | mAP   | mAP_50 | mAP_75 | mAP_s | mAP_m | mAP_l |
+-------------+-------+--------+--------+-------+-------+-------+
| car         | 0.705 | 0.967  | 0.859  | 0.486 | 0.734 | 0.0   |
| truck       | 0.542 | 0.763  | 0.651  | 0.096 | 0.536 | 0.605 |
| bus         | 0.754 | 0.961  | 0.888  | 0.001 | 0.715 | 0.82  |
| van         | 0.52  | 0.708  | 0.637  | 0.264 | 0.51  | 0.846 |
| freight_car | 0.503 | 0.7    | 0.6    | 0.172 | 0.487 | 0.604 |
+-------------+-------+--------+--------+-------+-------+-------+
2025/07/06 21:10:00 - mmengine - INFO - bbox_mAP_copypaste: 0.605 0.820 0.727 0.204 0.596 0.575
2025/07/06 21:10:00 - mmengine - INFO - Epoch(val) [144][800/800]    coco/car_precision: 0.7050  coco/truck_precision: 0.5420  coco/bus_precision: 0.7540  coco/van_precision: 0.5200  coco/freight_car_precision: 0.5030  coco/bbox_mAP: 0.6050  coco/bbox_mAP_50: 0.8200  coco/bbox_mAP_75: 0.7270  coco/bbox_mAP_s: 0.2040  coco/bbox_mAP_m: 0.5960  coco/bbox_mAP_l: 0.5750  data_time: 0.0072  time: 0.1293
2025/07/06 21:12:22 - mmengine - INFO - Epoch(train) [145][ 50/400]  base_lr: 1.0000e-02 lr: 2.9215e-03  eta: 19:39:58  time: 2.8358  data_time: 0.0402  memory: 10916  grad_norm: 14.6188  loss: 19.6093  loss_cls: 3.8852  loss_bbox: 7.7351  loss_dfl: 7.9890
2025/07/06 21:15:07 - mmengine - INFO - Epoch(train) [145][100/400]  base_lr: 1.0000e-02 lr: 2.9215e-03  eta: 19:37:24  time: 3.3079  data_time: 0.0061  memory: 10820  grad_norm: 13.8642  loss: 19.0715  loss_cls: 3.7334  loss_bbox: 7.4568  loss_dfl: 7.8813
2025/07/06 21:17:53 - mmengine - INFO - Epoch(train) [145][150/400]  base_lr: 1.0000e-02 lr: 2.9215e-03  eta: 19:34:51  time: 3.3146  data_time: 0.0065  memory: 10735  grad_norm: 14.1335  loss: 19.3654  loss_cls: 3.8149  loss_bbox: 7.6200  loss_dfl: 7.9305
2025/07/06 21:20:38 - mmengine - INFO - Epoch(train) [145][200/400]  base_lr: 1.0000e-02 lr: 2.9215e-03  eta: 19:32:17  time: 3.3122  data_time: 0.0062  memory: 10884  grad_norm: 14.7636  loss: 19.1118  loss_cls: 3.7145  loss_bbox: 7.4431  loss_dfl: 7.9542
2025/07/06 21:23:24 - mmengine - INFO - Epoch(train) [145][250/400]  base_lr: 1.0000e-02 lr: 2.9215e-03  eta: 19:29:43  time: 3.3128  data_time: 0.0075  memory: 10873  grad_norm: 14.1230  loss: 19.0632  loss_cls: 3.6961  loss_bbox: 7.5051  loss_dfl: 7.8619
2025/07/06 21:26:10 - mmengine - INFO - Epoch(train) [145][300/400]  base_lr: 1.0000e-02 lr: 2.9215e-03  eta: 19:27:09  time: 3.3164  data_time: 0.0064  memory: 11295  grad_norm: 13.6243  loss: 19.3070  loss_cls: 3.7629  loss_bbox: 7.6461  loss_dfl: 7.8980
2025/07/06 21:28:56 - mmengine - INFO - Epoch(train) [145][350/400]  base_lr: 1.0000e-02 lr: 2.9215e-03  eta: 19:24:35  time: 3.3143  data_time: 0.0063  memory: 10729  grad_norm: 13.8193  loss: 19.1415  loss_cls: 3.7240  loss_bbox: 7.4923  loss_dfl: 7.9252
2025/07/06 21:31:41 - mmengine - INFO - Exp name: yolov8_mambatransformer_enhance_20250705_110818
2025/07/06 21:31:41 - mmengine - INFO - Epoch(train) [145][400/400]  base_lr: 1.0000e-02 lr: 2.9215e-03  eta: 19:22:01  time: 3.3120  data_time: 0.0068  memory: 11023  grad_norm: 13.9921  loss: 19.3206  loss_cls: 3.8105  loss_bbox: 7.6247  loss_dfl: 7.8855
2025/07/06 21:31:41 - mmengine - INFO - Saving checkpoint at 145 epochs
2025/07/06 21:31:50 - mmengine - INFO - Epoch(val) [145][ 50/800]    eta: 0:01:10  time: 0.0942  data_time: 0.0008  memory: 1000  
2025/07/06 21:31:54 - mmengine - INFO - Epoch(val) [145][100/800]    eta: 0:01:04  time: 0.0908  data_time: 0.0003  memory: 1000  
2025/07/06 21:31:59 - mmengine - INFO - Epoch(val) [145][150/800]    eta: 0:00:59  time: 0.0910  data_time: 0.0004  memory: 1000  
2025/07/06 21:32:04 - mmengine - INFO - Epoch(val) [145][200/800]    eta: 0:00:55  time: 0.0973  data_time: 0.0004  memory: 1000  
2025/07/06 21:32:09 - mmengine - INFO - Epoch(val) [145][250/800]    eta: 0:00:52  time: 0.1059  data_time: 0.0004  memory: 1000  
2025/07/06 21:32:14 - mmengine - INFO - Epoch(val) [145][300/800]    eta: 0:00:49  time: 0.1090  data_time: 0.0004  memory: 1000  
2025/07/06 21:32:20 - mmengine - INFO - Epoch(val) [145][350/800]    eta: 0:00:45  time: 0.1127  data_time: 0.0005  memory: 1000  
2025/07/06 21:32:27 - mmengine - INFO - Epoch(val) [145][400/800]    eta: 0:00:41  time: 0.1359  data_time: 0.0005  memory: 1000  
2025/07/06 21:32:35 - mmengine - INFO - Epoch(val) [145][450/800]    eta: 0:00:38  time: 0.1524  data_time: 0.0005  memory: 1000  
2025/07/06 21:32:42 - mmengine - INFO - Epoch(val) [145][500/800]    eta: 0:00:34  time: 0.1549  data_time: 0.0005  memory: 1000  
2025/07/06 21:32:50 - mmengine - INFO - Epoch(val) [145][550/800]    eta: 0:00:29  time: 0.1523  data_time: 0.0005  memory: 1000  
2025/07/06 21:32:57 - mmengine - INFO - Epoch(val) [145][600/800]    eta: 0:00:23  time: 0.1325  data_time: 0.0043  memory: 1000  
2025/07/06 21:33:03 - mmengine - INFO - Epoch(val) [145][650/800]    eta: 0:00:17  time: 0.1272  data_time: 0.0065  memory: 1000  
2025/07/06 21:33:09 - mmengine - INFO - Epoch(val) [145][700/800]    eta: 0:00:12  time: 0.1283  data_time: 0.0067  memory: 1000  
2025/07/06 21:33:15 - mmengine - INFO - Epoch(val) [145][750/800]    eta: 0:00:06  time: 0.1210  data_time: 0.0007  memory: 1000  
2025/07/06 21:33:22 - mmengine - INFO - Epoch(val) [145][800/800]    eta: 0:00:00  time: 0.1225  data_time: 0.0004  memory: 1000  
2025/07/06 21:33:23 - mmengine - INFO - Evaluating bbox...
2025/07/06 21:33:38 - mmengine - INFO - 
+-------------+-------+--------+--------+-------+-------+-------+
| category    | mAP   | mAP_50 | mAP_75 | mAP_s | mAP_m | mAP_l |
+-------------+-------+--------+--------+-------+-------+-------+
| car         | 0.705 | 0.967  | 0.859  | 0.485 | 0.734 | 0.0   |
| truck       | 0.542 | 0.763  | 0.652  | 0.096 | 0.536 | 0.608 |
| bus         | 0.755 | 0.961  | 0.89   | 0.001 | 0.717 | 0.821 |
| van         | 0.52  | 0.708  | 0.637  | 0.269 | 0.51  | 0.838 |
| freight_car | 0.505 | 0.701  | 0.604  | 0.172 | 0.489 | 0.608 |
+-------------+-------+--------+--------+-------+-------+-------+
2025/07/06 21:33:38 - mmengine - INFO - bbox_mAP_copypaste: 0.605 0.820 0.728 0.205 0.597 0.575
2025/07/06 21:33:38 - mmengine - INFO - Epoch(val) [145][800/800]    coco/car_precision: 0.7050  coco/truck_precision: 0.5420  coco/bus_precision: 0.7550  coco/van_precision: 0.5200  coco/freight_car_precision: 0.5050  coco/bbox_mAP: 0.6050  coco/bbox_mAP_50: 0.8200  coco/bbox_mAP_75: 0.7280  coco/bbox_mAP_s: 0.2050  coco/bbox_mAP_m: 0.5970  coco/bbox_mAP_l: 0.5750  data_time: 0.0015  time: 0.1205
2025/07/06 21:36:24 - mmengine - INFO - Epoch(train) [146][ 50/400]  base_lr: 1.0000e-02 lr: 2.8720e-03  eta: 19:19:27  time: 3.3274  data_time: 0.0280  memory: 10841  grad_norm: 14.6100  loss: 19.5569  loss_cls: 3.8347  loss_bbox: 7.6457  loss_dfl: 8.0764
2025/07/06 21:38:36 - mmengine - INFO - Epoch(train) [146][100/400]  base_lr: 1.0000e-02 lr: 2.8720e-03  eta: 19:16:33  time: 2.6434  data_time: 0.0074  memory: 10825  grad_norm: 14.4738  loss: 19.3664  loss_cls: 3.8194  loss_bbox: 7.6346  loss_dfl: 7.9124
2025/07/06 21:40:41 - mmengine - INFO - Epoch(train) [146][150/400]  base_lr: 1.0000e-02 lr: 2.8720e-03  eta: 19:13:34  time: 2.4924  data_time: 0.0080  memory: 10719  grad_norm: 13.8046  loss: 19.0173  loss_cls: 3.7463  loss_bbox: 7.4780  loss_dfl: 7.7930
2025/07/06 21:43:26 - mmengine - INFO - Epoch(train) [146][200/400]  base_lr: 1.0000e-02 lr: 2.8720e-03  eta: 19:11:00  time: 3.3113  data_time: 0.0061  memory: 10671  grad_norm: 13.7406  loss: 19.1333  loss_cls: 3.7093  loss_bbox: 7.4848  loss_dfl: 7.9391
2025/07/06 21:46:12 - mmengine - INFO - Epoch(train) [146][250/400]  base_lr: 1.0000e-02 lr: 2.8720e-03  eta: 19:08:26  time: 3.3144  data_time: 0.0071  memory: 10868  grad_norm: 15.0340  loss: 19.4281  loss_cls: 3.8067  loss_bbox: 7.6023  loss_dfl: 8.0191
2025/07/06 21:48:58 - mmengine - INFO - Epoch(train) [146][300/400]  base_lr: 1.0000e-02 lr: 2.8720e-03  eta: 19:05:52  time: 3.3121  data_time: 0.0062  memory: 10884  grad_norm: 13.8238  loss: 18.9747  loss_cls: 3.7326  loss_bbox: 7.3420  loss_dfl: 7.9001
2025/07/06 21:51:43 - mmengine - INFO - Epoch(train) [146][350/400]  base_lr: 1.0000e-02 lr: 2.8720e-03  eta: 19:03:17  time: 3.3099  data_time: 0.0061  memory: 10825  grad_norm: 13.9185  loss: 19.0424  loss_cls: 3.7083  loss_bbox: 7.4211  loss_dfl: 7.9130
2025/07/06 21:54:29 - mmengine - INFO - Exp name: yolov8_mambatransformer_enhance_20250705_110818
2025/07/06 21:54:29 - mmengine - INFO - Epoch(train) [146][400/400]  base_lr: 1.0000e-02 lr: 2.8720e-03  eta: 19:00:43  time: 3.3101  data_time: 0.0063  memory: 10799  grad_norm: 13.8066  loss: 19.0703  loss_cls: 3.7082  loss_bbox: 7.5002  loss_dfl: 7.8619
2025/07/06 21:54:29 - mmengine - INFO - Saving checkpoint at 146 epochs
2025/07/06 21:54:37 - mmengine - INFO - Epoch(val) [146][ 50/800]    eta: 0:01:12  time: 0.0969  data_time: 0.0007  memory: 1000  
2025/07/06 21:54:42 - mmengine - INFO - Epoch(val) [146][100/800]    eta: 0:01:06  time: 0.0931  data_time: 0.0004  memory: 1000  
2025/07/06 21:54:46 - mmengine - INFO - Epoch(val) [146][150/800]    eta: 0:01:01  time: 0.0925  data_time: 0.0004  memory: 1000  
2025/07/06 21:54:51 - mmengine - INFO - Epoch(val) [146][200/800]    eta: 0:00:56  time: 0.0922  data_time: 0.0003  memory: 1000  
2025/07/06 21:54:56 - mmengine - INFO - Epoch(val) [146][250/800]    eta: 0:00:53  time: 0.1088  data_time: 0.0004  memory: 1000  
2025/07/06 21:55:02 - mmengine - INFO - Epoch(val) [146][300/800]    eta: 0:00:49  time: 0.1105  data_time: 0.0004  memory: 1000  
2025/07/06 21:55:07 - mmengine - INFO - Epoch(val) [146][350/800]    eta: 0:00:45  time: 0.1094  data_time: 0.0004  memory: 1000  
2025/07/06 21:55:13 - mmengine - INFO - Epoch(val) [146][400/800]    eta: 0:00:40  time: 0.1119  data_time: 0.0005  memory: 1000  
2025/07/06 21:55:19 - mmengine - INFO - Epoch(val) [146][450/800]    eta: 0:00:36  time: 0.1107  data_time: 0.0004  memory: 1000  
2025/07/06 21:55:24 - mmengine - INFO - Epoch(val) [146][500/800]    eta: 0:00:31  time: 0.1109  data_time: 0.0004  memory: 1000  
2025/07/06 21:55:30 - mmengine - INFO - Epoch(val) [146][550/800]    eta: 0:00:26  time: 0.1120  data_time: 0.0005  memory: 1000  
2025/07/06 21:55:35 - mmengine - INFO - Epoch(val) [146][600/800]    eta: 0:00:21  time: 0.1124  data_time: 0.0005  memory: 1000  
2025/07/06 21:55:41 - mmengine - INFO - Epoch(val) [146][650/800]    eta: 0:00:15  time: 0.1108  data_time: 0.0004  memory: 1000  
2025/07/06 21:55:46 - mmengine - INFO - Epoch(val) [146][700/800]    eta: 0:00:10  time: 0.1076  data_time: 0.0004  memory: 1000  
2025/07/06 21:55:52 - mmengine - INFO - Epoch(val) [146][750/800]    eta: 0:00:05  time: 0.1200  data_time: 0.0004  memory: 1000  
2025/07/06 21:55:57 - mmengine - INFO - Epoch(val) [146][800/800]    eta: 0:00:00  time: 0.0910  data_time: 0.0003  memory: 1000  
2025/07/06 21:55:58 - mmengine - INFO - Evaluating bbox...
2025/07/06 21:56:09 - mmengine - INFO - 
+-------------+-------+--------+--------+-------+-------+-------+
| category    | mAP   | mAP_50 | mAP_75 | mAP_s | mAP_m | mAP_l |
+-------------+-------+--------+--------+-------+-------+-------+
| car         | 0.705 | 0.967  | 0.859  | 0.485 | 0.734 | 0.0   |
| truck       | 0.543 | 0.763  | 0.655  | 0.096 | 0.536 | 0.609 |
| bus         | 0.756 | 0.961  | 0.89   | 0.001 | 0.717 | 0.821 |
| van         | 0.521 | 0.709  | 0.642  | 0.27  | 0.512 | 0.84  |
| freight_car | 0.506 | 0.701  | 0.603  | 0.172 | 0.49  | 0.608 |
+-------------+-------+--------+--------+-------+-------+-------+
2025/07/06 21:56:09 - mmengine - INFO - bbox_mAP_copypaste: 0.606 0.820 0.730 0.205 0.598 0.576
2025/07/06 21:56:10 - mmengine - INFO - Epoch(val) [146][800/800]    coco/car_precision: 0.7050  coco/truck_precision: 0.5430  coco/bus_precision: 0.7560  coco/van_precision: 0.5210  coco/freight_car_precision: 0.5060  coco/bbox_mAP: 0.6060  coco/bbox_mAP_50: 0.8200  coco/bbox_mAP_75: 0.7300  coco/bbox_mAP_s: 0.2050  coco/bbox_mAP_m: 0.5980  coco/bbox_mAP_l: 0.5760  data_time: 0.0004  time: 0.1057
2025/07/06 21:58:56 - mmengine - INFO - Epoch(train) [147][ 50/400]  base_lr: 1.0000e-02 lr: 2.8225e-03  eta: 18:58:10  time: 3.3285  data_time: 0.0273  memory: 11119  grad_norm: 14.6121  loss: 18.9919  loss_cls: 3.7845  loss_bbox: 7.3170  loss_dfl: 7.8904
2025/07/06 22:01:42 - mmengine - INFO - Epoch(train) [147][100/400]  base_lr: 1.0000e-02 lr: 2.8225e-03  eta: 18:55:35  time: 3.3137  data_time: 0.0062  memory: 10895  grad_norm: 13.8506  loss: 19.1480  loss_cls: 3.7725  loss_bbox: 7.5651  loss_dfl: 7.8105
2025/07/06 22:04:27 - mmengine - INFO - Epoch(train) [147][150/400]  base_lr: 1.0000e-02 lr: 2.8225e-03  eta: 18:53:01  time: 3.3137  data_time: 0.0062  memory: 10873  grad_norm: 13.7397  loss: 19.1043  loss_cls: 3.7090  loss_bbox: 7.4910  loss_dfl: 7.9043
2025/07/06 22:07:07 - mmengine - INFO - Epoch(train) [147][200/400]  base_lr: 1.0000e-02 lr: 2.8225e-03  eta: 18:50:23  time: 3.1901  data_time: 0.0071  memory: 10767  grad_norm: 14.0909  loss: 19.1684  loss_cls: 3.7422  loss_bbox: 7.5018  loss_dfl: 7.9244
2025/07/06 22:08:49 - mmengine - INFO - Epoch(train) [147][250/400]  base_lr: 1.0000e-02 lr: 2.8225e-03  eta: 18:47:12  time: 2.0434  data_time: 0.0088  memory: 10884  grad_norm: 14.0948  loss: 19.1681  loss_cls: 3.7864  loss_bbox: 7.4340  loss_dfl: 7.9478
2025/07/06 22:11:13 - mmengine - INFO - Epoch(train) [147][300/400]  base_lr: 1.0000e-02 lr: 2.8225e-03  eta: 18:44:25  time: 2.8730  data_time: 0.0076  memory: 10873  grad_norm: 14.7682  loss: 19.1678  loss_cls: 3.7413  loss_bbox: 7.4704  loss_dfl: 7.9562
2025/07/06 22:13:59 - mmengine - INFO - Epoch(train) [147][350/400]  base_lr: 1.0000e-02 lr: 2.8225e-03  eta: 18:41:51  time: 3.3153  data_time: 0.0073  memory: 10633  grad_norm: 14.2687  loss: 19.2968  loss_cls: 3.7680  loss_bbox: 7.5717  loss_dfl: 7.9571
2025/07/06 22:16:44 - mmengine - INFO - Exp name: yolov8_mambatransformer_enhance_20250705_110818
2025/07/06 22:16:44 - mmengine - INFO - Epoch(train) [147][400/400]  base_lr: 1.0000e-02 lr: 2.8225e-03  eta: 18:39:17  time: 3.3134  data_time: 0.0063  memory: 10708  grad_norm: 14.2582  loss: 19.0285  loss_cls: 3.6832  loss_bbox: 7.4966  loss_dfl: 7.8487
2025/07/06 22:16:44 - mmengine - INFO - Saving checkpoint at 147 epochs
2025/07/06 22:16:52 - mmengine - INFO - Epoch(val) [147][ 50/800]    eta: 0:01:13  time: 0.0976  data_time: 0.0009  memory: 1000  
2025/07/06 22:16:57 - mmengine - INFO - Epoch(val) [147][100/800]    eta: 0:01:06  time: 0.0912  data_time: 0.0004  memory: 1000  
2025/07/06 22:17:02 - mmengine - INFO - Epoch(val) [147][150/800]    eta: 0:01:01  time: 0.0940  data_time: 0.0003  memory: 1000  
2025/07/06 22:17:07 - mmengine - INFO - Epoch(val) [147][200/800]    eta: 0:00:59  time: 0.1112  data_time: 0.0004  memory: 1000  
2025/07/06 22:17:13 - mmengine - INFO - Epoch(val) [147][250/800]    eta: 0:00:55  time: 0.1113  data_time: 0.0005  memory: 1000  
2025/07/06 22:17:19 - mmengine - INFO - Epoch(val) [147][300/800]    eta: 0:00:51  time: 0.1113  data_time: 0.0004  memory: 1000  
2025/07/06 22:17:24 - mmengine - INFO - Epoch(val) [147][350/800]    eta: 0:00:46  time: 0.1111  data_time: 0.0004  memory: 1000  
2025/07/06 22:17:30 - mmengine - INFO - Epoch(val) [147][400/800]    eta: 0:00:41  time: 0.1111  data_time: 0.0004  memory: 1000  
2025/07/06 22:17:35 - mmengine - INFO - Epoch(val) [147][450/800]    eta: 0:00:36  time: 0.1102  data_time: 0.0004  memory: 1000  
2025/07/06 22:17:41 - mmengine - INFO - Epoch(val) [147][500/800]    eta: 0:00:31  time: 0.1108  data_time: 0.0004  memory: 1000  
2025/07/06 22:17:46 - mmengine - INFO - Epoch(val) [147][550/800]    eta: 0:00:26  time: 0.1109  data_time: 0.0004  memory: 1000  
2025/07/06 22:17:52 - mmengine - INFO - Epoch(val) [147][600/800]    eta: 0:00:21  time: 0.1108  data_time: 0.0004  memory: 1000  
2025/07/06 22:17:57 - mmengine - INFO - Epoch(val) [147][650/800]    eta: 0:00:16  time: 0.1111  data_time: 0.0004  memory: 1000  
2025/07/06 22:18:03 - mmengine - INFO - Epoch(val) [147][700/800]    eta: 0:00:10  time: 0.1112  data_time: 0.0004  memory: 1000  
2025/07/06 22:18:09 - mmengine - INFO - Epoch(val) [147][750/800]    eta: 0:00:05  time: 0.1115  data_time: 0.0004  memory: 1000  
2025/07/06 22:18:14 - mmengine - INFO - Epoch(val) [147][800/800]    eta: 0:00:00  time: 0.1052  data_time: 0.0004  memory: 1000  
2025/07/06 22:18:15 - mmengine - INFO - Evaluating bbox...
2025/07/06 22:18:27 - mmengine - INFO - 
+-------------+-------+--------+--------+-------+-------+-------+
| category    | mAP   | mAP_50 | mAP_75 | mAP_s | mAP_m | mAP_l |
+-------------+-------+--------+--------+-------+-------+-------+
| car         | 0.705 | 0.967  | 0.859  | 0.486 | 0.734 | 0.0   |
| truck       | 0.544 | 0.764  | 0.655  | 0.097 | 0.537 | 0.612 |
| bus         | 0.756 | 0.961  | 0.891  | 0.001 | 0.717 | 0.822 |
| van         | 0.521 | 0.709  | 0.642  | 0.262 | 0.513 | 0.838 |
| freight_car | 0.507 | 0.702  | 0.604  | 0.172 | 0.49  | 0.608 |
+-------------+-------+--------+--------+-------+-------+-------+
2025/07/06 22:18:27 - mmengine - INFO - bbox_mAP_copypaste: 0.606 0.821 0.730 0.203 0.598 0.576
2025/07/06 22:18:27 - mmengine - INFO - Epoch(val) [147][800/800]    coco/car_precision: 0.7050  coco/truck_precision: 0.5440  coco/bus_precision: 0.7560  coco/van_precision: 0.5210  coco/freight_car_precision: 0.5070  coco/bbox_mAP: 0.6060  coco/bbox_mAP_50: 0.8210  coco/bbox_mAP_75: 0.7300  coco/bbox_mAP_s: 0.2030  coco/bbox_mAP_m: 0.5980  coco/bbox_mAP_l: 0.5760  data_time: 0.0004  time: 0.1075
2025/07/06 22:18:27 - mmengine - INFO - The previous best checkpoint /data/nl/Mamba2Spectral/work_dirs/DroneVehicle/2025_06_30/yolov8_mambatransformer_enhance/best_coco_bbox_mAP_50_epoch_143.pth is removed
2025/07/06 22:18:29 - mmengine - INFO - The best checkpoint with 0.8210 coco/bbox_mAP_50 at 147 epoch is saved to best_coco_bbox_mAP_50_epoch_147.pth.
2025/07/06 22:21:21 - mmengine - INFO - Epoch(train) [148][ 50/400]  base_lr: 1.0000e-02 lr: 2.7730e-03  eta: 18:36:43  time: 3.3371  data_time: 0.0309  memory: 10889  grad_norm: 13.6612  loss: 18.9431  loss_cls: 3.7045  loss_bbox: 7.4489  loss_dfl: 7.7897
2025/07/06 22:24:07 - mmengine - INFO - Epoch(train) [148][100/400]  base_lr: 1.0000e-02 lr: 2.7730e-03  eta: 18:34:09  time: 3.3175  data_time: 0.0067  memory: 10767  grad_norm: 13.8013  loss: 19.2341  loss_cls: 3.7522  loss_bbox: 7.5550  loss_dfl: 7.9270
2025/07/06 22:26:53 - mmengine - INFO - Epoch(train) [148][150/400]  base_lr: 1.0000e-02 lr: 2.7730e-03  eta: 18:31:35  time: 3.3152  data_time: 0.0077  memory: 10793  grad_norm: 15.5198  loss: 19.4792  loss_cls: 3.7792  loss_bbox: 7.6186  loss_dfl: 8.0813
2025/07/06 22:29:39 - mmengine - INFO - Exp name: yolov8_mambatransformer_enhance_20250705_110818
2025/07/06 22:29:39 - mmengine - INFO - Epoch(train) [148][200/400]  base_lr: 1.0000e-02 lr: 2.7730e-03  eta: 18:29:01  time: 3.3154  data_time: 0.0070  memory: 10639  grad_norm: 14.4336  loss: 19.2804  loss_cls: 3.6916  loss_bbox: 7.5903  loss_dfl: 7.9984
2025/07/06 22:32:25 - mmengine - INFO - Epoch(train) [148][250/400]  base_lr: 1.0000e-02 lr: 2.7730e-03  eta: 18:26:26  time: 3.3181  data_time: 0.0070  memory: 10841  grad_norm: 14.2373  loss: 19.2523  loss_cls: 3.7149  loss_bbox: 7.5857  loss_dfl: 7.9517
2025/07/06 22:35:10 - mmengine - INFO - Epoch(train) [148][300/400]  base_lr: 1.0000e-02 lr: 2.7730e-03  eta: 18:23:52  time: 3.3156  data_time: 0.0073  memory: 11247  grad_norm: 15.0819  loss: 19.2470  loss_cls: 3.7528  loss_bbox: 7.5285  loss_dfl: 7.9657
2025/07/06 22:37:24 - mmengine - INFO - Epoch(train) [148][350/400]  base_lr: 1.0000e-02 lr: 2.7730e-03  eta: 18:21:00  time: 2.6647  data_time: 0.0085  memory: 10964  grad_norm: 14.6237  loss: 19.1169  loss_cls: 3.6771  loss_bbox: 7.5170  loss_dfl: 7.9228
2025/07/06 22:39:24 - mmengine - INFO - Exp name: yolov8_mambatransformer_enhance_20250705_110818
2025/07/06 22:39:24 - mmengine - INFO - Epoch(train) [148][400/400]  base_lr: 1.0000e-02 lr: 2.7730e-03  eta: 18:18:00  time: 2.4063  data_time: 0.0094  memory: 10788  grad_norm: 14.6278  loss: 19.0029  loss_cls: 3.6600  loss_bbox: 7.4104  loss_dfl: 7.9325
2025/07/06 22:39:24 - mmengine - INFO - Saving checkpoint at 148 epochs
2025/07/06 22:39:32 - mmengine - INFO - Epoch(val) [148][ 50/800]    eta: 0:01:12  time: 0.0973  data_time: 0.0009  memory: 1000  
2025/07/06 22:39:37 - mmengine - INFO - Epoch(val) [148][100/800]    eta: 0:01:11  time: 0.1080  data_time: 0.0004  memory: 1000  
2025/07/06 22:39:42 - mmengine - INFO - Epoch(val) [148][150/800]    eta: 0:01:06  time: 0.1003  data_time: 0.0004  memory: 1000  
2025/07/06 22:39:48 - mmengine - INFO - Epoch(val) [148][200/800]    eta: 0:01:01  time: 0.1075  data_time: 0.0004  memory: 1000  
2025/07/06 22:39:53 - mmengine - INFO - Epoch(val) [148][250/800]    eta: 0:00:57  time: 0.1097  data_time: 0.0004  memory: 1000  
2025/07/06 22:39:59 - mmengine - INFO - Epoch(val) [148][300/800]    eta: 0:00:52  time: 0.1104  data_time: 0.0004  memory: 1000  
2025/07/06 22:40:05 - mmengine - INFO - Epoch(val) [148][350/800]    eta: 0:00:47  time: 0.1113  data_time: 0.0004  memory: 1000  
2025/07/06 22:40:10 - mmengine - INFO - Epoch(val) [148][400/800]    eta: 0:00:42  time: 0.1109  data_time: 0.0004  memory: 1000  
2025/07/06 22:40:16 - mmengine - INFO - Epoch(val) [148][450/800]    eta: 0:00:37  time: 0.1096  data_time: 0.0004  memory: 1000  
2025/07/06 22:40:21 - mmengine - INFO - Epoch(val) [148][500/800]    eta: 0:00:32  time: 0.1112  data_time: 0.0004  memory: 1000  
2025/07/06 22:40:26 - mmengine - INFO - Epoch(val) [148][550/800]    eta: 0:00:26  time: 0.1001  data_time: 0.0004  memory: 1000  
2025/07/06 22:40:31 - mmengine - INFO - Epoch(val) [148][600/800]    eta: 0:00:21  time: 0.0924  data_time: 0.0003  memory: 1000  
2025/07/06 22:40:36 - mmengine - INFO - Epoch(val) [148][650/800]    eta: 0:00:15  time: 0.0931  data_time: 0.0004  memory: 1000  
2025/07/06 22:40:40 - mmengine - INFO - Epoch(val) [148][700/800]    eta: 0:00:10  time: 0.0932  data_time: 0.0004  memory: 1000  
2025/07/06 22:40:45 - mmengine - INFO - Epoch(val) [148][750/800]    eta: 0:00:05  time: 0.0928  data_time: 0.0003  memory: 1000  
2025/07/06 22:40:50 - mmengine - INFO - Epoch(val) [148][800/800]    eta: 0:00:00  time: 0.0932  data_time: 0.0003  memory: 1000  
2025/07/06 22:40:51 - mmengine - INFO - Evaluating bbox...
2025/07/06 22:41:02 - mmengine - INFO - 
+-------------+-------+--------+--------+-------+-------+-------+
| category    | mAP   | mAP_50 | mAP_75 | mAP_s | mAP_m | mAP_l |
+-------------+-------+--------+--------+-------+-------+-------+
| car         | 0.705 | 0.967  | 0.86   | 0.486 | 0.734 | 0.0   |
| truck       | 0.544 | 0.764  | 0.656  | 0.096 | 0.537 | 0.613 |
| bus         | 0.756 | 0.962  | 0.891  | 0.001 | 0.717 | 0.821 |
| van         | 0.521 | 0.71   | 0.643  | 0.265 | 0.512 | 0.838 |
| freight_car | 0.507 | 0.703  | 0.604  | 0.172 | 0.49  | 0.61  |
+-------------+-------+--------+--------+-------+-------+-------+
2025/07/06 22:41:02 - mmengine - INFO - bbox_mAP_copypaste: 0.606 0.821 0.731 0.204 0.598 0.576
2025/07/06 22:41:02 - mmengine - INFO - Epoch(val) [148][800/800]    coco/car_precision: 0.7050  coco/truck_precision: 0.5440  coco/bus_precision: 0.7560  coco/van_precision: 0.5210  coco/freight_car_precision: 0.5070  coco/bbox_mAP: 0.6060  coco/bbox_mAP_50: 0.8210  coco/bbox_mAP_75: 0.7310  coco/bbox_mAP_s: 0.2040  coco/bbox_mAP_m: 0.5980  coco/bbox_mAP_l: 0.5760  data_time: 0.0004  time: 0.1026
2025/07/06 22:43:49 - mmengine - INFO - Epoch(train) [149][ 50/400]  base_lr: 1.0000e-02 lr: 2.7235e-03  eta: 18:15:26  time: 3.3312  data_time: 0.0270  memory: 11108  grad_norm: 14.1007  loss: 18.9968  loss_cls: 3.6351  loss_bbox: 7.5251  loss_dfl: 7.8366
2025/07/06 22:46:35 - mmengine - INFO - Epoch(train) [149][100/400]  base_lr: 1.0000e-02 lr: 2.7235e-03  eta: 18:12:52  time: 3.3118  data_time: 0.0068  memory: 10831  grad_norm: 14.0882  loss: 18.9359  loss_cls: 3.6253  loss_bbox: 7.4285  loss_dfl: 7.8822
2025/07/06 22:49:20 - mmengine - INFO - Epoch(train) [149][150/400]  base_lr: 1.0000e-02 lr: 2.7235e-03  eta: 18:10:17  time: 3.3083  data_time: 0.0060  memory: 10665  grad_norm: 15.1767  loss: 19.3864  loss_cls: 3.7230  loss_bbox: 7.6222  loss_dfl: 8.0412
2025/07/06 22:52:05 - mmengine - INFO - Epoch(train) [149][200/400]  base_lr: 1.0000e-02 lr: 2.7235e-03  eta: 18:07:43  time: 3.3087  data_time: 0.0060  memory: 11028  grad_norm: 13.9985  loss: 19.0744  loss_cls: 3.6820  loss_bbox: 7.4831  loss_dfl: 7.9092
2025/07/06 22:54:51 - mmengine - INFO - Epoch(train) [149][250/400]  base_lr: 1.0000e-02 lr: 2.7235e-03  eta: 18:05:08  time: 3.3128  data_time: 0.0063  memory: 10783  grad_norm: 15.3325  loss: 19.2080  loss_cls: 3.7045  loss_bbox: 7.5170  loss_dfl: 7.9865
2025/07/06 22:57:37 - mmengine - INFO - Epoch(train) [149][300/400]  base_lr: 1.0000e-02 lr: 2.7235e-03  eta: 18:02:34  time: 3.3086  data_time: 0.0067  memory: 10932  grad_norm: 14.4975  loss: 18.8130  loss_cls: 3.6452  loss_bbox: 7.3512  loss_dfl: 7.8166
2025/07/06 23:00:22 - mmengine - INFO - Epoch(train) [149][350/400]  base_lr: 1.0000e-02 lr: 2.7235e-03  eta: 17:59:59  time: 3.3136  data_time: 0.0066  memory: 10644  grad_norm: 14.3113  loss: 19.1178  loss_cls: 3.6895  loss_bbox: 7.4474  loss_dfl: 7.9808
2025/07/06 23:03:08 - mmengine - INFO - Exp name: yolov8_mambatransformer_enhance_20250705_110818
2025/07/06 23:03:08 - mmengine - INFO - Epoch(train) [149][400/400]  base_lr: 1.0000e-02 lr: 2.7235e-03  eta: 17:57:25  time: 3.3107  data_time: 0.0069  memory: 10676  grad_norm: 15.3230  loss: 19.5739  loss_cls: 3.8404  loss_bbox: 7.6441  loss_dfl: 8.0894
2025/07/06 23:03:08 - mmengine - INFO - Saving checkpoint at 149 epochs
2025/07/06 23:03:16 - mmengine - INFO - Epoch(val) [149][ 50/800]    eta: 0:01:13  time: 0.0977  data_time: 0.0011  memory: 1000  
2025/07/06 23:03:21 - mmengine - INFO - Epoch(val) [149][100/800]    eta: 0:01:09  time: 0.1012  data_time: 0.0005  memory: 1000  
2025/07/06 23:03:27 - mmengine - INFO - Epoch(val) [149][150/800]    eta: 0:01:06  time: 0.1066  data_time: 0.0005  memory: 1000  
2025/07/06 23:03:32 - mmengine - INFO - Epoch(val) [149][200/800]    eta: 0:01:02  time: 0.1092  data_time: 0.0004  memory: 1000  
2025/07/06 23:03:38 - mmengine - INFO - Epoch(val) [149][250/800]    eta: 0:00:57  time: 0.1102  data_time: 0.0004  memory: 1000  
2025/07/06 23:03:43 - mmengine - INFO - Epoch(val) [149][300/800]    eta: 0:00:52  time: 0.1103  data_time: 0.0004  memory: 1000  
2025/07/06 23:03:49 - mmengine - INFO - Epoch(val) [149][350/800]    eta: 0:00:47  time: 0.1098  data_time: 0.0004  memory: 1000  
2025/07/06 23:03:54 - mmengine - INFO - Epoch(val) [149][400/800]    eta: 0:00:42  time: 0.1097  data_time: 0.0004  memory: 1000  
2025/07/06 23:04:00 - mmengine - INFO - Epoch(val) [149][450/800]    eta: 0:00:37  time: 0.1099  data_time: 0.0004  memory: 1000  
2025/07/06 23:04:05 - mmengine - INFO - Epoch(val) [149][500/800]    eta: 0:00:32  time: 0.1111  data_time: 0.0004  memory: 1000  
2025/07/06 23:04:11 - mmengine - INFO - Epoch(val) [149][550/800]    eta: 0:00:26  time: 0.1112  data_time: 0.0004  memory: 1000  
2025/07/06 23:04:16 - mmengine - INFO - Epoch(val) [149][600/800]    eta: 0:00:21  time: 0.1098  data_time: 0.0004  memory: 1000  
2025/07/06 23:04:22 - mmengine - INFO - Epoch(val) [149][650/800]    eta: 0:00:16  time: 0.1107  data_time: 0.0004  memory: 1000  
2025/07/06 23:04:28 - mmengine - INFO - Epoch(val) [149][700/800]    eta: 0:00:10  time: 0.1102  data_time: 0.0003  memory: 1000  
2025/07/06 23:04:33 - mmengine - INFO - Epoch(val) [149][750/800]    eta: 0:00:05  time: 0.1099  data_time: 0.0004  memory: 1000  
2025/07/06 23:04:39 - mmengine - INFO - Epoch(val) [149][800/800]    eta: 0:00:00  time: 0.1100  data_time: 0.0003  memory: 1000  
2025/07/06 23:04:39 - mmengine - INFO - Evaluating bbox...
2025/07/06 23:04:51 - mmengine - INFO - 
+-------------+-------+--------+--------+-------+-------+-------+
| category    | mAP   | mAP_50 | mAP_75 | mAP_s | mAP_m | mAP_l |
+-------------+-------+--------+--------+-------+-------+-------+
| car         | 0.705 | 0.967  | 0.86   | 0.487 | 0.734 | 0.0   |
| truck       | 0.543 | 0.764  | 0.655  | 0.097 | 0.536 | 0.612 |
| bus         | 0.757 | 0.962  | 0.893  | 0.001 | 0.719 | 0.823 |
| van         | 0.52  | 0.71   | 0.64   | 0.265 | 0.512 | 0.838 |
| freight_car | 0.507 | 0.703  | 0.604  | 0.173 | 0.49  | 0.609 |
+-------------+-------+--------+--------+-------+-------+-------+
2025/07/06 23:04:51 - mmengine - INFO - bbox_mAP_copypaste: 0.606 0.821 0.731 0.205 0.598 0.576
2025/07/06 23:04:51 - mmengine - INFO - Epoch(val) [149][800/800]    coco/car_precision: 0.7050  coco/truck_precision: 0.5430  coco/bus_precision: 0.7570  coco/van_precision: 0.5200  coco/freight_car_precision: 0.5070  coco/bbox_mAP: 0.6060  coco/bbox_mAP_50: 0.8210  coco/bbox_mAP_75: 0.7310  coco/bbox_mAP_s: 0.2050  coco/bbox_mAP_m: 0.5980  coco/bbox_mAP_l: 0.5760  data_time: 0.0004  time: 0.1086
2025/07/06 23:06:37 - mmengine - INFO - Epoch(train) [150][ 50/400]  base_lr: 1.0000e-02 lr: 2.6740e-03  eta: 17:54:18  time: 2.1174  data_time: 0.0314  memory: 10788  grad_norm: 14.0810  loss: 18.9947  loss_cls: 3.6326  loss_bbox: 7.4379  loss_dfl: 7.9243
2025/07/06 23:09:00 - mmengine - INFO - Epoch(train) [150][100/400]  base_lr: 1.0000e-02 lr: 2.6740e-03  eta: 17:51:31  time: 2.8601  data_time: 0.0075  memory: 10724  grad_norm: 14.4594  loss: 18.9242  loss_cls: 3.6279  loss_bbox: 7.4162  loss_dfl: 7.8801
2025/07/06 23:11:47 - mmengine - INFO - Epoch(train) [150][150/400]  base_lr: 1.0000e-02 lr: 2.6740e-03  eta: 17:48:57  time: 3.3395  data_time: 0.0065  memory: 10708  grad_norm: 14.2462  loss: 18.9255  loss_cls: 3.6815  loss_bbox: 7.3571  loss_dfl: 7.8869
2025/07/06 23:14:34 - mmengine - INFO - Epoch(train) [150][200/400]  base_lr: 1.0000e-02 lr: 2.6740e-03  eta: 17:46:24  time: 3.3444  data_time: 0.0065  memory: 10756  grad_norm: 14.2032  loss: 18.9205  loss_cls: 3.6364  loss_bbox: 7.4290  loss_dfl: 7.8551
2025/07/06 23:17:20 - mmengine - INFO - Epoch(train) [150][250/400]  base_lr: 1.0000e-02 lr: 2.6740e-03  eta: 17:43:49  time: 3.3185  data_time: 0.0070  memory: 11001  grad_norm: 13.8425  loss: 18.8771  loss_cls: 3.6329  loss_bbox: 7.3756  loss_dfl: 7.8686
2025/07/06 23:20:06 - mmengine - INFO - Epoch(train) [150][300/400]  base_lr: 1.0000e-02 lr: 2.6740e-03  eta: 17:41:15  time: 3.3124  data_time: 0.0071  memory: 10724  grad_norm: 14.9459  loss: 18.9290  loss_cls: 3.6346  loss_bbox: 7.3218  loss_dfl: 7.9727
2025/07/06 23:22:51 - mmengine - INFO - Epoch(train) [150][350/400]  base_lr: 1.0000e-02 lr: 2.6740e-03  eta: 17:38:40  time: 3.3136  data_time: 0.0077  memory: 10889  grad_norm: 15.1060  loss: 19.2380  loss_cls: 3.7622  loss_bbox: 7.5206  loss_dfl: 7.9552
2025/07/06 23:25:37 - mmengine - INFO - Exp name: yolov8_mambatransformer_enhance_20250705_110818
2025/07/06 23:25:37 - mmengine - INFO - Epoch(train) [150][400/400]  base_lr: 1.0000e-02 lr: 2.6740e-03  eta: 17:36:06  time: 3.3150  data_time: 0.0071  memory: 10660  grad_norm: 15.0511  loss: 19.1493  loss_cls: 3.7392  loss_bbox: 7.4993  loss_dfl: 7.9109
2025/07/06 23:25:37 - mmengine - INFO - Saving checkpoint at 150 epochs
2025/07/06 23:25:46 - mmengine - INFO - Epoch(val) [150][ 50/800]    eta: 0:01:17  time: 0.1035  data_time: 0.0010  memory: 1000  
2025/07/06 23:25:50 - mmengine - INFO - Epoch(val) [150][100/800]    eta: 0:01:08  time: 0.0919  data_time: 0.0003  memory: 1000  
2025/07/06 23:25:55 - mmengine - INFO - Epoch(val) [150][150/800]    eta: 0:01:02  time: 0.0911  data_time: 0.0003  memory: 1000  
2025/07/06 23:26:00 - mmengine - INFO - Epoch(val) [150][200/800]    eta: 0:00:56  time: 0.0915  data_time: 0.0004  memory: 1000  
2025/07/06 23:26:04 - mmengine - INFO - Epoch(val) [150][250/800]    eta: 0:00:51  time: 0.0915  data_time: 0.0004  memory: 1000  
2025/07/06 23:26:09 - mmengine - INFO - Epoch(val) [150][300/800]    eta: 0:00:46  time: 0.0904  data_time: 0.0003  memory: 1000  
2025/07/06 23:26:13 - mmengine - INFO - Epoch(val) [150][350/800]    eta: 0:00:41  time: 0.0912  data_time: 0.0004  memory: 1000  
2025/07/06 23:26:18 - mmengine - INFO - Epoch(val) [150][400/800]    eta: 0:00:37  time: 0.0982  data_time: 0.0004  memory: 1000  
2025/07/06 23:26:23 - mmengine - INFO - Epoch(val) [150][450/800]    eta: 0:00:32  time: 0.0910  data_time: 0.0003  memory: 1000  
2025/07/06 23:26:27 - mmengine - INFO - Epoch(val) [150][500/800]    eta: 0:00:27  time: 0.0906  data_time: 0.0003  memory: 1000  
2025/07/06 23:26:32 - mmengine - INFO - Epoch(val) [150][550/800]    eta: 0:00:23  time: 0.0920  data_time: 0.0004  memory: 1000  
2025/07/06 23:26:37 - mmengine - INFO - Epoch(val) [150][600/800]    eta: 0:00:18  time: 0.1027  data_time: 0.0004  memory: 1000  
2025/07/06 23:26:42 - mmengine - INFO - Epoch(val) [150][650/800]    eta: 0:00:14  time: 0.0936  data_time: 0.0003  memory: 1000  
2025/07/06 23:26:46 - mmengine - INFO - Epoch(val) [150][700/800]    eta: 0:00:09  time: 0.0926  data_time: 0.0003  memory: 1000  
2025/07/06 23:26:51 - mmengine - INFO - Epoch(val) [150][750/800]    eta: 0:00:04  time: 0.0965  data_time: 0.0004  memory: 1000  
2025/07/06 23:26:56 - mmengine - INFO - Epoch(val) [150][800/800]    eta: 0:00:00  time: 0.0978  data_time: 0.0004  memory: 1000  
2025/07/06 23:26:57 - mmengine - INFO - Evaluating bbox...
2025/07/06 23:27:09 - mmengine - INFO - 
+-------------+-------+--------+--------+-------+-------+-------+
| category    | mAP   | mAP_50 | mAP_75 | mAP_s | mAP_m | mAP_l |
+-------------+-------+--------+--------+-------+-------+-------+
| car         | 0.705 | 0.966  | 0.86   | 0.487 | 0.733 | 0.0   |
| truck       | 0.543 | 0.764  | 0.655  | 0.098 | 0.536 | 0.612 |
| bus         | 0.757 | 0.962  | 0.893  | 0.001 | 0.718 | 0.823 |
| van         | 0.52  | 0.71   | 0.638  | 0.265 | 0.512 | 0.837 |
| freight_car | 0.506 | 0.704  | 0.605  | 0.174 | 0.489 | 0.61  |
+-------------+-------+--------+--------+-------+-------+-------+
2025/07/06 23:27:09 - mmengine - INFO - bbox_mAP_copypaste: 0.606 0.821 0.730 0.205 0.598 0.576
2025/07/06 23:27:09 - mmengine - INFO - Epoch(val) [150][800/800]    coco/car_precision: 0.7050  coco/truck_precision: 0.5430  coco/bus_precision: 0.7570  coco/van_precision: 0.5200  coco/freight_car_precision: 0.5060  coco/bbox_mAP: 0.6060  coco/bbox_mAP_50: 0.8210  coco/bbox_mAP_75: 0.7300  coco/bbox_mAP_s: 0.2050  coco/bbox_mAP_m: 0.5980  coco/bbox_mAP_l: 0.5760  data_time: 0.0004  time: 0.0941
2025/07/06 23:29:57 - mmengine - INFO - Epoch(train) [151][ 50/400]  base_lr: 1.0000e-02 lr: 2.6245e-03  eta: 17:33:32  time: 3.3607  data_time: 0.0292  memory: 10708  grad_norm: 15.5290  loss: 19.5043  loss_cls: 3.7760  loss_bbox: 7.6882  loss_dfl: 8.0402
2025/07/06 23:32:44 - mmengine - INFO - Epoch(train) [151][100/400]  base_lr: 1.0000e-02 lr: 2.6245e-03  eta: 17:30:58  time: 3.3400  data_time: 0.0069  memory: 10793  grad_norm: 15.3657  loss: 19.0903  loss_cls: 3.7199  loss_bbox: 7.4685  loss_dfl: 7.9018
2025/07/06 23:35:09 - mmengine - INFO - Epoch(train) [151][150/400]  base_lr: 1.0000e-02 lr: 2.6245e-03  eta: 17:28:13  time: 2.9086  data_time: 0.0066  memory: 10788  grad_norm: 15.5804  loss: 19.2920  loss_cls: 3.7991  loss_bbox: 7.5252  loss_dfl: 7.9677
2025/07/06 23:36:49 - mmengine - INFO - Epoch(train) [151][200/400]  base_lr: 1.0000e-02 lr: 2.6245e-03  eta: 17:25:04  time: 1.9964  data_time: 0.0081  memory: 10905  grad_norm: 14.7328  loss: 19.0778  loss_cls: 3.7345  loss_bbox: 7.4725  loss_dfl: 7.8708
2025/07/06 23:39:35 - mmengine - INFO - Epoch(train) [151][250/400]  base_lr: 1.0000e-02 lr: 2.6245e-03  eta: 17:22:30  time: 3.3109  data_time: 0.0064  memory: 10873  grad_norm: 15.1957  loss: 18.9149  loss_cls: 3.6939  loss_bbox: 7.3365  loss_dfl: 7.8845
2025/07/06 23:42:20 - mmengine - INFO - Epoch(train) [151][300/400]  base_lr: 1.0000e-02 lr: 2.6245e-03  eta: 17:19:55  time: 3.3141  data_time: 0.0065  memory: 10820  grad_norm: 15.3682  loss: 19.0484  loss_cls: 3.6307  loss_bbox: 7.4945  loss_dfl: 7.9231
2025/07/06 23:45:06 - mmengine - INFO - Epoch(train) [151][350/400]  base_lr: 1.0000e-02 lr: 2.6245e-03  eta: 17:17:21  time: 3.3159  data_time: 0.0069  memory: 10735  grad_norm: 15.4004  loss: 19.3133  loss_cls: 3.7687  loss_bbox: 7.5125  loss_dfl: 8.0321
2025/07/06 23:47:52 - mmengine - INFO - Exp name: yolov8_mambatransformer_enhance_20250705_110818
2025/07/06 23:47:52 - mmengine - INFO - Epoch(train) [151][400/400]  base_lr: 1.0000e-02 lr: 2.6245e-03  eta: 17:14:46  time: 3.3078  data_time: 0.0064  memory: 10921  grad_norm: 15.7786  loss: 19.6218  loss_cls: 3.7792  loss_bbox: 7.7592  loss_dfl: 8.0834
2025/07/06 23:47:52 - mmengine - INFO - Saving checkpoint at 151 epochs
2025/07/06 23:48:00 - mmengine - INFO - Epoch(val) [151][ 50/800]    eta: 0:01:16  time: 0.1023  data_time: 0.0010  memory: 1000  
2025/07/06 23:48:05 - mmengine - INFO - Epoch(val) [151][100/800]    eta: 0:01:11  time: 0.1022  data_time: 0.0004  memory: 1000  
2025/07/06 23:48:11 - mmengine - INFO - Epoch(val) [151][150/800]    eta: 0:01:08  time: 0.1103  data_time: 0.0004  memory: 1000  
2025/07/06 23:48:16 - mmengine - INFO - Epoch(val) [151][200/800]    eta: 0:01:01  time: 0.0960  data_time: 0.0004  memory: 1000  
2025/07/06 23:48:20 - mmengine - INFO - Epoch(val) [151][250/800]    eta: 0:00:55  time: 0.0930  data_time: 0.0004  memory: 1000  
2025/07/06 23:48:25 - mmengine - INFO - Epoch(val) [151][300/800]    eta: 0:00:49  time: 0.0931  data_time: 0.0004  memory: 1000  
2025/07/06 23:48:30 - mmengine - INFO - Epoch(val) [151][350/800]    eta: 0:00:44  time: 0.0934  data_time: 0.0004  memory: 1000  
2025/07/06 23:48:34 - mmengine - INFO - Epoch(val) [151][400/800]    eta: 0:00:39  time: 0.0943  data_time: 0.0004  memory: 1000  
2025/07/06 23:48:39 - mmengine - INFO - Epoch(val) [151][450/800]    eta: 0:00:34  time: 0.0899  data_time: 0.0003  memory: 1000  
2025/07/06 23:48:44 - mmengine - INFO - Epoch(val) [151][500/800]    eta: 0:00:29  time: 0.0981  data_time: 0.0004  memory: 1000  
2025/07/06 23:48:48 - mmengine - INFO - Epoch(val) [151][550/800]    eta: 0:00:24  time: 0.0922  data_time: 0.0004  memory: 1000  
2025/07/06 23:48:53 - mmengine - INFO - Epoch(val) [151][600/800]    eta: 0:00:19  time: 0.0916  data_time: 0.0004  memory: 1000  
2025/07/06 23:48:58 - mmengine - INFO - Epoch(val) [151][650/800]    eta: 0:00:14  time: 0.0910  data_time: 0.0003  memory: 1000  
2025/07/06 23:49:03 - mmengine - INFO - Epoch(val) [151][700/800]    eta: 0:00:09  time: 0.1096  data_time: 0.0005  memory: 1000  
2025/07/06 23:49:09 - mmengine - INFO - Epoch(val) [151][750/800]    eta: 0:00:04  time: 0.1099  data_time: 0.0005  memory: 1000  
2025/07/06 23:49:13 - mmengine - INFO - Epoch(val) [151][800/800]    eta: 0:00:00  time: 0.0924  data_time: 0.0003  memory: 1000  
2025/07/06 23:49:14 - mmengine - INFO - Evaluating bbox...
2025/07/06 23:49:26 - mmengine - INFO - 
+-------------+-------+--------+--------+-------+-------+-------+
| category    | mAP   | mAP_50 | mAP_75 | mAP_s | mAP_m | mAP_l |
+-------------+-------+--------+--------+-------+-------+-------+
| car         | 0.705 | 0.967  | 0.861  | 0.487 | 0.733 | 0.0   |
| truck       | 0.544 | 0.764  | 0.656  | 0.098 | 0.537 | 0.613 |
| bus         | 0.758 | 0.962  | 0.892  | 0.001 | 0.719 | 0.824 |
| van         | 0.52  | 0.71   | 0.638  | 0.262 | 0.512 | 0.837 |
| freight_car | 0.507 | 0.704  | 0.608  | 0.174 | 0.49  | 0.612 |
+-------------+-------+--------+--------+-------+-------+-------+
2025/07/06 23:49:26 - mmengine - INFO - bbox_mAP_copypaste: 0.607 0.821 0.731 0.204 0.598 0.577
2025/07/06 23:49:26 - mmengine - INFO - Epoch(val) [151][800/800]    coco/car_precision: 0.7050  coco/truck_precision: 0.5440  coco/bus_precision: 0.7580  coco/van_precision: 0.5200  coco/freight_car_precision: 0.5070  coco/bbox_mAP: 0.6070  coco/bbox_mAP_50: 0.8210  coco/bbox_mAP_75: 0.7310  coco/bbox_mAP_s: 0.2040  coco/bbox_mAP_m: 0.5980  coco/bbox_mAP_l: 0.5770  data_time: 0.0004  time: 0.0974
2025/07/06 23:52:12 - mmengine - INFO - Epoch(train) [152][ 50/400]  base_lr: 1.0000e-02 lr: 2.5750e-03  eta: 17:12:12  time: 3.3292  data_time: 0.0288  memory: 10644  grad_norm: 15.4646  loss: 19.2134  loss_cls: 3.7672  loss_bbox: 7.5240  loss_dfl: 7.9222
2025/07/06 23:54:58 - mmengine - INFO - Epoch(train) [152][100/400]  base_lr: 1.0000e-02 lr: 2.5750e-03  eta: 17:09:37  time: 3.3103  data_time: 0.0064  memory: 10713  grad_norm: 15.2178  loss: 19.2102  loss_cls: 3.6747  loss_bbox: 7.5232  loss_dfl: 8.0124
2025/07/06 23:57:43 - mmengine - INFO - Epoch(train) [152][150/400]  base_lr: 1.0000e-02 lr: 2.5750e-03  eta: 17:07:02  time: 3.3098  data_time: 0.0063  memory: 10719  grad_norm: 14.1398  loss: 18.9003  loss_cls: 3.6698  loss_bbox: 7.3787  loss_dfl: 7.8518
2025/07/07 00:00:29 - mmengine - INFO - Epoch(train) [152][200/400]  base_lr: 1.0000e-02 lr: 2.5750e-03  eta: 17:04:27  time: 3.3100  data_time: 0.0062  memory: 10633  grad_norm: 15.5040  loss: 18.9191  loss_cls: 3.6719  loss_bbox: 7.3929  loss_dfl: 7.8543
2025/07/07 00:03:15 - mmengine - INFO - Epoch(train) [152][250/400]  base_lr: 1.0000e-02 lr: 2.5750e-03  eta: 17:01:52  time: 3.3133  data_time: 0.0067  memory: 10804  grad_norm: 14.8231  loss: 18.9603  loss_cls: 3.7289  loss_bbox: 7.4469  loss_dfl: 7.7845
2025/07/07 00:05:21 - mmengine - INFO - Epoch(train) [152][300/400]  base_lr: 1.0000e-02 lr: 2.5750e-03  eta: 16:58:58  time: 2.5180  data_time: 0.0076  memory: 10868  grad_norm: 14.5679  loss: 18.8500  loss_cls: 3.6324  loss_bbox: 7.3669  loss_dfl: 7.8506
2025/07/07 00:07:05 - mmengine - INFO - Epoch(train) [152][350/400]  base_lr: 1.0000e-02 lr: 2.5750e-03  eta: 16:55:52  time: 2.0850  data_time: 0.0090  memory: 10788  grad_norm: 14.4145  loss: 18.7469  loss_cls: 3.5494  loss_bbox: 7.3538  loss_dfl: 7.8437
2025/07/07 00:09:51 - mmengine - INFO - Exp name: yolov8_mambatransformer_enhance_20250705_110818
2025/07/07 00:09:51 - mmengine - INFO - Epoch(train) [152][400/400]  base_lr: 1.0000e-02 lr: 2.5750e-03  eta: 16:53:18  time: 3.3135  data_time: 0.0068  memory: 10911  grad_norm: 14.4608  loss: 18.9216  loss_cls: 3.6092  loss_bbox: 7.4098  loss_dfl: 7.9026
2025/07/07 00:09:51 - mmengine - INFO - Saving checkpoint at 152 epochs
2025/07/07 00:09:59 - mmengine - INFO - Epoch(val) [152][ 50/800]    eta: 0:01:13  time: 0.0980  data_time: 0.0011  memory: 1000  
2025/07/07 00:10:04 - mmengine - INFO - Epoch(val) [152][100/800]    eta: 0:01:07  time: 0.0952  data_time: 0.0003  memory: 1000  
2025/07/07 00:10:08 - mmengine - INFO - Epoch(val) [152][150/800]    eta: 0:01:02  time: 0.0950  data_time: 0.0004  memory: 1000  
2025/07/07 00:10:13 - mmengine - INFO - Epoch(val) [152][200/800]    eta: 0:00:56  time: 0.0916  data_time: 0.0004  memory: 1000  
2025/07/07 00:10:18 - mmengine - INFO - Epoch(val) [152][250/800]    eta: 0:00:52  time: 0.0930  data_time: 0.0004  memory: 1000  
2025/07/07 00:10:23 - mmengine - INFO - Epoch(val) [152][300/800]    eta: 0:00:48  time: 0.1090  data_time: 0.0004  memory: 1000  
2025/07/07 00:10:29 - mmengine - INFO - Epoch(val) [152][350/800]    eta: 0:00:44  time: 0.1096  data_time: 0.0004  memory: 1000  
2025/07/07 00:10:34 - mmengine - INFO - Epoch(val) [152][400/800]    eta: 0:00:40  time: 0.1104  data_time: 0.0004  memory: 1000  
2025/07/07 00:10:39 - mmengine - INFO - Epoch(val) [152][450/800]    eta: 0:00:35  time: 0.0992  data_time: 0.0004  memory: 1000  
2025/07/07 00:10:44 - mmengine - INFO - Epoch(val) [152][500/800]    eta: 0:00:29  time: 0.0917  data_time: 0.0004  memory: 1000  
2025/07/07 00:10:48 - mmengine - INFO - Epoch(val) [152][550/800]    eta: 0:00:24  time: 0.0916  data_time: 0.0004  memory: 1000  
2025/07/07 00:10:53 - mmengine - INFO - Epoch(val) [152][600/800]    eta: 0:00:19  time: 0.0904  data_time: 0.0003  memory: 1000  
2025/07/07 00:10:58 - mmengine - INFO - Epoch(val) [152][650/800]    eta: 0:00:14  time: 0.0912  data_time: 0.0003  memory: 1000  
2025/07/07 00:11:02 - mmengine - INFO - Epoch(val) [152][700/800]    eta: 0:00:09  time: 0.0920  data_time: 0.0004  memory: 1000  
2025/07/07 00:11:07 - mmengine - INFO - Epoch(val) [152][750/800]    eta: 0:00:04  time: 0.0920  data_time: 0.0004  memory: 1000  
2025/07/07 00:11:11 - mmengine - INFO - Epoch(val) [152][800/800]    eta: 0:00:00  time: 0.0905  data_time: 0.0003  memory: 1000  
2025/07/07 00:11:12 - mmengine - INFO - Evaluating bbox...
2025/07/07 00:11:24 - mmengine - INFO - 
+-------------+-------+--------+--------+-------+-------+-------+
| category    | mAP   | mAP_50 | mAP_75 | mAP_s | mAP_m | mAP_l |
+-------------+-------+--------+--------+-------+-------+-------+
| car         | 0.705 | 0.967  | 0.861  | 0.487 | 0.734 | 0.0   |
| truck       | 0.544 | 0.764  | 0.654  | 0.099 | 0.537 | 0.613 |
| bus         | 0.758 | 0.962  | 0.893  | 0.001 | 0.719 | 0.824 |
| van         | 0.522 | 0.711  | 0.647  | 0.267 | 0.515 | 0.84  |
| freight_car | 0.506 | 0.705  | 0.606  | 0.174 | 0.489 | 0.612 |
+-------------+-------+--------+--------+-------+-------+-------+
2025/07/07 00:11:24 - mmengine - INFO - bbox_mAP_copypaste: 0.607 0.822 0.732 0.206 0.599 0.578
2025/07/07 00:11:24 - mmengine - INFO - Epoch(val) [152][800/800]    coco/car_precision: 0.7050  coco/truck_precision: 0.5440  coco/bus_precision: 0.7580  coco/van_precision: 0.5220  coco/freight_car_precision: 0.5060  coco/bbox_mAP: 0.6070  coco/bbox_mAP_50: 0.8220  coco/bbox_mAP_75: 0.7320  coco/bbox_mAP_s: 0.2060  coco/bbox_mAP_m: 0.5990  coco/bbox_mAP_l: 0.5780  data_time: 0.0004  time: 0.0963
2025/07/07 00:11:24 - mmengine - INFO - The previous best checkpoint /data/nl/Mamba2Spectral/work_dirs/DroneVehicle/2025_06_30/yolov8_mambatransformer_enhance/best_coco_bbox_mAP_50_epoch_147.pth is removed
2025/07/07 00:11:27 - mmengine - INFO - The best checkpoint with 0.8220 coco/bbox_mAP_50 at 152 epoch is saved to best_coco_bbox_mAP_50_epoch_152.pth.
2025/07/07 00:14:18 - mmengine - INFO - Epoch(train) [153][ 50/400]  base_lr: 1.0000e-02 lr: 2.5255e-03  eta: 16:50:44  time: 3.3357  data_time: 0.0295  memory: 10975  grad_norm: 15.0375  loss: 18.9057  loss_cls: 3.6728  loss_bbox: 7.4568  loss_dfl: 7.7761
2025/07/07 00:17:04 - mmengine - INFO - Epoch(train) [153][100/400]  base_lr: 1.0000e-02 lr: 2.5255e-03  eta: 16:48:09  time: 3.3168  data_time: 0.0074  memory: 11012  grad_norm: 14.8925  loss: 19.0963  loss_cls: 3.7027  loss_bbox: 7.5691  loss_dfl: 7.8246
2025/07/07 00:19:50 - mmengine - INFO - Epoch(train) [153][150/400]  base_lr: 1.0000e-02 lr: 2.5255e-03  eta: 16:45:34  time: 3.3181  data_time: 0.0077  memory: 10921  grad_norm: 14.1355  loss: 18.8057  loss_cls: 3.5659  loss_bbox: 7.3877  loss_dfl: 7.8521
2025/07/07 00:22:36 - mmengine - INFO - Exp name: yolov8_mambatransformer_enhance_20250705_110818
2025/07/07 00:22:36 - mmengine - INFO - Epoch(train) [153][200/400]  base_lr: 1.0000e-02 lr: 2.5255e-03  eta: 16:42:59  time: 3.3104  data_time: 0.0063  memory: 10879  grad_norm: 15.5342  loss: 18.8732  loss_cls: 3.6217  loss_bbox: 7.3777  loss_dfl: 7.8737
2025/07/07 00:25:21 - mmengine - INFO - Epoch(train) [153][250/400]  base_lr: 1.0000e-02 lr: 2.5255e-03  eta: 16:40:25  time: 3.3137  data_time: 0.0071  memory: 10777  grad_norm: 15.7165  loss: 19.1609  loss_cls: 3.7412  loss_bbox: 7.4862  loss_dfl: 7.9335
2025/07/07 00:28:07 - mmengine - INFO - Epoch(train) [153][300/400]  base_lr: 1.0000e-02 lr: 2.5255e-03  eta: 16:37:50  time: 3.3156  data_time: 0.0064  memory: 10932  grad_norm: 14.8544  loss: 18.8700  loss_cls: 3.6355  loss_bbox: 7.3976  loss_dfl: 7.8369
2025/07/07 00:30:53 - mmengine - INFO - Epoch(train) [153][350/400]  base_lr: 1.0000e-02 lr: 2.5255e-03  eta: 16:35:15  time: 3.3133  data_time: 0.0066  memory: 10799  grad_norm: 14.6958  loss: 19.1148  loss_cls: 3.6953  loss_bbox: 7.5059  loss_dfl: 7.9136
2025/07/07 00:33:38 - mmengine - INFO - Exp name: yolov8_mambatransformer_enhance_20250705_110818
2025/07/07 00:33:38 - mmengine - INFO - Epoch(train) [153][400/400]  base_lr: 1.0000e-02 lr: 2.5255e-03  eta: 16:32:40  time: 3.3133  data_time: 0.0065  memory: 11017  grad_norm: 14.5697  loss: 18.7644  loss_cls: 3.6183  loss_bbox: 7.2763  loss_dfl: 7.8699
2025/07/07 00:33:38 - mmengine - INFO - Saving checkpoint at 153 epochs
2025/07/07 00:33:47 - mmengine - INFO - Epoch(val) [153][ 50/800]    eta: 0:01:19  time: 0.1066  data_time: 0.0011  memory: 1000  
2025/07/07 00:33:52 - mmengine - INFO - Epoch(val) [153][100/800]    eta: 0:01:09  time: 0.0911  data_time: 0.0003  memory: 1000  
2025/07/07 00:33:56 - mmengine - INFO - Epoch(val) [153][150/800]    eta: 0:01:01  time: 0.0846  data_time: 0.0003  memory: 1000  
2025/07/07 00:34:00 - mmengine - INFO - Epoch(val) [153][200/800]    eta: 0:00:54  time: 0.0787  data_time: 0.0003  memory: 1000  
2025/07/07 00:34:05 - mmengine - INFO - Epoch(val) [153][250/800]    eta: 0:00:51  time: 0.1027  data_time: 0.0024  memory: 1000  
2025/07/07 00:34:10 - mmengine - INFO - Epoch(val) [153][300/800]    eta: 0:00:47  time: 0.1056  data_time: 0.0039  memory: 1000  
2025/07/07 00:34:16 - mmengine - INFO - Epoch(val) [153][350/800]    eta: 0:00:43  time: 0.1103  data_time: 0.0035  memory: 1000  
2025/07/07 00:34:21 - mmengine - INFO - Epoch(val) [153][400/800]    eta: 0:00:39  time: 0.1062  data_time: 0.0041  memory: 1000  
2025/07/07 00:34:27 - mmengine - INFO - Epoch(val) [153][450/800]    eta: 0:00:34  time: 0.1061  data_time: 0.0043  memory: 1000  
2025/07/07 00:34:32 - mmengine - INFO - Epoch(val) [153][500/800]    eta: 0:00:30  time: 0.1167  data_time: 0.0008  memory: 1000  
2025/07/07 00:34:38 - mmengine - INFO - Epoch(val) [153][550/800]    eta: 0:00:25  time: 0.1106  data_time: 0.0008  memory: 1000  
2025/07/07 00:34:44 - mmengine - INFO - Epoch(val) [153][600/800]    eta: 0:00:20  time: 0.1119  data_time: 0.0027  memory: 1000  
2025/07/07 00:34:49 - mmengine - INFO - Epoch(val) [153][650/800]    eta: 0:00:15  time: 0.1084  data_time: 0.0053  memory: 1000  
2025/07/07 00:34:54 - mmengine - INFO - Epoch(val) [153][700/800]    eta: 0:00:10  time: 0.1066  data_time: 0.0021  memory: 1000  
2025/07/07 00:35:00 - mmengine - INFO - Epoch(val) [153][750/800]    eta: 0:00:05  time: 0.1103  data_time: 0.0017  memory: 1000  
2025/07/07 00:35:05 - mmengine - INFO - Epoch(val) [153][800/800]    eta: 0:00:00  time: 0.1066  data_time: 0.0057  memory: 1000  
2025/07/07 00:35:06 - mmengine - INFO - Evaluating bbox...
2025/07/07 00:35:19 - mmengine - INFO - 
+-------------+-------+--------+--------+-------+-------+-------+
| category    | mAP   | mAP_50 | mAP_75 | mAP_s | mAP_m | mAP_l |
+-------------+-------+--------+--------+-------+-------+-------+
| car         | 0.705 | 0.966  | 0.86   | 0.487 | 0.734 | 0.0   |
| truck       | 0.545 | 0.764  | 0.656  | 0.099 | 0.537 | 0.615 |
| bus         | 0.757 | 0.963  | 0.89   | 0.001 | 0.718 | 0.823 |
| van         | 0.522 | 0.711  | 0.647  | 0.266 | 0.514 | 0.841 |
| freight_car | 0.507 | 0.706  | 0.607  | 0.128 | 0.491 | 0.614 |
+-------------+-------+--------+--------+-------+-------+-------+
2025/07/07 00:35:19 - mmengine - INFO - bbox_mAP_copypaste: 0.607 0.822 0.732 0.196 0.599 0.579
2025/07/07 00:35:20 - mmengine - INFO - Epoch(val) [153][800/800]    coco/car_precision: 0.7050  coco/truck_precision: 0.5450  coco/bus_precision: 0.7570  coco/van_precision: 0.5220  coco/freight_car_precision: 0.5070  coco/bbox_mAP: 0.6070  coco/bbox_mAP_50: 0.8220  coco/bbox_mAP_75: 0.7320  coco/bbox_mAP_s: 0.1960  coco/bbox_mAP_m: 0.5990  coco/bbox_mAP_l: 0.5790  data_time: 0.0025  time: 0.1039
2025/07/07 00:37:32 - mmengine - INFO - Epoch(train) [154][ 50/400]  base_lr: 1.0000e-02 lr: 2.4760e-03  eta: 16:29:49  time: 2.6506  data_time: 0.0420  memory: 10767  grad_norm: 15.4488  loss: 19.0285  loss_cls: 3.6680  loss_bbox: 7.4264  loss_dfl: 7.9341
2025/07/07 00:40:17 - mmengine - INFO - Epoch(train) [154][100/400]  base_lr: 1.0000e-02 lr: 2.4760e-03  eta: 16:27:14  time: 3.3058  data_time: 0.0062  memory: 10633  grad_norm: 15.1224  loss: 18.9509  loss_cls: 3.5983  loss_bbox: 7.4402  loss_dfl: 7.9124
2025/07/07 00:43:03 - mmengine - INFO - Epoch(train) [154][150/400]  base_lr: 1.0000e-02 lr: 2.4760e-03  eta: 16:24:39  time: 3.3150  data_time: 0.0070  memory: 10713  grad_norm: 15.1626  loss: 19.0276  loss_cls: 3.7085  loss_bbox: 7.4459  loss_dfl: 7.8731
2025/07/07 00:45:49 - mmengine - INFO - Epoch(train) [154][200/400]  base_lr: 1.0000e-02 lr: 2.4760e-03  eta: 16:22:04  time: 3.3140  data_time: 0.0061  memory: 10873  grad_norm: 16.3649  loss: 19.0918  loss_cls: 3.6840  loss_bbox: 7.4861  loss_dfl: 7.9217
2025/07/07 00:48:35 - mmengine - INFO - Epoch(train) [154][250/400]  base_lr: 1.0000e-02 lr: 2.4760e-03  eta: 16:19:29  time: 3.3169  data_time: 0.0063  memory: 10873  grad_norm: 15.2282  loss: 19.1499  loss_cls: 3.6970  loss_bbox: 7.5179  loss_dfl: 7.9349
2025/07/07 00:51:20 - mmengine - INFO - Epoch(train) [154][300/400]  base_lr: 1.0000e-02 lr: 2.4760e-03  eta: 16:16:54  time: 3.3077  data_time: 0.0061  memory: 10921  grad_norm: 15.7075  loss: 18.8068  loss_cls: 3.6574  loss_bbox: 7.3048  loss_dfl: 7.8445
2025/07/07 00:54:06 - mmengine - INFO - Epoch(train) [154][350/400]  base_lr: 1.0000e-02 lr: 2.4760e-03  eta: 16:14:19  time: 3.3109  data_time: 0.0070  memory: 10884  grad_norm: 15.0080  loss: 19.0030  loss_cls: 3.6265  loss_bbox: 7.4280  loss_dfl: 7.9485
2025/07/07 00:56:51 - mmengine - INFO - Exp name: yolov8_mambatransformer_enhance_20250705_110818
2025/07/07 00:56:51 - mmengine - INFO - Epoch(train) [154][400/400]  base_lr: 1.0000e-02 lr: 2.4760e-03  eta: 16:11:44  time: 3.3139  data_time: 0.0066  memory: 10740  grad_norm: 14.9290  loss: 18.9584  loss_cls: 3.6882  loss_bbox: 7.4233  loss_dfl: 7.8469
2025/07/07 00:56:51 - mmengine - INFO - Saving checkpoint at 154 epochs
2025/07/07 00:57:00 - mmengine - INFO - Epoch(val) [154][ 50/800]    eta: 0:01:22  time: 0.1102  data_time: 0.0009  memory: 1000  
2025/07/07 00:57:06 - mmengine - INFO - Epoch(val) [154][100/800]    eta: 0:01:17  time: 0.1100  data_time: 0.0004  memory: 1000  
2025/07/07 00:57:11 - mmengine - INFO - Epoch(val) [154][150/800]    eta: 0:01:10  time: 0.1055  data_time: 0.0005  memory: 1000  
2025/07/07 00:57:16 - mmengine - INFO - Epoch(val) [154][200/800]    eta: 0:01:03  time: 0.0990  data_time: 0.0004  memory: 1000  
2025/07/07 00:57:21 - mmengine - INFO - Epoch(val) [154][250/800]    eta: 0:00:56  time: 0.0926  data_time: 0.0004  memory: 1000  
2025/07/07 00:57:25 - mmengine - INFO - Epoch(val) [154][300/800]    eta: 0:00:50  time: 0.0929  data_time: 0.0004  memory: 1000  
2025/07/07 00:57:30 - mmengine - INFO - Epoch(val) [154][350/800]    eta: 0:00:45  time: 0.0930  data_time: 0.0004  memory: 1000  
2025/07/07 00:57:35 - mmengine - INFO - Epoch(val) [154][400/800]    eta: 0:00:39  time: 0.0924  data_time: 0.0004  memory: 1000  
2025/07/07 00:57:39 - mmengine - INFO - Epoch(val) [154][450/800]    eta: 0:00:34  time: 0.0922  data_time: 0.0004  memory: 1000  
2025/07/07 00:57:44 - mmengine - INFO - Epoch(val) [154][500/800]    eta: 0:00:29  time: 0.0923  data_time: 0.0004  memory: 1000  
2025/07/07 00:57:49 - mmengine - INFO - Epoch(val) [154][550/800]    eta: 0:00:24  time: 0.0921  data_time: 0.0004  memory: 1000  
2025/07/07 00:57:53 - mmengine - INFO - Epoch(val) [154][600/800]    eta: 0:00:19  time: 0.0922  data_time: 0.0004  memory: 1000  
2025/07/07 00:57:58 - mmengine - INFO - Epoch(val) [154][650/800]    eta: 0:00:14  time: 0.0914  data_time: 0.0003  memory: 1000  
2025/07/07 00:58:02 - mmengine - INFO - Epoch(val) [154][700/800]    eta: 0:00:09  time: 0.0929  data_time: 0.0004  memory: 1000  
2025/07/07 00:58:07 - mmengine - INFO - Epoch(val) [154][750/800]    eta: 0:00:04  time: 0.0921  data_time: 0.0004  memory: 1000  
2025/07/07 00:58:12 - mmengine - INFO - Epoch(val) [154][800/800]    eta: 0:00:00  time: 0.0917  data_time: 0.0004  memory: 1000  
2025/07/07 00:58:12 - mmengine - INFO - Evaluating bbox...
2025/07/07 00:58:24 - mmengine - INFO - 
+-------------+-------+--------+--------+-------+-------+-------+
| category    | mAP   | mAP_50 | mAP_75 | mAP_s | mAP_m | mAP_l |
+-------------+-------+--------+--------+-------+-------+-------+
| car         | 0.705 | 0.966  | 0.86   | 0.488 | 0.734 | 0.0   |
| truck       | 0.545 | 0.764  | 0.658  | 0.099 | 0.537 | 0.615 |
| bus         | 0.756 | 0.963  | 0.89   | 0.001 | 0.717 | 0.823 |
| van         | 0.522 | 0.711  | 0.646  | 0.265 | 0.513 | 0.841 |
| freight_car | 0.506 | 0.705  | 0.607  | 0.126 | 0.489 | 0.615 |
+-------------+-------+--------+--------+-------+-------+-------+
2025/07/07 00:58:24 - mmengine - INFO - bbox_mAP_copypaste: 0.607 0.822 0.732 0.196 0.598 0.579
2025/07/07 00:58:24 - mmengine - INFO - Epoch(val) [154][800/800]    coco/car_precision: 0.7050  coco/truck_precision: 0.5450  coco/bus_precision: 0.7560  coco/van_precision: 0.5220  coco/freight_car_precision: 0.5060  coco/bbox_mAP: 0.6070  coco/bbox_mAP_50: 0.8220  coco/bbox_mAP_75: 0.7320  coco/bbox_mAP_s: 0.1960  coco/bbox_mAP_m: 0.5980  coco/bbox_mAP_l: 0.5790  data_time: 0.0004  time: 0.0958
2025/07/07 01:01:10 - mmengine - INFO - Epoch(train) [155][ 50/400]  base_lr: 1.0000e-02 lr: 2.4265e-03  eta: 16:09:09  time: 3.3245  data_time: 0.0278  memory: 10793  grad_norm: 15.2470  loss: 18.8076  loss_cls: 3.6445  loss_bbox: 7.3620  loss_dfl: 7.8010
2025/07/07 01:03:47 - mmengine - INFO - Epoch(train) [155][100/400]  base_lr: 1.0000e-02 lr: 2.4265e-03  eta: 16:06:30  time: 3.1313  data_time: 0.0065  memory: 10841  grad_norm: 15.2537  loss: 18.9216  loss_cls: 3.6628  loss_bbox: 7.3031  loss_dfl: 7.9557
2025/07/07 01:05:31 - mmengine - INFO - Epoch(train) [155][150/400]  base_lr: 1.0000e-02 lr: 2.4265e-03  eta: 16:03:27  time: 2.0829  data_time: 0.0103  memory: 10879  grad_norm: 14.9938  loss: 18.9039  loss_cls: 3.6444  loss_bbox: 7.3915  loss_dfl: 7.8680
2025/07/07 01:07:53 - mmengine - INFO - Epoch(train) [155][200/400]  base_lr: 1.0000e-02 lr: 2.4265e-03  eta: 16:00:41  time: 2.8393  data_time: 0.0078  memory: 10825  grad_norm: 15.0245  loss: 18.7413  loss_cls: 3.6187  loss_bbox: 7.2917  loss_dfl: 7.8310
2025/07/07 01:10:39 - mmengine - INFO - Epoch(train) [155][250/400]  base_lr: 1.0000e-02 lr: 2.4265e-03  eta: 15:58:06  time: 3.3157  data_time: 0.0074  memory: 10676  grad_norm: 15.0962  loss: 19.0964  loss_cls: 3.6922  loss_bbox: 7.5208  loss_dfl: 7.8835
2025/07/07 01:13:25 - mmengine - INFO - Epoch(train) [155][300/400]  base_lr: 1.0000e-02 lr: 2.4265e-03  eta: 15:55:31  time: 3.3116  data_time: 0.0066  memory: 10916  grad_norm: 15.5260  loss: 19.1361  loss_cls: 3.7286  loss_bbox: 7.4929  loss_dfl: 7.9146
2025/07/07 01:16:10 - mmengine - INFO - Epoch(train) [155][350/400]  base_lr: 1.0000e-02 lr: 2.4265e-03  eta: 15:52:56  time: 3.3125  data_time: 0.0067  memory: 10697  grad_norm: 15.3229  loss: 19.0948  loss_cls: 3.6540  loss_bbox: 7.5046  loss_dfl: 7.9362
2025/07/07 01:18:56 - mmengine - INFO - Exp name: yolov8_mambatransformer_enhance_20250705_110818
2025/07/07 01:18:56 - mmengine - INFO - Epoch(train) [155][400/400]  base_lr: 1.0000e-02 lr: 2.4265e-03  eta: 15:50:20  time: 3.3139  data_time: 0.0080  memory: 10708  grad_norm: 15.2108  loss: 18.9598  loss_cls: 3.6434  loss_bbox: 7.4093  loss_dfl: 7.9070
2025/07/07 01:18:56 - mmengine - INFO - Saving checkpoint at 155 epochs
2025/07/07 01:19:04 - mmengine - INFO - Epoch(val) [155][ 50/800]    eta: 0:01:11  time: 0.0959  data_time: 0.0010  memory: 1000  
2025/07/07 01:19:10 - mmengine - INFO - Epoch(val) [155][100/800]    eta: 0:01:12  time: 0.1106  data_time: 0.0005  memory: 1000  
2025/07/07 01:19:15 - mmengine - INFO - Epoch(val) [155][150/800]    eta: 0:01:08  time: 0.1113  data_time: 0.0004  memory: 1000  
2025/07/07 01:19:21 - mmengine - INFO - Epoch(val) [155][200/800]    eta: 0:01:04  time: 0.1106  data_time: 0.0004  memory: 1000  
2025/07/07 01:19:26 - mmengine - INFO - Epoch(val) [155][250/800]    eta: 0:00:59  time: 0.1112  data_time: 0.0004  memory: 1000  
2025/07/07 01:19:32 - mmengine - INFO - Epoch(val) [155][300/800]    eta: 0:00:54  time: 0.1113  data_time: 0.0004  memory: 1000  
2025/07/07 01:19:37 - mmengine - INFO - Epoch(val) [155][350/800]    eta: 0:00:48  time: 0.1001  data_time: 0.0004  memory: 1000  
2025/07/07 01:19:42 - mmengine - INFO - Epoch(val) [155][400/800]    eta: 0:00:42  time: 0.0976  data_time: 0.0004  memory: 1000  
2025/07/07 01:19:46 - mmengine - INFO - Epoch(val) [155][450/800]    eta: 0:00:36  time: 0.0920  data_time: 0.0004  memory: 1000  
2025/07/07 01:19:51 - mmengine - INFO - Epoch(val) [155][500/800]    eta: 0:00:30  time: 0.0908  data_time: 0.0003  memory: 1000  
2025/07/07 01:19:56 - mmengine - INFO - Epoch(val) [155][550/800]    eta: 0:00:25  time: 0.0976  data_time: 0.0004  memory: 1000  
2025/07/07 01:20:01 - mmengine - INFO - Epoch(val) [155][600/800]    eta: 0:00:20  time: 0.0974  data_time: 0.0004  memory: 1000  
2025/07/07 01:20:05 - mmengine - INFO - Epoch(val) [155][650/800]    eta: 0:00:15  time: 0.0912  data_time: 0.0004  memory: 1000  
2025/07/07 01:20:10 - mmengine - INFO - Epoch(val) [155][700/800]    eta: 0:00:10  time: 0.0911  data_time: 0.0003  memory: 1000  
2025/07/07 01:20:15 - mmengine - INFO - Epoch(val) [155][750/800]    eta: 0:00:05  time: 0.1031  data_time: 0.0004  memory: 1000  
2025/07/07 01:20:20 - mmengine - INFO - Epoch(val) [155][800/800]    eta: 0:00:00  time: 0.0925  data_time: 0.0004  memory: 1000  
2025/07/07 01:20:21 - mmengine - INFO - Evaluating bbox...
2025/07/07 01:20:32 - mmengine - INFO - 
+-------------+-------+--------+--------+-------+-------+-------+
| category    | mAP   | mAP_50 | mAP_75 | mAP_s | mAP_m | mAP_l |
+-------------+-------+--------+--------+-------+-------+-------+
| car         | 0.705 | 0.966  | 0.86   | 0.488 | 0.734 | 0.0   |
| truck       | 0.546 | 0.764  | 0.658  | 0.099 | 0.538 | 0.614 |
| bus         | 0.756 | 0.963  | 0.891  | 0.001 | 0.717 | 0.824 |
| van         | 0.521 | 0.71   | 0.646  | 0.266 | 0.513 | 0.841 |
| freight_car | 0.505 | 0.706  | 0.602  | 0.126 | 0.488 | 0.616 |
+-------------+-------+--------+--------+-------+-------+-------+
2025/07/07 01:20:32 - mmengine - INFO - bbox_mAP_copypaste: 0.606 0.822 0.731 0.196 0.598 0.579
2025/07/07 01:20:32 - mmengine - INFO - Epoch(val) [155][800/800]    coco/car_precision: 0.7050  coco/truck_precision: 0.5460  coco/bus_precision: 0.7560  coco/van_precision: 0.5210  coco/freight_car_precision: 0.5050  coco/bbox_mAP: 0.6060  coco/bbox_mAP_50: 0.8220  coco/bbox_mAP_75: 0.7310  coco/bbox_mAP_s: 0.1960  coco/bbox_mAP_m: 0.5980  coco/bbox_mAP_l: 0.5790  data_time: 0.0004  time: 0.1003
2025/07/07 01:23:19 - mmengine - INFO - Epoch(train) [156][ 50/400]  base_lr: 1.0000e-02 lr: 2.3770e-03  eta: 15:47:46  time: 3.3308  data_time: 0.0280  memory: 10761  grad_norm: 15.0351  loss: 19.0674  loss_cls: 3.7029  loss_bbox: 7.4829  loss_dfl: 7.8816
2025/07/07 01:26:05 - mmengine - INFO - Epoch(train) [156][100/400]  base_lr: 1.0000e-02 lr: 2.3770e-03  eta: 15:45:11  time: 3.3142  data_time: 0.0072  memory: 10895  grad_norm: 16.0230  loss: 19.0364  loss_cls: 3.6158  loss_bbox: 7.4135  loss_dfl: 8.0071
2025/07/07 01:28:50 - mmengine - INFO - Epoch(train) [156][150/400]  base_lr: 1.0000e-02 lr: 2.3770e-03  eta: 15:42:35  time: 3.3174  data_time: 0.0078  memory: 10921  grad_norm: 15.7649  loss: 19.0952  loss_cls: 3.6970  loss_bbox: 7.4700  loss_dfl: 7.9282
2025/07/07 01:31:36 - mmengine - INFO - Epoch(train) [156][200/400]  base_lr: 1.0000e-02 lr: 2.3770e-03  eta: 15:40:00  time: 3.3162  data_time: 0.0074  memory: 10676  grad_norm: 14.7424  loss: 18.7130  loss_cls: 3.5767  loss_bbox: 7.3176  loss_dfl: 7.8186
2025/07/07 01:33:59 - mmengine - INFO - Epoch(train) [156][250/400]  base_lr: 1.0000e-02 lr: 2.3770e-03  eta: 15:37:15  time: 2.8449  data_time: 0.0082  memory: 11071  grad_norm: 15.3571  loss: 18.7714  loss_cls: 3.6138  loss_bbox: 7.3043  loss_dfl: 7.8532
2025/07/07 01:35:38 - mmengine - INFO - Epoch(train) [156][300/400]  base_lr: 1.0000e-02 lr: 2.3770e-03  eta: 15:34:10  time: 1.9781  data_time: 0.0086  memory: 10761  grad_norm: 15.0981  loss: 18.8914  loss_cls: 3.6357  loss_bbox: 7.3732  loss_dfl: 7.8826
2025/07/07 01:38:22 - mmengine - INFO - Epoch(train) [156][350/400]  base_lr: 1.0000e-02 lr: 2.3770e-03  eta: 15:31:34  time: 3.2837  data_time: 0.0073  memory: 10756  grad_norm: 15.1026  loss: 18.9883  loss_cls: 3.6664  loss_bbox: 7.5039  loss_dfl: 7.8181
2025/07/07 01:41:07 - mmengine - INFO - Exp name: yolov8_mambatransformer_enhance_20250705_110818
2025/07/07 01:41:07 - mmengine - INFO - Epoch(train) [156][400/400]  base_lr: 1.0000e-02 lr: 2.3770e-03  eta: 15:28:59  time: 3.3124  data_time: 0.0072  memory: 10932  grad_norm: 15.4774  loss: 19.0545  loss_cls: 3.6823  loss_bbox: 7.4535  loss_dfl: 7.9188
2025/07/07 01:41:07 - mmengine - INFO - Saving checkpoint at 156 epochs
2025/07/07 01:41:18 - mmengine - INFO - Epoch(val) [156][ 50/800]    eta: 0:01:31  time: 0.1221  data_time: 0.0045  memory: 1000  
2025/07/07 01:41:24 - mmengine - INFO - Epoch(val) [156][100/800]    eta: 0:01:25  time: 0.1234  data_time: 0.0018  memory: 1000  
2025/07/07 01:41:30 - mmengine - INFO - Epoch(val) [156][150/800]    eta: 0:01:21  time: 0.1293  data_time: 0.0006  memory: 1000  
2025/07/07 01:41:36 - mmengine - INFO - Epoch(val) [156][200/800]    eta: 0:01:14  time: 0.1241  data_time: 0.0019  memory: 1000  
2025/07/07 01:41:41 - mmengine - INFO - Epoch(val) [156][250/800]    eta: 0:01:05  time: 0.0951  data_time: 0.0004  memory: 1000  
2025/07/07 01:41:46 - mmengine - INFO - Epoch(val) [156][300/800]    eta: 0:00:57  time: 0.0905  data_time: 0.0004  memory: 1000  
2025/07/07 01:41:51 - mmengine - INFO - Epoch(val) [156][350/800]    eta: 0:00:50  time: 0.0957  data_time: 0.0004  memory: 1000  
2025/07/07 01:41:56 - mmengine - INFO - Epoch(val) [156][400/800]    eta: 0:00:44  time: 0.1076  data_time: 0.0005  memory: 1000  
2025/07/07 01:42:01 - mmengine - INFO - Epoch(val) [156][450/800]    eta: 0:00:38  time: 0.0985  data_time: 0.0004  memory: 1000  
2025/07/07 01:42:06 - mmengine - INFO - Epoch(val) [156][500/800]    eta: 0:00:32  time: 0.1103  data_time: 0.0004  memory: 1000  
2025/07/07 01:42:12 - mmengine - INFO - Epoch(val) [156][550/800]    eta: 0:00:27  time: 0.1116  data_time: 0.0004  memory: 1000  
2025/07/07 01:42:18 - mmengine - INFO - Epoch(val) [156][600/800]    eta: 0:00:21  time: 0.1109  data_time: 0.0004  memory: 1000  
2025/07/07 01:42:23 - mmengine - INFO - Epoch(val) [156][650/800]    eta: 0:00:16  time: 0.1116  data_time: 0.0004  memory: 1000  
2025/07/07 01:42:29 - mmengine - INFO - Epoch(val) [156][700/800]    eta: 0:00:11  time: 0.1124  data_time: 0.0004  memory: 1000  
2025/07/07 01:42:34 - mmengine - INFO - Epoch(val) [156][750/800]    eta: 0:00:05  time: 0.1113  data_time: 0.0004  memory: 1000  
2025/07/07 01:42:40 - mmengine - INFO - Epoch(val) [156][800/800]    eta: 0:00:00  time: 0.1118  data_time: 0.0004  memory: 1000  
2025/07/07 01:42:41 - mmengine - INFO - Evaluating bbox...
2025/07/07 01:42:52 - mmengine - INFO - 
+-------------+-------+--------+--------+-------+-------+-------+
| category    | mAP   | mAP_50 | mAP_75 | mAP_s | mAP_m | mAP_l |
+-------------+-------+--------+--------+-------+-------+-------+
| car         | 0.705 | 0.966  | 0.86   | 0.488 | 0.734 | 0.0   |
| truck       | 0.545 | 0.763  | 0.657  | 0.1   | 0.538 | 0.613 |
| bus         | 0.758 | 0.963  | 0.896  | 0.001 | 0.717 | 0.828 |
| van         | 0.521 | 0.709  | 0.645  | 0.266 | 0.512 | 0.841 |
| freight_car | 0.504 | 0.705  | 0.6    | 0.123 | 0.487 | 0.614 |
+-------------+-------+--------+--------+-------+-------+-------+
2025/07/07 01:42:52 - mmengine - INFO - bbox_mAP_copypaste: 0.606 0.821 0.732 0.196 0.598 0.579
2025/07/07 01:42:52 - mmengine - INFO - Epoch(val) [156][800/800]    coco/car_precision: 0.7050  coco/truck_precision: 0.5450  coco/bus_precision: 0.7580  coco/van_precision: 0.5210  coco/freight_car_precision: 0.5040  coco/bbox_mAP: 0.6060  coco/bbox_mAP_50: 0.8210  coco/bbox_mAP_75: 0.7320  coco/bbox_mAP_s: 0.1960  coco/bbox_mAP_m: 0.5980  coco/bbox_mAP_l: 0.5790  data_time: 0.0009  time: 0.1104
2025/07/07 01:45:39 - mmengine - INFO - Epoch(train) [157][ 50/400]  base_lr: 1.0000e-02 lr: 2.3275e-03  eta: 15:26:24  time: 3.3276  data_time: 0.0298  memory: 10676  grad_norm: 15.7226  loss: 18.9811  loss_cls: 3.6014  loss_bbox: 7.4370  loss_dfl: 7.9427
2025/07/07 01:48:24 - mmengine - INFO - Epoch(train) [157][100/400]  base_lr: 1.0000e-02 lr: 2.3275e-03  eta: 15:23:49  time: 3.3077  data_time: 0.0060  memory: 10724  grad_norm: 16.1708  loss: 19.0706  loss_cls: 3.6687  loss_bbox: 7.4583  loss_dfl: 7.9436
2025/07/07 01:51:10 - mmengine - INFO - Epoch(train) [157][150/400]  base_lr: 1.0000e-02 lr: 2.3275e-03  eta: 15:21:14  time: 3.3090  data_time: 0.0062  memory: 10602  grad_norm: 15.7018  loss: 18.9457  loss_cls: 3.6358  loss_bbox: 7.4039  loss_dfl: 7.9060
2025/07/07 01:53:56 - mmengine - INFO - Epoch(train) [157][200/400]  base_lr: 1.0000e-02 lr: 2.3275e-03  eta: 15:18:39  time: 3.3157  data_time: 0.0072  memory: 10751  grad_norm: 16.1586  loss: 18.9895  loss_cls: 3.6881  loss_bbox: 7.4492  loss_dfl: 7.8522
2025/07/07 01:56:41 - mmengine - INFO - Epoch(train) [157][250/400]  base_lr: 1.0000e-02 lr: 2.3275e-03  eta: 15:16:03  time: 3.3078  data_time: 0.0064  memory: 10761  grad_norm: 16.7339  loss: 19.1919  loss_cls: 3.6778  loss_bbox: 7.5568  loss_dfl: 7.9573
2025/07/07 01:59:27 - mmengine - INFO - Epoch(train) [157][300/400]  base_lr: 1.0000e-02 lr: 2.3275e-03  eta: 15:13:28  time: 3.3124  data_time: 0.0066  memory: 10969  grad_norm: 15.1167  loss: 18.7763  loss_cls: 3.6288  loss_bbox: 7.2883  loss_dfl: 7.8592
2025/07/07 02:02:12 - mmengine - INFO - Epoch(train) [157][350/400]  base_lr: 1.0000e-02 lr: 2.3275e-03  eta: 15:10:52  time: 3.3148  data_time: 0.0063  memory: 10756  grad_norm: 15.0840  loss: 18.5812  loss_cls: 3.5864  loss_bbox: 7.2068  loss_dfl: 7.7880
2025/07/07 02:04:12 - mmengine - INFO - Exp name: yolov8_mambatransformer_enhance_20250705_110818
2025/07/07 02:04:12 - mmengine - INFO - Epoch(train) [157][400/400]  base_lr: 1.0000e-02 lr: 2.3275e-03  eta: 15:07:58  time: 2.3979  data_time: 0.0092  memory: 10852  grad_norm: 14.9687  loss: 18.7101  loss_cls: 3.5934  loss_bbox: 7.2841  loss_dfl: 7.8325
2025/07/07 02:04:12 - mmengine - INFO - Saving checkpoint at 157 epochs
2025/07/07 02:04:27 - mmengine - INFO - Epoch(val) [157][ 50/800]    eta: 0:02:28  time: 0.1976  data_time: 0.0054  memory: 1000  
2025/07/07 02:04:33 - mmengine - INFO - Epoch(val) [157][100/800]    eta: 0:01:50  time: 0.1175  data_time: 0.0064  memory: 1000  
2025/07/07 02:04:40 - mmengine - INFO - Epoch(val) [157][150/800]    eta: 0:01:39  time: 0.1441  data_time: 0.0081  memory: 1000  
2025/07/07 02:04:48 - mmengine - INFO - Epoch(val) [157][200/800]    eta: 0:01:30  time: 0.1435  data_time: 0.0060  memory: 1000  
2025/07/07 02:04:55 - mmengine - INFO - Epoch(val) [157][250/800]    eta: 0:01:21  time: 0.1391  data_time: 0.0114  memory: 1000  
2025/07/07 02:05:01 - mmengine - INFO - Epoch(val) [157][300/800]    eta: 0:01:13  time: 0.1352  data_time: 0.0079  memory: 1000  
2025/07/07 02:05:09 - mmengine - INFO - Epoch(val) [157][350/800]    eta: 0:01:05  time: 0.1486  data_time: 0.0087  memory: 1000  
2025/07/07 02:05:14 - mmengine - INFO - Epoch(val) [157][400/800]    eta: 0:00:56  time: 0.1073  data_time: 0.0030  memory: 1000  
2025/07/07 02:05:19 - mmengine - INFO - Epoch(val) [157][450/800]    eta: 0:00:48  time: 0.1021  data_time: 0.0034  memory: 1000  
2025/07/07 02:05:25 - mmengine - INFO - Epoch(val) [157][500/800]    eta: 0:00:40  time: 0.1038  data_time: 0.0039  memory: 1000  
2025/07/07 02:05:30 - mmengine - INFO - Epoch(val) [157][550/800]    eta: 0:00:32  time: 0.1112  data_time: 0.0031  memory: 1000  
2025/07/07 02:05:36 - mmengine - INFO - Epoch(val) [157][600/800]    eta: 0:00:26  time: 0.1237  data_time: 0.0019  memory: 1000  
2025/07/07 02:05:41 - mmengine - INFO - Epoch(val) [157][650/800]    eta: 0:00:19  time: 0.0918  data_time: 0.0004  memory: 1000  
2025/07/07 02:05:45 - mmengine - INFO - Epoch(val) [157][700/800]    eta: 0:00:12  time: 0.0910  data_time: 0.0004  memory: 1000  
2025/07/07 02:05:51 - mmengine - INFO - Epoch(val) [157][750/800]    eta: 0:00:06  time: 0.1142  data_time: 0.0004  memory: 1000  
2025/07/07 02:05:57 - mmengine - INFO - Epoch(val) [157][800/800]    eta: 0:00:00  time: 0.1082  data_time: 0.0004  memory: 1000  
2025/07/07 02:05:57 - mmengine - INFO - Evaluating bbox...
2025/07/07 02:06:09 - mmengine - INFO - 
+-------------+-------+--------+--------+-------+-------+-------+
| category    | mAP   | mAP_50 | mAP_75 | mAP_s | mAP_m | mAP_l |
+-------------+-------+--------+--------+-------+-------+-------+
| car         | 0.704 | 0.966  | 0.86   | 0.489 | 0.734 | 0.0   |
| truck       | 0.545 | 0.763  | 0.656  | 0.1   | 0.538 | 0.612 |
| bus         | 0.758 | 0.963  | 0.896  | 0.001 | 0.719 | 0.826 |
| van         | 0.521 | 0.709  | 0.646  | 0.266 | 0.512 | 0.848 |
| freight_car | 0.505 | 0.703  | 0.601  | 0.123 | 0.488 | 0.613 |
+-------------+-------+--------+--------+-------+-------+-------+
2025/07/07 02:06:09 - mmengine - INFO - bbox_mAP_copypaste: 0.607 0.821 0.732 0.196 0.598 0.580
2025/07/07 02:06:09 - mmengine - INFO - Epoch(val) [157][800/800]    coco/car_precision: 0.7040  coco/truck_precision: 0.5450  coco/bus_precision: 0.7580  coco/van_precision: 0.5210  coco/freight_car_precision: 0.5050  coco/bbox_mAP: 0.6070  coco/bbox_mAP_50: 0.8210  coco/bbox_mAP_75: 0.7320  coco/bbox_mAP_s: 0.1960  coco/bbox_mAP_m: 0.5980  coco/bbox_mAP_l: 0.5800  data_time: 0.0044  time: 0.1237
2025/07/07 02:08:56 - mmengine - INFO - Epoch(train) [158][ 50/400]  base_lr: 1.0000e-02 lr: 2.2780e-03  eta: 15:05:23  time: 3.3346  data_time: 0.0278  memory: 10713  grad_norm: 15.0920  loss: 18.7790  loss_cls: 3.5758  loss_bbox: 7.3303  loss_dfl: 7.8729
2025/07/07 02:11:42 - mmengine - INFO - Epoch(train) [158][100/400]  base_lr: 1.0000e-02 lr: 2.2780e-03  eta: 15:02:48  time: 3.3144  data_time: 0.0072  memory: 10788  grad_norm: 15.4510  loss: 19.0144  loss_cls: 3.6472  loss_bbox: 7.4721  loss_dfl: 7.8951
2025/07/07 02:14:28 - mmengine - INFO - Epoch(train) [158][150/400]  base_lr: 1.0000e-02 lr: 2.2780e-03  eta: 15:00:12  time: 3.3167  data_time: 0.0072  memory: 10820  grad_norm: 16.1312  loss: 18.9533  loss_cls: 3.6507  loss_bbox: 7.4403  loss_dfl: 7.8623
2025/07/07 02:17:13 - mmengine - INFO - Exp name: yolov8_mambatransformer_enhance_20250705_110818
2025/07/07 02:17:13 - mmengine - INFO - Epoch(train) [158][200/400]  base_lr: 1.0000e-02 lr: 2.2780e-03  eta: 14:57:37  time: 3.3124  data_time: 0.0076  memory: 10889  grad_norm: 15.3864  loss: 18.8298  loss_cls: 3.5875  loss_bbox: 7.3701  loss_dfl: 7.8722
2025/07/07 02:19:59 - mmengine - INFO - Epoch(train) [158][250/400]  base_lr: 1.0000e-02 lr: 2.2780e-03  eta: 14:55:02  time: 3.3102  data_time: 0.0065  memory: 10697  grad_norm: 14.9625  loss: 18.6841  loss_cls: 3.5641  loss_bbox: 7.2883  loss_dfl: 7.8316
2025/07/07 02:22:44 - mmengine - INFO - Epoch(train) [158][300/400]  base_lr: 1.0000e-02 lr: 2.2780e-03  eta: 14:52:26  time: 3.3063  data_time: 0.0062  memory: 10825  grad_norm: 15.7628  loss: 18.6490  loss_cls: 3.5629  loss_bbox: 7.2478  loss_dfl: 7.8383
2025/07/07 02:25:30 - mmengine - INFO - Epoch(train) [158][350/400]  base_lr: 1.0000e-02 lr: 2.2780e-03  eta: 14:49:50  time: 3.3117  data_time: 0.0063  memory: 10719  grad_norm: 15.7778  loss: 18.9094  loss_cls: 3.6053  loss_bbox: 7.3925  loss_dfl: 7.9116
2025/07/07 02:28:16 - mmengine - INFO - Exp name: yolov8_mambatransformer_enhance_20250705_110818
2025/07/07 02:28:16 - mmengine - INFO - Epoch(train) [158][400/400]  base_lr: 1.0000e-02 lr: 2.2780e-03  eta: 14:47:15  time: 3.3154  data_time: 0.0066  memory: 10841  grad_norm: 16.0640  loss: 18.5484  loss_cls: 3.5558  loss_bbox: 7.2325  loss_dfl: 7.7602
2025/07/07 02:28:16 - mmengine - INFO - Saving checkpoint at 158 epochs
2025/07/07 02:28:25 - mmengine - INFO - Epoch(val) [158][ 50/800]    eta: 0:01:32  time: 0.1240  data_time: 0.0057  memory: 1000  
2025/07/07 02:28:32 - mmengine - INFO - Epoch(val) [158][100/800]    eta: 0:01:26  time: 0.1233  data_time: 0.0047  memory: 1000  
2025/07/07 02:28:38 - mmengine - INFO - Epoch(val) [158][150/800]    eta: 0:01:19  time: 0.1212  data_time: 0.0039  memory: 1000  
2025/07/07 02:28:44 - mmengine - INFO - Epoch(val) [158][200/800]    eta: 0:01:13  time: 0.1228  data_time: 0.0005  memory: 1000  
2025/07/07 02:28:50 - mmengine - INFO - Epoch(val) [158][250/800]    eta: 0:01:07  time: 0.1225  data_time: 0.0004  memory: 1000  
2025/07/07 02:28:56 - mmengine - INFO - Epoch(val) [158][300/800]    eta: 0:01:01  time: 0.1259  data_time: 0.0019  memory: 1000  
2025/07/07 02:29:03 - mmengine - INFO - Epoch(val) [158][350/800]    eta: 0:00:55  time: 0.1267  data_time: 0.0010  memory: 1000  
2025/07/07 02:29:09 - mmengine - INFO - Epoch(val) [158][400/800]    eta: 0:00:49  time: 0.1216  data_time: 0.0018  memory: 1000  
2025/07/07 02:29:15 - mmengine - INFO - Epoch(val) [158][450/800]    eta: 0:00:43  time: 0.1275  data_time: 0.0016  memory: 1000  
2025/07/07 02:29:20 - mmengine - INFO - Epoch(val) [158][500/800]    eta: 0:00:36  time: 0.0941  data_time: 0.0004  memory: 1000  
2025/07/07 02:29:24 - mmengine - INFO - Epoch(val) [158][550/800]    eta: 0:00:29  time: 0.0910  data_time: 0.0003  memory: 1000  
2025/07/07 02:29:29 - mmengine - INFO - Epoch(val) [158][600/800]    eta: 0:00:23  time: 0.0908  data_time: 0.0003  memory: 1000  
2025/07/07 02:29:34 - mmengine - INFO - Epoch(val) [158][650/800]    eta: 0:00:17  time: 0.0935  data_time: 0.0004  memory: 1000  
2025/07/07 02:29:39 - mmengine - INFO - Epoch(val) [158][700/800]    eta: 0:00:11  time: 0.1056  data_time: 0.0004  memory: 1000  
2025/07/07 02:29:45 - mmengine - INFO - Epoch(val) [158][750/800]    eta: 0:00:05  time: 0.1104  data_time: 0.0004  memory: 1000  
2025/07/07 02:29:50 - mmengine - INFO - Epoch(val) [158][800/800]    eta: 0:00:00  time: 0.1106  data_time: 0.0004  memory: 1000  
2025/07/07 02:29:51 - mmengine - INFO - Evaluating bbox...
2025/07/07 02:30:03 - mmengine - INFO - 
+-------------+-------+--------+--------+-------+-------+-------+
| category    | mAP   | mAP_50 | mAP_75 | mAP_s | mAP_m | mAP_l |
+-------------+-------+--------+--------+-------+-------+-------+
| car         | 0.704 | 0.966  | 0.859  | 0.488 | 0.734 | 0.0   |
| truck       | 0.545 | 0.762  | 0.656  | 0.1   | 0.537 | 0.612 |
| bus         | 0.757 | 0.963  | 0.897  | 0.001 | 0.718 | 0.826 |
| van         | 0.521 | 0.708  | 0.645  | 0.266 | 0.512 | 0.849 |
| freight_car | 0.504 | 0.704  | 0.598  | 0.122 | 0.487 | 0.612 |
+-------------+-------+--------+--------+-------+-------+-------+
2025/07/07 02:30:03 - mmengine - INFO - bbox_mAP_copypaste: 0.606 0.821 0.731 0.195 0.598 0.580
2025/07/07 02:30:03 - mmengine - INFO - Epoch(val) [158][800/800]    coco/car_precision: 0.7040  coco/truck_precision: 0.5450  coco/bus_precision: 0.7570  coco/van_precision: 0.5210  coco/freight_car_precision: 0.5040  coco/bbox_mAP: 0.6060  coco/bbox_mAP_50: 0.8210  coco/bbox_mAP_75: 0.7310  coco/bbox_mAP_s: 0.1950  coco/bbox_mAP_m: 0.5980  coco/bbox_mAP_l: 0.5800  data_time: 0.0015  time: 0.1132
2025/07/07 02:32:39 - mmengine - INFO - Epoch(train) [159][ 50/400]  base_lr: 1.0000e-02 lr: 2.2285e-03  eta: 14:44:36  time: 3.1252  data_time: 0.0308  memory: 10847  grad_norm: 14.9267  loss: 18.8078  loss_cls: 3.5173  loss_bbox: 7.3834  loss_dfl: 7.9071
2025/07/07 02:34:24 - mmengine - INFO - Epoch(train) [159][100/400]  base_lr: 1.0000e-02 lr: 2.2285e-03  eta: 14:41:35  time: 2.0895  data_time: 0.0105  memory: 10815  grad_norm: 15.7684  loss: 18.6775  loss_cls: 3.5354  loss_bbox: 7.2992  loss_dfl: 7.8429
2025/07/07 02:37:09 - mmengine - INFO - Epoch(train) [159][150/400]  base_lr: 1.0000e-02 lr: 2.2285e-03  eta: 14:39:00  time: 3.3155  data_time: 0.0081  memory: 10692  grad_norm: 15.7046  loss: 18.7810  loss_cls: 3.6190  loss_bbox: 7.3079  loss_dfl: 7.8541
2025/07/07 02:39:55 - mmengine - INFO - Epoch(train) [159][200/400]  base_lr: 1.0000e-02 lr: 2.2285e-03  eta: 14:36:25  time: 3.3133  data_time: 0.0070  memory: 10937  grad_norm: 14.8510  loss: 18.6441  loss_cls: 3.5483  loss_bbox: 7.2355  loss_dfl: 7.8603
2025/07/07 02:42:40 - mmengine - INFO - Epoch(train) [159][250/400]  base_lr: 1.0000e-02 lr: 2.2285e-03  eta: 14:33:49  time: 3.3093  data_time: 0.0070  memory: 10980  grad_norm: 16.5333  loss: 18.6731  loss_cls: 3.5571  loss_bbox: 7.3350  loss_dfl: 7.7810
2025/07/07 02:45:26 - mmengine - INFO - Epoch(train) [159][300/400]  base_lr: 1.0000e-02 lr: 2.2285e-03  eta: 14:31:14  time: 3.3140  data_time: 0.0074  memory: 10911  grad_norm: 15.1395  loss: 18.7655  loss_cls: 3.5323  loss_bbox: 7.3679  loss_dfl: 7.8653
2025/07/07 02:48:12 - mmengine - INFO - Epoch(train) [159][350/400]  base_lr: 1.0000e-02 lr: 2.2285e-03  eta: 14:28:38  time: 3.3196  data_time: 0.0078  memory: 10810  grad_norm: 14.9549  loss: 18.6904  loss_cls: 3.5073  loss_bbox: 7.3465  loss_dfl: 7.8366
2025/07/07 02:50:58 - mmengine - INFO - Exp name: yolov8_mambatransformer_enhance_20250705_110818
2025/07/07 02:50:58 - mmengine - INFO - Epoch(train) [159][400/400]  base_lr: 1.0000e-02 lr: 2.2285e-03  eta: 14:26:03  time: 3.3105  data_time: 0.0074  memory: 10964  grad_norm: 16.0472  loss: 19.0324  loss_cls: 3.6965  loss_bbox: 7.4159  loss_dfl: 7.9199
2025/07/07 02:50:58 - mmengine - INFO - Saving checkpoint at 159 epochs
2025/07/07 02:51:06 - mmengine - INFO - Epoch(val) [159][ 50/800]    eta: 0:01:23  time: 0.1111  data_time: 0.0010  memory: 1000  
2025/07/07 02:51:13 - mmengine - INFO - Epoch(val) [159][100/800]    eta: 0:01:23  time: 0.1278  data_time: 0.0004  memory: 1000  
2025/07/07 02:51:19 - mmengine - INFO - Epoch(val) [159][150/800]    eta: 0:01:16  time: 0.1133  data_time: 0.0004  memory: 1000  
2025/07/07 02:51:24 - mmengine - INFO - Epoch(val) [159][200/800]    eta: 0:01:10  time: 0.1163  data_time: 0.0004  memory: 1000  
2025/07/07 02:51:30 - mmengine - INFO - Epoch(val) [159][250/800]    eta: 0:01:04  time: 0.1179  data_time: 0.0004  memory: 1000  
2025/07/07 02:51:36 - mmengine - INFO - Epoch(val) [159][300/800]    eta: 0:00:58  time: 0.1173  data_time: 0.0004  memory: 1000  
2025/07/07 02:51:43 - mmengine - INFO - Epoch(val) [159][350/800]    eta: 0:00:53  time: 0.1279  data_time: 0.0010  memory: 1000  
2025/07/07 02:51:50 - mmengine - INFO - Epoch(val) [159][400/800]    eta: 0:00:49  time: 0.1533  data_time: 0.0025  memory: 1000  
2025/07/07 02:51:56 - mmengine - INFO - Epoch(val) [159][450/800]    eta: 0:00:43  time: 0.1240  data_time: 0.0005  memory: 1000  
2025/07/07 02:52:03 - mmengine - INFO - Epoch(val) [159][500/800]    eta: 0:00:36  time: 0.1242  data_time: 0.0004  memory: 1000  
2025/07/07 02:52:09 - mmengine - INFO - Epoch(val) [159][550/800]    eta: 0:00:30  time: 0.1188  data_time: 0.0004  memory: 1000  
2025/07/07 02:52:15 - mmengine - INFO - Epoch(val) [159][600/800]    eta: 0:00:24  time: 0.1233  data_time: 0.0015  memory: 1000  
2025/07/07 02:52:21 - mmengine - INFO - Epoch(val) [159][650/800]    eta: 0:00:18  time: 0.1239  data_time: 0.0009  memory: 1000  
2025/07/07 02:52:27 - mmengine - INFO - Epoch(val) [159][700/800]    eta: 0:00:12  time: 0.1272  data_time: 0.0005  memory: 1000  
2025/07/07 02:52:34 - mmengine - INFO - Epoch(val) [159][750/800]    eta: 0:00:06  time: 0.1209  data_time: 0.0025  memory: 1000  
2025/07/07 02:52:40 - mmengine - INFO - Epoch(val) [159][800/800]    eta: 0:00:00  time: 0.1248  data_time: 0.0019  memory: 1000  
2025/07/07 02:52:41 - mmengine - INFO - Evaluating bbox...
2025/07/07 02:52:56 - mmengine - INFO - 
+-------------+-------+--------+--------+-------+-------+-------+
| category    | mAP   | mAP_50 | mAP_75 | mAP_s | mAP_m | mAP_l |
+-------------+-------+--------+--------+-------+-------+-------+
| car         | 0.704 | 0.966  | 0.859  | 0.488 | 0.733 | 0.0   |
| truck       | 0.544 | 0.762  | 0.659  | 0.099 | 0.537 | 0.612 |
| bus         | 0.756 | 0.963  | 0.897  | 0.0   | 0.717 | 0.825 |
| van         | 0.52  | 0.707  | 0.644  | 0.265 | 0.511 | 0.85  |
| freight_car | 0.504 | 0.703  | 0.598  | 0.122 | 0.487 | 0.611 |
+-------------+-------+--------+--------+-------+-------+-------+
2025/07/07 02:52:56 - mmengine - INFO - bbox_mAP_copypaste: 0.606 0.820 0.731 0.195 0.597 0.580
2025/07/07 02:52:56 - mmengine - INFO - Epoch(val) [159][800/800]    coco/car_precision: 0.7040  coco/truck_precision: 0.5440  coco/bus_precision: 0.7560  coco/van_precision: 0.5200  coco/freight_car_precision: 0.5040  coco/bbox_mAP: 0.6060  coco/bbox_mAP_50: 0.8200  coco/bbox_mAP_75: 0.7310  coco/bbox_mAP_s: 0.1950  coco/bbox_mAP_m: 0.5970  coco/bbox_mAP_l: 0.5800  data_time: 0.0009  time: 0.1232
2025/07/07 02:55:43 - mmengine - INFO - Epoch(train) [160][ 50/400]  base_lr: 1.0000e-02 lr: 2.1790e-03  eta: 14:23:28  time: 3.3446  data_time: 0.0336  memory: 10751  grad_norm: 15.9239  loss: 18.6186  loss_cls: 3.5112  loss_bbox: 7.2555  loss_dfl: 7.8519
2025/07/07 02:58:29 - mmengine - INFO - Epoch(train) [160][100/400]  base_lr: 1.0000e-02 lr: 2.1790e-03  eta: 14:20:52  time: 3.3176  data_time: 0.0082  memory: 10831  grad_norm: 15.1971  loss: 18.6757  loss_cls: 3.5480  loss_bbox: 7.2721  loss_dfl: 7.8556
2025/07/07 03:01:15 - mmengine - INFO - Epoch(train) [160][150/400]  base_lr: 1.0000e-02 lr: 2.1790e-03  eta: 14:18:16  time: 3.3162  data_time: 0.0072  memory: 10783  grad_norm: 15.4491  loss: 18.6669  loss_cls: 3.5366  loss_bbox: 7.2895  loss_dfl: 7.8408
2025/07/07 03:03:00 - mmengine - INFO - Epoch(train) [160][200/400]  base_lr: 1.0000e-02 lr: 2.1790e-03  eta: 14:15:17  time: 2.1041  data_time: 0.0103  memory: 10804  grad_norm: 15.8621  loss: 18.5499  loss_cls: 3.5371  loss_bbox: 7.1953  loss_dfl: 7.8175
2025/07/07 03:05:15 - mmengine - INFO - Epoch(train) [160][250/400]  base_lr: 1.0000e-02 lr: 2.1790e-03  eta: 14:12:30  time: 2.7061  data_time: 0.0097  memory: 10804  grad_norm: 16.3899  loss: 18.8835  loss_cls: 3.5949  loss_bbox: 7.3856  loss_dfl: 7.9030
2025/07/07 03:08:01 - mmengine - INFO - Epoch(train) [160][300/400]  base_lr: 1.0000e-02 lr: 2.1790e-03  eta: 14:09:54  time: 3.3088  data_time: 0.0073  memory: 10868  grad_norm: 16.5025  loss: 18.8179  loss_cls: 3.5824  loss_bbox: 7.3646  loss_dfl: 7.8710
2025/07/07 03:10:46 - mmengine - INFO - Epoch(train) [160][350/400]  base_lr: 1.0000e-02 lr: 2.1790e-03  eta: 14:07:19  time: 3.3093  data_time: 0.0078  memory: 10708  grad_norm: 15.8531  loss: 18.8098  loss_cls: 3.5781  loss_bbox: 7.3809  loss_dfl: 7.8508
2025/07/07 03:13:32 - mmengine - INFO - Exp name: yolov8_mambatransformer_enhance_20250705_110818
2025/07/07 03:13:32 - mmengine - INFO - Epoch(train) [160][400/400]  base_lr: 1.0000e-02 lr: 2.1790e-03  eta: 14:04:43  time: 3.3115  data_time: 0.0081  memory: 10799  grad_norm: 17.0257  loss: 18.9101  loss_cls: 3.6536  loss_bbox: 7.3487  loss_dfl: 7.9078
2025/07/07 03:13:32 - mmengine - INFO - Saving checkpoint at 160 epochs
2025/07/07 03:13:40 - mmengine - INFO - Epoch(val) [160][ 50/800]    eta: 0:01:10  time: 0.0946  data_time: 0.0010  memory: 1000  
2025/07/07 03:13:46 - mmengine - INFO - Epoch(val) [160][100/800]    eta: 0:01:12  time: 0.1113  data_time: 0.0004  memory: 1000  
2025/07/07 03:13:51 - mmengine - INFO - Epoch(val) [160][150/800]    eta: 0:01:08  time: 0.1115  data_time: 0.0004  memory: 1000  
2025/07/07 03:13:57 - mmengine - INFO - Epoch(val) [160][200/800]    eta: 0:01:03  time: 0.1079  data_time: 0.0004  memory: 1000  
2025/07/07 03:14:02 - mmengine - INFO - Epoch(val) [160][250/800]    eta: 0:00:59  time: 0.1162  data_time: 0.0004  memory: 1000  
2025/07/07 03:14:08 - mmengine - INFO - Epoch(val) [160][300/800]    eta: 0:00:54  time: 0.1109  data_time: 0.0004  memory: 1000  
2025/07/07 03:14:14 - mmengine - INFO - Epoch(val) [160][350/800]    eta: 0:00:49  time: 0.1122  data_time: 0.0004  memory: 1000  
2025/07/07 03:14:19 - mmengine - INFO - Epoch(val) [160][400/800]    eta: 0:00:44  time: 0.1167  data_time: 0.0004  memory: 1000  
2025/07/07 03:14:25 - mmengine - INFO - Epoch(val) [160][450/800]    eta: 0:00:38  time: 0.1129  data_time: 0.0004  memory: 1000  
2025/07/07 03:14:31 - mmengine - INFO - Epoch(val) [160][500/800]    eta: 0:00:33  time: 0.1101  data_time: 0.0004  memory: 1000  
2025/07/07 03:14:37 - mmengine - INFO - Epoch(val) [160][550/800]    eta: 0:00:27  time: 0.1193  data_time: 0.0004  memory: 1000  
2025/07/07 03:14:42 - mmengine - INFO - Epoch(val) [160][600/800]    eta: 0:00:22  time: 0.1107  data_time: 0.0004  memory: 1000  
2025/07/07 03:14:47 - mmengine - INFO - Epoch(val) [160][650/800]    eta: 0:00:16  time: 0.0915  data_time: 0.0003  memory: 1000  
2025/07/07 03:14:51 - mmengine - INFO - Epoch(val) [160][700/800]    eta: 0:00:10  time: 0.0927  data_time: 0.0004  memory: 1000  
2025/07/07 03:14:56 - mmengine - INFO - Epoch(val) [160][750/800]    eta: 0:00:05  time: 0.0924  data_time: 0.0004  memory: 1000  
2025/07/07 03:15:01 - mmengine - INFO - Epoch(val) [160][800/800]    eta: 0:00:00  time: 0.0923  data_time: 0.0004  memory: 1000  
2025/07/07 03:15:02 - mmengine - INFO - Evaluating bbox...
2025/07/07 03:15:13 - mmengine - INFO - 
+-------------+-------+--------+--------+-------+-------+-------+
| category    | mAP   | mAP_50 | mAP_75 | mAP_s | mAP_m | mAP_l |
+-------------+-------+--------+--------+-------+-------+-------+
| car         | 0.705 | 0.966  | 0.859  | 0.488 | 0.734 | 0.0   |
| truck       | 0.543 | 0.761  | 0.657  | 0.099 | 0.536 | 0.612 |
| bus         | 0.757 | 0.963  | 0.897  | 0.0   | 0.718 | 0.825 |
| van         | 0.521 | 0.707  | 0.644  | 0.263 | 0.512 | 0.85  |
| freight_car | 0.503 | 0.702  | 0.596  | 0.121 | 0.486 | 0.611 |
+-------------+-------+--------+--------+-------+-------+-------+
2025/07/07 03:15:13 - mmengine - INFO - bbox_mAP_copypaste: 0.606 0.820 0.731 0.194 0.597 0.580
2025/07/07 03:15:13 - mmengine - INFO - Epoch(val) [160][800/800]    coco/car_precision: 0.7050  coco/truck_precision: 0.5430  coco/bus_precision: 0.7570  coco/van_precision: 0.5210  coco/freight_car_precision: 0.5030  coco/bbox_mAP: 0.6060  coco/bbox_mAP_50: 0.8200  coco/bbox_mAP_75: 0.7310  coco/bbox_mAP_s: 0.1940  coco/bbox_mAP_m: 0.5970  coco/bbox_mAP_l: 0.5800  data_time: 0.0004  time: 0.1065
2025/07/07 03:18:00 - mmengine - INFO - Epoch(train) [161][ 50/400]  base_lr: 1.0000e-02 lr: 2.1295e-03  eta: 14:02:08  time: 3.3393  data_time: 0.0303  memory: 11001  grad_norm: 15.2451  loss: 18.4683  loss_cls: 3.5093  loss_bbox: 7.2401  loss_dfl: 7.7189
2025/07/07 03:20:46 - mmengine - INFO - Epoch(train) [161][100/400]  base_lr: 1.0000e-02 lr: 2.1295e-03  eta: 13:59:32  time: 3.3122  data_time: 0.0064  memory: 10729  grad_norm: 16.5383  loss: 18.6838  loss_cls: 3.5925  loss_bbox: 7.2679  loss_dfl: 7.8234
2025/07/07 03:23:31 - mmengine - INFO - Epoch(train) [161][150/400]  base_lr: 1.0000e-02 lr: 2.1295e-03  eta: 13:56:57  time: 3.3144  data_time: 0.0066  memory: 10953  grad_norm: 15.8011  loss: 18.7422  loss_cls: 3.5813  loss_bbox: 7.3764  loss_dfl: 7.7845
2025/07/07 03:26:17 - mmengine - INFO - Epoch(train) [161][200/400]  base_lr: 1.0000e-02 lr: 2.1295e-03  eta: 13:54:21  time: 3.3158  data_time: 0.0063  memory: 10847  grad_norm: 15.5551  loss: 18.2106  loss_cls: 3.4017  loss_bbox: 7.0690  loss_dfl: 7.7400
2025/07/07 03:29:03 - mmengine - INFO - Epoch(train) [161][250/400]  base_lr: 1.0000e-02 lr: 2.1295e-03  eta: 13:51:45  time: 3.3144  data_time: 0.0060  memory: 10953  grad_norm: 16.6116  loss: 18.8355  loss_cls: 3.6004  loss_bbox: 7.3360  loss_dfl: 7.8991
2025/07/07 03:31:30 - mmengine - INFO - Epoch(train) [161][300/400]  base_lr: 1.0000e-02 lr: 2.1295e-03  eta: 13:49:03  time: 2.9497  data_time: 0.0061  memory: 11097  grad_norm: 15.2191  loss: 18.7398  loss_cls: 3.5688  loss_bbox: 7.3276  loss_dfl: 7.8433
2025/07/07 03:33:13 - mmengine - INFO - Epoch(train) [161][350/400]  base_lr: 1.0000e-02 lr: 2.1295e-03  eta: 13:46:04  time: 2.0562  data_time: 0.0064  memory: 10985  grad_norm: 16.0871  loss: 18.9069  loss_cls: 3.6307  loss_bbox: 7.4015  loss_dfl: 7.8747
2025/07/07 03:35:59 - mmengine - INFO - Exp name: yolov8_mambatransformer_enhance_20250705_110818
2025/07/07 03:35:59 - mmengine - INFO - Epoch(train) [161][400/400]  base_lr: 1.0000e-02 lr: 2.1295e-03  eta: 13:43:28  time: 3.3106  data_time: 0.0058  memory: 10985  grad_norm: 15.5807  loss: 18.7273  loss_cls: 3.5853  loss_bbox: 7.3370  loss_dfl: 7.8050
2025/07/07 03:35:59 - mmengine - INFO - Saving checkpoint at 161 epochs
2025/07/07 03:36:07 - mmengine - INFO - Epoch(val) [161][ 50/800]    eta: 0:01:15  time: 0.1002  data_time: 0.0009  memory: 1000  
2025/07/07 03:36:12 - mmengine - INFO - Epoch(val) [161][100/800]    eta: 0:01:07  time: 0.0913  data_time: 0.0003  memory: 1000  
2025/07/07 03:36:16 - mmengine - INFO - Epoch(val) [161][150/800]    eta: 0:01:01  time: 0.0908  data_time: 0.0003  memory: 1000  
2025/07/07 03:36:22 - mmengine - INFO - Epoch(val) [161][200/800]    eta: 0:00:57  time: 0.1036  data_time: 0.0003  memory: 1000  
2025/07/07 03:36:27 - mmengine - INFO - Epoch(val) [161][250/800]    eta: 0:00:54  time: 0.1090  data_time: 0.0004  memory: 1000  
2025/07/07 03:36:32 - mmengine - INFO - Epoch(val) [161][300/800]    eta: 0:00:49  time: 0.0970  data_time: 0.0004  memory: 1000  
2025/07/07 03:36:36 - mmengine - INFO - Epoch(val) [161][350/800]    eta: 0:00:43  time: 0.0901  data_time: 0.0003  memory: 1000  
2025/07/07 03:36:41 - mmengine - INFO - Epoch(val) [161][400/800]    eta: 0:00:39  time: 0.0982  data_time: 0.0004  memory: 1000  
2025/07/07 03:36:47 - mmengine - INFO - Epoch(val) [161][450/800]    eta: 0:00:34  time: 0.1107  data_time: 0.0004  memory: 1000  
2025/07/07 03:36:52 - mmengine - INFO - Epoch(val) [161][500/800]    eta: 0:00:30  time: 0.1111  data_time: 0.0004  memory: 1000  
2025/07/07 03:36:58 - mmengine - INFO - Epoch(val) [161][550/800]    eta: 0:00:25  time: 0.1115  data_time: 0.0004  memory: 1000  
2025/07/07 03:37:03 - mmengine - INFO - Epoch(val) [161][600/800]    eta: 0:00:20  time: 0.1069  data_time: 0.0004  memory: 1000  
2025/07/07 03:37:08 - mmengine - INFO - Epoch(val) [161][650/800]    eta: 0:00:15  time: 0.0929  data_time: 0.0004  memory: 1000  
2025/07/07 03:37:13 - mmengine - INFO - Epoch(val) [161][700/800]    eta: 0:00:10  time: 0.0956  data_time: 0.0004  memory: 1000  
2025/07/07 03:37:17 - mmengine - INFO - Epoch(val) [161][750/800]    eta: 0:00:04  time: 0.0910  data_time: 0.0004  memory: 1000  
2025/07/07 03:37:22 - mmengine - INFO - Epoch(val) [161][800/800]    eta: 0:00:00  time: 0.0910  data_time: 0.0003  memory: 1000  
2025/07/07 03:37:23 - mmengine - INFO - Evaluating bbox...
2025/07/07 03:37:34 - mmengine - INFO - 
+-------------+-------+--------+--------+-------+-------+-------+
| category    | mAP   | mAP_50 | mAP_75 | mAP_s | mAP_m | mAP_l |
+-------------+-------+--------+--------+-------+-------+-------+
| car         | 0.704 | 0.966  | 0.859  | 0.489 | 0.733 | 0.0   |
| truck       | 0.543 | 0.762  | 0.658  | 0.099 | 0.535 | 0.612 |
| bus         | 0.758 | 0.963  | 0.897  | 0.0   | 0.718 | 0.827 |
| van         | 0.521 | 0.708  | 0.642  | 0.264 | 0.513 | 0.846 |
| freight_car | 0.503 | 0.702  | 0.596  | 0.165 | 0.486 | 0.613 |
+-------------+-------+--------+--------+-------+-------+-------+
2025/07/07 03:37:34 - mmengine - INFO - bbox_mAP_copypaste: 0.606 0.820 0.730 0.203 0.597 0.580
2025/07/07 03:37:34 - mmengine - INFO - Epoch(val) [161][800/800]    coco/car_precision: 0.7040  coco/truck_precision: 0.5430  coco/bus_precision: 0.7580  coco/van_precision: 0.5210  coco/freight_car_precision: 0.5030  coco/bbox_mAP: 0.6060  coco/bbox_mAP_50: 0.8200  coco/bbox_mAP_75: 0.7300  coco/bbox_mAP_s: 0.2030  coco/bbox_mAP_m: 0.5970  coco/bbox_mAP_l: 0.5800  data_time: 0.0004  time: 0.0994
2025/07/07 03:40:21 - mmengine - INFO - Epoch(train) [162][ 50/400]  base_lr: 1.0000e-02 lr: 2.0800e-03  eta: 13:40:53  time: 3.3423  data_time: 0.0288  memory: 10932  grad_norm: 15.4752  loss: 18.4781  loss_cls: 3.5054  loss_bbox: 7.1809  loss_dfl: 7.7917
2025/07/07 03:43:08 - mmengine - INFO - Epoch(train) [162][100/400]  base_lr: 1.0000e-02 lr: 2.0800e-03  eta: 13:38:17  time: 3.3201  data_time: 0.0057  memory: 10825  grad_norm: 15.8444  loss: 18.8555  loss_cls: 3.5969  loss_bbox: 7.4148  loss_dfl: 7.8437
2025/07/07 03:45:53 - mmengine - INFO - Epoch(train) [162][150/400]  base_lr: 1.0000e-02 lr: 2.0800e-03  eta: 13:35:42  time: 3.3146  data_time: 0.0059  memory: 10761  grad_norm: 14.9304  loss: 18.3762  loss_cls: 3.4534  loss_bbox: 7.1612  loss_dfl: 7.7615
2025/07/07 03:48:39 - mmengine - INFO - Epoch(train) [162][200/400]  base_lr: 1.0000e-02 lr: 2.0800e-03  eta: 13:33:06  time: 3.3142  data_time: 0.0059  memory: 10841  grad_norm: 17.0148  loss: 19.0350  loss_cls: 3.7018  loss_bbox: 7.4519  loss_dfl: 7.8813
2025/07/07 03:51:25 - mmengine - INFO - Epoch(train) [162][250/400]  base_lr: 1.0000e-02 lr: 2.0800e-03  eta: 13:30:30  time: 3.3137  data_time: 0.0058  memory: 10825  grad_norm: 16.7481  loss: 18.7005  loss_cls: 3.6391  loss_bbox: 7.2609  loss_dfl: 7.8004
2025/07/07 03:54:11 - mmengine - INFO - Epoch(train) [162][300/400]  base_lr: 1.0000e-02 lr: 2.0800e-03  eta: 13:27:54  time: 3.3171  data_time: 0.0059  memory: 10943  grad_norm: 15.1440  loss: 18.6213  loss_cls: 3.5080  loss_bbox: 7.3273  loss_dfl: 7.7860
2025/07/07 03:56:56 - mmengine - INFO - Epoch(train) [162][350/400]  base_lr: 1.0000e-02 lr: 2.0800e-03  eta: 13:25:19  time: 3.3146  data_time: 0.0058  memory: 10911  grad_norm: 15.3896  loss: 18.7115  loss_cls: 3.5556  loss_bbox: 7.3110  loss_dfl: 7.8449
2025/07/07 03:59:42 - mmengine - INFO - Exp name: yolov8_mambatransformer_enhance_20250705_110818
2025/07/07 03:59:42 - mmengine - INFO - Epoch(train) [162][400/400]  base_lr: 1.0000e-02 lr: 2.0800e-03  eta: 13:22:43  time: 3.3099  data_time: 0.0058  memory: 10799  grad_norm: 15.8560  loss: 18.5990  loss_cls: 3.5190  loss_bbox: 7.2062  loss_dfl: 7.8738
2025/07/07 03:59:42 - mmengine - INFO - Saving checkpoint at 162 epochs
2025/07/07 03:59:51 - mmengine - INFO - Epoch(val) [162][ 50/800]    eta: 0:01:24  time: 0.1124  data_time: 0.0010  memory: 1000  
2025/07/07 03:59:56 - mmengine - INFO - Epoch(val) [162][100/800]    eta: 0:01:19  time: 0.1137  data_time: 0.0005  memory: 1000  
2025/07/07 04:00:02 - mmengine - INFO - Epoch(val) [162][150/800]    eta: 0:01:13  time: 0.1136  data_time: 0.0003  memory: 1000  
2025/07/07 04:00:08 - mmengine - INFO - Epoch(val) [162][200/800]    eta: 0:01:07  time: 0.1136  data_time: 0.0003  memory: 1000  
2025/07/07 04:00:13 - mmengine - INFO - Epoch(val) [162][250/800]    eta: 0:01:01  time: 0.1100  data_time: 0.0003  memory: 1000  
2025/07/07 04:00:19 - mmengine - INFO - Epoch(val) [162][300/800]    eta: 0:00:55  time: 0.1022  data_time: 0.0004  memory: 1000  
2025/07/07 04:00:24 - mmengine - INFO - Epoch(val) [162][350/800]    eta: 0:00:49  time: 0.1047  data_time: 0.0006  memory: 1000  
2025/07/07 04:00:29 - mmengine - INFO - Epoch(val) [162][400/800]    eta: 0:00:43  time: 0.1066  data_time: 0.0004  memory: 1000  
2025/07/07 04:00:34 - mmengine - INFO - Epoch(val) [162][450/800]    eta: 0:00:38  time: 0.1062  data_time: 0.0034  memory: 1000  
2025/07/07 04:00:40 - mmengine - INFO - Epoch(val) [162][500/800]    eta: 0:00:32  time: 0.1058  data_time: 0.0033  memory: 1000  
2025/07/07 04:00:45 - mmengine - INFO - Epoch(val) [162][550/800]    eta: 0:00:27  time: 0.1064  data_time: 0.0056  memory: 1000  
2025/07/07 04:00:50 - mmengine - INFO - Epoch(val) [162][600/800]    eta: 0:00:21  time: 0.1066  data_time: 0.0011  memory: 1000  
2025/07/07 04:00:56 - mmengine - INFO - Epoch(val) [162][650/800]    eta: 0:00:16  time: 0.1084  data_time: 0.0036  memory: 1000  
2025/07/07 04:01:01 - mmengine - INFO - Epoch(val) [162][700/800]    eta: 0:00:10  time: 0.1058  data_time: 0.0021  memory: 1000  
2025/07/07 04:01:07 - mmengine - INFO - Epoch(val) [162][750/800]    eta: 0:00:05  time: 0.1055  data_time: 0.0004  memory: 1000  
2025/07/07 04:01:12 - mmengine - INFO - Epoch(val) [162][800/800]    eta: 0:00:00  time: 0.1046  data_time: 0.0004  memory: 1000  
2025/07/07 04:01:13 - mmengine - INFO - Evaluating bbox...
2025/07/07 04:01:26 - mmengine - INFO - 
+-------------+-------+--------+--------+-------+-------+-------+
| category    | mAP   | mAP_50 | mAP_75 | mAP_s | mAP_m | mAP_l |
+-------------+-------+--------+--------+-------+-------+-------+
| car         | 0.705 | 0.966  | 0.859  | 0.489 | 0.733 | 0.0   |
| truck       | 0.544 | 0.762  | 0.66   | 0.098 | 0.536 | 0.614 |
| bus         | 0.757 | 0.963  | 0.897  | 0.0   | 0.717 | 0.828 |
| van         | 0.522 | 0.708  | 0.642  | 0.263 | 0.512 | 0.846 |
| freight_car | 0.502 | 0.701  | 0.597  | 0.165 | 0.485 | 0.612 |
+-------------+-------+--------+--------+-------+-------+-------+
2025/07/07 04:01:26 - mmengine - INFO - bbox_mAP_copypaste: 0.606 0.820 0.731 0.203 0.597 0.580
2025/07/07 04:01:26 - mmengine - INFO - Epoch(val) [162][800/800]    coco/car_precision: 0.7050  coco/truck_precision: 0.5440  coco/bus_precision: 0.7570  coco/van_precision: 0.5220  coco/freight_car_precision: 0.5020  coco/bbox_mAP: 0.6060  coco/bbox_mAP_50: 0.8200  coco/bbox_mAP_75: 0.7310  coco/bbox_mAP_s: 0.2030  coco/bbox_mAP_m: 0.5970  coco/bbox_mAP_l: 0.5800  data_time: 0.0015  time: 0.1079
2025/07/07 04:03:34 - mmengine - INFO - Epoch(train) [163][ 50/400]  base_lr: 1.0000e-02 lr: 2.0305e-03  eta: 13:19:54  time: 2.5626  data_time: 0.0321  memory: 10756  grad_norm: 15.3729  loss: 18.3136  loss_cls: 3.4230  loss_bbox: 7.1256  loss_dfl: 7.7650
2025/07/07 04:06:20 - mmengine - INFO - Epoch(train) [163][100/400]  base_lr: 1.0000e-02 lr: 2.0305e-03  eta: 13:17:18  time: 3.3133  data_time: 0.0056  memory: 10932  grad_norm: 15.2262  loss: 18.6159  loss_cls: 3.5101  loss_bbox: 7.2718  loss_dfl: 7.8340
2025/07/07 04:09:05 - mmengine - INFO - Epoch(train) [163][150/400]  base_lr: 1.0000e-02 lr: 2.0305e-03  eta: 13:14:42  time: 3.3106  data_time: 0.0057  memory: 10863  grad_norm: 16.4544  loss: 18.9173  loss_cls: 3.7235  loss_bbox: 7.3817  loss_dfl: 7.8121
2025/07/07 04:11:51 - mmengine - INFO - Exp name: yolov8_mambatransformer_enhance_20250705_110818
2025/07/07 04:11:51 - mmengine - INFO - Epoch(train) [163][200/400]  base_lr: 1.0000e-02 lr: 2.0305e-03  eta: 13:12:06  time: 3.3115  data_time: 0.0056  memory: 10879  grad_norm: 15.5603  loss: 18.6182  loss_cls: 3.5149  loss_bbox: 7.2429  loss_dfl: 7.8603
2025/07/07 04:14:37 - mmengine - INFO - Epoch(train) [163][250/400]  base_lr: 1.0000e-02 lr: 2.0305e-03  eta: 13:09:30  time: 3.3100  data_time: 0.0056  memory: 10777  grad_norm: 16.3881  loss: 18.8091  loss_cls: 3.5553  loss_bbox: 7.3349  loss_dfl: 7.9190
2025/07/07 04:17:22 - mmengine - INFO - Epoch(train) [163][300/400]  base_lr: 1.0000e-02 lr: 2.0305e-03  eta: 13:06:54  time: 3.3096  data_time: 0.0057  memory: 10703  grad_norm: 17.0278  loss: 18.8363  loss_cls: 3.6185  loss_bbox: 7.3169  loss_dfl: 7.9009
2025/07/07 04:20:08 - mmengine - INFO - Epoch(train) [163][350/400]  base_lr: 1.0000e-02 lr: 2.0305e-03  eta: 13:04:18  time: 3.3119  data_time: 0.0058  memory: 10841  grad_norm: 14.7851  loss: 18.3753  loss_cls: 3.4567  loss_bbox: 7.1992  loss_dfl: 7.7194
2025/07/07 04:22:53 - mmengine - INFO - Exp name: yolov8_mambatransformer_enhance_20250705_110818
2025/07/07 04:22:53 - mmengine - INFO - Epoch(train) [163][400/400]  base_lr: 1.0000e-02 lr: 2.0305e-03  eta: 13:01:42  time: 3.3096  data_time: 0.0059  memory: 10655  grad_norm: 16.9934  loss: 18.6148  loss_cls: 3.5473  loss_bbox: 7.2279  loss_dfl: 7.8397
2025/07/07 04:22:53 - mmengine - INFO - Saving checkpoint at 163 epochs
2025/07/07 04:23:02 - mmengine - INFO - Epoch(val) [163][ 50/800]    eta: 0:01:24  time: 0.1133  data_time: 0.0009  memory: 1000  
2025/07/07 04:23:07 - mmengine - INFO - Epoch(val) [163][100/800]    eta: 0:01:14  time: 0.1002  data_time: 0.0003  memory: 1000  
2025/07/07 04:23:12 - mmengine - INFO - Epoch(val) [163][150/800]    eta: 0:01:06  time: 0.0917  data_time: 0.0003  memory: 1000  
2025/07/07 04:23:16 - mmengine - INFO - Epoch(val) [163][200/800]    eta: 0:00:59  time: 0.0931  data_time: 0.0004  memory: 1000  
2025/07/07 04:23:21 - mmengine - INFO - Epoch(val) [163][250/800]    eta: 0:00:53  time: 0.0924  data_time: 0.0003  memory: 1000  
2025/07/07 04:23:26 - mmengine - INFO - Epoch(val) [163][300/800]    eta: 0:00:48  time: 0.0918  data_time: 0.0003  memory: 1000  
2025/07/07 04:23:30 - mmengine - INFO - Epoch(val) [163][350/800]    eta: 0:00:43  time: 0.0917  data_time: 0.0003  memory: 1000  
2025/07/07 04:23:35 - mmengine - INFO - Epoch(val) [163][400/800]    eta: 0:00:38  time: 0.0925  data_time: 0.0004  memory: 1000  
2025/07/07 04:23:39 - mmengine - INFO - Epoch(val) [163][450/800]    eta: 0:00:33  time: 0.0911  data_time: 0.0004  memory: 1000  
2025/07/07 04:23:44 - mmengine - INFO - Epoch(val) [163][500/800]    eta: 0:00:28  time: 0.0910  data_time: 0.0003  memory: 1000  
2025/07/07 04:23:49 - mmengine - INFO - Epoch(val) [163][550/800]    eta: 0:00:23  time: 0.0914  data_time: 0.0003  memory: 1000  
2025/07/07 04:23:53 - mmengine - INFO - Epoch(val) [163][600/800]    eta: 0:00:18  time: 0.0922  data_time: 0.0004  memory: 1000  
2025/07/07 04:23:58 - mmengine - INFO - Epoch(val) [163][650/800]    eta: 0:00:14  time: 0.0921  data_time: 0.0004  memory: 1000  
2025/07/07 04:24:02 - mmengine - INFO - Epoch(val) [163][700/800]    eta: 0:00:09  time: 0.0903  data_time: 0.0003  memory: 1000  
2025/07/07 04:24:07 - mmengine - INFO - Epoch(val) [163][750/800]    eta: 0:00:04  time: 0.0924  data_time: 0.0004  memory: 1000  
2025/07/07 04:24:12 - mmengine - INFO - Epoch(val) [163][800/800]    eta: 0:00:00  time: 0.0920  data_time: 0.0003  memory: 1000  
2025/07/07 04:24:13 - mmengine - INFO - Evaluating bbox...
2025/07/07 04:24:24 - mmengine - INFO - 
+-------------+-------+--------+--------+-------+-------+-------+
| category    | mAP   | mAP_50 | mAP_75 | mAP_s | mAP_m | mAP_l |
+-------------+-------+--------+--------+-------+-------+-------+
| car         | 0.705 | 0.966  | 0.859  | 0.49  | 0.734 | 0.0   |
| truck       | 0.544 | 0.763  | 0.662  | 0.098 | 0.535 | 0.614 |
| bus         | 0.757 | 0.963  | 0.897  | 0.0   | 0.718 | 0.827 |
| van         | 0.523 | 0.708  | 0.65   | 0.264 | 0.514 | 0.846 |
| freight_car | 0.502 | 0.7    | 0.593  | 0.166 | 0.486 | 0.611 |
+-------------+-------+--------+--------+-------+-------+-------+
2025/07/07 04:24:24 - mmengine - INFO - bbox_mAP_copypaste: 0.606 0.820 0.732 0.203 0.597 0.580
2025/07/07 04:24:24 - mmengine - INFO - Epoch(val) [163][800/800]    coco/car_precision: 0.7050  coco/truck_precision: 0.5440  coco/bus_precision: 0.7570  coco/van_precision: 0.5230  coco/freight_car_precision: 0.5020  coco/bbox_mAP: 0.6060  coco/bbox_mAP_50: 0.8200  coco/bbox_mAP_75: 0.7320  coco/bbox_mAP_s: 0.2030  coco/bbox_mAP_m: 0.5970  coco/bbox_mAP_l: 0.5800  data_time: 0.0004  time: 0.0937
2025/07/07 04:27:11 - mmengine - INFO - Epoch(train) [164][ 50/400]  base_lr: 1.0000e-02 lr: 1.9810e-03  eta: 12:59:07  time: 3.3513  data_time: 0.0299  memory: 10895  grad_norm: 15.4475  loss: 18.2265  loss_cls: 3.3996  loss_bbox: 7.0636  loss_dfl: 7.7634
2025/07/07 04:29:52 - mmengine - INFO - Epoch(train) [164][100/400]  base_lr: 1.0000e-02 lr: 1.9810e-03  eta: 12:56:29  time: 3.2082  data_time: 0.0058  memory: 10927  grad_norm: 17.1729  loss: 18.9222  loss_cls: 3.5851  loss_bbox: 7.4007  loss_dfl: 7.9365
2025/07/07 04:31:36 - mmengine - INFO - Epoch(train) [164][150/400]  base_lr: 1.0000e-02 lr: 1.9810e-03  eta: 12:53:32  time: 2.0767  data_time: 0.0063  memory: 10740  grad_norm: 15.5473  loss: 18.3110  loss_cls: 3.4280  loss_bbox: 7.0718  loss_dfl: 7.8113
2025/07/07 04:34:04 - mmengine - INFO - Epoch(train) [164][200/400]  base_lr: 1.0000e-02 lr: 1.9810e-03  eta: 12:50:50  time: 2.9623  data_time: 0.0060  memory: 10783  grad_norm: 16.1831  loss: 18.5765  loss_cls: 3.5703  loss_bbox: 7.2233  loss_dfl: 7.7829
2025/07/07 04:36:49 - mmengine - INFO - Epoch(train) [164][250/400]  base_lr: 1.0000e-02 lr: 1.9810e-03  eta: 12:48:14  time: 3.3130  data_time: 0.0059  memory: 11049  grad_norm: 16.2740  loss: 18.2989  loss_cls: 3.4170  loss_bbox: 7.0834  loss_dfl: 7.7985
2025/07/07 04:39:35 - mmengine - INFO - Epoch(train) [164][300/400]  base_lr: 1.0000e-02 lr: 1.9810e-03  eta: 12:45:38  time: 3.3151  data_time: 0.0058  memory: 10772  grad_norm: 16.2133  loss: 18.6665  loss_cls: 3.5483  loss_bbox: 7.2997  loss_dfl: 7.8185
2025/07/07 04:42:21 - mmengine - INFO - Epoch(train) [164][350/400]  base_lr: 1.0000e-02 lr: 1.9810e-03  eta: 12:43:02  time: 3.3124  data_time: 0.0057  memory: 10959  grad_norm: 16.4845  loss: 18.6025  loss_cls: 3.5395  loss_bbox: 7.2393  loss_dfl: 7.8236
2025/07/07 04:45:06 - mmengine - INFO - Exp name: yolov8_mambatransformer_enhance_20250705_110818
2025/07/07 04:45:06 - mmengine - INFO - Epoch(train) [164][400/400]  base_lr: 1.0000e-02 lr: 1.9810e-03  eta: 12:40:26  time: 3.3111  data_time: 0.0056  memory: 10703  grad_norm: 16.4210  loss: 18.4843  loss_cls: 3.4942  loss_bbox: 7.2206  loss_dfl: 7.7695
2025/07/07 04:45:06 - mmengine - INFO - Saving checkpoint at 164 epochs
2025/07/07 04:45:15 - mmengine - INFO - Epoch(val) [164][ 50/800]    eta: 0:01:23  time: 0.1117  data_time: 0.0008  memory: 1000  
2025/07/07 04:45:21 - mmengine - INFO - Epoch(val) [164][100/800]    eta: 0:01:17  time: 0.1102  data_time: 0.0004  memory: 1000  
2025/07/07 04:45:26 - mmengine - INFO - Epoch(val) [164][150/800]    eta: 0:01:08  time: 0.0922  data_time: 0.0003  memory: 1000  
2025/07/07 04:45:30 - mmengine - INFO - Epoch(val) [164][200/800]    eta: 0:01:01  time: 0.0966  data_time: 0.0004  memory: 1000  
2025/07/07 04:45:35 - mmengine - INFO - Epoch(val) [164][250/800]    eta: 0:00:55  time: 0.0905  data_time: 0.0003  memory: 1000  
2025/07/07 04:45:39 - mmengine - INFO - Epoch(val) [164][300/800]    eta: 0:00:49  time: 0.0913  data_time: 0.0003  memory: 1000  
2025/07/07 04:45:44 - mmengine - INFO - Epoch(val) [164][350/800]    eta: 0:00:43  time: 0.0913  data_time: 0.0003  memory: 1000  
2025/07/07 04:45:49 - mmengine - INFO - Epoch(val) [164][400/800]    eta: 0:00:39  time: 0.0991  data_time: 0.0003  memory: 1000  
2025/07/07 04:45:55 - mmengine - INFO - Epoch(val) [164][450/800]    eta: 0:00:34  time: 0.1110  data_time: 0.0004  memory: 1000  
2025/07/07 04:46:00 - mmengine - INFO - Epoch(val) [164][500/800]    eta: 0:00:30  time: 0.1109  data_time: 0.0004  memory: 1000  
2025/07/07 04:46:06 - mmengine - INFO - Epoch(val) [164][550/800]    eta: 0:00:25  time: 0.1099  data_time: 0.0004  memory: 1000  
2025/07/07 04:46:11 - mmengine - INFO - Epoch(val) [164][600/800]    eta: 0:00:20  time: 0.1089  data_time: 0.0003  memory: 1000  
2025/07/07 04:46:17 - mmengine - INFO - Epoch(val) [164][650/800]    eta: 0:00:15  time: 0.1100  data_time: 0.0004  memory: 1000  
2025/07/07 04:46:21 - mmengine - INFO - Epoch(val) [164][700/800]    eta: 0:00:10  time: 0.0930  data_time: 0.0004  memory: 1000  
2025/07/07 04:46:26 - mmengine - INFO - Epoch(val) [164][750/800]    eta: 0:00:05  time: 0.0927  data_time: 0.0003  memory: 1000  
2025/07/07 04:46:31 - mmengine - INFO - Epoch(val) [164][800/800]    eta: 0:00:00  time: 0.0921  data_time: 0.0003  memory: 1000  
2025/07/07 04:46:32 - mmengine - INFO - Evaluating bbox...
2025/07/07 04:46:43 - mmengine - INFO - 
+-------------+-------+--------+--------+-------+-------+-------+
| category    | mAP   | mAP_50 | mAP_75 | mAP_s | mAP_m | mAP_l |
+-------------+-------+--------+--------+-------+-------+-------+
| car         | 0.705 | 0.966  | 0.859  | 0.49  | 0.734 | 0.0   |
| truck       | 0.543 | 0.762  | 0.659  | 0.098 | 0.535 | 0.613 |
| bus         | 0.757 | 0.963  | 0.892  | 0.0   | 0.717 | 0.829 |
| van         | 0.523 | 0.709  | 0.65   | 0.262 | 0.514 | 0.847 |
| freight_car | 0.502 | 0.699  | 0.593  | 0.166 | 0.485 | 0.613 |
+-------------+-------+--------+--------+-------+-------+-------+
2025/07/07 04:46:43 - mmengine - INFO - bbox_mAP_copypaste: 0.606 0.820 0.730 0.203 0.597 0.580
2025/07/07 04:46:43 - mmengine - INFO - Epoch(val) [164][800/800]    coco/car_precision: 0.7050  coco/truck_precision: 0.5430  coco/bus_precision: 0.7570  coco/van_precision: 0.5230  coco/freight_car_precision: 0.5020  coco/bbox_mAP: 0.6060  coco/bbox_mAP_50: 0.8200  coco/bbox_mAP_75: 0.7300  coco/bbox_mAP_s: 0.2030  coco/bbox_mAP_m: 0.5970  coco/bbox_mAP_l: 0.5800  data_time: 0.0004  time: 0.1007
2025/07/07 04:49:30 - mmengine - INFO - Epoch(train) [165][ 50/400]  base_lr: 1.0000e-02 lr: 1.9315e-03  eta: 12:37:50  time: 3.3314  data_time: 0.0269  memory: 10937  grad_norm: 16.1214  loss: 18.5237  loss_cls: 3.4669  loss_bbox: 7.2121  loss_dfl: 7.8448
2025/07/07 04:52:15 - mmengine - INFO - Epoch(train) [165][100/400]  base_lr: 1.0000e-02 lr: 1.9315e-03  eta: 12:35:14  time: 3.3109  data_time: 0.0057  memory: 10879  grad_norm: 16.6626  loss: 18.5164  loss_cls: 3.4873  loss_bbox: 7.2026  loss_dfl: 7.8265
2025/07/07 04:55:01 - mmengine - INFO - Epoch(train) [165][150/400]  base_lr: 1.0000e-02 lr: 1.9315e-03  eta: 12:32:38  time: 3.3104  data_time: 0.0057  memory: 10687  grad_norm: 15.9979  loss: 18.5249  loss_cls: 3.4980  loss_bbox: 7.2798  loss_dfl: 7.7471
2025/07/07 04:57:46 - mmengine - INFO - Epoch(train) [165][200/400]  base_lr: 1.0000e-02 lr: 1.9315e-03  eta: 12:30:02  time: 3.3105  data_time: 0.0057  memory: 10623  grad_norm: 16.3563  loss: 18.5132  loss_cls: 3.4782  loss_bbox: 7.2247  loss_dfl: 7.8103
2025/07/07 05:00:03 - mmengine - INFO - Epoch(train) [165][250/400]  base_lr: 1.0000e-02 lr: 1.9315e-03  eta: 12:27:16  time: 2.7288  data_time: 0.0061  memory: 10959  grad_norm: 16.6247  loss: 18.6635  loss_cls: 3.5727  loss_bbox: 7.2583  loss_dfl: 7.8324
2025/07/07 05:02:01 - mmengine - INFO - Epoch(train) [165][300/400]  base_lr: 1.0000e-02 lr: 1.9315e-03  eta: 12:24:25  time: 2.3645  data_time: 0.0060  memory: 10985  grad_norm: 16.2308  loss: 18.5872  loss_cls: 3.5335  loss_bbox: 7.2122  loss_dfl: 7.8415
2025/07/07 05:04:47 - mmengine - INFO - Epoch(train) [165][350/400]  base_lr: 1.0000e-02 lr: 1.9315e-03  eta: 12:21:49  time: 3.3183  data_time: 0.0057  memory: 10810  grad_norm: 16.2843  loss: 18.4423  loss_cls: 3.5113  loss_bbox: 7.1620  loss_dfl: 7.7691
2025/07/07 05:07:32 - mmengine - INFO - Exp name: yolov8_mambatransformer_enhance_20250705_110818
2025/07/07 05:07:32 - mmengine - INFO - Epoch(train) [165][400/400]  base_lr: 1.0000e-02 lr: 1.9315e-03  eta: 12:19:13  time: 3.3132  data_time: 0.0055  memory: 10937  grad_norm: 17.6031  loss: 18.6711  loss_cls: 3.5354  loss_bbox: 7.3058  loss_dfl: 7.8300
2025/07/07 05:07:32 - mmengine - INFO - Saving checkpoint at 165 epochs
2025/07/07 05:07:41 - mmengine - INFO - Epoch(val) [165][ 50/800]    eta: 0:01:14  time: 0.0992  data_time: 0.0010  memory: 1000  
2025/07/07 05:07:45 - mmengine - INFO - Epoch(val) [165][100/800]    eta: 0:01:06  time: 0.0897  data_time: 0.0003  memory: 1000  
2025/07/07 05:07:50 - mmengine - INFO - Epoch(val) [165][150/800]    eta: 0:01:00  time: 0.0911  data_time: 0.0003  memory: 1000  
2025/07/07 05:07:54 - mmengine - INFO - Epoch(val) [165][200/800]    eta: 0:00:55  time: 0.0902  data_time: 0.0003  memory: 1000  
2025/07/07 05:07:59 - mmengine - INFO - Epoch(val) [165][250/800]    eta: 0:00:50  time: 0.0905  data_time: 0.0003  memory: 1000  
2025/07/07 05:08:03 - mmengine - INFO - Epoch(val) [165][300/800]    eta: 0:00:45  time: 0.0897  data_time: 0.0003  memory: 1000  
2025/07/07 05:08:08 - mmengine - INFO - Epoch(val) [165][350/800]    eta: 0:00:41  time: 0.0898  data_time: 0.0003  memory: 1000  
2025/07/07 05:08:13 - mmengine - INFO - Epoch(val) [165][400/800]    eta: 0:00:36  time: 0.0905  data_time: 0.0003  memory: 1000  
2025/07/07 05:08:17 - mmengine - INFO - Epoch(val) [165][450/800]    eta: 0:00:31  time: 0.0905  data_time: 0.0003  memory: 1000  
2025/07/07 05:08:22 - mmengine - INFO - Epoch(val) [165][500/800]    eta: 0:00:27  time: 0.0906  data_time: 0.0003  memory: 1000  
2025/07/07 05:08:26 - mmengine - INFO - Epoch(val) [165][550/800]    eta: 0:00:22  time: 0.0903  data_time: 0.0003  memory: 1000  
2025/07/07 05:08:31 - mmengine - INFO - Epoch(val) [165][600/800]    eta: 0:00:18  time: 0.0898  data_time: 0.0003  memory: 1000  
2025/07/07 05:08:35 - mmengine - INFO - Epoch(val) [165][650/800]    eta: 0:00:13  time: 0.0906  data_time: 0.0003  memory: 1000  
2025/07/07 05:08:40 - mmengine - INFO - Epoch(val) [165][700/800]    eta: 0:00:09  time: 0.0902  data_time: 0.0003  memory: 1000  
2025/07/07 05:08:45 - mmengine - INFO - Epoch(val) [165][750/800]    eta: 0:00:04  time: 0.1016  data_time: 0.0003  memory: 1000  
2025/07/07 05:08:50 - mmengine - INFO - Epoch(val) [165][800/800]    eta: 0:00:00  time: 0.1110  data_time: 0.0003  memory: 1000  
2025/07/07 05:08:51 - mmengine - INFO - Evaluating bbox...
2025/07/07 05:09:02 - mmengine - INFO - 
+-------------+-------+--------+--------+-------+-------+-------+
| category    | mAP   | mAP_50 | mAP_75 | mAP_s | mAP_m | mAP_l |
+-------------+-------+--------+--------+-------+-------+-------+
| car         | 0.705 | 0.966  | 0.859  | 0.49  | 0.734 | 0.0   |
| truck       | 0.543 | 0.763  | 0.659  | 0.1   | 0.535 | 0.612 |
| bus         | 0.757 | 0.962  | 0.892  | 0.0   | 0.717 | 0.828 |
| van         | 0.523 | 0.709  | 0.648  | 0.258 | 0.515 | 0.844 |
| freight_car | 0.504 | 0.7    | 0.593  | 0.166 | 0.487 | 0.613 |
+-------------+-------+--------+--------+-------+-------+-------+
2025/07/07 05:09:02 - mmengine - INFO - bbox_mAP_copypaste: 0.607 0.820 0.730 0.203 0.598 0.579
2025/07/07 05:09:02 - mmengine - INFO - Epoch(val) [165][800/800]    coco/car_precision: 0.7050  coco/truck_precision: 0.5430  coco/bus_precision: 0.7570  coco/van_precision: 0.5230  coco/freight_car_precision: 0.5040  coco/bbox_mAP: 0.6070  coco/bbox_mAP_50: 0.8200  coco/bbox_mAP_75: 0.7300  coco/bbox_mAP_s: 0.2030  coco/bbox_mAP_m: 0.5980  coco/bbox_mAP_l: 0.5790  data_time: 0.0004  time: 0.0928
2025/07/07 05:11:49 - mmengine - INFO - Epoch(train) [166][ 50/400]  base_lr: 1.0000e-02 lr: 1.8820e-03  eta: 12:16:37  time: 3.3380  data_time: 0.0285  memory: 10879  grad_norm: 15.7947  loss: 18.2574  loss_cls: 3.3963  loss_bbox: 7.0514  loss_dfl: 7.8097
2025/07/07 05:14:36 - mmengine - INFO - Epoch(train) [166][100/400]  base_lr: 1.0000e-02 lr: 1.8820e-03  eta: 12:14:01  time: 3.3368  data_time: 0.0064  memory: 10884  grad_norm: 16.6645  loss: 18.3380  loss_cls: 3.4359  loss_bbox: 7.0953  loss_dfl: 7.8067
2025/07/07 05:17:23 - mmengine - INFO - Epoch(train) [166][150/400]  base_lr: 1.0000e-02 lr: 1.8820e-03  eta: 12:11:26  time: 3.3369  data_time: 0.0064  memory: 10921  grad_norm: 16.4349  loss: 18.6657  loss_cls: 3.5165  loss_bbox: 7.2970  loss_dfl: 7.8522
2025/07/07 05:20:10 - mmengine - INFO - Epoch(train) [166][200/400]  base_lr: 1.0000e-02 lr: 1.8820e-03  eta: 12:08:50  time: 3.3374  data_time: 0.0065  memory: 10847  grad_norm: 16.2761  loss: 18.4200  loss_cls: 3.4751  loss_bbox: 7.1355  loss_dfl: 7.8094
2025/07/07 05:22:57 - mmengine - INFO - Epoch(train) [166][250/400]  base_lr: 1.0000e-02 lr: 1.8820e-03  eta: 12:06:14  time: 3.3355  data_time: 0.0064  memory: 10900  grad_norm: 16.9687  loss: 18.6856  loss_cls: 3.5605  loss_bbox: 7.2375  loss_dfl: 7.8875
2025/07/07 05:25:44 - mmengine - INFO - Epoch(train) [166][300/400]  base_lr: 1.0000e-02 lr: 1.8820e-03  eta: 12:03:38  time: 3.3377  data_time: 0.0065  memory: 11039  grad_norm: 15.6466  loss: 18.3456  loss_cls: 3.4834  loss_bbox: 7.1805  loss_dfl: 7.6817
2025/07/07 05:28:30 - mmengine - INFO - Epoch(train) [166][350/400]  base_lr: 1.0000e-02 lr: 1.8820e-03  eta: 12:01:02  time: 3.3376  data_time: 0.0064  memory: 11156  grad_norm: 16.2753  loss: 18.5048  loss_cls: 3.4733  loss_bbox: 7.2859  loss_dfl: 7.7456
2025/07/07 05:30:22 - mmengine - INFO - Exp name: yolov8_mambatransformer_enhance_20250705_110818
2025/07/07 05:30:22 - mmengine - INFO - Epoch(train) [166][400/400]  base_lr: 1.0000e-02 lr: 1.8820e-03  eta: 11:58:09  time: 2.2367  data_time: 0.0060  memory: 10767  grad_norm: 15.9529  loss: 18.4836  loss_cls: 3.4535  loss_bbox: 7.2861  loss_dfl: 7.7441
2025/07/07 05:30:22 - mmengine - INFO - Saving checkpoint at 166 epochs
2025/07/07 05:30:31 - mmengine - INFO - Epoch(val) [166][ 50/800]    eta: 0:01:19  time: 0.1056  data_time: 0.0007  memory: 1000  
2025/07/07 05:30:37 - mmengine - INFO - Epoch(val) [166][100/800]    eta: 0:01:13  time: 0.1043  data_time: 0.0004  memory: 1000  
2025/07/07 05:30:42 - mmengine - INFO - Epoch(val) [166][150/800]    eta: 0:01:08  time: 0.1046  data_time: 0.0004  memory: 1000  
2025/07/07 05:30:47 - mmengine - INFO - Epoch(val) [166][200/800]    eta: 0:01:02  time: 0.1045  data_time: 0.0004  memory: 1000  
2025/07/07 05:30:52 - mmengine - INFO - Epoch(val) [166][250/800]    eta: 0:00:56  time: 0.0967  data_time: 0.0004  memory: 1000  
2025/07/07 05:30:57 - mmengine - INFO - Epoch(val) [166][300/800]    eta: 0:00:50  time: 0.0918  data_time: 0.0004  memory: 1000  
2025/07/07 05:31:01 - mmengine - INFO - Epoch(val) [166][350/800]    eta: 0:00:45  time: 0.0947  data_time: 0.0004  memory: 1000  
2025/07/07 05:31:07 - mmengine - INFO - Epoch(val) [166][400/800]    eta: 0:00:40  time: 0.1112  data_time: 0.0004  memory: 1000  
2025/07/07 05:31:12 - mmengine - INFO - Epoch(val) [166][450/800]    eta: 0:00:35  time: 0.1112  data_time: 0.0004  memory: 1000  
2025/07/07 05:31:18 - mmengine - INFO - Epoch(val) [166][500/800]    eta: 0:00:31  time: 0.1108  data_time: 0.0004  memory: 1000  
2025/07/07 05:31:24 - mmengine - INFO - Epoch(val) [166][550/800]    eta: 0:00:26  time: 0.1110  data_time: 0.0004  memory: 1000  
2025/07/07 05:31:29 - mmengine - INFO - Epoch(val) [166][600/800]    eta: 0:00:20  time: 0.1112  data_time: 0.0004  memory: 1000  
2025/07/07 05:31:35 - mmengine - INFO - Epoch(val) [166][650/800]    eta: 0:00:15  time: 0.1085  data_time: 0.0004  memory: 1000  
2025/07/07 05:31:39 - mmengine - INFO - Epoch(val) [166][700/800]    eta: 0:00:10  time: 0.0908  data_time: 0.0003  memory: 1000  
2025/07/07 05:31:44 - mmengine - INFO - Epoch(val) [166][750/800]    eta: 0:00:05  time: 0.0902  data_time: 0.0003  memory: 1000  
2025/07/07 05:31:48 - mmengine - INFO - Epoch(val) [166][800/800]    eta: 0:00:00  time: 0.0906  data_time: 0.0003  memory: 1000  
2025/07/07 05:31:49 - mmengine - INFO - Evaluating bbox...
2025/07/07 05:32:00 - mmengine - INFO - 
+-------------+-------+--------+--------+-------+-------+-------+
| category    | mAP   | mAP_50 | mAP_75 | mAP_s | mAP_m | mAP_l |
+-------------+-------+--------+--------+-------+-------+-------+
| car         | 0.705 | 0.966  | 0.859  | 0.491 | 0.734 | 0.0   |
| truck       | 0.543 | 0.762  | 0.659  | 0.099 | 0.535 | 0.614 |
| bus         | 0.759 | 0.962  | 0.892  | 0.0   | 0.719 | 0.828 |
| van         | 0.522 | 0.709  | 0.648  | 0.26  | 0.514 | 0.844 |
| freight_car | 0.503 | 0.699  | 0.591  | 0.166 | 0.487 | 0.614 |
+-------------+-------+--------+--------+-------+-------+-------+
2025/07/07 05:32:00 - mmengine - INFO - bbox_mAP_copypaste: 0.607 0.820 0.730 0.203 0.598 0.580
2025/07/07 05:32:00 - mmengine - INFO - Epoch(val) [166][800/800]    coco/car_precision: 0.7050  coco/truck_precision: 0.5430  coco/bus_precision: 0.7590  coco/van_precision: 0.5220  coco/freight_car_precision: 0.5030  coco/bbox_mAP: 0.6070  coco/bbox_mAP_50: 0.8200  coco/bbox_mAP_75: 0.7300  coco/bbox_mAP_s: 0.2030  coco/bbox_mAP_m: 0.5980  coco/bbox_mAP_l: 0.5800  data_time: 0.0004  time: 0.1024
2025/07/07 05:34:47 - mmengine - INFO - Epoch(train) [167][ 50/400]  base_lr: 1.0000e-02 lr: 1.8325e-03  eta: 11:55:34  time: 3.3329  data_time: 0.0257  memory: 10799  grad_norm: 16.6060  loss: 18.6325  loss_cls: 3.4830  loss_bbox: 7.2609  loss_dfl: 7.8886
2025/07/07 05:37:33 - mmengine - INFO - Epoch(train) [167][100/400]  base_lr: 1.0000e-02 lr: 1.8325e-03  eta: 11:52:57  time: 3.3131  data_time: 0.0057  memory: 10671  grad_norm: 15.9907  loss: 18.3523  loss_cls: 3.4148  loss_bbox: 7.1572  loss_dfl: 7.7804
2025/07/07 05:40:18 - mmengine - INFO - Epoch(train) [167][150/400]  base_lr: 1.0000e-02 lr: 1.8325e-03  eta: 11:50:21  time: 3.3146  data_time: 0.0056  memory: 10751  grad_norm: 16.1940  loss: 18.4154  loss_cls: 3.5089  loss_bbox: 7.2010  loss_dfl: 7.7055
2025/07/07 05:43:04 - mmengine - INFO - Epoch(train) [167][200/400]  base_lr: 1.0000e-02 lr: 1.8325e-03  eta: 11:47:45  time: 3.3148  data_time: 0.0056  memory: 10857  grad_norm: 16.9852  loss: 18.7262  loss_cls: 3.5507  loss_bbox: 7.3261  loss_dfl: 7.8494
2025/07/07 05:45:50 - mmengine - INFO - Epoch(train) [167][250/400]  base_lr: 1.0000e-02 lr: 1.8325e-03  eta: 11:45:09  time: 3.3140  data_time: 0.0056  memory: 10836  grad_norm: 16.8896  loss: 18.4137  loss_cls: 3.5104  loss_bbox: 7.1463  loss_dfl: 7.7570
2025/07/07 05:48:35 - mmengine - INFO - Epoch(train) [167][300/400]  base_lr: 1.0000e-02 lr: 1.8325e-03  eta: 11:42:32  time: 3.3120  data_time: 0.0057  memory: 10943  grad_norm: 15.7317  loss: 18.1075  loss_cls: 3.3605  loss_bbox: 7.0428  loss_dfl: 7.7042
2025/07/07 05:51:21 - mmengine - INFO - Epoch(train) [167][350/400]  base_lr: 1.0000e-02 lr: 1.8325e-03  eta: 11:39:56  time: 3.3090  data_time: 0.0057  memory: 10697  grad_norm: 16.6045  loss: 18.2581  loss_cls: 3.4163  loss_bbox: 7.0516  loss_dfl: 7.7901
2025/07/07 05:54:06 - mmengine - INFO - Exp name: yolov8_mambatransformer_enhance_20250705_110818
2025/07/07 05:54:06 - mmengine - INFO - Epoch(train) [167][400/400]  base_lr: 1.0000e-02 lr: 1.8325e-03  eta: 11:37:19  time: 3.3102  data_time: 0.0055  memory: 10745  grad_norm: 16.3590  loss: 18.5222  loss_cls: 3.4788  loss_bbox: 7.2407  loss_dfl: 7.8026
2025/07/07 05:54:06 - mmengine - INFO - Saving checkpoint at 167 epochs
2025/07/07 05:54:15 - mmengine - INFO - Epoch(val) [167][ 50/800]    eta: 0:01:23  time: 0.1118  data_time: 0.0010  memory: 1000  
2025/07/07 05:54:21 - mmengine - INFO - Epoch(val) [167][100/800]    eta: 0:01:17  time: 0.1108  data_time: 0.0004  memory: 1000  
2025/07/07 05:54:26 - mmengine - INFO - Epoch(val) [167][150/800]    eta: 0:01:12  time: 0.1101  data_time: 0.0003  memory: 1000  
2025/07/07 05:54:32 - mmengine - INFO - Epoch(val) [167][200/800]    eta: 0:01:06  time: 0.1097  data_time: 0.0004  memory: 1000  
2025/07/07 05:54:37 - mmengine - INFO - Epoch(val) [167][250/800]    eta: 0:01:00  time: 0.1093  data_time: 0.0004  memory: 1000  
2025/07/07 05:54:43 - mmengine - INFO - Epoch(val) [167][300/800]    eta: 0:00:55  time: 0.1093  data_time: 0.0004  memory: 1000  
2025/07/07 05:54:48 - mmengine - INFO - Epoch(val) [167][350/800]    eta: 0:00:49  time: 0.1096  data_time: 0.0004  memory: 1000  
2025/07/07 05:54:54 - mmengine - INFO - Epoch(val) [167][400/800]    eta: 0:00:44  time: 0.1096  data_time: 0.0004  memory: 1000  
2025/07/07 05:54:59 - mmengine - INFO - Epoch(val) [167][450/800]    eta: 0:00:38  time: 0.1098  data_time: 0.0004  memory: 1000  
2025/07/07 05:55:05 - mmengine - INFO - Epoch(val) [167][500/800]    eta: 0:00:32  time: 0.1097  data_time: 0.0004  memory: 1000  
2025/07/07 05:55:10 - mmengine - INFO - Epoch(val) [167][550/800]    eta: 0:00:27  time: 0.1100  data_time: 0.0004  memory: 1000  
2025/07/07 05:55:16 - mmengine - INFO - Epoch(val) [167][600/800]    eta: 0:00:21  time: 0.1099  data_time: 0.0004  memory: 1000  
2025/07/07 05:55:21 - mmengine - INFO - Epoch(val) [167][650/800]    eta: 0:00:16  time: 0.1104  data_time: 0.0004  memory: 1000  
2025/07/07 05:55:27 - mmengine - INFO - Epoch(val) [167][700/800]    eta: 0:00:11  time: 0.1108  data_time: 0.0004  memory: 1000  
2025/07/07 05:55:33 - mmengine - INFO - Epoch(val) [167][750/800]    eta: 0:00:05  time: 0.1109  data_time: 0.0004  memory: 1000  
2025/07/07 05:55:38 - mmengine - INFO - Epoch(val) [167][800/800]    eta: 0:00:00  time: 0.1108  data_time: 0.0004  memory: 1000  
2025/07/07 05:55:39 - mmengine - INFO - Evaluating bbox...
2025/07/07 05:55:50 - mmengine - INFO - 
+-------------+-------+--------+--------+-------+-------+-------+
| category    | mAP   | mAP_50 | mAP_75 | mAP_s | mAP_m | mAP_l |
+-------------+-------+--------+--------+-------+-------+-------+
| car         | 0.705 | 0.966  | 0.859  | 0.491 | 0.734 | 0.0   |
| truck       | 0.541 | 0.762  | 0.653  | 0.098 | 0.533 | 0.612 |
| bus         | 0.759 | 0.962  | 0.891  | 0.0   | 0.72  | 0.829 |
| van         | 0.522 | 0.709  | 0.648  | 0.258 | 0.514 | 0.839 |
| freight_car | 0.504 | 0.698  | 0.592  | 0.167 | 0.487 | 0.615 |
+-------------+-------+--------+--------+-------+-------+-------+
2025/07/07 05:55:50 - mmengine - INFO - bbox_mAP_copypaste: 0.606 0.819 0.729 0.203 0.597 0.579
2025/07/07 05:55:50 - mmengine - INFO - Epoch(val) [167][800/800]    coco/car_precision: 0.7050  coco/truck_precision: 0.5410  coco/bus_precision: 0.7590  coco/van_precision: 0.5220  coco/freight_car_precision: 0.5040  coco/bbox_mAP: 0.6060  coco/bbox_mAP_50: 0.8190  coco/bbox_mAP_75: 0.7290  coco/bbox_mAP_s: 0.2030  coco/bbox_mAP_m: 0.5970  coco/bbox_mAP_l: 0.5790  data_time: 0.0004  time: 0.1101
2025/07/07 05:58:14 - mmengine - INFO - Epoch(train) [168][ 50/400]  base_lr: 1.0000e-02 lr: 1.7830e-03  eta: 11:34:37  time: 2.8751  data_time: 0.0272  memory: 10681  grad_norm: 16.1800  loss: 18.2860  loss_cls: 3.4143  loss_bbox: 7.1451  loss_dfl: 7.7266
2025/07/07 06:00:05 - mmengine - INFO - Epoch(train) [168][100/400]  base_lr: 1.0000e-02 lr: 1.7830e-03  eta: 11:31:44  time: 2.2129  data_time: 0.0061  memory: 10740  grad_norm: 16.8776  loss: 18.4023  loss_cls: 3.4230  loss_bbox: 7.1740  loss_dfl: 7.8053
2025/07/07 06:02:50 - mmengine - INFO - Epoch(train) [168][150/400]  base_lr: 1.0000e-02 lr: 1.7830e-03  eta: 11:29:08  time: 3.3055  data_time: 0.0058  memory: 10703  grad_norm: 17.4754  loss: 18.7356  loss_cls: 3.5467  loss_bbox: 7.3433  loss_dfl: 7.8456
2025/07/07 06:05:35 - mmengine - INFO - Exp name: yolov8_mambatransformer_enhance_20250705_110818
2025/07/07 06:05:35 - mmengine - INFO - Epoch(train) [168][200/400]  base_lr: 1.0000e-02 lr: 1.7830e-03  eta: 11:26:31  time: 3.3079  data_time: 0.0057  memory: 10793  grad_norm: 16.9586  loss: 18.4458  loss_cls: 3.5037  loss_bbox: 7.1884  loss_dfl: 7.7537
2025/07/07 06:08:21 - mmengine - INFO - Epoch(train) [168][250/400]  base_lr: 1.0000e-02 lr: 1.7830e-03  eta: 11:23:55  time: 3.3105  data_time: 0.0057  memory: 11071  grad_norm: 16.8241  loss: 18.4810  loss_cls: 3.4740  loss_bbox: 7.1926  loss_dfl: 7.8144
2025/07/07 06:11:06 - mmengine - INFO - Epoch(train) [168][300/400]  base_lr: 1.0000e-02 lr: 1.7830e-03  eta: 11:21:19  time: 3.3072  data_time: 0.0057  memory: 10740  grad_norm: 16.1999  loss: 18.2344  loss_cls: 3.4512  loss_bbox: 7.1192  loss_dfl: 7.6640
2025/07/07 06:13:52 - mmengine - INFO - Epoch(train) [168][350/400]  base_lr: 1.0000e-02 lr: 1.7830e-03  eta: 11:18:42  time: 3.3138  data_time: 0.0060  memory: 10820  grad_norm: 16.8947  loss: 18.3465  loss_cls: 3.3876  loss_bbox: 7.1264  loss_dfl: 7.8324
2025/07/07 06:16:38 - mmengine - INFO - Exp name: yolov8_mambatransformer_enhance_20250705_110818
2025/07/07 06:16:38 - mmengine - INFO - Epoch(train) [168][400/400]  base_lr: 1.0000e-02 lr: 1.7830e-03  eta: 11:16:06  time: 3.3124  data_time: 0.0056  memory: 10804  grad_norm: 15.3014  loss: 18.0825  loss_cls: 3.3228  loss_bbox: 7.0619  loss_dfl: 7.6978
2025/07/07 06:16:38 - mmengine - INFO - Saving checkpoint at 168 epochs
2025/07/07 06:16:46 - mmengine - INFO - Epoch(val) [168][ 50/800]    eta: 0:01:20  time: 0.1074  data_time: 0.0007  memory: 1000  
2025/07/07 06:16:52 - mmengine - INFO - Epoch(val) [168][100/800]    eta: 0:01:14  time: 0.1046  data_time: 0.0004  memory: 1000  
2025/07/07 06:16:56 - mmengine - INFO - Epoch(val) [168][150/800]    eta: 0:01:06  time: 0.0947  data_time: 0.0003  memory: 1000  
2025/07/07 06:17:01 - mmengine - INFO - Epoch(val) [168][200/800]    eta: 0:01:01  time: 0.1022  data_time: 0.0004  memory: 1000  
2025/07/07 06:17:06 - mmengine - INFO - Epoch(val) [168][250/800]    eta: 0:00:55  time: 0.0999  data_time: 0.0005  memory: 1000  
2025/07/07 06:17:11 - mmengine - INFO - Epoch(val) [168][300/800]    eta: 0:00:50  time: 0.0959  data_time: 0.0005  memory: 1000  
2025/07/07 06:17:16 - mmengine - INFO - Epoch(val) [168][350/800]    eta: 0:00:44  time: 0.0931  data_time: 0.0004  memory: 1000  
2025/07/07 06:17:21 - mmengine - INFO - Epoch(val) [168][400/800]    eta: 0:00:39  time: 0.0914  data_time: 0.0003  memory: 1000  
2025/07/07 06:17:25 - mmengine - INFO - Epoch(val) [168][450/800]    eta: 0:00:34  time: 0.0903  data_time: 0.0003  memory: 1000  
2025/07/07 06:17:30 - mmengine - INFO - Epoch(val) [168][500/800]    eta: 0:00:29  time: 0.0909  data_time: 0.0003  memory: 1000  
2025/07/07 06:17:34 - mmengine - INFO - Epoch(val) [168][550/800]    eta: 0:00:24  time: 0.0922  data_time: 0.0003  memory: 1000  
2025/07/07 06:17:39 - mmengine - INFO - Epoch(val) [168][600/800]    eta: 0:00:19  time: 0.0906  data_time: 0.0003  memory: 1000  
2025/07/07 06:17:43 - mmengine - INFO - Epoch(val) [168][650/800]    eta: 0:00:14  time: 0.0912  data_time: 0.0003  memory: 1000  
2025/07/07 06:17:48 - mmengine - INFO - Epoch(val) [168][700/800]    eta: 0:00:09  time: 0.0910  data_time: 0.0003  memory: 1000  
2025/07/07 06:17:53 - mmengine - INFO - Epoch(val) [168][750/800]    eta: 0:00:04  time: 0.0909  data_time: 0.0003  memory: 1000  
2025/07/07 06:17:57 - mmengine - INFO - Epoch(val) [168][800/800]    eta: 0:00:00  time: 0.0906  data_time: 0.0003  memory: 1000  
2025/07/07 06:17:58 - mmengine - INFO - Evaluating bbox...
2025/07/07 06:18:09 - mmengine - INFO - 
+-------------+-------+--------+--------+-------+-------+-------+
| category    | mAP   | mAP_50 | mAP_75 | mAP_s | mAP_m | mAP_l |
+-------------+-------+--------+--------+-------+-------+-------+
| car         | 0.705 | 0.966  | 0.859  | 0.492 | 0.734 | 0.0   |
| truck       | 0.541 | 0.762  | 0.653  | 0.098 | 0.533 | 0.612 |
| bus         | 0.76  | 0.962  | 0.892  | 0.0   | 0.721 | 0.828 |
| van         | 0.523 | 0.71   | 0.649  | 0.257 | 0.515 | 0.839 |
| freight_car | 0.503 | 0.698  | 0.593  | 0.166 | 0.487 | 0.613 |
+-------------+-------+--------+--------+-------+-------+-------+
2025/07/07 06:18:09 - mmengine - INFO - bbox_mAP_copypaste: 0.606 0.820 0.729 0.203 0.598 0.578
2025/07/07 06:18:09 - mmengine - INFO - Epoch(val) [168][800/800]    coco/car_precision: 0.7050  coco/truck_precision: 0.5410  coco/bus_precision: 0.7600  coco/van_precision: 0.5230  coco/freight_car_precision: 0.5030  coco/bbox_mAP: 0.6060  coco/bbox_mAP_50: 0.8200  coco/bbox_mAP_75: 0.7290  coco/bbox_mAP_s: 0.2030  coco/bbox_mAP_m: 0.5980  coco/bbox_mAP_l: 0.5780  data_time: 0.0004  time: 0.0948
2025/07/07 06:20:56 - mmengine - INFO - Epoch(train) [169][ 50/400]  base_lr: 1.0000e-02 lr: 1.7335e-03  eta: 11:13:30  time: 3.3340  data_time: 0.0292  memory: 10756  grad_norm: 16.2603  loss: 17.9805  loss_cls: 3.3045  loss_bbox: 6.9488  loss_dfl: 7.7272
2025/07/07 06:23:42 - mmengine - INFO - Epoch(train) [169][100/400]  base_lr: 1.0000e-02 lr: 1.7335e-03  eta: 11:10:53  time: 3.3137  data_time: 0.0060  memory: 10911  grad_norm: 16.0398  loss: 18.4369  loss_cls: 3.4237  loss_bbox: 7.2060  loss_dfl: 7.8073
2025/07/07 06:26:27 - mmengine - INFO - Epoch(train) [169][150/400]  base_lr: 1.0000e-02 lr: 1.7335e-03  eta: 11:08:17  time: 3.3109  data_time: 0.0059  memory: 11001  grad_norm: 16.4457  loss: 18.2423  loss_cls: 3.4118  loss_bbox: 7.1252  loss_dfl: 7.7053
2025/07/07 06:28:25 - mmengine - INFO - Epoch(train) [169][200/400]  base_lr: 1.0000e-02 lr: 1.7335e-03  eta: 11:05:27  time: 2.3583  data_time: 0.0062  memory: 10745  grad_norm: 16.5383  loss: 18.4477  loss_cls: 3.4488  loss_bbox: 7.1757  loss_dfl: 7.8232
2025/07/07 06:30:41 - mmengine - INFO - Epoch(train) [169][250/400]  base_lr: 1.0000e-02 lr: 1.7335e-03  eta: 11:02:42  time: 2.7081  data_time: 0.0058  memory: 11268  grad_norm: 16.7302  loss: 18.1427  loss_cls: 3.3765  loss_bbox: 7.0293  loss_dfl: 7.7368
2025/07/07 06:33:26 - mmengine - INFO - Epoch(train) [169][300/400]  base_lr: 1.0000e-02 lr: 1.7335e-03  eta: 11:00:06  time: 3.3093  data_time: 0.0062  memory: 10793  grad_norm: 16.0285  loss: 17.9807  loss_cls: 3.2967  loss_bbox: 6.9374  loss_dfl: 7.7466
2025/07/07 06:36:12 - mmengine - INFO - Epoch(train) [169][350/400]  base_lr: 1.0000e-02 lr: 1.7335e-03  eta: 10:57:29  time: 3.3110  data_time: 0.0057  memory: 10724  grad_norm: 16.4857  loss: 18.4853  loss_cls: 3.4901  loss_bbox: 7.2069  loss_dfl: 7.7884
2025/07/07 06:38:57 - mmengine - INFO - Exp name: yolov8_mambatransformer_enhance_20250705_110818
2025/07/07 06:38:57 - mmengine - INFO - Epoch(train) [169][400/400]  base_lr: 1.0000e-02 lr: 1.7335e-03  eta: 10:54:53  time: 3.3096  data_time: 0.0054  memory: 11076  grad_norm: 16.0209  loss: 18.1544  loss_cls: 3.4159  loss_bbox: 7.0475  loss_dfl: 7.6910
2025/07/07 06:38:57 - mmengine - INFO - Saving checkpoint at 169 epochs
2025/07/07 06:39:05 - mmengine - INFO - Epoch(val) [169][ 50/800]    eta: 0:01:10  time: 0.0939  data_time: 0.0008  memory: 1000  
2025/07/07 06:39:10 - mmengine - INFO - Epoch(val) [169][100/800]    eta: 0:01:07  time: 0.0995  data_time: 0.0003  memory: 1000  
2025/07/07 06:39:16 - mmengine - INFO - Epoch(val) [169][150/800]    eta: 0:01:05  time: 0.1108  data_time: 0.0004  memory: 1000  
2025/07/07 06:39:21 - mmengine - INFO - Epoch(val) [169][200/800]    eta: 0:01:02  time: 0.1107  data_time: 0.0004  memory: 1000  
2025/07/07 06:39:27 - mmengine - INFO - Epoch(val) [169][250/800]    eta: 0:00:57  time: 0.1103  data_time: 0.0004  memory: 1000  
2025/07/07 06:39:32 - mmengine - INFO - Epoch(val) [169][300/800]    eta: 0:00:52  time: 0.1107  data_time: 0.0004  memory: 1000  
2025/07/07 06:39:38 - mmengine - INFO - Epoch(val) [169][350/800]    eta: 0:00:47  time: 0.1104  data_time: 0.0004  memory: 1000  
2025/07/07 06:39:43 - mmengine - INFO - Epoch(val) [169][400/800]    eta: 0:00:42  time: 0.1107  data_time: 0.0004  memory: 1000  
2025/07/07 06:39:49 - mmengine - INFO - Epoch(val) [169][450/800]    eta: 0:00:37  time: 0.1109  data_time: 0.0004  memory: 1000  
2025/07/07 06:39:55 - mmengine - INFO - Epoch(val) [169][500/800]    eta: 0:00:32  time: 0.1106  data_time: 0.0004  memory: 1000  
2025/07/07 06:40:00 - mmengine - INFO - Epoch(val) [169][550/800]    eta: 0:00:27  time: 0.1105  data_time: 0.0004  memory: 1000  
2025/07/07 06:40:06 - mmengine - INFO - Epoch(val) [169][600/800]    eta: 0:00:21  time: 0.1112  data_time: 0.0004  memory: 1000  
2025/07/07 06:40:11 - mmengine - INFO - Epoch(val) [169][650/800]    eta: 0:00:16  time: 0.1109  data_time: 0.0004  memory: 1000  
2025/07/07 06:40:17 - mmengine - INFO - Epoch(val) [169][700/800]    eta: 0:00:10  time: 0.1110  data_time: 0.0004  memory: 1000  
2025/07/07 06:40:22 - mmengine - INFO - Epoch(val) [169][750/800]    eta: 0:00:05  time: 0.1112  data_time: 0.0004  memory: 1000  
2025/07/07 06:40:28 - mmengine - INFO - Epoch(val) [169][800/800]    eta: 0:00:00  time: 0.1105  data_time: 0.0004  memory: 1000  
2025/07/07 06:40:29 - mmengine - INFO - Evaluating bbox...
2025/07/07 06:40:40 - mmengine - INFO - 
+-------------+-------+--------+--------+-------+-------+-------+
| category    | mAP   | mAP_50 | mAP_75 | mAP_s | mAP_m | mAP_l |
+-------------+-------+--------+--------+-------+-------+-------+
| car         | 0.705 | 0.966  | 0.859  | 0.494 | 0.734 | 0.0   |
| truck       | 0.541 | 0.762  | 0.651  | 0.098 | 0.533 | 0.611 |
| bus         | 0.759 | 0.962  | 0.892  | 0.0   | 0.721 | 0.828 |
| van         | 0.523 | 0.71   | 0.649  | 0.256 | 0.515 | 0.836 |
| freight_car | 0.504 | 0.699  | 0.593  | 0.166 | 0.487 | 0.615 |
+-------------+-------+--------+--------+-------+-------+-------+
2025/07/07 06:40:40 - mmengine - INFO - bbox_mAP_copypaste: 0.606 0.820 0.729 0.203 0.598 0.578
2025/07/07 06:40:40 - mmengine - INFO - Epoch(val) [169][800/800]    coco/car_precision: 0.7050  coco/truck_precision: 0.5410  coco/bus_precision: 0.7590  coco/van_precision: 0.5230  coco/freight_car_precision: 0.5040  coco/bbox_mAP: 0.6060  coco/bbox_mAP_50: 0.8200  coco/bbox_mAP_75: 0.7290  coco/bbox_mAP_s: 0.2030  coco/bbox_mAP_m: 0.5980  coco/bbox_mAP_l: 0.5780  data_time: 0.0004  time: 0.1090
2025/07/07 06:43:28 - mmengine - INFO - Epoch(train) [170][ 50/400]  base_lr: 1.0000e-02 lr: 1.6840e-03  eta: 10:52:17  time: 3.3578  data_time: 0.0279  memory: 10756  grad_norm: 16.6354  loss: 18.2117  loss_cls: 3.4041  loss_bbox: 6.9978  loss_dfl: 7.8098
2025/07/07 06:46:15 - mmengine - INFO - Epoch(train) [170][100/400]  base_lr: 1.0000e-02 lr: 1.6840e-03  eta: 10:49:41  time: 3.3373  data_time: 0.0063  memory: 10825  grad_norm: 16.6184  loss: 17.9177  loss_cls: 3.3147  loss_bbox: 6.9235  loss_dfl: 7.6795
2025/07/07 06:49:02 - mmengine - INFO - Epoch(train) [170][150/400]  base_lr: 1.0000e-02 lr: 1.6840e-03  eta: 10:47:04  time: 3.3378  data_time: 0.0064  memory: 10793  grad_norm: 16.6993  loss: 18.3829  loss_cls: 3.4180  loss_bbox: 7.1713  loss_dfl: 7.7936
2025/07/07 06:51:48 - mmengine - INFO - Epoch(train) [170][200/400]  base_lr: 1.0000e-02 lr: 1.6840e-03  eta: 10:44:28  time: 3.3379  data_time: 0.0064  memory: 10969  grad_norm: 16.2958  loss: 18.0454  loss_cls: 3.3562  loss_bbox: 6.9910  loss_dfl: 7.6983
2025/07/07 06:54:35 - mmengine - INFO - Epoch(train) [170][250/400]  base_lr: 1.0000e-02 lr: 1.6840e-03  eta: 10:41:52  time: 3.3378  data_time: 0.0064  memory: 10825  grad_norm: 16.2688  loss: 18.1952  loss_cls: 3.3394  loss_bbox: 7.0989  loss_dfl: 7.7569
2025/07/07 06:57:03 - mmengine - INFO - Epoch(train) [170][300/400]  base_lr: 1.0000e-02 lr: 1.6840e-03  eta: 10:39:10  time: 2.9458  data_time: 0.0064  memory: 10879  grad_norm: 18.0026  loss: 18.3817  loss_cls: 3.4881  loss_bbox: 7.0903  loss_dfl: 7.8034
2025/07/07 06:58:44 - mmengine - INFO - Epoch(train) [170][350/400]  base_lr: 1.0000e-02 lr: 1.6840e-03  eta: 10:36:17  time: 2.0343  data_time: 0.0065  memory: 10911  grad_norm: 18.0008  loss: 18.5380  loss_cls: 3.5410  loss_bbox: 7.2047  loss_dfl: 7.7924
2025/07/07 07:01:30 - mmengine - INFO - Exp name: yolov8_mambatransformer_enhance_20250705_110818
2025/07/07 07:01:30 - mmengine - INFO - Epoch(train) [170][400/400]  base_lr: 1.0000e-02 lr: 1.6840e-03  eta: 10:33:40  time: 3.3070  data_time: 0.0055  memory: 10633  grad_norm: 16.8517  loss: 18.3906  loss_cls: 3.4148  loss_bbox: 7.1452  loss_dfl: 7.8306
2025/07/07 07:01:30 - mmengine - INFO - Saving checkpoint at 170 epochs
2025/07/07 07:01:38 - mmengine - INFO - Epoch(val) [170][ 50/800]    eta: 0:01:16  time: 0.1023  data_time: 0.0010  memory: 1000  
2025/07/07 07:01:44 - mmengine - INFO - Epoch(val) [170][100/800]    eta: 0:01:14  time: 0.1106  data_time: 0.0004  memory: 1000  
2025/07/07 07:01:49 - mmengine - INFO - Epoch(val) [170][150/800]    eta: 0:01:10  time: 0.1107  data_time: 0.0004  memory: 1000  
2025/07/07 07:01:55 - mmengine - INFO - Epoch(val) [170][200/800]    eta: 0:01:05  time: 0.1110  data_time: 0.0004  memory: 1000  
2025/07/07 07:02:00 - mmengine - INFO - Epoch(val) [170][250/800]    eta: 0:00:59  time: 0.1106  data_time: 0.0004  memory: 1000  
2025/07/07 07:02:06 - mmengine - INFO - Epoch(val) [170][300/800]    eta: 0:00:54  time: 0.1106  data_time: 0.0004  memory: 1000  
2025/07/07 07:02:12 - mmengine - INFO - Epoch(val) [170][350/800]    eta: 0:00:49  time: 0.1102  data_time: 0.0004  memory: 1000  
2025/07/07 07:02:17 - mmengine - INFO - Epoch(val) [170][400/800]    eta: 0:00:43  time: 0.1101  data_time: 0.0004  memory: 1000  
2025/07/07 07:02:23 - mmengine - INFO - Epoch(val) [170][450/800]    eta: 0:00:38  time: 0.1105  data_time: 0.0004  memory: 1000  
2025/07/07 07:02:28 - mmengine - INFO - Epoch(val) [170][500/800]    eta: 0:00:32  time: 0.1108  data_time: 0.0004  memory: 1000  
2025/07/07 07:02:34 - mmengine - INFO - Epoch(val) [170][550/800]    eta: 0:00:27  time: 0.1111  data_time: 0.0004  memory: 1000  
2025/07/07 07:02:39 - mmengine - INFO - Epoch(val) [170][600/800]    eta: 0:00:21  time: 0.1109  data_time: 0.0004  memory: 1000  
2025/07/07 07:02:45 - mmengine - INFO - Epoch(val) [170][650/800]    eta: 0:00:16  time: 0.1109  data_time: 0.0004  memory: 1000  
2025/07/07 07:02:50 - mmengine - INFO - Epoch(val) [170][700/800]    eta: 0:00:11  time: 0.1111  data_time: 0.0004  memory: 1000  
2025/07/07 07:02:56 - mmengine - INFO - Epoch(val) [170][750/800]    eta: 0:00:05  time: 0.1109  data_time: 0.0004  memory: 1000  
2025/07/07 07:03:02 - mmengine - INFO - Epoch(val) [170][800/800]    eta: 0:00:00  time: 0.1105  data_time: 0.0004  memory: 1000  
2025/07/07 07:03:03 - mmengine - INFO - Evaluating bbox...
2025/07/07 07:03:13 - mmengine - INFO - 
+-------------+-------+--------+--------+-------+-------+-------+
| category    | mAP   | mAP_50 | mAP_75 | mAP_s | mAP_m | mAP_l |
+-------------+-------+--------+--------+-------+-------+-------+
| car         | 0.705 | 0.966  | 0.859  | 0.494 | 0.734 | 0.0   |
| truck       | 0.542 | 0.761  | 0.652  | 0.098 | 0.533 | 0.611 |
| bus         | 0.759 | 0.962  | 0.892  | 0.0   | 0.719 | 0.829 |
| van         | 0.522 | 0.71   | 0.647  | 0.257 | 0.514 | 0.849 |
| freight_car | 0.503 | 0.698  | 0.593  | 0.165 | 0.487 | 0.612 |
+-------------+-------+--------+--------+-------+-------+-------+
2025/07/07 07:03:13 - mmengine - INFO - bbox_mAP_copypaste: 0.606 0.820 0.728 0.203 0.597 0.580
2025/07/07 07:03:14 - mmengine - INFO - Epoch(val) [170][800/800]    coco/car_precision: 0.7050  coco/truck_precision: 0.5420  coco/bus_precision: 0.7590  coco/van_precision: 0.5220  coco/freight_car_precision: 0.5030  coco/bbox_mAP: 0.6060  coco/bbox_mAP_50: 0.8200  coco/bbox_mAP_75: 0.7280  coco/bbox_mAP_s: 0.2030  coco/bbox_mAP_m: 0.5970  coco/bbox_mAP_l: 0.5800  data_time: 0.0004  time: 0.1102
2025/07/07 07:06:00 - mmengine - INFO - Epoch(train) [171][ 50/400]  base_lr: 1.0000e-02 lr: 1.6345e-03  eta: 10:31:04  time: 3.3351  data_time: 0.0295  memory: 11039  grad_norm: 16.7935  loss: 18.1574  loss_cls: 3.4109  loss_bbox: 7.0159  loss_dfl: 7.7306
2025/07/07 07:08:46 - mmengine - INFO - Epoch(train) [171][100/400]  base_lr: 1.0000e-02 lr: 1.6345e-03  eta: 10:28:28  time: 3.3114  data_time: 0.0057  memory: 10831  grad_norm: 17.3878  loss: 18.2907  loss_cls: 3.4420  loss_bbox: 7.0631  loss_dfl: 7.7856
2025/07/07 07:11:31 - mmengine - INFO - Epoch(train) [171][150/400]  base_lr: 1.0000e-02 lr: 1.6345e-03  eta: 10:25:51  time: 3.3112  data_time: 0.0058  memory: 10708  grad_norm: 17.2403  loss: 18.2257  loss_cls: 3.3773  loss_bbox: 6.9792  loss_dfl: 7.8692
2025/07/07 07:14:17 - mmengine - INFO - Epoch(train) [171][200/400]  base_lr: 1.0000e-02 lr: 1.6345e-03  eta: 10:23:14  time: 3.3117  data_time: 0.0057  memory: 10810  grad_norm: 17.6145  loss: 18.3585  loss_cls: 3.4588  loss_bbox: 7.1536  loss_dfl: 7.7461
2025/07/07 07:17:02 - mmengine - INFO - Epoch(train) [171][250/400]  base_lr: 1.0000e-02 lr: 1.6345e-03  eta: 10:20:38  time: 3.3072  data_time: 0.0058  memory: 10724  grad_norm: 16.2454  loss: 18.1682  loss_cls: 3.3968  loss_bbox: 7.0544  loss_dfl: 7.7169
2025/07/07 07:19:48 - mmengine - INFO - Epoch(train) [171][300/400]  base_lr: 1.0000e-02 lr: 1.6345e-03  eta: 10:18:01  time: 3.3123  data_time: 0.0058  memory: 10820  grad_norm: 16.3258  loss: 18.1416  loss_cls: 3.3819  loss_bbox: 7.0524  loss_dfl: 7.7073
2025/07/07 07:22:34 - mmengine - INFO - Epoch(train) [171][350/400]  base_lr: 1.0000e-02 lr: 1.6345e-03  eta: 10:15:24  time: 3.3125  data_time: 0.0058  memory: 11028  grad_norm: 17.5026  loss: 18.4739  loss_cls: 3.4820  loss_bbox: 7.1579  loss_dfl: 7.8339
2025/07/07 07:25:19 - mmengine - INFO - Exp name: yolov8_mambatransformer_enhance_20250705_110818
2025/07/07 07:25:19 - mmengine - INFO - Epoch(train) [171][400/400]  base_lr: 1.0000e-02 lr: 1.6345e-03  eta: 10:12:48  time: 3.3112  data_time: 0.0055  memory: 10687  grad_norm: 16.5961  loss: 18.0892  loss_cls: 3.3332  loss_bbox: 6.9943  loss_dfl: 7.7616
2025/07/07 07:25:19 - mmengine - INFO - Saving checkpoint at 171 epochs
2025/07/07 07:25:28 - mmengine - INFO - Epoch(val) [171][ 50/800]    eta: 0:01:22  time: 0.1105  data_time: 0.0009  memory: 1000  
2025/07/07 07:25:34 - mmengine - INFO - Epoch(val) [171][100/800]    eta: 0:01:17  time: 0.1108  data_time: 0.0004  memory: 1000  
2025/07/07 07:25:39 - mmengine - INFO - Epoch(val) [171][150/800]    eta: 0:01:11  time: 0.1101  data_time: 0.0004  memory: 1000  
2025/07/07 07:25:44 - mmengine - INFO - Epoch(val) [171][200/800]    eta: 0:01:05  time: 0.1020  data_time: 0.0004  memory: 1000  
2025/07/07 07:25:49 - mmengine - INFO - Epoch(val) [171][250/800]    eta: 0:00:57  time: 0.0937  data_time: 0.0004  memory: 1000  
2025/07/07 07:25:54 - mmengine - INFO - Epoch(val) [171][300/800]    eta: 0:00:52  time: 0.1041  data_time: 0.0004  memory: 1000  
2025/07/07 07:25:59 - mmengine - INFO - Epoch(val) [171][350/800]    eta: 0:00:47  time: 0.1036  data_time: 0.0004  memory: 1000  
2025/07/07 07:26:05 - mmengine - INFO - Epoch(val) [171][400/800]    eta: 0:00:41  time: 0.1043  data_time: 0.0004  memory: 1000  
2025/07/07 07:26:10 - mmengine - INFO - Epoch(val) [171][450/800]    eta: 0:00:36  time: 0.1034  data_time: 0.0004  memory: 1000  
2025/07/07 07:26:15 - mmengine - INFO - Epoch(val) [171][500/800]    eta: 0:00:31  time: 0.1039  data_time: 0.0004  memory: 1000  
2025/07/07 07:26:20 - mmengine - INFO - Epoch(val) [171][550/800]    eta: 0:00:26  time: 0.1036  data_time: 0.0004  memory: 1000  
2025/07/07 07:26:26 - mmengine - INFO - Epoch(val) [171][600/800]    eta: 0:00:20  time: 0.1037  data_time: 0.0004  memory: 1000  
2025/07/07 07:26:31 - mmengine - INFO - Epoch(val) [171][650/800]    eta: 0:00:15  time: 0.1035  data_time: 0.0004  memory: 1000  
2025/07/07 07:26:36 - mmengine - INFO - Epoch(val) [171][700/800]    eta: 0:00:10  time: 0.1033  data_time: 0.0004  memory: 1000  
2025/07/07 07:26:41 - mmengine - INFO - Epoch(val) [171][750/800]    eta: 0:00:05  time: 0.1043  data_time: 0.0004  memory: 1000  
2025/07/07 07:26:46 - mmengine - INFO - Epoch(val) [171][800/800]    eta: 0:00:00  time: 0.1023  data_time: 0.0004  memory: 1000  
2025/07/07 07:26:47 - mmengine - INFO - Evaluating bbox...
2025/07/07 07:27:00 - mmengine - INFO - 
+-------------+-------+--------+--------+-------+-------+-------+
| category    | mAP   | mAP_50 | mAP_75 | mAP_s | mAP_m | mAP_l |
+-------------+-------+--------+--------+-------+-------+-------+
| car         | 0.705 | 0.966  | 0.859  | 0.494 | 0.734 | 0.0   |
| truck       | 0.541 | 0.761  | 0.652  | 0.101 | 0.533 | 0.611 |
| bus         | 0.758 | 0.962  | 0.892  | 0.0   | 0.718 | 0.828 |
| van         | 0.522 | 0.71   | 0.646  | 0.253 | 0.514 | 0.846 |
| freight_car | 0.504 | 0.699  | 0.598  | 0.168 | 0.488 | 0.611 |
+-------------+-------+--------+--------+-------+-------+-------+
2025/07/07 07:27:00 - mmengine - INFO - bbox_mAP_copypaste: 0.606 0.820 0.729 0.203 0.597 0.579
2025/07/07 07:27:00 - mmengine - INFO - Epoch(val) [171][800/800]    coco/car_precision: 0.7050  coco/truck_precision: 0.5410  coco/bus_precision: 0.7580  coco/van_precision: 0.5220  coco/freight_car_precision: 0.5040  coco/bbox_mAP: 0.6060  coco/bbox_mAP_50: 0.8200  coco/bbox_mAP_75: 0.7290  coco/bbox_mAP_s: 0.2030  coco/bbox_mAP_m: 0.5970  coco/bbox_mAP_l: 0.5790  data_time: 0.0004  time: 0.1042
2025/07/07 07:29:19 - mmengine - INFO - Epoch(train) [172][ 50/400]  base_lr: 1.0000e-02 lr: 1.5850e-03  eta: 10:10:04  time: 2.7871  data_time: 0.0392  memory: 10889  grad_norm: 17.4211  loss: 18.2109  loss_cls: 3.4114  loss_bbox: 7.0363  loss_dfl: 7.7632
2025/07/07 07:32:05 - mmengine - INFO - Epoch(train) [172][100/400]  base_lr: 1.0000e-02 lr: 1.5850e-03  eta: 10:07:28  time: 3.3133  data_time: 0.0057  memory: 10825  grad_norm: 17.6990  loss: 18.3635  loss_cls: 3.4150  loss_bbox: 7.1926  loss_dfl: 7.7559
2025/07/07 07:34:50 - mmengine - INFO - Epoch(train) [172][150/400]  base_lr: 1.0000e-02 lr: 1.5850e-03  eta: 10:04:51  time: 3.3085  data_time: 0.0057  memory: 10831  grad_norm: 16.2475  loss: 18.1796  loss_cls: 3.3478  loss_bbox: 7.0963  loss_dfl: 7.7355
2025/07/07 07:37:36 - mmengine - INFO - Epoch(train) [172][200/400]  base_lr: 1.0000e-02 lr: 1.5850e-03  eta: 10:02:14  time: 3.3090  data_time: 0.0057  memory: 10692  grad_norm: 16.8769  loss: 18.3570  loss_cls: 3.4934  loss_bbox: 7.0889  loss_dfl: 7.7747
2025/07/07 07:40:21 - mmengine - INFO - Epoch(train) [172][250/400]  base_lr: 1.0000e-02 lr: 1.5850e-03  eta: 9:59:37  time: 3.3108  data_time: 0.0057  memory: 10719  grad_norm: 16.5792  loss: 18.0457  loss_cls: 3.3426  loss_bbox: 6.9664  loss_dfl: 7.7367
2025/07/07 07:43:07 - mmengine - INFO - Epoch(train) [172][300/400]  base_lr: 1.0000e-02 lr: 1.5850e-03  eta: 9:57:01  time: 3.3101  data_time: 0.0057  memory: 10932  grad_norm: 17.5091  loss: 18.2564  loss_cls: 3.4124  loss_bbox: 7.0464  loss_dfl: 7.7976
2025/07/07 07:45:52 - mmengine - INFO - Epoch(train) [172][350/400]  base_lr: 1.0000e-02 lr: 1.5850e-03  eta: 9:54:24  time: 3.3083  data_time: 0.0057  memory: 10772  grad_norm: 17.9629  loss: 18.3124  loss_cls: 3.4630  loss_bbox: 7.1121  loss_dfl: 7.7374
2025/07/07 07:48:38 - mmengine - INFO - Exp name: yolov8_mambatransformer_enhance_20250705_110818
2025/07/07 07:48:38 - mmengine - INFO - Epoch(train) [172][400/400]  base_lr: 1.0000e-02 lr: 1.5850e-03  eta: 9:51:47  time: 3.3096  data_time: 0.0056  memory: 10841  grad_norm: 17.3171  loss: 18.2501  loss_cls: 3.4277  loss_bbox: 7.0722  loss_dfl: 7.7502
2025/07/07 07:48:38 - mmengine - INFO - Saving checkpoint at 172 epochs
2025/07/07 07:48:46 - mmengine - INFO - Epoch(val) [172][ 50/800]    eta: 0:01:19  time: 0.1055  data_time: 0.0009  memory: 1000  
2025/07/07 07:48:51 - mmengine - INFO - Epoch(val) [172][100/800]    eta: 0:01:13  time: 0.1047  data_time: 0.0005  memory: 1000  
2025/07/07 07:48:57 - mmengine - INFO - Epoch(val) [172][150/800]    eta: 0:01:11  time: 0.1195  data_time: 0.0005  memory: 1000  
2025/07/07 07:49:03 - mmengine - INFO - Epoch(val) [172][200/800]    eta: 0:01:07  time: 0.1198  data_time: 0.0005  memory: 1000  
2025/07/07 07:49:09 - mmengine - INFO - Epoch(val) [172][250/800]    eta: 0:01:01  time: 0.1067  data_time: 0.0004  memory: 1000  
2025/07/07 07:49:13 - mmengine - INFO - Epoch(val) [172][300/800]    eta: 0:00:54  time: 0.0923  data_time: 0.0004  memory: 1000  
2025/07/07 07:49:18 - mmengine - INFO - Epoch(val) [172][350/800]    eta: 0:00:47  time: 0.0924  data_time: 0.0004  memory: 1000  
2025/07/07 07:49:23 - mmengine - INFO - Epoch(val) [172][400/800]    eta: 0:00:41  time: 0.0957  data_time: 0.0004  memory: 1000  
2025/07/07 07:49:28 - mmengine - INFO - Epoch(val) [172][450/800]    eta: 0:00:36  time: 0.0981  data_time: 0.0004  memory: 1000  
2025/07/07 07:49:33 - mmengine - INFO - Epoch(val) [172][500/800]    eta: 0:00:30  time: 0.0937  data_time: 0.0004  memory: 1000  
2025/07/07 07:49:37 - mmengine - INFO - Epoch(val) [172][550/800]    eta: 0:00:25  time: 0.0922  data_time: 0.0004  memory: 1000  
2025/07/07 07:49:42 - mmengine - INFO - Epoch(val) [172][600/800]    eta: 0:00:20  time: 0.0921  data_time: 0.0004  memory: 1000  
2025/07/07 07:49:47 - mmengine - INFO - Epoch(val) [172][650/800]    eta: 0:00:15  time: 0.0950  data_time: 0.0005  memory: 1000  
2025/07/07 07:49:51 - mmengine - INFO - Epoch(val) [172][700/800]    eta: 0:00:10  time: 0.0925  data_time: 0.0004  memory: 1000  
2025/07/07 07:49:56 - mmengine - INFO - Epoch(val) [172][750/800]    eta: 0:00:04  time: 0.0988  data_time: 0.0004  memory: 1000  
2025/07/07 07:50:02 - mmengine - INFO - Epoch(val) [172][800/800]    eta: 0:00:00  time: 0.1110  data_time: 0.0004  memory: 1000  
2025/07/07 07:50:03 - mmengine - INFO - Evaluating bbox...
2025/07/07 07:50:14 - mmengine - INFO - 
+-------------+-------+--------+--------+-------+-------+-------+
| category    | mAP   | mAP_50 | mAP_75 | mAP_s | mAP_m | mAP_l |
+-------------+-------+--------+--------+-------+-------+-------+
| car         | 0.705 | 0.966  | 0.859  | 0.494 | 0.734 | 0.0   |
| truck       | 0.541 | 0.761  | 0.653  | 0.102 | 0.533 | 0.611 |
| bus         | 0.758 | 0.962  | 0.89   | 0.0   | 0.718 | 0.83  |
| van         | 0.523 | 0.709  | 0.646  | 0.254 | 0.514 | 0.849 |
| freight_car | 0.504 | 0.699  | 0.598  | 0.168 | 0.488 | 0.614 |
+-------------+-------+--------+--------+-------+-------+-------+
2025/07/07 07:50:14 - mmengine - INFO - bbox_mAP_copypaste: 0.606 0.819 0.729 0.204 0.597 0.581
2025/07/07 07:50:14 - mmengine - INFO - Epoch(val) [172][800/800]    coco/car_precision: 0.7050  coco/truck_precision: 0.5410  coco/bus_precision: 0.7580  coco/van_precision: 0.5230  coco/freight_car_precision: 0.5040  coco/bbox_mAP: 0.6060  coco/bbox_mAP_50: 0.8190  coco/bbox_mAP_75: 0.7290  coco/bbox_mAP_s: 0.2040  coco/bbox_mAP_m: 0.5970  coco/bbox_mAP_l: 0.5810  data_time: 0.0005  time: 0.1006
2025/07/07 07:53:01 - mmengine - INFO - Epoch(train) [173][ 50/400]  base_lr: 1.0000e-02 lr: 1.5355e-03  eta: 9:49:10  time: 3.3346  data_time: 0.0274  memory: 11017  grad_norm: 17.2107  loss: 18.2028  loss_cls: 3.3324  loss_bbox: 7.0828  loss_dfl: 7.7876
2025/07/07 07:55:30 - mmengine - INFO - Epoch(train) [173][100/400]  base_lr: 1.0000e-02 lr: 1.5355e-03  eta: 9:46:30  time: 2.9927  data_time: 0.0059  memory: 10847  grad_norm: 16.8456  loss: 18.1946  loss_cls: 3.3907  loss_bbox: 7.0885  loss_dfl: 7.7154
2025/07/07 07:57:11 - mmengine - INFO - Epoch(train) [173][150/400]  base_lr: 1.0000e-02 lr: 1.5355e-03  eta: 9:43:38  time: 2.0165  data_time: 0.0063  memory: 10708  grad_norm: 16.4200  loss: 18.1826  loss_cls: 3.3434  loss_bbox: 7.1375  loss_dfl: 7.7016
2025/07/07 07:59:56 - mmengine - INFO - Exp name: yolov8_mambatransformer_enhance_20250705_110818
2025/07/07 07:59:56 - mmengine - INFO - Epoch(train) [173][200/400]  base_lr: 1.0000e-02 lr: 1.5355e-03  eta: 9:41:01  time: 3.3070  data_time: 0.0058  memory: 11071  grad_norm: 17.3539  loss: 18.1535  loss_cls: 3.4204  loss_bbox: 7.0337  loss_dfl: 7.6994
2025/07/07 08:02:42 - mmengine - INFO - Epoch(train) [173][250/400]  base_lr: 1.0000e-02 lr: 1.5355e-03  eta: 9:38:24  time: 3.3083  data_time: 0.0058  memory: 11225  grad_norm: 17.8650  loss: 18.4169  loss_cls: 3.4829  loss_bbox: 7.1617  loss_dfl: 7.7723
2025/07/07 08:05:27 - mmengine - INFO - Epoch(train) [173][300/400]  base_lr: 1.0000e-02 lr: 1.5355e-03  eta: 9:35:47  time: 3.3091  data_time: 0.0058  memory: 10905  grad_norm: 16.6911  loss: 18.0503  loss_cls: 3.3456  loss_bbox: 7.0201  loss_dfl: 7.6846
2025/07/07 08:08:13 - mmengine - INFO - Epoch(train) [173][350/400]  base_lr: 1.0000e-02 lr: 1.5355e-03  eta: 9:33:10  time: 3.3132  data_time: 0.0059  memory: 10788  grad_norm: 16.7620  loss: 18.1567  loss_cls: 3.3697  loss_bbox: 7.0670  loss_dfl: 7.7200
2025/07/07 08:10:59 - mmengine - INFO - Exp name: yolov8_mambatransformer_enhance_20250705_110818
2025/07/07 08:10:59 - mmengine - INFO - Epoch(train) [173][400/400]  base_lr: 1.0000e-02 lr: 1.5355e-03  eta: 9:30:33  time: 3.3135  data_time: 0.0060  memory: 10719  grad_norm: 17.5170  loss: 18.2421  loss_cls: 3.3663  loss_bbox: 7.1327  loss_dfl: 7.7432
2025/07/07 08:10:59 - mmengine - INFO - Saving checkpoint at 173 epochs
2025/07/07 08:11:08 - mmengine - INFO - Epoch(val) [173][ 50/800]    eta: 0:01:23  time: 0.1116  data_time: 0.0009  memory: 1000  
2025/07/07 08:11:13 - mmengine - INFO - Epoch(val) [173][100/800]    eta: 0:01:17  time: 0.1110  data_time: 0.0004  memory: 1000  
2025/07/07 08:11:19 - mmengine - INFO - Epoch(val) [173][150/800]    eta: 0:01:12  time: 0.1107  data_time: 0.0003  memory: 1000  
2025/07/07 08:11:24 - mmengine - INFO - Epoch(val) [173][200/800]    eta: 0:01:06  time: 0.1107  data_time: 0.0004  memory: 1000  
2025/07/07 08:11:30 - mmengine - INFO - Epoch(val) [173][250/800]    eta: 0:01:00  time: 0.1045  data_time: 0.0003  memory: 1000  
2025/07/07 08:11:35 - mmengine - INFO - Epoch(val) [173][300/800]    eta: 0:00:54  time: 0.1108  data_time: 0.0004  memory: 1000  
2025/07/07 08:11:41 - mmengine - INFO - Epoch(val) [173][350/800]    eta: 0:00:49  time: 0.1111  data_time: 0.0003  memory: 1000  
2025/07/07 08:11:46 - mmengine - INFO - Epoch(val) [173][400/800]    eta: 0:00:44  time: 0.1110  data_time: 0.0004  memory: 1000  
2025/07/07 08:11:52 - mmengine - INFO - Epoch(val) [173][450/800]    eta: 0:00:38  time: 0.1108  data_time: 0.0004  memory: 1000  
2025/07/07 08:11:57 - mmengine - INFO - Epoch(val) [173][500/800]    eta: 0:00:33  time: 0.1110  data_time: 0.0004  memory: 1000  
2025/07/07 08:12:03 - mmengine - INFO - Epoch(val) [173][550/800]    eta: 0:00:27  time: 0.1111  data_time: 0.0004  memory: 1000  
2025/07/07 08:12:09 - mmengine - INFO - Epoch(val) [173][600/800]    eta: 0:00:22  time: 0.1109  data_time: 0.0004  memory: 1000  
2025/07/07 08:12:14 - mmengine - INFO - Epoch(val) [173][650/800]    eta: 0:00:16  time: 0.1107  data_time: 0.0004  memory: 1000  
2025/07/07 08:12:20 - mmengine - INFO - Epoch(val) [173][700/800]    eta: 0:00:11  time: 0.1112  data_time: 0.0004  memory: 1000  
2025/07/07 08:12:25 - mmengine - INFO - Epoch(val) [173][750/800]    eta: 0:00:05  time: 0.1109  data_time: 0.0004  memory: 1000  
2025/07/07 08:12:31 - mmengine - INFO - Epoch(val) [173][800/800]    eta: 0:00:00  time: 0.1106  data_time: 0.0004  memory: 1000  
2025/07/07 08:12:32 - mmengine - INFO - Evaluating bbox...
2025/07/07 08:12:43 - mmengine - INFO - 
+-------------+-------+--------+--------+-------+-------+-------+
| category    | mAP   | mAP_50 | mAP_75 | mAP_s | mAP_m | mAP_l |
+-------------+-------+--------+--------+-------+-------+-------+
| car         | 0.705 | 0.966  | 0.859  | 0.494 | 0.734 | 0.0   |
| truck       | 0.542 | 0.761  | 0.654  | 0.102 | 0.534 | 0.612 |
| bus         | 0.758 | 0.962  | 0.893  | 0.0   | 0.717 | 0.829 |
| van         | 0.522 | 0.709  | 0.646  | 0.253 | 0.514 | 0.847 |
| freight_car | 0.503 | 0.698  | 0.598  | 0.168 | 0.487 | 0.613 |
+-------------+-------+--------+--------+-------+-------+-------+
2025/07/07 08:12:43 - mmengine - INFO - bbox_mAP_copypaste: 0.606 0.819 0.730 0.203 0.597 0.580
2025/07/07 08:12:43 - mmengine - INFO - Epoch(val) [173][800/800]    coco/car_precision: 0.7050  coco/truck_precision: 0.5420  coco/bus_precision: 0.7580  coco/van_precision: 0.5220  coco/freight_car_precision: 0.5030  coco/bbox_mAP: 0.6060  coco/bbox_mAP_50: 0.8190  coco/bbox_mAP_75: 0.7300  coco/bbox_mAP_s: 0.2030  coco/bbox_mAP_m: 0.5970  coco/bbox_mAP_l: 0.5800  data_time: 0.0004  time: 0.1105
2025/07/07 08:15:29 - mmengine - INFO - Epoch(train) [174][ 50/400]  base_lr: 1.0000e-02 lr: 1.4860e-03  eta: 9:27:57  time: 3.3337  data_time: 0.0285  memory: 10751  grad_norm: 17.3874  loss: 18.0949  loss_cls: 3.3261  loss_bbox: 6.9767  loss_dfl: 7.7921
2025/07/07 08:18:15 - mmengine - INFO - Epoch(train) [174][100/400]  base_lr: 1.0000e-02 lr: 1.4860e-03  eta: 9:25:20  time: 3.3168  data_time: 0.0056  memory: 10692  grad_norm: 17.0309  loss: 17.9401  loss_cls: 3.2419  loss_bbox: 6.9359  loss_dfl: 7.7623
2025/07/07 08:21:01 - mmengine - INFO - Epoch(train) [174][150/400]  base_lr: 1.0000e-02 lr: 1.4860e-03  eta: 9:22:43  time: 3.3206  data_time: 0.0069  memory: 11209  grad_norm: 17.1000  loss: 18.1399  loss_cls: 3.3288  loss_bbox: 7.0439  loss_dfl: 7.7672
2025/07/07 08:23:47 - mmengine - INFO - Epoch(train) [174][200/400]  base_lr: 1.0000e-02 lr: 1.4860e-03  eta: 9:20:06  time: 3.3111  data_time: 0.0056  memory: 10692  grad_norm: 18.8950  loss: 18.3180  loss_cls: 3.4023  loss_bbox: 7.0981  loss_dfl: 7.8175
2025/07/07 08:25:45 - mmengine - INFO - Epoch(train) [174][250/400]  base_lr: 1.0000e-02 lr: 1.4860e-03  eta: 9:17:19  time: 2.3567  data_time: 0.0062  memory: 10810  grad_norm: 16.8172  loss: 18.1901  loss_cls: 3.3770  loss_bbox: 7.0925  loss_dfl: 7.7206
2025/07/07 08:27:55 - mmengine - INFO - Epoch(train) [174][300/400]  base_lr: 1.0000e-02 lr: 1.4860e-03  eta: 9:14:34  time: 2.6006  data_time: 0.0060  memory: 10687  grad_norm: 17.4669  loss: 18.0665  loss_cls: 3.3586  loss_bbox: 6.9464  loss_dfl: 7.7615
2025/07/07 08:30:40 - mmengine - INFO - Epoch(train) [174][350/400]  base_lr: 1.0000e-02 lr: 1.4860e-03  eta: 9:11:57  time: 3.3106  data_time: 0.0059  memory: 10761  grad_norm: 17.9330  loss: 18.4170  loss_cls: 3.4476  loss_bbox: 7.1624  loss_dfl: 7.8070
2025/07/07 08:33:26 - mmengine - INFO - Exp name: yolov8_mambatransformer_enhance_20250705_110818
2025/07/07 08:33:26 - mmengine - INFO - Epoch(train) [174][400/400]  base_lr: 1.0000e-02 lr: 1.4860e-03  eta: 9:09:20  time: 3.3203  data_time: 0.0060  memory: 10868  grad_norm: 17.4731  loss: 18.2312  loss_cls: 3.3752  loss_bbox: 7.0791  loss_dfl: 7.7770
2025/07/07 08:33:26 - mmengine - INFO - Saving checkpoint at 174 epochs
2025/07/07 08:33:35 - mmengine - INFO - Epoch(val) [174][ 50/800]    eta: 0:01:23  time: 0.1113  data_time: 0.0009  memory: 1000  
2025/07/07 08:33:41 - mmengine - INFO - Epoch(val) [174][100/800]    eta: 0:01:17  time: 0.1104  data_time: 0.0004  memory: 1000  
2025/07/07 08:33:46 - mmengine - INFO - Epoch(val) [174][150/800]    eta: 0:01:11  time: 0.1097  data_time: 0.0003  memory: 1000  
2025/07/07 08:33:52 - mmengine - INFO - Epoch(val) [174][200/800]    eta: 0:01:06  time: 0.1094  data_time: 0.0003  memory: 1000  
2025/07/07 08:33:57 - mmengine - INFO - Epoch(val) [174][250/800]    eta: 0:01:00  time: 0.1093  data_time: 0.0003  memory: 1000  
2025/07/07 08:34:03 - mmengine - INFO - Epoch(val) [174][300/800]    eta: 0:00:54  time: 0.1097  data_time: 0.0004  memory: 1000  
2025/07/07 08:34:08 - mmengine - INFO - Epoch(val) [174][350/800]    eta: 0:00:49  time: 0.1092  data_time: 0.0004  memory: 1000  
2025/07/07 08:34:14 - mmengine - INFO - Epoch(val) [174][400/800]    eta: 0:00:43  time: 0.1091  data_time: 0.0003  memory: 1000  
2025/07/07 08:34:19 - mmengine - INFO - Epoch(val) [174][450/800]    eta: 0:00:38  time: 0.1092  data_time: 0.0003  memory: 1000  
2025/07/07 08:34:25 - mmengine - INFO - Epoch(val) [174][500/800]    eta: 0:00:32  time: 0.1099  data_time: 0.0003  memory: 1000  
2025/07/07 08:34:30 - mmengine - INFO - Epoch(val) [174][550/800]    eta: 0:00:27  time: 0.1096  data_time: 0.0004  memory: 1000  
2025/07/07 08:34:36 - mmengine - INFO - Epoch(val) [174][600/800]    eta: 0:00:21  time: 0.1092  data_time: 0.0004  memory: 1000  
2025/07/07 08:34:41 - mmengine - INFO - Epoch(val) [174][650/800]    eta: 0:00:16  time: 0.1096  data_time: 0.0003  memory: 1000  
2025/07/07 08:34:47 - mmengine - INFO - Epoch(val) [174][700/800]    eta: 0:00:10  time: 0.1100  data_time: 0.0004  memory: 1000  
2025/07/07 08:34:52 - mmengine - INFO - Epoch(val) [174][750/800]    eta: 0:00:05  time: 0.1102  data_time: 0.0003  memory: 1000  
2025/07/07 08:34:58 - mmengine - INFO - Epoch(val) [174][800/800]    eta: 0:00:00  time: 0.1105  data_time: 0.0003  memory: 1000  
2025/07/07 08:34:59 - mmengine - INFO - Evaluating bbox...
2025/07/07 08:35:10 - mmengine - INFO - 
+-------------+-------+--------+--------+-------+-------+-------+
| category    | mAP   | mAP_50 | mAP_75 | mAP_s | mAP_m | mAP_l |
+-------------+-------+--------+--------+-------+-------+-------+
| car         | 0.705 | 0.966  | 0.86   | 0.494 | 0.734 | 0.0   |
| truck       | 0.542 | 0.761  | 0.654  | 0.1   | 0.534 | 0.612 |
| bus         | 0.758 | 0.961  | 0.892  | 0.0   | 0.717 | 0.829 |
| van         | 0.522 | 0.709  | 0.643  | 0.254 | 0.514 | 0.839 |
| freight_car | 0.503 | 0.699  | 0.597  | 0.168 | 0.486 | 0.611 |
+-------------+-------+--------+--------+-------+-------+-------+
2025/07/07 08:35:10 - mmengine - INFO - bbox_mAP_copypaste: 0.606 0.819 0.729 0.203 0.597 0.578
2025/07/07 08:35:10 - mmengine - INFO - Epoch(val) [174][800/800]    coco/car_precision: 0.7050  coco/truck_precision: 0.5420  coco/bus_precision: 0.7580  coco/van_precision: 0.5220  coco/freight_car_precision: 0.5030  coco/bbox_mAP: 0.6060  coco/bbox_mAP_50: 0.8190  coco/bbox_mAP_75: 0.7290  coco/bbox_mAP_s: 0.2030  coco/bbox_mAP_m: 0.5970  coco/bbox_mAP_l: 0.5780  data_time: 0.0004  time: 0.1097
2025/07/07 08:37:57 - mmengine - INFO - Epoch(train) [175][ 50/400]  base_lr: 1.0000e-02 lr: 1.4365e-03  eta: 9:06:44  time: 3.3357  data_time: 0.0266  memory: 10804  grad_norm: 16.5462  loss: 18.0331  loss_cls: 3.3032  loss_bbox: 7.0118  loss_dfl: 7.7182
2025/07/07 08:40:42 - mmengine - INFO - Epoch(train) [175][100/400]  base_lr: 1.0000e-02 lr: 1.4365e-03  eta: 9:04:07  time: 3.3131  data_time: 0.0056  memory: 10740  grad_norm: 17.6136  loss: 18.2897  loss_cls: 3.4101  loss_bbox: 7.0966  loss_dfl: 7.7830
2025/07/07 08:43:28 - mmengine - INFO - Epoch(train) [175][150/400]  base_lr: 1.0000e-02 lr: 1.4365e-03  eta: 9:01:30  time: 3.3144  data_time: 0.0056  memory: 10905  grad_norm: 17.4628  loss: 18.2572  loss_cls: 3.3717  loss_bbox: 7.1045  loss_dfl: 7.7811
2025/07/07 08:46:14 - mmengine - INFO - Epoch(train) [175][200/400]  base_lr: 1.0000e-02 lr: 1.4365e-03  eta: 8:58:53  time: 3.3157  data_time: 0.0056  memory: 10788  grad_norm: 16.3681  loss: 18.0041  loss_cls: 3.3318  loss_bbox: 7.0476  loss_dfl: 7.6246
2025/07/07 08:49:00 - mmengine - INFO - Epoch(train) [175][250/400]  base_lr: 1.0000e-02 lr: 1.4365e-03  eta: 8:56:16  time: 3.3167  data_time: 0.0057  memory: 10799  grad_norm: 16.4680  loss: 17.7846  loss_cls: 3.2470  loss_bbox: 6.9084  loss_dfl: 7.6292
2025/07/07 08:51:45 - mmengine - INFO - Epoch(train) [175][300/400]  base_lr: 1.0000e-02 lr: 1.4365e-03  eta: 8:53:39  time: 3.3146  data_time: 0.0059  memory: 10959  grad_norm: 17.2264  loss: 18.1179  loss_cls: 3.3604  loss_bbox: 7.0181  loss_dfl: 7.7393
2025/07/07 08:54:17 - mmengine - INFO - Epoch(train) [175][350/400]  base_lr: 1.0000e-02 lr: 1.4365e-03  eta: 8:50:59  time: 3.0284  data_time: 0.0063  memory: 10665  grad_norm: 17.4756  loss: 18.2642  loss_cls: 3.3798  loss_bbox: 7.0440  loss_dfl: 7.8403
2025/07/07 08:55:58 - mmengine - INFO - Exp name: yolov8_mambatransformer_enhance_20250705_110818
2025/07/07 08:55:58 - mmengine - INFO - Epoch(train) [175][400/400]  base_lr: 1.0000e-02 lr: 1.4365e-03  eta: 8:48:08  time: 2.0286  data_time: 0.0060  memory: 10767  grad_norm: 18.2247  loss: 18.3299  loss_cls: 3.4621  loss_bbox: 7.1068  loss_dfl: 7.7610
2025/07/07 08:55:58 - mmengine - INFO - Saving checkpoint at 175 epochs
2025/07/07 08:56:07 - mmengine - INFO - Epoch(val) [175][ 50/800]    eta: 0:01:23  time: 0.1116  data_time: 0.0009  memory: 1000  
2025/07/07 08:56:13 - mmengine - INFO - Epoch(val) [175][100/800]    eta: 0:01:17  time: 0.1110  data_time: 0.0004  memory: 1000  
2025/07/07 08:56:18 - mmengine - INFO - Epoch(val) [175][150/800]    eta: 0:01:11  time: 0.1073  data_time: 0.0004  memory: 1000  
2025/07/07 08:56:23 - mmengine - INFO - Epoch(val) [175][200/800]    eta: 0:01:03  time: 0.0928  data_time: 0.0004  memory: 1000  
2025/07/07 08:56:27 - mmengine - INFO - Epoch(val) [175][250/800]    eta: 0:00:56  time: 0.0907  data_time: 0.0003  memory: 1000  
2025/07/07 08:56:32 - mmengine - INFO - Epoch(val) [175][300/800]    eta: 0:00:50  time: 0.0915  data_time: 0.0003  memory: 1000  
2025/07/07 08:56:36 - mmengine - INFO - Epoch(val) [175][350/800]    eta: 0:00:44  time: 0.0901  data_time: 0.0003  memory: 1000  
2025/07/07 08:56:42 - mmengine - INFO - Epoch(val) [175][400/800]    eta: 0:00:40  time: 0.1049  data_time: 0.0003  memory: 1000  
2025/07/07 08:56:47 - mmengine - INFO - Epoch(val) [175][450/800]    eta: 0:00:35  time: 0.1108  data_time: 0.0004  memory: 1000  
2025/07/07 08:56:53 - mmengine - INFO - Epoch(val) [175][500/800]    eta: 0:00:30  time: 0.1108  data_time: 0.0003  memory: 1000  
2025/07/07 08:56:58 - mmengine - INFO - Epoch(val) [175][550/800]    eta: 0:00:25  time: 0.1110  data_time: 0.0003  memory: 1000  
2025/07/07 08:57:04 - mmengine - INFO - Epoch(val) [175][600/800]    eta: 0:00:20  time: 0.1109  data_time: 0.0003  memory: 1000  
2025/07/07 08:57:09 - mmengine - INFO - Epoch(val) [175][650/800]    eta: 0:00:15  time: 0.1107  data_time: 0.0003  memory: 1000  
2025/07/07 08:57:15 - mmengine - INFO - Epoch(val) [175][700/800]    eta: 0:00:10  time: 0.1113  data_time: 0.0003  memory: 1000  
2025/07/07 08:57:21 - mmengine - INFO - Epoch(val) [175][750/800]    eta: 0:00:05  time: 0.1107  data_time: 0.0003  memory: 1000  
2025/07/07 08:57:26 - mmengine - INFO - Epoch(val) [175][800/800]    eta: 0:00:00  time: 0.1108  data_time: 0.0003  memory: 1000  
2025/07/07 08:57:27 - mmengine - INFO - Evaluating bbox...
2025/07/07 08:57:38 - mmengine - INFO - 
+-------------+-------+--------+--------+-------+-------+-------+
| category    | mAP   | mAP_50 | mAP_75 | mAP_s | mAP_m | mAP_l |
+-------------+-------+--------+--------+-------+-------+-------+
| car         | 0.705 | 0.966  | 0.859  | 0.495 | 0.734 | 0.0   |
| truck       | 0.542 | 0.761  | 0.656  | 0.1   | 0.534 | 0.611 |
| bus         | 0.758 | 0.961  | 0.893  | 0.0   | 0.718 | 0.827 |
| van         | 0.521 | 0.709  | 0.643  | 0.255 | 0.513 | 0.84  |
| freight_car | 0.502 | 0.699  | 0.597  | 0.165 | 0.485 | 0.609 |
+-------------+-------+--------+--------+-------+-------+-------+
2025/07/07 08:57:38 - mmengine - INFO - bbox_mAP_copypaste: 0.606 0.819 0.730 0.203 0.597 0.577
2025/07/07 08:57:38 - mmengine - INFO - Epoch(val) [175][800/800]    coco/car_precision: 0.7050  coco/truck_precision: 0.5420  coco/bus_precision: 0.7580  coco/van_precision: 0.5210  coco/freight_car_precision: 0.5020  coco/bbox_mAP: 0.6060  coco/bbox_mAP_50: 0.8190  coco/bbox_mAP_75: 0.7300  coco/bbox_mAP_s: 0.2030  coco/bbox_mAP_m: 0.5970  coco/bbox_mAP_l: 0.5770  data_time: 0.0004  time: 0.1054
2025/07/07 09:00:25 - mmengine - INFO - Epoch(train) [176][ 50/400]  base_lr: 1.0000e-02 lr: 1.3870e-03  eta: 8:45:32  time: 3.3353  data_time: 0.0296  memory: 10868  grad_norm: 17.4124  loss: 18.0303  loss_cls: 3.3737  loss_bbox: 6.8902  loss_dfl: 7.7663
2025/07/07 09:03:11 - mmengine - INFO - Epoch(train) [176][100/400]  base_lr: 1.0000e-02 lr: 1.3870e-03  eta: 8:42:55  time: 3.3269  data_time: 0.0059  memory: 10873  grad_norm: 18.0152  loss: 18.2454  loss_cls: 3.4329  loss_bbox: 7.0420  loss_dfl: 7.7705
2025/07/07 09:05:57 - mmengine - INFO - Epoch(train) [176][150/400]  base_lr: 1.0000e-02 lr: 1.3870e-03  eta: 8:40:18  time: 3.3177  data_time: 0.0058  memory: 10852  grad_norm: 16.9073  loss: 17.8144  loss_cls: 3.2840  loss_bbox: 6.8469  loss_dfl: 7.6836
2025/07/07 09:08:43 - mmengine - INFO - Epoch(train) [176][200/400]  base_lr: 1.0000e-02 lr: 1.3870e-03  eta: 8:37:41  time: 3.3121  data_time: 0.0057  memory: 10671  grad_norm: 18.2714  loss: 18.4126  loss_cls: 3.3988  loss_bbox: 7.1944  loss_dfl: 7.8194
2025/07/07 09:11:29 - mmengine - INFO - Epoch(train) [176][250/400]  base_lr: 1.0000e-02 lr: 1.3870e-03  eta: 8:35:04  time: 3.3205  data_time: 0.0059  memory: 10868  grad_norm: 17.4590  loss: 17.8753  loss_cls: 3.3312  loss_bbox: 6.8721  loss_dfl: 7.6721
2025/07/07 09:14:15 - mmengine - INFO - Epoch(train) [176][300/400]  base_lr: 1.0000e-02 lr: 1.3870e-03  eta: 8:32:27  time: 3.3194  data_time: 0.0064  memory: 10724  grad_norm: 17.0933  loss: 17.8199  loss_cls: 3.2895  loss_bbox: 6.8499  loss_dfl: 7.6805
2025/07/07 09:17:00 - mmengine - INFO - Epoch(train) [176][350/400]  base_lr: 1.0000e-02 lr: 1.3870e-03  eta: 8:29:50  time: 3.3123  data_time: 0.0058  memory: 10719  grad_norm: 17.4188  loss: 18.0221  loss_cls: 3.3721  loss_bbox: 6.9519  loss_dfl: 7.6981
2025/07/07 09:19:47 - mmengine - INFO - Exp name: yolov8_mambatransformer_enhance_20250705_110818
2025/07/07 09:19:47 - mmengine - INFO - Epoch(train) [176][400/400]  base_lr: 1.0000e-02 lr: 1.3870e-03  eta: 8:27:13  time: 3.3322  data_time: 0.0058  memory: 10633  grad_norm: 16.7682  loss: 18.1150  loss_cls: 3.3199  loss_bbox: 7.0063  loss_dfl: 7.7889
2025/07/07 09:19:47 - mmengine - INFO - Saving checkpoint at 176 epochs
2025/07/07 09:19:55 - mmengine - INFO - Epoch(val) [176][ 50/800]    eta: 0:01:12  time: 0.0968  data_time: 0.0008  memory: 1000  
2025/07/07 09:20:00 - mmengine - INFO - Epoch(val) [176][100/800]    eta: 0:01:08  time: 0.0997  data_time: 0.0004  memory: 1000  
2025/07/07 09:20:06 - mmengine - INFO - Epoch(val) [176][150/800]    eta: 0:01:07  time: 0.1129  data_time: 0.0004  memory: 1000  
2025/07/07 09:20:11 - mmengine - INFO - Epoch(val) [176][200/800]    eta: 0:01:03  time: 0.1123  data_time: 0.0005  memory: 1000  
2025/07/07 09:20:17 - mmengine - INFO - Epoch(val) [176][250/800]    eta: 0:00:58  time: 0.1104  data_time: 0.0004  memory: 1000  
2025/07/07 09:20:23 - mmengine - INFO - Epoch(val) [176][300/800]    eta: 0:00:53  time: 0.1101  data_time: 0.0004  memory: 1000  
2025/07/07 09:20:28 - mmengine - INFO - Epoch(val) [176][350/800]    eta: 0:00:48  time: 0.1105  data_time: 0.0004  memory: 1000  
2025/07/07 09:20:34 - mmengine - INFO - Epoch(val) [176][400/800]    eta: 0:00:43  time: 0.1103  data_time: 0.0004  memory: 1000  
2025/07/07 09:20:39 - mmengine - INFO - Epoch(val) [176][450/800]    eta: 0:00:37  time: 0.1105  data_time: 0.0004  memory: 1000  
2025/07/07 09:20:45 - mmengine - INFO - Epoch(val) [176][500/800]    eta: 0:00:32  time: 0.1110  data_time: 0.0004  memory: 1000  
2025/07/07 09:20:50 - mmengine - INFO - Epoch(val) [176][550/800]    eta: 0:00:27  time: 0.1111  data_time: 0.0004  memory: 1000  
2025/07/07 09:20:56 - mmengine - INFO - Epoch(val) [176][600/800]    eta: 0:00:21  time: 0.1104  data_time: 0.0004  memory: 1000  
2025/07/07 09:21:01 - mmengine - INFO - Epoch(val) [176][650/800]    eta: 0:00:16  time: 0.1105  data_time: 0.0004  memory: 1000  
2025/07/07 09:21:07 - mmengine - INFO - Epoch(val) [176][700/800]    eta: 0:00:10  time: 0.1108  data_time: 0.0004  memory: 1000  
2025/07/07 09:21:13 - mmengine - INFO - Epoch(val) [176][750/800]    eta: 0:00:05  time: 0.1112  data_time: 0.0004  memory: 1000  
2025/07/07 09:21:18 - mmengine - INFO - Epoch(val) [176][800/800]    eta: 0:00:00  time: 0.1106  data_time: 0.0004  memory: 1000  
2025/07/07 09:21:19 - mmengine - INFO - Evaluating bbox...
2025/07/07 09:21:30 - mmengine - INFO - 
+-------------+-------+--------+--------+-------+-------+-------+
| category    | mAP   | mAP_50 | mAP_75 | mAP_s | mAP_m | mAP_l |
+-------------+-------+--------+--------+-------+-------+-------+
| car         | 0.705 | 0.966  | 0.859  | 0.495 | 0.734 | 0.0   |
| truck       | 0.542 | 0.761  | 0.657  | 0.099 | 0.534 | 0.613 |
| bus         | 0.757 | 0.961  | 0.89   | 0.0   | 0.717 | 0.827 |
| van         | 0.522 | 0.708  | 0.642  | 0.254 | 0.514 | 0.839 |
| freight_car | 0.502 | 0.698  | 0.598  | 0.164 | 0.485 | 0.609 |
+-------------+-------+--------+--------+-------+-------+-------+
2025/07/07 09:21:30 - mmengine - INFO - bbox_mAP_copypaste: 0.606 0.819 0.729 0.202 0.597 0.578
2025/07/07 09:21:30 - mmengine - INFO - Epoch(val) [176][800/800]    coco/car_precision: 0.7050  coco/truck_precision: 0.5420  coco/bus_precision: 0.7570  coco/van_precision: 0.5220  coco/freight_car_precision: 0.5020  coco/bbox_mAP: 0.6060  coco/bbox_mAP_50: 0.8190  coco/bbox_mAP_75: 0.7290  coco/bbox_mAP_s: 0.2020  coco/bbox_mAP_m: 0.5970  coco/bbox_mAP_l: 0.5780  data_time: 0.0004  time: 0.1093
2025/07/07 09:23:29 - mmengine - INFO - Epoch(train) [177][ 50/400]  base_lr: 1.0000e-02 lr: 1.3375e-03  eta: 8:24:27  time: 2.3716  data_time: 0.0279  memory: 10847  grad_norm: 17.4534  loss: 18.1132  loss_cls: 3.3520  loss_bbox: 6.9894  loss_dfl: 7.7718
2025/07/07 09:25:41 - mmengine - INFO - Epoch(train) [177][100/400]  base_lr: 1.0000e-02 lr: 1.3375e-03  eta: 8:21:43  time: 2.6412  data_time: 0.0060  memory: 10868  grad_norm: 17.7954  loss: 18.0746  loss_cls: 3.2660  loss_bbox: 6.9929  loss_dfl: 7.8157
2025/07/07 09:28:26 - mmengine - INFO - Epoch(train) [177][150/400]  base_lr: 1.0000e-02 lr: 1.3375e-03  eta: 8:19:06  time: 3.3139  data_time: 0.0057  memory: 10836  grad_norm: 18.3324  loss: 18.3436  loss_cls: 3.3658  loss_bbox: 7.1702  loss_dfl: 7.8076
2025/07/07 09:31:12 - mmengine - INFO - Epoch(train) [177][200/400]  base_lr: 1.0000e-02 lr: 1.3375e-03  eta: 8:16:29  time: 3.3112  data_time: 0.0057  memory: 10868  grad_norm: 16.9124  loss: 17.9630  loss_cls: 3.2668  loss_bbox: 6.9924  loss_dfl: 7.7038
2025/07/07 09:33:58 - mmengine - INFO - Epoch(train) [177][250/400]  base_lr: 1.0000e-02 lr: 1.3375e-03  eta: 8:13:52  time: 3.3248  data_time: 0.0059  memory: 10868  grad_norm: 17.3470  loss: 17.8215  loss_cls: 3.2378  loss_bbox: 6.7664  loss_dfl: 7.8173
2025/07/07 09:36:44 - mmengine - INFO - Epoch(train) [177][300/400]  base_lr: 1.0000e-02 lr: 1.3375e-03  eta: 8:11:15  time: 3.3141  data_time: 0.0060  memory: 10777  grad_norm: 17.5983  loss: 17.9906  loss_cls: 3.3061  loss_bbox: 6.9727  loss_dfl: 7.7119
2025/07/07 09:39:30 - mmengine - INFO - Epoch(train) [177][350/400]  base_lr: 1.0000e-02 lr: 1.3375e-03  eta: 8:08:38  time: 3.3124  data_time: 0.0059  memory: 11071  grad_norm: 17.5402  loss: 18.0568  loss_cls: 3.3442  loss_bbox: 6.9747  loss_dfl: 7.7379
2025/07/07 09:42:15 - mmengine - INFO - Exp name: yolov8_mambatransformer_enhance_20250705_110818
2025/07/07 09:42:15 - mmengine - INFO - Epoch(train) [177][400/400]  base_lr: 1.0000e-02 lr: 1.3375e-03  eta: 8:06:01  time: 3.3114  data_time: 0.0056  memory: 10793  grad_norm: 17.8563  loss: 18.2547  loss_cls: 3.3702  loss_bbox: 7.0480  loss_dfl: 7.8365
2025/07/07 09:42:15 - mmengine - INFO - Saving checkpoint at 177 epochs
2025/07/07 09:42:24 - mmengine - INFO - Epoch(val) [177][ 50/800]    eta: 0:01:21  time: 0.1092  data_time: 0.0009  memory: 1000  
2025/07/07 09:42:30 - mmengine - INFO - Epoch(val) [177][100/800]    eta: 0:01:17  time: 0.1134  data_time: 0.0004  memory: 1000  
2025/07/07 09:42:35 - mmengine - INFO - Epoch(val) [177][150/800]    eta: 0:01:12  time: 0.1120  data_time: 0.0003  memory: 1000  
2025/07/07 09:42:41 - mmengine - INFO - Epoch(val) [177][200/800]    eta: 0:01:06  time: 0.1118  data_time: 0.0003  memory: 1000  
2025/07/07 09:42:46 - mmengine - INFO - Epoch(val) [177][250/800]    eta: 0:01:01  time: 0.1112  data_time: 0.0003  memory: 1000  
2025/07/07 09:42:52 - mmengine - INFO - Epoch(val) [177][300/800]    eta: 0:00:55  time: 0.1114  data_time: 0.0003  memory: 1000  
2025/07/07 09:42:58 - mmengine - INFO - Epoch(val) [177][350/800]    eta: 0:00:50  time: 0.1113  data_time: 0.0003  memory: 1000  
2025/07/07 09:43:03 - mmengine - INFO - Epoch(val) [177][400/800]    eta: 0:00:44  time: 0.1118  data_time: 0.0003  memory: 1000  
2025/07/07 09:43:09 - mmengine - INFO - Epoch(val) [177][450/800]    eta: 0:00:39  time: 0.1122  data_time: 0.0003  memory: 1000  
2025/07/07 09:43:14 - mmengine - INFO - Epoch(val) [177][500/800]    eta: 0:00:33  time: 0.1120  data_time: 0.0003  memory: 1000  
2025/07/07 09:43:20 - mmengine - INFO - Epoch(val) [177][550/800]    eta: 0:00:27  time: 0.1113  data_time: 0.0004  memory: 1000  
2025/07/07 09:43:26 - mmengine - INFO - Epoch(val) [177][600/800]    eta: 0:00:22  time: 0.1108  data_time: 0.0004  memory: 1000  
2025/07/07 09:43:31 - mmengine - INFO - Epoch(val) [177][650/800]    eta: 0:00:16  time: 0.1112  data_time: 0.0004  memory: 1000  
2025/07/07 09:43:37 - mmengine - INFO - Epoch(val) [177][700/800]    eta: 0:00:11  time: 0.1109  data_time: 0.0004  memory: 1000  
2025/07/07 09:43:42 - mmengine - INFO - Epoch(val) [177][750/800]    eta: 0:00:05  time: 0.1108  data_time: 0.0004  memory: 1000  
2025/07/07 09:43:48 - mmengine - INFO - Epoch(val) [177][800/800]    eta: 0:00:00  time: 0.1109  data_time: 0.0004  memory: 1000  
2025/07/07 09:43:49 - mmengine - INFO - Evaluating bbox...
2025/07/07 09:44:00 - mmengine - INFO - 
+-------------+-------+--------+--------+-------+-------+-------+
| category    | mAP   | mAP_50 | mAP_75 | mAP_s | mAP_m | mAP_l |
+-------------+-------+--------+--------+-------+-------+-------+
| car         | 0.705 | 0.966  | 0.859  | 0.494 | 0.734 | 0.0   |
| truck       | 0.543 | 0.761  | 0.657  | 0.099 | 0.535 | 0.611 |
| bus         | 0.757 | 0.961  | 0.893  | 0.0   | 0.718 | 0.827 |
| van         | 0.521 | 0.707  | 0.641  | 0.255 | 0.513 | 0.838 |
| freight_car | 0.503 | 0.698  | 0.598  | 0.162 | 0.486 | 0.611 |
+-------------+-------+--------+--------+-------+-------+-------+
2025/07/07 09:44:00 - mmengine - INFO - bbox_mAP_copypaste: 0.606 0.819 0.730 0.202 0.597 0.578
2025/07/07 09:44:00 - mmengine - INFO - Epoch(val) [177][800/800]    coco/car_precision: 0.7050  coco/truck_precision: 0.5430  coco/bus_precision: 0.7570  coco/van_precision: 0.5210  coco/freight_car_precision: 0.5030  coco/bbox_mAP: 0.6060  coco/bbox_mAP_50: 0.8190  coco/bbox_mAP_75: 0.7300  coco/bbox_mAP_s: 0.2020  coco/bbox_mAP_m: 0.5970  coco/bbox_mAP_l: 0.5780  data_time: 0.0004  time: 0.1114
2025/07/07 09:46:48 - mmengine - INFO - Epoch(train) [178][ 50/400]  base_lr: 1.0000e-02 lr: 1.2880e-03  eta: 8:03:24  time: 3.3684  data_time: 0.0264  memory: 10825  grad_norm: 16.7117  loss: 17.7843  loss_cls: 3.2175  loss_bbox: 6.8486  loss_dfl: 7.7183
2025/07/07 09:49:35 - mmengine - INFO - Epoch(train) [178][100/400]  base_lr: 1.0000e-02 lr: 1.2880e-03  eta: 8:00:47  time: 3.3278  data_time: 0.0060  memory: 10793  grad_norm: 18.8946  loss: 18.2625  loss_cls: 3.4020  loss_bbox: 7.0864  loss_dfl: 7.7741
2025/07/07 09:52:05 - mmengine - INFO - Epoch(train) [178][150/400]  base_lr: 1.0000e-02 lr: 1.2880e-03  eta: 7:58:07  time: 3.0173  data_time: 0.0062  memory: 10735  grad_norm: 17.8953  loss: 18.0899  loss_cls: 3.3576  loss_bbox: 6.9932  loss_dfl: 7.7392
2025/07/07 09:53:46 - mmengine - INFO - Exp name: yolov8_mambatransformer_enhance_20250705_110818
2025/07/07 09:53:46 - mmengine - INFO - Epoch(train) [178][200/400]  base_lr: 1.0000e-02 lr: 1.2880e-03  eta: 7:55:18  time: 2.0090  data_time: 0.0061  memory: 10703  grad_norm: 17.1891  loss: 17.9719  loss_cls: 3.2820  loss_bbox: 6.9738  loss_dfl: 7.7161
2025/07/07 09:56:31 - mmengine - INFO - Epoch(train) [178][250/400]  base_lr: 1.0000e-02 lr: 1.2880e-03  eta: 7:52:41  time: 3.2958  data_time: 0.0059  memory: 10719  grad_norm: 17.6821  loss: 18.1579  loss_cls: 3.3183  loss_bbox: 7.0754  loss_dfl: 7.7643
2025/07/07 09:59:16 - mmengine - INFO - Epoch(train) [178][300/400]  base_lr: 1.0000e-02 lr: 1.2880e-03  eta: 7:50:04  time: 3.3146  data_time: 0.0059  memory: 10873  grad_norm: 17.9941  loss: 17.8419  loss_cls: 3.2223  loss_bbox: 6.8952  loss_dfl: 7.7243
2025/07/07 10:02:02 - mmengine - INFO - Epoch(train) [178][350/400]  base_lr: 1.0000e-02 lr: 1.2880e-03  eta: 7:47:26  time: 3.3138  data_time: 0.0059  memory: 10751  grad_norm: 18.0518  loss: 18.2043  loss_cls: 3.3457  loss_bbox: 7.0716  loss_dfl: 7.7870
2025/07/07 10:04:48 - mmengine - INFO - Exp name: yolov8_mambatransformer_enhance_20250705_110818
2025/07/07 10:04:48 - mmengine - INFO - Epoch(train) [178][400/400]  base_lr: 1.0000e-02 lr: 1.2880e-03  eta: 7:44:49  time: 3.3145  data_time: 0.0063  memory: 10884  grad_norm: 17.0662  loss: 17.7579  loss_cls: 3.2429  loss_bbox: 6.8637  loss_dfl: 7.6512
2025/07/07 10:04:48 - mmengine - INFO - Saving checkpoint at 178 epochs
2025/07/07 10:04:56 - mmengine - INFO - Epoch(val) [178][ 50/800]    eta: 0:01:14  time: 0.1000  data_time: 0.0009  memory: 1000  
2025/07/07 10:05:02 - mmengine - INFO - Epoch(val) [178][100/800]    eta: 0:01:13  time: 0.1105  data_time: 0.0004  memory: 1000  
2025/07/07 10:05:07 - mmengine - INFO - Epoch(val) [178][150/800]    eta: 0:01:09  time: 0.1106  data_time: 0.0004  memory: 1000  
2025/07/07 10:05:13 - mmengine - INFO - Epoch(val) [178][200/800]    eta: 0:01:04  time: 0.1101  data_time: 0.0004  memory: 1000  
2025/07/07 10:05:18 - mmengine - INFO - Epoch(val) [178][250/800]    eta: 0:00:59  time: 0.1092  data_time: 0.0004  memory: 1000  
2025/07/07 10:05:24 - mmengine - INFO - Epoch(val) [178][300/800]    eta: 0:00:54  time: 0.1093  data_time: 0.0004  memory: 1000  
2025/07/07 10:05:29 - mmengine - INFO - Epoch(val) [178][350/800]    eta: 0:00:48  time: 0.1092  data_time: 0.0004  memory: 1000  
2025/07/07 10:05:35 - mmengine - INFO - Epoch(val) [178][400/800]    eta: 0:00:43  time: 0.1095  data_time: 0.0004  memory: 1000  
2025/07/07 10:05:40 - mmengine - INFO - Epoch(val) [178][450/800]    eta: 0:00:38  time: 0.1103  data_time: 0.0004  memory: 1000  
2025/07/07 10:05:46 - mmengine - INFO - Epoch(val) [178][500/800]    eta: 0:00:32  time: 0.1091  data_time: 0.0004  memory: 1000  
2025/07/07 10:05:51 - mmengine - INFO - Epoch(val) [178][550/800]    eta: 0:00:27  time: 0.1093  data_time: 0.0004  memory: 1000  
2025/07/07 10:05:57 - mmengine - INFO - Epoch(val) [178][600/800]    eta: 0:00:21  time: 0.1093  data_time: 0.0004  memory: 1000  
2025/07/07 10:06:02 - mmengine - INFO - Epoch(val) [178][650/800]    eta: 0:00:16  time: 0.1099  data_time: 0.0004  memory: 1000  
2025/07/07 10:06:08 - mmengine - INFO - Epoch(val) [178][700/800]    eta: 0:00:10  time: 0.1100  data_time: 0.0004  memory: 1000  
2025/07/07 10:06:13 - mmengine - INFO - Epoch(val) [178][750/800]    eta: 0:00:05  time: 0.1108  data_time: 0.0004  memory: 1000  
2025/07/07 10:06:19 - mmengine - INFO - Epoch(val) [178][800/800]    eta: 0:00:00  time: 0.1110  data_time: 0.0004  memory: 1000  
2025/07/07 10:06:20 - mmengine - INFO - Evaluating bbox...
2025/07/07 10:06:31 - mmengine - INFO - 
+-------------+-------+--------+--------+-------+-------+-------+
| category    | mAP   | mAP_50 | mAP_75 | mAP_s | mAP_m | mAP_l |
+-------------+-------+--------+--------+-------+-------+-------+
| car         | 0.705 | 0.966  | 0.86   | 0.494 | 0.734 | 0.0   |
| truck       | 0.542 | 0.761  | 0.655  | 0.098 | 0.534 | 0.614 |
| bus         | 0.758 | 0.961  | 0.893  | 0.0   | 0.72  | 0.827 |
| van         | 0.52  | 0.706  | 0.641  | 0.254 | 0.513 | 0.838 |
| freight_car | 0.503 | 0.697  | 0.597  | 0.162 | 0.487 | 0.608 |
+-------------+-------+--------+--------+-------+-------+-------+
2025/07/07 10:06:31 - mmengine - INFO - bbox_mAP_copypaste: 0.606 0.818 0.729 0.202 0.597 0.577
2025/07/07 10:06:31 - mmengine - INFO - Epoch(val) [178][800/800]    coco/car_precision: 0.7050  coco/truck_precision: 0.5420  coco/bus_precision: 0.7580  coco/van_precision: 0.5200  coco/freight_car_precision: 0.5030  coco/bbox_mAP: 0.6060  coco/bbox_mAP_50: 0.8180  coco/bbox_mAP_75: 0.7290  coco/bbox_mAP_s: 0.2020  coco/bbox_mAP_m: 0.5970  coco/bbox_mAP_l: 0.5770  data_time: 0.0004  time: 0.1092
2025/07/07 10:09:19 - mmengine - INFO - Epoch(train) [179][ 50/400]  base_lr: 1.0000e-02 lr: 1.2385e-03  eta: 7:42:12  time: 3.3632  data_time: 0.0266  memory: 10852  grad_norm: 17.7400  loss: 18.0423  loss_cls: 3.3325  loss_bbox: 6.9993  loss_dfl: 7.7105
2025/07/07 10:12:06 - mmengine - INFO - Epoch(train) [179][100/400]  base_lr: 1.0000e-02 lr: 1.2385e-03  eta: 7:39:36  time: 3.3415  data_time: 0.0063  memory: 10788  grad_norm: 17.3730  loss: 17.8041  loss_cls: 3.2802  loss_bbox: 6.9171  loss_dfl: 7.6067
2025/07/07 10:14:53 - mmengine - INFO - Epoch(train) [179][150/400]  base_lr: 1.0000e-02 lr: 1.2385e-03  eta: 7:36:59  time: 3.3432  data_time: 0.0064  memory: 11156  grad_norm: 17.1632  loss: 17.9461  loss_cls: 3.2843  loss_bbox: 6.8766  loss_dfl: 7.7851
2025/07/07 10:17:41 - mmengine - INFO - Epoch(train) [179][200/400]  base_lr: 1.0000e-02 lr: 1.2385e-03  eta: 7:34:22  time: 3.3441  data_time: 0.0064  memory: 10943  grad_norm: 17.8124  loss: 17.8411  loss_cls: 3.2836  loss_bbox: 6.9069  loss_dfl: 7.6506
2025/07/07 10:20:28 - mmengine - INFO - Epoch(train) [179][250/400]  base_lr: 1.0000e-02 lr: 1.2385e-03  eta: 7:31:45  time: 3.3422  data_time: 0.0064  memory: 10847  grad_norm: 18.3656  loss: 17.8101  loss_cls: 3.2497  loss_bbox: 6.8705  loss_dfl: 7.6898
2025/07/07 10:22:28 - mmengine - INFO - Epoch(train) [179][300/400]  base_lr: 1.0000e-02 lr: 1.2385e-03  eta: 7:29:00  time: 2.4144  data_time: 0.0064  memory: 10804  grad_norm: 17.7036  loss: 17.8143  loss_cls: 3.2565  loss_bbox: 6.9038  loss_dfl: 7.6540
2025/07/07 10:24:38 - mmengine - INFO - Epoch(train) [179][350/400]  base_lr: 1.0000e-02 lr: 1.2385e-03  eta: 7:26:16  time: 2.5904  data_time: 0.0060  memory: 10745  grad_norm: 17.2427  loss: 17.6508  loss_cls: 3.1497  loss_bbox: 6.7861  loss_dfl: 7.7149
2025/07/07 10:27:24 - mmengine - INFO - Exp name: yolov8_mambatransformer_enhance_20250705_110818
2025/07/07 10:27:24 - mmengine - INFO - Epoch(train) [179][400/400]  base_lr: 1.0000e-02 lr: 1.2385e-03  eta: 7:23:39  time: 3.3112  data_time: 0.0057  memory: 10751  grad_norm: 18.1254  loss: 17.7110  loss_cls: 3.2151  loss_bbox: 6.8449  loss_dfl: 7.6510
2025/07/07 10:27:24 - mmengine - INFO - Saving checkpoint at 179 epochs
2025/07/07 10:27:32 - mmengine - INFO - Epoch(val) [179][ 50/800]    eta: 0:01:16  time: 0.1024  data_time: 0.0007  memory: 1000  
2025/07/07 10:27:37 - mmengine - INFO - Epoch(val) [179][100/800]    eta: 0:01:07  time: 0.0913  data_time: 0.0003  memory: 1000  
2025/07/07 10:27:41 - mmengine - INFO - Epoch(val) [179][150/800]    eta: 0:01:01  time: 0.0907  data_time: 0.0003  memory: 1000  
2025/07/07 10:27:46 - mmengine - INFO - Epoch(val) [179][200/800]    eta: 0:00:56  time: 0.0946  data_time: 0.0003  memory: 1000  
2025/07/07 10:27:51 - mmengine - INFO - Epoch(val) [179][250/800]    eta: 0:00:53  time: 0.1097  data_time: 0.0004  memory: 1000  
2025/07/07 10:27:57 - mmengine - INFO - Epoch(val) [179][300/800]    eta: 0:00:49  time: 0.1096  data_time: 0.0004  memory: 1000  
2025/07/07 10:28:02 - mmengine - INFO - Epoch(val) [179][350/800]    eta: 0:00:45  time: 0.1095  data_time: 0.0004  memory: 1000  
2025/07/07 10:28:08 - mmengine - INFO - Epoch(val) [179][400/800]    eta: 0:00:40  time: 0.1101  data_time: 0.0004  memory: 1000  
2025/07/07 10:28:13 - mmengine - INFO - Epoch(val) [179][450/800]    eta: 0:00:36  time: 0.1097  data_time: 0.0004  memory: 1000  
2025/07/07 10:28:19 - mmengine - INFO - Epoch(val) [179][500/800]    eta: 0:00:31  time: 0.1103  data_time: 0.0004  memory: 1000  
2025/07/07 10:28:24 - mmengine - INFO - Epoch(val) [179][550/800]    eta: 0:00:26  time: 0.1104  data_time: 0.0004  memory: 1000  
2025/07/07 10:28:30 - mmengine - INFO - Epoch(val) [179][600/800]    eta: 0:00:20  time: 0.1111  data_time: 0.0004  memory: 1000  
2025/07/07 10:28:36 - mmengine - INFO - Epoch(val) [179][650/800]    eta: 0:00:15  time: 0.1109  data_time: 0.0004  memory: 1000  
2025/07/07 10:28:41 - mmengine - INFO - Epoch(val) [179][700/800]    eta: 0:00:10  time: 0.1110  data_time: 0.0004  memory: 1000  
2025/07/07 10:28:47 - mmengine - INFO - Epoch(val) [179][750/800]    eta: 0:00:05  time: 0.1112  data_time: 0.0004  memory: 1000  
2025/07/07 10:28:52 - mmengine - INFO - Epoch(val) [179][800/800]    eta: 0:00:00  time: 0.1106  data_time: 0.0003  memory: 1000  
2025/07/07 10:28:53 - mmengine - INFO - Evaluating bbox...
2025/07/07 10:29:04 - mmengine - INFO - 
+-------------+-------+--------+--------+-------+-------+-------+
| category    | mAP   | mAP_50 | mAP_75 | mAP_s | mAP_m | mAP_l |
+-------------+-------+--------+--------+-------+-------+-------+
| car         | 0.705 | 0.966  | 0.859  | 0.494 | 0.734 | 0.0   |
| truck       | 0.542 | 0.758  | 0.655  | 0.104 | 0.534 | 0.614 |
| bus         | 0.758 | 0.961  | 0.893  | 0.0   | 0.72  | 0.827 |
| van         | 0.52  | 0.705  | 0.639  | 0.261 | 0.511 | 0.838 |
| freight_car | 0.502 | 0.697  | 0.598  | 0.162 | 0.486 | 0.606 |
+-------------+-------+--------+--------+-------+-------+-------+
2025/07/07 10:29:04 - mmengine - INFO - bbox_mAP_copypaste: 0.606 0.817 0.729 0.204 0.597 0.577
2025/07/07 10:29:04 - mmengine - INFO - Epoch(val) [179][800/800]    coco/car_precision: 0.7050  coco/truck_precision: 0.5420  coco/bus_precision: 0.7580  coco/van_precision: 0.5200  coco/freight_car_precision: 0.5020  coco/bbox_mAP: 0.6060  coco/bbox_mAP_50: 0.8170  coco/bbox_mAP_75: 0.7290  coco/bbox_mAP_s: 0.2040  coco/bbox_mAP_m: 0.5970  coco/bbox_mAP_l: 0.5770  data_time: 0.0004  time: 0.1065
2025/07/07 10:31:51 - mmengine - INFO - Epoch(train) [180][ 50/400]  base_lr: 1.0000e-02 lr: 1.1890e-03  eta: 7:21:02  time: 3.3366  data_time: 0.0287  memory: 10671  grad_norm: 18.3798  loss: 17.9689  loss_cls: 3.2599  loss_bbox: 6.9719  loss_dfl: 7.7371
2025/07/07 10:34:37 - mmengine - INFO - Epoch(train) [180][100/400]  base_lr: 1.0000e-02 lr: 1.1890e-03  eta: 7:18:25  time: 3.3147  data_time: 0.0057  memory: 10810  grad_norm: 17.7186  loss: 18.0721  loss_cls: 3.3429  loss_bbox: 7.0420  loss_dfl: 7.6872
2025/07/07 10:37:22 - mmengine - INFO - Epoch(train) [180][150/400]  base_lr: 1.0000e-02 lr: 1.1890e-03  eta: 7:15:47  time: 3.3119  data_time: 0.0057  memory: 10708  grad_norm: 18.8426  loss: 17.8170  loss_cls: 3.2329  loss_bbox: 6.7791  loss_dfl: 7.8050
2025/07/07 10:40:08 - mmengine - INFO - Epoch(train) [180][200/400]  base_lr: 1.0000e-02 lr: 1.1890e-03  eta: 7:13:10  time: 3.3125  data_time: 0.0057  memory: 10703  grad_norm: 19.2033  loss: 18.0347  loss_cls: 3.2816  loss_bbox: 6.9814  loss_dfl: 7.7716
2025/07/07 10:42:54 - mmengine - INFO - Epoch(train) [180][250/400]  base_lr: 1.0000e-02 lr: 1.1890e-03  eta: 7:10:33  time: 3.3147  data_time: 0.0057  memory: 10857  grad_norm: 17.7827  loss: 17.7718  loss_cls: 3.2317  loss_bbox: 6.8330  loss_dfl: 7.7071
2025/07/07 10:45:39 - mmengine - INFO - Epoch(train) [180][300/400]  base_lr: 1.0000e-02 lr: 1.1890e-03  eta: 7:07:55  time: 3.3145  data_time: 0.0059  memory: 11001  grad_norm: 17.3422  loss: 17.7767  loss_cls: 3.2073  loss_bbox: 6.8141  loss_dfl: 7.7552
2025/07/07 10:48:25 - mmengine - INFO - Epoch(train) [180][350/400]  base_lr: 1.0000e-02 lr: 1.1890e-03  eta: 7:05:18  time: 3.3083  data_time: 0.0057  memory: 10836  grad_norm: 17.8434  loss: 17.8417  loss_cls: 3.2080  loss_bbox: 6.8680  loss_dfl: 7.7657
2025/07/07 10:51:05 - mmengine - INFO - Exp name: yolov8_mambatransformer_enhance_20250705_110818
2025/07/07 10:51:05 - mmengine - INFO - Epoch(train) [180][400/400]  base_lr: 1.0000e-02 lr: 1.1890e-03  eta: 7:02:40  time: 3.2058  data_time: 0.0065  memory: 10783  grad_norm: 18.7700  loss: 17.9824  loss_cls: 3.2345  loss_bbox: 6.9571  loss_dfl: 7.7908
2025/07/07 10:51:05 - mmengine - INFO - Saving checkpoint at 180 epochs
2025/07/07 10:51:15 - mmengine - INFO - Epoch(val) [180][ 50/800]    eta: 0:01:34  time: 0.1264  data_time: 0.0067  memory: 1000  
2025/07/07 10:51:22 - mmengine - INFO - Epoch(val) [180][100/800]    eta: 0:01:30  time: 0.1313  data_time: 0.0030  memory: 1000  
2025/07/07 10:51:29 - mmengine - INFO - Epoch(val) [180][150/800]    eta: 0:01:26  time: 0.1415  data_time: 0.0027  memory: 1000  
2025/07/07 10:51:36 - mmengine - INFO - Epoch(val) [180][200/800]    eta: 0:01:19  time: 0.1333  data_time: 0.0031  memory: 1000  
2025/07/07 10:51:42 - mmengine - INFO - Epoch(val) [180][250/800]    eta: 0:01:12  time: 0.1235  data_time: 0.0041  memory: 1000  
2025/07/07 10:51:48 - mmengine - INFO - Epoch(val) [180][300/800]    eta: 0:01:05  time: 0.1258  data_time: 0.0033  memory: 1000  
2025/07/07 10:51:55 - mmengine - INFO - Epoch(val) [180][350/800]    eta: 0:00:59  time: 0.1393  data_time: 0.0059  memory: 1000  
2025/07/07 10:52:02 - mmengine - INFO - Epoch(val) [180][400/800]    eta: 0:00:52  time: 0.1262  data_time: 0.0049  memory: 1000  
2025/07/07 10:52:09 - mmengine - INFO - Epoch(val) [180][450/800]    eta: 0:00:46  time: 0.1501  data_time: 0.0032  memory: 1000  
2025/07/07 10:52:16 - mmengine - INFO - Epoch(val) [180][500/800]    eta: 0:00:39  time: 0.1320  data_time: 0.0030  memory: 1000  
2025/07/07 10:52:23 - mmengine - INFO - Epoch(val) [180][550/800]    eta: 0:00:33  time: 0.1336  data_time: 0.0048  memory: 1000  
2025/07/07 10:52:29 - mmengine - INFO - Epoch(val) [180][600/800]    eta: 0:00:26  time: 0.1350  data_time: 0.0052  memory: 1000  
2025/07/07 10:52:36 - mmengine - INFO - Epoch(val) [180][650/800]    eta: 0:00:19  time: 0.1312  data_time: 0.0039  memory: 1000  
2025/07/07 10:52:41 - mmengine - INFO - Epoch(val) [180][700/800]    eta: 0:00:13  time: 0.1096  data_time: 0.0038  memory: 1000  
2025/07/07 10:52:46 - mmengine - INFO - Epoch(val) [180][750/800]    eta: 0:00:06  time: 0.0964  data_time: 0.0009  memory: 1000  
2025/07/07 10:52:51 - mmengine - INFO - Epoch(val) [180][800/800]    eta: 0:00:00  time: 0.0991  data_time: 0.0007  memory: 1000  
2025/07/07 10:52:52 - mmengine - INFO - Evaluating bbox...
2025/07/07 10:53:04 - mmengine - INFO - 
+-------------+-------+--------+--------+-------+-------+-------+
| category    | mAP   | mAP_50 | mAP_75 | mAP_s | mAP_m | mAP_l |
+-------------+-------+--------+--------+-------+-------+-------+
| car         | 0.705 | 0.966  | 0.859  | 0.494 | 0.734 | 0.0   |
| truck       | 0.541 | 0.758  | 0.655  | 0.103 | 0.533 | 0.613 |
| bus         | 0.758 | 0.96   | 0.894  | 0.0   | 0.719 | 0.826 |
| van         | 0.52  | 0.705  | 0.639  | 0.262 | 0.511 | 0.845 |
| freight_car | 0.502 | 0.696  | 0.598  | 0.161 | 0.487 | 0.607 |
+-------------+-------+--------+--------+-------+-------+-------+
2025/07/07 10:53:04 - mmengine - INFO - bbox_mAP_copypaste: 0.605 0.817 0.729 0.204 0.597 0.578
2025/07/07 10:53:04 - mmengine - INFO - Epoch(val) [180][800/800]    coco/car_precision: 0.7050  coco/truck_precision: 0.5410  coco/bus_precision: 0.7580  coco/van_precision: 0.5200  coco/freight_car_precision: 0.5020  coco/bbox_mAP: 0.6050  coco/bbox_mAP_50: 0.8170  coco/bbox_mAP_75: 0.7290  coco/bbox_mAP_s: 0.2040  coco/bbox_mAP_m: 0.5970  coco/bbox_mAP_l: 0.5780  data_time: 0.0037  time: 0.1271
2025/07/07 10:55:53 - mmengine - INFO - Epoch(train) [181][ 50/400]  base_lr: 1.0000e-02 lr: 1.1395e-03  eta: 7:00:03  time: 3.3860  data_time: 0.0278  memory: 10857  grad_norm: 17.9795  loss: 18.0827  loss_cls: 3.3449  loss_bbox: 7.0053  loss_dfl: 7.7324
2025/07/07 10:58:39 - mmengine - INFO - Epoch(train) [181][100/400]  base_lr: 1.0000e-02 lr: 1.1395e-03  eta: 6:57:26  time: 3.3209  data_time: 0.0059  memory: 10703  grad_norm: 18.0498  loss: 17.7290  loss_cls: 3.2290  loss_bbox: 6.7917  loss_dfl: 7.7083
2025/07/07 11:01:25 - mmengine - INFO - Epoch(train) [181][150/400]  base_lr: 1.0000e-02 lr: 1.1395e-03  eta: 6:54:48  time: 3.3198  data_time: 0.0058  memory: 10735  grad_norm: 18.2241  loss: 17.7851  loss_cls: 3.2120  loss_bbox: 6.8535  loss_dfl: 7.7195
2025/07/07 11:04:11 - mmengine - INFO - Epoch(train) [181][200/400]  base_lr: 1.0000e-02 lr: 1.1395e-03  eta: 6:52:11  time: 3.3204  data_time: 0.0085  memory: 10767  grad_norm: 17.1751  loss: 17.6627  loss_cls: 3.1952  loss_bbox: 6.7955  loss_dfl: 7.6719
2025/07/07 11:06:57 - mmengine - INFO - Epoch(train) [181][250/400]  base_lr: 1.0000e-02 lr: 1.1395e-03  eta: 6:49:34  time: 3.3183  data_time: 0.0097  memory: 10799  grad_norm: 18.0139  loss: 17.8738  loss_cls: 3.3122  loss_bbox: 6.9186  loss_dfl: 7.6430
2025/07/07 11:09:43 - mmengine - INFO - Epoch(train) [181][300/400]  base_lr: 1.0000e-02 lr: 1.1395e-03  eta: 6:46:56  time: 3.3176  data_time: 0.0097  memory: 10681  grad_norm: 17.5356  loss: 17.6848  loss_cls: 3.2345  loss_bbox: 6.7595  loss_dfl: 7.6907
2025/07/07 11:12:29 - mmengine - INFO - Epoch(train) [181][350/400]  base_lr: 1.0000e-02 lr: 1.1395e-03  eta: 6:44:19  time: 3.3147  data_time: 0.0080  memory: 10804  grad_norm: 17.5121  loss: 17.7190  loss_cls: 3.2189  loss_bbox: 6.8308  loss_dfl: 7.6694
2025/07/07 11:15:15 - mmengine - INFO - Exp name: yolov8_mambatransformer_enhance_20250705_110818
2025/07/07 11:15:15 - mmengine - INFO - Epoch(train) [181][400/400]  base_lr: 1.0000e-02 lr: 1.1395e-03  eta: 6:41:41  time: 3.3190  data_time: 0.0097  memory: 10873  grad_norm: 18.3611  loss: 17.8031  loss_cls: 3.2758  loss_bbox: 6.8218  loss_dfl: 7.7055
2025/07/07 11:15:15 - mmengine - INFO - Saving checkpoint at 181 epochs
2025/07/07 11:15:24 - mmengine - INFO - Epoch(val) [181][ 50/800]    eta: 0:01:13  time: 0.0981  data_time: 0.0010  memory: 1000  
2025/07/07 11:15:30 - mmengine - INFO - Epoch(val) [181][100/800]    eta: 0:01:16  time: 0.1215  data_time: 0.0005  memory: 1000  
2025/07/07 11:15:37 - mmengine - INFO - Epoch(val) [181][150/800]    eta: 0:01:15  time: 0.1300  data_time: 0.0006  memory: 1000  
2025/07/07 11:15:43 - mmengine - INFO - Epoch(val) [181][200/800]    eta: 0:01:11  time: 0.1245  data_time: 0.0006  memory: 1000  
2025/07/07 11:15:48 - mmengine - INFO - Epoch(val) [181][250/800]    eta: 0:01:03  time: 0.1016  data_time: 0.0005  memory: 1000  
2025/07/07 11:15:53 - mmengine - INFO - Epoch(val) [181][300/800]    eta: 0:00:56  time: 0.0972  data_time: 0.0005  memory: 1000  
2025/07/07 11:15:59 - mmengine - INFO - Epoch(val) [181][350/800]    eta: 0:00:50  time: 0.1091  data_time: 0.0005  memory: 1000  
2025/07/07 11:16:05 - mmengine - INFO - Epoch(val) [181][400/800]    eta: 0:00:45  time: 0.1353  data_time: 0.0006  memory: 1000  
2025/07/07 11:16:11 - mmengine - INFO - Epoch(val) [181][450/800]    eta: 0:00:40  time: 0.1133  data_time: 0.0005  memory: 1000  
2025/07/07 11:16:17 - mmengine - INFO - Epoch(val) [181][500/800]    eta: 0:00:34  time: 0.1186  data_time: 0.0005  memory: 1000  
2025/07/07 11:16:23 - mmengine - INFO - Epoch(val) [181][550/800]    eta: 0:00:28  time: 0.1177  data_time: 0.0005  memory: 1000  
2025/07/07 11:16:29 - mmengine - INFO - Epoch(val) [181][600/800]    eta: 0:00:23  time: 0.1179  data_time: 0.0005  memory: 1000  
2025/07/07 11:16:35 - mmengine - INFO - Epoch(val) [181][650/800]    eta: 0:00:17  time: 0.1212  data_time: 0.0005  memory: 1000  
2025/07/07 11:16:40 - mmengine - INFO - Epoch(val) [181][700/800]    eta: 0:00:11  time: 0.1102  data_time: 0.0005  memory: 1000  
2025/07/07 11:16:46 - mmengine - INFO - Epoch(val) [181][750/800]    eta: 0:00:05  time: 0.1133  data_time: 0.0006  memory: 1000  
2025/07/07 11:16:53 - mmengine - INFO - Epoch(val) [181][800/800]    eta: 0:00:00  time: 0.1308  data_time: 0.0006  memory: 1000  
2025/07/07 11:16:54 - mmengine - INFO - Evaluating bbox...
2025/07/07 11:17:06 - mmengine - INFO - 
+-------------+-------+--------+--------+-------+-------+-------+
| category    | mAP   | mAP_50 | mAP_75 | mAP_s | mAP_m | mAP_l |
+-------------+-------+--------+--------+-------+-------+-------+
| car         | 0.705 | 0.966  | 0.86   | 0.495 | 0.734 | 0.0   |
| truck       | 0.541 | 0.757  | 0.657  | 0.104 | 0.532 | 0.613 |
| bus         | 0.758 | 0.96   | 0.893  | 0.0   | 0.719 | 0.827 |
| van         | 0.52  | 0.704  | 0.64   | 0.262 | 0.51  | 0.847 |
| freight_car | 0.502 | 0.696  | 0.598  | 0.161 | 0.487 | 0.605 |
+-------------+-------+--------+--------+-------+-------+-------+
2025/07/07 11:17:06 - mmengine - INFO - bbox_mAP_copypaste: 0.605 0.817 0.729 0.204 0.596 0.578
2025/07/07 11:17:06 - mmengine - INFO - Epoch(val) [181][800/800]    coco/car_precision: 0.7050  coco/truck_precision: 0.5410  coco/bus_precision: 0.7580  coco/van_precision: 0.5200  coco/freight_car_precision: 0.5020  coco/bbox_mAP: 0.6050  coco/bbox_mAP_50: 0.8170  coco/bbox_mAP_75: 0.7290  coco/bbox_mAP_s: 0.2040  coco/bbox_mAP_m: 0.5960  coco/bbox_mAP_l: 0.5780  data_time: 0.0006  time: 0.1162
2025/07/07 11:19:53 - mmengine - INFO - Epoch(train) [182][ 50/400]  base_lr: 1.0000e-02 lr: 1.0900e-03  eta: 6:39:04  time: 3.3407  data_time: 0.0322  memory: 10713  grad_norm: 18.5562  loss: 17.9621  loss_cls: 3.3668  loss_bbox: 6.9158  loss_dfl: 7.6795
2025/07/07 11:21:38 - mmengine - INFO - Epoch(train) [182][100/400]  base_lr: 1.0000e-02 lr: 1.0900e-03  eta: 6:36:18  time: 2.1000  data_time: 0.0070  memory: 11065  grad_norm: 16.3640  loss: 17.2670  loss_cls: 3.0875  loss_bbox: 6.6444  loss_dfl: 7.5351
2025/07/07 11:24:02 - mmengine - INFO - Epoch(train) [182][150/400]  base_lr: 1.0000e-02 lr: 1.0900e-03  eta: 6:33:37  time: 2.8696  data_time: 0.0078  memory: 10793  grad_norm: 17.5981  loss: 17.7835  loss_cls: 3.2695  loss_bbox: 6.8538  loss_dfl: 7.6601
2025/07/07 11:26:47 - mmengine - INFO - Epoch(train) [182][200/400]  base_lr: 1.0000e-02 lr: 1.0900e-03  eta: 6:30:59  time: 3.3141  data_time: 0.0077  memory: 10825  grad_norm: 18.2442  loss: 17.8768  loss_cls: 3.2621  loss_bbox: 6.8805  loss_dfl: 7.7342
2025/07/07 11:29:33 - mmengine - INFO - Epoch(train) [182][250/400]  base_lr: 1.0000e-02 lr: 1.0900e-03  eta: 6:28:22  time: 3.3104  data_time: 0.0064  memory: 10804  grad_norm: 17.0717  loss: 17.6099  loss_cls: 3.2074  loss_bbox: 6.7971  loss_dfl: 7.6054
2025/07/07 11:32:18 - mmengine - INFO - Epoch(train) [182][300/400]  base_lr: 1.0000e-02 lr: 1.0900e-03  eta: 6:25:44  time: 3.3115  data_time: 0.0067  memory: 10841  grad_norm: 18.0662  loss: 17.6794  loss_cls: 3.2144  loss_bbox: 6.7812  loss_dfl: 7.6838
2025/07/07 11:35:04 - mmengine - INFO - Epoch(train) [182][350/400]  base_lr: 1.0000e-02 lr: 1.0900e-03  eta: 6:23:07  time: 3.3130  data_time: 0.0070  memory: 10847  grad_norm: 17.6478  loss: 17.7046  loss_cls: 3.2247  loss_bbox: 6.8605  loss_dfl: 7.6195
2025/07/07 11:37:50 - mmengine - INFO - Exp name: yolov8_mambatransformer_enhance_20250705_110818
2025/07/07 11:37:50 - mmengine - INFO - Epoch(train) [182][400/400]  base_lr: 1.0000e-02 lr: 1.0900e-03  eta: 6:20:29  time: 3.3129  data_time: 0.0071  memory: 10777  grad_norm: 17.4152  loss: 17.8582  loss_cls: 3.2500  loss_bbox: 6.9311  loss_dfl: 7.6772
2025/07/07 11:37:50 - mmengine - INFO - Saving checkpoint at 182 epochs
2025/07/07 11:37:59 - mmengine - INFO - Epoch(val) [182][ 50/800]    eta: 0:01:20  time: 0.1070  data_time: 0.0010  memory: 1000  
2025/07/07 11:38:04 - mmengine - INFO - Epoch(val) [182][100/800]    eta: 0:01:12  time: 0.0995  data_time: 0.0004  memory: 1000  
2025/07/07 11:38:09 - mmengine - INFO - Epoch(val) [182][150/800]    eta: 0:01:09  time: 0.1147  data_time: 0.0005  memory: 1000  
2025/07/07 11:38:15 - mmengine - INFO - Epoch(val) [182][200/800]    eta: 0:01:04  time: 0.1115  data_time: 0.0005  memory: 1000  
2025/07/07 11:38:21 - mmengine - INFO - Epoch(val) [182][250/800]    eta: 0:00:59  time: 0.1113  data_time: 0.0005  memory: 1000  
2025/07/07 11:38:26 - mmengine - INFO - Epoch(val) [182][300/800]    eta: 0:00:54  time: 0.1115  data_time: 0.0005  memory: 1000  
2025/07/07 11:38:32 - mmengine - INFO - Epoch(val) [182][350/800]    eta: 0:00:49  time: 0.1109  data_time: 0.0005  memory: 1000  
2025/07/07 11:38:37 - mmengine - INFO - Epoch(val) [182][400/800]    eta: 0:00:43  time: 0.1119  data_time: 0.0005  memory: 1000  
2025/07/07 11:38:43 - mmengine - INFO - Epoch(val) [182][450/800]    eta: 0:00:38  time: 0.1119  data_time: 0.0005  memory: 1000  
2025/07/07 11:38:49 - mmengine - INFO - Epoch(val) [182][500/800]    eta: 0:00:33  time: 0.1119  data_time: 0.0005  memory: 1000  
2025/07/07 11:38:54 - mmengine - INFO - Epoch(val) [182][550/800]    eta: 0:00:27  time: 0.1125  data_time: 0.0005  memory: 1000  
2025/07/07 11:39:00 - mmengine - INFO - Epoch(val) [182][600/800]    eta: 0:00:22  time: 0.1138  data_time: 0.0005  memory: 1000  
2025/07/07 11:39:06 - mmengine - INFO - Epoch(val) [182][650/800]    eta: 0:00:16  time: 0.1141  data_time: 0.0005  memory: 1000  
2025/07/07 11:39:12 - mmengine - INFO - Epoch(val) [182][700/800]    eta: 0:00:11  time: 0.1140  data_time: 0.0005  memory: 1000  
2025/07/07 11:39:17 - mmengine - INFO - Epoch(val) [182][750/800]    eta: 0:00:05  time: 0.1133  data_time: 0.0005  memory: 1000  
2025/07/07 11:39:23 - mmengine - INFO - Epoch(val) [182][800/800]    eta: 0:00:00  time: 0.1137  data_time: 0.0005  memory: 1000  
2025/07/07 11:39:24 - mmengine - INFO - Evaluating bbox...
2025/07/07 11:39:36 - mmengine - INFO - 
+-------------+-------+--------+--------+-------+-------+-------+
| category    | mAP   | mAP_50 | mAP_75 | mAP_s | mAP_m | mAP_l |
+-------------+-------+--------+--------+-------+-------+-------+
| car         | 0.705 | 0.966  | 0.86   | 0.493 | 0.733 | 0.0   |
| truck       | 0.54  | 0.757  | 0.657  | 0.107 | 0.531 | 0.614 |
| bus         | 0.758 | 0.96   | 0.893  | 0.0   | 0.72  | 0.828 |
| van         | 0.52  | 0.704  | 0.64   | 0.261 | 0.511 | 0.849 |
| freight_car | 0.503 | 0.695  | 0.598  | 0.161 | 0.487 | 0.609 |
+-------------+-------+--------+--------+-------+-------+-------+
2025/07/07 11:39:36 - mmengine - INFO - bbox_mAP_copypaste: 0.605 0.817 0.730 0.205 0.596 0.580
2025/07/07 11:39:36 - mmengine - INFO - Epoch(val) [182][800/800]    coco/car_precision: 0.7050  coco/truck_precision: 0.5400  coco/bus_precision: 0.7580  coco/van_precision: 0.5200  coco/freight_car_precision: 0.5030  coco/bbox_mAP: 0.6050  coco/bbox_mAP_50: 0.8170  coco/bbox_mAP_75: 0.7300  coco/bbox_mAP_s: 0.2050  coco/bbox_mAP_m: 0.5960  coco/bbox_mAP_l: 0.5800  data_time: 0.0005  time: 0.1115
2025/07/07 11:42:23 - mmengine - INFO - Epoch(train) [183][ 50/400]  base_lr: 1.0000e-02 lr: 1.0405e-03  eta: 6:17:52  time: 3.3373  data_time: 0.0307  memory: 10884  grad_norm: 19.3174  loss: 17.9729  loss_cls: 3.2931  loss_bbox: 6.9357  loss_dfl: 7.7441
2025/07/07 11:45:09 - mmengine - INFO - Epoch(train) [183][100/400]  base_lr: 1.0000e-02 lr: 1.0405e-03  eta: 6:15:14  time: 3.3150  data_time: 0.0084  memory: 10932  grad_norm: 17.7497  loss: 17.7385  loss_cls: 3.1719  loss_bbox: 6.8717  loss_dfl: 7.6949
2025/07/07 11:47:55 - mmengine - INFO - Epoch(train) [183][150/400]  base_lr: 1.0000e-02 lr: 1.0405e-03  eta: 6:12:37  time: 3.3186  data_time: 0.0100  memory: 10708  grad_norm: 18.3618  loss: 17.6269  loss_cls: 3.2043  loss_bbox: 6.7208  loss_dfl: 7.7018
2025/07/07 11:50:12 - mmengine - INFO - Exp name: yolov8_mambatransformer_enhance_20250705_110818
2025/07/07 11:50:12 - mmengine - INFO - Epoch(train) [183][200/400]  base_lr: 1.0000e-02 lr: 1.0405e-03  eta: 6:09:55  time: 2.7554  data_time: 0.0093  memory: 10703  grad_norm: 19.3503  loss: 17.9526  loss_cls: 3.3020  loss_bbox: 6.8737  loss_dfl: 7.7769
2025/07/07 11:52:03 - mmengine - INFO - Epoch(train) [183][250/400]  base_lr: 1.0000e-02 lr: 1.0405e-03  eta: 6:07:10  time: 2.2135  data_time: 0.0096  memory: 10788  grad_norm: 18.6396  loss: 17.9826  loss_cls: 3.2782  loss_bbox: 6.9452  loss_dfl: 7.7592
2025/07/07 11:54:49 - mmengine - INFO - Epoch(train) [183][300/400]  base_lr: 1.0000e-02 lr: 1.0405e-03  eta: 6:04:33  time: 3.3158  data_time: 0.0081  memory: 10969  grad_norm: 18.7594  loss: 17.8421  loss_cls: 3.2632  loss_bbox: 6.8744  loss_dfl: 7.7046
2025/07/07 11:57:35 - mmengine - INFO - Epoch(train) [183][350/400]  base_lr: 1.0000e-02 lr: 1.0405e-03  eta: 6:01:55  time: 3.3159  data_time: 0.0079  memory: 10767  grad_norm: 18.0817  loss: 17.6471  loss_cls: 3.2440  loss_bbox: 6.7577  loss_dfl: 7.6454
2025/07/07 12:00:21 - mmengine - INFO - Exp name: yolov8_mambatransformer_enhance_20250705_110818
2025/07/07 12:00:21 - mmengine - INFO - Epoch(train) [183][400/400]  base_lr: 1.0000e-02 lr: 1.0405e-03  eta: 5:59:18  time: 3.3186  data_time: 0.0082  memory: 10884  grad_norm: 17.9080  loss: 17.8282  loss_cls: 3.2704  loss_bbox: 6.9522  loss_dfl: 7.6056
2025/07/07 12:00:21 - mmengine - INFO - Saving checkpoint at 183 epochs
2025/07/07 12:00:30 - mmengine - INFO - Epoch(val) [183][ 50/800]    eta: 0:01:27  time: 0.1173  data_time: 0.0011  memory: 1000  
2025/07/07 12:00:36 - mmengine - INFO - Epoch(val) [183][100/800]    eta: 0:01:21  time: 0.1150  data_time: 0.0005  memory: 1000  
2025/07/07 12:00:42 - mmengine - INFO - Epoch(val) [183][150/800]    eta: 0:01:14  time: 0.1125  data_time: 0.0005  memory: 1000  
2025/07/07 12:00:47 - mmengine - INFO - Epoch(val) [183][200/800]    eta: 0:01:08  time: 0.1086  data_time: 0.0005  memory: 1000  
2025/07/07 12:00:53 - mmengine - INFO - Epoch(val) [183][250/800]    eta: 0:01:02  time: 0.1120  data_time: 0.0005  memory: 1000  
2025/07/07 12:00:58 - mmengine - INFO - Epoch(val) [183][300/800]    eta: 0:00:56  time: 0.1151  data_time: 0.0005  memory: 1000  
2025/07/07 12:01:04 - mmengine - INFO - Epoch(val) [183][350/800]    eta: 0:00:51  time: 0.1148  data_time: 0.0005  memory: 1000  
2025/07/07 12:01:10 - mmengine - INFO - Epoch(val) [183][400/800]    eta: 0:00:45  time: 0.1143  data_time: 0.0005  memory: 1000  
2025/07/07 12:01:16 - mmengine - INFO - Epoch(val) [183][450/800]    eta: 0:00:39  time: 0.1145  data_time: 0.0005  memory: 1000  
2025/07/07 12:01:21 - mmengine - INFO - Epoch(val) [183][500/800]    eta: 0:00:34  time: 0.1144  data_time: 0.0005  memory: 1000  
2025/07/07 12:01:27 - mmengine - INFO - Epoch(val) [183][550/800]    eta: 0:00:28  time: 0.1144  data_time: 0.0005  memory: 1000  
2025/07/07 12:01:33 - mmengine - INFO - Epoch(val) [183][600/800]    eta: 0:00:22  time: 0.1144  data_time: 0.0005  memory: 1000  
2025/07/07 12:01:39 - mmengine - INFO - Epoch(val) [183][650/800]    eta: 0:00:17  time: 0.1148  data_time: 0.0005  memory: 1000  
2025/07/07 12:01:44 - mmengine - INFO - Epoch(val) [183][700/800]    eta: 0:00:11  time: 0.1143  data_time: 0.0005  memory: 1000  
2025/07/07 12:01:50 - mmengine - INFO - Epoch(val) [183][750/800]    eta: 0:00:05  time: 0.1103  data_time: 0.0005  memory: 1000  
2025/07/07 12:01:56 - mmengine - INFO - Epoch(val) [183][800/800]    eta: 0:00:00  time: 0.1217  data_time: 0.0005  memory: 1000  
2025/07/07 12:01:57 - mmengine - INFO - Evaluating bbox...
2025/07/07 12:02:09 - mmengine - INFO - 
+-------------+-------+--------+--------+-------+-------+-------+
| category    | mAP   | mAP_50 | mAP_75 | mAP_s | mAP_m | mAP_l |
+-------------+-------+--------+--------+-------+-------+-------+
| car         | 0.705 | 0.966  | 0.86   | 0.493 | 0.733 | 0.0   |
| truck       | 0.54  | 0.757  | 0.657  | 0.108 | 0.531 | 0.613 |
| bus         | 0.758 | 0.96   | 0.891  | 0.0   | 0.719 | 0.827 |
| van         | 0.519 | 0.703  | 0.642  | 0.262 | 0.51  | 0.85  |
| freight_car | 0.503 | 0.693  | 0.602  | 0.162 | 0.487 | 0.608 |
+-------------+-------+--------+--------+-------+-------+-------+
2025/07/07 12:02:09 - mmengine - INFO - bbox_mAP_copypaste: 0.605 0.816 0.730 0.205 0.596 0.580
2025/07/07 12:02:09 - mmengine - INFO - Epoch(val) [183][800/800]    coco/car_precision: 0.7050  coco/truck_precision: 0.5400  coco/bus_precision: 0.7580  coco/van_precision: 0.5190  coco/freight_car_precision: 0.5030  coco/bbox_mAP: 0.6050  coco/bbox_mAP_50: 0.8160  coco/bbox_mAP_75: 0.7300  coco/bbox_mAP_s: 0.2050  coco/bbox_mAP_m: 0.5960  coco/bbox_mAP_l: 0.5800  data_time: 0.0006  time: 0.1143
2025/07/07 12:04:56 - mmengine - INFO - Epoch(train) [184][ 50/400]  base_lr: 1.0000e-02 lr: 9.9100e-04  eta: 5:56:40  time: 3.3354  data_time: 0.0313  memory: 10820  grad_norm: 19.2408  loss: 17.8220  loss_cls: 3.2466  loss_bbox: 6.8412  loss_dfl: 7.7341
2025/07/07 12:07:42 - mmengine - INFO - Epoch(train) [184][100/400]  base_lr: 1.0000e-02 lr: 9.9100e-04  eta: 5:54:03  time: 3.3149  data_time: 0.0079  memory: 10804  grad_norm: 18.8541  loss: 17.8057  loss_cls: 3.2139  loss_bbox: 6.8746  loss_dfl: 7.7172
2025/07/07 12:10:28 - mmengine - INFO - Epoch(train) [184][150/400]  base_lr: 1.0000e-02 lr: 9.9100e-04  eta: 5:51:25  time: 3.3268  data_time: 0.0080  memory: 10831  grad_norm: 17.8519  loss: 17.5804  loss_cls: 3.1686  loss_bbox: 6.7931  loss_dfl: 7.6187
2025/07/07 12:13:14 - mmengine - INFO - Epoch(train) [184][200/400]  base_lr: 1.0000e-02 lr: 9.9100e-04  eta: 5:48:48  time: 3.3151  data_time: 0.0078  memory: 10703  grad_norm: 17.9210  loss: 17.6586  loss_cls: 3.2073  loss_bbox: 6.8083  loss_dfl: 7.6430
2025/07/07 12:16:00 - mmengine - INFO - Epoch(train) [184][250/400]  base_lr: 1.0000e-02 lr: 9.9100e-04  eta: 5:46:10  time: 3.3149  data_time: 0.0078  memory: 10810  grad_norm: 18.0228  loss: 17.6452  loss_cls: 3.2159  loss_bbox: 6.8305  loss_dfl: 7.5988
2025/07/07 12:18:46 - mmengine - INFO - Epoch(train) [184][300/400]  base_lr: 1.0000e-02 lr: 9.9100e-04  eta: 5:43:32  time: 3.3174  data_time: 0.0085  memory: 10751  grad_norm: 18.2737  loss: 17.7251  loss_cls: 3.1943  loss_bbox: 6.8990  loss_dfl: 7.6317
2025/07/07 12:20:32 - mmengine - INFO - Epoch(train) [184][350/400]  base_lr: 1.0000e-02 lr: 9.9100e-04  eta: 5:40:47  time: 2.1175  data_time: 0.0105  memory: 10810  grad_norm: 19.7410  loss: 17.9624  loss_cls: 3.3247  loss_bbox: 6.8503  loss_dfl: 7.7873
2025/07/07 12:22:56 - mmengine - INFO - Exp name: yolov8_mambatransformer_enhance_20250705_110818
2025/07/07 12:22:56 - mmengine - INFO - Epoch(train) [184][400/400]  base_lr: 1.0000e-02 lr: 9.9100e-04  eta: 5:38:07  time: 2.8747  data_time: 0.0086  memory: 10831  grad_norm: 18.8698  loss: 17.7872  loss_cls: 3.2079  loss_bbox: 6.8554  loss_dfl: 7.7239
2025/07/07 12:22:56 - mmengine - INFO - Saving checkpoint at 184 epochs
2025/07/07 12:23:05 - mmengine - INFO - Epoch(val) [184][ 50/800]    eta: 0:01:26  time: 0.1156  data_time: 0.0010  memory: 1000  
2025/07/07 12:23:11 - mmengine - INFO - Epoch(val) [184][100/800]    eta: 0:01:21  time: 0.1168  data_time: 0.0007  memory: 1000  
2025/07/07 12:23:17 - mmengine - INFO - Epoch(val) [184][150/800]    eta: 0:01:15  time: 0.1139  data_time: 0.0005  memory: 1000  
2025/07/07 12:23:22 - mmengine - INFO - Epoch(val) [184][200/800]    eta: 0:01:08  time: 0.1127  data_time: 0.0005  memory: 1000  
2025/07/07 12:23:28 - mmengine - INFO - Epoch(val) [184][250/800]    eta: 0:01:02  time: 0.1133  data_time: 0.0005  memory: 1000  
2025/07/07 12:23:34 - mmengine - INFO - Epoch(val) [184][300/800]    eta: 0:00:57  time: 0.1150  data_time: 0.0005  memory: 1000  
2025/07/07 12:23:40 - mmengine - INFO - Epoch(val) [184][350/800]    eta: 0:00:51  time: 0.1152  data_time: 0.0006  memory: 1000  
2025/07/07 12:23:45 - mmengine - INFO - Epoch(val) [184][400/800]    eta: 0:00:45  time: 0.1148  data_time: 0.0006  memory: 1000  
2025/07/07 12:23:51 - mmengine - INFO - Epoch(val) [184][450/800]    eta: 0:00:40  time: 0.1148  data_time: 0.0005  memory: 1000  
2025/07/07 12:23:57 - mmengine - INFO - Epoch(val) [184][500/800]    eta: 0:00:34  time: 0.1154  data_time: 0.0005  memory: 1000  
2025/07/07 12:24:03 - mmengine - INFO - Epoch(val) [184][550/800]    eta: 0:00:28  time: 0.1146  data_time: 0.0005  memory: 1000  
2025/07/07 12:24:08 - mmengine - INFO - Epoch(val) [184][600/800]    eta: 0:00:22  time: 0.1150  data_time: 0.0005  memory: 1000  
2025/07/07 12:24:14 - mmengine - INFO - Epoch(val) [184][650/800]    eta: 0:00:17  time: 0.1147  data_time: 0.0005  memory: 1000  
2025/07/07 12:24:20 - mmengine - INFO - Epoch(val) [184][700/800]    eta: 0:00:11  time: 0.1157  data_time: 0.0006  memory: 1000  
2025/07/07 12:24:26 - mmengine - INFO - Epoch(val) [184][750/800]    eta: 0:00:05  time: 0.1152  data_time: 0.0007  memory: 1000  
2025/07/07 12:24:32 - mmengine - INFO - Epoch(val) [184][800/800]    eta: 0:00:00  time: 0.1158  data_time: 0.0005  memory: 1000  
2025/07/07 12:24:32 - mmengine - INFO - Evaluating bbox...
2025/07/07 12:24:44 - mmengine - INFO - 
+-------------+-------+--------+--------+-------+-------+-------+
| category    | mAP   | mAP_50 | mAP_75 | mAP_s | mAP_m | mAP_l |
+-------------+-------+--------+--------+-------+-------+-------+
| car         | 0.705 | 0.966  | 0.861  | 0.492 | 0.734 | 0.0   |
| truck       | 0.539 | 0.757  | 0.656  | 0.106 | 0.53  | 0.612 |
| bus         | 0.757 | 0.96   | 0.891  | 0.0   | 0.718 | 0.825 |
| van         | 0.519 | 0.703  | 0.642  | 0.259 | 0.51  | 0.851 |
| freight_car | 0.504 | 0.694  | 0.604  | 0.162 | 0.487 | 0.609 |
+-------------+-------+--------+--------+-------+-------+-------+
2025/07/07 12:24:44 - mmengine - INFO - bbox_mAP_copypaste: 0.605 0.816 0.731 0.204 0.596 0.579
2025/07/07 12:24:44 - mmengine - INFO - Epoch(val) [184][800/800]    coco/car_precision: 0.7050  coco/truck_precision: 0.5390  coco/bus_precision: 0.7570  coco/van_precision: 0.5190  coco/freight_car_precision: 0.5040  coco/bbox_mAP: 0.6050  coco/bbox_mAP_50: 0.8160  coco/bbox_mAP_75: 0.7310  coco/bbox_mAP_s: 0.2040  coco/bbox_mAP_m: 0.5960  coco/bbox_mAP_l: 0.5790  data_time: 0.0006  time: 0.1149
2025/07/07 12:27:31 - mmengine - INFO - Epoch(train) [185][ 50/400]  base_lr: 1.0000e-02 lr: 9.4150e-04  eta: 5:35:29  time: 3.3406  data_time: 0.0305  memory: 10857  grad_norm: 17.7930  loss: 17.5961  loss_cls: 3.1922  loss_bbox: 6.8416  loss_dfl: 7.5623
2025/07/07 12:30:17 - mmengine - INFO - Epoch(train) [185][100/400]  base_lr: 1.0000e-02 lr: 9.4150e-04  eta: 5:32:52  time: 3.3136  data_time: 0.0078  memory: 10847  grad_norm: 18.4368  loss: 17.6992  loss_cls: 3.2201  loss_bbox: 6.7910  loss_dfl: 7.6882
2025/07/07 12:33:03 - mmengine - INFO - Epoch(train) [185][150/400]  base_lr: 1.0000e-02 lr: 9.4150e-04  eta: 5:30:14  time: 3.3141  data_time: 0.0080  memory: 10681  grad_norm: 18.2875  loss: 17.5063  loss_cls: 3.2221  loss_bbox: 6.7140  loss_dfl: 7.5702
2025/07/07 12:35:49 - mmengine - INFO - Epoch(train) [185][200/400]  base_lr: 1.0000e-02 lr: 9.4150e-04  eta: 5:27:37  time: 3.3143  data_time: 0.0078  memory: 10761  grad_norm: 18.9462  loss: 17.8493  loss_cls: 3.2232  loss_bbox: 6.9066  loss_dfl: 7.7195
2025/07/07 12:38:34 - mmengine - INFO - Epoch(train) [185][250/400]  base_lr: 1.0000e-02 lr: 9.4150e-04  eta: 5:24:59  time: 3.3133  data_time: 0.0082  memory: 10756  grad_norm: 19.5091  loss: 17.9926  loss_cls: 3.3111  loss_bbox: 6.8847  loss_dfl: 7.7967
2025/07/07 12:41:20 - mmengine - INFO - Epoch(train) [185][300/400]  base_lr: 1.0000e-02 lr: 9.4150e-04  eta: 5:22:21  time: 3.3161  data_time: 0.0078  memory: 10777  grad_norm: 18.9134  loss: 17.6085  loss_cls: 3.2049  loss_bbox: 6.7582  loss_dfl: 7.6453
2025/07/07 12:44:06 - mmengine - INFO - Epoch(train) [185][350/400]  base_lr: 1.0000e-02 lr: 9.4150e-04  eta: 5:19:43  time: 3.3151  data_time: 0.0078  memory: 10665  grad_norm: 18.5150  loss: 17.5236  loss_cls: 3.1580  loss_bbox: 6.7406  loss_dfl: 7.6250
2025/07/07 12:46:52 - mmengine - INFO - Exp name: yolov8_mambatransformer_enhance_20250705_110818
2025/07/07 12:46:52 - mmengine - INFO - Epoch(train) [185][400/400]  base_lr: 1.0000e-02 lr: 9.4150e-04  eta: 5:17:06  time: 3.3177  data_time: 0.0078  memory: 10847  grad_norm: 17.5064  loss: 17.3676  loss_cls: 3.1545  loss_bbox: 6.6815  loss_dfl: 7.5316
2025/07/07 12:46:52 - mmengine - INFO - Saving checkpoint at 185 epochs
2025/07/07 12:47:01 - mmengine - INFO - Epoch(val) [185][ 50/800]    eta: 0:01:26  time: 0.1150  data_time: 0.0009  memory: 1000  
2025/07/07 12:47:07 - mmengine - INFO - Epoch(val) [185][100/800]    eta: 0:01:19  time: 0.1131  data_time: 0.0005  memory: 1000  
2025/07/07 12:47:13 - mmengine - INFO - Epoch(val) [185][150/800]    eta: 0:01:13  time: 0.1129  data_time: 0.0005  memory: 1000  
2025/07/07 12:47:18 - mmengine - INFO - Epoch(val) [185][200/800]    eta: 0:01:07  time: 0.1113  data_time: 0.0005  memory: 1000  
2025/07/07 12:47:24 - mmengine - INFO - Epoch(val) [185][250/800]    eta: 0:01:01  time: 0.1108  data_time: 0.0005  memory: 1000  
2025/07/07 12:47:30 - mmengine - INFO - Epoch(val) [185][300/800]    eta: 0:00:56  time: 0.1128  data_time: 0.0005  memory: 1000  
2025/07/07 12:47:36 - mmengine - INFO - Epoch(val) [185][350/800]    eta: 0:00:51  time: 0.1210  data_time: 0.0006  memory: 1000  
2025/07/07 12:47:42 - mmengine - INFO - Epoch(val) [185][400/800]    eta: 0:00:46  time: 0.1313  data_time: 0.0007  memory: 1000  
2025/07/07 12:47:47 - mmengine - INFO - Epoch(val) [185][450/800]    eta: 0:00:39  time: 0.0967  data_time: 0.0005  memory: 1000  
2025/07/07 12:47:53 - mmengine - INFO - Epoch(val) [185][500/800]    eta: 0:00:34  time: 0.1125  data_time: 0.0042  memory: 1000  
2025/07/07 12:47:58 - mmengine - INFO - Epoch(val) [185][550/800]    eta: 0:00:28  time: 0.1145  data_time: 0.0064  memory: 1000  
2025/07/07 12:48:05 - mmengine - INFO - Epoch(val) [185][600/800]    eta: 0:00:22  time: 0.1240  data_time: 0.0048  memory: 1000  
2025/07/07 12:48:12 - mmengine - INFO - Epoch(val) [185][650/800]    eta: 0:00:17  time: 0.1502  data_time: 0.0060  memory: 1000  
2025/07/07 12:48:19 - mmengine - INFO - Epoch(val) [185][700/800]    eta: 0:00:11  time: 0.1383  data_time: 0.0034  memory: 1000  
2025/07/07 12:48:25 - mmengine - INFO - Epoch(val) [185][750/800]    eta: 0:00:05  time: 0.1156  data_time: 0.0021  memory: 1000  
2025/07/07 12:48:32 - mmengine - INFO - Epoch(val) [185][800/800]    eta: 0:00:00  time: 0.1389  data_time: 0.0079  memory: 1000  
2025/07/07 12:48:33 - mmengine - INFO - Evaluating bbox...
2025/07/07 12:48:46 - mmengine - INFO - 
+-------------+-------+--------+--------+-------+-------+-------+
| category    | mAP   | mAP_50 | mAP_75 | mAP_s | mAP_m | mAP_l |
+-------------+-------+--------+--------+-------+-------+-------+
| car         | 0.704 | 0.966  | 0.86   | 0.493 | 0.733 | 0.0   |
| truck       | 0.54  | 0.757  | 0.654  | 0.106 | 0.53  | 0.614 |
| bus         | 0.758 | 0.96   | 0.891  | 0.0   | 0.719 | 0.826 |
| van         | 0.519 | 0.702  | 0.641  | 0.26  | 0.51  | 0.847 |
| freight_car | 0.502 | 0.693  | 0.599  | 0.16  | 0.486 | 0.609 |
+-------------+-------+--------+--------+-------+-------+-------+
2025/07/07 12:48:46 - mmengine - INFO - bbox_mAP_copypaste: 0.605 0.816 0.729 0.204 0.596 0.579
2025/07/07 12:48:46 - mmengine - INFO - Epoch(val) [185][800/800]    coco/car_precision: 0.7040  coco/truck_precision: 0.5400  coco/bus_precision: 0.7580  coco/van_precision: 0.5190  coco/freight_car_precision: 0.5020  coco/bbox_mAP: 0.6050  coco/bbox_mAP_50: 0.8160  coco/bbox_mAP_75: 0.7290  coco/bbox_mAP_s: 0.2040  coco/bbox_mAP_m: 0.5960  coco/bbox_mAP_l: 0.5790  data_time: 0.0025  time: 0.1199
2025/07/07 12:50:46 - mmengine - INFO - Epoch(train) [186][ 50/400]  base_lr: 1.0000e-02 lr: 8.9200e-04  eta: 5:14:23  time: 2.3993  data_time: 0.0339  memory: 11028  grad_norm: 18.5315  loss: 17.5743  loss_cls: 3.1954  loss_bbox: 6.7243  loss_dfl: 7.6546
2025/07/07 12:53:33 - mmengine - INFO - Epoch(train) [186][100/400]  base_lr: 1.0000e-02 lr: 8.9200e-04  eta: 5:11:45  time: 3.3441  data_time: 0.0076  memory: 10703  grad_norm: 17.9638  loss: 17.4304  loss_cls: 3.1641  loss_bbox: 6.6162  loss_dfl: 7.6501
2025/07/07 12:56:21 - mmengine - INFO - Epoch(train) [186][150/400]  base_lr: 1.0000e-02 lr: 8.9200e-04  eta: 5:09:08  time: 3.3471  data_time: 0.0078  memory: 10644  grad_norm: 18.6865  loss: 17.6652  loss_cls: 3.1994  loss_bbox: 6.8502  loss_dfl: 7.6157
2025/07/07 12:59:08 - mmengine - INFO - Epoch(train) [186][200/400]  base_lr: 1.0000e-02 lr: 8.9200e-04  eta: 5:06:30  time: 3.3467  data_time: 0.0080  memory: 10980  grad_norm: 17.9368  loss: 17.5364  loss_cls: 3.1584  loss_bbox: 6.7177  loss_dfl: 7.6602
2025/07/07 13:01:56 - mmengine - INFO - Epoch(train) [186][250/400]  base_lr: 1.0000e-02 lr: 8.9200e-04  eta: 5:03:53  time: 3.3465  data_time: 0.0078  memory: 10793  grad_norm: 18.6328  loss: 17.6933  loss_cls: 3.1946  loss_bbox: 6.8277  loss_dfl: 7.6710
2025/07/07 13:04:43 - mmengine - INFO - Epoch(train) [186][300/400]  base_lr: 1.0000e-02 lr: 8.9200e-04  eta: 5:01:15  time: 3.3459  data_time: 0.0078  memory: 11012  grad_norm: 17.6819  loss: 17.3327  loss_cls: 3.1260  loss_bbox: 6.6192  loss_dfl: 7.5876
2025/07/07 13:07:30 - mmengine - INFO - Epoch(train) [186][350/400]  base_lr: 1.0000e-02 lr: 8.9200e-04  eta: 4:58:37  time: 3.3494  data_time: 0.0081  memory: 10985  grad_norm: 19.3142  loss: 17.7933  loss_cls: 3.2248  loss_bbox: 6.8956  loss_dfl: 7.6729
2025/07/07 13:10:18 - mmengine - INFO - Exp name: yolov8_mambatransformer_enhance_20250705_110818
2025/07/07 13:10:18 - mmengine - INFO - Epoch(train) [186][400/400]  base_lr: 1.0000e-02 lr: 8.9200e-04  eta: 4:56:00  time: 3.3464  data_time: 0.0077  memory: 10873  grad_norm: 17.6106  loss: 17.3564  loss_cls: 3.0985  loss_bbox: 6.6708  loss_dfl: 7.5871
2025/07/07 13:10:18 - mmengine - INFO - Saving checkpoint at 186 epochs
2025/07/07 13:10:27 - mmengine - INFO - Epoch(val) [186][ 50/800]    eta: 0:01:26  time: 0.1151  data_time: 0.0009  memory: 1000  
2025/07/07 13:10:33 - mmengine - INFO - Epoch(val) [186][100/800]    eta: 0:01:20  time: 0.1142  data_time: 0.0005  memory: 1000  
2025/07/07 13:10:39 - mmengine - INFO - Epoch(val) [186][150/800]    eta: 0:01:14  time: 0.1130  data_time: 0.0005  memory: 1000  
2025/07/07 13:10:44 - mmengine - INFO - Epoch(val) [186][200/800]    eta: 0:01:08  time: 0.1126  data_time: 0.0005  memory: 1000  
2025/07/07 13:10:50 - mmengine - INFO - Epoch(val) [186][250/800]    eta: 0:01:02  time: 0.1127  data_time: 0.0005  memory: 1000  
2025/07/07 13:10:56 - mmengine - INFO - Epoch(val) [186][300/800]    eta: 0:00:56  time: 0.1138  data_time: 0.0005  memory: 1000  
2025/07/07 13:11:01 - mmengine - INFO - Epoch(val) [186][350/800]    eta: 0:00:51  time: 0.1128  data_time: 0.0005  memory: 1000  
2025/07/07 13:11:07 - mmengine - INFO - Epoch(val) [186][400/800]    eta: 0:00:45  time: 0.1129  data_time: 0.0005  memory: 1000  
2025/07/07 13:11:13 - mmengine - INFO - Epoch(val) [186][450/800]    eta: 0:00:39  time: 0.1134  data_time: 0.0005  memory: 1000  
2025/07/07 13:11:18 - mmengine - INFO - Epoch(val) [186][500/800]    eta: 0:00:34  time: 0.1134  data_time: 0.0005  memory: 1000  
2025/07/07 13:11:24 - mmengine - INFO - Epoch(val) [186][550/800]    eta: 0:00:28  time: 0.1098  data_time: 0.0005  memory: 1000  
2025/07/07 13:11:29 - mmengine - INFO - Epoch(val) [186][600/800]    eta: 0:00:22  time: 0.1020  data_time: 0.0005  memory: 1000  
2025/07/07 13:11:35 - mmengine - INFO - Epoch(val) [186][650/800]    eta: 0:00:16  time: 0.1154  data_time: 0.0005  memory: 1000  
2025/07/07 13:11:41 - mmengine - INFO - Epoch(val) [186][700/800]    eta: 0:00:11  time: 0.1150  data_time: 0.0005  memory: 1000  
2025/07/07 13:11:46 - mmengine - INFO - Epoch(val) [186][750/800]    eta: 0:00:05  time: 0.1139  data_time: 0.0005  memory: 1000  
2025/07/07 13:11:52 - mmengine - INFO - Epoch(val) [186][800/800]    eta: 0:00:00  time: 0.1137  data_time: 0.0005  memory: 1000  
2025/07/07 13:11:53 - mmengine - INFO - Evaluating bbox...
2025/07/07 13:12:05 - mmengine - INFO - 
+-------------+-------+--------+--------+-------+-------+-------+
| category    | mAP   | mAP_50 | mAP_75 | mAP_s | mAP_m | mAP_l |
+-------------+-------+--------+--------+-------+-------+-------+
| car         | 0.705 | 0.966  | 0.86   | 0.493 | 0.733 | 0.0   |
| truck       | 0.539 | 0.756  | 0.653  | 0.111 | 0.529 | 0.616 |
| bus         | 0.757 | 0.96   | 0.891  | 0.0   | 0.719 | 0.826 |
| van         | 0.519 | 0.701  | 0.64   | 0.263 | 0.509 | 0.846 |
| freight_car | 0.502 | 0.694  | 0.6    | 0.159 | 0.485 | 0.61  |
+-------------+-------+--------+--------+-------+-------+-------+
2025/07/07 13:12:05 - mmengine - INFO - bbox_mAP_copypaste: 0.604 0.815 0.729 0.205 0.595 0.580
2025/07/07 13:12:05 - mmengine - INFO - Epoch(val) [186][800/800]    coco/car_precision: 0.7050  coco/truck_precision: 0.5390  coco/bus_precision: 0.7570  coco/van_precision: 0.5190  coco/freight_car_precision: 0.5020  coco/bbox_mAP: 0.6040  coco/bbox_mAP_50: 0.8150  coco/bbox_mAP_75: 0.7290  coco/bbox_mAP_s: 0.2050  coco/bbox_mAP_m: 0.5950  coco/bbox_mAP_l: 0.5800  data_time: 0.0005  time: 0.1128
2025/07/07 13:14:52 - mmengine - INFO - Epoch(train) [187][ 50/400]  base_lr: 1.0000e-02 lr: 8.4250e-04  eta: 4:53:22  time: 3.3417  data_time: 0.0313  memory: 10623  grad_norm: 19.0748  loss: 17.7729  loss_cls: 3.2323  loss_bbox: 6.8795  loss_dfl: 7.6611
2025/07/07 13:17:31 - mmengine - INFO - Epoch(train) [187][100/400]  base_lr: 1.0000e-02 lr: 8.4250e-04  eta: 4:50:44  time: 3.1864  data_time: 0.0077  memory: 11023  grad_norm: 19.3672  loss: 17.7131  loss_cls: 3.2405  loss_bbox: 6.8077  loss_dfl: 7.6649
2025/07/07 13:19:16 - mmengine - INFO - Epoch(train) [187][150/400]  base_lr: 1.0000e-02 lr: 8.4250e-04  eta: 4:47:59  time: 2.0831  data_time: 0.0101  memory: 10927  grad_norm: 18.3858  loss: 17.4794  loss_cls: 3.1245  loss_bbox: 6.6564  loss_dfl: 7.6985
2025/07/07 13:21:43 - mmengine - INFO - Epoch(train) [187][200/400]  base_lr: 1.0000e-02 lr: 8.4250e-04  eta: 4:45:20  time: 2.9510  data_time: 0.0085  memory: 10633  grad_norm: 18.3987  loss: 17.2987  loss_cls: 3.1301  loss_bbox: 6.5745  loss_dfl: 7.5941
2025/07/07 13:24:29 - mmengine - INFO - Epoch(train) [187][250/400]  base_lr: 1.0000e-02 lr: 8.4250e-04  eta: 4:42:42  time: 3.3180  data_time: 0.0079  memory: 10777  grad_norm: 18.6346  loss: 17.5470  loss_cls: 3.1692  loss_bbox: 6.7134  loss_dfl: 7.6644
2025/07/07 13:27:15 - mmengine - INFO - Epoch(train) [187][300/400]  base_lr: 1.0000e-02 lr: 8.4250e-04  eta: 4:40:04  time: 3.3172  data_time: 0.0079  memory: 10905  grad_norm: 18.4279  loss: 17.5387  loss_cls: 3.1220  loss_bbox: 6.7843  loss_dfl: 7.6324
2025/07/07 13:30:01 - mmengine - INFO - Epoch(train) [187][350/400]  base_lr: 1.0000e-02 lr: 8.4250e-04  eta: 4:37:26  time: 3.3158  data_time: 0.0079  memory: 10687  grad_norm: 19.4630  loss: 17.8347  loss_cls: 3.1962  loss_bbox: 6.8741  loss_dfl: 7.7645
2025/07/07 13:32:47 - mmengine - INFO - Exp name: yolov8_mambatransformer_enhance_20250705_110818
2025/07/07 13:32:47 - mmengine - INFO - Epoch(train) [187][400/400]  base_lr: 1.0000e-02 lr: 8.4250e-04  eta: 4:34:49  time: 3.3191  data_time: 0.0087  memory: 10719  grad_norm: 18.1201  loss: 17.7207  loss_cls: 3.2035  loss_bbox: 6.8415  loss_dfl: 7.6757
2025/07/07 13:32:47 - mmengine - INFO - Saving checkpoint at 187 epochs
2025/07/07 13:32:57 - mmengine - INFO - Epoch(val) [187][ 50/800]    eta: 0:01:35  time: 0.1276  data_time: 0.0011  memory: 1000  
2025/07/07 13:33:03 - mmengine - INFO - Epoch(val) [187][100/800]    eta: 0:01:24  time: 0.1145  data_time: 0.0006  memory: 1000  
2025/07/07 13:33:08 - mmengine - INFO - Epoch(val) [187][150/800]    eta: 0:01:17  time: 0.1144  data_time: 0.0005  memory: 1000  
2025/07/07 13:33:14 - mmengine - INFO - Epoch(val) [187][200/800]    eta: 0:01:10  time: 0.1143  data_time: 0.0005  memory: 1000  
2025/07/07 13:33:20 - mmengine - INFO - Epoch(val) [187][250/800]    eta: 0:01:04  time: 0.1145  data_time: 0.0005  memory: 1000  
2025/07/07 13:33:26 - mmengine - INFO - Epoch(val) [187][300/800]    eta: 0:00:58  time: 0.1153  data_time: 0.0005  memory: 1000  
2025/07/07 13:33:31 - mmengine - INFO - Epoch(val) [187][350/800]    eta: 0:00:52  time: 0.1138  data_time: 0.0005  memory: 1000  
2025/07/07 13:33:37 - mmengine - INFO - Epoch(val) [187][400/800]    eta: 0:00:46  time: 0.1090  data_time: 0.0005  memory: 1000  
2025/07/07 13:33:43 - mmengine - INFO - Epoch(val) [187][450/800]    eta: 0:00:40  time: 0.1209  data_time: 0.0005  memory: 1000  
2025/07/07 13:33:49 - mmengine - INFO - Epoch(val) [187][500/800]    eta: 0:00:35  time: 0.1295  data_time: 0.0005  memory: 1000  
2025/07/07 13:33:56 - mmengine - INFO - Epoch(val) [187][550/800]    eta: 0:00:29  time: 0.1299  data_time: 0.0006  memory: 1000  
2025/07/07 13:34:03 - mmengine - INFO - Epoch(val) [187][600/800]    eta: 0:00:23  time: 0.1297  data_time: 0.0005  memory: 1000  
2025/07/07 13:34:09 - mmengine - INFO - Epoch(val) [187][650/800]    eta: 0:00:18  time: 0.1301  data_time: 0.0006  memory: 1000  
2025/07/07 13:34:16 - mmengine - INFO - Epoch(val) [187][700/800]    eta: 0:00:12  time: 0.1293  data_time: 0.0006  memory: 1000  
2025/07/07 13:34:21 - mmengine - INFO - Epoch(val) [187][750/800]    eta: 0:00:06  time: 0.1164  data_time: 0.0006  memory: 1000  
2025/07/07 13:34:27 - mmengine - INFO - Epoch(val) [187][800/800]    eta: 0:00:00  time: 0.1150  data_time: 0.0005  memory: 1000  
2025/07/07 13:34:28 - mmengine - INFO - Evaluating bbox...
2025/07/07 13:34:41 - mmengine - INFO - 
+-------------+-------+--------+--------+-------+-------+-------+
| category    | mAP   | mAP_50 | mAP_75 | mAP_s | mAP_m | mAP_l |
+-------------+-------+--------+--------+-------+-------+-------+
| car         | 0.705 | 0.966  | 0.86   | 0.493 | 0.733 | 0.0   |
| truck       | 0.539 | 0.755  | 0.652  | 0.11  | 0.528 | 0.615 |
| bus         | 0.756 | 0.96   | 0.891  | 0.0   | 0.718 | 0.825 |
| van         | 0.518 | 0.701  | 0.64   | 0.266 | 0.509 | 0.846 |
| freight_car | 0.502 | 0.693  | 0.598  | 0.159 | 0.485 | 0.61  |
+-------------+-------+--------+--------+-------+-------+-------+
2025/07/07 13:34:41 - mmengine - INFO - bbox_mAP_copypaste: 0.604 0.815 0.728 0.206 0.595 0.579
2025/07/07 13:34:41 - mmengine - INFO - Epoch(val) [187][800/800]    coco/car_precision: 0.7050  coco/truck_precision: 0.5390  coco/bus_precision: 0.7560  coco/van_precision: 0.5180  coco/freight_car_precision: 0.5020  coco/bbox_mAP: 0.6040  coco/bbox_mAP_50: 0.8150  coco/bbox_mAP_75: 0.7280  coco/bbox_mAP_s: 0.2060  coco/bbox_mAP_m: 0.5950  coco/bbox_mAP_l: 0.5790  data_time: 0.0006  time: 0.1203
2025/07/07 13:37:28 - mmengine - INFO - Epoch(train) [188][ 50/400]  base_lr: 1.0000e-02 lr: 7.9300e-04  eta: 4:32:11  time: 3.3387  data_time: 0.0315  memory: 10783  grad_norm: 18.6021  loss: 17.6184  loss_cls: 3.1562  loss_bbox: 6.8021  loss_dfl: 7.6601
2025/07/07 13:40:14 - mmengine - INFO - Epoch(train) [188][100/400]  base_lr: 1.0000e-02 lr: 7.9300e-04  eta: 4:29:33  time: 3.3189  data_time: 0.0089  memory: 11065  grad_norm: 18.7363  loss: 17.2788  loss_cls: 3.1293  loss_bbox: 6.5558  loss_dfl: 7.5936
2025/07/07 13:43:00 - mmengine - INFO - Epoch(train) [188][150/400]  base_lr: 1.0000e-02 lr: 7.9300e-04  eta: 4:26:55  time: 3.3187  data_time: 0.0087  memory: 10873  grad_norm: 17.9636  loss: 17.4352  loss_cls: 3.1333  loss_bbox: 6.6659  loss_dfl: 7.6361
2025/07/07 13:45:45 - mmengine - INFO - Exp name: yolov8_mambatransformer_enhance_20250705_110818
2025/07/07 13:45:45 - mmengine - INFO - Epoch(train) [188][200/400]  base_lr: 1.0000e-02 lr: 7.9300e-04  eta: 4:24:17  time: 3.3162  data_time: 0.0079  memory: 10729  grad_norm: 20.1900  loss: 17.8014  loss_cls: 3.2501  loss_bbox: 6.8191  loss_dfl: 7.7321
2025/07/07 13:47:51 - mmengine - INFO - Epoch(train) [188][250/400]  base_lr: 1.0000e-02 lr: 7.9300e-04  eta: 4:21:36  time: 2.5184  data_time: 0.0094  memory: 10847  grad_norm: 18.2407  loss: 17.4055  loss_cls: 3.1761  loss_bbox: 6.6007  loss_dfl: 7.6287
2025/07/07 13:49:55 - mmengine - INFO - Epoch(train) [188][300/400]  base_lr: 1.0000e-02 lr: 7.9300e-04  eta: 4:18:54  time: 2.4769  data_time: 0.0091  memory: 10847  grad_norm: 20.5261  loss: 17.5617  loss_cls: 3.2034  loss_bbox: 6.6674  loss_dfl: 7.6908
2025/07/07 13:52:42 - mmengine - INFO - Epoch(train) [188][350/400]  base_lr: 1.0000e-02 lr: 7.9300e-04  eta: 4:16:16  time: 3.3435  data_time: 0.0078  memory: 10788  grad_norm: 17.9371  loss: 17.3492  loss_cls: 3.1458  loss_bbox: 6.6970  loss_dfl: 7.5064
2025/07/07 13:55:30 - mmengine - INFO - Exp name: yolov8_mambatransformer_enhance_20250705_110818
2025/07/07 13:55:30 - mmengine - INFO - Epoch(train) [188][400/400]  base_lr: 1.0000e-02 lr: 7.9300e-04  eta: 4:13:38  time: 3.3425  data_time: 0.0076  memory: 10799  grad_norm: 17.6367  loss: 17.3384  loss_cls: 3.1417  loss_bbox: 6.6137  loss_dfl: 7.5830
2025/07/07 13:55:30 - mmengine - INFO - Saving checkpoint at 188 epochs
2025/07/07 13:55:39 - mmengine - INFO - Epoch(val) [188][ 50/800]    eta: 0:01:20  time: 0.1077  data_time: 0.0010  memory: 1000  
2025/07/07 13:55:45 - mmengine - INFO - Epoch(val) [188][100/800]    eta: 0:01:22  time: 0.1268  data_time: 0.0006  memory: 1000  
2025/07/07 13:55:51 - mmengine - INFO - Epoch(val) [188][150/800]    eta: 0:01:18  time: 0.1291  data_time: 0.0005  memory: 1000  
2025/07/07 13:55:58 - mmengine - INFO - Epoch(val) [188][200/800]    eta: 0:01:12  time: 0.1221  data_time: 0.0006  memory: 1000  
2025/07/07 13:56:03 - mmengine - INFO - Epoch(val) [188][250/800]    eta: 0:01:06  time: 0.1175  data_time: 0.0006  memory: 1000  
2025/07/07 13:56:09 - mmengine - INFO - Epoch(val) [188][300/800]    eta: 0:00:59  time: 0.1139  data_time: 0.0005  memory: 1000  
2025/07/07 13:56:15 - mmengine - INFO - Epoch(val) [188][350/800]    eta: 0:00:53  time: 0.1137  data_time: 0.0005  memory: 1000  
2025/07/07 13:56:21 - mmengine - INFO - Epoch(val) [188][400/800]    eta: 0:00:47  time: 0.1136  data_time: 0.0005  memory: 1000  
2025/07/07 13:56:26 - mmengine - INFO - Epoch(val) [188][450/800]    eta: 0:00:41  time: 0.1149  data_time: 0.0005  memory: 1000  
2025/07/07 13:56:32 - mmengine - INFO - Epoch(val) [188][500/800]    eta: 0:00:35  time: 0.1155  data_time: 0.0005  memory: 1000  
2025/07/07 13:56:38 - mmengine - INFO - Epoch(val) [188][550/800]    eta: 0:00:29  time: 0.1153  data_time: 0.0005  memory: 1000  
2025/07/07 13:56:44 - mmengine - INFO - Epoch(val) [188][600/800]    eta: 0:00:23  time: 0.1145  data_time: 0.0005  memory: 1000  
2025/07/07 13:56:49 - mmengine - INFO - Epoch(val) [188][650/800]    eta: 0:00:17  time: 0.1145  data_time: 0.0005  memory: 1000  
2025/07/07 13:56:55 - mmengine - INFO - Epoch(val) [188][700/800]    eta: 0:00:11  time: 0.1149  data_time: 0.0005  memory: 1000  
2025/07/07 13:57:01 - mmengine - INFO - Epoch(val) [188][750/800]    eta: 0:00:05  time: 0.1146  data_time: 0.0005  memory: 1000  
2025/07/07 13:57:07 - mmengine - INFO - Epoch(val) [188][800/800]    eta: 0:00:00  time: 0.1144  data_time: 0.0005  memory: 1000  
2025/07/07 13:57:08 - mmengine - INFO - Evaluating bbox...
2025/07/07 13:57:20 - mmengine - INFO - 
+-------------+-------+--------+--------+-------+-------+-------+
| category    | mAP   | mAP_50 | mAP_75 | mAP_s | mAP_m | mAP_l |
+-------------+-------+--------+--------+-------+-------+-------+
| car         | 0.704 | 0.966  | 0.86   | 0.492 | 0.733 | 0.0   |
| truck       | 0.538 | 0.754  | 0.648  | 0.109 | 0.527 | 0.614 |
| bus         | 0.756 | 0.96   | 0.891  | 0.0   | 0.717 | 0.826 |
| van         | 0.519 | 0.7    | 0.639  | 0.266 | 0.51  | 0.846 |
| freight_car | 0.501 | 0.693  | 0.598  | 0.16  | 0.485 | 0.609 |
+-------------+-------+--------+--------+-------+-------+-------+
2025/07/07 13:57:20 - mmengine - INFO - bbox_mAP_copypaste: 0.604 0.814 0.727 0.205 0.594 0.579
2025/07/07 13:57:20 - mmengine - INFO - Epoch(val) [188][800/800]    coco/car_precision: 0.7040  coco/truck_precision: 0.5380  coco/bus_precision: 0.7560  coco/van_precision: 0.5190  coco/freight_car_precision: 0.5010  coco/bbox_mAP: 0.6040  coco/bbox_mAP_50: 0.8140  coco/bbox_mAP_75: 0.7270  coco/bbox_mAP_s: 0.2050  coco/bbox_mAP_m: 0.5940  coco/bbox_mAP_l: 0.5790  data_time: 0.0006  time: 0.1164
2025/07/07 14:00:07 - mmengine - INFO - Epoch(train) [189][ 50/400]  base_lr: 1.0000e-02 lr: 7.4350e-04  eta: 4:11:01  time: 3.3373  data_time: 0.0295  memory: 10841  grad_norm: 18.5268  loss: 17.4678  loss_cls: 3.1764  loss_bbox: 6.6800  loss_dfl: 7.6114
2025/07/07 14:02:53 - mmengine - INFO - Epoch(train) [189][100/400]  base_lr: 1.0000e-02 lr: 7.4350e-04  eta: 4:08:23  time: 3.3154  data_time: 0.0082  memory: 10745  grad_norm: 18.1436  loss: 17.3327  loss_cls: 3.0924  loss_bbox: 6.6231  loss_dfl: 7.6172
2025/07/07 14:05:38 - mmengine - INFO - Epoch(train) [189][150/400]  base_lr: 1.0000e-02 lr: 7.4350e-04  eta: 4:05:45  time: 3.3137  data_time: 0.0085  memory: 11044  grad_norm: 18.5934  loss: 17.5230  loss_cls: 3.1693  loss_bbox: 6.7456  loss_dfl: 7.6081
2025/07/07 14:08:24 - mmengine - INFO - Epoch(train) [189][200/400]  base_lr: 1.0000e-02 lr: 7.4350e-04  eta: 4:03:07  time: 3.3162  data_time: 0.0081  memory: 10863  grad_norm: 19.2533  loss: 17.4585  loss_cls: 3.0925  loss_bbox: 6.6988  loss_dfl: 7.6672
2025/07/07 14:11:10 - mmengine - INFO - Epoch(train) [189][250/400]  base_lr: 1.0000e-02 lr: 7.4350e-04  eta: 4:00:29  time: 3.3138  data_time: 0.0079  memory: 10900  grad_norm: 19.8128  loss: 17.4920  loss_cls: 3.2017  loss_bbox: 6.6807  loss_dfl: 7.6096
2025/07/07 14:13:56 - mmengine - INFO - Epoch(train) [189][300/400]  base_lr: 1.0000e-02 lr: 7.4350e-04  eta: 3:57:51  time: 3.3137  data_time: 0.0081  memory: 10820  grad_norm: 19.6502  loss: 17.5847  loss_cls: 3.1393  loss_bbox: 6.7933  loss_dfl: 7.6521
2025/07/07 14:16:29 - mmengine - INFO - Epoch(train) [189][350/400]  base_lr: 1.0000e-02 lr: 7.4350e-04  eta: 3:55:12  time: 3.0731  data_time: 0.0081  memory: 10879  grad_norm: 19.6334  loss: 17.4951  loss_cls: 3.1688  loss_bbox: 6.7019  loss_dfl: 7.6244
2025/07/07 14:18:13 - mmengine - INFO - Exp name: yolov8_mambatransformer_enhance_20250705_110818
2025/07/07 14:18:13 - mmengine - INFO - Epoch(train) [189][400/400]  base_lr: 1.0000e-02 lr: 7.4350e-04  eta: 3:52:29  time: 2.0686  data_time: 0.0100  memory: 10911  grad_norm: 19.2370  loss: 17.2729  loss_cls: 3.0773  loss_bbox: 6.5805  loss_dfl: 7.6151
2025/07/07 14:18:13 - mmengine - INFO - Saving checkpoint at 189 epochs
2025/07/07 14:18:22 - mmengine - INFO - Epoch(val) [189][ 50/800]    eta: 0:01:18  time: 0.1041  data_time: 0.0010  memory: 1000  
2025/07/07 14:18:27 - mmengine - INFO - Epoch(val) [189][100/800]    eta: 0:01:17  time: 0.1161  data_time: 0.0006  memory: 1000  
2025/07/07 14:18:34 - mmengine - INFO - Epoch(val) [189][150/800]    eta: 0:01:14  time: 0.1229  data_time: 0.0006  memory: 1000  
2025/07/07 14:18:39 - mmengine - INFO - Epoch(val) [189][200/800]    eta: 0:01:08  time: 0.1154  data_time: 0.0005  memory: 1000  
2025/07/07 14:18:45 - mmengine - INFO - Epoch(val) [189][250/800]    eta: 0:01:02  time: 0.1143  data_time: 0.0005  memory: 1000  
2025/07/07 14:18:51 - mmengine - INFO - Epoch(val) [189][300/800]    eta: 0:00:57  time: 0.1145  data_time: 0.0005  memory: 1000  
2025/07/07 14:18:57 - mmengine - INFO - Epoch(val) [189][350/800]    eta: 0:00:51  time: 0.1149  data_time: 0.0005  memory: 1000  
2025/07/07 14:19:02 - mmengine - INFO - Epoch(val) [189][400/800]    eta: 0:00:45  time: 0.1149  data_time: 0.0005  memory: 1000  
2025/07/07 14:19:08 - mmengine - INFO - Epoch(val) [189][450/800]    eta: 0:00:40  time: 0.1144  data_time: 0.0005  memory: 1000  
2025/07/07 14:19:14 - mmengine - INFO - Epoch(val) [189][500/800]    eta: 0:00:34  time: 0.1145  data_time: 0.0005  memory: 1000  
2025/07/07 14:19:20 - mmengine - INFO - Epoch(val) [189][550/800]    eta: 0:00:28  time: 0.1159  data_time: 0.0005  memory: 1000  
2025/07/07 14:19:26 - mmengine - INFO - Epoch(val) [189][600/800]    eta: 0:00:22  time: 0.1155  data_time: 0.0005  memory: 1000  
2025/07/07 14:19:31 - mmengine - INFO - Epoch(val) [189][650/800]    eta: 0:00:17  time: 0.1160  data_time: 0.0005  memory: 1000  
2025/07/07 14:19:37 - mmengine - INFO - Epoch(val) [189][700/800]    eta: 0:00:11  time: 0.1147  data_time: 0.0005  memory: 1000  
2025/07/07 14:19:43 - mmengine - INFO - Epoch(val) [189][750/800]    eta: 0:00:05  time: 0.1158  data_time: 0.0005  memory: 1000  
2025/07/07 14:19:49 - mmengine - INFO - Epoch(val) [189][800/800]    eta: 0:00:00  time: 0.1143  data_time: 0.0005  memory: 1000  
2025/07/07 14:19:50 - mmengine - INFO - Evaluating bbox...
2025/07/07 14:20:01 - mmengine - INFO - 
+-------------+-------+--------+--------+-------+-------+-------+
| category    | mAP   | mAP_50 | mAP_75 | mAP_s | mAP_m | mAP_l |
+-------------+-------+--------+--------+-------+-------+-------+
| car         | 0.704 | 0.966  | 0.86   | 0.492 | 0.733 | 0.0   |
| truck       | 0.538 | 0.754  | 0.65   | 0.11  | 0.526 | 0.615 |
| bus         | 0.756 | 0.959  | 0.891  | 0.0   | 0.717 | 0.826 |
| van         | 0.519 | 0.699  | 0.639  | 0.266 | 0.508 | 0.854 |
| freight_car | 0.501 | 0.693  | 0.598  | 0.159 | 0.485 | 0.609 |
+-------------+-------+--------+--------+-------+-------+-------+
2025/07/07 14:20:01 - mmengine - INFO - bbox_mAP_copypaste: 0.603 0.814 0.728 0.205 0.594 0.581
2025/07/07 14:20:02 - mmengine - INFO - Epoch(val) [189][800/800]    coco/car_precision: 0.7040  coco/truck_precision: 0.5380  coco/bus_precision: 0.7560  coco/van_precision: 0.5190  coco/freight_car_precision: 0.5010  coco/bbox_mAP: 0.6030  coco/bbox_mAP_50: 0.8140  coco/bbox_mAP_75: 0.7280  coco/bbox_mAP_s: 0.2050  coco/bbox_mAP_m: 0.5940  coco/bbox_mAP_l: 0.5810  data_time: 0.0006  time: 0.1149
2025/07/07 14:22:50 - mmengine - INFO - Epoch(train) [190][ 50/400]  base_lr: 1.0000e-02 lr: 6.9400e-04  eta: 3:49:51  time: 3.3670  data_time: 0.0304  memory: 10937  grad_norm: 18.0893  loss: 17.5644  loss_cls: 3.1294  loss_bbox: 6.8179  loss_dfl: 7.6171
2025/07/07 14:25:37 - mmengine - INFO - Epoch(train) [190][100/400]  base_lr: 1.0000e-02 lr: 6.9400e-04  eta: 3:47:13  time: 3.3457  data_time: 0.0079  memory: 11151  grad_norm: 20.5717  loss: 17.6318  loss_cls: 3.1900  loss_bbox: 6.7060  loss_dfl: 7.7358
2025/07/07 14:28:25 - mmengine - INFO - Epoch(train) [190][150/400]  base_lr: 1.0000e-02 lr: 6.9400e-04  eta: 3:44:35  time: 3.3468  data_time: 0.0081  memory: 10884  grad_norm: 17.7018  loss: 17.2801  loss_cls: 3.0924  loss_bbox: 6.6143  loss_dfl: 7.5735
2025/07/07 14:31:12 - mmengine - INFO - Epoch(train) [190][200/400]  base_lr: 1.0000e-02 lr: 6.9400e-04  eta: 3:41:58  time: 3.3473  data_time: 0.0089  memory: 10799  grad_norm: 19.3401  loss: 17.5467  loss_cls: 3.1433  loss_bbox: 6.7237  loss_dfl: 7.6796
2025/07/07 14:33:59 - mmengine - INFO - Epoch(train) [190][250/400]  base_lr: 1.0000e-02 lr: 6.9400e-04  eta: 3:39:20  time: 3.3467  data_time: 0.0091  memory: 10991  grad_norm: 18.6808  loss: 17.5669  loss_cls: 3.1563  loss_bbox: 6.7675  loss_dfl: 7.6430
2025/07/07 14:36:47 - mmengine - INFO - Epoch(train) [190][300/400]  base_lr: 1.0000e-02 lr: 6.9400e-04  eta: 3:36:42  time: 3.3468  data_time: 0.0081  memory: 10793  grad_norm: 18.9080  loss: 17.6271  loss_cls: 3.1409  loss_bbox: 6.7922  loss_dfl: 7.6940
2025/07/07 14:39:34 - mmengine - INFO - Epoch(train) [190][350/400]  base_lr: 1.0000e-02 lr: 6.9400e-04  eta: 3:34:04  time: 3.3474  data_time: 0.0083  memory: 10852  grad_norm: 18.8946  loss: 17.6066  loss_cls: 3.1989  loss_bbox: 6.7710  loss_dfl: 7.6367
2025/07/07 14:42:21 - mmengine - INFO - Exp name: yolov8_mambatransformer_enhance_20250705_110818
2025/07/07 14:42:21 - mmengine - INFO - Epoch(train) [190][400/400]  base_lr: 1.0000e-02 lr: 6.9400e-04  eta: 3:31:26  time: 3.3462  data_time: 0.0083  memory: 10751  grad_norm: 19.2304  loss: 17.4131  loss_cls: 3.1088  loss_bbox: 6.6405  loss_dfl: 7.6638
2025/07/07 14:42:21 - mmengine - INFO - Saving checkpoint at 190 epochs
2025/07/07 14:42:31 - mmengine - INFO - Epoch(val) [190][ 50/800]    eta: 0:01:31  time: 0.1216  data_time: 0.0011  memory: 1000  
2025/07/07 14:42:37 - mmengine - INFO - Epoch(val) [190][100/800]    eta: 0:01:23  time: 0.1158  data_time: 0.0006  memory: 1000  
2025/07/07 14:42:43 - mmengine - INFO - Epoch(val) [190][150/800]    eta: 0:01:16  time: 0.1150  data_time: 0.0005  memory: 1000  
2025/07/07 14:42:49 - mmengine - INFO - Epoch(val) [190][200/800]    eta: 0:01:10  time: 0.1146  data_time: 0.0005  memory: 1000  
2025/07/07 14:42:54 - mmengine - INFO - Epoch(val) [190][250/800]    eta: 0:01:03  time: 0.1143  data_time: 0.0005  memory: 1000  
2025/07/07 14:43:00 - mmengine - INFO - Epoch(val) [190][300/800]    eta: 0:00:57  time: 0.1142  data_time: 0.0005  memory: 1000  
2025/07/07 14:43:06 - mmengine - INFO - Epoch(val) [190][350/800]    eta: 0:00:52  time: 0.1148  data_time: 0.0005  memory: 1000  
2025/07/07 14:43:12 - mmengine - INFO - Epoch(val) [190][400/800]    eta: 0:00:46  time: 0.1153  data_time: 0.0005  memory: 1000  
2025/07/07 14:43:17 - mmengine - INFO - Epoch(val) [190][450/800]    eta: 0:00:40  time: 0.1156  data_time: 0.0005  memory: 1000  
2025/07/07 14:43:23 - mmengine - INFO - Epoch(val) [190][500/800]    eta: 0:00:34  time: 0.1154  data_time: 0.0005  memory: 1000  
2025/07/07 14:43:29 - mmengine - INFO - Epoch(val) [190][550/800]    eta: 0:00:28  time: 0.1145  data_time: 0.0005  memory: 1000  
2025/07/07 14:43:35 - mmengine - INFO - Epoch(val) [190][600/800]    eta: 0:00:23  time: 0.1149  data_time: 0.0005  memory: 1000  
2025/07/07 14:43:40 - mmengine - INFO - Epoch(val) [190][650/800]    eta: 0:00:17  time: 0.1145  data_time: 0.0005  memory: 1000  
2025/07/07 14:43:46 - mmengine - INFO - Epoch(val) [190][700/800]    eta: 0:00:11  time: 0.1145  data_time: 0.0005  memory: 1000  
2025/07/07 14:43:52 - mmengine - INFO - Epoch(val) [190][750/800]    eta: 0:00:05  time: 0.1144  data_time: 0.0005  memory: 1000  
2025/07/07 14:43:58 - mmengine - INFO - Epoch(val) [190][800/800]    eta: 0:00:00  time: 0.1145  data_time: 0.0005  memory: 1000  
2025/07/07 14:43:59 - mmengine - INFO - Evaluating bbox...
2025/07/07 14:44:11 - mmengine - INFO - 
+-------------+-------+--------+--------+-------+-------+-------+
| category    | mAP   | mAP_50 | mAP_75 | mAP_s | mAP_m | mAP_l |
+-------------+-------+--------+--------+-------+-------+-------+
| car         | 0.704 | 0.966  | 0.86   | 0.492 | 0.733 | 0.0   |
| truck       | 0.537 | 0.753  | 0.649  | 0.109 | 0.525 | 0.616 |
| bus         | 0.756 | 0.959  | 0.885  | 0.0   | 0.717 | 0.827 |
| van         | 0.517 | 0.697  | 0.637  | 0.267 | 0.507 | 0.851 |
| freight_car | 0.5   | 0.692  | 0.596  | 0.16  | 0.485 | 0.606 |
+-------------+-------+--------+--------+-------+-------+-------+
2025/07/07 14:44:11 - mmengine - INFO - bbox_mAP_copypaste: 0.603 0.813 0.725 0.206 0.593 0.580
2025/07/07 14:44:11 - mmengine - INFO - Epoch(val) [190][800/800]    coco/car_precision: 0.7040  coco/truck_precision: 0.5370  coco/bus_precision: 0.7560  coco/van_precision: 0.5170  coco/freight_car_precision: 0.5000  coco/bbox_mAP: 0.6030  coco/bbox_mAP_50: 0.8130  coco/bbox_mAP_75: 0.7250  coco/bbox_mAP_s: 0.2060  coco/bbox_mAP_m: 0.5930  coco/bbox_mAP_l: 0.5800  data_time: 0.0006  time: 0.1152
2025/07/07 14:44:11 - mmengine - INFO - Switch pipeline now!
2025/07/07 14:46:05 - mmengine - INFO - Epoch(train) [191][ 50/400]  base_lr: 1.0000e-02 lr: 6.4450e-04  eta: 3:28:44  time: 2.2790  data_time: 0.0386  memory: 10719  grad_norm: 25.1221  loss: 17.4828  loss_cls: 2.9774  loss_bbox: 6.7152  loss_dfl: 7.7903
2025/07/07 14:48:14 - mmengine - INFO - Epoch(train) [191][100/400]  base_lr: 1.0000e-02 lr: 6.4450e-04  eta: 3:26:04  time: 2.5936  data_time: 0.0087  memory: 10623  grad_norm: 27.2749  loss: 17.2714  loss_cls: 2.9888  loss_bbox: 6.5022  loss_dfl: 7.7804
2025/07/07 14:51:00 - mmengine - INFO - Epoch(train) [191][150/400]  base_lr: 1.0000e-02 lr: 6.4450e-04  eta: 3:23:26  time: 3.3102  data_time: 0.0079  memory: 10745  grad_norm: 25.1212  loss: 17.5502  loss_cls: 2.9767  loss_bbox: 6.6865  loss_dfl: 7.8871
2025/07/07 14:53:45 - mmengine - INFO - Epoch(train) [191][200/400]  base_lr: 1.0000e-02 lr: 6.4450e-04  eta: 3:20:48  time: 3.3087  data_time: 0.0078  memory: 10655  grad_norm: 24.3041  loss: 17.2063  loss_cls: 2.9740  loss_bbox: 6.4918  loss_dfl: 7.7405
2025/07/07 14:56:31 - mmengine - INFO - Epoch(train) [191][250/400]  base_lr: 1.0000e-02 lr: 6.4450e-04  eta: 3:18:09  time: 3.3086  data_time: 0.0077  memory: 10655  grad_norm: 24.1863  loss: 17.2500  loss_cls: 2.9118  loss_bbox: 6.5496  loss_dfl: 7.7886
2025/07/07 14:59:16 - mmengine - INFO - Epoch(train) [191][300/400]  base_lr: 1.0000e-02 lr: 6.4450e-04  eta: 3:15:31  time: 3.3108  data_time: 0.0079  memory: 10719  grad_norm: 23.8682  loss: 17.4214  loss_cls: 2.9238  loss_bbox: 6.6427  loss_dfl: 7.8549
2025/07/07 15:02:02 - mmengine - INFO - Epoch(train) [191][350/400]  base_lr: 1.0000e-02 lr: 6.4450e-04  eta: 3:12:53  time: 3.3088  data_time: 0.0077  memory: 10655  grad_norm: 26.6334  loss: 17.7550  loss_cls: 3.0442  loss_bbox: 6.8707  loss_dfl: 7.8401
2025/07/07 15:04:47 - mmengine - INFO - Exp name: yolov8_mambatransformer_enhance_20250705_110818
2025/07/07 15:04:47 - mmengine - INFO - Epoch(train) [191][400/400]  base_lr: 1.0000e-02 lr: 6.4450e-04  eta: 3:10:15  time: 3.3094  data_time: 0.0077  memory: 10575  grad_norm: 26.1396  loss: 17.1572  loss_cls: 2.8968  loss_bbox: 6.4592  loss_dfl: 7.8012
2025/07/07 15:04:47 - mmengine - INFO - Saving checkpoint at 191 epochs
2025/07/07 15:04:57 - mmengine - INFO - Epoch(val) [191][ 50/800]    eta: 0:01:33  time: 0.1245  data_time: 0.0009  memory: 1000  
2025/07/07 15:05:04 - mmengine - INFO - Epoch(val) [191][100/800]    eta: 0:01:33  time: 0.1433  data_time: 0.0006  memory: 1000  
2025/07/07 15:05:12 - mmengine - INFO - Epoch(val) [191][150/800]    eta: 0:01:29  time: 0.1438  data_time: 0.0006  memory: 1000  
2025/07/07 15:05:19 - mmengine - INFO - Epoch(val) [191][200/800]    eta: 0:01:23  time: 0.1428  data_time: 0.0006  memory: 1000  
2025/07/07 15:05:25 - mmengine - INFO - Epoch(val) [191][250/800]    eta: 0:01:15  time: 0.1281  data_time: 0.0005  memory: 1000  
2025/07/07 15:05:31 - mmengine - INFO - Epoch(val) [191][300/800]    eta: 0:01:06  time: 0.1146  data_time: 0.0005  memory: 1000  
2025/07/07 15:05:37 - mmengine - INFO - Epoch(val) [191][350/800]    eta: 0:00:58  time: 0.1147  data_time: 0.0005  memory: 1000  
2025/07/07 15:05:42 - mmengine - INFO - Epoch(val) [191][400/800]    eta: 0:00:51  time: 0.1148  data_time: 0.0005  memory: 1000  
2025/07/07 15:05:48 - mmengine - INFO - Epoch(val) [191][450/800]    eta: 0:00:44  time: 0.1147  data_time: 0.0005  memory: 1000  
2025/07/07 15:05:54 - mmengine - INFO - Epoch(val) [191][500/800]    eta: 0:00:37  time: 0.1144  data_time: 0.0005  memory: 1000  
2025/07/07 15:06:00 - mmengine - INFO - Epoch(val) [191][550/800]    eta: 0:00:31  time: 0.1150  data_time: 0.0005  memory: 1000  
2025/07/07 15:06:05 - mmengine - INFO - Epoch(val) [191][600/800]    eta: 0:00:24  time: 0.1144  data_time: 0.0005  memory: 1000  
2025/07/07 15:06:11 - mmengine - INFO - Epoch(val) [191][650/800]    eta: 0:00:18  time: 0.1148  data_time: 0.0005  memory: 1000  
2025/07/07 15:06:17 - mmengine - INFO - Epoch(val) [191][700/800]    eta: 0:00:12  time: 0.1145  data_time: 0.0005  memory: 1000  
2025/07/07 15:06:23 - mmengine - INFO - Epoch(val) [191][750/800]    eta: 0:00:06  time: 0.1145  data_time: 0.0005  memory: 1000  
2025/07/07 15:06:28 - mmengine - INFO - Epoch(val) [191][800/800]    eta: 0:00:00  time: 0.1150  data_time: 0.0005  memory: 1000  
2025/07/07 15:06:29 - mmengine - INFO - Evaluating bbox...
2025/07/07 15:06:41 - mmengine - INFO - 
+-------------+-------+--------+--------+-------+-------+-------+
| category    | mAP   | mAP_50 | mAP_75 | mAP_s | mAP_m | mAP_l |
+-------------+-------+--------+--------+-------+-------+-------+
| car         | 0.704 | 0.966  | 0.86   | 0.492 | 0.733 | 0.0   |
| truck       | 0.536 | 0.752  | 0.651  | 0.11  | 0.524 | 0.615 |
| bus         | 0.757 | 0.959  | 0.884  | 0.0   | 0.718 | 0.828 |
| van         | 0.517 | 0.697  | 0.636  | 0.271 | 0.505 | 0.851 |
| freight_car | 0.502 | 0.692  | 0.597  | 0.161 | 0.486 | 0.609 |
+-------------+-------+--------+--------+-------+-------+-------+
2025/07/07 15:06:41 - mmengine - INFO - bbox_mAP_copypaste: 0.603 0.813 0.726 0.207 0.593 0.581
2025/07/07 15:06:42 - mmengine - INFO - Epoch(val) [191][800/800]    coco/car_precision: 0.7040  coco/truck_precision: 0.5360  coco/bus_precision: 0.7570  coco/van_precision: 0.5170  coco/freight_car_precision: 0.5020  coco/bbox_mAP: 0.6030  coco/bbox_mAP_50: 0.8130  coco/bbox_mAP_75: 0.7260  coco/bbox_mAP_s: 0.2070  coco/bbox_mAP_m: 0.5930  coco/bbox_mAP_l: 0.5810  data_time: 0.0006  time: 0.1215
2025/07/07 15:09:30 - mmengine - INFO - Epoch(train) [192][ 50/400]  base_lr: 1.0000e-02 lr: 5.9500e-04  eta: 3:07:37  time: 3.3643  data_time: 0.0308  memory: 10735  grad_norm: 23.1300  loss: 17.1362  loss_cls: 2.8909  loss_bbox: 6.5106  loss_dfl: 7.7348
2025/07/07 15:12:17 - mmengine - INFO - Epoch(train) [192][100/400]  base_lr: 1.0000e-02 lr: 5.9500e-04  eta: 3:04:59  time: 3.3438  data_time: 0.0079  memory: 10676  grad_norm: 25.8623  loss: 17.3393  loss_cls: 2.9708  loss_bbox: 6.6062  loss_dfl: 7.7622
2025/07/07 15:14:43 - mmengine - INFO - Epoch(train) [192][150/400]  base_lr: 1.0000e-02 lr: 5.9500e-04  eta: 3:02:20  time: 2.9136  data_time: 0.0082  memory: 10644  grad_norm: 24.9209  loss: 17.2985  loss_cls: 2.9471  loss_bbox: 6.6284  loss_dfl: 7.7230
2025/07/07 15:16:23 - mmengine - INFO - Epoch(train) [192][200/400]  base_lr: 1.0000e-02 lr: 5.9500e-04  eta: 2:59:38  time: 2.0033  data_time: 0.0100  memory: 10745  grad_norm: 24.5155  loss: 17.4587  loss_cls: 2.9513  loss_bbox: 6.7502  loss_dfl: 7.7572
2025/07/07 15:19:10 - mmengine - INFO - Epoch(train) [192][250/400]  base_lr: 1.0000e-02 lr: 5.9500e-04  eta: 2:57:00  time: 3.3427  data_time: 0.0078  memory: 10500  grad_norm: 25.7264  loss: 17.4809  loss_cls: 3.0112  loss_bbox: 6.6304  loss_dfl: 7.8393
2025/07/07 15:21:57 - mmengine - INFO - Epoch(train) [192][300/400]  base_lr: 1.0000e-02 lr: 5.9500e-04  eta: 2:54:22  time: 3.3298  data_time: 0.0076  memory: 10628  grad_norm: 26.4673  loss: 17.0930  loss_cls: 2.8938  loss_bbox: 6.5010  loss_dfl: 7.6983
2025/07/07 15:24:42 - mmengine - INFO - Epoch(train) [192][350/400]  base_lr: 1.0000e-02 lr: 5.9500e-04  eta: 2:51:44  time: 3.3137  data_time: 0.0078  memory: 10756  grad_norm: 23.4491  loss: 17.1388  loss_cls: 2.9368  loss_bbox: 6.5279  loss_dfl: 7.6741
2025/07/07 15:27:28 - mmengine - INFO - Exp name: yolov8_mambatransformer_enhance_20250705_110818
2025/07/07 15:27:28 - mmengine - INFO - Epoch(train) [192][400/400]  base_lr: 1.0000e-02 lr: 5.9500e-04  eta: 2:49:06  time: 3.3132  data_time: 0.0079  memory: 10804  grad_norm: 24.4251  loss: 17.3498  loss_cls: 2.9421  loss_bbox: 6.6979  loss_dfl: 7.7098
2025/07/07 15:27:28 - mmengine - INFO - Saving checkpoint at 192 epochs
2025/07/07 15:27:38 - mmengine - INFO - Epoch(val) [192][ 50/800]    eta: 0:01:26  time: 0.1157  data_time: 0.0010  memory: 1000  
2025/07/07 15:27:43 - mmengine - INFO - Epoch(val) [192][100/800]    eta: 0:01:20  time: 0.1134  data_time: 0.0005  memory: 1000  
2025/07/07 15:27:49 - mmengine - INFO - Epoch(val) [192][150/800]    eta: 0:01:14  time: 0.1129  data_time: 0.0005  memory: 1000  
2025/07/07 15:27:55 - mmengine - INFO - Epoch(val) [192][200/800]    eta: 0:01:10  time: 0.1252  data_time: 0.0005  memory: 1000  
2025/07/07 15:28:00 - mmengine - INFO - Epoch(val) [192][250/800]    eta: 0:01:02  time: 0.0991  data_time: 0.0005  memory: 1000  
2025/07/07 15:28:06 - mmengine - INFO - Epoch(val) [192][300/800]    eta: 0:00:56  time: 0.1081  data_time: 0.0005  memory: 1000  
2025/07/07 15:28:11 - mmengine - INFO - Epoch(val) [192][350/800]    eta: 0:00:50  time: 0.1126  data_time: 0.0005  memory: 1000  
2025/07/07 15:28:17 - mmengine - INFO - Epoch(val) [192][400/800]    eta: 0:00:45  time: 0.1147  data_time: 0.0005  memory: 1000  
2025/07/07 15:28:23 - mmengine - INFO - Epoch(val) [192][450/800]    eta: 0:00:40  time: 0.1291  data_time: 0.0005  memory: 1000  
2025/07/07 15:28:29 - mmengine - INFO - Epoch(val) [192][500/800]    eta: 0:00:34  time: 0.1146  data_time: 0.0005  memory: 1000  
2025/07/07 15:28:35 - mmengine - INFO - Epoch(val) [192][550/800]    eta: 0:00:28  time: 0.1144  data_time: 0.0005  memory: 1000  
2025/07/07 15:28:41 - mmengine - INFO - Epoch(val) [192][600/800]    eta: 0:00:22  time: 0.1133  data_time: 0.0005  memory: 1000  
2025/07/07 15:28:47 - mmengine - INFO - Epoch(val) [192][650/800]    eta: 0:00:17  time: 0.1163  data_time: 0.0006  memory: 1000  
2025/07/07 15:28:52 - mmengine - INFO - Epoch(val) [192][700/800]    eta: 0:00:11  time: 0.1149  data_time: 0.0005  memory: 1000  
2025/07/07 15:28:58 - mmengine - INFO - Epoch(val) [192][750/800]    eta: 0:00:05  time: 0.1144  data_time: 0.0005  memory: 1000  
2025/07/07 15:29:04 - mmengine - INFO - Epoch(val) [192][800/800]    eta: 0:00:00  time: 0.1141  data_time: 0.0005  memory: 1000  
2025/07/07 15:29:05 - mmengine - INFO - Evaluating bbox...
2025/07/07 15:29:16 - mmengine - INFO - 
+-------------+-------+--------+--------+-------+-------+-------+
| category    | mAP   | mAP_50 | mAP_75 | mAP_s | mAP_m | mAP_l |
+-------------+-------+--------+--------+-------+-------+-------+
| car         | 0.703 | 0.965  | 0.859  | 0.491 | 0.733 | 0.0   |
| truck       | 0.536 | 0.753  | 0.651  | 0.109 | 0.523 | 0.618 |
| bus         | 0.756 | 0.959  | 0.883  | 0.0   | 0.717 | 0.828 |
| van         | 0.516 | 0.696  | 0.635  | 0.272 | 0.504 | 0.849 |
| freight_car | 0.501 | 0.692  | 0.595  | 0.161 | 0.485 | 0.61  |
+-------------+-------+--------+--------+-------+-------+-------+
2025/07/07 15:29:16 - mmengine - INFO - bbox_mAP_copypaste: 0.602 0.813 0.725 0.207 0.593 0.581
2025/07/07 15:29:17 - mmengine - INFO - Epoch(val) [192][800/800]    coco/car_precision: 0.7030  coco/truck_precision: 0.5360  coco/bus_precision: 0.7560  coco/van_precision: 0.5160  coco/freight_car_precision: 0.5010  coco/bbox_mAP: 0.6020  coco/bbox_mAP_50: 0.8130  coco/bbox_mAP_75: 0.7250  coco/bbox_mAP_s: 0.2070  coco/bbox_mAP_m: 0.5930  coco/bbox_mAP_l: 0.5810  data_time: 0.0005  time: 0.1146
2025/07/07 15:32:03 - mmengine - INFO - Epoch(train) [193][ 50/400]  base_lr: 1.0000e-02 lr: 5.4550e-04  eta: 2:46:27  time: 3.3333  data_time: 0.0275  memory: 10767  grad_norm: 23.5365  loss: 16.9093  loss_cls: 2.8225  loss_bbox: 6.4146  loss_dfl: 7.6722
2025/07/07 15:34:49 - mmengine - INFO - Epoch(train) [193][100/400]  base_lr: 1.0000e-02 lr: 5.4550e-04  eta: 2:43:49  time: 3.3104  data_time: 0.0079  memory: 10719  grad_norm: 24.4332  loss: 17.2201  loss_cls: 2.9642  loss_bbox: 6.5280  loss_dfl: 7.7279
2025/07/07 15:37:34 - mmengine - INFO - Epoch(train) [193][150/400]  base_lr: 1.0000e-02 lr: 5.4550e-04  eta: 2:41:11  time: 3.3083  data_time: 0.0076  memory: 10719  grad_norm: 24.8612  loss: 17.5792  loss_cls: 3.0061  loss_bbox: 6.7544  loss_dfl: 7.8187
2025/07/07 15:40:20 - mmengine - INFO - Exp name: yolov8_mambatransformer_enhance_20250705_110818
2025/07/07 15:40:20 - mmengine - INFO - Epoch(train) [193][200/400]  base_lr: 1.0000e-02 lr: 5.4550e-04  eta: 2:38:33  time: 3.3091  data_time: 0.0078  memory: 10617  grad_norm: 25.0114  loss: 17.2404  loss_cls: 2.9225  loss_bbox: 6.5902  loss_dfl: 7.7277
2025/07/07 15:43:06 - mmengine - INFO - Epoch(train) [193][250/400]  base_lr: 1.0000e-02 lr: 5.4550e-04  eta: 2:35:55  time: 3.3141  data_time: 0.0082  memory: 10740  grad_norm: 23.0209  loss: 16.8088  loss_cls: 2.8320  loss_bbox: 6.3599  loss_dfl: 7.6169
2025/07/07 15:45:01 - mmengine - INFO - Epoch(train) [193][300/400]  base_lr: 1.0000e-02 lr: 5.4550e-04  eta: 2:33:14  time: 2.3159  data_time: 0.0095  memory: 10665  grad_norm: 24.9094  loss: 17.4124  loss_cls: 3.0224  loss_bbox: 6.7109  loss_dfl: 7.6792
2025/07/07 15:47:10 - mmengine - INFO - Epoch(train) [193][350/400]  base_lr: 1.0000e-02 lr: 5.4550e-04  eta: 2:30:34  time: 2.5750  data_time: 0.0092  memory: 10602  grad_norm: 23.9626  loss: 17.0974  loss_cls: 2.8637  loss_bbox: 6.5074  loss_dfl: 7.7263
2025/07/07 15:49:56 - mmengine - INFO - Exp name: yolov8_mambatransformer_enhance_20250705_110818
2025/07/07 15:49:56 - mmengine - INFO - Epoch(train) [193][400/400]  base_lr: 1.0000e-02 lr: 5.4550e-04  eta: 2:27:56  time: 3.3105  data_time: 0.0078  memory: 10473  grad_norm: 26.0583  loss: 17.2408  loss_cls: 2.9039  loss_bbox: 6.5804  loss_dfl: 7.7565
2025/07/07 15:49:56 - mmengine - INFO - Saving checkpoint at 193 epochs
2025/07/07 15:50:05 - mmengine - INFO - Epoch(val) [193][ 50/800]    eta: 0:01:27  time: 0.1166  data_time: 0.0010  memory: 1000  
2025/07/07 15:50:11 - mmengine - INFO - Epoch(val) [193][100/800]    eta: 0:01:20  time: 0.1145  data_time: 0.0005  memory: 1000  
2025/07/07 15:50:17 - mmengine - INFO - Epoch(val) [193][150/800]    eta: 0:01:14  time: 0.1146  data_time: 0.0005  memory: 1000  
2025/07/07 15:50:22 - mmengine - INFO - Epoch(val) [193][200/800]    eta: 0:01:08  time: 0.1139  data_time: 0.0005  memory: 1000  
2025/07/07 15:50:28 - mmengine - INFO - Epoch(val) [193][250/800]    eta: 0:01:03  time: 0.1147  data_time: 0.0005  memory: 1000  
2025/07/07 15:50:34 - mmengine - INFO - Epoch(val) [193][300/800]    eta: 0:00:57  time: 0.1146  data_time: 0.0005  memory: 1000  
2025/07/07 15:50:40 - mmengine - INFO - Epoch(val) [193][350/800]    eta: 0:00:51  time: 0.1145  data_time: 0.0005  memory: 1000  
2025/07/07 15:50:45 - mmengine - INFO - Epoch(val) [193][400/800]    eta: 0:00:45  time: 0.1147  data_time: 0.0005  memory: 1000  
2025/07/07 15:50:51 - mmengine - INFO - Epoch(val) [193][450/800]    eta: 0:00:40  time: 0.1148  data_time: 0.0005  memory: 1000  
2025/07/07 15:50:57 - mmengine - INFO - Epoch(val) [193][500/800]    eta: 0:00:34  time: 0.1147  data_time: 0.0005  memory: 1000  
2025/07/07 15:51:03 - mmengine - INFO - Epoch(val) [193][550/800]    eta: 0:00:28  time: 0.1146  data_time: 0.0005  memory: 1000  
2025/07/07 15:51:09 - mmengine - INFO - Epoch(val) [193][600/800]    eta: 0:00:22  time: 0.1150  data_time: 0.0006  memory: 1000  
2025/07/07 15:51:14 - mmengine - INFO - Epoch(val) [193][650/800]    eta: 0:00:17  time: 0.1143  data_time: 0.0005  memory: 1000  
2025/07/07 15:51:20 - mmengine - INFO - Epoch(val) [193][700/800]    eta: 0:00:11  time: 0.1145  data_time: 0.0005  memory: 1000  
2025/07/07 15:51:26 - mmengine - INFO - Epoch(val) [193][750/800]    eta: 0:00:05  time: 0.1145  data_time: 0.0005  memory: 1000  
2025/07/07 15:51:32 - mmengine - INFO - Epoch(val) [193][800/800]    eta: 0:00:00  time: 0.1145  data_time: 0.0005  memory: 1000  
2025/07/07 15:51:33 - mmengine - INFO - Evaluating bbox...
2025/07/07 15:51:44 - mmengine - INFO - 
+-------------+-------+--------+--------+-------+-------+-------+
| category    | mAP   | mAP_50 | mAP_75 | mAP_s | mAP_m | mAP_l |
+-------------+-------+--------+--------+-------+-------+-------+
| car         | 0.703 | 0.965  | 0.859  | 0.491 | 0.732 | 0.0   |
| truck       | 0.536 | 0.752  | 0.652  | 0.111 | 0.522 | 0.619 |
| bus         | 0.756 | 0.96   | 0.883  | 0.0   | 0.716 | 0.828 |
| van         | 0.516 | 0.696  | 0.635  | 0.271 | 0.504 | 0.852 |
| freight_car | 0.501 | 0.691  | 0.594  | 0.161 | 0.485 | 0.61  |
+-------------+-------+--------+--------+-------+-------+-------+
2025/07/07 15:51:44 - mmengine - INFO - bbox_mAP_copypaste: 0.602 0.813 0.724 0.207 0.592 0.582
2025/07/07 15:51:44 - mmengine - INFO - Epoch(val) [193][800/800]    coco/car_precision: 0.7030  coco/truck_precision: 0.5360  coco/bus_precision: 0.7560  coco/van_precision: 0.5160  coco/freight_car_precision: 0.5010  coco/bbox_mAP: 0.6020  coco/bbox_mAP_50: 0.8130  coco/bbox_mAP_75: 0.7240  coco/bbox_mAP_s: 0.2070  coco/bbox_mAP_m: 0.5920  coco/bbox_mAP_l: 0.5820  data_time: 0.0006  time: 0.1147
2025/07/07 15:54:31 - mmengine - INFO - Epoch(train) [194][ 50/400]  base_lr: 1.0000e-02 lr: 4.9600e-04  eta: 2:25:18  time: 3.3330  data_time: 0.0279  memory: 10719  grad_norm: 23.5008  loss: 17.2321  loss_cls: 2.8792  loss_bbox: 6.5699  loss_dfl: 7.7830
2025/07/07 15:57:17 - mmengine - INFO - Epoch(train) [194][100/400]  base_lr: 1.0000e-02 lr: 4.9600e-04  eta: 2:22:40  time: 3.3119  data_time: 0.0077  memory: 10761  grad_norm: 24.2757  loss: 16.9225  loss_cls: 2.8541  loss_bbox: 6.4014  loss_dfl: 7.6671
2025/07/07 16:00:02 - mmengine - INFO - Epoch(train) [194][150/400]  base_lr: 1.0000e-02 lr: 4.9600e-04  eta: 2:20:01  time: 3.3087  data_time: 0.0076  memory: 10745  grad_norm: 24.8408  loss: 17.1687  loss_cls: 2.8880  loss_bbox: 6.5881  loss_dfl: 7.6927
2025/07/07 16:02:48 - mmengine - INFO - Epoch(train) [194][200/400]  base_lr: 1.0000e-02 lr: 4.9600e-04  eta: 2:17:23  time: 3.3136  data_time: 0.0077  memory: 10767  grad_norm: 24.7689  loss: 17.1324  loss_cls: 2.9729  loss_bbox: 6.5391  loss_dfl: 7.6204
2025/07/07 16:05:33 - mmengine - INFO - Epoch(train) [194][250/400]  base_lr: 1.0000e-02 lr: 4.9600e-04  eta: 2:14:45  time: 3.3107  data_time: 0.0078  memory: 10617  grad_norm: 24.4228  loss: 17.0929  loss_cls: 2.8870  loss_bbox: 6.4976  loss_dfl: 7.7083
2025/07/07 16:08:19 - mmengine - INFO - Epoch(train) [194][300/400]  base_lr: 1.0000e-02 lr: 4.9600e-04  eta: 2:12:07  time: 3.3083  data_time: 0.0078  memory: 10729  grad_norm: 25.9111  loss: 17.2749  loss_cls: 2.9424  loss_bbox: 6.4938  loss_dfl: 7.8387
2025/07/07 16:11:05 - mmengine - INFO - Epoch(train) [194][350/400]  base_lr: 1.0000e-02 lr: 4.9600e-04  eta: 2:09:28  time: 3.3127  data_time: 0.0083  memory: 10559  grad_norm: 27.3110  loss: 17.3743  loss_cls: 2.9724  loss_bbox: 6.6328  loss_dfl: 7.7691
2025/07/07 16:13:34 - mmengine - INFO - Exp name: yolov8_mambatransformer_enhance_20250705_110818
2025/07/07 16:13:34 - mmengine - INFO - Epoch(train) [194][400/400]  base_lr: 1.0000e-02 lr: 4.9600e-04  eta: 2:06:50  time: 2.9866  data_time: 0.0082  memory: 10687  grad_norm: 25.2917  loss: 17.2746  loss_cls: 2.9193  loss_bbox: 6.5263  loss_dfl: 7.8290
2025/07/07 16:13:34 - mmengine - INFO - Saving checkpoint at 194 epochs
2025/07/07 16:13:45 - mmengine - INFO - Epoch(val) [194][ 50/800]    eta: 0:01:33  time: 0.1252  data_time: 0.0031  memory: 1000  
2025/07/07 16:13:52 - mmengine - INFO - Epoch(val) [194][100/800]    eta: 0:01:29  time: 0.1298  data_time: 0.0052  memory: 1000  
2025/07/07 16:13:59 - mmengine - INFO - Epoch(val) [194][150/800]    eta: 0:01:25  time: 0.1380  data_time: 0.0025  memory: 1000  
2025/07/07 16:14:05 - mmengine - INFO - Epoch(val) [194][200/800]    eta: 0:01:17  time: 0.1223  data_time: 0.0033  memory: 1000  
2025/07/07 16:14:11 - mmengine - INFO - Epoch(val) [194][250/800]    eta: 0:01:10  time: 0.1265  data_time: 0.0056  memory: 1000  
2025/07/07 16:14:17 - mmengine - INFO - Epoch(val) [194][300/800]    eta: 0:01:03  time: 0.1195  data_time: 0.0050  memory: 1000  
2025/07/07 16:14:23 - mmengine - INFO - Epoch(val) [194][350/800]    eta: 0:00:56  time: 0.1146  data_time: 0.0052  memory: 1000  
2025/07/07 16:14:29 - mmengine - INFO - Epoch(val) [194][400/800]    eta: 0:00:50  time: 0.1286  data_time: 0.0029  memory: 1000  
2025/07/07 16:14:37 - mmengine - INFO - Epoch(val) [194][450/800]    eta: 0:00:45  time: 0.1562  data_time: 0.0053  memory: 1000  
2025/07/07 16:14:45 - mmengine - INFO - Epoch(val) [194][500/800]    eta: 0:00:39  time: 0.1556  data_time: 0.0062  memory: 1000  
2025/07/07 16:14:52 - mmengine - INFO - Epoch(val) [194][550/800]    eta: 0:00:33  time: 0.1378  data_time: 0.0031  memory: 1000  
2025/07/07 16:14:59 - mmengine - INFO - Epoch(val) [194][600/800]    eta: 0:00:26  time: 0.1337  data_time: 0.0045  memory: 1000  
2025/07/07 16:15:06 - mmengine - INFO - Epoch(val) [194][650/800]    eta: 0:00:19  time: 0.1379  data_time: 0.0035  memory: 1000  
2025/07/07 16:15:12 - mmengine - INFO - Epoch(val) [194][700/800]    eta: 0:00:13  time: 0.1339  data_time: 0.0074  memory: 1000  
2025/07/07 16:15:18 - mmengine - INFO - Epoch(val) [194][750/800]    eta: 0:00:06  time: 0.1047  data_time: 0.0005  memory: 1000  
2025/07/07 16:15:22 - mmengine - INFO - Epoch(val) [194][800/800]    eta: 0:00:00  time: 0.0824  data_time: 0.0005  memory: 1000  
2025/07/07 16:15:23 - mmengine - INFO - Evaluating bbox...
2025/07/07 16:15:35 - mmengine - INFO - 
+-------------+-------+--------+--------+-------+-------+-------+
| category    | mAP   | mAP_50 | mAP_75 | mAP_s | mAP_m | mAP_l |
+-------------+-------+--------+--------+-------+-------+-------+
| car         | 0.702 | 0.965  | 0.859  | 0.492 | 0.732 | 0.0   |
| truck       | 0.536 | 0.752  | 0.648  | 0.111 | 0.522 | 0.62  |
| bus         | 0.756 | 0.96   | 0.881  | 0.0   | 0.715 | 0.828 |
| van         | 0.515 | 0.695  | 0.634  | 0.271 | 0.503 | 0.852 |
| freight_car | 0.501 | 0.691  | 0.595  | 0.161 | 0.485 | 0.611 |
+-------------+-------+--------+--------+-------+-------+-------+
2025/07/07 16:15:35 - mmengine - INFO - bbox_mAP_copypaste: 0.602 0.813 0.724 0.207 0.592 0.582
2025/07/07 16:15:35 - mmengine - INFO - Epoch(val) [194][800/800]    coco/car_precision: 0.7020  coco/truck_precision: 0.5360  coco/bus_precision: 0.7560  coco/van_precision: 0.5150  coco/freight_car_precision: 0.5010  coco/bbox_mAP: 0.6020  coco/bbox_mAP_50: 0.8130  coco/bbox_mAP_75: 0.7240  coco/bbox_mAP_s: 0.2070  coco/bbox_mAP_m: 0.5920  coco/bbox_mAP_l: 0.5820  data_time: 0.0040  time: 0.1279
2025/07/07 16:18:23 - mmengine - INFO - Epoch(train) [195][ 50/400]  base_lr: 1.0000e-02 lr: 4.4650e-04  eta: 2:04:11  time: 3.3652  data_time: 0.0277  memory: 10740  grad_norm: 23.4767  loss: 16.9442  loss_cls: 2.8091  loss_bbox: 6.3849  loss_dfl: 7.7502
2025/07/07 16:21:10 - mmengine - INFO - Epoch(train) [195][100/400]  base_lr: 1.0000e-02 lr: 4.4650e-04  eta: 2:01:33  time: 3.3383  data_time: 0.0075  memory: 10697  grad_norm: 23.4386  loss: 17.0451  loss_cls: 2.8021  loss_bbox: 6.5265  loss_dfl: 7.7166
2025/07/07 16:23:57 - mmengine - INFO - Epoch(train) [195][150/400]  base_lr: 1.0000e-02 lr: 4.4650e-04  eta: 1:58:55  time: 3.3441  data_time: 0.0076  memory: 10676  grad_norm: 24.8535  loss: 16.8423  loss_cls: 2.8024  loss_bbox: 6.3864  loss_dfl: 7.6534
2025/07/07 16:26:44 - mmengine - INFO - Epoch(train) [195][200/400]  base_lr: 1.0000e-02 lr: 4.4650e-04  eta: 1:56:17  time: 3.3440  data_time: 0.0077  memory: 10639  grad_norm: 22.9375  loss: 17.0682  loss_cls: 2.8638  loss_bbox: 6.5070  loss_dfl: 7.6973
2025/07/07 16:29:30 - mmengine - INFO - Epoch(train) [195][250/400]  base_lr: 1.0000e-02 lr: 4.4650e-04  eta: 1:53:38  time: 3.3170  data_time: 0.0074  memory: 10655  grad_norm: 25.0403  loss: 17.2417  loss_cls: 2.9222  loss_bbox: 6.5961  loss_dfl: 7.7234
2025/07/07 16:32:16 - mmengine - INFO - Epoch(train) [195][300/400]  base_lr: 1.0000e-02 lr: 4.4650e-04  eta: 1:51:00  time: 3.3063  data_time: 0.0077  memory: 10692  grad_norm: 26.3002  loss: 17.1060  loss_cls: 2.9989  loss_bbox: 6.4317  loss_dfl: 7.6754
2025/07/07 16:35:01 - mmengine - INFO - Epoch(train) [195][350/400]  base_lr: 1.0000e-02 lr: 4.4650e-04  eta: 1:48:22  time: 3.3084  data_time: 0.0077  memory: 10719  grad_norm: 25.0565  loss: 17.4143  loss_cls: 2.9763  loss_bbox: 6.6988  loss_dfl: 7.7392
2025/07/07 16:37:47 - mmengine - INFO - Exp name: yolov8_mambatransformer_enhance_20250705_110818
2025/07/07 16:37:47 - mmengine - INFO - Epoch(train) [195][400/400]  base_lr: 1.0000e-02 lr: 4.4650e-04  eta: 1:45:43  time: 3.3122  data_time: 0.0080  memory: 10767  grad_norm: 23.8539  loss: 16.7383  loss_cls: 2.8145  loss_bbox: 6.3446  loss_dfl: 7.5793
2025/07/07 16:37:47 - mmengine - INFO - Saving checkpoint at 195 epochs
2025/07/07 16:37:56 - mmengine - INFO - Epoch(val) [195][ 50/800]    eta: 0:01:29  time: 0.1189  data_time: 0.0012  memory: 1000  
2025/07/07 16:38:02 - mmengine - INFO - Epoch(val) [195][100/800]    eta: 0:01:23  time: 0.1198  data_time: 0.0006  memory: 1000  
2025/07/07 16:38:08 - mmengine - INFO - Epoch(val) [195][150/800]    eta: 0:01:18  time: 0.1215  data_time: 0.0005  memory: 1000  
2025/07/07 16:38:14 - mmengine - INFO - Epoch(val) [195][200/800]    eta: 0:01:10  time: 0.1130  data_time: 0.0005  memory: 1000  
2025/07/07 16:38:20 - mmengine - INFO - Epoch(val) [195][250/800]    eta: 0:01:04  time: 0.1129  data_time: 0.0005  memory: 1000  
2025/07/07 16:38:25 - mmengine - INFO - Epoch(val) [195][300/800]    eta: 0:00:58  time: 0.1127  data_time: 0.0005  memory: 1000  
2025/07/07 16:38:31 - mmengine - INFO - Epoch(val) [195][350/800]    eta: 0:00:52  time: 0.1131  data_time: 0.0005  memory: 1000  
2025/07/07 16:38:37 - mmengine - INFO - Epoch(val) [195][400/800]    eta: 0:00:46  time: 0.1127  data_time: 0.0005  memory: 1000  
2025/07/07 16:38:42 - mmengine - INFO - Epoch(val) [195][450/800]    eta: 0:00:40  time: 0.1129  data_time: 0.0005  memory: 1000  
2025/07/07 16:38:48 - mmengine - INFO - Epoch(val) [195][500/800]    eta: 0:00:34  time: 0.1133  data_time: 0.0005  memory: 1000  
2025/07/07 16:38:54 - mmengine - INFO - Epoch(val) [195][550/800]    eta: 0:00:28  time: 0.1127  data_time: 0.0005  memory: 1000  
2025/07/07 16:38:59 - mmengine - INFO - Epoch(val) [195][600/800]    eta: 0:00:22  time: 0.1136  data_time: 0.0005  memory: 1000  
2025/07/07 16:39:05 - mmengine - INFO - Epoch(val) [195][650/800]    eta: 0:00:17  time: 0.1144  data_time: 0.0005  memory: 1000  
2025/07/07 16:39:11 - mmengine - INFO - Epoch(val) [195][700/800]    eta: 0:00:11  time: 0.1139  data_time: 0.0005  memory: 1000  
2025/07/07 16:39:17 - mmengine - INFO - Epoch(val) [195][750/800]    eta: 0:00:05  time: 0.1136  data_time: 0.0005  memory: 1000  
2025/07/07 16:39:22 - mmengine - INFO - Epoch(val) [195][800/800]    eta: 0:00:00  time: 0.1141  data_time: 0.0005  memory: 1000  
2025/07/07 16:39:23 - mmengine - INFO - Evaluating bbox...
2025/07/07 16:39:35 - mmengine - INFO - 
+-------------+-------+--------+--------+-------+-------+-------+
| category    | mAP   | mAP_50 | mAP_75 | mAP_s | mAP_m | mAP_l |
+-------------+-------+--------+--------+-------+-------+-------+
| car         | 0.702 | 0.965  | 0.859  | 0.492 | 0.732 | 0.0   |
| truck       | 0.535 | 0.752  | 0.648  | 0.116 | 0.521 | 0.619 |
| bus         | 0.756 | 0.96   | 0.879  | 0.0   | 0.716 | 0.83  |
| van         | 0.515 | 0.693  | 0.633  | 0.267 | 0.503 | 0.85  |
| freight_car | 0.502 | 0.691  | 0.595  | 0.161 | 0.485 | 0.611 |
+-------------+-------+--------+--------+-------+-------+-------+
2025/07/07 16:39:35 - mmengine - INFO - bbox_mAP_copypaste: 0.602 0.812 0.723 0.207 0.591 0.582
2025/07/07 16:39:35 - mmengine - INFO - Epoch(val) [195][800/800]    coco/car_precision: 0.7020  coco/truck_precision: 0.5350  coco/bus_precision: 0.7560  coco/van_precision: 0.5150  coco/freight_car_precision: 0.5020  coco/bbox_mAP: 0.6020  coco/bbox_mAP_50: 0.8120  coco/bbox_mAP_75: 0.7230  coco/bbox_mAP_s: 0.2070  coco/bbox_mAP_m: 0.5910  coco/bbox_mAP_l: 0.5820  data_time: 0.0006  time: 0.1145
2025/07/07 16:42:23 - mmengine - INFO - Epoch(train) [196][ 50/400]  base_lr: 1.0000e-02 lr: 3.9700e-04  eta: 1:43:05  time: 3.3604  data_time: 0.0279  memory: 10580  grad_norm: 25.9865  loss: 16.8978  loss_cls: 2.8736  loss_bbox: 6.3883  loss_dfl: 7.6359
2025/07/07 16:44:09 - mmengine - INFO - Epoch(train) [196][100/400]  base_lr: 1.0000e-02 lr: 3.9700e-04  eta: 1:40:25  time: 2.1186  data_time: 0.0097  memory: 10793  grad_norm: 23.1556  loss: 16.9791  loss_cls: 2.8316  loss_bbox: 6.5293  loss_dfl: 7.6182
2025/07/07 16:46:25 - mmengine - INFO - Epoch(train) [196][150/400]  base_lr: 1.0000e-02 lr: 3.9700e-04  eta: 1:37:45  time: 2.7167  data_time: 0.0089  memory: 10735  grad_norm: 24.3446  loss: 16.9861  loss_cls: 2.7859  loss_bbox: 6.3946  loss_dfl: 7.8056
2025/07/07 16:49:11 - mmengine - INFO - Epoch(train) [196][200/400]  base_lr: 1.0000e-02 lr: 3.9700e-04  eta: 1:35:07  time: 3.3095  data_time: 0.0077  memory: 10729  grad_norm: 24.6077  loss: 16.9386  loss_cls: 2.8847  loss_bbox: 6.4504  loss_dfl: 7.6036
2025/07/07 16:51:56 - mmengine - INFO - Epoch(train) [196][250/400]  base_lr: 1.0000e-02 lr: 3.9700e-04  eta: 1:32:29  time: 3.3128  data_time: 0.0078  memory: 10719  grad_norm: 23.0709  loss: 16.9858  loss_cls: 2.8722  loss_bbox: 6.4740  loss_dfl: 7.6396
2025/07/07 16:54:42 - mmengine - INFO - Epoch(train) [196][300/400]  base_lr: 1.0000e-02 lr: 3.9700e-04  eta: 1:29:51  time: 3.3165  data_time: 0.0078  memory: 10767  grad_norm: 26.2587  loss: 17.0117  loss_cls: 2.8694  loss_bbox: 6.4408  loss_dfl: 7.7015
2025/07/07 16:57:28 - mmengine - INFO - Epoch(train) [196][350/400]  base_lr: 1.0000e-02 lr: 3.9700e-04  eta: 1:27:12  time: 3.3102  data_time: 0.0079  memory: 10735  grad_norm: 25.6242  loss: 17.2205  loss_cls: 2.8905  loss_bbox: 6.5600  loss_dfl: 7.7700
2025/07/07 17:00:13 - mmengine - INFO - Exp name: yolov8_mambatransformer_enhance_20250705_110818
2025/07/07 17:00:13 - mmengine - INFO - Epoch(train) [196][400/400]  base_lr: 1.0000e-02 lr: 3.9700e-04  eta: 1:24:34  time: 3.3088  data_time: 0.0077  memory: 10671  grad_norm: 24.6003  loss: 17.1262  loss_cls: 2.8718  loss_bbox: 6.5129  loss_dfl: 7.7415
2025/07/07 17:00:13 - mmengine - INFO - Saving checkpoint at 196 epochs
2025/07/07 17:00:23 - mmengine - INFO - Epoch(val) [196][ 50/800]    eta: 0:01:26  time: 0.1157  data_time: 0.0010  memory: 1000  
2025/07/07 17:00:28 - mmengine - INFO - Epoch(val) [196][100/800]    eta: 0:01:19  time: 0.1127  data_time: 0.0005  memory: 1000  
2025/07/07 17:00:34 - mmengine - INFO - Epoch(val) [196][150/800]    eta: 0:01:14  time: 0.1142  data_time: 0.0005  memory: 1000  
2025/07/07 17:00:40 - mmengine - INFO - Epoch(val) [196][200/800]    eta: 0:01:08  time: 0.1133  data_time: 0.0005  memory: 1000  
2025/07/07 17:00:45 - mmengine - INFO - Epoch(val) [196][250/800]    eta: 0:01:02  time: 0.1132  data_time: 0.0005  memory: 1000  
2025/07/07 17:00:50 - mmengine - INFO - Epoch(val) [196][300/800]    eta: 0:00:55  time: 0.0987  data_time: 0.0005  memory: 1000  
2025/07/07 17:00:56 - mmengine - INFO - Epoch(val) [196][350/800]    eta: 0:00:50  time: 0.1136  data_time: 0.0005  memory: 1000  
2025/07/07 17:01:02 - mmengine - INFO - Epoch(val) [196][400/800]    eta: 0:00:44  time: 0.1131  data_time: 0.0005  memory: 1000  
2025/07/07 17:01:08 - mmengine - INFO - Epoch(val) [196][450/800]    eta: 0:00:39  time: 0.1153  data_time: 0.0005  memory: 1000  
2025/07/07 17:01:13 - mmengine - INFO - Epoch(val) [196][500/800]    eta: 0:00:33  time: 0.1141  data_time: 0.0005  memory: 1000  
2025/07/07 17:01:19 - mmengine - INFO - Epoch(val) [196][550/800]    eta: 0:00:28  time: 0.1147  data_time: 0.0005  memory: 1000  
2025/07/07 17:01:25 - mmengine - INFO - Epoch(val) [196][600/800]    eta: 0:00:22  time: 0.1152  data_time: 0.0005  memory: 1000  
2025/07/07 17:01:31 - mmengine - INFO - Epoch(val) [196][650/800]    eta: 0:00:16  time: 0.1140  data_time: 0.0006  memory: 1000  
2025/07/07 17:01:36 - mmengine - INFO - Epoch(val) [196][700/800]    eta: 0:00:11  time: 0.1136  data_time: 0.0005  memory: 1000  
2025/07/07 17:01:42 - mmengine - INFO - Epoch(val) [196][750/800]    eta: 0:00:05  time: 0.1141  data_time: 0.0005  memory: 1000  
2025/07/07 17:01:48 - mmengine - INFO - Epoch(val) [196][800/800]    eta: 0:00:00  time: 0.1143  data_time: 0.0005  memory: 1000  
2025/07/07 17:01:49 - mmengine - INFO - Evaluating bbox...
2025/07/07 17:02:00 - mmengine - INFO - 
+-------------+-------+--------+--------+-------+-------+-------+
| category    | mAP   | mAP_50 | mAP_75 | mAP_s | mAP_m | mAP_l |
+-------------+-------+--------+--------+-------+-------+-------+
| car         | 0.702 | 0.965  | 0.859  | 0.492 | 0.732 | 0.0   |
| truck       | 0.535 | 0.75   | 0.647  | 0.117 | 0.52  | 0.62  |
| bus         | 0.756 | 0.96   | 0.876  | 0.0   | 0.715 | 0.829 |
| van         | 0.514 | 0.692  | 0.632  | 0.272 | 0.502 | 0.85  |
| freight_car | 0.5   | 0.69   | 0.594  | 0.162 | 0.483 | 0.612 |
+-------------+-------+--------+--------+-------+-------+-------+
2025/07/07 17:02:00 - mmengine - INFO - bbox_mAP_copypaste: 0.601 0.811 0.722 0.209 0.590 0.582
2025/07/07 17:02:00 - mmengine - INFO - Epoch(val) [196][800/800]    coco/car_precision: 0.7020  coco/truck_precision: 0.5350  coco/bus_precision: 0.7560  coco/van_precision: 0.5140  coco/freight_car_precision: 0.5000  coco/bbox_mAP: 0.6010  coco/bbox_mAP_50: 0.8110  coco/bbox_mAP_75: 0.7220  coco/bbox_mAP_s: 0.2090  coco/bbox_mAP_m: 0.5900  coco/bbox_mAP_l: 0.5820  data_time: 0.0006  time: 0.1131
2025/07/07 17:04:47 - mmengine - INFO - Epoch(train) [197][ 50/400]  base_lr: 1.0000e-02 lr: 3.4750e-04  eta: 1:21:55  time: 3.3310  data_time: 0.0276  memory: 10729  grad_norm: 24.5433  loss: 17.0561  loss_cls: 2.8252  loss_bbox: 6.5327  loss_dfl: 7.6983
2025/07/07 17:07:32 - mmengine - INFO - Epoch(train) [197][100/400]  base_lr: 1.0000e-02 lr: 3.4750e-04  eta: 1:19:17  time: 3.3083  data_time: 0.0076  memory: 10767  grad_norm: 23.4952  loss: 16.6492  loss_cls: 2.6908  loss_bbox: 6.3137  loss_dfl: 7.6446
2025/07/07 17:10:18 - mmengine - INFO - Epoch(train) [197][150/400]  base_lr: 1.0000e-02 lr: 3.4750e-04  eta: 1:16:39  time: 3.3117  data_time: 0.0077  memory: 10724  grad_norm: 23.6020  loss: 16.9477  loss_cls: 2.8411  loss_bbox: 6.4185  loss_dfl: 7.6880
2025/07/07 17:12:41 - mmengine - INFO - Epoch(train) [197][200/400]  base_lr: 1.0000e-02 lr: 3.4750e-04  eta: 1:14:00  time: 2.8523  data_time: 0.0085  memory: 10676  grad_norm: 23.9316  loss: 16.9367  loss_cls: 2.8328  loss_bbox: 6.4155  loss_dfl: 7.6884
2025/07/07 17:14:21 - mmengine - INFO - Epoch(train) [197][250/400]  base_lr: 1.0000e-02 lr: 3.4750e-04  eta: 1:11:20  time: 2.0059  data_time: 0.0098  memory: 10761  grad_norm: 24.4740  loss: 17.0379  loss_cls: 2.8873  loss_bbox: 6.4634  loss_dfl: 7.6872
2025/07/07 17:17:07 - mmengine - INFO - Epoch(train) [197][300/400]  base_lr: 1.0000e-02 lr: 3.4750e-04  eta: 1:08:41  time: 3.3127  data_time: 0.0077  memory: 10719  grad_norm: 24.5395  loss: 17.0676  loss_cls: 2.9043  loss_bbox: 6.4906  loss_dfl: 7.6726
2025/07/07 17:19:52 - mmengine - INFO - Epoch(train) [197][350/400]  base_lr: 1.0000e-02 lr: 3.4750e-04  eta: 1:06:03  time: 3.3120  data_time: 0.0078  memory: 10745  grad_norm: 24.9835  loss: 17.0717  loss_cls: 2.8589  loss_bbox: 6.4255  loss_dfl: 7.7874
2025/07/07 17:22:38 - mmengine - INFO - Exp name: yolov8_mambatransformer_enhance_20250705_110818
2025/07/07 17:22:38 - mmengine - INFO - Epoch(train) [197][400/400]  base_lr: 1.0000e-02 lr: 3.4750e-04  eta: 1:03:25  time: 3.3112  data_time: 0.0077  memory: 10745  grad_norm: 24.0398  loss: 16.7149  loss_cls: 2.7609  loss_bbox: 6.3079  loss_dfl: 7.6461
2025/07/07 17:22:38 - mmengine - INFO - Saving checkpoint at 197 epochs
2025/07/07 17:22:47 - mmengine - INFO - Epoch(val) [197][ 50/800]    eta: 0:01:27  time: 0.1161  data_time: 0.0010  memory: 1000  
2025/07/07 17:22:53 - mmengine - INFO - Epoch(val) [197][100/800]    eta: 0:01:20  time: 0.1133  data_time: 0.0005  memory: 1000  
2025/07/07 17:22:59 - mmengine - INFO - Epoch(val) [197][150/800]    eta: 0:01:14  time: 0.1139  data_time: 0.0005  memory: 1000  
2025/07/07 17:23:04 - mmengine - INFO - Epoch(val) [197][200/800]    eta: 0:01:08  time: 0.1118  data_time: 0.0005  memory: 1000  
2025/07/07 17:23:10 - mmengine - INFO - Epoch(val) [197][250/800]    eta: 0:01:01  time: 0.1036  data_time: 0.0004  memory: 1000  
2025/07/07 17:23:14 - mmengine - INFO - Epoch(val) [197][300/800]    eta: 0:00:54  time: 0.0977  data_time: 0.0005  memory: 1000  
2025/07/07 17:23:19 - mmengine - INFO - Epoch(val) [197][350/800]    eta: 0:00:48  time: 0.0990  data_time: 0.0004  memory: 1000  
2025/07/07 17:23:25 - mmengine - INFO - Epoch(val) [197][400/800]    eta: 0:00:42  time: 0.1019  data_time: 0.0005  memory: 1000  
2025/07/07 17:23:30 - mmengine - INFO - Epoch(val) [197][450/800]    eta: 0:00:37  time: 0.1019  data_time: 0.0005  memory: 1000  
2025/07/07 17:23:35 - mmengine - INFO - Epoch(val) [197][500/800]    eta: 0:00:32  time: 0.1128  data_time: 0.0005  memory: 1000  
2025/07/07 17:23:41 - mmengine - INFO - Epoch(val) [197][550/800]    eta: 0:00:26  time: 0.1138  data_time: 0.0005  memory: 1000  
2025/07/07 17:23:47 - mmengine - INFO - Epoch(val) [197][600/800]    eta: 0:00:21  time: 0.1171  data_time: 0.0005  memory: 1000  
2025/07/07 17:23:53 - mmengine - INFO - Epoch(val) [197][650/800]    eta: 0:00:16  time: 0.1224  data_time: 0.0005  memory: 1000  
2025/07/07 17:23:59 - mmengine - INFO - Epoch(val) [197][700/800]    eta: 0:00:11  time: 0.1225  data_time: 0.0005  memory: 1000  
2025/07/07 17:24:05 - mmengine - INFO - Epoch(val) [197][750/800]    eta: 0:00:05  time: 0.1125  data_time: 0.0005  memory: 1000  
2025/07/07 17:24:11 - mmengine - INFO - Epoch(val) [197][800/800]    eta: 0:00:00  time: 0.1280  data_time: 0.0005  memory: 1000  
2025/07/07 17:24:12 - mmengine - INFO - Evaluating bbox...
2025/07/07 17:24:24 - mmengine - INFO - 
+-------------+-------+--------+--------+-------+-------+-------+
| category    | mAP   | mAP_50 | mAP_75 | mAP_s | mAP_m | mAP_l |
+-------------+-------+--------+--------+-------+-------+-------+
| car         | 0.702 | 0.965  | 0.859  | 0.493 | 0.732 | 0.0   |
| truck       | 0.534 | 0.75   | 0.645  | 0.118 | 0.52  | 0.62  |
| bus         | 0.756 | 0.96   | 0.876  | 0.0   | 0.716 | 0.829 |
| van         | 0.511 | 0.69   | 0.631  | 0.272 | 0.5   | 0.837 |
| freight_car | 0.499 | 0.69   | 0.593  | 0.162 | 0.481 | 0.611 |
+-------------+-------+--------+--------+-------+-------+-------+
2025/07/07 17:24:24 - mmengine - INFO - bbox_mAP_copypaste: 0.600 0.811 0.721 0.209 0.590 0.579
2025/07/07 17:24:24 - mmengine - INFO - Epoch(val) [197][800/800]    coco/car_precision: 0.7020  coco/truck_precision: 0.5340  coco/bus_precision: 0.7560  coco/van_precision: 0.5110  coco/freight_car_precision: 0.4990  coco/bbox_mAP: 0.6000  coco/bbox_mAP_50: 0.8110  coco/bbox_mAP_75: 0.7210  coco/bbox_mAP_s: 0.2090  coco/bbox_mAP_m: 0.5900  coco/bbox_mAP_l: 0.5790  data_time: 0.0005  time: 0.1118
2025/07/07 17:27:11 - mmengine - INFO - Epoch(train) [198][ 50/400]  base_lr: 1.0000e-02 lr: 2.9800e-04  eta: 1:00:46  time: 3.3290  data_time: 0.0276  memory: 10735  grad_norm: 23.8208  loss: 16.5337  loss_cls: 2.7195  loss_bbox: 6.2619  loss_dfl: 7.5523
2025/07/07 17:29:56 - mmengine - INFO - Epoch(train) [198][100/400]  base_lr: 1.0000e-02 lr: 2.9800e-04  eta: 0:58:08  time: 3.3121  data_time: 0.0077  memory: 10687  grad_norm: 24.6582  loss: 17.0030  loss_cls: 2.8469  loss_bbox: 6.4525  loss_dfl: 7.7035
2025/07/07 17:32:42 - mmengine - INFO - Epoch(train) [198][150/400]  base_lr: 1.0000e-02 lr: 2.9800e-04  eta: 0:55:29  time: 3.3100  data_time: 0.0078  memory: 10602  grad_norm: 24.1374  loss: 16.6127  loss_cls: 2.7157  loss_bbox: 6.2579  loss_dfl: 7.6391
2025/07/07 17:35:28 - mmengine - INFO - Exp name: yolov8_mambatransformer_enhance_20250705_110818
2025/07/07 17:35:28 - mmengine - INFO - Epoch(train) [198][200/400]  base_lr: 1.0000e-02 lr: 2.9800e-04  eta: 0:52:51  time: 3.3119  data_time: 0.0079  memory: 10793  grad_norm: 23.8661  loss: 16.9907  loss_cls: 2.8859  loss_bbox: 6.4466  loss_dfl: 7.6582
2025/07/07 17:38:14 - mmengine - INFO - Epoch(train) [198][250/400]  base_lr: 1.0000e-02 lr: 2.9800e-04  eta: 0:50:12  time: 3.3169  data_time: 0.0078  memory: 10729  grad_norm: 24.7201  loss: 17.2812  loss_cls: 2.9276  loss_bbox: 6.6173  loss_dfl: 7.7364
2025/07/07 17:40:59 - mmengine - INFO - Epoch(train) [198][300/400]  base_lr: 1.0000e-02 lr: 2.9800e-04  eta: 0:47:34  time: 3.3101  data_time: 0.0077  memory: 10612  grad_norm: 24.4340  loss: 16.9328  loss_cls: 2.8281  loss_bbox: 6.4446  loss_dfl: 7.6601
2025/07/07 17:42:55 - mmengine - INFO - Epoch(train) [198][350/400]  base_lr: 1.0000e-02 lr: 2.9800e-04  eta: 0:44:55  time: 2.3270  data_time: 0.0093  memory: 10745  grad_norm: 23.4521  loss: 16.7376  loss_cls: 2.7145  loss_bbox: 6.3447  loss_dfl: 7.6784
2025/07/07 17:44:55 - mmengine - INFO - Exp name: yolov8_mambatransformer_enhance_20250705_110818
2025/07/07 17:44:55 - mmengine - INFO - Epoch(train) [198][400/400]  base_lr: 1.0000e-02 lr: 2.9800e-04  eta: 0:42:16  time: 2.3844  data_time: 0.0090  memory: 10719  grad_norm: 24.4043  loss: 16.7873  loss_cls: 2.7827  loss_bbox: 6.3550  loss_dfl: 7.6495
2025/07/07 17:44:55 - mmengine - INFO - Saving checkpoint at 198 epochs
2025/07/07 17:45:03 - mmengine - INFO - Epoch(val) [198][ 50/800]    eta: 0:01:14  time: 0.0991  data_time: 0.0010  memory: 1000  
2025/07/07 17:45:09 - mmengine - INFO - Epoch(val) [198][100/800]    eta: 0:01:12  time: 0.1089  data_time: 0.0005  memory: 1000  
2025/07/07 17:45:15 - mmengine - INFO - Epoch(val) [198][150/800]    eta: 0:01:09  time: 0.1127  data_time: 0.0005  memory: 1000  
2025/07/07 17:45:19 - mmengine - INFO - Epoch(val) [198][200/800]    eta: 0:01:02  time: 0.0967  data_time: 0.0004  memory: 1000  
2025/07/07 17:45:24 - mmengine - INFO - Epoch(val) [198][250/800]    eta: 0:00:56  time: 0.0952  data_time: 0.0004  memory: 1000  
2025/07/07 17:45:29 - mmengine - INFO - Epoch(val) [198][300/800]    eta: 0:00:50  time: 0.0952  data_time: 0.0004  memory: 1000  
2025/07/07 17:45:34 - mmengine - INFO - Epoch(val) [198][350/800]    eta: 0:00:45  time: 0.0953  data_time: 0.0004  memory: 1000  
2025/07/07 17:45:39 - mmengine - INFO - Epoch(val) [198][400/800]    eta: 0:00:40  time: 0.1037  data_time: 0.0005  memory: 1000  
2025/07/07 17:45:44 - mmengine - INFO - Epoch(val) [198][450/800]    eta: 0:00:35  time: 0.1096  data_time: 0.0005  memory: 1000  
2025/07/07 17:45:50 - mmengine - INFO - Epoch(val) [198][500/800]    eta: 0:00:30  time: 0.1026  data_time: 0.0005  memory: 1000  
2025/07/07 17:45:55 - mmengine - INFO - Epoch(val) [198][550/800]    eta: 0:00:25  time: 0.1123  data_time: 0.0005  memory: 1000  
2025/07/07 17:46:01 - mmengine - INFO - Epoch(val) [198][600/800]    eta: 0:00:20  time: 0.1127  data_time: 0.0005  memory: 1000  
2025/07/07 17:46:07 - mmengine - INFO - Epoch(val) [198][650/800]    eta: 0:00:15  time: 0.1126  data_time: 0.0005  memory: 1000  
2025/07/07 17:46:12 - mmengine - INFO - Epoch(val) [198][700/800]    eta: 0:00:10  time: 0.1128  data_time: 0.0005  memory: 1000  
2025/07/07 17:46:18 - mmengine - INFO - Epoch(val) [198][750/800]    eta: 0:00:05  time: 0.1124  data_time: 0.0005  memory: 1000  
2025/07/07 17:46:24 - mmengine - INFO - Epoch(val) [198][800/800]    eta: 0:00:00  time: 0.1122  data_time: 0.0005  memory: 1000  
2025/07/07 17:46:24 - mmengine - INFO - Evaluating bbox...
2025/07/07 17:46:36 - mmengine - INFO - 
+-------------+-------+--------+--------+-------+-------+-------+
| category    | mAP   | mAP_50 | mAP_75 | mAP_s | mAP_m | mAP_l |
+-------------+-------+--------+--------+-------+-------+-------+
| car         | 0.702 | 0.965  | 0.859  | 0.493 | 0.732 | 0.0   |
| truck       | 0.535 | 0.749  | 0.646  | 0.118 | 0.521 | 0.619 |
| bus         | 0.756 | 0.96   | 0.876  | 0.0   | 0.715 | 0.829 |
| van         | 0.51  | 0.689  | 0.63   | 0.254 | 0.501 | 0.837 |
| freight_car | 0.5   | 0.689  | 0.594  | 0.163 | 0.482 | 0.612 |
+-------------+-------+--------+--------+-------+-------+-------+
2025/07/07 17:46:36 - mmengine - INFO - bbox_mAP_copypaste: 0.601 0.811 0.721 0.206 0.590 0.579
2025/07/07 17:46:36 - mmengine - INFO - Epoch(val) [198][800/800]    coco/car_precision: 0.7020  coco/truck_precision: 0.5350  coco/bus_precision: 0.7560  coco/van_precision: 0.5100  coco/freight_car_precision: 0.5000  coco/bbox_mAP: 0.6010  coco/bbox_mAP_50: 0.8110  coco/bbox_mAP_75: 0.7210  coco/bbox_mAP_s: 0.2060  coco/bbox_mAP_m: 0.5900  coco/bbox_mAP_l: 0.5790  data_time: 0.0005  time: 0.1059
2025/07/07 17:49:24 - mmengine - INFO - Epoch(train) [199][ 50/400]  base_lr: 1.0000e-02 lr: 2.4850e-04  eta: 0:39:37  time: 3.3598  data_time: 0.0266  memory: 10713  grad_norm: 23.7075  loss: 16.7413  loss_cls: 2.7752  loss_bbox: 6.2768  loss_dfl: 7.6893
2025/07/07 17:52:10 - mmengine - INFO - Epoch(train) [199][100/400]  base_lr: 1.0000e-02 lr: 2.4850e-04  eta: 0:36:59  time: 3.3089  data_time: 0.0078  memory: 10719  grad_norm: 25.1223  loss: 17.0492  loss_cls: 2.9156  loss_bbox: 6.4707  loss_dfl: 7.6629
2025/07/07 17:54:55 - mmengine - INFO - Epoch(train) [199][150/400]  base_lr: 1.0000e-02 lr: 2.4850e-04  eta: 0:34:20  time: 3.3082  data_time: 0.0077  memory: 10745  grad_norm: 24.1170  loss: 16.9083  loss_cls: 2.8238  loss_bbox: 6.4666  loss_dfl: 7.6180
2025/07/07 17:57:41 - mmengine - INFO - Epoch(train) [199][200/400]  base_lr: 1.0000e-02 lr: 2.4850e-04  eta: 0:31:42  time: 3.3094  data_time: 0.0079  memory: 10559  grad_norm: 24.9001  loss: 16.9989  loss_cls: 2.8469  loss_bbox: 6.3976  loss_dfl: 7.7544
2025/07/07 18:00:26 - mmengine - INFO - Epoch(train) [199][250/400]  base_lr: 1.0000e-02 lr: 2.4850e-04  eta: 0:29:03  time: 3.3099  data_time: 0.0077  memory: 10761  grad_norm: 24.2467  loss: 16.7850  loss_cls: 2.7811  loss_bbox: 6.3153  loss_dfl: 7.6886
2025/07/07 18:03:12 - mmengine - INFO - Epoch(train) [199][300/400]  base_lr: 1.0000e-02 lr: 2.4850e-04  eta: 0:26:25  time: 3.3123  data_time: 0.0080  memory: 10687  grad_norm: 24.2221  loss: 16.7927  loss_cls: 2.7727  loss_bbox: 6.3918  loss_dfl: 7.6282
2025/07/07 18:05:57 - mmengine - INFO - Epoch(train) [199][350/400]  base_lr: 1.0000e-02 lr: 2.4850e-04  eta: 0:23:46  time: 3.3117  data_time: 0.0079  memory: 10767  grad_norm: 25.4980  loss: 16.9355  loss_cls: 2.8534  loss_bbox: 6.4432  loss_dfl: 7.6390
2025/07/07 18:08:43 - mmengine - INFO - Exp name: yolov8_mambatransformer_enhance_20250705_110818
2025/07/07 18:08:43 - mmengine - INFO - Epoch(train) [199][400/400]  base_lr: 1.0000e-02 lr: 2.4850e-04  eta: 0:21:08  time: 3.3118  data_time: 0.0080  memory: 10671  grad_norm: 24.0330  loss: 16.7081  loss_cls: 2.7669  loss_bbox: 6.3095  loss_dfl: 7.6317
2025/07/07 18:08:43 - mmengine - INFO - Saving checkpoint at 199 epochs
2025/07/07 18:08:53 - mmengine - INFO - Epoch(val) [199][ 50/800]    eta: 0:01:30  time: 0.1211  data_time: 0.0009  memory: 1000  
2025/07/07 18:08:59 - mmengine - INFO - Epoch(val) [199][100/800]    eta: 0:01:26  time: 0.1264  data_time: 0.0006  memory: 1000  
2025/07/07 18:09:05 - mmengine - INFO - Epoch(val) [199][150/800]    eta: 0:01:18  time: 0.1137  data_time: 0.0005  memory: 1000  
2025/07/07 18:09:10 - mmengine - INFO - Epoch(val) [199][200/800]    eta: 0:01:11  time: 0.1127  data_time: 0.0005  memory: 1000  
2025/07/07 18:09:16 - mmengine - INFO - Epoch(val) [199][250/800]    eta: 0:01:04  time: 0.1144  data_time: 0.0005  memory: 1000  
2025/07/07 18:09:22 - mmengine - INFO - Epoch(val) [199][300/800]    eta: 0:00:58  time: 0.1145  data_time: 0.0006  memory: 1000  
2025/07/07 18:09:28 - mmengine - INFO - Epoch(val) [199][350/800]    eta: 0:00:52  time: 0.1144  data_time: 0.0005  memory: 1000  
2025/07/07 18:09:33 - mmengine - INFO - Epoch(val) [199][400/800]    eta: 0:00:46  time: 0.1134  data_time: 0.0005  memory: 1000  
2025/07/07 18:09:39 - mmengine - INFO - Epoch(val) [199][450/800]    eta: 0:00:40  time: 0.1149  data_time: 0.0005  memory: 1000  
2025/07/07 18:09:45 - mmengine - INFO - Epoch(val) [199][500/800]    eta: 0:00:34  time: 0.1150  data_time: 0.0005  memory: 1000  
2025/07/07 18:09:51 - mmengine - INFO - Epoch(val) [199][550/800]    eta: 0:00:28  time: 0.1142  data_time: 0.0005  memory: 1000  
2025/07/07 18:09:56 - mmengine - INFO - Epoch(val) [199][600/800]    eta: 0:00:23  time: 0.1146  data_time: 0.0005  memory: 1000  
2025/07/07 18:10:03 - mmengine - INFO - Epoch(val) [199][650/800]    eta: 0:00:17  time: 0.1255  data_time: 0.0005  memory: 1000  
2025/07/07 18:10:08 - mmengine - INFO - Epoch(val) [199][700/800]    eta: 0:00:11  time: 0.1029  data_time: 0.0005  memory: 1000  
2025/07/07 18:10:13 - mmengine - INFO - Epoch(val) [199][750/800]    eta: 0:00:05  time: 0.1092  data_time: 0.0005  memory: 1000  
2025/07/07 18:10:19 - mmengine - INFO - Epoch(val) [199][800/800]    eta: 0:00:00  time: 0.1112  data_time: 0.0004  memory: 1000  
2025/07/07 18:10:20 - mmengine - INFO - Evaluating bbox...
2025/07/07 18:10:32 - mmengine - INFO - 
+-------------+-------+--------+--------+-------+-------+-------+
| category    | mAP   | mAP_50 | mAP_75 | mAP_s | mAP_m | mAP_l |
+-------------+-------+--------+--------+-------+-------+-------+
| car         | 0.702 | 0.965  | 0.859  | 0.492 | 0.732 | 0.0   |
| truck       | 0.535 | 0.749  | 0.645  | 0.12  | 0.521 | 0.62  |
| bus         | 0.755 | 0.96   | 0.876  | 0.0   | 0.716 | 0.828 |
| van         | 0.509 | 0.688  | 0.627  | 0.254 | 0.499 | 0.837 |
| freight_car | 0.5   | 0.688  | 0.593  | 0.163 | 0.482 | 0.616 |
+-------------+-------+--------+--------+-------+-------+-------+
2025/07/07 18:10:32 - mmengine - INFO - bbox_mAP_copypaste: 0.600 0.810 0.720 0.206 0.590 0.580
2025/07/07 18:10:32 - mmengine - INFO - Epoch(val) [199][800/800]    coco/car_precision: 0.7020  coco/truck_precision: 0.5350  coco/bus_precision: 0.7550  coco/van_precision: 0.5090  coco/freight_car_precision: 0.5000  coco/bbox_mAP: 0.6000  coco/bbox_mAP_50: 0.8100  coco/bbox_mAP_75: 0.7200  coco/bbox_mAP_s: 0.2060  coco/bbox_mAP_m: 0.5900  coco/bbox_mAP_l: 0.5800  data_time: 0.0005  time: 0.1149
2025/07/07 18:12:17 - mmengine - INFO - Epoch(train) [200][ 50/400]  base_lr: 1.0000e-02 lr: 1.9900e-04  eta: 0:18:29  time: 2.0941  data_time: 0.0423  memory: 10575  grad_norm: 24.7457  loss: 17.0333  loss_cls: 2.8424  loss_bbox: 6.4713  loss_dfl: 7.7196
2025/07/07 18:14:49 - mmengine - INFO - Epoch(train) [200][100/400]  base_lr: 1.0000e-02 lr: 1.9900e-04  eta: 0:15:51  time: 3.0360  data_time: 0.0080  memory: 10713  grad_norm: 24.9834  loss: 17.0968  loss_cls: 2.8274  loss_bbox: 6.4907  loss_dfl: 7.7786
2025/07/07 18:17:34 - mmengine - INFO - Epoch(train) [200][150/400]  base_lr: 1.0000e-02 lr: 1.9900e-04  eta: 0:13:12  time: 3.3125  data_time: 0.0077  memory: 10719  grad_norm: 25.0540  loss: 16.9179  loss_cls: 2.7734  loss_bbox: 6.4837  loss_dfl: 7.6608
2025/07/07 18:20:20 - mmengine - INFO - Epoch(train) [200][200/400]  base_lr: 1.0000e-02 lr: 1.9900e-04  eta: 0:10:34  time: 3.3093  data_time: 0.0077  memory: 10745  grad_norm: 24.7810  loss: 16.7231  loss_cls: 2.7729  loss_bbox: 6.2722  loss_dfl: 7.6779
2025/07/07 18:23:06 - mmengine - INFO - Epoch(train) [200][250/400]  base_lr: 1.0000e-02 lr: 1.9900e-04  eta: 0:07:55  time: 3.3119  data_time: 0.0078  memory: 10804  grad_norm: 24.2633  loss: 17.0640  loss_cls: 2.8654  loss_bbox: 6.4613  loss_dfl: 7.7373
2025/07/07 18:25:51 - mmengine - INFO - Epoch(train) [200][300/400]  base_lr: 1.0000e-02 lr: 1.9900e-04  eta: 0:05:17  time: 3.3101  data_time: 0.0077  memory: 10692  grad_norm: 22.5407  loss: 16.4984  loss_cls: 2.7258  loss_bbox: 6.2094  loss_dfl: 7.5632
2025/07/07 18:28:37 - mmengine - INFO - Epoch(train) [200][350/400]  base_lr: 1.0000e-02 lr: 1.9900e-04  eta: 0:02:38  time: 3.3112  data_time: 0.0077  memory: 10628  grad_norm: 25.4048  loss: 16.7262  loss_cls: 2.7872  loss_bbox: 6.2498  loss_dfl: 7.6892
2025/07/07 18:31:22 - mmengine - INFO - Exp name: yolov8_mambatransformer_enhance_20250705_110818
2025/07/07 18:31:22 - mmengine - INFO - Epoch(train) [200][400/400]  base_lr: 1.0000e-02 lr: 1.9900e-04  eta: 0:00:00  time: 3.3105  data_time: 0.0076  memory: 10687  grad_norm: 24.1102  loss: 16.6259  loss_cls: 2.7542  loss_bbox: 6.2608  loss_dfl: 7.6109
2025/07/07 18:31:22 - mmengine - INFO - Saving checkpoint at 200 epochs
2025/07/07 18:31:31 - mmengine - INFO - Epoch(val) [200][ 50/800]    eta: 0:01:19  time: 0.1060  data_time: 0.0010  memory: 1000  
2025/07/07 18:31:38 - mmengine - INFO - Epoch(val) [200][100/800]    eta: 0:01:23  time: 0.1318  data_time: 0.0006  memory: 1000  
2025/07/07 18:31:44 - mmengine - INFO - Epoch(val) [200][150/800]    eta: 0:01:20  time: 0.1344  data_time: 0.0007  memory: 1000  
2025/07/07 18:31:51 - mmengine - INFO - Epoch(val) [200][200/800]    eta: 0:01:16  time: 0.1355  data_time: 0.0007  memory: 1000  
2025/07/07 18:31:58 - mmengine - INFO - Epoch(val) [200][250/800]    eta: 0:01:10  time: 0.1358  data_time: 0.0007  memory: 1000  
2025/07/07 18:32:04 - mmengine - INFO - Epoch(val) [200][300/800]    eta: 0:01:03  time: 0.1181  data_time: 0.0006  memory: 1000  
2025/07/07 18:32:10 - mmengine - INFO - Epoch(val) [200][350/800]    eta: 0:00:56  time: 0.1128  data_time: 0.0005  memory: 1000  
2025/07/07 18:32:15 - mmengine - INFO - Epoch(val) [200][400/800]    eta: 0:00:49  time: 0.1132  data_time: 0.0005  memory: 1000  
2025/07/07 18:32:21 - mmengine - INFO - Epoch(val) [200][450/800]    eta: 0:00:42  time: 0.1138  data_time: 0.0005  memory: 1000  
2025/07/07 18:32:27 - mmengine - INFO - Epoch(val) [200][500/800]    eta: 0:00:36  time: 0.1130  data_time: 0.0005  memory: 1000  
2025/07/07 18:32:32 - mmengine - INFO - Epoch(val) [200][550/800]    eta: 0:00:30  time: 0.1129  data_time: 0.0005  memory: 1000  
2025/07/07 18:32:38 - mmengine - INFO - Epoch(val) [200][600/800]    eta: 0:00:24  time: 0.1139  data_time: 0.0005  memory: 1000  
2025/07/07 18:32:44 - mmengine - INFO - Epoch(val) [200][650/800]    eta: 0:00:17  time: 0.1132  data_time: 0.0005  memory: 1000  
2025/07/07 18:32:50 - mmengine - INFO - Epoch(val) [200][700/800]    eta: 0:00:11  time: 0.1145  data_time: 0.0005  memory: 1000  
2025/07/07 18:32:55 - mmengine - INFO - Epoch(val) [200][750/800]    eta: 0:00:05  time: 0.1129  data_time: 0.0005  memory: 1000  
2025/07/07 18:33:01 - mmengine - INFO - Epoch(val) [200][800/800]    eta: 0:00:00  time: 0.1144  data_time: 0.0005  memory: 1000  
2025/07/07 18:33:02 - mmengine - INFO - Evaluating bbox...
2025/07/07 18:33:13 - mmengine - INFO - 
+-------------+-------+--------+--------+-------+-------+-------+
| category    | mAP   | mAP_50 | mAP_75 | mAP_s | mAP_m | mAP_l |
+-------------+-------+--------+--------+-------+-------+-------+
| car         | 0.702 | 0.965  | 0.859  | 0.492 | 0.731 | 0.0   |
| truck       | 0.535 | 0.752  | 0.645  | 0.12  | 0.521 | 0.619 |
| bus         | 0.755 | 0.96   | 0.879  | 0.0   | 0.715 | 0.828 |
| van         | 0.508 | 0.687  | 0.626  | 0.254 | 0.499 | 0.84  |
| freight_car | 0.5   | 0.689  | 0.592  | 0.163 | 0.481 | 0.615 |
+-------------+-------+--------+--------+-------+-------+-------+
2025/07/07 18:33:13 - mmengine - INFO - bbox_mAP_copypaste: 0.600 0.811 0.720 0.206 0.589 0.580
2025/07/07 18:33:14 - mmengine - INFO - Epoch(val) [200][800/800]    coco/car_precision: 0.7020  coco/truck_precision: 0.5350  coco/bus_precision: 0.7550  coco/van_precision: 0.5080  coco/freight_car_precision: 0.5000  coco/bbox_mAP: 0.6000  coco/bbox_mAP_50: 0.8110  coco/bbox_mAP_75: 0.7200  coco/bbox_mAP_s: 0.2060  coco/bbox_mAP_m: 0.5890  coco/bbox_mAP_l: 0.5800  data_time: 0.0006  time: 0.1185
