2025/06/24 13:35:42 - mmengine - INFO - 
------------------------------------------------------------
System environment:
    sys.platform: linux
    Python: 3.10.16 (main, Dec 11 2024, 16:24:50) [GCC 11.2.0]
    CUDA available: True
    MUSA available: False
    numpy_random_seed: 761085052
    GPU 0: NVIDIA A40
    CUDA_HOME: /usr/local/cuda
    NVCC: Cuda compilation tools, release 12.0, V12.0.76
    GCC: gcc (Ubuntu 9.4.0-1ubuntu1~20.04.2) 9.4.0
    PyTorch: 2.3.1
    PyTorch compiling details: PyTorch built with:
  - GCC 9.3
  - C++ Version: 201703
  - Intel(R) oneAPI Math Kernel Library Version 2023.1-Product Build 20230303 for Intel(R) 64 architecture applications
  - Intel(R) MKL-DNN v3.3.6 (Git Hash 86e6af5974177e513fd3fee58425e1063e7f1361)
  - OpenMP 201511 (a.k.a. OpenMP 4.5)
  - LAPACK is enabled (usually provided by MKL)
  - NNPACK is enabled
  - CPU capability usage: AVX512
  - CUDA Runtime 12.1
  - NVCC architecture flags: -gencode;arch=compute_50,code=sm_50;-gencode;arch=compute_60,code=sm_60;-gencode;arch=compute_61,code=sm_61;-gencode;arch=compute_70,code=sm_70;-gencode;arch=compute_75,code=sm_75;-gencode;arch=compute_80,code=sm_80;-gencode;arch=compute_86,code=sm_86;-gencode;arch=compute_90,code=sm_90
  - CuDNN 8.9.2
  - Magma 2.6.1
  - Build settings: BLAS_INFO=mkl, BUILD_TYPE=Release, CUDA_VERSION=12.1, CUDNN_VERSION=8.9.2, CXX_COMPILER=/opt/rh/devtoolset-9/root/usr/bin/c++, CXX_FLAGS= -D_GLIBCXX_USE_CXX11_ABI=0 -fabi-version=11 -fvisibility-inlines-hidden -DUSE_PTHREADPOOL -DNDEBUG -DUSE_KINETO -DLIBKINETO_NOROCTRACER -DUSE_FBGEMM -DUSE_QNNPACK -DUSE_PYTORCH_QNNPACK -DUSE_XNNPACK -DSYMBOLICATE_MOBILE_DEBUG_HANDLE -O2 -fPIC -Wall -Wextra -Werror=return-type -Werror=non-virtual-dtor -Werror=bool-operation -Wnarrowing -Wno-missing-field-initializers -Wno-type-limits -Wno-array-bounds -Wno-unknown-pragmas -Wno-unused-parameter -Wno-unused-function -Wno-unused-result -Wno-strict-overflow -Wno-strict-aliasing -Wno-stringop-overflow -Wsuggest-override -Wno-psabi -Wno-error=pedantic -Wno-error=old-style-cast -Wno-missing-braces -fdiagnostics-color=always -faligned-new -Wno-unused-but-set-variable -Wno-maybe-uninitialized -fno-math-errno -fno-trapping-math -Werror=format -Wno-stringop-overflow, LAPACK_INFO=mkl, PERF_WITH_AVX=1, PERF_WITH_AVX2=1, PERF_WITH_AVX512=1, TORCH_VERSION=2.3.1, USE_CUDA=ON, USE_CUDNN=ON, USE_CUSPARSELT=1, USE_EXCEPTION_PTR=1, USE_GFLAGS=OFF, USE_GLOG=OFF, USE_GLOO=ON, USE_MKL=ON, USE_MKLDNN=ON, USE_MPI=OFF, USE_NCCL=ON, USE_NNPACK=ON, USE_OPENMP=ON, USE_ROCM=OFF, USE_ROCM_KERNEL_ASSERT=OFF, 

    TorchVision: 0.18.1
    OpenCV: 4.11.0
    MMEngine: 0.10.7

Runtime environment:
    cudnn_benchmark: True
    mp_cfg: {'mp_start_method': 'fork', 'opencv_num_threads': 0}
    dist_cfg: {'backend': 'nccl'}
    seed: 761085052
    Distributed launcher: none
    Distributed training: False
    GPU number: 1
------------------------------------------------------------

2025/06/24 13:35:43 - mmengine - INFO - Config:
_backend_args = None
_multiscale_resize_transforms = [
    dict(
        transforms=[
            dict(scale=(
                640,
                640,
            ), type='YOLOv5KeepRatioResize'),
            dict(
                allow_scale_up=False,
                pad_val=dict(img=114),
                scale=(
                    640,
                    640,
                ),
                type='LetterResize'),
        ],
        type='Compose'),
    dict(
        transforms=[
            dict(scale=(
                320,
                320,
            ), type='YOLOv5KeepRatioResize'),
            dict(
                allow_scale_up=False,
                pad_val=dict(img=114),
                scale=(
                    320,
                    320,
                ),
                type='LetterResize'),
        ],
        type='Compose'),
    dict(
        transforms=[
            dict(scale=(
                960,
                960,
            ), type='YOLOv5KeepRatioResize'),
            dict(
                allow_scale_up=False,
                pad_val=dict(img=114),
                scale=(
                    960,
                    960,
                ),
                type='LetterResize'),
        ],
        type='Compose'),
]
affine_scale = 0.5
after_pre_transformer = [
    dict(
        border=(
            -320,
            -256,
        ),
        border_val=(
            114,
            114,
            114,
        ),
        max_aspect_ratio=100,
        max_rotate_degree=0.0,
        max_shear_degree=0.0,
        scaling_ratio_range=(
            0.5,
            1.5,
        ),
        type='YOLOv5RandomAffine'),
]
albu_train_transforms = [
    dict(p=0.01, type='Blur'),
    dict(p=0.01, type='MedianBlur'),
    dict(p=0.01, type='ToGray'),
    dict(p=0.01, type='CLAHE'),
]
backend_args = None
base_lr = 0.01
batch_shapes_cfg = None
before_last_transformer = [
    dict(type='YOLOv5HSVRandomAug'),
    dict(prob=0.5, type='mmdet.RandomFlip'),
]
class_name = (
    'car',
    'person',
    'bicycle',
)
classes = (
    'car',
    'truck',
    'bus',
    'van',
    'freight_car',
)
close_mosaic_epochs = 10
custom_hooks = [
    dict(
        ema_type='ExpMomentumEMA',
        momentum=0.0001,
        priority=49,
        strict_load=False,
        type='EMAHook',
        update_buffers=True),
    dict(
        switch_epoch=190,
        switch_pipeline=[
            dict(backend_args=None, type='LoadImageFromFile'),
            dict(backend_args=None, type='LoadImageFromFile2'),
            dict(type='LoadAnnotations', with_bbox=True, with_mask=False),
            dict(
                transforms=[
                    dict(scale=(
                        640,
                        512,
                    ), type='YOLOv5KeepRatioResize'),
                    dict(
                        border_val=(
                            114,
                            114,
                            114,
                        ),
                        max_aspect_ratio=100,
                        max_rotate_degree=0.0,
                        max_shear_degree=0.0,
                        scaling_ratio_range=(
                            0.5,
                            1.5,
                        ),
                        type='YOLOv5RandomAffine'),
                ],
                type='Image2Broadcaster'),
            dict(
                bbox_params=dict(
                    format='pascal_voc',
                    label_fields=[
                        'gt_bboxes_labels',
                        'gt_ignore_flags',
                    ],
                    type='BboxParams'),
                keymap=dict(gt_bboxes='bboxes', img='image'),
                transforms=[
                    dict(p=0.01, type='Blur'),
                    dict(p=0.01, type='MedianBlur'),
                    dict(p=0.01, type='ToGray'),
                    dict(p=0.01, type='CLAHE'),
                ],
                type='Dual_Albu'),
            dict(
                transforms=[
                    dict(type='YOLOv5HSVRandomAug'),
                    dict(prob=0.5, type='mmdet.RandomFlip'),
                ],
                type='Image2Broadcaster'),
            dict(
                meta_keys=(
                    'img_id',
                    'img_path',
                    'ori_shape',
                    'img_shape',
                    'img_path2',
                    'ori_shape2',
                    'img_shape2',
                    'scale_factor',
                ),
                type='DoublePackDetInputs'),
        ],
        type='mmdet.PipelineSwitchHook'),
]
data_root = '/data/nl/mmdet2spectral/data/DroneVehicle_partion/'
dataset_type = 'DualStreamCocoDataset'
deepen_factor = 0.67
default_hooks = dict(
    checkpoint=dict(
        interval=1,
        max_keep_ckpts=3,
        save_best='coco/bbox_mAP_50',
        type='CheckpointHook'),
    logger=dict(interval=50, type='LoggerHook'),
    param_scheduler=dict(
        lr_factor=0.01,
        max_epochs=200,
        scheduler_type='linear',
        type='YOLOv5ParamSchedulerHook'),
    sampler_seed=dict(type='DistSamplerSeedHook'),
    timer=dict(type='IterTimerHook'),
    visualization=dict(type='mmdet.DetVisualizationHook'))
default_scope = 'mmyolo'
env_cfg = dict(
    cudnn_benchmark=True,
    dist_cfg=dict(backend='nccl'),
    mp_cfg=dict(mp_start_method='fork', opencv_num_threads=0))
img_scale = (
    640,
    512,
)
img_scales = [
    (
        640,
        640,
    ),
    (
        320,
        320,
    ),
    (
        960,
        960,
    ),
]
last_stage_out_channels = 1024
last_transform = [
    dict(
        bbox_params=dict(
            format='pascal_voc',
            label_fields=[
                'gt_bboxes_labels',
                'gt_ignore_flags',
            ],
            type='BboxParams'),
        keymap=dict(gt_bboxes='bboxes', img='image'),
        transforms=[
            dict(p=0.01, type='Blur'),
            dict(p=0.01, type='MedianBlur'),
            dict(p=0.01, type='ToGray'),
            dict(p=0.01, type='CLAHE'),
        ],
        type='Dual_Albu'),
    dict(
        transforms=[
            dict(type='YOLOv5HSVRandomAug'),
            dict(prob=0.5, type='mmdet.RandomFlip'),
        ],
        type='Image2Broadcaster'),
    dict(
        meta_keys=(
            'img_id',
            'img_path',
            'ori_shape',
            'img_shape',
            'img_path2',
            'ori_shape2',
            'img_shape2',
            'scale_factor',
        ),
        type='DoublePackDetInputs'),
]
launcher = 'none'
load_from = None
log_level = 'INFO'
log_processor = dict(by_epoch=True, type='LogProcessor', window_size=50)
loss_bbox_weight = 7.5
loss_cls_weight = 0.5
loss_dfl_weight = 0.375
lr_factor = 0.01
max_aspect_ratio = 100
max_epochs = 200
max_keep_ckpts = 3
metainfo = dict(
    classes=(
        'car',
        'truck',
        'bus',
        'van',
        'freight_car',
    ),
    palette=[
        (
            20,
            220,
            60,
        ),
        (
            119,
            11,
            32,
        ),
        (
            0,
            0,
            142,
        ),
        (
            106,
            0,
            228,
        ),
        (
            0,
            60,
            100,
        ),
    ])
model = dict(
    backbone=dict(
        act_cfg=dict(inplace=True, type='SiLU'),
        deepen_factor=0.67,
        fusion_block=dict(
            in_channels=[
                128,
                256,
                512,
            ],
            mamba_bi=[
                False,
                False,
                False,
            ],
            mamba_size=[
                (
                    128,
                    160,
                ),
                (
                    64,
                    80,
                ),
                (
                    32,
                    40,
                ),
            ],
            transformer_fusion=True,
            transformer_horz_anchor=[
                16,
                10,
                8,
            ],
            transformer_loops_num=1,
            transformer_mod_weight=True,
            transformer_vert_anchor=[
                16,
                10,
                8,
            ],
            type='MambaTransformerBlock'),
        fusion_flag=True,
        fusion_indices=(
            2,
            3,
            4,
        ),
        fusion_module=dict(in_channels=[
            128,
            256,
            512,
        ], type='BaseFusion'),
        head_input_module=dict(
            in_channels=[
                256,
                512,
                1024,
            ], type='BaseFusion'),
        input_channels=3,
        norm_cfg=dict(eps=0.001, momentum=0.03, type='BN'),
        out_indices=(
            2,
            3,
            4,
        ),
        stages=dict(
            settings=dict(
                act_cfg=dict(inplace=True, type='SiLU'),
                add_identity=[
                    True,
                    True,
                    True,
                    True,
                ],
                deepen_factor=0.67,
                in_channels=[
                    64,
                    128,
                    256,
                    512,
                ],
                norm_cfg=dict(eps=0.001, momentum=0.03, type='BN'),
                num_blocks=[
                    3,
                    6,
                    6,
                    3,
                ],
                out_channels=[
                    128,
                    256,
                    512,
                    1024,
                ],
                use_spp=[
                    False,
                    False,
                    False,
                    True,
                ],
                widen_factor=0.75),
            type='yoloV8CSPDarknet'),
        stem_block=dict(
            act_cfg=dict(inplace=True, type='SiLU'),
            in_channels=3,
            kernel_size=3,
            norm_cfg=dict(eps=0.001, momentum=0.03, type='BN'),
            out_channels=64,
            padding=1,
            stride=2,
            type='ConvStem',
            widen_factor=0.75),
        type='GeneralDualBackbone',
        widen_factor=0.75),
    bbox_head=dict(
        bbox_coder=dict(type='DistancePointBBoxCoder'),
        head_module=dict(
            act_cfg=dict(inplace=True, type='SiLU'),
            featmap_strides=[
                8,
                16,
                32,
            ],
            in_channels=[
                256,
                512,
                1024,
            ],
            norm_cfg=dict(eps=0.001, momentum=0.03, type='BN'),
            num_classes=5,
            reg_max=16,
            type='YOLOv8HeadModule',
            widen_factor=0.75),
        loss_bbox=dict(
            bbox_format='xyxy',
            iou_mode='ciou',
            loss_weight=7.5,
            reduction='sum',
            return_iou=False,
            type='IoULoss'),
        loss_cls=dict(
            loss_weight=0.5,
            reduction='none',
            type='mmdet.CrossEntropyLoss',
            use_sigmoid=True),
        loss_dfl=dict(
            loss_weight=0.375,
            reduction='mean',
            type='mmdet.DistributionFocalLoss'),
        prior_generator=dict(
            offset=0.5, strides=[
                8,
                16,
                32,
            ], type='mmdet.MlvlPointGenerator'),
        type='YOLOv8Head'),
    data_preprocessor=dict(
        bgr_to_rgb=True,
        mean=[
            123.675,
            116.28,
            103.53,
        ],
        std=[
            58.395,
            57.12,
            57.375,
        ],
        type='DualInputDetDataPreprocessor'),
    neck=dict(
        act_cfg=dict(inplace=True, type='SiLU'),
        deepen_factor=0.67,
        in_channels=[
            256,
            512,
            1024,
        ],
        norm_cfg=dict(eps=0.001, momentum=0.03, type='BN'),
        num_csp_blocks=3,
        out_channels=[
            256,
            512,
            1024,
        ],
        type='YOLOv8PAFPN',
        widen_factor=0.75),
    test_cfg=dict(
        max_per_img=300,
        multi_label=True,
        nms=dict(iou_threshold=0.7, type='nms'),
        nms_pre=30000,
        score_thr=0.001),
    train_cfg=dict(
        assigner=dict(
            alpha=0.5,
            beta=6.0,
            eps=1e-09,
            num_classes=5,
            topk=10,
            type='BatchTaskAlignedAssigner',
            use_ciou=True)),
    type='YOLODualNeckDetector')
model_test_cfg = dict(
    max_per_img=300,
    multi_label=True,
    nms=dict(iou_threshold=0.7, type='nms'),
    nms_pre=30000,
    score_thr=0.001)
norm_cfg = dict(eps=0.001, momentum=0.03, type='BN')
num_classes = 5
num_det_layers = 3
optim_wrapper = dict(
    clip_grad=dict(max_norm=10.0),
    constructor='YOLOv5OptimizerConstructor',
    optimizer=dict(
        batch_size_per_gpu=8,
        lr=0.01,
        momentum=0.937,
        nesterov=True,
        type='SGD',
        weight_decay=0.0005),
    type='OptimWrapper')
param_scheduler = None
persistent_workers = True
pre_transform = [
    dict(backend_args=None, type='LoadImageFromFile'),
    dict(backend_args=None, type='LoadImageFromFile2'),
    dict(type='LoadAnnotations', with_bbox=True, with_mask=False),
]
resume = True
save_epoch_intervals = 1
strides = [
    8,
    16,
    32,
]
tal_alpha = 0.5
tal_beta = 6.0
tal_topk = 10
test_cfg = dict(type='TestLoop')
test_dataloader = dict(
    batch_size=1,
    dataset=dict(
        ann_file='val.json',
        batch_shapes_cfg=None,
        data_prefix=dict(img='val/low/rgb'),
        data_root='/data/nl/mmdet2spectral/data/DroneVehicle_partion/',
        metainfo=dict(
            classes=(
                'car',
                'truck',
                'bus',
                'van',
                'freight_car',
            ),
            palette=[
                (
                    20,
                    220,
                    60,
                ),
                (
                    119,
                    11,
                    32,
                ),
                (
                    0,
                    0,
                    142,
                ),
                (
                    106,
                    0,
                    228,
                ),
                (
                    0,
                    60,
                    100,
                ),
            ]),
        pipeline=[
            dict(backend_args=None, type='LoadImageFromFile'),
            dict(backend_args=None, type='LoadImageFromFile2'),
            dict(_scope_='mmdet', type='LoadAnnotations', with_bbox=True),
            dict(
                transforms=[
                    dict(scale=(
                        640,
                        512,
                    ), type='YOLOv5KeepRatioResize'),
                ],
                type='Image2Broadcaster'),
            dict(
                meta_keys=(
                    'img_id',
                    'img_path',
                    'ori_shape',
                    'img_shape',
                    'img_path2',
                    'ori_shape2',
                    'img_shape2',
                    'scale_factor',
                ),
                type='DoublePackDetInputs'),
        ],
        test_mode=True,
        type='DualStreamCocoDataset'),
    drop_last=False,
    num_workers=2,
    persistent_workers=True,
    pin_memory=True,
    sampler=dict(shuffle=False, type='DefaultSampler'))
test_evaluator = dict(
    ann_file='/data/nl/mmdet2spectral/data/DroneVehicle_partion/val.json',
    classwise=True,
    metric='bbox',
    proposal_nums=(
        100,
        1,
        10,
    ),
    type='mmdet.CocoMetric')
test_pipeline = [
    dict(backend_args=None, type='LoadImageFromFile'),
    dict(backend_args=None, type='LoadImageFromFile2'),
    dict(_scope_='mmdet', type='LoadAnnotations', with_bbox=True),
    dict(
        transforms=[
            dict(scale=(
                640,
                512,
            ), type='YOLOv5KeepRatioResize'),
        ],
        type='Image2Broadcaster'),
    dict(
        meta_keys=(
            'img_id',
            'img_path',
            'ori_shape',
            'img_shape',
            'img_path2',
            'ori_shape2',
            'img_shape2',
            'scale_factor',
        ),
        type='DoublePackDetInputs'),
]
test_transformer = [
    dict(scale=(
        640,
        512,
    ), type='YOLOv5KeepRatioResize'),
]
train_ann_file = 'train.json'
train_batch_size_per_gpu = 8
train_cfg = dict(
    dynamic_intervals=[
        (
            190,
            1,
        ),
    ],
    max_epochs=200,
    type='EpochBasedTrainLoop',
    val_interval=1)
train_data_prefix = 'train/low/rgb'
train_dataloader = dict(
    batch_size=8,
    collate_fn=dict(type='dual_yolo_collate'),
    dataset=dict(
        ann_file='train.json',
        data_prefix=dict(img='train/low/rgb'),
        data_root='/data/nl/mmdet2spectral/data/DroneVehicle_partion/',
        filter_cfg=dict(filter_empty_gt=False, min_size=32),
        metainfo=dict(
            classes=(
                'car',
                'truck',
                'bus',
                'van',
                'freight_car',
            ),
            palette=[
                (
                    20,
                    220,
                    60,
                ),
                (
                    119,
                    11,
                    32,
                ),
                (
                    0,
                    0,
                    142,
                ),
                (
                    106,
                    0,
                    228,
                ),
                (
                    0,
                    60,
                    100,
                ),
            ]),
        pipeline=[
            dict(backend_args=None, type='LoadImageFromFile'),
            dict(backend_args=None, type='LoadImageFromFile2'),
            dict(type='LoadAnnotations', with_bbox=True, with_mask=False),
            dict(
                img_scale=(
                    640,
                    512,
                ),
                pad_val=114.0,
                pre_transform=[
                    dict(backend_args=None, type='LoadImageFromFile'),
                    dict(backend_args=None, type='LoadImageFromFile2'),
                    dict(
                        type='LoadAnnotations',
                        with_bbox=True,
                        with_mask=False),
                ],
                type='Dual_Mosaic',
                use_cached=False),
            dict(
                transforms=[
                    dict(
                        border=(
                            -320,
                            -256,
                        ),
                        border_val=(
                            114,
                            114,
                            114,
                        ),
                        max_aspect_ratio=100,
                        max_rotate_degree=0.0,
                        max_shear_degree=0.0,
                        scaling_ratio_range=(
                            0.5,
                            1.5,
                        ),
                        type='YOLOv5RandomAffine'),
                ],
                type='Image2Broadcaster'),
            dict(
                bbox_params=dict(
                    format='pascal_voc',
                    label_fields=[
                        'gt_bboxes_labels',
                        'gt_ignore_flags',
                    ],
                    type='BboxParams'),
                keymap=dict(gt_bboxes='bboxes', img='image'),
                transforms=[
                    dict(p=0.01, type='Blur'),
                    dict(p=0.01, type='MedianBlur'),
                    dict(p=0.01, type='ToGray'),
                    dict(p=0.01, type='CLAHE'),
                ],
                type='Dual_Albu'),
            dict(
                transforms=[
                    dict(type='YOLOv5HSVRandomAug'),
                    dict(prob=0.5, type='mmdet.RandomFlip'),
                ],
                type='Image2Broadcaster'),
            dict(
                meta_keys=(
                    'img_id',
                    'img_path',
                    'ori_shape',
                    'img_shape',
                    'img_path2',
                    'ori_shape2',
                    'img_shape2',
                    'scale_factor',
                ),
                type='DoublePackDetInputs'),
        ],
        type='DualStreamCocoDataset'),
    num_workers=8,
    persistent_workers=True,
    pin_memory=True,
    sampler=dict(shuffle=True, type='DefaultSampler'))
train_num_workers = 8
train_pipeline = [
    dict(backend_args=None, type='LoadImageFromFile'),
    dict(backend_args=None, type='LoadImageFromFile2'),
    dict(type='LoadAnnotations', with_bbox=True, with_mask=False),
    dict(
        img_scale=(
            640,
            512,
        ),
        pad_val=114.0,
        pre_transform=[
            dict(backend_args=None, type='LoadImageFromFile'),
            dict(backend_args=None, type='LoadImageFromFile2'),
            dict(type='LoadAnnotations', with_bbox=True, with_mask=False),
        ],
        type='Dual_Mosaic',
        use_cached=False),
    dict(
        transforms=[
            dict(
                border=(
                    -320,
                    -256,
                ),
                border_val=(
                    114,
                    114,
                    114,
                ),
                max_aspect_ratio=100,
                max_rotate_degree=0.0,
                max_shear_degree=0.0,
                scaling_ratio_range=(
                    0.5,
                    1.5,
                ),
                type='YOLOv5RandomAffine'),
        ],
        type='Image2Broadcaster'),
    dict(
        bbox_params=dict(
            format='pascal_voc',
            label_fields=[
                'gt_bboxes_labels',
                'gt_ignore_flags',
            ],
            type='BboxParams'),
        keymap=dict(gt_bboxes='bboxes', img='image'),
        transforms=[
            dict(p=0.01, type='Blur'),
            dict(p=0.01, type='MedianBlur'),
            dict(p=0.01, type='ToGray'),
            dict(p=0.01, type='CLAHE'),
        ],
        type='Dual_Albu'),
    dict(
        transforms=[
            dict(type='YOLOv5HSVRandomAug'),
            dict(prob=0.5, type='mmdet.RandomFlip'),
        ],
        type='Image2Broadcaster'),
    dict(
        meta_keys=(
            'img_id',
            'img_path',
            'ori_shape',
            'img_shape',
            'img_path2',
            'ori_shape2',
            'img_shape2',
            'scale_factor',
        ),
        type='DoublePackDetInputs'),
]
train_pipeline_stage2 = [
    dict(backend_args=None, type='LoadImageFromFile'),
    dict(backend_args=None, type='LoadImageFromFile2'),
    dict(type='LoadAnnotations', with_bbox=True, with_mask=False),
    dict(
        transforms=[
            dict(scale=(
                640,
                512,
            ), type='YOLOv5KeepRatioResize'),
            dict(
                border_val=(
                    114,
                    114,
                    114,
                ),
                max_aspect_ratio=100,
                max_rotate_degree=0.0,
                max_shear_degree=0.0,
                scaling_ratio_range=(
                    0.5,
                    1.5,
                ),
                type='YOLOv5RandomAffine'),
        ],
        type='Image2Broadcaster'),
    dict(
        bbox_params=dict(
            format='pascal_voc',
            label_fields=[
                'gt_bboxes_labels',
                'gt_ignore_flags',
            ],
            type='BboxParams'),
        keymap=dict(gt_bboxes='bboxes', img='image'),
        transforms=[
            dict(p=0.01, type='Blur'),
            dict(p=0.01, type='MedianBlur'),
            dict(p=0.01, type='ToGray'),
            dict(p=0.01, type='CLAHE'),
        ],
        type='Dual_Albu'),
    dict(
        transforms=[
            dict(type='YOLOv5HSVRandomAug'),
            dict(prob=0.5, type='mmdet.RandomFlip'),
        ],
        type='Image2Broadcaster'),
    dict(
        meta_keys=(
            'img_id',
            'img_path',
            'ori_shape',
            'img_shape',
            'img_path2',
            'ori_shape2',
            'img_shape2',
            'scale_factor',
        ),
        type='DoublePackDetInputs'),
]
train_stage2_transformer = [
    dict(scale=(
        640,
        512,
    ), type='YOLOv5KeepRatioResize'),
    dict(
        border_val=(
            114,
            114,
            114,
        ),
        max_aspect_ratio=100,
        max_rotate_degree=0.0,
        max_shear_degree=0.0,
        scaling_ratio_range=(
            0.5,
            1.5,
        ),
        type='YOLOv5RandomAffine'),
]
tta_model = dict(
    tta_cfg=dict(max_per_img=300, nms=dict(iou_threshold=0.65, type='nms')),
    type='mmdet.DetTTAModel')
tta_pipeline = [
    dict(backend_args=None, type='LoadImageFromFile'),
    dict(
        transforms=[
            [
                dict(
                    transforms=[
                        dict(scale=(
                            640,
                            640,
                        ), type='YOLOv5KeepRatioResize'),
                        dict(
                            allow_scale_up=False,
                            pad_val=dict(img=114),
                            scale=(
                                640,
                                640,
                            ),
                            type='LetterResize'),
                    ],
                    type='Compose'),
                dict(
                    transforms=[
                        dict(scale=(
                            320,
                            320,
                        ), type='YOLOv5KeepRatioResize'),
                        dict(
                            allow_scale_up=False,
                            pad_val=dict(img=114),
                            scale=(
                                320,
                                320,
                            ),
                            type='LetterResize'),
                    ],
                    type='Compose'),
                dict(
                    transforms=[
                        dict(scale=(
                            960,
                            960,
                        ), type='YOLOv5KeepRatioResize'),
                        dict(
                            allow_scale_up=False,
                            pad_val=dict(img=114),
                            scale=(
                                960,
                                960,
                            ),
                            type='LetterResize'),
                    ],
                    type='Compose'),
            ],
            [
                dict(prob=1.0, type='mmdet.RandomFlip'),
                dict(prob=0.0, type='mmdet.RandomFlip'),
            ],
            [
                dict(type='mmdet.LoadAnnotations', with_bbox=True),
            ],
            [
                dict(
                    meta_keys=(
                        'img_id',
                        'img_path',
                        'ori_shape',
                        'img_shape',
                        'scale_factor',
                        'pad_param',
                        'flip',
                        'flip_direction',
                    ),
                    type='mmdet.PackDetInputs'),
            ],
        ],
        type='TestTimeAug'),
]
val_ann_file = 'val.json'
val_batch_size_per_gpu = 1
val_cfg = dict(type='ValLoop')
val_data_prefix = 'val/low/rgb'
val_dataloader = dict(
    batch_size=1,
    dataset=dict(
        ann_file='val.json',
        batch_shapes_cfg=None,
        data_prefix=dict(img='val/low/rgb'),
        data_root='/data/nl/mmdet2spectral/data/DroneVehicle_partion/',
        metainfo=dict(
            classes=(
                'car',
                'truck',
                'bus',
                'van',
                'freight_car',
            ),
            palette=[
                (
                    20,
                    220,
                    60,
                ),
                (
                    119,
                    11,
                    32,
                ),
                (
                    0,
                    0,
                    142,
                ),
                (
                    106,
                    0,
                    228,
                ),
                (
                    0,
                    60,
                    100,
                ),
            ]),
        pipeline=[
            dict(backend_args=None, type='LoadImageFromFile'),
            dict(backend_args=None, type='LoadImageFromFile2'),
            dict(_scope_='mmdet', type='LoadAnnotations', with_bbox=True),
            dict(
                transforms=[
                    dict(scale=(
                        640,
                        512,
                    ), type='YOLOv5KeepRatioResize'),
                ],
                type='Image2Broadcaster'),
            dict(
                meta_keys=(
                    'img_id',
                    'img_path',
                    'ori_shape',
                    'img_shape',
                    'img_path2',
                    'ori_shape2',
                    'img_shape2',
                    'scale_factor',
                ),
                type='DoublePackDetInputs'),
        ],
        test_mode=True,
        type='DualStreamCocoDataset'),
    drop_last=False,
    num_workers=2,
    persistent_workers=True,
    pin_memory=True,
    sampler=dict(shuffle=False, type='DefaultSampler'))
val_evaluator = dict(
    ann_file='/data/nl/mmdet2spectral/data/DroneVehicle_partion/val.json',
    classwise=True,
    metric='bbox',
    proposal_nums=(
        100,
        1,
        10,
    ),
    type='mmdet.CocoMetric')
val_interval_stage2 = 1
val_num_workers = 2
vis_backends = [
    dict(type='LocalVisBackend'),
]
visualizer = dict(
    name='visualizer',
    type='mmdet.DetLocalVisualizer',
    vis_backends=[
        dict(type='LocalVisBackend'),
    ])
weight_decay = 0.0005
widen_factor = 0.75
work_dir = 'work_dirs/DroneVehicle/2025_06_22/yolov8_mambatransformer'

2025/06/24 13:35:46 - mmengine - INFO - Distributed training is not used, all SyncBatchNorm (SyncBN) layers in the model will be automatically reverted to BatchNormXd layers if they are used.
2025/06/24 13:35:46 - mmengine - INFO - Hooks will be executed in the following order:
before_run:
(VERY_HIGH   ) RuntimeInfoHook                    
(49          ) EMAHook                            
(BELOW_NORMAL) LoggerHook                         
 -------------------- 
after_load_checkpoint:
(49          ) EMAHook                            
 -------------------- 
before_train:
(9           ) YOLOv5ParamSchedulerHook           
(VERY_HIGH   ) RuntimeInfoHook                    
(49          ) EMAHook                            
(NORMAL      ) IterTimerHook                      
(VERY_LOW    ) CheckpointHook                     
 -------------------- 
before_train_epoch:
(VERY_HIGH   ) RuntimeInfoHook                    
(NORMAL      ) IterTimerHook                      
(NORMAL      ) DistSamplerSeedHook                
(NORMAL      ) PipelineSwitchHook                 
 -------------------- 
before_train_iter:
(9           ) YOLOv5ParamSchedulerHook           
(VERY_HIGH   ) RuntimeInfoHook                    
(NORMAL      ) IterTimerHook                      
 -------------------- 
after_train_iter:
(9           ) YOLOv5ParamSchedulerHook           
(VERY_HIGH   ) RuntimeInfoHook                    
(49          ) EMAHook                            
(NORMAL      ) IterTimerHook                      
(BELOW_NORMAL) LoggerHook                         
(VERY_LOW    ) CheckpointHook                     
 -------------------- 
after_train_epoch:
(9           ) YOLOv5ParamSchedulerHook           
(NORMAL      ) IterTimerHook                      
(VERY_LOW    ) CheckpointHook                     
 -------------------- 
before_val:
(VERY_HIGH   ) RuntimeInfoHook                    
 -------------------- 
before_val_epoch:
(49          ) EMAHook                            
(NORMAL      ) IterTimerHook                      
 -------------------- 
before_val_iter:
(NORMAL      ) IterTimerHook                      
 -------------------- 
after_val_iter:
(NORMAL      ) IterTimerHook                      
(NORMAL      ) DetVisualizationHook               
(BELOW_NORMAL) LoggerHook                         
 -------------------- 
after_val_epoch:
(9           ) YOLOv5ParamSchedulerHook           
(VERY_HIGH   ) RuntimeInfoHook                    
(49          ) EMAHook                            
(NORMAL      ) IterTimerHook                      
(BELOW_NORMAL) LoggerHook                         
(VERY_LOW    ) CheckpointHook                     
 -------------------- 
after_val:
(VERY_HIGH   ) RuntimeInfoHook                    
 -------------------- 
before_save_checkpoint:
(49          ) EMAHook                            
 -------------------- 
after_train:
(VERY_HIGH   ) RuntimeInfoHook                    
(VERY_LOW    ) CheckpointHook                     
 -------------------- 
before_test:
(VERY_HIGH   ) RuntimeInfoHook                    
 -------------------- 
before_test_epoch:
(49          ) EMAHook                            
(NORMAL      ) IterTimerHook                      
 -------------------- 
before_test_iter:
(NORMAL      ) IterTimerHook                      
 -------------------- 
after_test_iter:
(NORMAL      ) IterTimerHook                      
(NORMAL      ) DetVisualizationHook               
(BELOW_NORMAL) LoggerHook                         
 -------------------- 
after_test_epoch:
(VERY_HIGH   ) RuntimeInfoHook                    
(49          ) EMAHook                            
(NORMAL      ) IterTimerHook                      
(BELOW_NORMAL) LoggerHook                         
 -------------------- 
after_test:
(VERY_HIGH   ) RuntimeInfoHook                    
 -------------------- 
after_run:
(BELOW_NORMAL) LoggerHook                         
 -------------------- 
2025/06/24 13:35:48 - mmengine - INFO - Optimizer groups: 227 .bias, 224 conv.weight, 128 other
Name of parameter - Initialization information

backbone.stem_1.conv.conv.weight - torch.Size([48, 3, 3, 3]): 
Initialized by user-defined `init_weights` in ConvModule  

backbone.stem_1.conv.bn.weight - torch.Size([48]): 
The value is the same before and after calling `init_weights` of YOLODualNeckDetector  

backbone.stem_1.conv.bn.bias - torch.Size([48]): 
The value is the same before and after calling `init_weights` of YOLODualNeckDetector  

backbone.stem_2.conv.conv.weight - torch.Size([48, 3, 3, 3]): 
Initialized by user-defined `init_weights` in ConvModule  

backbone.stem_2.conv.bn.weight - torch.Size([48]): 
The value is the same before and after calling `init_weights` of YOLODualNeckDetector  

backbone.stem_2.conv.bn.bias - torch.Size([48]): 
The value is the same before and after calling `init_weights` of YOLODualNeckDetector  

backbone.stage1_1.0.conv.weight - torch.Size([96, 48, 3, 3]): 
The value is the same before and after calling `init_weights` of YOLODualNeckDetector  

backbone.stage1_1.0.bn.weight - torch.Size([96]): 
The value is the same before and after calling `init_weights` of YOLODualNeckDetector  

backbone.stage1_1.0.bn.bias - torch.Size([96]): 
The value is the same before and after calling `init_weights` of YOLODualNeckDetector  

backbone.stage1_1.1.main_conv.conv.weight - torch.Size([96, 96, 1, 1]): 
The value is the same before and after calling `init_weights` of YOLODualNeckDetector  

backbone.stage1_1.1.main_conv.bn.weight - torch.Size([96]): 
The value is the same before and after calling `init_weights` of YOLODualNeckDetector  

backbone.stage1_1.1.main_conv.bn.bias - torch.Size([96]): 
The value is the same before and after calling `init_weights` of YOLODualNeckDetector  

backbone.stage1_1.1.final_conv.conv.weight - torch.Size([96, 192, 1, 1]): 
The value is the same before and after calling `init_weights` of YOLODualNeckDetector  

backbone.stage1_1.1.final_conv.bn.weight - torch.Size([96]): 
The value is the same before and after calling `init_weights` of YOLODualNeckDetector  

backbone.stage1_1.1.final_conv.bn.bias - torch.Size([96]): 
The value is the same before and after calling `init_weights` of YOLODualNeckDetector  

backbone.stage1_1.1.blocks.0.conv1.conv.weight - torch.Size([48, 48, 3, 3]): 
The value is the same before and after calling `init_weights` of YOLODualNeckDetector  

backbone.stage1_1.1.blocks.0.conv1.bn.weight - torch.Size([48]): 
The value is the same before and after calling `init_weights` of YOLODualNeckDetector  

backbone.stage1_1.1.blocks.0.conv1.bn.bias - torch.Size([48]): 
The value is the same before and after calling `init_weights` of YOLODualNeckDetector  

backbone.stage1_1.1.blocks.0.conv2.conv.weight - torch.Size([48, 48, 3, 3]): 
The value is the same before and after calling `init_weights` of YOLODualNeckDetector  

backbone.stage1_1.1.blocks.0.conv2.bn.weight - torch.Size([48]): 
The value is the same before and after calling `init_weights` of YOLODualNeckDetector  

backbone.stage1_1.1.blocks.0.conv2.bn.bias - torch.Size([48]): 
The value is the same before and after calling `init_weights` of YOLODualNeckDetector  

backbone.stage1_1.1.blocks.1.conv1.conv.weight - torch.Size([48, 48, 3, 3]): 
The value is the same before and after calling `init_weights` of YOLODualNeckDetector  

backbone.stage1_1.1.blocks.1.conv1.bn.weight - torch.Size([48]): 
The value is the same before and after calling `init_weights` of YOLODualNeckDetector  

backbone.stage1_1.1.blocks.1.conv1.bn.bias - torch.Size([48]): 
The value is the same before and after calling `init_weights` of YOLODualNeckDetector  

backbone.stage1_1.1.blocks.1.conv2.conv.weight - torch.Size([48, 48, 3, 3]): 
The value is the same before and after calling `init_weights` of YOLODualNeckDetector  

backbone.stage1_1.1.blocks.1.conv2.bn.weight - torch.Size([48]): 
The value is the same before and after calling `init_weights` of YOLODualNeckDetector  

backbone.stage1_1.1.blocks.1.conv2.bn.bias - torch.Size([48]): 
The value is the same before and after calling `init_weights` of YOLODualNeckDetector  

backbone.stage1_2.0.conv.weight - torch.Size([96, 48, 3, 3]): 
The value is the same before and after calling `init_weights` of YOLODualNeckDetector  

backbone.stage1_2.0.bn.weight - torch.Size([96]): 
The value is the same before and after calling `init_weights` of YOLODualNeckDetector  

backbone.stage1_2.0.bn.bias - torch.Size([96]): 
The value is the same before and after calling `init_weights` of YOLODualNeckDetector  

backbone.stage1_2.1.main_conv.conv.weight - torch.Size([96, 96, 1, 1]): 
The value is the same before and after calling `init_weights` of YOLODualNeckDetector  

backbone.stage1_2.1.main_conv.bn.weight - torch.Size([96]): 
The value is the same before and after calling `init_weights` of YOLODualNeckDetector  

backbone.stage1_2.1.main_conv.bn.bias - torch.Size([96]): 
The value is the same before and after calling `init_weights` of YOLODualNeckDetector  

backbone.stage1_2.1.final_conv.conv.weight - torch.Size([96, 192, 1, 1]): 
The value is the same before and after calling `init_weights` of YOLODualNeckDetector  

backbone.stage1_2.1.final_conv.bn.weight - torch.Size([96]): 
The value is the same before and after calling `init_weights` of YOLODualNeckDetector  

backbone.stage1_2.1.final_conv.bn.bias - torch.Size([96]): 
The value is the same before and after calling `init_weights` of YOLODualNeckDetector  

backbone.stage1_2.1.blocks.0.conv1.conv.weight - torch.Size([48, 48, 3, 3]): 
The value is the same before and after calling `init_weights` of YOLODualNeckDetector  

backbone.stage1_2.1.blocks.0.conv1.bn.weight - torch.Size([48]): 
The value is the same before and after calling `init_weights` of YOLODualNeckDetector  

backbone.stage1_2.1.blocks.0.conv1.bn.bias - torch.Size([48]): 
The value is the same before and after calling `init_weights` of YOLODualNeckDetector  

backbone.stage1_2.1.blocks.0.conv2.conv.weight - torch.Size([48, 48, 3, 3]): 
The value is the same before and after calling `init_weights` of YOLODualNeckDetector  

backbone.stage1_2.1.blocks.0.conv2.bn.weight - torch.Size([48]): 
The value is the same before and after calling `init_weights` of YOLODualNeckDetector  

backbone.stage1_2.1.blocks.0.conv2.bn.bias - torch.Size([48]): 
The value is the same before and after calling `init_weights` of YOLODualNeckDetector  

backbone.stage1_2.1.blocks.1.conv1.conv.weight - torch.Size([48, 48, 3, 3]): 
The value is the same before and after calling `init_weights` of YOLODualNeckDetector  

backbone.stage1_2.1.blocks.1.conv1.bn.weight - torch.Size([48]): 
The value is the same before and after calling `init_weights` of YOLODualNeckDetector  

backbone.stage1_2.1.blocks.1.conv1.bn.bias - torch.Size([48]): 
The value is the same before and after calling `init_weights` of YOLODualNeckDetector  

backbone.stage1_2.1.blocks.1.conv2.conv.weight - torch.Size([48, 48, 3, 3]): 
The value is the same before and after calling `init_weights` of YOLODualNeckDetector  

backbone.stage1_2.1.blocks.1.conv2.bn.weight - torch.Size([48]): 
The value is the same before and after calling `init_weights` of YOLODualNeckDetector  

backbone.stage1_2.1.blocks.1.conv2.bn.bias - torch.Size([48]): 
The value is the same before and after calling `init_weights` of YOLODualNeckDetector  

backbone.stage2_1.0.conv.weight - torch.Size([192, 96, 3, 3]): 
The value is the same before and after calling `init_weights` of YOLODualNeckDetector  

backbone.stage2_1.0.bn.weight - torch.Size([192]): 
The value is the same before and after calling `init_weights` of YOLODualNeckDetector  

backbone.stage2_1.0.bn.bias - torch.Size([192]): 
The value is the same before and after calling `init_weights` of YOLODualNeckDetector  

backbone.stage2_1.1.main_conv.conv.weight - torch.Size([192, 192, 1, 1]): 
The value is the same before and after calling `init_weights` of YOLODualNeckDetector  

backbone.stage2_1.1.main_conv.bn.weight - torch.Size([192]): 
The value is the same before and after calling `init_weights` of YOLODualNeckDetector  

backbone.stage2_1.1.main_conv.bn.bias - torch.Size([192]): 
The value is the same before and after calling `init_weights` of YOLODualNeckDetector  

backbone.stage2_1.1.final_conv.conv.weight - torch.Size([192, 576, 1, 1]): 
The value is the same before and after calling `init_weights` of YOLODualNeckDetector  

backbone.stage2_1.1.final_conv.bn.weight - torch.Size([192]): 
The value is the same before and after calling `init_weights` of YOLODualNeckDetector  

backbone.stage2_1.1.final_conv.bn.bias - torch.Size([192]): 
The value is the same before and after calling `init_weights` of YOLODualNeckDetector  

backbone.stage2_1.1.blocks.0.conv1.conv.weight - torch.Size([96, 96, 3, 3]): 
The value is the same before and after calling `init_weights` of YOLODualNeckDetector  

backbone.stage2_1.1.blocks.0.conv1.bn.weight - torch.Size([96]): 
The value is the same before and after calling `init_weights` of YOLODualNeckDetector  

backbone.stage2_1.1.blocks.0.conv1.bn.bias - torch.Size([96]): 
The value is the same before and after calling `init_weights` of YOLODualNeckDetector  

backbone.stage2_1.1.blocks.0.conv2.conv.weight - torch.Size([96, 96, 3, 3]): 
The value is the same before and after calling `init_weights` of YOLODualNeckDetector  

backbone.stage2_1.1.blocks.0.conv2.bn.weight - torch.Size([96]): 
The value is the same before and after calling `init_weights` of YOLODualNeckDetector  

backbone.stage2_1.1.blocks.0.conv2.bn.bias - torch.Size([96]): 
The value is the same before and after calling `init_weights` of YOLODualNeckDetector  

backbone.stage2_1.1.blocks.1.conv1.conv.weight - torch.Size([96, 96, 3, 3]): 
The value is the same before and after calling `init_weights` of YOLODualNeckDetector  

backbone.stage2_1.1.blocks.1.conv1.bn.weight - torch.Size([96]): 
The value is the same before and after calling `init_weights` of YOLODualNeckDetector  

backbone.stage2_1.1.blocks.1.conv1.bn.bias - torch.Size([96]): 
The value is the same before and after calling `init_weights` of YOLODualNeckDetector  

backbone.stage2_1.1.blocks.1.conv2.conv.weight - torch.Size([96, 96, 3, 3]): 
The value is the same before and after calling `init_weights` of YOLODualNeckDetector  

backbone.stage2_1.1.blocks.1.conv2.bn.weight - torch.Size([96]): 
The value is the same before and after calling `init_weights` of YOLODualNeckDetector  

backbone.stage2_1.1.blocks.1.conv2.bn.bias - torch.Size([96]): 
The value is the same before and after calling `init_weights` of YOLODualNeckDetector  

backbone.stage2_1.1.blocks.2.conv1.conv.weight - torch.Size([96, 96, 3, 3]): 
The value is the same before and after calling `init_weights` of YOLODualNeckDetector  

backbone.stage2_1.1.blocks.2.conv1.bn.weight - torch.Size([96]): 
The value is the same before and after calling `init_weights` of YOLODualNeckDetector  

backbone.stage2_1.1.blocks.2.conv1.bn.bias - torch.Size([96]): 
The value is the same before and after calling `init_weights` of YOLODualNeckDetector  

backbone.stage2_1.1.blocks.2.conv2.conv.weight - torch.Size([96, 96, 3, 3]): 
The value is the same before and after calling `init_weights` of YOLODualNeckDetector  

backbone.stage2_1.1.blocks.2.conv2.bn.weight - torch.Size([96]): 
The value is the same before and after calling `init_weights` of YOLODualNeckDetector  

backbone.stage2_1.1.blocks.2.conv2.bn.bias - torch.Size([96]): 
The value is the same before and after calling `init_weights` of YOLODualNeckDetector  

backbone.stage2_1.1.blocks.3.conv1.conv.weight - torch.Size([96, 96, 3, 3]): 
The value is the same before and after calling `init_weights` of YOLODualNeckDetector  

backbone.stage2_1.1.blocks.3.conv1.bn.weight - torch.Size([96]): 
The value is the same before and after calling `init_weights` of YOLODualNeckDetector  

backbone.stage2_1.1.blocks.3.conv1.bn.bias - torch.Size([96]): 
The value is the same before and after calling `init_weights` of YOLODualNeckDetector  

backbone.stage2_1.1.blocks.3.conv2.conv.weight - torch.Size([96, 96, 3, 3]): 
The value is the same before and after calling `init_weights` of YOLODualNeckDetector  

backbone.stage2_1.1.blocks.3.conv2.bn.weight - torch.Size([96]): 
The value is the same before and after calling `init_weights` of YOLODualNeckDetector  

backbone.stage2_1.1.blocks.3.conv2.bn.bias - torch.Size([96]): 
The value is the same before and after calling `init_weights` of YOLODualNeckDetector  

backbone.stage2_2.0.conv.weight - torch.Size([192, 96, 3, 3]): 
The value is the same before and after calling `init_weights` of YOLODualNeckDetector  

backbone.stage2_2.0.bn.weight - torch.Size([192]): 
The value is the same before and after calling `init_weights` of YOLODualNeckDetector  

backbone.stage2_2.0.bn.bias - torch.Size([192]): 
The value is the same before and after calling `init_weights` of YOLODualNeckDetector  

backbone.stage2_2.1.main_conv.conv.weight - torch.Size([192, 192, 1, 1]): 
The value is the same before and after calling `init_weights` of YOLODualNeckDetector  

backbone.stage2_2.1.main_conv.bn.weight - torch.Size([192]): 
The value is the same before and after calling `init_weights` of YOLODualNeckDetector  

backbone.stage2_2.1.main_conv.bn.bias - torch.Size([192]): 
The value is the same before and after calling `init_weights` of YOLODualNeckDetector  

backbone.stage2_2.1.final_conv.conv.weight - torch.Size([192, 576, 1, 1]): 
The value is the same before and after calling `init_weights` of YOLODualNeckDetector  

backbone.stage2_2.1.final_conv.bn.weight - torch.Size([192]): 
The value is the same before and after calling `init_weights` of YOLODualNeckDetector  

backbone.stage2_2.1.final_conv.bn.bias - torch.Size([192]): 
The value is the same before and after calling `init_weights` of YOLODualNeckDetector  

backbone.stage2_2.1.blocks.0.conv1.conv.weight - torch.Size([96, 96, 3, 3]): 
The value is the same before and after calling `init_weights` of YOLODualNeckDetector  

backbone.stage2_2.1.blocks.0.conv1.bn.weight - torch.Size([96]): 
The value is the same before and after calling `init_weights` of YOLODualNeckDetector  

backbone.stage2_2.1.blocks.0.conv1.bn.bias - torch.Size([96]): 
The value is the same before and after calling `init_weights` of YOLODualNeckDetector  

backbone.stage2_2.1.blocks.0.conv2.conv.weight - torch.Size([96, 96, 3, 3]): 
The value is the same before and after calling `init_weights` of YOLODualNeckDetector  

backbone.stage2_2.1.blocks.0.conv2.bn.weight - torch.Size([96]): 
The value is the same before and after calling `init_weights` of YOLODualNeckDetector  

backbone.stage2_2.1.blocks.0.conv2.bn.bias - torch.Size([96]): 
The value is the same before and after calling `init_weights` of YOLODualNeckDetector  

backbone.stage2_2.1.blocks.1.conv1.conv.weight - torch.Size([96, 96, 3, 3]): 
The value is the same before and after calling `init_weights` of YOLODualNeckDetector  

backbone.stage2_2.1.blocks.1.conv1.bn.weight - torch.Size([96]): 
The value is the same before and after calling `init_weights` of YOLODualNeckDetector  

backbone.stage2_2.1.blocks.1.conv1.bn.bias - torch.Size([96]): 
The value is the same before and after calling `init_weights` of YOLODualNeckDetector  

backbone.stage2_2.1.blocks.1.conv2.conv.weight - torch.Size([96, 96, 3, 3]): 
The value is the same before and after calling `init_weights` of YOLODualNeckDetector  

backbone.stage2_2.1.blocks.1.conv2.bn.weight - torch.Size([96]): 
The value is the same before and after calling `init_weights` of YOLODualNeckDetector  

backbone.stage2_2.1.blocks.1.conv2.bn.bias - torch.Size([96]): 
The value is the same before and after calling `init_weights` of YOLODualNeckDetector  

backbone.stage2_2.1.blocks.2.conv1.conv.weight - torch.Size([96, 96, 3, 3]): 
The value is the same before and after calling `init_weights` of YOLODualNeckDetector  

backbone.stage2_2.1.blocks.2.conv1.bn.weight - torch.Size([96]): 
The value is the same before and after calling `init_weights` of YOLODualNeckDetector  

backbone.stage2_2.1.blocks.2.conv1.bn.bias - torch.Size([96]): 
The value is the same before and after calling `init_weights` of YOLODualNeckDetector  

backbone.stage2_2.1.blocks.2.conv2.conv.weight - torch.Size([96, 96, 3, 3]): 
The value is the same before and after calling `init_weights` of YOLODualNeckDetector  

backbone.stage2_2.1.blocks.2.conv2.bn.weight - torch.Size([96]): 
The value is the same before and after calling `init_weights` of YOLODualNeckDetector  

backbone.stage2_2.1.blocks.2.conv2.bn.bias - torch.Size([96]): 
The value is the same before and after calling `init_weights` of YOLODualNeckDetector  

backbone.stage2_2.1.blocks.3.conv1.conv.weight - torch.Size([96, 96, 3, 3]): 
The value is the same before and after calling `init_weights` of YOLODualNeckDetector  

backbone.stage2_2.1.blocks.3.conv1.bn.weight - torch.Size([96]): 
The value is the same before and after calling `init_weights` of YOLODualNeckDetector  

backbone.stage2_2.1.blocks.3.conv1.bn.bias - torch.Size([96]): 
The value is the same before and after calling `init_weights` of YOLODualNeckDetector  

backbone.stage2_2.1.blocks.3.conv2.conv.weight - torch.Size([96, 96, 3, 3]): 
The value is the same before and after calling `init_weights` of YOLODualNeckDetector  

backbone.stage2_2.1.blocks.3.conv2.bn.weight - torch.Size([96]): 
The value is the same before and after calling `init_weights` of YOLODualNeckDetector  

backbone.stage2_2.1.blocks.3.conv2.bn.bias - torch.Size([96]): 
The value is the same before and after calling `init_weights` of YOLODualNeckDetector  

backbone.fusion_block2.pos_embed_r - torch.Size([1, 64, 96]): 
The value is the same before and after calling `init_weights` of YOLODualNeckDetector  

backbone.fusion_block2.pos_embed_t - torch.Size([1, 64, 96]): 
The value is the same before and after calling `init_weights` of YOLODualNeckDetector  

backbone.fusion_block2.patch_embed.proj.weight - torch.Size([96, 96, 16, 20]): 
The value is the same before and after calling `init_weights` of YOLODualNeckDetector  

backbone.fusion_block2.patch_embed.proj.bias - torch.Size([96]): 
The value is the same before and after calling `init_weights` of YOLODualNeckDetector  

backbone.fusion_block2.mamba_fusion_stage.in_proj_r.weight - torch.Size([384, 96]): 
The value is the same before and after calling `init_weights` of YOLODualNeckDetector  

backbone.fusion_block2.mamba_fusion_stage.in_proj_t.weight - torch.Size([384, 96]): 
The value is the same before and after calling `init_weights` of YOLODualNeckDetector  

backbone.fusion_block2.mamba_fusion_stage.conv2d_r.0.weight - torch.Size([192, 1, 3, 3]): 
The value is the same before and after calling `init_weights` of YOLODualNeckDetector  

backbone.fusion_block2.mamba_fusion_stage.conv2d_r.0.bias - torch.Size([192]): 
The value is the same before and after calling `init_weights` of YOLODualNeckDetector  

backbone.fusion_block2.mamba_fusion_stage.conv2d_r.1.weight - torch.Size([192]): 
The value is the same before and after calling `init_weights` of YOLODualNeckDetector  

backbone.fusion_block2.mamba_fusion_stage.conv2d_r.1.bias - torch.Size([192]): 
The value is the same before and after calling `init_weights` of YOLODualNeckDetector  

backbone.fusion_block2.mamba_fusion_stage.conv2d_t.0.weight - torch.Size([192, 1, 3, 3]): 
The value is the same before and after calling `init_weights` of YOLODualNeckDetector  

backbone.fusion_block2.mamba_fusion_stage.conv2d_t.0.bias - torch.Size([192]): 
The value is the same before and after calling `init_weights` of YOLODualNeckDetector  

backbone.fusion_block2.mamba_fusion_stage.conv2d_t.1.weight - torch.Size([192]): 
The value is the same before and after calling `init_weights` of YOLODualNeckDetector  

backbone.fusion_block2.mamba_fusion_stage.conv2d_t.1.bias - torch.Size([192]): 
The value is the same before and after calling `init_weights` of YOLODualNeckDetector  

backbone.fusion_block2.mamba_fusion_stage.SSM_r_f.A_log - torch.Size([192, 32]): 
The value is the same before and after calling `init_weights` of YOLODualNeckDetector  

backbone.fusion_block2.mamba_fusion_stage.SSM_r_f.D - torch.Size([192]): 
The value is the same before and after calling `init_weights` of YOLODualNeckDetector  

backbone.fusion_block2.mamba_fusion_stage.SSM_r_f.x_proj.weight - torch.Size([76, 192]): 
The value is the same before and after calling `init_weights` of YOLODualNeckDetector  

backbone.fusion_block2.mamba_fusion_stage.SSM_r_f.dt_proj.weight - torch.Size([192, 12]): 
The value is the same before and after calling `init_weights` of YOLODualNeckDetector  

backbone.fusion_block2.mamba_fusion_stage.SSM_r_f.dt_proj.bias - torch.Size([192]): 
The value is the same before and after calling `init_weights` of YOLODualNeckDetector  

backbone.fusion_block2.mamba_fusion_stage.SSM_r_f.out_norm.weight - torch.Size([192]): 
The value is the same before and after calling `init_weights` of YOLODualNeckDetector  

backbone.fusion_block2.mamba_fusion_stage.SSM_r_f.out_norm.bias - torch.Size([192]): 
The value is the same before and after calling `init_weights` of YOLODualNeckDetector  

backbone.fusion_block2.mamba_fusion_stage.SSM_t_f.A_log - torch.Size([192, 32]): 
The value is the same before and after calling `init_weights` of YOLODualNeckDetector  

backbone.fusion_block2.mamba_fusion_stage.SSM_t_f.D - torch.Size([192]): 
The value is the same before and after calling `init_weights` of YOLODualNeckDetector  

backbone.fusion_block2.mamba_fusion_stage.SSM_t_f.x_proj.weight - torch.Size([76, 192]): 
The value is the same before and after calling `init_weights` of YOLODualNeckDetector  

backbone.fusion_block2.mamba_fusion_stage.SSM_t_f.dt_proj.weight - torch.Size([192, 12]): 
The value is the same before and after calling `init_weights` of YOLODualNeckDetector  

backbone.fusion_block2.mamba_fusion_stage.SSM_t_f.dt_proj.bias - torch.Size([192]): 
The value is the same before and after calling `init_weights` of YOLODualNeckDetector  

backbone.fusion_block2.mamba_fusion_stage.SSM_t_f.out_norm.weight - torch.Size([192]): 
The value is the same before and after calling `init_weights` of YOLODualNeckDetector  

backbone.fusion_block2.mamba_fusion_stage.SSM_t_f.out_norm.bias - torch.Size([192]): 
The value is the same before and after calling `init_weights` of YOLODualNeckDetector  

backbone.fusion_block2.mamba_fusion_stage.out_proj.weight - torch.Size([96, 192]): 
The value is the same before and after calling `init_weights` of YOLODualNeckDetector  

backbone.fusion_block2.transformer_fusion_stage.block.pos_emb_vis - torch.Size([1, 256, 96]): 
The value is the same before and after calling `init_weights` of YOLODualNeckDetector  

backbone.fusion_block2.transformer_fusion_stage.block.pos_emb_ir - torch.Size([1, 256, 96]): 
The value is the same before and after calling `init_weights` of YOLODualNeckDetector  

backbone.fusion_block2.transformer_fusion_stage.block.vis_pool_weights.w1 - torch.Size([1]): 
The value is the same before and after calling `init_weights` of YOLODualNeckDetector  

backbone.fusion_block2.transformer_fusion_stage.block.vis_pool_weights.w2 - torch.Size([1]): 
The value is the same before and after calling `init_weights` of YOLODualNeckDetector  

backbone.fusion_block2.transformer_fusion_stage.block.ir_pool_weights.w1 - torch.Size([1]): 
The value is the same before and after calling `init_weights` of YOLODualNeckDetector  

backbone.fusion_block2.transformer_fusion_stage.block.ir_pool_weights.w2 - torch.Size([1]): 
The value is the same before and after calling `init_weights` of YOLODualNeckDetector  

backbone.fusion_block2.transformer_fusion_stage.block.crosstransformer.0.ln1_vis.weight - torch.Size([96]): 
The value is the same before and after calling `init_weights` of YOLODualNeckDetector  

backbone.fusion_block2.transformer_fusion_stage.block.crosstransformer.0.ln1_vis.bias - torch.Size([96]): 
The value is the same before and after calling `init_weights` of YOLODualNeckDetector  

backbone.fusion_block2.transformer_fusion_stage.block.crosstransformer.0.ln1_ir.weight - torch.Size([96]): 
The value is the same before and after calling `init_weights` of YOLODualNeckDetector  

backbone.fusion_block2.transformer_fusion_stage.block.crosstransformer.0.ln1_ir.bias - torch.Size([96]): 
The value is the same before and after calling `init_weights` of YOLODualNeckDetector  

backbone.fusion_block2.transformer_fusion_stage.block.crosstransformer.0.que_proj_vis.weight - torch.Size([96, 96]): 
The value is the same before and after calling `init_weights` of YOLODualNeckDetector  

backbone.fusion_block2.transformer_fusion_stage.block.crosstransformer.0.que_proj_vis.bias - torch.Size([96]): 
The value is the same before and after calling `init_weights` of YOLODualNeckDetector  

backbone.fusion_block2.transformer_fusion_stage.block.crosstransformer.0.key_proj_vis.weight - torch.Size([96, 96]): 
The value is the same before and after calling `init_weights` of YOLODualNeckDetector  

backbone.fusion_block2.transformer_fusion_stage.block.crosstransformer.0.key_proj_vis.bias - torch.Size([96]): 
The value is the same before and after calling `init_weights` of YOLODualNeckDetector  

backbone.fusion_block2.transformer_fusion_stage.block.crosstransformer.0.val_proj_vis.weight - torch.Size([96, 96]): 
The value is the same before and after calling `init_weights` of YOLODualNeckDetector  

backbone.fusion_block2.transformer_fusion_stage.block.crosstransformer.0.val_proj_vis.bias - torch.Size([96]): 
The value is the same before and after calling `init_weights` of YOLODualNeckDetector  

backbone.fusion_block2.transformer_fusion_stage.block.crosstransformer.0.que_proj_ir.weight - torch.Size([96, 96]): 
The value is the same before and after calling `init_weights` of YOLODualNeckDetector  

backbone.fusion_block2.transformer_fusion_stage.block.crosstransformer.0.que_proj_ir.bias - torch.Size([96]): 
The value is the same before and after calling `init_weights` of YOLODualNeckDetector  

backbone.fusion_block2.transformer_fusion_stage.block.crosstransformer.0.key_proj_ir.weight - torch.Size([96, 96]): 
The value is the same before and after calling `init_weights` of YOLODualNeckDetector  

backbone.fusion_block2.transformer_fusion_stage.block.crosstransformer.0.key_proj_ir.bias - torch.Size([96]): 
The value is the same before and after calling `init_weights` of YOLODualNeckDetector  

backbone.fusion_block2.transformer_fusion_stage.block.crosstransformer.0.val_proj_ir.weight - torch.Size([96, 96]): 
The value is the same before and after calling `init_weights` of YOLODualNeckDetector  

backbone.fusion_block2.transformer_fusion_stage.block.crosstransformer.0.val_proj_ir.bias - torch.Size([96]): 
The value is the same before and after calling `init_weights` of YOLODualNeckDetector  

backbone.fusion_block2.transformer_fusion_stage.block.crosstransformer.0.crossatt.out_proj_vis.weight - torch.Size([96, 96]): 
The value is the same before and after calling `init_weights` of YOLODualNeckDetector  

backbone.fusion_block2.transformer_fusion_stage.block.crosstransformer.0.crossatt.out_proj_vis.bias - torch.Size([96]): 
The value is the same before and after calling `init_weights` of YOLODualNeckDetector  

backbone.fusion_block2.transformer_fusion_stage.block.crosstransformer.0.crossatt.out_proj_ir.weight - torch.Size([96, 96]): 
The value is the same before and after calling `init_weights` of YOLODualNeckDetector  

backbone.fusion_block2.transformer_fusion_stage.block.crosstransformer.0.crossatt.out_proj_ir.bias - torch.Size([96]): 
The value is the same before and after calling `init_weights` of YOLODualNeckDetector  

backbone.fusion_block2.transformer_fusion_stage.block.crosstransformer.0.ln2_vis.weight - torch.Size([96]): 
The value is the same before and after calling `init_weights` of YOLODualNeckDetector  

backbone.fusion_block2.transformer_fusion_stage.block.crosstransformer.0.ln2_vis.bias - torch.Size([96]): 
The value is the same before and after calling `init_weights` of YOLODualNeckDetector  

backbone.fusion_block2.transformer_fusion_stage.block.crosstransformer.0.ln2_ir.weight - torch.Size([96]): 
The value is the same before and after calling `init_weights` of YOLODualNeckDetector  

backbone.fusion_block2.transformer_fusion_stage.block.crosstransformer.0.ln2_ir.bias - torch.Size([96]): 
The value is the same before and after calling `init_weights` of YOLODualNeckDetector  

backbone.fusion_block2.transformer_fusion_stage.block.crosstransformer.0.mlp_vis.0.weight - torch.Size([384, 96]): 
The value is the same before and after calling `init_weights` of YOLODualNeckDetector  

backbone.fusion_block2.transformer_fusion_stage.block.crosstransformer.0.mlp_vis.0.bias - torch.Size([384]): 
The value is the same before and after calling `init_weights` of YOLODualNeckDetector  

backbone.fusion_block2.transformer_fusion_stage.block.crosstransformer.0.mlp_vis.2.weight - torch.Size([96, 384]): 
The value is the same before and after calling `init_weights` of YOLODualNeckDetector  

backbone.fusion_block2.transformer_fusion_stage.block.crosstransformer.0.mlp_vis.2.bias - torch.Size([96]): 
The value is the same before and after calling `init_weights` of YOLODualNeckDetector  

backbone.fusion_block2.transformer_fusion_stage.block.crosstransformer.0.mlp_ir.0.weight - torch.Size([384, 96]): 
The value is the same before and after calling `init_weights` of YOLODualNeckDetector  

backbone.fusion_block2.transformer_fusion_stage.block.crosstransformer.0.mlp_ir.0.bias - torch.Size([384]): 
The value is the same before and after calling `init_weights` of YOLODualNeckDetector  

backbone.fusion_block2.transformer_fusion_stage.block.crosstransformer.0.mlp_ir.2.weight - torch.Size([96, 384]): 
The value is the same before and after calling `init_weights` of YOLODualNeckDetector  

backbone.fusion_block2.transformer_fusion_stage.block.crosstransformer.0.mlp_ir.2.bias - torch.Size([96]): 
The value is the same before and after calling `init_weights` of YOLODualNeckDetector  

backbone.fusion_block2.transformer_fusion_stage.block.crosstransformer.0.coef_att_vis.bias - torch.Size([1]): 
The value is the same before and after calling `init_weights` of YOLODualNeckDetector  

backbone.fusion_block2.transformer_fusion_stage.block.crosstransformer.0.coef_mlp_vis.bias - torch.Size([1]): 
The value is the same before and after calling `init_weights` of YOLODualNeckDetector  

backbone.fusion_block2.transformer_fusion_stage.block.crosstransformer.0.coef_att_ir.bias - torch.Size([1]): 
The value is the same before and after calling `init_weights` of YOLODualNeckDetector  

backbone.fusion_block2.transformer_fusion_stage.block.crosstransformer.0.coef_mlp_ir.bias - torch.Size([1]): 
The value is the same before and after calling `init_weights` of YOLODualNeckDetector  

backbone.fusion_block2.transformer_fusion_stage.block.out_fusion_module.conv1x1_out.conv.weight - torch.Size([96, 192, 1, 1]): 
The value is the same before and after calling `init_weights` of YOLODualNeckDetector  

backbone.fusion_block2.transformer_fusion_stage.block.out_fusion_module.conv1x1_out.bn.weight - torch.Size([96]): 
The value is the same before and after calling `init_weights` of YOLODualNeckDetector  

backbone.fusion_block2.transformer_fusion_stage.block.out_fusion_module.conv1x1_out.bn.bias - torch.Size([96]): 
The value is the same before and after calling `init_weights` of YOLODualNeckDetector  

backbone.fusion_block2.transformer_fusion_stage.mw.fc1.weight - torch.Size([6, 192, 1, 1]): 
The value is the same before and after calling `init_weights` of YOLODualNeckDetector  

backbone.fusion_block2.transformer_fusion_stage.mw.fc1.bias - torch.Size([6]): 
The value is the same before and after calling `init_weights` of YOLODualNeckDetector  

backbone.fusion_block2.transformer_fusion_stage.mw.fc2.weight - torch.Size([192, 6, 1, 1]): 
The value is the same before and after calling `init_weights` of YOLODualNeckDetector  

backbone.fusion_block2.transformer_fusion_stage.mw.fc2.bias - torch.Size([192]): 
The value is the same before and after calling `init_weights` of YOLODualNeckDetector  

backbone.fusion_block2.out_fusion_module.conv1x1_out.conv.weight - torch.Size([96, 192, 1, 1]): 
The value is the same before and after calling `init_weights` of YOLODualNeckDetector  

backbone.fusion_block2.out_fusion_module.conv1x1_out.bn.weight - torch.Size([96]): 
The value is the same before and after calling `init_weights` of YOLODualNeckDetector  

backbone.fusion_block2.out_fusion_module.conv1x1_out.bn.bias - torch.Size([96]): 
The value is the same before and after calling `init_weights` of YOLODualNeckDetector  

backbone.fusion_block2.mw.fc1.weight - torch.Size([6, 192, 1, 1]): 
The value is the same before and after calling `init_weights` of YOLODualNeckDetector  

backbone.fusion_block2.mw.fc1.bias - torch.Size([6]): 
The value is the same before and after calling `init_weights` of YOLODualNeckDetector  

backbone.fusion_block2.mw.fc2.weight - torch.Size([192, 6, 1, 1]): 
The value is the same before and after calling `init_weights` of YOLODualNeckDetector  

backbone.fusion_block2.mw.fc2.bias - torch.Size([192]): 
The value is the same before and after calling `init_weights` of YOLODualNeckDetector  

backbone.stage3_1.0.conv.weight - torch.Size([384, 192, 3, 3]): 
The value is the same before and after calling `init_weights` of YOLODualNeckDetector  

backbone.stage3_1.0.bn.weight - torch.Size([384]): 
The value is the same before and after calling `init_weights` of YOLODualNeckDetector  

backbone.stage3_1.0.bn.bias - torch.Size([384]): 
The value is the same before and after calling `init_weights` of YOLODualNeckDetector  

backbone.stage3_1.1.main_conv.conv.weight - torch.Size([384, 384, 1, 1]): 
The value is the same before and after calling `init_weights` of YOLODualNeckDetector  

backbone.stage3_1.1.main_conv.bn.weight - torch.Size([384]): 
The value is the same before and after calling `init_weights` of YOLODualNeckDetector  

backbone.stage3_1.1.main_conv.bn.bias - torch.Size([384]): 
The value is the same before and after calling `init_weights` of YOLODualNeckDetector  

backbone.stage3_1.1.final_conv.conv.weight - torch.Size([384, 1152, 1, 1]): 
The value is the same before and after calling `init_weights` of YOLODualNeckDetector  

backbone.stage3_1.1.final_conv.bn.weight - torch.Size([384]): 
The value is the same before and after calling `init_weights` of YOLODualNeckDetector  

backbone.stage3_1.1.final_conv.bn.bias - torch.Size([384]): 
The value is the same before and after calling `init_weights` of YOLODualNeckDetector  

backbone.stage3_1.1.blocks.0.conv1.conv.weight - torch.Size([192, 192, 3, 3]): 
The value is the same before and after calling `init_weights` of YOLODualNeckDetector  

backbone.stage3_1.1.blocks.0.conv1.bn.weight - torch.Size([192]): 
The value is the same before and after calling `init_weights` of YOLODualNeckDetector  

backbone.stage3_1.1.blocks.0.conv1.bn.bias - torch.Size([192]): 
The value is the same before and after calling `init_weights` of YOLODualNeckDetector  

backbone.stage3_1.1.blocks.0.conv2.conv.weight - torch.Size([192, 192, 3, 3]): 
The value is the same before and after calling `init_weights` of YOLODualNeckDetector  

backbone.stage3_1.1.blocks.0.conv2.bn.weight - torch.Size([192]): 
The value is the same before and after calling `init_weights` of YOLODualNeckDetector  

backbone.stage3_1.1.blocks.0.conv2.bn.bias - torch.Size([192]): 
The value is the same before and after calling `init_weights` of YOLODualNeckDetector  

backbone.stage3_1.1.blocks.1.conv1.conv.weight - torch.Size([192, 192, 3, 3]): 
The value is the same before and after calling `init_weights` of YOLODualNeckDetector  

backbone.stage3_1.1.blocks.1.conv1.bn.weight - torch.Size([192]): 
The value is the same before and after calling `init_weights` of YOLODualNeckDetector  

backbone.stage3_1.1.blocks.1.conv1.bn.bias - torch.Size([192]): 
The value is the same before and after calling `init_weights` of YOLODualNeckDetector  

backbone.stage3_1.1.blocks.1.conv2.conv.weight - torch.Size([192, 192, 3, 3]): 
The value is the same before and after calling `init_weights` of YOLODualNeckDetector  

backbone.stage3_1.1.blocks.1.conv2.bn.weight - torch.Size([192]): 
The value is the same before and after calling `init_weights` of YOLODualNeckDetector  

backbone.stage3_1.1.blocks.1.conv2.bn.bias - torch.Size([192]): 
The value is the same before and after calling `init_weights` of YOLODualNeckDetector  

backbone.stage3_1.1.blocks.2.conv1.conv.weight - torch.Size([192, 192, 3, 3]): 
The value is the same before and after calling `init_weights` of YOLODualNeckDetector  

backbone.stage3_1.1.blocks.2.conv1.bn.weight - torch.Size([192]): 
The value is the same before and after calling `init_weights` of YOLODualNeckDetector  

backbone.stage3_1.1.blocks.2.conv1.bn.bias - torch.Size([192]): 
The value is the same before and after calling `init_weights` of YOLODualNeckDetector  

backbone.stage3_1.1.blocks.2.conv2.conv.weight - torch.Size([192, 192, 3, 3]): 
The value is the same before and after calling `init_weights` of YOLODualNeckDetector  

backbone.stage3_1.1.blocks.2.conv2.bn.weight - torch.Size([192]): 
The value is the same before and after calling `init_weights` of YOLODualNeckDetector  

backbone.stage3_1.1.blocks.2.conv2.bn.bias - torch.Size([192]): 
The value is the same before and after calling `init_weights` of YOLODualNeckDetector  

backbone.stage3_1.1.blocks.3.conv1.conv.weight - torch.Size([192, 192, 3, 3]): 
The value is the same before and after calling `init_weights` of YOLODualNeckDetector  

backbone.stage3_1.1.blocks.3.conv1.bn.weight - torch.Size([192]): 
The value is the same before and after calling `init_weights` of YOLODualNeckDetector  

backbone.stage3_1.1.blocks.3.conv1.bn.bias - torch.Size([192]): 
The value is the same before and after calling `init_weights` of YOLODualNeckDetector  

backbone.stage3_1.1.blocks.3.conv2.conv.weight - torch.Size([192, 192, 3, 3]): 
The value is the same before and after calling `init_weights` of YOLODualNeckDetector  

backbone.stage3_1.1.blocks.3.conv2.bn.weight - torch.Size([192]): 
The value is the same before and after calling `init_weights` of YOLODualNeckDetector  

backbone.stage3_1.1.blocks.3.conv2.bn.bias - torch.Size([192]): 
The value is the same before and after calling `init_weights` of YOLODualNeckDetector  

backbone.stage3_2.0.conv.weight - torch.Size([384, 192, 3, 3]): 
The value is the same before and after calling `init_weights` of YOLODualNeckDetector  

backbone.stage3_2.0.bn.weight - torch.Size([384]): 
The value is the same before and after calling `init_weights` of YOLODualNeckDetector  

backbone.stage3_2.0.bn.bias - torch.Size([384]): 
The value is the same before and after calling `init_weights` of YOLODualNeckDetector  

backbone.stage3_2.1.main_conv.conv.weight - torch.Size([384, 384, 1, 1]): 
The value is the same before and after calling `init_weights` of YOLODualNeckDetector  

backbone.stage3_2.1.main_conv.bn.weight - torch.Size([384]): 
The value is the same before and after calling `init_weights` of YOLODualNeckDetector  

backbone.stage3_2.1.main_conv.bn.bias - torch.Size([384]): 
The value is the same before and after calling `init_weights` of YOLODualNeckDetector  

backbone.stage3_2.1.final_conv.conv.weight - torch.Size([384, 1152, 1, 1]): 
The value is the same before and after calling `init_weights` of YOLODualNeckDetector  

backbone.stage3_2.1.final_conv.bn.weight - torch.Size([384]): 
The value is the same before and after calling `init_weights` of YOLODualNeckDetector  

backbone.stage3_2.1.final_conv.bn.bias - torch.Size([384]): 
The value is the same before and after calling `init_weights` of YOLODualNeckDetector  

backbone.stage3_2.1.blocks.0.conv1.conv.weight - torch.Size([192, 192, 3, 3]): 
The value is the same before and after calling `init_weights` of YOLODualNeckDetector  

backbone.stage3_2.1.blocks.0.conv1.bn.weight - torch.Size([192]): 
The value is the same before and after calling `init_weights` of YOLODualNeckDetector  

backbone.stage3_2.1.blocks.0.conv1.bn.bias - torch.Size([192]): 
The value is the same before and after calling `init_weights` of YOLODualNeckDetector  

backbone.stage3_2.1.blocks.0.conv2.conv.weight - torch.Size([192, 192, 3, 3]): 
The value is the same before and after calling `init_weights` of YOLODualNeckDetector  

backbone.stage3_2.1.blocks.0.conv2.bn.weight - torch.Size([192]): 
The value is the same before and after calling `init_weights` of YOLODualNeckDetector  

backbone.stage3_2.1.blocks.0.conv2.bn.bias - torch.Size([192]): 
The value is the same before and after calling `init_weights` of YOLODualNeckDetector  

backbone.stage3_2.1.blocks.1.conv1.conv.weight - torch.Size([192, 192, 3, 3]): 
The value is the same before and after calling `init_weights` of YOLODualNeckDetector  

backbone.stage3_2.1.blocks.1.conv1.bn.weight - torch.Size([192]): 
The value is the same before and after calling `init_weights` of YOLODualNeckDetector  

backbone.stage3_2.1.blocks.1.conv1.bn.bias - torch.Size([192]): 
The value is the same before and after calling `init_weights` of YOLODualNeckDetector  

backbone.stage3_2.1.blocks.1.conv2.conv.weight - torch.Size([192, 192, 3, 3]): 
The value is the same before and after calling `init_weights` of YOLODualNeckDetector  

backbone.stage3_2.1.blocks.1.conv2.bn.weight - torch.Size([192]): 
The value is the same before and after calling `init_weights` of YOLODualNeckDetector  

backbone.stage3_2.1.blocks.1.conv2.bn.bias - torch.Size([192]): 
The value is the same before and after calling `init_weights` of YOLODualNeckDetector  

backbone.stage3_2.1.blocks.2.conv1.conv.weight - torch.Size([192, 192, 3, 3]): 
The value is the same before and after calling `init_weights` of YOLODualNeckDetector  

backbone.stage3_2.1.blocks.2.conv1.bn.weight - torch.Size([192]): 
The value is the same before and after calling `init_weights` of YOLODualNeckDetector  

backbone.stage3_2.1.blocks.2.conv1.bn.bias - torch.Size([192]): 
The value is the same before and after calling `init_weights` of YOLODualNeckDetector  

backbone.stage3_2.1.blocks.2.conv2.conv.weight - torch.Size([192, 192, 3, 3]): 
The value is the same before and after calling `init_weights` of YOLODualNeckDetector  

backbone.stage3_2.1.blocks.2.conv2.bn.weight - torch.Size([192]): 
The value is the same before and after calling `init_weights` of YOLODualNeckDetector  

backbone.stage3_2.1.blocks.2.conv2.bn.bias - torch.Size([192]): 
The value is the same before and after calling `init_weights` of YOLODualNeckDetector  

backbone.stage3_2.1.blocks.3.conv1.conv.weight - torch.Size([192, 192, 3, 3]): 
The value is the same before and after calling `init_weights` of YOLODualNeckDetector  

backbone.stage3_2.1.blocks.3.conv1.bn.weight - torch.Size([192]): 
The value is the same before and after calling `init_weights` of YOLODualNeckDetector  

backbone.stage3_2.1.blocks.3.conv1.bn.bias - torch.Size([192]): 
The value is the same before and after calling `init_weights` of YOLODualNeckDetector  

backbone.stage3_2.1.blocks.3.conv2.conv.weight - torch.Size([192, 192, 3, 3]): 
The value is the same before and after calling `init_weights` of YOLODualNeckDetector  

backbone.stage3_2.1.blocks.3.conv2.bn.weight - torch.Size([192]): 
The value is the same before and after calling `init_weights` of YOLODualNeckDetector  

backbone.stage3_2.1.blocks.3.conv2.bn.bias - torch.Size([192]): 
The value is the same before and after calling `init_weights` of YOLODualNeckDetector  

backbone.fusion_block3.pos_embed_r - torch.Size([1, 64, 192]): 
The value is the same before and after calling `init_weights` of YOLODualNeckDetector  

backbone.fusion_block3.pos_embed_t - torch.Size([1, 64, 192]): 
The value is the same before and after calling `init_weights` of YOLODualNeckDetector  

backbone.fusion_block3.patch_embed.proj.weight - torch.Size([192, 192, 8, 10]): 
The value is the same before and after calling `init_weights` of YOLODualNeckDetector  

backbone.fusion_block3.patch_embed.proj.bias - torch.Size([192]): 
The value is the same before and after calling `init_weights` of YOLODualNeckDetector  

backbone.fusion_block3.mamba_fusion_stage.in_proj_r.weight - torch.Size([768, 192]): 
The value is the same before and after calling `init_weights` of YOLODualNeckDetector  

backbone.fusion_block3.mamba_fusion_stage.in_proj_t.weight - torch.Size([768, 192]): 
The value is the same before and after calling `init_weights` of YOLODualNeckDetector  

backbone.fusion_block3.mamba_fusion_stage.conv2d_r.0.weight - torch.Size([384, 1, 3, 3]): 
The value is the same before and after calling `init_weights` of YOLODualNeckDetector  

backbone.fusion_block3.mamba_fusion_stage.conv2d_r.0.bias - torch.Size([384]): 
The value is the same before and after calling `init_weights` of YOLODualNeckDetector  

backbone.fusion_block3.mamba_fusion_stage.conv2d_r.1.weight - torch.Size([384]): 
The value is the same before and after calling `init_weights` of YOLODualNeckDetector  

backbone.fusion_block3.mamba_fusion_stage.conv2d_r.1.bias - torch.Size([384]): 
The value is the same before and after calling `init_weights` of YOLODualNeckDetector  

backbone.fusion_block3.mamba_fusion_stage.conv2d_t.0.weight - torch.Size([384, 1, 3, 3]): 
The value is the same before and after calling `init_weights` of YOLODualNeckDetector  

backbone.fusion_block3.mamba_fusion_stage.conv2d_t.0.bias - torch.Size([384]): 
The value is the same before and after calling `init_weights` of YOLODualNeckDetector  

backbone.fusion_block3.mamba_fusion_stage.conv2d_t.1.weight - torch.Size([384]): 
The value is the same before and after calling `init_weights` of YOLODualNeckDetector  

backbone.fusion_block3.mamba_fusion_stage.conv2d_t.1.bias - torch.Size([384]): 
The value is the same before and after calling `init_weights` of YOLODualNeckDetector  

backbone.fusion_block3.mamba_fusion_stage.SSM_r_f.A_log - torch.Size([384, 64]): 
The value is the same before and after calling `init_weights` of YOLODualNeckDetector  

backbone.fusion_block3.mamba_fusion_stage.SSM_r_f.D - torch.Size([384]): 
The value is the same before and after calling `init_weights` of YOLODualNeckDetector  

backbone.fusion_block3.mamba_fusion_stage.SSM_r_f.x_proj.weight - torch.Size([152, 384]): 
The value is the same before and after calling `init_weights` of YOLODualNeckDetector  

backbone.fusion_block3.mamba_fusion_stage.SSM_r_f.dt_proj.weight - torch.Size([384, 24]): 
The value is the same before and after calling `init_weights` of YOLODualNeckDetector  

backbone.fusion_block3.mamba_fusion_stage.SSM_r_f.dt_proj.bias - torch.Size([384]): 
The value is the same before and after calling `init_weights` of YOLODualNeckDetector  

backbone.fusion_block3.mamba_fusion_stage.SSM_r_f.out_norm.weight - torch.Size([384]): 
The value is the same before and after calling `init_weights` of YOLODualNeckDetector  

backbone.fusion_block3.mamba_fusion_stage.SSM_r_f.out_norm.bias - torch.Size([384]): 
The value is the same before and after calling `init_weights` of YOLODualNeckDetector  

backbone.fusion_block3.mamba_fusion_stage.SSM_t_f.A_log - torch.Size([384, 64]): 
The value is the same before and after calling `init_weights` of YOLODualNeckDetector  

backbone.fusion_block3.mamba_fusion_stage.SSM_t_f.D - torch.Size([384]): 
The value is the same before and after calling `init_weights` of YOLODualNeckDetector  

backbone.fusion_block3.mamba_fusion_stage.SSM_t_f.x_proj.weight - torch.Size([152, 384]): 
The value is the same before and after calling `init_weights` of YOLODualNeckDetector  

backbone.fusion_block3.mamba_fusion_stage.SSM_t_f.dt_proj.weight - torch.Size([384, 24]): 
The value is the same before and after calling `init_weights` of YOLODualNeckDetector  

backbone.fusion_block3.mamba_fusion_stage.SSM_t_f.dt_proj.bias - torch.Size([384]): 
The value is the same before and after calling `init_weights` of YOLODualNeckDetector  

backbone.fusion_block3.mamba_fusion_stage.SSM_t_f.out_norm.weight - torch.Size([384]): 
The value is the same before and after calling `init_weights` of YOLODualNeckDetector  

backbone.fusion_block3.mamba_fusion_stage.SSM_t_f.out_norm.bias - torch.Size([384]): 
The value is the same before and after calling `init_weights` of YOLODualNeckDetector  

backbone.fusion_block3.mamba_fusion_stage.out_proj.weight - torch.Size([192, 384]): 
The value is the same before and after calling `init_weights` of YOLODualNeckDetector  

backbone.fusion_block3.transformer_fusion_stage.block.pos_emb_vis - torch.Size([1, 100, 192]): 
The value is the same before and after calling `init_weights` of YOLODualNeckDetector  

backbone.fusion_block3.transformer_fusion_stage.block.pos_emb_ir - torch.Size([1, 100, 192]): 
The value is the same before and after calling `init_weights` of YOLODualNeckDetector  

backbone.fusion_block3.transformer_fusion_stage.block.vis_pool_weights.w1 - torch.Size([1]): 
The value is the same before and after calling `init_weights` of YOLODualNeckDetector  

backbone.fusion_block3.transformer_fusion_stage.block.vis_pool_weights.w2 - torch.Size([1]): 
The value is the same before and after calling `init_weights` of YOLODualNeckDetector  

backbone.fusion_block3.transformer_fusion_stage.block.ir_pool_weights.w1 - torch.Size([1]): 
The value is the same before and after calling `init_weights` of YOLODualNeckDetector  

backbone.fusion_block3.transformer_fusion_stage.block.ir_pool_weights.w2 - torch.Size([1]): 
The value is the same before and after calling `init_weights` of YOLODualNeckDetector  

backbone.fusion_block3.transformer_fusion_stage.block.crosstransformer.0.ln1_vis.weight - torch.Size([192]): 
The value is the same before and after calling `init_weights` of YOLODualNeckDetector  

backbone.fusion_block3.transformer_fusion_stage.block.crosstransformer.0.ln1_vis.bias - torch.Size([192]): 
The value is the same before and after calling `init_weights` of YOLODualNeckDetector  

backbone.fusion_block3.transformer_fusion_stage.block.crosstransformer.0.ln1_ir.weight - torch.Size([192]): 
The value is the same before and after calling `init_weights` of YOLODualNeckDetector  

backbone.fusion_block3.transformer_fusion_stage.block.crosstransformer.0.ln1_ir.bias - torch.Size([192]): 
The value is the same before and after calling `init_weights` of YOLODualNeckDetector  

backbone.fusion_block3.transformer_fusion_stage.block.crosstransformer.0.que_proj_vis.weight - torch.Size([192, 192]): 
The value is the same before and after calling `init_weights` of YOLODualNeckDetector  

backbone.fusion_block3.transformer_fusion_stage.block.crosstransformer.0.que_proj_vis.bias - torch.Size([192]): 
The value is the same before and after calling `init_weights` of YOLODualNeckDetector  

backbone.fusion_block3.transformer_fusion_stage.block.crosstransformer.0.key_proj_vis.weight - torch.Size([192, 192]): 
The value is the same before and after calling `init_weights` of YOLODualNeckDetector  

backbone.fusion_block3.transformer_fusion_stage.block.crosstransformer.0.key_proj_vis.bias - torch.Size([192]): 
The value is the same before and after calling `init_weights` of YOLODualNeckDetector  

backbone.fusion_block3.transformer_fusion_stage.block.crosstransformer.0.val_proj_vis.weight - torch.Size([192, 192]): 
The value is the same before and after calling `init_weights` of YOLODualNeckDetector  

backbone.fusion_block3.transformer_fusion_stage.block.crosstransformer.0.val_proj_vis.bias - torch.Size([192]): 
The value is the same before and after calling `init_weights` of YOLODualNeckDetector  

backbone.fusion_block3.transformer_fusion_stage.block.crosstransformer.0.que_proj_ir.weight - torch.Size([192, 192]): 
The value is the same before and after calling `init_weights` of YOLODualNeckDetector  

backbone.fusion_block3.transformer_fusion_stage.block.crosstransformer.0.que_proj_ir.bias - torch.Size([192]): 
The value is the same before and after calling `init_weights` of YOLODualNeckDetector  

backbone.fusion_block3.transformer_fusion_stage.block.crosstransformer.0.key_proj_ir.weight - torch.Size([192, 192]): 
The value is the same before and after calling `init_weights` of YOLODualNeckDetector  

backbone.fusion_block3.transformer_fusion_stage.block.crosstransformer.0.key_proj_ir.bias - torch.Size([192]): 
The value is the same before and after calling `init_weights` of YOLODualNeckDetector  

backbone.fusion_block3.transformer_fusion_stage.block.crosstransformer.0.val_proj_ir.weight - torch.Size([192, 192]): 
The value is the same before and after calling `init_weights` of YOLODualNeckDetector  

backbone.fusion_block3.transformer_fusion_stage.block.crosstransformer.0.val_proj_ir.bias - torch.Size([192]): 
The value is the same before and after calling `init_weights` of YOLODualNeckDetector  

backbone.fusion_block3.transformer_fusion_stage.block.crosstransformer.0.crossatt.out_proj_vis.weight - torch.Size([192, 192]): 
The value is the same before and after calling `init_weights` of YOLODualNeckDetector  

backbone.fusion_block3.transformer_fusion_stage.block.crosstransformer.0.crossatt.out_proj_vis.bias - torch.Size([192]): 
The value is the same before and after calling `init_weights` of YOLODualNeckDetector  

backbone.fusion_block3.transformer_fusion_stage.block.crosstransformer.0.crossatt.out_proj_ir.weight - torch.Size([192, 192]): 
The value is the same before and after calling `init_weights` of YOLODualNeckDetector  

backbone.fusion_block3.transformer_fusion_stage.block.crosstransformer.0.crossatt.out_proj_ir.bias - torch.Size([192]): 
The value is the same before and after calling `init_weights` of YOLODualNeckDetector  

backbone.fusion_block3.transformer_fusion_stage.block.crosstransformer.0.ln2_vis.weight - torch.Size([192]): 
The value is the same before and after calling `init_weights` of YOLODualNeckDetector  

backbone.fusion_block3.transformer_fusion_stage.block.crosstransformer.0.ln2_vis.bias - torch.Size([192]): 
The value is the same before and after calling `init_weights` of YOLODualNeckDetector  

backbone.fusion_block3.transformer_fusion_stage.block.crosstransformer.0.ln2_ir.weight - torch.Size([192]): 
The value is the same before and after calling `init_weights` of YOLODualNeckDetector  

backbone.fusion_block3.transformer_fusion_stage.block.crosstransformer.0.ln2_ir.bias - torch.Size([192]): 
The value is the same before and after calling `init_weights` of YOLODualNeckDetector  

backbone.fusion_block3.transformer_fusion_stage.block.crosstransformer.0.mlp_vis.0.weight - torch.Size([768, 192]): 
The value is the same before and after calling `init_weights` of YOLODualNeckDetector  

backbone.fusion_block3.transformer_fusion_stage.block.crosstransformer.0.mlp_vis.0.bias - torch.Size([768]): 
The value is the same before and after calling `init_weights` of YOLODualNeckDetector  

backbone.fusion_block3.transformer_fusion_stage.block.crosstransformer.0.mlp_vis.2.weight - torch.Size([192, 768]): 
The value is the same before and after calling `init_weights` of YOLODualNeckDetector  

backbone.fusion_block3.transformer_fusion_stage.block.crosstransformer.0.mlp_vis.2.bias - torch.Size([192]): 
The value is the same before and after calling `init_weights` of YOLODualNeckDetector  

backbone.fusion_block3.transformer_fusion_stage.block.crosstransformer.0.mlp_ir.0.weight - torch.Size([768, 192]): 
The value is the same before and after calling `init_weights` of YOLODualNeckDetector  

backbone.fusion_block3.transformer_fusion_stage.block.crosstransformer.0.mlp_ir.0.bias - torch.Size([768]): 
The value is the same before and after calling `init_weights` of YOLODualNeckDetector  

backbone.fusion_block3.transformer_fusion_stage.block.crosstransformer.0.mlp_ir.2.weight - torch.Size([192, 768]): 
The value is the same before and after calling `init_weights` of YOLODualNeckDetector  

backbone.fusion_block3.transformer_fusion_stage.block.crosstransformer.0.mlp_ir.2.bias - torch.Size([192]): 
The value is the same before and after calling `init_weights` of YOLODualNeckDetector  

backbone.fusion_block3.transformer_fusion_stage.block.crosstransformer.0.coef_att_vis.bias - torch.Size([1]): 
The value is the same before and after calling `init_weights` of YOLODualNeckDetector  

backbone.fusion_block3.transformer_fusion_stage.block.crosstransformer.0.coef_mlp_vis.bias - torch.Size([1]): 
The value is the same before and after calling `init_weights` of YOLODualNeckDetector  

backbone.fusion_block3.transformer_fusion_stage.block.crosstransformer.0.coef_att_ir.bias - torch.Size([1]): 
The value is the same before and after calling `init_weights` of YOLODualNeckDetector  

backbone.fusion_block3.transformer_fusion_stage.block.crosstransformer.0.coef_mlp_ir.bias - torch.Size([1]): 
The value is the same before and after calling `init_weights` of YOLODualNeckDetector  

backbone.fusion_block3.transformer_fusion_stage.block.out_fusion_module.conv1x1_out.conv.weight - torch.Size([192, 384, 1, 1]): 
The value is the same before and after calling `init_weights` of YOLODualNeckDetector  

backbone.fusion_block3.transformer_fusion_stage.block.out_fusion_module.conv1x1_out.bn.weight - torch.Size([192]): 
The value is the same before and after calling `init_weights` of YOLODualNeckDetector  

backbone.fusion_block3.transformer_fusion_stage.block.out_fusion_module.conv1x1_out.bn.bias - torch.Size([192]): 
The value is the same before and after calling `init_weights` of YOLODualNeckDetector  

backbone.fusion_block3.transformer_fusion_stage.mw.fc1.weight - torch.Size([12, 384, 1, 1]): 
The value is the same before and after calling `init_weights` of YOLODualNeckDetector  

backbone.fusion_block3.transformer_fusion_stage.mw.fc1.bias - torch.Size([12]): 
The value is the same before and after calling `init_weights` of YOLODualNeckDetector  

backbone.fusion_block3.transformer_fusion_stage.mw.fc2.weight - torch.Size([384, 12, 1, 1]): 
The value is the same before and after calling `init_weights` of YOLODualNeckDetector  

backbone.fusion_block3.transformer_fusion_stage.mw.fc2.bias - torch.Size([384]): 
The value is the same before and after calling `init_weights` of YOLODualNeckDetector  

backbone.fusion_block3.out_fusion_module.conv1x1_out.conv.weight - torch.Size([192, 384, 1, 1]): 
The value is the same before and after calling `init_weights` of YOLODualNeckDetector  

backbone.fusion_block3.out_fusion_module.conv1x1_out.bn.weight - torch.Size([192]): 
The value is the same before and after calling `init_weights` of YOLODualNeckDetector  

backbone.fusion_block3.out_fusion_module.conv1x1_out.bn.bias - torch.Size([192]): 
The value is the same before and after calling `init_weights` of YOLODualNeckDetector  

backbone.fusion_block3.mw.fc1.weight - torch.Size([12, 384, 1, 1]): 
The value is the same before and after calling `init_weights` of YOLODualNeckDetector  

backbone.fusion_block3.mw.fc1.bias - torch.Size([12]): 
The value is the same before and after calling `init_weights` of YOLODualNeckDetector  

backbone.fusion_block3.mw.fc2.weight - torch.Size([384, 12, 1, 1]): 
The value is the same before and after calling `init_weights` of YOLODualNeckDetector  

backbone.fusion_block3.mw.fc2.bias - torch.Size([384]): 
The value is the same before and after calling `init_weights` of YOLODualNeckDetector  

backbone.stage4_1.0.conv.weight - torch.Size([768, 384, 3, 3]): 
The value is the same before and after calling `init_weights` of YOLODualNeckDetector  

backbone.stage4_1.0.bn.weight - torch.Size([768]): 
The value is the same before and after calling `init_weights` of YOLODualNeckDetector  

backbone.stage4_1.0.bn.bias - torch.Size([768]): 
The value is the same before and after calling `init_weights` of YOLODualNeckDetector  

backbone.stage4_1.1.main_conv.conv.weight - torch.Size([768, 768, 1, 1]): 
The value is the same before and after calling `init_weights` of YOLODualNeckDetector  

backbone.stage4_1.1.main_conv.bn.weight - torch.Size([768]): 
The value is the same before and after calling `init_weights` of YOLODualNeckDetector  

backbone.stage4_1.1.main_conv.bn.bias - torch.Size([768]): 
The value is the same before and after calling `init_weights` of YOLODualNeckDetector  

backbone.stage4_1.1.final_conv.conv.weight - torch.Size([768, 1536, 1, 1]): 
The value is the same before and after calling `init_weights` of YOLODualNeckDetector  

backbone.stage4_1.1.final_conv.bn.weight - torch.Size([768]): 
The value is the same before and after calling `init_weights` of YOLODualNeckDetector  

backbone.stage4_1.1.final_conv.bn.bias - torch.Size([768]): 
The value is the same before and after calling `init_weights` of YOLODualNeckDetector  

backbone.stage4_1.1.blocks.0.conv1.conv.weight - torch.Size([384, 384, 3, 3]): 
The value is the same before and after calling `init_weights` of YOLODualNeckDetector  

backbone.stage4_1.1.blocks.0.conv1.bn.weight - torch.Size([384]): 
The value is the same before and after calling `init_weights` of YOLODualNeckDetector  

backbone.stage4_1.1.blocks.0.conv1.bn.bias - torch.Size([384]): 
The value is the same before and after calling `init_weights` of YOLODualNeckDetector  

backbone.stage4_1.1.blocks.0.conv2.conv.weight - torch.Size([384, 384, 3, 3]): 
The value is the same before and after calling `init_weights` of YOLODualNeckDetector  

backbone.stage4_1.1.blocks.0.conv2.bn.weight - torch.Size([384]): 
The value is the same before and after calling `init_weights` of YOLODualNeckDetector  

backbone.stage4_1.1.blocks.0.conv2.bn.bias - torch.Size([384]): 
The value is the same before and after calling `init_weights` of YOLODualNeckDetector  

backbone.stage4_1.1.blocks.1.conv1.conv.weight - torch.Size([384, 384, 3, 3]): 
The value is the same before and after calling `init_weights` of YOLODualNeckDetector  

backbone.stage4_1.1.blocks.1.conv1.bn.weight - torch.Size([384]): 
The value is the same before and after calling `init_weights` of YOLODualNeckDetector  

backbone.stage4_1.1.blocks.1.conv1.bn.bias - torch.Size([384]): 
The value is the same before and after calling `init_weights` of YOLODualNeckDetector  

backbone.stage4_1.1.blocks.1.conv2.conv.weight - torch.Size([384, 384, 3, 3]): 
The value is the same before and after calling `init_weights` of YOLODualNeckDetector  

backbone.stage4_1.1.blocks.1.conv2.bn.weight - torch.Size([384]): 
The value is the same before and after calling `init_weights` of YOLODualNeckDetector  

backbone.stage4_1.1.blocks.1.conv2.bn.bias - torch.Size([384]): 
The value is the same before and after calling `init_weights` of YOLODualNeckDetector  

backbone.stage4_1.2.conv1.conv.weight - torch.Size([384, 768, 1, 1]): 
The value is the same before and after calling `init_weights` of YOLODualNeckDetector  

backbone.stage4_1.2.conv1.bn.weight - torch.Size([384]): 
The value is the same before and after calling `init_weights` of YOLODualNeckDetector  

backbone.stage4_1.2.conv1.bn.bias - torch.Size([384]): 
The value is the same before and after calling `init_weights` of YOLODualNeckDetector  

backbone.stage4_1.2.conv2.conv.weight - torch.Size([768, 1536, 1, 1]): 
The value is the same before and after calling `init_weights` of YOLODualNeckDetector  

backbone.stage4_1.2.conv2.bn.weight - torch.Size([768]): 
The value is the same before and after calling `init_weights` of YOLODualNeckDetector  

backbone.stage4_1.2.conv2.bn.bias - torch.Size([768]): 
The value is the same before and after calling `init_weights` of YOLODualNeckDetector  

backbone.stage4_2.0.conv.weight - torch.Size([768, 384, 3, 3]): 
The value is the same before and after calling `init_weights` of YOLODualNeckDetector  

backbone.stage4_2.0.bn.weight - torch.Size([768]): 
The value is the same before and after calling `init_weights` of YOLODualNeckDetector  

backbone.stage4_2.0.bn.bias - torch.Size([768]): 
The value is the same before and after calling `init_weights` of YOLODualNeckDetector  

backbone.stage4_2.1.main_conv.conv.weight - torch.Size([768, 768, 1, 1]): 
The value is the same before and after calling `init_weights` of YOLODualNeckDetector  

backbone.stage4_2.1.main_conv.bn.weight - torch.Size([768]): 
The value is the same before and after calling `init_weights` of YOLODualNeckDetector  

backbone.stage4_2.1.main_conv.bn.bias - torch.Size([768]): 
The value is the same before and after calling `init_weights` of YOLODualNeckDetector  

backbone.stage4_2.1.final_conv.conv.weight - torch.Size([768, 1536, 1, 1]): 
The value is the same before and after calling `init_weights` of YOLODualNeckDetector  

backbone.stage4_2.1.final_conv.bn.weight - torch.Size([768]): 
The value is the same before and after calling `init_weights` of YOLODualNeckDetector  

backbone.stage4_2.1.final_conv.bn.bias - torch.Size([768]): 
The value is the same before and after calling `init_weights` of YOLODualNeckDetector  

backbone.stage4_2.1.blocks.0.conv1.conv.weight - torch.Size([384, 384, 3, 3]): 
The value is the same before and after calling `init_weights` of YOLODualNeckDetector  

backbone.stage4_2.1.blocks.0.conv1.bn.weight - torch.Size([384]): 
The value is the same before and after calling `init_weights` of YOLODualNeckDetector  

backbone.stage4_2.1.blocks.0.conv1.bn.bias - torch.Size([384]): 
The value is the same before and after calling `init_weights` of YOLODualNeckDetector  

backbone.stage4_2.1.blocks.0.conv2.conv.weight - torch.Size([384, 384, 3, 3]): 
The value is the same before and after calling `init_weights` of YOLODualNeckDetector  

backbone.stage4_2.1.blocks.0.conv2.bn.weight - torch.Size([384]): 
The value is the same before and after calling `init_weights` of YOLODualNeckDetector  

backbone.stage4_2.1.blocks.0.conv2.bn.bias - torch.Size([384]): 
The value is the same before and after calling `init_weights` of YOLODualNeckDetector  

backbone.stage4_2.1.blocks.1.conv1.conv.weight - torch.Size([384, 384, 3, 3]): 
The value is the same before and after calling `init_weights` of YOLODualNeckDetector  

backbone.stage4_2.1.blocks.1.conv1.bn.weight - torch.Size([384]): 
The value is the same before and after calling `init_weights` of YOLODualNeckDetector  

backbone.stage4_2.1.blocks.1.conv1.bn.bias - torch.Size([384]): 
The value is the same before and after calling `init_weights` of YOLODualNeckDetector  

backbone.stage4_2.1.blocks.1.conv2.conv.weight - torch.Size([384, 384, 3, 3]): 
The value is the same before and after calling `init_weights` of YOLODualNeckDetector  

backbone.stage4_2.1.blocks.1.conv2.bn.weight - torch.Size([384]): 
The value is the same before and after calling `init_weights` of YOLODualNeckDetector  

backbone.stage4_2.1.blocks.1.conv2.bn.bias - torch.Size([384]): 
The value is the same before and after calling `init_weights` of YOLODualNeckDetector  

backbone.stage4_2.2.conv1.conv.weight - torch.Size([384, 768, 1, 1]): 
The value is the same before and after calling `init_weights` of YOLODualNeckDetector  

backbone.stage4_2.2.conv1.bn.weight - torch.Size([384]): 
The value is the same before and after calling `init_weights` of YOLODualNeckDetector  

backbone.stage4_2.2.conv1.bn.bias - torch.Size([384]): 
The value is the same before and after calling `init_weights` of YOLODualNeckDetector  

backbone.stage4_2.2.conv2.conv.weight - torch.Size([768, 1536, 1, 1]): 
The value is the same before and after calling `init_weights` of YOLODualNeckDetector  

backbone.stage4_2.2.conv2.bn.weight - torch.Size([768]): 
The value is the same before and after calling `init_weights` of YOLODualNeckDetector  

backbone.stage4_2.2.conv2.bn.bias - torch.Size([768]): 
The value is the same before and after calling `init_weights` of YOLODualNeckDetector  

backbone.fusion_block4.pos_embed_r - torch.Size([1, 64, 384]): 
The value is the same before and after calling `init_weights` of YOLODualNeckDetector  

backbone.fusion_block4.pos_embed_t - torch.Size([1, 64, 384]): 
The value is the same before and after calling `init_weights` of YOLODualNeckDetector  

backbone.fusion_block4.patch_embed.proj.weight - torch.Size([384, 384, 4, 5]): 
The value is the same before and after calling `init_weights` of YOLODualNeckDetector  

backbone.fusion_block4.patch_embed.proj.bias - torch.Size([384]): 
The value is the same before and after calling `init_weights` of YOLODualNeckDetector  

backbone.fusion_block4.mamba_fusion_stage.in_proj_r.weight - torch.Size([1536, 384]): 
The value is the same before and after calling `init_weights` of YOLODualNeckDetector  

backbone.fusion_block4.mamba_fusion_stage.in_proj_t.weight - torch.Size([1536, 384]): 
The value is the same before and after calling `init_weights` of YOLODualNeckDetector  

backbone.fusion_block4.mamba_fusion_stage.conv2d_r.0.weight - torch.Size([768, 1, 3, 3]): 
The value is the same before and after calling `init_weights` of YOLODualNeckDetector  

backbone.fusion_block4.mamba_fusion_stage.conv2d_r.0.bias - torch.Size([768]): 
The value is the same before and after calling `init_weights` of YOLODualNeckDetector  

backbone.fusion_block4.mamba_fusion_stage.conv2d_r.1.weight - torch.Size([768]): 
The value is the same before and after calling `init_weights` of YOLODualNeckDetector  

backbone.fusion_block4.mamba_fusion_stage.conv2d_r.1.bias - torch.Size([768]): 
The value is the same before and after calling `init_weights` of YOLODualNeckDetector  

backbone.fusion_block4.mamba_fusion_stage.conv2d_t.0.weight - torch.Size([768, 1, 3, 3]): 
The value is the same before and after calling `init_weights` of YOLODualNeckDetector  

backbone.fusion_block4.mamba_fusion_stage.conv2d_t.0.bias - torch.Size([768]): 
The value is the same before and after calling `init_weights` of YOLODualNeckDetector  

backbone.fusion_block4.mamba_fusion_stage.conv2d_t.1.weight - torch.Size([768]): 
The value is the same before and after calling `init_weights` of YOLODualNeckDetector  

backbone.fusion_block4.mamba_fusion_stage.conv2d_t.1.bias - torch.Size([768]): 
The value is the same before and after calling `init_weights` of YOLODualNeckDetector  

backbone.fusion_block4.mamba_fusion_stage.SSM_r_f.A_log - torch.Size([768, 128]): 
The value is the same before and after calling `init_weights` of YOLODualNeckDetector  

backbone.fusion_block4.mamba_fusion_stage.SSM_r_f.D - torch.Size([768]): 
The value is the same before and after calling `init_weights` of YOLODualNeckDetector  

backbone.fusion_block4.mamba_fusion_stage.SSM_r_f.x_proj.weight - torch.Size([304, 768]): 
The value is the same before and after calling `init_weights` of YOLODualNeckDetector  

backbone.fusion_block4.mamba_fusion_stage.SSM_r_f.dt_proj.weight - torch.Size([768, 48]): 
The value is the same before and after calling `init_weights` of YOLODualNeckDetector  

backbone.fusion_block4.mamba_fusion_stage.SSM_r_f.dt_proj.bias - torch.Size([768]): 
The value is the same before and after calling `init_weights` of YOLODualNeckDetector  

backbone.fusion_block4.mamba_fusion_stage.SSM_r_f.out_norm.weight - torch.Size([768]): 
The value is the same before and after calling `init_weights` of YOLODualNeckDetector  

backbone.fusion_block4.mamba_fusion_stage.SSM_r_f.out_norm.bias - torch.Size([768]): 
The value is the same before and after calling `init_weights` of YOLODualNeckDetector  

backbone.fusion_block4.mamba_fusion_stage.SSM_t_f.A_log - torch.Size([768, 128]): 
The value is the same before and after calling `init_weights` of YOLODualNeckDetector  

backbone.fusion_block4.mamba_fusion_stage.SSM_t_f.D - torch.Size([768]): 
The value is the same before and after calling `init_weights` of YOLODualNeckDetector  

backbone.fusion_block4.mamba_fusion_stage.SSM_t_f.x_proj.weight - torch.Size([304, 768]): 
The value is the same before and after calling `init_weights` of YOLODualNeckDetector  

backbone.fusion_block4.mamba_fusion_stage.SSM_t_f.dt_proj.weight - torch.Size([768, 48]): 
The value is the same before and after calling `init_weights` of YOLODualNeckDetector  

backbone.fusion_block4.mamba_fusion_stage.SSM_t_f.dt_proj.bias - torch.Size([768]): 
The value is the same before and after calling `init_weights` of YOLODualNeckDetector  

backbone.fusion_block4.mamba_fusion_stage.SSM_t_f.out_norm.weight - torch.Size([768]): 
The value is the same before and after calling `init_weights` of YOLODualNeckDetector  

backbone.fusion_block4.mamba_fusion_stage.SSM_t_f.out_norm.bias - torch.Size([768]): 
The value is the same before and after calling `init_weights` of YOLODualNeckDetector  

backbone.fusion_block4.mamba_fusion_stage.out_proj.weight - torch.Size([384, 768]): 
The value is the same before and after calling `init_weights` of YOLODualNeckDetector  

backbone.fusion_block4.transformer_fusion_stage.block.pos_emb_vis - torch.Size([1, 64, 384]): 
The value is the same before and after calling `init_weights` of YOLODualNeckDetector  

backbone.fusion_block4.transformer_fusion_stage.block.pos_emb_ir - torch.Size([1, 64, 384]): 
The value is the same before and after calling `init_weights` of YOLODualNeckDetector  

backbone.fusion_block4.transformer_fusion_stage.block.vis_pool_weights.w1 - torch.Size([1]): 
The value is the same before and after calling `init_weights` of YOLODualNeckDetector  

backbone.fusion_block4.transformer_fusion_stage.block.vis_pool_weights.w2 - torch.Size([1]): 
The value is the same before and after calling `init_weights` of YOLODualNeckDetector  

backbone.fusion_block4.transformer_fusion_stage.block.ir_pool_weights.w1 - torch.Size([1]): 
The value is the same before and after calling `init_weights` of YOLODualNeckDetector  

backbone.fusion_block4.transformer_fusion_stage.block.ir_pool_weights.w2 - torch.Size([1]): 
The value is the same before and after calling `init_weights` of YOLODualNeckDetector  

backbone.fusion_block4.transformer_fusion_stage.block.crosstransformer.0.ln1_vis.weight - torch.Size([384]): 
The value is the same before and after calling `init_weights` of YOLODualNeckDetector  

backbone.fusion_block4.transformer_fusion_stage.block.crosstransformer.0.ln1_vis.bias - torch.Size([384]): 
The value is the same before and after calling `init_weights` of YOLODualNeckDetector  

backbone.fusion_block4.transformer_fusion_stage.block.crosstransformer.0.ln1_ir.weight - torch.Size([384]): 
The value is the same before and after calling `init_weights` of YOLODualNeckDetector  

backbone.fusion_block4.transformer_fusion_stage.block.crosstransformer.0.ln1_ir.bias - torch.Size([384]): 
The value is the same before and after calling `init_weights` of YOLODualNeckDetector  

backbone.fusion_block4.transformer_fusion_stage.block.crosstransformer.0.que_proj_vis.weight - torch.Size([384, 384]): 
The value is the same before and after calling `init_weights` of YOLODualNeckDetector  

backbone.fusion_block4.transformer_fusion_stage.block.crosstransformer.0.que_proj_vis.bias - torch.Size([384]): 
The value is the same before and after calling `init_weights` of YOLODualNeckDetector  

backbone.fusion_block4.transformer_fusion_stage.block.crosstransformer.0.key_proj_vis.weight - torch.Size([384, 384]): 
The value is the same before and after calling `init_weights` of YOLODualNeckDetector  

backbone.fusion_block4.transformer_fusion_stage.block.crosstransformer.0.key_proj_vis.bias - torch.Size([384]): 
The value is the same before and after calling `init_weights` of YOLODualNeckDetector  

backbone.fusion_block4.transformer_fusion_stage.block.crosstransformer.0.val_proj_vis.weight - torch.Size([384, 384]): 
The value is the same before and after calling `init_weights` of YOLODualNeckDetector  

backbone.fusion_block4.transformer_fusion_stage.block.crosstransformer.0.val_proj_vis.bias - torch.Size([384]): 
The value is the same before and after calling `init_weights` of YOLODualNeckDetector  

backbone.fusion_block4.transformer_fusion_stage.block.crosstransformer.0.que_proj_ir.weight - torch.Size([384, 384]): 
The value is the same before and after calling `init_weights` of YOLODualNeckDetector  

backbone.fusion_block4.transformer_fusion_stage.block.crosstransformer.0.que_proj_ir.bias - torch.Size([384]): 
The value is the same before and after calling `init_weights` of YOLODualNeckDetector  

backbone.fusion_block4.transformer_fusion_stage.block.crosstransformer.0.key_proj_ir.weight - torch.Size([384, 384]): 
The value is the same before and after calling `init_weights` of YOLODualNeckDetector  

backbone.fusion_block4.transformer_fusion_stage.block.crosstransformer.0.key_proj_ir.bias - torch.Size([384]): 
The value is the same before and after calling `init_weights` of YOLODualNeckDetector  

backbone.fusion_block4.transformer_fusion_stage.block.crosstransformer.0.val_proj_ir.weight - torch.Size([384, 384]): 
The value is the same before and after calling `init_weights` of YOLODualNeckDetector  

backbone.fusion_block4.transformer_fusion_stage.block.crosstransformer.0.val_proj_ir.bias - torch.Size([384]): 
The value is the same before and after calling `init_weights` of YOLODualNeckDetector  

backbone.fusion_block4.transformer_fusion_stage.block.crosstransformer.0.crossatt.out_proj_vis.weight - torch.Size([384, 384]): 
The value is the same before and after calling `init_weights` of YOLODualNeckDetector  

backbone.fusion_block4.transformer_fusion_stage.block.crosstransformer.0.crossatt.out_proj_vis.bias - torch.Size([384]): 
The value is the same before and after calling `init_weights` of YOLODualNeckDetector  

backbone.fusion_block4.transformer_fusion_stage.block.crosstransformer.0.crossatt.out_proj_ir.weight - torch.Size([384, 384]): 
The value is the same before and after calling `init_weights` of YOLODualNeckDetector  

backbone.fusion_block4.transformer_fusion_stage.block.crosstransformer.0.crossatt.out_proj_ir.bias - torch.Size([384]): 
The value is the same before and after calling `init_weights` of YOLODualNeckDetector  

backbone.fusion_block4.transformer_fusion_stage.block.crosstransformer.0.ln2_vis.weight - torch.Size([384]): 
The value is the same before and after calling `init_weights` of YOLODualNeckDetector  

backbone.fusion_block4.transformer_fusion_stage.block.crosstransformer.0.ln2_vis.bias - torch.Size([384]): 
The value is the same before and after calling `init_weights` of YOLODualNeckDetector  

backbone.fusion_block4.transformer_fusion_stage.block.crosstransformer.0.ln2_ir.weight - torch.Size([384]): 
The value is the same before and after calling `init_weights` of YOLODualNeckDetector  

backbone.fusion_block4.transformer_fusion_stage.block.crosstransformer.0.ln2_ir.bias - torch.Size([384]): 
The value is the same before and after calling `init_weights` of YOLODualNeckDetector  

backbone.fusion_block4.transformer_fusion_stage.block.crosstransformer.0.mlp_vis.0.weight - torch.Size([1536, 384]): 
The value is the same before and after calling `init_weights` of YOLODualNeckDetector  

backbone.fusion_block4.transformer_fusion_stage.block.crosstransformer.0.mlp_vis.0.bias - torch.Size([1536]): 
The value is the same before and after calling `init_weights` of YOLODualNeckDetector  

backbone.fusion_block4.transformer_fusion_stage.block.crosstransformer.0.mlp_vis.2.weight - torch.Size([384, 1536]): 
The value is the same before and after calling `init_weights` of YOLODualNeckDetector  

backbone.fusion_block4.transformer_fusion_stage.block.crosstransformer.0.mlp_vis.2.bias - torch.Size([384]): 
The value is the same before and after calling `init_weights` of YOLODualNeckDetector  

backbone.fusion_block4.transformer_fusion_stage.block.crosstransformer.0.mlp_ir.0.weight - torch.Size([1536, 384]): 
The value is the same before and after calling `init_weights` of YOLODualNeckDetector  

backbone.fusion_block4.transformer_fusion_stage.block.crosstransformer.0.mlp_ir.0.bias - torch.Size([1536]): 
The value is the same before and after calling `init_weights` of YOLODualNeckDetector  

backbone.fusion_block4.transformer_fusion_stage.block.crosstransformer.0.mlp_ir.2.weight - torch.Size([384, 1536]): 
The value is the same before and after calling `init_weights` of YOLODualNeckDetector  

backbone.fusion_block4.transformer_fusion_stage.block.crosstransformer.0.mlp_ir.2.bias - torch.Size([384]): 
The value is the same before and after calling `init_weights` of YOLODualNeckDetector  

backbone.fusion_block4.transformer_fusion_stage.block.crosstransformer.0.coef_att_vis.bias - torch.Size([1]): 
The value is the same before and after calling `init_weights` of YOLODualNeckDetector  

backbone.fusion_block4.transformer_fusion_stage.block.crosstransformer.0.coef_mlp_vis.bias - torch.Size([1]): 
The value is the same before and after calling `init_weights` of YOLODualNeckDetector  

backbone.fusion_block4.transformer_fusion_stage.block.crosstransformer.0.coef_att_ir.bias - torch.Size([1]): 
The value is the same before and after calling `init_weights` of YOLODualNeckDetector  

backbone.fusion_block4.transformer_fusion_stage.block.crosstransformer.0.coef_mlp_ir.bias - torch.Size([1]): 
The value is the same before and after calling `init_weights` of YOLODualNeckDetector  

backbone.fusion_block4.transformer_fusion_stage.block.out_fusion_module.conv1x1_out.conv.weight - torch.Size([384, 768, 1, 1]): 
The value is the same before and after calling `init_weights` of YOLODualNeckDetector  

backbone.fusion_block4.transformer_fusion_stage.block.out_fusion_module.conv1x1_out.bn.weight - torch.Size([384]): 
The value is the same before and after calling `init_weights` of YOLODualNeckDetector  

backbone.fusion_block4.transformer_fusion_stage.block.out_fusion_module.conv1x1_out.bn.bias - torch.Size([384]): 
The value is the same before and after calling `init_weights` of YOLODualNeckDetector  

backbone.fusion_block4.transformer_fusion_stage.mw.fc1.weight - torch.Size([24, 768, 1, 1]): 
The value is the same before and after calling `init_weights` of YOLODualNeckDetector  

backbone.fusion_block4.transformer_fusion_stage.mw.fc1.bias - torch.Size([24]): 
The value is the same before and after calling `init_weights` of YOLODualNeckDetector  

backbone.fusion_block4.transformer_fusion_stage.mw.fc2.weight - torch.Size([768, 24, 1, 1]): 
The value is the same before and after calling `init_weights` of YOLODualNeckDetector  

backbone.fusion_block4.transformer_fusion_stage.mw.fc2.bias - torch.Size([768]): 
The value is the same before and after calling `init_weights` of YOLODualNeckDetector  

backbone.fusion_block4.out_fusion_module.conv1x1_out.conv.weight - torch.Size([384, 768, 1, 1]): 
The value is the same before and after calling `init_weights` of YOLODualNeckDetector  

backbone.fusion_block4.out_fusion_module.conv1x1_out.bn.weight - torch.Size([384]): 
The value is the same before and after calling `init_weights` of YOLODualNeckDetector  

backbone.fusion_block4.out_fusion_module.conv1x1_out.bn.bias - torch.Size([384]): 
The value is the same before and after calling `init_weights` of YOLODualNeckDetector  

backbone.fusion_block4.mw.fc1.weight - torch.Size([24, 768, 1, 1]): 
The value is the same before and after calling `init_weights` of YOLODualNeckDetector  

backbone.fusion_block4.mw.fc1.bias - torch.Size([24]): 
The value is the same before and after calling `init_weights` of YOLODualNeckDetector  

backbone.fusion_block4.mw.fc2.weight - torch.Size([768, 24, 1, 1]): 
The value is the same before and after calling `init_weights` of YOLODualNeckDetector  

backbone.fusion_block4.mw.fc2.bias - torch.Size([768]): 
The value is the same before and after calling `init_weights` of YOLODualNeckDetector  

neck.top_down_layers.0.main_conv.conv.weight - torch.Size([384, 1152, 1, 1]): 
Initialized by user-defined `init_weights` in YOLOv8PAFPN  

neck.top_down_layers.0.main_conv.bn.weight - torch.Size([384]): 
The value is the same before and after calling `init_weights` of YOLODualNeckDetector  

neck.top_down_layers.0.main_conv.bn.bias - torch.Size([384]): 
The value is the same before and after calling `init_weights` of YOLODualNeckDetector  

neck.top_down_layers.0.final_conv.conv.weight - torch.Size([384, 768, 1, 1]): 
Initialized by user-defined `init_weights` in YOLOv8PAFPN  

neck.top_down_layers.0.final_conv.bn.weight - torch.Size([384]): 
The value is the same before and after calling `init_weights` of YOLODualNeckDetector  

neck.top_down_layers.0.final_conv.bn.bias - torch.Size([384]): 
The value is the same before and after calling `init_weights` of YOLODualNeckDetector  

neck.top_down_layers.0.blocks.0.conv1.conv.weight - torch.Size([192, 192, 3, 3]): 
Initialized by user-defined `init_weights` in YOLOv8PAFPN  

neck.top_down_layers.0.blocks.0.conv1.bn.weight - torch.Size([192]): 
The value is the same before and after calling `init_weights` of YOLODualNeckDetector  

neck.top_down_layers.0.blocks.0.conv1.bn.bias - torch.Size([192]): 
The value is the same before and after calling `init_weights` of YOLODualNeckDetector  

neck.top_down_layers.0.blocks.0.conv2.conv.weight - torch.Size([192, 192, 3, 3]): 
Initialized by user-defined `init_weights` in YOLOv8PAFPN  

neck.top_down_layers.0.blocks.0.conv2.bn.weight - torch.Size([192]): 
The value is the same before and after calling `init_weights` of YOLODualNeckDetector  

neck.top_down_layers.0.blocks.0.conv2.bn.bias - torch.Size([192]): 
The value is the same before and after calling `init_weights` of YOLODualNeckDetector  

neck.top_down_layers.0.blocks.1.conv1.conv.weight - torch.Size([192, 192, 3, 3]): 
Initialized by user-defined `init_weights` in YOLOv8PAFPN  

neck.top_down_layers.0.blocks.1.conv1.bn.weight - torch.Size([192]): 
The value is the same before and after calling `init_weights` of YOLODualNeckDetector  

neck.top_down_layers.0.blocks.1.conv1.bn.bias - torch.Size([192]): 
The value is the same before and after calling `init_weights` of YOLODualNeckDetector  

neck.top_down_layers.0.blocks.1.conv2.conv.weight - torch.Size([192, 192, 3, 3]): 
Initialized by user-defined `init_weights` in YOLOv8PAFPN  

neck.top_down_layers.0.blocks.1.conv2.bn.weight - torch.Size([192]): 
The value is the same before and after calling `init_weights` of YOLODualNeckDetector  

neck.top_down_layers.0.blocks.1.conv2.bn.bias - torch.Size([192]): 
The value is the same before and after calling `init_weights` of YOLODualNeckDetector  

neck.top_down_layers.1.main_conv.conv.weight - torch.Size([192, 576, 1, 1]): 
Initialized by user-defined `init_weights` in YOLOv8PAFPN  

neck.top_down_layers.1.main_conv.bn.weight - torch.Size([192]): 
The value is the same before and after calling `init_weights` of YOLODualNeckDetector  

neck.top_down_layers.1.main_conv.bn.bias - torch.Size([192]): 
The value is the same before and after calling `init_weights` of YOLODualNeckDetector  

neck.top_down_layers.1.final_conv.conv.weight - torch.Size([192, 384, 1, 1]): 
Initialized by user-defined `init_weights` in YOLOv8PAFPN  

neck.top_down_layers.1.final_conv.bn.weight - torch.Size([192]): 
The value is the same before and after calling `init_weights` of YOLODualNeckDetector  

neck.top_down_layers.1.final_conv.bn.bias - torch.Size([192]): 
The value is the same before and after calling `init_weights` of YOLODualNeckDetector  

neck.top_down_layers.1.blocks.0.conv1.conv.weight - torch.Size([96, 96, 3, 3]): 
Initialized by user-defined `init_weights` in YOLOv8PAFPN  

neck.top_down_layers.1.blocks.0.conv1.bn.weight - torch.Size([96]): 
The value is the same before and after calling `init_weights` of YOLODualNeckDetector  

neck.top_down_layers.1.blocks.0.conv1.bn.bias - torch.Size([96]): 
The value is the same before and after calling `init_weights` of YOLODualNeckDetector  

neck.top_down_layers.1.blocks.0.conv2.conv.weight - torch.Size([96, 96, 3, 3]): 
Initialized by user-defined `init_weights` in YOLOv8PAFPN  

neck.top_down_layers.1.blocks.0.conv2.bn.weight - torch.Size([96]): 
The value is the same before and after calling `init_weights` of YOLODualNeckDetector  

neck.top_down_layers.1.blocks.0.conv2.bn.bias - torch.Size([96]): 
The value is the same before and after calling `init_weights` of YOLODualNeckDetector  

neck.top_down_layers.1.blocks.1.conv1.conv.weight - torch.Size([96, 96, 3, 3]): 
Initialized by user-defined `init_weights` in YOLOv8PAFPN  

neck.top_down_layers.1.blocks.1.conv1.bn.weight - torch.Size([96]): 
The value is the same before and after calling `init_weights` of YOLODualNeckDetector  

neck.top_down_layers.1.blocks.1.conv1.bn.bias - torch.Size([96]): 
The value is the same before and after calling `init_weights` of YOLODualNeckDetector  

neck.top_down_layers.1.blocks.1.conv2.conv.weight - torch.Size([96, 96, 3, 3]): 
Initialized by user-defined `init_weights` in YOLOv8PAFPN  

neck.top_down_layers.1.blocks.1.conv2.bn.weight - torch.Size([96]): 
The value is the same before and after calling `init_weights` of YOLODualNeckDetector  

neck.top_down_layers.1.blocks.1.conv2.bn.bias - torch.Size([96]): 
The value is the same before and after calling `init_weights` of YOLODualNeckDetector  

neck.downsample_layers.0.conv.weight - torch.Size([192, 192, 3, 3]): 
Initialized by user-defined `init_weights` in YOLOv8PAFPN  

neck.downsample_layers.0.bn.weight - torch.Size([192]): 
The value is the same before and after calling `init_weights` of YOLODualNeckDetector  

neck.downsample_layers.0.bn.bias - torch.Size([192]): 
The value is the same before and after calling `init_weights` of YOLODualNeckDetector  

neck.downsample_layers.1.conv.weight - torch.Size([384, 384, 3, 3]): 
Initialized by user-defined `init_weights` in YOLOv8PAFPN  

neck.downsample_layers.1.bn.weight - torch.Size([384]): 
The value is the same before and after calling `init_weights` of YOLODualNeckDetector  

neck.downsample_layers.1.bn.bias - torch.Size([384]): 
The value is the same before and after calling `init_weights` of YOLODualNeckDetector  

neck.bottom_up_layers.0.main_conv.conv.weight - torch.Size([384, 576, 1, 1]): 
Initialized by user-defined `init_weights` in YOLOv8PAFPN  

neck.bottom_up_layers.0.main_conv.bn.weight - torch.Size([384]): 
The value is the same before and after calling `init_weights` of YOLODualNeckDetector  

neck.bottom_up_layers.0.main_conv.bn.bias - torch.Size([384]): 
The value is the same before and after calling `init_weights` of YOLODualNeckDetector  

neck.bottom_up_layers.0.final_conv.conv.weight - torch.Size([384, 768, 1, 1]): 
Initialized by user-defined `init_weights` in YOLOv8PAFPN  

neck.bottom_up_layers.0.final_conv.bn.weight - torch.Size([384]): 
The value is the same before and after calling `init_weights` of YOLODualNeckDetector  

neck.bottom_up_layers.0.final_conv.bn.bias - torch.Size([384]): 
The value is the same before and after calling `init_weights` of YOLODualNeckDetector  

neck.bottom_up_layers.0.blocks.0.conv1.conv.weight - torch.Size([192, 192, 3, 3]): 
Initialized by user-defined `init_weights` in YOLOv8PAFPN  

neck.bottom_up_layers.0.blocks.0.conv1.bn.weight - torch.Size([192]): 
The value is the same before and after calling `init_weights` of YOLODualNeckDetector  

neck.bottom_up_layers.0.blocks.0.conv1.bn.bias - torch.Size([192]): 
The value is the same before and after calling `init_weights` of YOLODualNeckDetector  

neck.bottom_up_layers.0.blocks.0.conv2.conv.weight - torch.Size([192, 192, 3, 3]): 
Initialized by user-defined `init_weights` in YOLOv8PAFPN  

neck.bottom_up_layers.0.blocks.0.conv2.bn.weight - torch.Size([192]): 
The value is the same before and after calling `init_weights` of YOLODualNeckDetector  

neck.bottom_up_layers.0.blocks.0.conv2.bn.bias - torch.Size([192]): 
The value is the same before and after calling `init_weights` of YOLODualNeckDetector  

neck.bottom_up_layers.0.blocks.1.conv1.conv.weight - torch.Size([192, 192, 3, 3]): 
Initialized by user-defined `init_weights` in YOLOv8PAFPN  

neck.bottom_up_layers.0.blocks.1.conv1.bn.weight - torch.Size([192]): 
The value is the same before and after calling `init_weights` of YOLODualNeckDetector  

neck.bottom_up_layers.0.blocks.1.conv1.bn.bias - torch.Size([192]): 
The value is the same before and after calling `init_weights` of YOLODualNeckDetector  

neck.bottom_up_layers.0.blocks.1.conv2.conv.weight - torch.Size([192, 192, 3, 3]): 
Initialized by user-defined `init_weights` in YOLOv8PAFPN  

neck.bottom_up_layers.0.blocks.1.conv2.bn.weight - torch.Size([192]): 
The value is the same before and after calling `init_weights` of YOLODualNeckDetector  

neck.bottom_up_layers.0.blocks.1.conv2.bn.bias - torch.Size([192]): 
The value is the same before and after calling `init_weights` of YOLODualNeckDetector  

neck.bottom_up_layers.1.main_conv.conv.weight - torch.Size([768, 1152, 1, 1]): 
Initialized by user-defined `init_weights` in YOLOv8PAFPN  

neck.bottom_up_layers.1.main_conv.bn.weight - torch.Size([768]): 
The value is the same before and after calling `init_weights` of YOLODualNeckDetector  

neck.bottom_up_layers.1.main_conv.bn.bias - torch.Size([768]): 
The value is the same before and after calling `init_weights` of YOLODualNeckDetector  

neck.bottom_up_layers.1.final_conv.conv.weight - torch.Size([768, 1536, 1, 1]): 
Initialized by user-defined `init_weights` in YOLOv8PAFPN  

neck.bottom_up_layers.1.final_conv.bn.weight - torch.Size([768]): 
The value is the same before and after calling `init_weights` of YOLODualNeckDetector  

neck.bottom_up_layers.1.final_conv.bn.bias - torch.Size([768]): 
The value is the same before and after calling `init_weights` of YOLODualNeckDetector  

neck.bottom_up_layers.1.blocks.0.conv1.conv.weight - torch.Size([384, 384, 3, 3]): 
Initialized by user-defined `init_weights` in YOLOv8PAFPN  

neck.bottom_up_layers.1.blocks.0.conv1.bn.weight - torch.Size([384]): 
The value is the same before and after calling `init_weights` of YOLODualNeckDetector  

neck.bottom_up_layers.1.blocks.0.conv1.bn.bias - torch.Size([384]): 
The value is the same before and after calling `init_weights` of YOLODualNeckDetector  

neck.bottom_up_layers.1.blocks.0.conv2.conv.weight - torch.Size([384, 384, 3, 3]): 
Initialized by user-defined `init_weights` in YOLOv8PAFPN  

neck.bottom_up_layers.1.blocks.0.conv2.bn.weight - torch.Size([384]): 
The value is the same before and after calling `init_weights` of YOLODualNeckDetector  

neck.bottom_up_layers.1.blocks.0.conv2.bn.bias - torch.Size([384]): 
The value is the same before and after calling `init_weights` of YOLODualNeckDetector  

neck.bottom_up_layers.1.blocks.1.conv1.conv.weight - torch.Size([384, 384, 3, 3]): 
Initialized by user-defined `init_weights` in YOLOv8PAFPN  

neck.bottom_up_layers.1.blocks.1.conv1.bn.weight - torch.Size([384]): 
The value is the same before and after calling `init_weights` of YOLODualNeckDetector  

neck.bottom_up_layers.1.blocks.1.conv1.bn.bias - torch.Size([384]): 
The value is the same before and after calling `init_weights` of YOLODualNeckDetector  

neck.bottom_up_layers.1.blocks.1.conv2.conv.weight - torch.Size([384, 384, 3, 3]): 
Initialized by user-defined `init_weights` in YOLOv8PAFPN  

neck.bottom_up_layers.1.blocks.1.conv2.bn.weight - torch.Size([384]): 
The value is the same before and after calling `init_weights` of YOLODualNeckDetector  

neck.bottom_up_layers.1.blocks.1.conv2.bn.bias - torch.Size([384]): 
The value is the same before and after calling `init_weights` of YOLODualNeckDetector  

bbox_head.head_module.cls_preds.0.0.conv.weight - torch.Size([192, 192, 3, 3]): 
The value is the same before and after calling `init_weights` of YOLODualNeckDetector  

bbox_head.head_module.cls_preds.0.0.bn.weight - torch.Size([192]): 
The value is the same before and after calling `init_weights` of YOLODualNeckDetector  

bbox_head.head_module.cls_preds.0.0.bn.bias - torch.Size([192]): 
The value is the same before and after calling `init_weights` of YOLODualNeckDetector  

bbox_head.head_module.cls_preds.0.1.conv.weight - torch.Size([192, 192, 3, 3]): 
The value is the same before and after calling `init_weights` of YOLODualNeckDetector  

bbox_head.head_module.cls_preds.0.1.bn.weight - torch.Size([192]): 
The value is the same before and after calling `init_weights` of YOLODualNeckDetector  

bbox_head.head_module.cls_preds.0.1.bn.bias - torch.Size([192]): 
The value is the same before and after calling `init_weights` of YOLODualNeckDetector  

bbox_head.head_module.cls_preds.0.2.weight - torch.Size([5, 192, 1, 1]): 
The value is the same before and after calling `init_weights` of YOLODualNeckDetector  

bbox_head.head_module.cls_preds.0.2.bias - torch.Size([5]): 
Initialized by user-defined `init_weights` in YOLOv8HeadModule  

bbox_head.head_module.cls_preds.1.0.conv.weight - torch.Size([192, 384, 3, 3]): 
The value is the same before and after calling `init_weights` of YOLODualNeckDetector  

bbox_head.head_module.cls_preds.1.0.bn.weight - torch.Size([192]): 
The value is the same before and after calling `init_weights` of YOLODualNeckDetector  

bbox_head.head_module.cls_preds.1.0.bn.bias - torch.Size([192]): 
The value is the same before and after calling `init_weights` of YOLODualNeckDetector  

bbox_head.head_module.cls_preds.1.1.conv.weight - torch.Size([192, 192, 3, 3]): 
The value is the same before and after calling `init_weights` of YOLODualNeckDetector  

bbox_head.head_module.cls_preds.1.1.bn.weight - torch.Size([192]): 
The value is the same before and after calling `init_weights` of YOLODualNeckDetector  

bbox_head.head_module.cls_preds.1.1.bn.bias - torch.Size([192]): 
The value is the same before and after calling `init_weights` of YOLODualNeckDetector  

bbox_head.head_module.cls_preds.1.2.weight - torch.Size([5, 192, 1, 1]): 
The value is the same before and after calling `init_weights` of YOLODualNeckDetector  

bbox_head.head_module.cls_preds.1.2.bias - torch.Size([5]): 
Initialized by user-defined `init_weights` in YOLOv8HeadModule  

bbox_head.head_module.cls_preds.2.0.conv.weight - torch.Size([192, 768, 3, 3]): 
The value is the same before and after calling `init_weights` of YOLODualNeckDetector  

bbox_head.head_module.cls_preds.2.0.bn.weight - torch.Size([192]): 
The value is the same before and after calling `init_weights` of YOLODualNeckDetector  

bbox_head.head_module.cls_preds.2.0.bn.bias - torch.Size([192]): 
The value is the same before and after calling `init_weights` of YOLODualNeckDetector  

bbox_head.head_module.cls_preds.2.1.conv.weight - torch.Size([192, 192, 3, 3]): 
The value is the same before and after calling `init_weights` of YOLODualNeckDetector  

bbox_head.head_module.cls_preds.2.1.bn.weight - torch.Size([192]): 
The value is the same before and after calling `init_weights` of YOLODualNeckDetector  

bbox_head.head_module.cls_preds.2.1.bn.bias - torch.Size([192]): 
The value is the same before and after calling `init_weights` of YOLODualNeckDetector  

bbox_head.head_module.cls_preds.2.2.weight - torch.Size([5, 192, 1, 1]): 
The value is the same before and after calling `init_weights` of YOLODualNeckDetector  

bbox_head.head_module.cls_preds.2.2.bias - torch.Size([5]): 
Initialized by user-defined `init_weights` in YOLOv8HeadModule  

bbox_head.head_module.reg_preds.0.0.conv.weight - torch.Size([64, 192, 3, 3]): 
The value is the same before and after calling `init_weights` of YOLODualNeckDetector  

bbox_head.head_module.reg_preds.0.0.bn.weight - torch.Size([64]): 
The value is the same before and after calling `init_weights` of YOLODualNeckDetector  

bbox_head.head_module.reg_preds.0.0.bn.bias - torch.Size([64]): 
The value is the same before and after calling `init_weights` of YOLODualNeckDetector  

bbox_head.head_module.reg_preds.0.1.conv.weight - torch.Size([64, 64, 3, 3]): 
The value is the same before and after calling `init_weights` of YOLODualNeckDetector  

bbox_head.head_module.reg_preds.0.1.bn.weight - torch.Size([64]): 
The value is the same before and after calling `init_weights` of YOLODualNeckDetector  

bbox_head.head_module.reg_preds.0.1.bn.bias - torch.Size([64]): 
The value is the same before and after calling `init_weights` of YOLODualNeckDetector  

bbox_head.head_module.reg_preds.0.2.weight - torch.Size([64, 64, 1, 1]): 
The value is the same before and after calling `init_weights` of YOLODualNeckDetector  

bbox_head.head_module.reg_preds.0.2.bias - torch.Size([64]): 
Initialized by user-defined `init_weights` in YOLOv8HeadModule  

bbox_head.head_module.reg_preds.1.0.conv.weight - torch.Size([64, 384, 3, 3]): 
The value is the same before and after calling `init_weights` of YOLODualNeckDetector  

bbox_head.head_module.reg_preds.1.0.bn.weight - torch.Size([64]): 
The value is the same before and after calling `init_weights` of YOLODualNeckDetector  

bbox_head.head_module.reg_preds.1.0.bn.bias - torch.Size([64]): 
The value is the same before and after calling `init_weights` of YOLODualNeckDetector  

bbox_head.head_module.reg_preds.1.1.conv.weight - torch.Size([64, 64, 3, 3]): 
The value is the same before and after calling `init_weights` of YOLODualNeckDetector  

bbox_head.head_module.reg_preds.1.1.bn.weight - torch.Size([64]): 
The value is the same before and after calling `init_weights` of YOLODualNeckDetector  

bbox_head.head_module.reg_preds.1.1.bn.bias - torch.Size([64]): 
The value is the same before and after calling `init_weights` of YOLODualNeckDetector  

bbox_head.head_module.reg_preds.1.2.weight - torch.Size([64, 64, 1, 1]): 
The value is the same before and after calling `init_weights` of YOLODualNeckDetector  

bbox_head.head_module.reg_preds.1.2.bias - torch.Size([64]): 
Initialized by user-defined `init_weights` in YOLOv8HeadModule  

bbox_head.head_module.reg_preds.2.0.conv.weight - torch.Size([64, 768, 3, 3]): 
The value is the same before and after calling `init_weights` of YOLODualNeckDetector  

bbox_head.head_module.reg_preds.2.0.bn.weight - torch.Size([64]): 
The value is the same before and after calling `init_weights` of YOLODualNeckDetector  

bbox_head.head_module.reg_preds.2.0.bn.bias - torch.Size([64]): 
The value is the same before and after calling `init_weights` of YOLODualNeckDetector  

bbox_head.head_module.reg_preds.2.1.conv.weight - torch.Size([64, 64, 3, 3]): 
The value is the same before and after calling `init_weights` of YOLODualNeckDetector  

bbox_head.head_module.reg_preds.2.1.bn.weight - torch.Size([64]): 
The value is the same before and after calling `init_weights` of YOLODualNeckDetector  

bbox_head.head_module.reg_preds.2.1.bn.bias - torch.Size([64]): 
The value is the same before and after calling `init_weights` of YOLODualNeckDetector  

bbox_head.head_module.reg_preds.2.2.weight - torch.Size([64, 64, 1, 1]): 
The value is the same before and after calling `init_weights` of YOLODualNeckDetector  

bbox_head.head_module.reg_preds.2.2.bias - torch.Size([64]): 
Initialized by user-defined `init_weights` in YOLOv8HeadModule  
2025/06/24 13:35:50 - mmengine - INFO - Auto resumed from the latest checkpoint /data/nl/Mamba2Spectral/work_dirs/DroneVehicle/2025_06_22/yolov8_mambatransformer/epoch_184.pth.
2025/06/24 13:35:50 - mmengine - INFO - Load checkpoint from /data/nl/Mamba2Spectral/work_dirs/DroneVehicle/2025_06_22/yolov8_mambatransformer/epoch_184.pth
2025/06/24 13:35:51 - mmengine - WARNING - `resume_param_scheduler` is True but `self.param_schedulers` is None, so skip resuming parameter schedulers
2025/06/24 13:35:51 - mmengine - INFO - resumed epoch: 184, iter: 73600
2025/06/24 13:35:51 - mmengine - WARNING - "FileClient" will be deprecated in future. Please use io functions in https://mmengine.readthedocs.io/en/latest/api/fileio.html#file-io
2025/06/24 13:35:51 - mmengine - WARNING - "HardDiskBackend" is the alias of "LocalBackend" and the former will be deprecated in future.
2025/06/24 13:35:51 - mmengine - INFO - Checkpoints will be saved to /data/nl/Mamba2Spectral/work_dirs/DroneVehicle/2025_06_22/yolov8_mambatransformer.
2025/06/24 13:37:13 - mmengine - INFO - Epoch(train) [185][ 50/400]  base_lr: 1.0000e-02 lr: 9.4150e-04  eta: 2:54:53  time: 1.6526  data_time: 0.0375  memory: 18615  grad_norm: 17.3508  loss: 17.8607  loss_cls: 3.2734  loss_bbox: 6.9159  loss_dfl: 7.6713
2025/06/24 13:38:31 - mmengine - INFO - Epoch(train) [185][100/400]  base_lr: 1.0000e-02 lr: 9.4150e-04  eta: 2:48:12  time: 1.5513  data_time: 0.0072  memory: 10806  grad_norm: 17.8369  loss: 18.1419  loss_cls: 3.3494  loss_bbox: 7.0784  loss_dfl: 7.7141
2025/06/24 13:39:48 - mmengine - INFO - Epoch(train) [185][150/400]  base_lr: 1.0000e-02 lr: 9.4150e-04  eta: 2:45:05  time: 1.5509  data_time: 0.0072  memory: 10688  grad_norm: 18.1086  loss: 17.9056  loss_cls: 3.2511  loss_bbox: 6.8979  loss_dfl: 7.7566
2025/06/24 13:41:06 - mmengine - INFO - Epoch(train) [185][200/400]  base_lr: 1.0000e-02 lr: 9.4150e-04  eta: 2:42:54  time: 1.5515  data_time: 0.0072  memory: 10779  grad_norm: 19.1762  loss: 18.1307  loss_cls: 3.3340  loss_bbox: 6.9929  loss_dfl: 7.8038
2025/06/24 13:42:24 - mmengine - INFO - Epoch(train) [185][250/400]  base_lr: 1.0000e-02 lr: 9.4150e-04  eta: 2:41:05  time: 1.5519  data_time: 0.0073  memory: 10864  grad_norm: 17.2264  loss: 17.8901  loss_cls: 3.2937  loss_bbox: 6.9440  loss_dfl: 7.6524
2025/06/24 13:43:41 - mmengine - INFO - Epoch(train) [185][300/400]  base_lr: 1.0000e-02 lr: 9.4150e-04  eta: 2:39:25  time: 1.5509  data_time: 0.0072  memory: 10736  grad_norm: 17.8707  loss: 17.8566  loss_cls: 3.2507  loss_bbox: 6.9081  loss_dfl: 7.6978
2025/06/24 13:44:59 - mmengine - INFO - Epoch(train) [185][350/400]  base_lr: 1.0000e-02 lr: 9.4150e-04  eta: 2:37:53  time: 1.5523  data_time: 0.0072  memory: 10720  grad_norm: 18.3206  loss: 18.0997  loss_cls: 3.3755  loss_bbox: 7.0441  loss_dfl: 7.6800
2025/06/24 13:46:16 - mmengine - INFO - Exp name: yolov8_mambatransformer_20250624_133541
2025/06/24 13:46:16 - mmengine - INFO - Epoch(train) [185][400/400]  base_lr: 1.0000e-02 lr: 9.4150e-04  eta: 2:36:23  time: 1.5506  data_time: 0.0070  memory: 10640  grad_norm: 17.5951  loss: 18.0567  loss_cls: 3.3178  loss_bbox: 6.9911  loss_dfl: 7.7478
2025/06/24 13:46:16 - mmengine - INFO - Saving checkpoint at 185 epochs
2025/06/24 13:46:18 - mmengine - WARNING - `save_param_scheduler` is True but `self.param_schedulers` is None, so skip saving parameter schedulers
2025/06/24 13:46:26 - mmengine - INFO - Epoch(val) [185][ 50/800]    eta: 0:01:13  time: 0.0975  data_time: 0.0027  memory: 1024  
2025/06/24 13:46:31 - mmengine - INFO - Epoch(val) [185][100/800]    eta: 0:01:04  time: 0.0864  data_time: 0.0004  memory: 998  
2025/06/24 13:46:35 - mmengine - INFO - Epoch(val) [185][150/800]    eta: 0:00:59  time: 0.0915  data_time: 0.0005  memory: 998  
2025/06/24 13:46:39 - mmengine - INFO - Epoch(val) [185][200/800]    eta: 0:00:54  time: 0.0864  data_time: 0.0015  memory: 998  
2025/06/24 13:46:44 - mmengine - INFO - Epoch(val) [185][250/800]    eta: 0:00:50  time: 0.0985  data_time: 0.0022  memory: 998  
2025/06/24 13:46:50 - mmengine - INFO - Epoch(val) [185][300/800]    eta: 0:00:48  time: 0.1198  data_time: 0.0012  memory: 998  
2025/06/24 13:46:57 - mmengine - INFO - Epoch(val) [185][350/800]    eta: 0:00:45  time: 0.1282  data_time: 0.0009  memory: 998  
2025/06/24 13:47:03 - mmengine - INFO - Epoch(val) [185][400/800]    eta: 0:00:41  time: 0.1311  data_time: 0.0005  memory: 998  
2025/06/24 13:47:10 - mmengine - INFO - Epoch(val) [185][450/800]    eta: 0:00:37  time: 0.1249  data_time: 0.0005  memory: 998  
2025/06/24 13:47:16 - mmengine - INFO - Epoch(val) [185][500/800]    eta: 0:00:32  time: 0.1251  data_time: 0.0005  memory: 998  
2025/06/24 13:47:22 - mmengine - INFO - Epoch(val) [185][550/800]    eta: 0:00:27  time: 0.1283  data_time: 0.0005  memory: 998  
2025/06/24 13:47:28 - mmengine - INFO - Epoch(val) [185][600/800]    eta: 0:00:22  time: 0.1140  data_time: 0.0008  memory: 998  
2025/06/24 13:47:33 - mmengine - INFO - Epoch(val) [185][650/800]    eta: 0:00:16  time: 0.1032  data_time: 0.0004  memory: 998  
2025/06/24 13:47:39 - mmengine - INFO - Epoch(val) [185][700/800]    eta: 0:00:11  time: 0.1090  data_time: 0.0021  memory: 998  
2025/06/24 13:47:46 - mmengine - INFO - Epoch(val) [185][750/800]    eta: 0:00:05  time: 0.1363  data_time: 0.0094  memory: 998  
2025/06/24 13:47:52 - mmengine - INFO - Epoch(val) [185][800/800]    eta: 0:00:00  time: 0.1310  data_time: 0.0044  memory: 998  
2025/06/24 13:47:53 - mmengine - INFO - Evaluating bbox...
2025/06/24 13:48:05 - mmengine - INFO - 
+-------------+-------+--------+--------+-------+-------+-------+
| category    | mAP   | mAP_50 | mAP_75 | mAP_s | mAP_m | mAP_l |
+-------------+-------+--------+--------+-------+-------+-------+
| car         | 0.702 | 0.967  | 0.858  | 0.485 | 0.732 | 0.0   |
| truck       | 0.525 | 0.736  | 0.633  | 0.11  | 0.514 | 0.611 |
| bus         | 0.767 | 0.963  | 0.891  | 0.0   | 0.732 | 0.834 |
| van         | 0.487 | 0.672  | 0.585  | 0.25  | 0.483 | 0.804 |
| freight_car | 0.509 | 0.703  | 0.601  | 0.189 | 0.492 | 0.618 |
+-------------+-------+--------+--------+-------+-------+-------+
2025/06/24 13:48:05 - mmengine - INFO - bbox_mAP_copypaste: 0.598 0.808 0.714 0.207 0.591 0.573
2025/06/24 13:48:05 - mmengine - INFO - Epoch(val) [185][800/800]    coco/car_precision: 0.7020  coco/truck_precision: 0.5250  coco/bus_precision: 0.7670  coco/van_precision: 0.4870  coco/freight_car_precision: 0.5090  coco/bbox_mAP: 0.5980  coco/bbox_mAP_50: 0.8080  coco/bbox_mAP_75: 0.7140  coco/bbox_mAP_s: 0.2070  coco/bbox_mAP_m: 0.5910  coco/bbox_mAP_l: 0.5730  data_time: 0.0018  time: 0.1131
2025/06/24 13:49:24 - mmengine - INFO - Epoch(train) [186][ 50/400]  base_lr: 1.0000e-02 lr: 8.9200e-04  eta: 2:35:15  time: 1.5781  data_time: 0.0288  memory: 11239  grad_norm: 18.3693  loss: 18.1854  loss_cls: 3.3553  loss_bbox: 7.0654  loss_dfl: 7.7648
2025/06/24 13:50:41 - mmengine - INFO - Epoch(train) [186][100/400]  base_lr: 1.0000e-02 lr: 8.9200e-04  eta: 2:33:49  time: 1.5527  data_time: 0.0069  memory: 10748  grad_norm: 18.5776  loss: 17.8342  loss_cls: 3.3534  loss_bbox: 6.8526  loss_dfl: 7.6282
2025/06/24 13:51:59 - mmengine - INFO - Epoch(train) [186][150/400]  base_lr: 1.0000e-02 lr: 8.9200e-04  eta: 2:32:25  time: 1.5533  data_time: 0.0070  memory: 10838  grad_norm: 18.0938  loss: 17.7606  loss_cls: 3.2894  loss_bbox: 6.7933  loss_dfl: 7.6778
2025/06/24 13:53:17 - mmengine - INFO - Epoch(train) [186][200/400]  base_lr: 1.0000e-02 lr: 8.9200e-04  eta: 2:31:01  time: 1.5527  data_time: 0.0070  memory: 10764  grad_norm: 17.7494  loss: 17.6776  loss_cls: 3.2453  loss_bbox: 6.7244  loss_dfl: 7.7079
2025/06/24 13:54:34 - mmengine - INFO - Epoch(train) [186][250/400]  base_lr: 1.0000e-02 lr: 8.9200e-04  eta: 2:29:39  time: 1.5523  data_time: 0.0070  memory: 10966  grad_norm: 17.8282  loss: 17.9174  loss_cls: 3.3090  loss_bbox: 6.9414  loss_dfl: 7.6670
2025/06/24 13:55:52 - mmengine - INFO - Epoch(train) [186][300/400]  base_lr: 1.0000e-02 lr: 8.9200e-04  eta: 2:28:18  time: 1.5547  data_time: 0.0071  memory: 10865  grad_norm: 17.4029  loss: 17.7880  loss_cls: 3.2650  loss_bbox: 6.8978  loss_dfl: 7.6251
2025/06/24 13:57:10 - mmengine - INFO - Epoch(train) [186][350/400]  base_lr: 1.0000e-02 lr: 8.9200e-04  eta: 2:26:57  time: 1.5543  data_time: 0.0072  memory: 10860  grad_norm: 18.1555  loss: 17.9354  loss_cls: 3.3443  loss_bbox: 6.9311  loss_dfl: 7.6600
2025/06/24 13:58:28 - mmengine - INFO - Exp name: yolov8_mambatransformer_20250624_133541
2025/06/24 13:58:28 - mmengine - INFO - Epoch(train) [186][400/400]  base_lr: 1.0000e-02 lr: 8.9200e-04  eta: 2:25:36  time: 1.5517  data_time: 0.0068  memory: 10828  grad_norm: 17.9477  loss: 17.9701  loss_cls: 3.3516  loss_bbox: 6.9113  loss_dfl: 7.7072
2025/06/24 13:58:28 - mmengine - INFO - Saving checkpoint at 186 epochs
2025/06/24 13:58:35 - mmengine - INFO - Epoch(val) [186][ 50/800]    eta: 0:00:58  time: 0.0785  data_time: 0.0010  memory: 1000  
2025/06/24 13:58:40 - mmengine - INFO - Epoch(val) [186][100/800]    eta: 0:01:03  time: 0.1021  data_time: 0.0005  memory: 1000  
2025/06/24 13:58:45 - mmengine - INFO - Epoch(val) [186][150/800]    eta: 0:01:01  time: 0.1034  data_time: 0.0004  memory: 1000  
2025/06/24 13:58:50 - mmengine - INFO - Epoch(val) [186][200/800]    eta: 0:00:58  time: 0.1033  data_time: 0.0004  memory: 1000  
2025/06/24 13:58:55 - mmengine - INFO - Epoch(val) [186][250/800]    eta: 0:00:53  time: 0.1032  data_time: 0.0004  memory: 1000  
2025/06/24 13:59:01 - mmengine - INFO - Epoch(val) [186][300/800]    eta: 0:00:49  time: 0.1030  data_time: 0.0004  memory: 1000  
2025/06/24 13:59:06 - mmengine - INFO - Epoch(val) [186][350/800]    eta: 0:00:44  time: 0.1023  data_time: 0.0004  memory: 1000  
2025/06/24 13:59:11 - mmengine - INFO - Epoch(val) [186][400/800]    eta: 0:00:39  time: 0.1032  data_time: 0.0004  memory: 1000  
2025/06/24 13:59:16 - mmengine - INFO - Epoch(val) [186][450/800]    eta: 0:00:35  time: 0.1028  data_time: 0.0004  memory: 1000  
2025/06/24 13:59:21 - mmengine - INFO - Epoch(val) [186][500/800]    eta: 0:00:30  time: 0.1026  data_time: 0.0004  memory: 1000  
2025/06/24 13:59:26 - mmengine - INFO - Epoch(val) [186][550/800]    eta: 0:00:25  time: 0.1029  data_time: 0.0036  memory: 1000  
2025/06/24 13:59:32 - mmengine - INFO - Epoch(val) [186][600/800]    eta: 0:00:20  time: 0.1025  data_time: 0.0004  memory: 1000  
2025/06/24 13:59:37 - mmengine - INFO - Epoch(val) [186][650/800]    eta: 0:00:15  time: 0.1023  data_time: 0.0004  memory: 1000  
2025/06/24 13:59:42 - mmengine - INFO - Epoch(val) [186][700/800]    eta: 0:00:10  time: 0.1029  data_time: 0.0004  memory: 1000  
2025/06/24 13:59:47 - mmengine - INFO - Epoch(val) [186][750/800]    eta: 0:00:05  time: 0.1016  data_time: 0.0004  memory: 1000  
2025/06/24 13:59:52 - mmengine - INFO - Epoch(val) [186][800/800]    eta: 0:00:00  time: 0.1021  data_time: 0.0041  memory: 1000  
2025/06/24 13:59:53 - mmengine - INFO - Evaluating bbox...
2025/06/24 14:00:04 - mmengine - INFO - 
+-------------+-------+--------+--------+-------+-------+-------+
| category    | mAP   | mAP_50 | mAP_75 | mAP_s | mAP_m | mAP_l |
+-------------+-------+--------+--------+-------+-------+-------+
| car         | 0.702 | 0.967  | 0.858  | 0.484 | 0.732 | 0.0   |
| truck       | 0.524 | 0.737  | 0.631  | 0.112 | 0.513 | 0.612 |
| bus         | 0.767 | 0.962  | 0.891  | 0.0   | 0.733 | 0.834 |
| van         | 0.487 | 0.673  | 0.585  | 0.249 | 0.484 | 0.804 |
| freight_car | 0.509 | 0.702  | 0.602  | 0.189 | 0.49  | 0.625 |
+-------------+-------+--------+--------+-------+-------+-------+
2025/06/24 14:00:04 - mmengine - INFO - bbox_mAP_copypaste: 0.598 0.808 0.713 0.207 0.590 0.575
2025/06/24 14:00:04 - mmengine - INFO - Epoch(val) [186][800/800]    coco/car_precision: 0.7020  coco/truck_precision: 0.5240  coco/bus_precision: 0.7670  coco/van_precision: 0.4870  coco/freight_car_precision: 0.5090  coco/bbox_mAP: 0.5980  coco/bbox_mAP_50: 0.8080  coco/bbox_mAP_75: 0.7130  coco/bbox_mAP_s: 0.2070  coco/bbox_mAP_m: 0.5900  coco/bbox_mAP_l: 0.5750  data_time: 0.0009  time: 0.1012
2025/06/24 14:01:23 - mmengine - INFO - Epoch(train) [187][ 50/400]  base_lr: 1.0000e-02 lr: 8.4250e-04  eta: 2:24:22  time: 1.5722  data_time: 0.0275  memory: 10774  grad_norm: 17.9049  loss: 17.9505  loss_cls: 3.3281  loss_bbox: 6.9684  loss_dfl: 7.6540
2025/06/24 14:02:41 - mmengine - INFO - Epoch(train) [187][100/400]  base_lr: 1.0000e-02 lr: 8.4250e-04  eta: 2:23:02  time: 1.5555  data_time: 0.0072  memory: 10689  grad_norm: 17.8932  loss: 18.1622  loss_cls: 3.3662  loss_bbox: 7.0420  loss_dfl: 7.7541
2025/06/24 14:03:58 - mmengine - INFO - Epoch(train) [187][150/400]  base_lr: 1.0000e-02 lr: 8.4250e-04  eta: 2:21:42  time: 1.5519  data_time: 0.0071  memory: 10966  grad_norm: 17.4440  loss: 17.8248  loss_cls: 3.2562  loss_bbox: 6.9078  loss_dfl: 7.6607
2025/06/24 14:05:16 - mmengine - INFO - Epoch(train) [187][200/400]  base_lr: 1.0000e-02 lr: 8.4250e-04  eta: 2:20:22  time: 1.5532  data_time: 0.0073  memory: 10844  grad_norm: 17.0773  loss: 17.9486  loss_cls: 3.2656  loss_bbox: 7.0028  loss_dfl: 7.6802
2025/06/24 14:06:34 - mmengine - INFO - Epoch(train) [187][250/400]  base_lr: 1.0000e-02 lr: 8.4250e-04  eta: 2:19:02  time: 1.5502  data_time: 0.0070  memory: 10662  grad_norm: 18.3558  loss: 17.9911  loss_cls: 3.2657  loss_bbox: 6.9960  loss_dfl: 7.7293
2025/06/24 14:07:51 - mmengine - INFO - Epoch(train) [187][300/400]  base_lr: 1.0000e-02 lr: 8.4250e-04  eta: 2:17:42  time: 1.5517  data_time: 0.0071  memory: 10828  grad_norm: 17.7022  loss: 17.6655  loss_cls: 3.1957  loss_bbox: 6.7942  loss_dfl: 7.6755
2025/06/24 14:09:09 - mmengine - INFO - Epoch(train) [187][350/400]  base_lr: 1.0000e-02 lr: 8.4250e-04  eta: 2:16:22  time: 1.5507  data_time: 0.0070  memory: 10662  grad_norm: 17.3541  loss: 17.4705  loss_cls: 3.1981  loss_bbox: 6.6689  loss_dfl: 7.6035
2025/06/24 14:10:26 - mmengine - INFO - Exp name: yolov8_mambatransformer_20250624_133541
2025/06/24 14:10:26 - mmengine - INFO - Epoch(train) [187][400/400]  base_lr: 1.0000e-02 lr: 8.4250e-04  eta: 2:15:02  time: 1.5496  data_time: 0.0068  memory: 11078  grad_norm: 18.8532  loss: 17.7223  loss_cls: 3.2202  loss_bbox: 6.7790  loss_dfl: 7.7231
2025/06/24 14:10:26 - mmengine - INFO - Saving checkpoint at 187 epochs
2025/06/24 14:10:34 - mmengine - INFO - Epoch(val) [187][ 50/800]    eta: 0:01:09  time: 0.0924  data_time: 0.0009  memory: 1000  
2025/06/24 14:10:39 - mmengine - INFO - Epoch(val) [187][100/800]    eta: 0:01:07  time: 0.0998  data_time: 0.0004  memory: 1000  
2025/06/24 14:10:44 - mmengine - INFO - Epoch(val) [187][150/800]    eta: 0:01:03  time: 0.1023  data_time: 0.0042  memory: 1000  
2025/06/24 14:10:50 - mmengine - INFO - Epoch(val) [187][200/800]    eta: 0:00:59  time: 0.1026  data_time: 0.0048  memory: 1000  
2025/06/24 14:10:55 - mmengine - INFO - Epoch(val) [187][250/800]    eta: 0:00:54  time: 0.1020  data_time: 0.0004  memory: 1000  
2025/06/24 14:11:00 - mmengine - INFO - Epoch(val) [187][300/800]    eta: 0:00:50  time: 0.1026  data_time: 0.0004  memory: 1000  
2025/06/24 14:11:05 - mmengine - INFO - Epoch(val) [187][350/800]    eta: 0:00:45  time: 0.1023  data_time: 0.0004  memory: 1000  
2025/06/24 14:11:10 - mmengine - INFO - Epoch(val) [187][400/800]    eta: 0:00:40  time: 0.1023  data_time: 0.0004  memory: 1000  
2025/06/24 14:11:15 - mmengine - INFO - Epoch(val) [187][450/800]    eta: 0:00:35  time: 0.1025  data_time: 0.0004  memory: 1000  
2025/06/24 14:11:20 - mmengine - INFO - Epoch(val) [187][500/800]    eta: 0:00:30  time: 0.1026  data_time: 0.0004  memory: 1000  
2025/06/24 14:11:26 - mmengine - INFO - Epoch(val) [187][550/800]    eta: 0:00:25  time: 0.1025  data_time: 0.0004  memory: 1000  
2025/06/24 14:11:31 - mmengine - INFO - Epoch(val) [187][600/800]    eta: 0:00:20  time: 0.1023  data_time: 0.0004  memory: 1000  
2025/06/24 14:11:36 - mmengine - INFO - Epoch(val) [187][650/800]    eta: 0:00:15  time: 0.1023  data_time: 0.0004  memory: 1000  
2025/06/24 14:11:41 - mmengine - INFO - Epoch(val) [187][700/800]    eta: 0:00:10  time: 0.1031  data_time: 0.0004  memory: 1000  
2025/06/24 14:11:46 - mmengine - INFO - Epoch(val) [187][750/800]    eta: 0:00:05  time: 0.1031  data_time: 0.0004  memory: 1000  
2025/06/24 14:11:51 - mmengine - INFO - Epoch(val) [187][800/800]    eta: 0:00:00  time: 0.1016  data_time: 0.0004  memory: 1000  
2025/06/24 14:11:52 - mmengine - INFO - Evaluating bbox...
2025/06/24 14:12:04 - mmengine - INFO - 
+-------------+-------+--------+--------+-------+-------+-------+
| category    | mAP   | mAP_50 | mAP_75 | mAP_s | mAP_m | mAP_l |
+-------------+-------+--------+--------+-------+-------+-------+
| car         | 0.702 | 0.966  | 0.858  | 0.485 | 0.732 | 0.0   |
| truck       | 0.524 | 0.736  | 0.629  | 0.113 | 0.513 | 0.611 |
| bus         | 0.767 | 0.963  | 0.89   | 0.0   | 0.733 | 0.834 |
| van         | 0.487 | 0.672  | 0.585  | 0.253 | 0.485 | 0.805 |
| freight_car | 0.508 | 0.701  | 0.602  | 0.189 | 0.49  | 0.624 |
+-------------+-------+--------+--------+-------+-------+-------+
2025/06/24 14:12:04 - mmengine - INFO - bbox_mAP_copypaste: 0.598 0.808 0.713 0.208 0.591 0.575
2025/06/24 14:12:04 - mmengine - INFO - Epoch(val) [187][800/800]    coco/car_precision: 0.7020  coco/truck_precision: 0.5240  coco/bus_precision: 0.7670  coco/van_precision: 0.4870  coco/freight_car_precision: 0.5080  coco/bbox_mAP: 0.5980  coco/bbox_mAP_50: 0.8080  coco/bbox_mAP_75: 0.7130  coco/bbox_mAP_s: 0.2080  coco/bbox_mAP_m: 0.5910  coco/bbox_mAP_l: 0.5750  data_time: 0.0009  time: 0.1016
2025/06/24 14:13:22 - mmengine - INFO - Epoch(train) [188][ 50/400]  base_lr: 1.0000e-02 lr: 7.9300e-04  eta: 2:13:48  time: 1.5747  data_time: 0.0286  memory: 11030  grad_norm: 18.6622  loss: 17.9826  loss_cls: 3.3857  loss_bbox: 6.9704  loss_dfl: 7.6265
2025/06/24 14:14:40 - mmengine - INFO - Epoch(train) [188][100/400]  base_lr: 1.0000e-02 lr: 7.9300e-04  eta: 2:12:28  time: 1.5512  data_time: 0.0070  memory: 10748  grad_norm: 19.7740  loss: 18.0920  loss_cls: 3.3860  loss_bbox: 6.9789  loss_dfl: 7.7271
2025/06/24 14:15:59 - mmengine - INFO - Epoch(train) [188][150/400]  base_lr: 1.0000e-02 lr: 7.9300e-04  eta: 2:11:14  time: 1.5815  data_time: 0.0072  memory: 11004  grad_norm: 17.7857  loss: 17.8006  loss_cls: 3.2169  loss_bbox: 6.9153  loss_dfl: 7.6684
2025/06/24 14:18:41 - mmengine - INFO - Exp name: yolov8_mambatransformer_20250624_133541
2025/06/24 14:18:41 - mmengine - INFO - Epoch(train) [188][200/400]  base_lr: 1.0000e-02 lr: 7.9300e-04  eta: 2:14:57  time: 3.2436  data_time: 0.0072  memory: 10732  grad_norm: 18.2137  loss: 17.9729  loss_cls: 3.3641  loss_bbox: 6.9286  loss_dfl: 7.6802
2025/06/24 14:21:27 - mmengine - INFO - Epoch(train) [188][250/400]  base_lr: 1.0000e-02 lr: 7.9300e-04  eta: 2:18:26  time: 3.3182  data_time: 0.0073  memory: 10828  grad_norm: 18.9484  loss: 17.7938  loss_cls: 3.2821  loss_bbox: 6.7868  loss_dfl: 7.7249
2025/06/24 14:24:13 - mmengine - INFO - Epoch(train) [188][300/400]  base_lr: 1.0000e-02 lr: 7.9300e-04  eta: 2:21:30  time: 3.3183  data_time: 0.0074  memory: 10684  grad_norm: 19.3889  loss: 17.9970  loss_cls: 3.2942  loss_bbox: 6.8907  loss_dfl: 7.8120
2025/06/24 14:26:59 - mmengine - INFO - Epoch(train) [188][350/400]  base_lr: 1.0000e-02 lr: 7.9300e-04  eta: 2:24:12  time: 3.3200  data_time: 0.0073  memory: 10694  grad_norm: 19.2181  loss: 17.9287  loss_cls: 3.3125  loss_bbox: 6.8536  loss_dfl: 7.7626
2025/06/24 14:29:45 - mmengine - INFO - Exp name: yolov8_mambatransformer_20250624_133541
2025/06/24 14:29:45 - mmengine - INFO - Epoch(train) [188][400/400]  base_lr: 1.0000e-02 lr: 7.9300e-04  eta: 2:26:33  time: 3.3200  data_time: 0.0093  memory: 10716  grad_norm: 18.2909  loss: 17.5980  loss_cls: 3.2088  loss_bbox: 6.7459  loss_dfl: 7.6433
2025/06/24 14:29:45 - mmengine - INFO - Saving checkpoint at 188 epochs
2025/06/24 14:29:54 - mmengine - INFO - Epoch(val) [188][ 50/800]    eta: 0:01:24  time: 0.1121  data_time: 0.0009  memory: 1000  
2025/06/24 14:30:00 - mmengine - INFO - Epoch(val) [188][100/800]    eta: 0:01:21  time: 0.1206  data_time: 0.0006  memory: 1000  
2025/06/24 14:30:06 - mmengine - INFO - Epoch(val) [188][150/800]    eta: 0:01:16  time: 0.1181  data_time: 0.0006  memory: 1000  
2025/06/24 14:30:12 - mmengine - INFO - Epoch(val) [188][200/800]    eta: 0:01:09  time: 0.1138  data_time: 0.0005  memory: 1000  
2025/06/24 14:30:18 - mmengine - INFO - Epoch(val) [188][250/800]    eta: 0:01:03  time: 0.1102  data_time: 0.0005  memory: 1000  
2025/06/24 14:30:23 - mmengine - INFO - Epoch(val) [188][300/800]    eta: 0:00:57  time: 0.1099  data_time: 0.0005  memory: 1000  
2025/06/24 14:30:29 - mmengine - INFO - Epoch(val) [188][350/800]    eta: 0:00:51  time: 0.1093  data_time: 0.0005  memory: 1000  
2025/06/24 14:30:34 - mmengine - INFO - Epoch(val) [188][400/800]    eta: 0:00:45  time: 0.1129  data_time: 0.0006  memory: 1000  
2025/06/24 14:30:40 - mmengine - INFO - Epoch(val) [188][450/800]    eta: 0:00:39  time: 0.1171  data_time: 0.0006  memory: 1000  
2025/06/24 14:30:46 - mmengine - INFO - Epoch(val) [188][500/800]    eta: 0:00:34  time: 0.1116  data_time: 0.0006  memory: 1000  
2025/06/24 14:30:53 - mmengine - INFO - Epoch(val) [188][550/800]    eta: 0:00:28  time: 0.1360  data_time: 0.0005  memory: 1000  
2025/06/24 14:31:00 - mmengine - INFO - Epoch(val) [188][600/800]    eta: 0:00:23  time: 0.1401  data_time: 0.0005  memory: 1000  
2025/06/24 14:31:07 - mmengine - INFO - Epoch(val) [188][650/800]    eta: 0:00:17  time: 0.1403  data_time: 0.0005  memory: 1000  
2025/06/24 14:31:13 - mmengine - INFO - Epoch(val) [188][700/800]    eta: 0:00:12  time: 0.1342  data_time: 0.0005  memory: 1000  
2025/06/24 14:31:21 - mmengine - INFO - Epoch(val) [188][750/800]    eta: 0:00:06  time: 0.1490  data_time: 0.0005  memory: 1000  
2025/06/24 14:31:28 - mmengine - INFO - Epoch(val) [188][800/800]    eta: 0:00:00  time: 0.1343  data_time: 0.0005  memory: 1000  
2025/06/24 14:31:29 - mmengine - INFO - Evaluating bbox...
2025/06/24 14:31:40 - mmengine - INFO - 
+-------------+-------+--------+--------+-------+-------+-------+
| category    | mAP   | mAP_50 | mAP_75 | mAP_s | mAP_m | mAP_l |
+-------------+-------+--------+--------+-------+-------+-------+
| car         | 0.702 | 0.966  | 0.858  | 0.485 | 0.732 | 0.0   |
| truck       | 0.524 | 0.736  | 0.629  | 0.114 | 0.512 | 0.61  |
| bus         | 0.767 | 0.963  | 0.891  | 0.0   | 0.733 | 0.835 |
| van         | 0.487 | 0.672  | 0.585  | 0.252 | 0.485 | 0.805 |
| freight_car | 0.508 | 0.701  | 0.601  | 0.189 | 0.489 | 0.624 |
+-------------+-------+--------+--------+-------+-------+-------+
2025/06/24 14:31:40 - mmengine - INFO - bbox_mAP_copypaste: 0.598 0.808 0.713 0.208 0.591 0.575
2025/06/24 14:31:41 - mmengine - INFO - Epoch(val) [188][800/800]    coco/car_precision: 0.7020  coco/truck_precision: 0.5240  coco/bus_precision: 0.7670  coco/van_precision: 0.4870  coco/freight_car_precision: 0.5080  coco/bbox_mAP: 0.5980  coco/bbox_mAP_50: 0.8080  coco/bbox_mAP_75: 0.7130  coco/bbox_mAP_s: 0.2080  coco/bbox_mAP_m: 0.5910  coco/bbox_mAP_l: 0.5750  data_time: 0.0006  time: 0.1231
2025/06/24 14:34:27 - mmengine - INFO - Epoch(train) [189][ 50/400]  base_lr: 1.0000e-02 lr: 7.4350e-04  eta: 2:28:37  time: 3.3324  data_time: 0.0284  memory: 10742  grad_norm: 19.1428  loss: 17.8629  loss_cls: 3.2501  loss_bbox: 6.9130  loss_dfl: 7.6999
2025/06/24 14:37:03 - mmengine - INFO - Epoch(train) [189][100/400]  base_lr: 1.0000e-02 lr: 7.4350e-04  eta: 2:29:55  time: 3.1189  data_time: 0.0083  memory: 10844  grad_norm: 18.5573  loss: 17.9017  loss_cls: 3.2843  loss_bbox: 6.8908  loss_dfl: 7.7266
2025/06/24 14:38:44 - mmengine - INFO - Epoch(train) [189][150/400]  base_lr: 1.0000e-02 lr: 7.4350e-04  eta: 2:28:34  time: 2.0258  data_time: 0.0102  memory: 10860  grad_norm: 17.8763  loss: 17.8748  loss_cls: 3.2707  loss_bbox: 6.9221  loss_dfl: 7.6820
2025/06/24 14:41:06 - mmengine - INFO - Epoch(train) [189][200/400]  base_lr: 1.0000e-02 lr: 7.4350e-04  eta: 2:28:55  time: 2.8315  data_time: 0.0078  memory: 10897  grad_norm: 17.8674  loss: 17.9161  loss_cls: 3.2689  loss_bbox: 6.9465  loss_dfl: 7.7006
2025/06/24 14:43:52 - mmengine - INFO - Epoch(train) [189][250/400]  base_lr: 1.0000e-02 lr: 7.4350e-04  eta: 2:30:07  time: 3.3176  data_time: 0.0077  memory: 10726  grad_norm: 18.3913  loss: 17.7830  loss_cls: 3.2887  loss_bbox: 6.8785  loss_dfl: 7.6158
2025/06/24 14:46:38 - mmengine - INFO - Epoch(train) [189][300/400]  base_lr: 1.0000e-02 lr: 7.4350e-04  eta: 2:31:07  time: 3.3208  data_time: 0.0080  memory: 10881  grad_norm: 18.0952  loss: 17.6581  loss_cls: 3.2397  loss_bbox: 6.7592  loss_dfl: 7.6591
2025/06/24 14:49:25 - mmengine - INFO - Epoch(train) [189][350/400]  base_lr: 1.0000e-02 lr: 7.4350e-04  eta: 2:31:58  time: 3.3473  data_time: 0.0087  memory: 10764  grad_norm: 19.0588  loss: 17.8115  loss_cls: 3.3152  loss_bbox: 6.8886  loss_dfl: 7.6077
2025/06/24 14:52:13 - mmengine - INFO - Exp name: yolov8_mambatransformer_20250624_133541
2025/06/24 14:52:13 - mmengine - INFO - Epoch(train) [189][400/400]  base_lr: 1.0000e-02 lr: 7.4350e-04  eta: 2:32:39  time: 3.3482  data_time: 0.0077  memory: 10694  grad_norm: 18.5254  loss: 17.6796  loss_cls: 3.1655  loss_bbox: 6.8134  loss_dfl: 7.7006
2025/06/24 14:52:13 - mmengine - INFO - Saving checkpoint at 189 epochs
2025/06/24 14:52:22 - mmengine - INFO - Epoch(val) [189][ 50/800]    eta: 0:01:23  time: 0.1117  data_time: 0.0010  memory: 1000  
2025/06/24 14:52:28 - mmengine - INFO - Epoch(val) [189][100/800]    eta: 0:01:18  time: 0.1132  data_time: 0.0005  memory: 1000  
2025/06/24 14:52:34 - mmengine - INFO - Epoch(val) [189][150/800]    eta: 0:01:15  time: 0.1239  data_time: 0.0005  memory: 1000  
2025/06/24 14:52:39 - mmengine - INFO - Epoch(val) [189][200/800]    eta: 0:01:08  time: 0.1078  data_time: 0.0005  memory: 1000  
2025/06/24 14:52:45 - mmengine - INFO - Epoch(val) [189][250/800]    eta: 0:01:02  time: 0.1104  data_time: 0.0005  memory: 1000  
2025/06/24 14:52:50 - mmengine - INFO - Epoch(val) [189][300/800]    eta: 0:00:56  time: 0.1094  data_time: 0.0004  memory: 1000  
2025/06/24 14:52:56 - mmengine - INFO - Epoch(val) [189][350/800]    eta: 0:00:50  time: 0.1127  data_time: 0.0005  memory: 1000  
2025/06/24 14:53:02 - mmengine - INFO - Epoch(val) [189][400/800]    eta: 0:00:45  time: 0.1167  data_time: 0.0005  memory: 1000  
2025/06/24 14:53:08 - mmengine - INFO - Epoch(val) [189][450/800]    eta: 0:00:39  time: 0.1166  data_time: 0.0031  memory: 1000  
2025/06/24 14:53:16 - mmengine - INFO - Epoch(val) [189][500/800]    eta: 0:00:35  time: 0.1577  data_time: 0.0060  memory: 1000  
2025/06/24 14:53:24 - mmengine - INFO - Epoch(val) [189][550/800]    eta: 0:00:30  time: 0.1576  data_time: 0.0037  memory: 1000  
2025/06/24 14:53:30 - mmengine - INFO - Epoch(val) [189][600/800]    eta: 0:00:24  time: 0.1213  data_time: 0.0010  memory: 1000  
2025/06/24 14:53:36 - mmengine - INFO - Epoch(val) [189][650/800]    eta: 0:00:18  time: 0.1219  data_time: 0.0027  memory: 1000  
2025/06/24 14:53:42 - mmengine - INFO - Epoch(val) [189][700/800]    eta: 0:00:12  time: 0.1244  data_time: 0.0063  memory: 1000  
2025/06/24 14:53:48 - mmengine - INFO - Epoch(val) [189][750/800]    eta: 0:00:06  time: 0.1180  data_time: 0.0022  memory: 1000  
2025/06/24 14:53:53 - mmengine - INFO - Epoch(val) [189][800/800]    eta: 0:00:00  time: 0.0952  data_time: 0.0004  memory: 1000  
2025/06/24 14:53:54 - mmengine - INFO - Evaluating bbox...
2025/06/24 14:54:05 - mmengine - INFO - 
+-------------+-------+--------+--------+-------+-------+-------+
| category    | mAP   | mAP_50 | mAP_75 | mAP_s | mAP_m | mAP_l |
+-------------+-------+--------+--------+-------+-------+-------+
| car         | 0.702 | 0.966  | 0.858  | 0.486 | 0.732 | 0.0   |
| truck       | 0.524 | 0.736  | 0.629  | 0.114 | 0.511 | 0.611 |
| bus         | 0.766 | 0.963  | 0.89   | 0.0   | 0.732 | 0.835 |
| van         | 0.486 | 0.672  | 0.585  | 0.251 | 0.484 | 0.804 |
| freight_car | 0.508 | 0.701  | 0.601  | 0.189 | 0.489 | 0.62  |
+-------------+-------+--------+--------+-------+-------+-------+
2025/06/24 14:54:05 - mmengine - INFO - bbox_mAP_copypaste: 0.597 0.808 0.713 0.208 0.590 0.574
2025/06/24 14:54:05 - mmengine - INFO - Epoch(val) [189][800/800]    coco/car_precision: 0.7020  coco/truck_precision: 0.5240  coco/bus_precision: 0.7660  coco/van_precision: 0.4860  coco/freight_car_precision: 0.5080  coco/bbox_mAP: 0.5970  coco/bbox_mAP_50: 0.8080  coco/bbox_mAP_75: 0.7130  coco/bbox_mAP_s: 0.2080  coco/bbox_mAP_m: 0.5900  coco/bbox_mAP_l: 0.5740  data_time: 0.0019  time: 0.1199
2025/06/24 14:56:52 - mmengine - INFO - Epoch(train) [190][ 50/400]  base_lr: 1.0000e-02 lr: 6.9400e-04  eta: 2:33:08  time: 3.3389  data_time: 0.0301  memory: 10854  grad_norm: 17.6933  loss: 17.8600  loss_cls: 3.2075  loss_bbox: 6.9480  loss_dfl: 7.7046
2025/06/24 14:59:38 - mmengine - INFO - Epoch(train) [190][100/400]  base_lr: 1.0000e-02 lr: 6.9400e-04  eta: 2:33:26  time: 3.3177  data_time: 0.0077  memory: 10822  grad_norm: 18.4005  loss: 17.8003  loss_cls: 3.2423  loss_bbox: 6.8768  loss_dfl: 7.6812
2025/06/24 15:01:29 - mmengine - INFO - Epoch(train) [190][150/400]  base_lr: 1.0000e-02 lr: 6.9400e-04  eta: 2:31:48  time: 2.2304  data_time: 0.0088  memory: 10662  grad_norm: 18.4595  loss: 17.7364  loss_cls: 3.2443  loss_bbox: 6.8449  loss_dfl: 7.6473
2025/06/24 15:03:34 - mmengine - INFO - Epoch(train) [190][200/400]  base_lr: 1.0000e-02 lr: 6.9400e-04  eta: 2:30:34  time: 2.4957  data_time: 0.0078  memory: 10844  grad_norm: 18.5906  loss: 17.9008  loss_cls: 3.3001  loss_bbox: 6.9164  loss_dfl: 7.6843
2025/06/24 15:06:20 - mmengine - INFO - Epoch(train) [190][250/400]  base_lr: 1.0000e-02 lr: 6.9400e-04  eta: 2:30:35  time: 3.3253  data_time: 0.0083  memory: 10796  grad_norm: 17.5281  loss: 17.5889  loss_cls: 3.2671  loss_bbox: 6.7456  loss_dfl: 7.5763
2025/06/24 15:09:07 - mmengine - INFO - Epoch(train) [190][300/400]  base_lr: 1.0000e-02 lr: 6.9400e-04  eta: 2:30:28  time: 3.3202  data_time: 0.0074  memory: 10849  grad_norm: 17.7647  loss: 17.4826  loss_cls: 3.2047  loss_bbox: 6.6320  loss_dfl: 7.6458
2025/06/24 15:11:53 - mmengine - INFO - Epoch(train) [190][350/400]  base_lr: 1.0000e-02 lr: 6.9400e-04  eta: 2:30:14  time: 3.3200  data_time: 0.0087  memory: 10732  grad_norm: 19.2445  loss: 17.6828  loss_cls: 3.2599  loss_bbox: 6.7398  loss_dfl: 7.6831
2025/06/24 15:14:38 - mmengine - INFO - Exp name: yolov8_mambatransformer_20250624_133541
2025/06/24 15:14:38 - mmengine - INFO - Epoch(train) [190][400/400]  base_lr: 1.0000e-02 lr: 6.9400e-04  eta: 2:29:54  time: 3.3151  data_time: 0.0078  memory: 10940  grad_norm: 19.6304  loss: 17.8551  loss_cls: 3.2792  loss_bbox: 6.9313  loss_dfl: 7.6446
2025/06/24 15:14:38 - mmengine - INFO - Saving checkpoint at 190 epochs
2025/06/24 15:14:47 - mmengine - INFO - Epoch(val) [190][ 50/800]    eta: 0:01:23  time: 0.1120  data_time: 0.0009  memory: 1000  
2025/06/24 15:14:53 - mmengine - INFO - Epoch(val) [190][100/800]    eta: 0:01:17  time: 0.1094  data_time: 0.0004  memory: 1000  
2025/06/24 15:14:58 - mmengine - INFO - Epoch(val) [190][150/800]    eta: 0:01:11  time: 0.1092  data_time: 0.0004  memory: 1000  
2025/06/24 15:15:04 - mmengine - INFO - Epoch(val) [190][200/800]    eta: 0:01:06  time: 0.1097  data_time: 0.0004  memory: 1000  
2025/06/24 15:15:09 - mmengine - INFO - Epoch(val) [190][250/800]    eta: 0:01:00  time: 0.1099  data_time: 0.0004  memory: 1000  
2025/06/24 15:15:15 - mmengine - INFO - Epoch(val) [190][300/800]    eta: 0:00:55  time: 0.1114  data_time: 0.0005  memory: 1000  
2025/06/24 15:15:21 - mmengine - INFO - Epoch(val) [190][350/800]    eta: 0:00:49  time: 0.1121  data_time: 0.0005  memory: 1000  
2025/06/24 15:15:26 - mmengine - INFO - Epoch(val) [190][400/800]    eta: 0:00:44  time: 0.1084  data_time: 0.0005  memory: 1000  
2025/06/24 15:15:31 - mmengine - INFO - Epoch(val) [190][450/800]    eta: 0:00:38  time: 0.1057  data_time: 0.0006  memory: 1000  
2025/06/24 15:15:36 - mmengine - INFO - Epoch(val) [190][500/800]    eta: 0:00:32  time: 0.0998  data_time: 0.0005  memory: 1000  
2025/06/24 15:15:41 - mmengine - INFO - Epoch(val) [190][550/800]    eta: 0:00:26  time: 0.0948  data_time: 0.0004  memory: 1000  
2025/06/24 15:15:46 - mmengine - INFO - Epoch(val) [190][600/800]    eta: 0:00:21  time: 0.0987  data_time: 0.0004  memory: 1000  
2025/06/24 15:15:51 - mmengine - INFO - Epoch(val) [190][650/800]    eta: 0:00:15  time: 0.0947  data_time: 0.0004  memory: 1000  
2025/06/24 15:15:56 - mmengine - INFO - Epoch(val) [190][700/800]    eta: 0:00:10  time: 0.0943  data_time: 0.0004  memory: 1000  
2025/06/24 15:16:00 - mmengine - INFO - Epoch(val) [190][750/800]    eta: 0:00:05  time: 0.0939  data_time: 0.0004  memory: 1000  
2025/06/24 15:16:05 - mmengine - INFO - Epoch(val) [190][800/800]    eta: 0:00:00  time: 0.0979  data_time: 0.0004  memory: 1000  
2025/06/24 15:16:06 - mmengine - INFO - Evaluating bbox...
2025/06/24 15:16:18 - mmengine - INFO - 
+-------------+-------+--------+--------+-------+-------+-------+
| category    | mAP   | mAP_50 | mAP_75 | mAP_s | mAP_m | mAP_l |
+-------------+-------+--------+--------+-------+-------+-------+
| car         | 0.702 | 0.966  | 0.858  | 0.486 | 0.732 | 0.0   |
| truck       | 0.524 | 0.737  | 0.631  | 0.114 | 0.511 | 0.611 |
| bus         | 0.766 | 0.963  | 0.891  | 0.0   | 0.732 | 0.835 |
| van         | 0.486 | 0.672  | 0.581  | 0.252 | 0.484 | 0.803 |
| freight_car | 0.508 | 0.698  | 0.601  | 0.188 | 0.489 | 0.623 |
+-------------+-------+--------+--------+-------+-------+-------+
2025/06/24 15:16:18 - mmengine - INFO - bbox_mAP_copypaste: 0.597 0.807 0.712 0.208 0.589 0.574
2025/06/24 15:16:18 - mmengine - INFO - Epoch(val) [190][800/800]    coco/car_precision: 0.7020  coco/truck_precision: 0.5240  coco/bus_precision: 0.7660  coco/van_precision: 0.4860  coco/freight_car_precision: 0.5080  coco/bbox_mAP: 0.5970  coco/bbox_mAP_50: 0.8070  coco/bbox_mAP_75: 0.7120  coco/bbox_mAP_s: 0.2080  coco/bbox_mAP_m: 0.5890  coco/bbox_mAP_l: 0.5740  data_time: 0.0005  time: 0.1038
2025/06/24 15:16:18 - mmengine - INFO - Switch pipeline now!
2025/06/24 15:19:05 - mmengine - INFO - Epoch(train) [191][ 50/400]  base_lr: 1.0000e-02 lr: 6.4450e-04  eta: 2:29:29  time: 3.3428  data_time: 0.0377  memory: 10524  grad_norm: 26.7971  loss: 17.9298  loss_cls: 3.2274  loss_bbox: 6.8939  loss_dfl: 7.8085
2025/06/24 15:21:51 - mmengine - INFO - Epoch(train) [191][100/400]  base_lr: 1.0000e-02 lr: 6.4450e-04  eta: 2:28:58  time: 3.3218  data_time: 0.0074  memory: 10716  grad_norm: 25.3282  loss: 17.4175  loss_cls: 3.0602  loss_bbox: 6.5485  loss_dfl: 7.8088
2025/06/24 15:24:01 - mmengine - INFO - Epoch(train) [191][150/400]  base_lr: 1.0000e-02 lr: 6.4450e-04  eta: 2:27:27  time: 2.6008  data_time: 0.0114  memory: 10684  grad_norm: 24.4466  loss: 17.7356  loss_cls: 3.1173  loss_bbox: 6.8345  loss_dfl: 7.7839
2025/06/24 15:25:33 - mmengine - INFO - Epoch(train) [191][200/400]  base_lr: 1.0000e-02 lr: 6.4450e-04  eta: 2:24:58  time: 1.8321  data_time: 0.0096  memory: 10742  grad_norm: 24.3747  loss: 17.6004  loss_cls: 3.0974  loss_bbox: 6.8042  loss_dfl: 7.6988
2025/06/24 15:28:18 - mmengine - INFO - Epoch(train) [191][250/400]  base_lr: 1.0000e-02 lr: 6.4450e-04  eta: 2:24:14  time: 3.2934  data_time: 0.0088  memory: 10726  grad_norm: 23.6406  loss: 17.5983  loss_cls: 2.9660  loss_bbox: 6.7218  loss_dfl: 7.9105
2025/06/24 15:31:03 - mmengine - INFO - Epoch(train) [191][300/400]  base_lr: 1.0000e-02 lr: 6.4450e-04  eta: 2:23:28  time: 3.3143  data_time: 0.0074  memory: 10758  grad_norm: 24.3044  loss: 17.5426  loss_cls: 3.0782  loss_bbox: 6.8027  loss_dfl: 7.6617
2025/06/24 15:33:49 - mmengine - INFO - Epoch(train) [191][350/400]  base_lr: 1.0000e-02 lr: 6.4450e-04  eta: 2:22:37  time: 3.3135  data_time: 0.0075  memory: 10742  grad_norm: 24.1023  loss: 17.5789  loss_cls: 3.0750  loss_bbox: 6.7237  loss_dfl: 7.7801
2025/06/24 15:36:35 - mmengine - INFO - Exp name: yolov8_mambatransformer_20250624_133541
2025/06/24 15:36:35 - mmengine - INFO - Epoch(train) [191][400/400]  base_lr: 1.0000e-02 lr: 6.4450e-04  eta: 2:21:42  time: 3.3167  data_time: 0.0082  memory: 10732  grad_norm: 25.0461  loss: 17.9425  loss_cls: 3.1377  loss_bbox: 6.9261  loss_dfl: 7.8787
2025/06/24 15:36:35 - mmengine - INFO - Saving checkpoint at 191 epochs
2025/06/24 15:36:44 - mmengine - INFO - Epoch(val) [191][ 50/800]    eta: 0:01:25  time: 0.1139  data_time: 0.0009  memory: 1000  
2025/06/24 15:36:50 - mmengine - INFO - Epoch(val) [191][100/800]    eta: 0:01:19  time: 0.1124  data_time: 0.0006  memory: 1000  
2025/06/24 15:36:55 - mmengine - INFO - Epoch(val) [191][150/800]    eta: 0:01:11  time: 0.1038  data_time: 0.0005  memory: 1000  
2025/06/24 15:37:00 - mmengine - INFO - Epoch(val) [191][200/800]    eta: 0:01:04  time: 0.1031  data_time: 0.0004  memory: 1000  
2025/06/24 15:37:05 - mmengine - INFO - Epoch(val) [191][250/800]    eta: 0:00:58  time: 0.1011  data_time: 0.0004  memory: 1000  
2025/06/24 15:37:10 - mmengine - INFO - Epoch(val) [191][300/800]    eta: 0:00:52  time: 0.0965  data_time: 0.0005  memory: 1000  
2025/06/24 15:37:16 - mmengine - INFO - Epoch(val) [191][350/800]    eta: 0:00:47  time: 0.1083  data_time: 0.0005  memory: 1000  
2025/06/24 15:37:21 - mmengine - INFO - Epoch(val) [191][400/800]    eta: 0:00:42  time: 0.1112  data_time: 0.0005  memory: 1000  
2025/06/24 15:37:27 - mmengine - INFO - Epoch(val) [191][450/800]    eta: 0:00:37  time: 0.1094  data_time: 0.0005  memory: 1000  
2025/06/24 15:37:31 - mmengine - INFO - Epoch(val) [191][500/800]    eta: 0:00:31  time: 0.0943  data_time: 0.0004  memory: 1000  
2025/06/24 15:37:37 - mmengine - INFO - Epoch(val) [191][550/800]    eta: 0:00:26  time: 0.1084  data_time: 0.0005  memory: 1000  
2025/06/24 15:37:42 - mmengine - INFO - Epoch(val) [191][600/800]    eta: 0:00:21  time: 0.1121  data_time: 0.0005  memory: 1000  
2025/06/24 15:37:48 - mmengine - INFO - Epoch(val) [191][650/800]    eta: 0:00:15  time: 0.1113  data_time: 0.0005  memory: 1000  
2025/06/24 15:37:54 - mmengine - INFO - Epoch(val) [191][700/800]    eta: 0:00:10  time: 0.1117  data_time: 0.0005  memory: 1000  
2025/06/24 15:37:59 - mmengine - INFO - Epoch(val) [191][750/800]    eta: 0:00:05  time: 0.1028  data_time: 0.0005  memory: 1000  
2025/06/24 15:38:04 - mmengine - INFO - Epoch(val) [191][800/800]    eta: 0:00:00  time: 0.1118  data_time: 0.0006  memory: 1000  
2025/06/24 15:38:05 - mmengine - INFO - Evaluating bbox...
2025/06/24 15:38:17 - mmengine - INFO - 
+-------------+-------+--------+--------+-------+-------+-------+
| category    | mAP   | mAP_50 | mAP_75 | mAP_s | mAP_m | mAP_l |
+-------------+-------+--------+--------+-------+-------+-------+
| car         | 0.702 | 0.966  | 0.858  | 0.486 | 0.732 | 0.0   |
| truck       | 0.524 | 0.74   | 0.631  | 0.114 | 0.51  | 0.611 |
| bus         | 0.766 | 0.963  | 0.892  | 0.0   | 0.73  | 0.835 |
| van         | 0.487 | 0.674  | 0.582  | 0.253 | 0.484 | 0.81  |
| freight_car | 0.509 | 0.699  | 0.607  | 0.188 | 0.49  | 0.623 |
+-------------+-------+--------+--------+-------+-------+-------+
2025/06/24 15:38:17 - mmengine - INFO - bbox_mAP_copypaste: 0.598 0.808 0.714 0.208 0.589 0.576
2025/06/24 15:38:17 - mmengine - INFO - Epoch(val) [191][800/800]    coco/car_precision: 0.7020  coco/truck_precision: 0.5240  coco/bus_precision: 0.7660  coco/van_precision: 0.4870  coco/freight_car_precision: 0.5090  coco/bbox_mAP: 0.5980  coco/bbox_mAP_50: 0.8080  coco/bbox_mAP_75: 0.7140  coco/bbox_mAP_s: 0.2080  coco/bbox_mAP_m: 0.5890  coco/bbox_mAP_l: 0.5760  data_time: 0.0005  time: 0.1070
2025/06/24 15:41:04 - mmengine - INFO - Epoch(train) [192][ 50/400]  base_lr: 1.0000e-02 lr: 5.9500e-04  eta: 2:20:45  time: 3.3315  data_time: 0.0259  memory: 10689  grad_norm: 24.9173  loss: 17.7101  loss_cls: 3.1106  loss_bbox: 6.8459  loss_dfl: 7.7535
2025/06/24 15:43:50 - mmengine - INFO - Epoch(train) [192][100/400]  base_lr: 1.0000e-02 lr: 5.9500e-04  eta: 2:19:42  time: 3.3197  data_time: 0.0088  memory: 10742  grad_norm: 23.3242  loss: 17.3546  loss_cls: 2.9441  loss_bbox: 6.6647  loss_dfl: 7.7458
2025/06/24 15:46:34 - mmengine - INFO - Epoch(train) [192][150/400]  base_lr: 1.0000e-02 lr: 5.9500e-04  eta: 2:18:34  time: 3.2801  data_time: 0.0081  memory: 10742  grad_norm: 23.8270  loss: 17.7477  loss_cls: 3.0634  loss_bbox: 6.7748  loss_dfl: 7.9095
2025/06/24 15:48:14 - mmengine - INFO - Epoch(train) [192][200/400]  base_lr: 1.0000e-02 lr: 5.9500e-04  eta: 2:16:11  time: 2.0105  data_time: 0.0106  memory: 10620  grad_norm: 24.1314  loss: 17.6420  loss_cls: 3.0259  loss_bbox: 6.7474  loss_dfl: 7.8688
2025/06/24 15:50:33 - mmengine - INFO - Epoch(train) [192][250/400]  base_lr: 1.0000e-02 lr: 5.9500e-04  eta: 2:14:32  time: 2.7770  data_time: 0.0078  memory: 10780  grad_norm: 25.4639  loss: 17.5829  loss_cls: 3.1325  loss_bbox: 6.7743  loss_dfl: 7.6761
2025/06/24 15:53:19 - mmengine - INFO - Epoch(train) [192][300/400]  base_lr: 1.0000e-02 lr: 5.9500e-04  eta: 2:13:19  time: 3.3185  data_time: 0.0084  memory: 10689  grad_norm: 24.7556  loss: 17.7163  loss_cls: 3.0963  loss_bbox: 6.7941  loss_dfl: 7.8259
2025/06/24 15:56:05 - mmengine - INFO - Epoch(train) [192][350/400]  base_lr: 1.0000e-02 lr: 5.9500e-04  eta: 2:12:04  time: 3.3127  data_time: 0.0081  memory: 10673  grad_norm: 25.0146  loss: 17.5375  loss_cls: 3.0594  loss_bbox: 6.6870  loss_dfl: 7.7912
2025/06/24 15:58:51 - mmengine - INFO - Exp name: yolov8_mambatransformer_20250624_133541
2025/06/24 15:58:51 - mmengine - INFO - Epoch(train) [192][400/400]  base_lr: 1.0000e-02 lr: 5.9500e-04  eta: 2:10:46  time: 3.3204  data_time: 0.0081  memory: 10758  grad_norm: 22.9023  loss: 17.1590  loss_cls: 2.8634  loss_bbox: 6.5657  loss_dfl: 7.7299
2025/06/24 15:58:51 - mmengine - INFO - Saving checkpoint at 192 epochs
2025/06/24 15:59:00 - mmengine - INFO - Epoch(val) [192][ 50/800]    eta: 0:01:24  time: 0.1127  data_time: 0.0010  memory: 1000  
2025/06/24 15:59:06 - mmengine - INFO - Epoch(val) [192][100/800]    eta: 0:01:18  time: 0.1118  data_time: 0.0005  memory: 1000  
2025/06/24 15:59:11 - mmengine - INFO - Epoch(val) [192][150/800]    eta: 0:01:12  time: 0.1112  data_time: 0.0005  memory: 1000  
2025/06/24 15:59:17 - mmengine - INFO - Epoch(val) [192][200/800]    eta: 0:01:07  time: 0.1125  data_time: 0.0005  memory: 1000  
2025/06/24 15:59:23 - mmengine - INFO - Epoch(val) [192][250/800]    eta: 0:01:01  time: 0.1126  data_time: 0.0006  memory: 1000  
2025/06/24 15:59:28 - mmengine - INFO - Epoch(val) [192][300/800]    eta: 0:00:55  time: 0.1046  data_time: 0.0005  memory: 1000  
2025/06/24 15:59:33 - mmengine - INFO - Epoch(val) [192][350/800]    eta: 0:00:49  time: 0.1070  data_time: 0.0005  memory: 1000  
2025/06/24 15:59:38 - mmengine - INFO - Epoch(val) [192][400/800]    eta: 0:00:43  time: 0.0976  data_time: 0.0005  memory: 1000  
2025/06/24 15:59:43 - mmengine - INFO - Epoch(val) [192][450/800]    eta: 0:00:37  time: 0.1039  data_time: 0.0005  memory: 1000  
2025/06/24 15:59:49 - mmengine - INFO - Epoch(val) [192][500/800]    eta: 0:00:32  time: 0.1066  data_time: 0.0005  memory: 1000  
2025/06/24 15:59:54 - mmengine - INFO - Epoch(val) [192][550/800]    eta: 0:00:27  time: 0.1091  data_time: 0.0005  memory: 1000  
2025/06/24 15:59:59 - mmengine - INFO - Epoch(val) [192][600/800]    eta: 0:00:21  time: 0.1033  data_time: 0.0005  memory: 1000  
2025/06/24 16:00:05 - mmengine - INFO - Epoch(val) [192][650/800]    eta: 0:00:16  time: 0.1024  data_time: 0.0004  memory: 1000  
2025/06/24 16:00:10 - mmengine - INFO - Epoch(val) [192][700/800]    eta: 0:00:10  time: 0.1036  data_time: 0.0005  memory: 1000  
2025/06/24 16:00:15 - mmengine - INFO - Epoch(val) [192][750/800]    eta: 0:00:05  time: 0.1136  data_time: 0.0005  memory: 1000  
2025/06/24 16:00:21 - mmengine - INFO - Epoch(val) [192][800/800]    eta: 0:00:00  time: 0.1107  data_time: 0.0005  memory: 1000  
2025/06/24 16:00:22 - mmengine - INFO - Evaluating bbox...
2025/06/24 16:00:38 - mmengine - INFO - 
+-------------+-------+--------+--------+-------+-------+-------+
| category    | mAP   | mAP_50 | mAP_75 | mAP_s | mAP_m | mAP_l |
+-------------+-------+--------+--------+-------+-------+-------+
| car         | 0.702 | 0.966  | 0.859  | 0.486 | 0.732 | 0.0   |
| truck       | 0.527 | 0.741  | 0.636  | 0.116 | 0.513 | 0.611 |
| bus         | 0.767 | 0.963  | 0.893  | 0.0   | 0.731 | 0.837 |
| van         | 0.488 | 0.675  | 0.584  | 0.257 | 0.485 | 0.808 |
| freight_car | 0.509 | 0.7    | 0.609  | 0.188 | 0.491 | 0.623 |
+-------------+-------+--------+--------+-------+-------+-------+
2025/06/24 16:00:38 - mmengine - INFO - bbox_mAP_copypaste: 0.598 0.809 0.716 0.209 0.590 0.576
2025/06/24 16:00:38 - mmengine - INFO - Epoch(val) [192][800/800]    coco/car_precision: 0.7020  coco/truck_precision: 0.5270  coco/bus_precision: 0.7670  coco/van_precision: 0.4880  coco/freight_car_precision: 0.5090  coco/bbox_mAP: 0.5980  coco/bbox_mAP_50: 0.8090  coco/bbox_mAP_75: 0.7160  coco/bbox_mAP_s: 0.2090  coco/bbox_mAP_m: 0.5900  coco/bbox_mAP_l: 0.5760  data_time: 0.0005  time: 0.1077
2025/06/24 16:03:24 - mmengine - INFO - Epoch(train) [193][ 50/400]  base_lr: 1.0000e-02 lr: 5.4550e-04  eta: 2:09:26  time: 3.3253  data_time: 0.0322  memory: 10694  grad_norm: 24.2259  loss: 17.4695  loss_cls: 2.9599  loss_bbox: 6.7652  loss_dfl: 7.7444
2025/06/24 16:06:10 - mmengine - INFO - Epoch(train) [193][100/400]  base_lr: 1.0000e-02 lr: 5.4550e-04  eta: 2:08:03  time: 3.3177  data_time: 0.0084  memory: 10646  grad_norm: 23.4634  loss: 17.5021  loss_cls: 2.9367  loss_bbox: 6.7515  loss_dfl: 7.8138
2025/06/24 16:08:56 - mmengine - INFO - Epoch(train) [193][150/400]  base_lr: 1.0000e-02 lr: 5.4550e-04  eta: 2:06:37  time: 3.3135  data_time: 0.0077  memory: 10737  grad_norm: 24.9853  loss: 17.6735  loss_cls: 3.0469  loss_bbox: 6.8006  loss_dfl: 7.8260
2025/06/24 16:10:52 - mmengine - INFO - Exp name: yolov8_mambatransformer_20250624_133541
2025/06/24 16:10:52 - mmengine - INFO - Epoch(train) [193][200/400]  base_lr: 1.0000e-02 lr: 5.4550e-04  eta: 2:04:25  time: 2.3302  data_time: 0.0107  memory: 10668  grad_norm: 23.9141  loss: 17.3113  loss_cls: 2.9921  loss_bbox: 6.5571  loss_dfl: 7.7621
2025/06/24 16:12:55 - mmengine - INFO - Epoch(train) [193][250/400]  base_lr: 1.0000e-02 lr: 5.4550e-04  eta: 2:02:20  time: 2.4604  data_time: 0.0080  memory: 10790  grad_norm: 24.4597  loss: 17.4745  loss_cls: 2.9436  loss_bbox: 6.6753  loss_dfl: 7.8556
2025/06/24 16:15:41 - mmengine - INFO - Epoch(train) [193][300/400]  base_lr: 1.0000e-02 lr: 5.4550e-04  eta: 2:00:50  time: 3.3180  data_time: 0.0084  memory: 10732  grad_norm: 24.6875  loss: 17.4174  loss_cls: 3.0127  loss_bbox: 6.5979  loss_dfl: 7.8069
2025/06/24 16:18:27 - mmengine - INFO - Epoch(train) [193][350/400]  base_lr: 1.0000e-02 lr: 5.4550e-04  eta: 1:59:17  time: 3.3188  data_time: 0.0095  memory: 10716  grad_norm: 23.9230  loss: 17.5972  loss_cls: 2.9884  loss_bbox: 6.8367  loss_dfl: 7.7720
2025/06/24 16:21:13 - mmengine - INFO - Exp name: yolov8_mambatransformer_20250624_133541
2025/06/24 16:21:13 - mmengine - INFO - Epoch(train) [193][400/400]  base_lr: 1.0000e-02 lr: 5.4550e-04  eta: 1:57:43  time: 3.3150  data_time: 0.0098  memory: 10726  grad_norm: 24.9563  loss: 17.7819  loss_cls: 3.0977  loss_bbox: 6.8205  loss_dfl: 7.8636
2025/06/24 16:21:13 - mmengine - INFO - Saving checkpoint at 193 epochs
2025/06/24 16:21:24 - mmengine - INFO - Epoch(val) [193][ 50/800]    eta: 0:01:32  time: 0.1227  data_time: 0.0012  memory: 1000  
2025/06/24 16:21:29 - mmengine - INFO - Epoch(val) [193][100/800]    eta: 0:01:19  time: 0.1037  data_time: 0.0005  memory: 1000  
2025/06/24 16:21:35 - mmengine - INFO - Epoch(val) [193][150/800]    eta: 0:01:12  time: 0.1093  data_time: 0.0004  memory: 1000  
2025/06/24 16:21:40 - mmengine - INFO - Epoch(val) [193][200/800]    eta: 0:01:06  time: 0.1096  data_time: 0.0004  memory: 1000  
2025/06/24 16:21:45 - mmengine - INFO - Epoch(val) [193][250/800]    eta: 0:00:59  time: 0.0931  data_time: 0.0006  memory: 1000  
2025/06/24 16:21:50 - mmengine - INFO - Epoch(val) [193][300/800]    eta: 0:00:52  time: 0.0926  data_time: 0.0003  memory: 1000  
2025/06/24 16:21:54 - mmengine - INFO - Epoch(val) [193][350/800]    eta: 0:00:46  time: 0.0925  data_time: 0.0003  memory: 1000  
2025/06/24 16:21:59 - mmengine - INFO - Epoch(val) [193][400/800]    eta: 0:00:40  time: 0.0922  data_time: 0.0004  memory: 1000  
2025/06/24 16:22:03 - mmengine - INFO - Epoch(val) [193][450/800]    eta: 0:00:35  time: 0.0929  data_time: 0.0004  memory: 1000  
2025/06/24 16:22:08 - mmengine - INFO - Epoch(val) [193][500/800]    eta: 0:00:30  time: 0.0927  data_time: 0.0004  memory: 1000  
2025/06/24 16:22:14 - mmengine - INFO - Epoch(val) [193][550/800]    eta: 0:00:25  time: 0.1082  data_time: 0.0005  memory: 1000  
2025/06/24 16:22:19 - mmengine - INFO - Epoch(val) [193][600/800]    eta: 0:00:20  time: 0.1033  data_time: 0.0005  memory: 1000  
2025/06/24 16:22:24 - mmengine - INFO - Epoch(val) [193][650/800]    eta: 0:00:15  time: 0.1130  data_time: 0.0005  memory: 1000  
2025/06/24 16:22:31 - mmengine - INFO - Epoch(val) [193][700/800]    eta: 0:00:10  time: 0.1305  data_time: 0.0005  memory: 1000  
2025/06/24 16:22:38 - mmengine - INFO - Epoch(val) [193][750/800]    eta: 0:00:05  time: 0.1395  data_time: 0.0005  memory: 1000  
2025/06/24 16:22:46 - mmengine - INFO - Epoch(val) [193][800/800]    eta: 0:00:00  time: 0.1521  data_time: 0.0005  memory: 1000  
2025/06/24 16:22:46 - mmengine - INFO - Evaluating bbox...
2025/06/24 16:22:59 - mmengine - INFO - 
+-------------+-------+--------+--------+-------+-------+-------+
| category    | mAP   | mAP_50 | mAP_75 | mAP_s | mAP_m | mAP_l |
+-------------+-------+--------+--------+-------+-------+-------+
| car         | 0.702 | 0.966  | 0.859  | 0.485 | 0.732 | 0.0   |
| truck       | 0.527 | 0.743  | 0.633  | 0.117 | 0.514 | 0.612 |
| bus         | 0.767 | 0.963  | 0.893  | 0.0   | 0.731 | 0.836 |
| van         | 0.489 | 0.676  | 0.584  | 0.257 | 0.486 | 0.812 |
| freight_car | 0.51  | 0.7    | 0.608  | 0.188 | 0.491 | 0.623 |
+-------------+-------+--------+--------+-------+-------+-------+
2025/06/24 16:22:59 - mmengine - INFO - bbox_mAP_copypaste: 0.599 0.810 0.715 0.209 0.591 0.577
2025/06/24 16:22:59 - mmengine - INFO - Epoch(val) [193][800/800]    coco/car_precision: 0.7020  coco/truck_precision: 0.5270  coco/bus_precision: 0.7670  coco/van_precision: 0.4890  coco/freight_car_precision: 0.5100  coco/bbox_mAP: 0.5990  coco/bbox_mAP_50: 0.8100  coco/bbox_mAP_75: 0.7150  coco/bbox_mAP_s: 0.2090  coco/bbox_mAP_m: 0.5910  coco/bbox_mAP_l: 0.5770  data_time: 0.0005  time: 0.1093
2025/06/24 16:22:59 - mmengine - INFO - The previous best checkpoint /data/nl/Mamba2Spectral/work_dirs/DroneVehicle/2025_06_22/yolov8_mambatransformer/best_coco_bbox_mAP_50_epoch_176.pth is removed
2025/06/24 16:23:02 - mmengine - INFO - The best checkpoint with 0.8100 coco/bbox_mAP_50 at 193 epoch is saved to best_coco_bbox_mAP_50_epoch_193.pth.
2025/06/24 16:25:54 - mmengine - INFO - Epoch(train) [194][ 50/400]  base_lr: 1.0000e-02 lr: 4.9600e-04  eta: 1:56:08  time: 3.3407  data_time: 0.0302  memory: 10636  grad_norm: 23.4361  loss: 17.4616  loss_cls: 3.0019  loss_bbox: 6.6788  loss_dfl: 7.7810
2025/06/24 16:28:40 - mmengine - INFO - Epoch(train) [194][100/400]  base_lr: 1.0000e-02 lr: 4.9600e-04  eta: 1:54:30  time: 3.3144  data_time: 0.0092  memory: 10534  grad_norm: 23.4045  loss: 17.4195  loss_cls: 2.9434  loss_bbox: 6.6893  loss_dfl: 7.7868
2025/06/24 16:31:25 - mmengine - INFO - Epoch(train) [194][150/400]  base_lr: 1.0000e-02 lr: 4.9600e-04  eta: 1:52:50  time: 3.3152  data_time: 0.0081  memory: 10540  grad_norm: 24.2366  loss: 17.4121  loss_cls: 2.9819  loss_bbox: 6.6677  loss_dfl: 7.7625
2025/06/24 16:33:29 - mmengine - INFO - Epoch(train) [194][200/400]  base_lr: 1.0000e-02 lr: 4.9600e-04  eta: 1:50:39  time: 2.4632  data_time: 0.0085  memory: 10726  grad_norm: 24.6127  loss: 17.7114  loss_cls: 3.0663  loss_bbox: 6.8113  loss_dfl: 7.8339
2025/06/24 16:35:22 - mmengine - INFO - Epoch(train) [194][250/400]  base_lr: 1.0000e-02 lr: 4.9600e-04  eta: 1:48:22  time: 2.2704  data_time: 0.0083  memory: 10604  grad_norm: 23.3967  loss: 17.5051  loss_cls: 2.9856  loss_bbox: 6.7329  loss_dfl: 7.7867
2025/06/24 16:38:08 - mmengine - INFO - Epoch(train) [194][300/400]  base_lr: 1.0000e-02 lr: 4.9600e-04  eta: 1:46:39  time: 3.3222  data_time: 0.0097  memory: 10801  grad_norm: 23.5226  loss: 17.1322  loss_cls: 2.9269  loss_bbox: 6.5718  loss_dfl: 7.6335
2025/06/24 16:40:54 - mmengine - INFO - Epoch(train) [194][350/400]  base_lr: 1.0000e-02 lr: 4.9600e-04  eta: 1:44:54  time: 3.3090  data_time: 0.0096  memory: 10689  grad_norm: 25.3044  loss: 17.1954  loss_cls: 2.9488  loss_bbox: 6.5000  loss_dfl: 7.7467
2025/06/24 16:43:40 - mmengine - INFO - Exp name: yolov8_mambatransformer_20250624_133541
2025/06/24 16:43:40 - mmengine - INFO - Epoch(train) [194][400/400]  base_lr: 1.0000e-02 lr: 4.9600e-04  eta: 1:43:08  time: 3.3193  data_time: 0.0095  memory: 10593  grad_norm: 23.6901  loss: 17.3830  loss_cls: 2.9741  loss_bbox: 6.6471  loss_dfl: 7.7618
2025/06/24 16:43:40 - mmengine - INFO - Saving checkpoint at 194 epochs
2025/06/24 16:43:49 - mmengine - INFO - Epoch(val) [194][ 50/800]    eta: 0:01:24  time: 0.1121  data_time: 0.0011  memory: 1000  
2025/06/24 16:43:54 - mmengine - INFO - Epoch(val) [194][100/800]    eta: 0:01:13  time: 0.0971  data_time: 0.0005  memory: 1000  
2025/06/24 16:43:59 - mmengine - INFO - Epoch(val) [194][150/800]    eta: 0:01:06  time: 0.0983  data_time: 0.0005  memory: 1000  
2025/06/24 16:44:05 - mmengine - INFO - Epoch(val) [194][200/800]    eta: 0:01:03  time: 0.1140  data_time: 0.0006  memory: 1000  
2025/06/24 16:44:11 - mmengine - INFO - Epoch(val) [194][250/800]    eta: 0:00:58  time: 0.1142  data_time: 0.0006  memory: 1000  
2025/06/24 16:44:16 - mmengine - INFO - Epoch(val) [194][300/800]    eta: 0:00:54  time: 0.1139  data_time: 0.0006  memory: 1000  
2025/06/24 16:44:21 - mmengine - INFO - Epoch(val) [194][350/800]    eta: 0:00:48  time: 0.0989  data_time: 0.0005  memory: 1000  
2025/06/24 16:44:26 - mmengine - INFO - Epoch(val) [194][400/800]    eta: 0:00:42  time: 0.1042  data_time: 0.0005  memory: 1000  
2025/06/24 16:44:32 - mmengine - INFO - Epoch(val) [194][450/800]    eta: 0:00:37  time: 0.1131  data_time: 0.0006  memory: 1000  
2025/06/24 16:44:38 - mmengine - INFO - Epoch(val) [194][500/800]    eta: 0:00:32  time: 0.1130  data_time: 0.0006  memory: 1000  
2025/06/24 16:44:43 - mmengine - INFO - Epoch(val) [194][550/800]    eta: 0:00:27  time: 0.1127  data_time: 0.0005  memory: 1000  
2025/06/24 16:44:49 - mmengine - INFO - Epoch(val) [194][600/800]    eta: 0:00:21  time: 0.1127  data_time: 0.0005  memory: 1000  
2025/06/24 16:44:55 - mmengine - INFO - Epoch(val) [194][650/800]    eta: 0:00:16  time: 0.1133  data_time: 0.0005  memory: 1000  
2025/06/24 16:45:00 - mmengine - INFO - Epoch(val) [194][700/800]    eta: 0:00:10  time: 0.1128  data_time: 0.0005  memory: 1000  
2025/06/24 16:45:06 - mmengine - INFO - Epoch(val) [194][750/800]    eta: 0:00:05  time: 0.1140  data_time: 0.0005  memory: 1000  
2025/06/24 16:45:12 - mmengine - INFO - Epoch(val) [194][800/800]    eta: 0:00:00  time: 0.1116  data_time: 0.0006  memory: 1000  
2025/06/24 16:45:13 - mmengine - INFO - Evaluating bbox...
2025/06/24 16:45:25 - mmengine - INFO - 
+-------------+-------+--------+--------+-------+-------+-------+
| category    | mAP   | mAP_50 | mAP_75 | mAP_s | mAP_m | mAP_l |
+-------------+-------+--------+--------+-------+-------+-------+
| car         | 0.702 | 0.966  | 0.859  | 0.485 | 0.732 | 0.0   |
| truck       | 0.528 | 0.744  | 0.634  | 0.117 | 0.515 | 0.613 |
| bus         | 0.767 | 0.963  | 0.892  | 0.0   | 0.733 | 0.834 |
| van         | 0.491 | 0.677  | 0.586  | 0.258 | 0.488 | 0.813 |
| freight_car | 0.511 | 0.701  | 0.611  | 0.188 | 0.493 | 0.621 |
+-------------+-------+--------+--------+-------+-------+-------+
2025/06/24 16:45:25 - mmengine - INFO - bbox_mAP_copypaste: 0.600 0.810 0.716 0.210 0.592 0.576
2025/06/24 16:45:25 - mmengine - INFO - Epoch(val) [194][800/800]    coco/car_precision: 0.7020  coco/truck_precision: 0.5280  coco/bus_precision: 0.7670  coco/van_precision: 0.4910  coco/freight_car_precision: 0.5110  coco/bbox_mAP: 0.6000  coco/bbox_mAP_50: 0.8100  coco/bbox_mAP_75: 0.7160  coco/bbox_mAP_s: 0.2100  coco/bbox_mAP_m: 0.5920  coco/bbox_mAP_l: 0.5760  data_time: 0.0006  time: 0.1098
2025/06/24 16:48:12 - mmengine - INFO - Epoch(train) [195][ 50/400]  base_lr: 1.0000e-02 lr: 4.4650e-04  eta: 1:41:21  time: 3.3360  data_time: 0.0274  memory: 10774  grad_norm: 24.5269  loss: 17.3194  loss_cls: 2.9514  loss_bbox: 6.5747  loss_dfl: 7.7932
2025/06/24 16:50:58 - mmengine - INFO - Epoch(train) [195][100/400]  base_lr: 1.0000e-02 lr: 4.4650e-04  eta: 1:39:32  time: 3.3135  data_time: 0.0071  memory: 10662  grad_norm: 24.5539  loss: 17.4013  loss_cls: 2.9729  loss_bbox: 6.6121  loss_dfl: 7.8163
2025/06/24 16:53:43 - mmengine - INFO - Epoch(train) [195][150/400]  base_lr: 1.0000e-02 lr: 4.4650e-04  eta: 1:37:42  time: 3.3146  data_time: 0.0085  memory: 10534  grad_norm: 26.2028  loss: 17.6770  loss_cls: 3.1167  loss_bbox: 6.7763  loss_dfl: 7.7840
2025/06/24 16:56:02 - mmengine - INFO - Epoch(train) [195][200/400]  base_lr: 1.0000e-02 lr: 4.4650e-04  eta: 1:35:36  time: 2.7817  data_time: 0.0094  memory: 10742  grad_norm: 23.2673  loss: 16.9528  loss_cls: 2.8900  loss_bbox: 6.3606  loss_dfl: 7.7022
2025/06/24 16:57:36 - mmengine - INFO - Epoch(train) [195][250/400]  base_lr: 1.0000e-02 lr: 4.4650e-04  eta: 1:33:07  time: 1.8618  data_time: 0.0136  memory: 10742  grad_norm: 22.8556  loss: 17.3084  loss_cls: 2.9426  loss_bbox: 6.6630  loss_dfl: 7.7028
2025/06/24 17:00:17 - mmengine - INFO - Epoch(train) [195][300/400]  base_lr: 1.0000e-02 lr: 4.4650e-04  eta: 1:31:12  time: 3.2241  data_time: 0.0093  memory: 10433  grad_norm: 25.6156  loss: 18.0490  loss_cls: 3.1138  loss_bbox: 6.9349  loss_dfl: 8.0004
2025/06/24 17:03:02 - mmengine - INFO - Epoch(train) [195][350/400]  base_lr: 1.0000e-02 lr: 4.4650e-04  eta: 1:29:18  time: 3.3100  data_time: 0.0075  memory: 10684  grad_norm: 25.8976  loss: 17.5510  loss_cls: 3.0277  loss_bbox: 6.7045  loss_dfl: 7.8188
2025/06/24 17:05:48 - mmengine - INFO - Exp name: yolov8_mambatransformer_20250624_133541
2025/06/24 17:05:48 - mmengine - INFO - Epoch(train) [195][400/400]  base_lr: 1.0000e-02 lr: 4.4650e-04  eta: 1:27:24  time: 3.3160  data_time: 0.0082  memory: 10758  grad_norm: 24.4018  loss: 17.4266  loss_cls: 3.0041  loss_bbox: 6.7362  loss_dfl: 7.6863
2025/06/24 17:05:48 - mmengine - INFO - Saving checkpoint at 195 epochs
2025/06/24 17:05:57 - mmengine - INFO - Epoch(val) [195][ 50/800]    eta: 0:01:16  time: 0.1013  data_time: 0.0009  memory: 1000  
2025/06/24 17:06:02 - mmengine - INFO - Epoch(val) [195][100/800]    eta: 0:01:10  time: 0.1003  data_time: 0.0004  memory: 1000  
2025/06/24 17:06:07 - mmengine - INFO - Epoch(val) [195][150/800]    eta: 0:01:08  time: 0.1125  data_time: 0.0005  memory: 1000  
2025/06/24 17:06:13 - mmengine - INFO - Epoch(val) [195][200/800]    eta: 0:01:03  time: 0.1125  data_time: 0.0005  memory: 1000  
2025/06/24 17:06:19 - mmengine - INFO - Epoch(val) [195][250/800]    eta: 0:00:59  time: 0.1117  data_time: 0.0005  memory: 1000  
2025/06/24 17:06:24 - mmengine - INFO - Epoch(val) [195][300/800]    eta: 0:00:54  time: 0.1123  data_time: 0.0005  memory: 1000  
2025/06/24 17:06:30 - mmengine - INFO - Epoch(val) [195][350/800]    eta: 0:00:49  time: 0.1123  data_time: 0.0005  memory: 1000  
2025/06/24 17:06:36 - mmengine - INFO - Epoch(val) [195][400/800]    eta: 0:00:43  time: 0.1124  data_time: 0.0005  memory: 1000  
2025/06/24 17:06:41 - mmengine - INFO - Epoch(val) [195][450/800]    eta: 0:00:38  time: 0.1135  data_time: 0.0005  memory: 1000  
2025/06/24 17:06:47 - mmengine - INFO - Epoch(val) [195][500/800]    eta: 0:00:33  time: 0.1128  data_time: 0.0005  memory: 1000  
2025/06/24 17:06:52 - mmengine - INFO - Epoch(val) [195][550/800]    eta: 0:00:27  time: 0.1079  data_time: 0.0005  memory: 1000  
2025/06/24 17:06:58 - mmengine - INFO - Epoch(val) [195][600/800]    eta: 0:00:22  time: 0.1121  data_time: 0.0005  memory: 1000  
2025/06/24 17:07:04 - mmengine - INFO - Epoch(val) [195][650/800]    eta: 0:00:16  time: 0.1210  data_time: 0.0005  memory: 1000  
2025/06/24 17:07:10 - mmengine - INFO - Epoch(val) [195][700/800]    eta: 0:00:11  time: 0.1124  data_time: 0.0005  memory: 1000  
2025/06/24 17:07:15 - mmengine - INFO - Epoch(val) [195][750/800]    eta: 0:00:05  time: 0.1125  data_time: 0.0005  memory: 1000  
2025/06/24 17:07:21 - mmengine - INFO - Epoch(val) [195][800/800]    eta: 0:00:00  time: 0.1123  data_time: 0.0005  memory: 1000  
2025/06/24 17:07:22 - mmengine - INFO - Evaluating bbox...
2025/06/24 17:07:34 - mmengine - INFO - 
+-------------+-------+--------+--------+-------+-------+-------+
| category    | mAP   | mAP_50 | mAP_75 | mAP_s | mAP_m | mAP_l |
+-------------+-------+--------+--------+-------+-------+-------+
| car         | 0.702 | 0.966  | 0.859  | 0.486 | 0.732 | 0.0   |
| truck       | 0.529 | 0.744  | 0.634  | 0.117 | 0.516 | 0.613 |
| bus         | 0.767 | 0.962  | 0.894  | 0.0   | 0.733 | 0.834 |
| van         | 0.49  | 0.678  | 0.582  | 0.259 | 0.486 | 0.813 |
| freight_car | 0.511 | 0.701  | 0.607  | 0.188 | 0.492 | 0.62  |
+-------------+-------+--------+--------+-------+-------+-------+
2025/06/24 17:07:34 - mmengine - INFO - bbox_mAP_copypaste: 0.600 0.810 0.715 0.210 0.592 0.576
2025/06/24 17:07:34 - mmengine - INFO - Epoch(val) [195][800/800]    coco/car_precision: 0.7020  coco/truck_precision: 0.5290  coco/bus_precision: 0.7670  coco/van_precision: 0.4900  coco/freight_car_precision: 0.5110  coco/bbox_mAP: 0.6000  coco/bbox_mAP_50: 0.8100  coco/bbox_mAP_75: 0.7150  coco/bbox_mAP_s: 0.2100  coco/bbox_mAP_m: 0.5920  coco/bbox_mAP_l: 0.5760  data_time: 0.0005  time: 0.1112
2025/06/24 17:10:22 - mmengine - INFO - Epoch(train) [196][ 50/400]  base_lr: 1.0000e-02 lr: 3.9700e-04  eta: 1:25:29  time: 3.3612  data_time: 0.0266  memory: 10716  grad_norm: 23.8617  loss: 17.3138  loss_cls: 2.9795  loss_bbox: 6.5858  loss_dfl: 7.7485
2025/06/24 17:13:08 - mmengine - INFO - Epoch(train) [196][100/400]  base_lr: 1.0000e-02 lr: 3.9700e-04  eta: 1:23:32  time: 3.3187  data_time: 0.0072  memory: 10593  grad_norm: 23.9289  loss: 17.5103  loss_cls: 2.9723  loss_bbox: 6.7509  loss_dfl: 7.7871
2025/06/24 17:15:53 - mmengine - INFO - Epoch(train) [196][150/400]  base_lr: 1.0000e-02 lr: 3.9700e-04  eta: 1:21:34  time: 3.3097  data_time: 0.0076  memory: 10758  grad_norm: 22.8805  loss: 16.9726  loss_cls: 2.8490  loss_bbox: 6.4263  loss_dfl: 7.6973
2025/06/24 17:18:38 - mmengine - INFO - Epoch(train) [196][200/400]  base_lr: 1.0000e-02 lr: 3.9700e-04  eta: 1:19:34  time: 3.2976  data_time: 0.0086  memory: 10534  grad_norm: 24.3766  loss: 17.1913  loss_cls: 2.9271  loss_bbox: 6.5347  loss_dfl: 7.7295
2025/06/24 17:20:19 - mmengine - INFO - Epoch(train) [196][250/400]  base_lr: 1.0000e-02 lr: 3.9700e-04  eta: 1:17:09  time: 2.0129  data_time: 0.0087  memory: 10742  grad_norm: 25.7953  loss: 17.5748  loss_cls: 3.0943  loss_bbox: 6.6672  loss_dfl: 7.8133
2025/06/24 17:22:30 - mmengine - INFO - Epoch(train) [196][300/400]  base_lr: 1.0000e-02 lr: 3.9700e-04  eta: 1:14:57  time: 2.6276  data_time: 0.0077  memory: 10726  grad_norm: 23.7731  loss: 17.4153  loss_cls: 2.9220  loss_bbox: 6.6706  loss_dfl: 7.8227
2025/06/24 17:25:16 - mmengine - INFO - Epoch(train) [196][350/400]  base_lr: 1.0000e-02 lr: 3.9700e-04  eta: 1:12:56  time: 3.3109  data_time: 0.0077  memory: 10801  grad_norm: 24.2616  loss: 17.1478  loss_cls: 2.9193  loss_bbox: 6.4885  loss_dfl: 7.7400
2025/06/24 17:28:02 - mmengine - INFO - Exp name: yolov8_mambatransformer_20250624_133541
2025/06/24 17:28:02 - mmengine - INFO - Epoch(train) [196][400/400]  base_lr: 1.0000e-02 lr: 3.9700e-04  eta: 1:10:55  time: 3.3190  data_time: 0.0079  memory: 10764  grad_norm: 24.3950  loss: 17.3855  loss_cls: 2.9937  loss_bbox: 6.7349  loss_dfl: 7.6570
2025/06/24 17:28:02 - mmengine - INFO - Saving checkpoint at 196 epochs
2025/06/24 17:28:11 - mmengine - INFO - Epoch(val) [196][ 50/800]    eta: 0:01:19  time: 0.1054  data_time: 0.0011  memory: 1000  
2025/06/24 17:28:16 - mmengine - INFO - Epoch(val) [196][100/800]    eta: 0:01:14  time: 0.1069  data_time: 0.0005  memory: 1000  
2025/06/24 17:28:22 - mmengine - INFO - Epoch(val) [196][150/800]    eta: 0:01:11  time: 0.1180  data_time: 0.0005  memory: 1000  
2025/06/24 17:28:28 - mmengine - INFO - Epoch(val) [196][200/800]    eta: 0:01:06  time: 0.1124  data_time: 0.0005  memory: 1000  
2025/06/24 17:28:34 - mmengine - INFO - Epoch(val) [196][250/800]    eta: 0:01:01  time: 0.1183  data_time: 0.0007  memory: 1000  
2025/06/24 17:28:39 - mmengine - INFO - Epoch(val) [196][300/800]    eta: 0:00:54  time: 0.0981  data_time: 0.0004  memory: 1000  
2025/06/24 17:28:43 - mmengine - INFO - Epoch(val) [196][350/800]    eta: 0:00:48  time: 0.0944  data_time: 0.0004  memory: 1000  
2025/06/24 17:28:49 - mmengine - INFO - Epoch(val) [196][400/800]    eta: 0:00:42  time: 0.1019  data_time: 0.0004  memory: 1000  
2025/06/24 17:28:54 - mmengine - INFO - Epoch(val) [196][450/800]    eta: 0:00:37  time: 0.1028  data_time: 0.0006  memory: 1000  
2025/06/24 17:28:59 - mmengine - INFO - Epoch(val) [196][500/800]    eta: 0:00:32  time: 0.1131  data_time: 0.0011  memory: 1000  
2025/06/24 17:29:06 - mmengine - INFO - Epoch(val) [196][550/800]    eta: 0:00:27  time: 0.1286  data_time: 0.0010  memory: 1000  
2025/06/24 17:29:12 - mmengine - INFO - Epoch(val) [196][600/800]    eta: 0:00:22  time: 0.1298  data_time: 0.0010  memory: 1000  
2025/06/24 17:29:18 - mmengine - INFO - Epoch(val) [196][650/800]    eta: 0:00:16  time: 0.1168  data_time: 0.0005  memory: 1000  
2025/06/24 17:29:24 - mmengine - INFO - Epoch(val) [196][700/800]    eta: 0:00:11  time: 0.1226  data_time: 0.0042  memory: 1000  
2025/06/24 17:29:31 - mmengine - INFO - Epoch(val) [196][750/800]    eta: 0:00:05  time: 0.1269  data_time: 0.0029  memory: 1000  
2025/06/24 17:29:37 - mmengine - INFO - Epoch(val) [196][800/800]    eta: 0:00:00  time: 0.1237  data_time: 0.0008  memory: 1000  
2025/06/24 17:29:38 - mmengine - INFO - Evaluating bbox...
2025/06/24 17:29:51 - mmengine - INFO - 
+-------------+-------+--------+--------+-------+-------+-------+
| category    | mAP   | mAP_50 | mAP_75 | mAP_s | mAP_m | mAP_l |
+-------------+-------+--------+--------+-------+-------+-------+
| car         | 0.702 | 0.966  | 0.859  | 0.486 | 0.732 | 0.0   |
| truck       | 0.529 | 0.744  | 0.634  | 0.119 | 0.516 | 0.612 |
| bus         | 0.767 | 0.962  | 0.895  | 0.0   | 0.732 | 0.833 |
| van         | 0.492 | 0.678  | 0.583  | 0.259 | 0.488 | 0.815 |
| freight_car | 0.51  | 0.7    | 0.606  | 0.2   | 0.492 | 0.618 |
+-------------+-------+--------+--------+-------+-------+-------+
2025/06/24 17:29:51 - mmengine - INFO - bbox_mAP_copypaste: 0.600 0.810 0.715 0.213 0.592 0.576
2025/06/24 17:29:51 - mmengine - INFO - Epoch(val) [196][800/800]    coco/car_precision: 0.7020  coco/truck_precision: 0.5290  coco/bus_precision: 0.7670  coco/van_precision: 0.4920  coco/freight_car_precision: 0.5100  coco/bbox_mAP: 0.6000  coco/bbox_mAP_50: 0.8100  coco/bbox_mAP_75: 0.7150  coco/bbox_mAP_s: 0.2130  coco/bbox_mAP_m: 0.5920  coco/bbox_mAP_l: 0.5760  data_time: 0.0010  time: 0.1137
2025/06/24 17:32:37 - mmengine - INFO - Epoch(train) [197][ 50/400]  base_lr: 1.0000e-02 lr: 3.4750e-04  eta: 1:08:52  time: 3.3257  data_time: 0.0254  memory: 10668  grad_norm: 24.1166  loss: 17.4214  loss_cls: 2.9559  loss_bbox: 6.6909  loss_dfl: 7.7746
2025/06/24 17:35:23 - mmengine - INFO - Epoch(train) [197][100/400]  base_lr: 1.0000e-02 lr: 3.4750e-04  eta: 1:06:49  time: 3.3099  data_time: 0.0094  memory: 10641  grad_norm: 22.7019  loss: 17.0317  loss_cls: 2.8731  loss_bbox: 6.5179  loss_dfl: 7.6407
2025/06/24 17:38:08 - mmengine - INFO - Epoch(train) [197][150/400]  base_lr: 1.0000e-02 lr: 3.4750e-04  eta: 1:04:44  time: 3.3071  data_time: 0.0080  memory: 10513  grad_norm: 26.0760  loss: 17.5518  loss_cls: 2.9971  loss_bbox: 6.7304  loss_dfl: 7.8244
2025/06/24 17:40:54 - mmengine - INFO - Epoch(train) [197][200/400]  base_lr: 1.0000e-02 lr: 3.4750e-04  eta: 1:02:39  time: 3.3221  data_time: 0.0078  memory: 10673  grad_norm: 24.1065  loss: 17.2861  loss_cls: 3.0108  loss_bbox: 6.5759  loss_dfl: 7.6994
2025/06/24 17:42:56 - mmengine - INFO - Epoch(train) [197][250/400]  base_lr: 1.0000e-02 lr: 3.4750e-04  eta: 1:00:22  time: 2.4393  data_time: 0.0099  memory: 10742  grad_norm: 22.7818  loss: 17.1387  loss_cls: 2.8960  loss_bbox: 6.5805  loss_dfl: 7.6623
2025/06/24 17:44:55 - mmengine - INFO - Epoch(train) [197][300/400]  base_lr: 1.0000e-02 lr: 3.4750e-04  eta: 0:58:04  time: 2.3727  data_time: 0.0077  memory: 10684  grad_norm: 22.3948  loss: 16.9584  loss_cls: 2.8563  loss_bbox: 6.4198  loss_dfl: 7.6824
2025/06/24 17:47:41 - mmengine - INFO - Epoch(train) [197][350/400]  base_lr: 1.0000e-02 lr: 3.4750e-04  eta: 0:55:57  time: 3.3138  data_time: 0.0077  memory: 10710  grad_norm: 23.7810  loss: 17.1832  loss_cls: 2.8935  loss_bbox: 6.5495  loss_dfl: 7.7402
2025/06/24 17:50:26 - mmengine - INFO - Exp name: yolov8_mambatransformer_20250624_133541
2025/06/24 17:50:26 - mmengine - INFO - Epoch(train) [197][400/400]  base_lr: 1.0000e-02 lr: 3.4750e-04  eta: 0:53:50  time: 3.3136  data_time: 0.0072  memory: 10737  grad_norm: 23.9221  loss: 17.2300  loss_cls: 2.9069  loss_bbox: 6.5869  loss_dfl: 7.7361
2025/06/24 17:50:26 - mmengine - INFO - Saving checkpoint at 197 epochs
2025/06/24 17:50:37 - mmengine - INFO - Epoch(val) [197][ 50/800]    eta: 0:01:35  time: 0.1278  data_time: 0.0009  memory: 1000  
2025/06/24 17:50:43 - mmengine - INFO - Epoch(val) [197][100/800]    eta: 0:01:26  time: 0.1200  data_time: 0.0007  memory: 1000  
2025/06/24 17:50:49 - mmengine - INFO - Epoch(val) [197][150/800]    eta: 0:01:20  time: 0.1216  data_time: 0.0008  memory: 1000  
2025/06/24 17:50:54 - mmengine - INFO - Epoch(val) [197][200/800]    eta: 0:01:11  time: 0.1079  data_time: 0.0005  memory: 1000  
2025/06/24 17:51:00 - mmengine - INFO - Epoch(val) [197][250/800]    eta: 0:01:04  time: 0.1097  data_time: 0.0005  memory: 1000  
2025/06/24 17:51:05 - mmengine - INFO - Epoch(val) [197][300/800]    eta: 0:00:57  time: 0.1075  data_time: 0.0005  memory: 1000  
2025/06/24 17:51:10 - mmengine - INFO - Epoch(val) [197][350/800]    eta: 0:00:51  time: 0.1056  data_time: 0.0005  memory: 1000  
2025/06/24 17:51:16 - mmengine - INFO - Epoch(val) [197][400/800]    eta: 0:00:45  time: 0.1076  data_time: 0.0005  memory: 1000  
2025/06/24 17:51:22 - mmengine - INFO - Epoch(val) [197][450/800]    eta: 0:00:39  time: 0.1184  data_time: 0.0006  memory: 1000  
2025/06/24 17:51:28 - mmengine - INFO - Epoch(val) [197][500/800]    eta: 0:00:34  time: 0.1252  data_time: 0.0006  memory: 1000  
2025/06/24 17:51:34 - mmengine - INFO - Epoch(val) [197][550/800]    eta: 0:00:28  time: 0.1164  data_time: 0.0006  memory: 1000  
2025/06/24 17:51:39 - mmengine - INFO - Epoch(val) [197][600/800]    eta: 0:00:22  time: 0.1071  data_time: 0.0005  memory: 1000  
2025/06/24 17:51:44 - mmengine - INFO - Epoch(val) [197][650/800]    eta: 0:00:17  time: 0.1047  data_time: 0.0004  memory: 1000  
2025/06/24 17:51:50 - mmengine - INFO - Epoch(val) [197][700/800]    eta: 0:00:11  time: 0.1107  data_time: 0.0004  memory: 1000  
2025/06/24 17:51:56 - mmengine - INFO - Epoch(val) [197][750/800]    eta: 0:00:05  time: 0.1112  data_time: 0.0004  memory: 1000  
2025/06/24 17:52:01 - mmengine - INFO - Epoch(val) [197][800/800]    eta: 0:00:00  time: 0.1123  data_time: 0.0005  memory: 1000  
2025/06/24 17:52:02 - mmengine - INFO - Evaluating bbox...
2025/06/24 17:52:14 - mmengine - INFO - 
+-------------+-------+--------+--------+-------+-------+-------+
| category    | mAP   | mAP_50 | mAP_75 | mAP_s | mAP_m | mAP_l |
+-------------+-------+--------+--------+-------+-------+-------+
| car         | 0.702 | 0.966  | 0.859  | 0.486 | 0.732 | 0.0   |
| truck       | 0.529 | 0.745  | 0.634  | 0.119 | 0.517 | 0.613 |
| bus         | 0.766 | 0.962  | 0.897  | 0.0   | 0.732 | 0.833 |
| van         | 0.492 | 0.679  | 0.585  | 0.261 | 0.488 | 0.815 |
| freight_car | 0.511 | 0.7    | 0.609  | 0.2   | 0.492 | 0.619 |
+-------------+-------+--------+--------+-------+-------+-------+
2025/06/24 17:52:14 - mmengine - INFO - bbox_mAP_copypaste: 0.600 0.810 0.717 0.213 0.592 0.576
2025/06/24 17:52:14 - mmengine - INFO - Epoch(val) [197][800/800]    coco/car_precision: 0.7020  coco/truck_precision: 0.5290  coco/bus_precision: 0.7660  coco/van_precision: 0.4920  coco/freight_car_precision: 0.5110  coco/bbox_mAP: 0.6000  coco/bbox_mAP_50: 0.8100  coco/bbox_mAP_75: 0.7170  coco/bbox_mAP_s: 0.2130  coco/bbox_mAP_m: 0.5920  coco/bbox_mAP_l: 0.5760  data_time: 0.0005  time: 0.1133
2025/06/24 17:55:01 - mmengine - INFO - Epoch(train) [198][ 50/400]  base_lr: 1.0000e-02 lr: 2.9800e-04  eta: 0:51:43  time: 3.3339  data_time: 0.0268  memory: 10646  grad_norm: 24.9312  loss: 17.5417  loss_cls: 3.0154  loss_bbox: 6.7191  loss_dfl: 7.8073
2025/06/24 17:57:47 - mmengine - INFO - Epoch(train) [198][100/400]  base_lr: 1.0000e-02 lr: 2.9800e-04  eta: 0:49:34  time: 3.3189  data_time: 0.0073  memory: 10737  grad_norm: 23.5403  loss: 16.9006  loss_cls: 2.8391  loss_bbox: 6.3853  loss_dfl: 7.6761
2025/06/24 18:00:33 - mmengine - INFO - Epoch(train) [198][150/400]  base_lr: 1.0000e-02 lr: 2.9800e-04  eta: 0:47:25  time: 3.3177  data_time: 0.0084  memory: 10726  grad_norm: 26.7495  loss: 17.5808  loss_cls: 3.0495  loss_bbox: 6.7798  loss_dfl: 7.7515
2025/06/24 18:03:19 - mmengine - INFO - Exp name: yolov8_mambatransformer_20250624_133541
2025/06/24 18:03:19 - mmengine - INFO - Epoch(train) [198][200/400]  base_lr: 1.0000e-02 lr: 2.9800e-04  eta: 0:45:15  time: 3.3172  data_time: 0.0081  memory: 10620  grad_norm: 24.9152  loss: 17.4613  loss_cls: 3.0151  loss_bbox: 6.7284  loss_dfl: 7.7178
2025/06/24 18:05:33 - mmengine - INFO - Epoch(train) [198][250/400]  base_lr: 1.0000e-02 lr: 2.9800e-04  eta: 0:42:59  time: 2.6785  data_time: 0.0094  memory: 10758  grad_norm: 23.6046  loss: 17.0705  loss_cls: 2.8723  loss_bbox: 6.5123  loss_dfl: 7.6859
2025/06/24 18:07:23 - mmengine - INFO - Epoch(train) [198][300/400]  base_lr: 1.0000e-02 lr: 2.9800e-04  eta: 0:40:39  time: 2.2183  data_time: 0.0105  memory: 10764  grad_norm: 22.9108  loss: 16.9058  loss_cls: 2.8069  loss_bbox: 6.3893  loss_dfl: 7.7096
2025/06/24 18:10:10 - mmengine - INFO - Epoch(train) [198][350/400]  base_lr: 1.0000e-02 lr: 2.9800e-04  eta: 0:38:28  time: 3.3210  data_time: 0.0082  memory: 10732  grad_norm: 24.7851  loss: 17.0505  loss_cls: 2.9239  loss_bbox: 6.4867  loss_dfl: 7.6400
2025/06/24 18:12:55 - mmengine - INFO - Exp name: yolov8_mambatransformer_20250624_133541
2025/06/24 18:12:55 - mmengine - INFO - Epoch(train) [198][400/400]  base_lr: 1.0000e-02 lr: 2.9800e-04  eta: 0:36:17  time: 3.3144  data_time: 0.0104  memory: 10742  grad_norm: 25.5368  loss: 17.5337  loss_cls: 2.9591  loss_bbox: 6.7150  loss_dfl: 7.8596
2025/06/24 18:12:55 - mmengine - INFO - Saving checkpoint at 198 epochs
2025/06/24 18:13:04 - mmengine - INFO - Epoch(val) [198][ 50/800]    eta: 0:01:12  time: 0.0973  data_time: 0.0011  memory: 1000  
2025/06/24 18:13:09 - mmengine - INFO - Epoch(val) [198][100/800]    eta: 0:01:09  time: 0.1003  data_time: 0.0005  memory: 1000  
2025/06/24 18:13:14 - mmengine - INFO - Epoch(val) [198][150/800]    eta: 0:01:05  time: 0.1027  data_time: 0.0005  memory: 1000  
2025/06/24 18:13:20 - mmengine - INFO - Epoch(val) [198][200/800]    eta: 0:01:01  time: 0.1114  data_time: 0.0005  memory: 1000  
2025/06/24 18:13:25 - mmengine - INFO - Epoch(val) [198][250/800]    eta: 0:00:58  time: 0.1169  data_time: 0.0005  memory: 1000  
2025/06/24 18:13:31 - mmengine - INFO - Epoch(val) [198][300/800]    eta: 0:00:53  time: 0.1118  data_time: 0.0005  memory: 1000  
2025/06/24 18:13:36 - mmengine - INFO - Epoch(val) [198][350/800]    eta: 0:00:47  time: 0.1037  data_time: 0.0005  memory: 1000  
2025/06/24 18:13:42 - mmengine - INFO - Epoch(val) [198][400/800]    eta: 0:00:42  time: 0.1099  data_time: 0.0005  memory: 1000  
2025/06/24 18:13:47 - mmengine - INFO - Epoch(val) [198][450/800]    eta: 0:00:36  time: 0.0956  data_time: 0.0004  memory: 1000  
2025/06/24 18:13:51 - mmengine - INFO - Epoch(val) [198][500/800]    eta: 0:00:31  time: 0.0973  data_time: 0.0004  memory: 1000  
2025/06/24 18:13:56 - mmengine - INFO - Epoch(val) [198][550/800]    eta: 0:00:26  time: 0.0984  data_time: 0.0004  memory: 1000  
2025/06/24 18:14:01 - mmengine - INFO - Epoch(val) [198][600/800]    eta: 0:00:20  time: 0.0981  data_time: 0.0004  memory: 1000  
2025/06/24 18:14:06 - mmengine - INFO - Epoch(val) [198][650/800]    eta: 0:00:15  time: 0.1018  data_time: 0.0004  memory: 1000  
2025/06/24 18:14:11 - mmengine - INFO - Epoch(val) [198][700/800]    eta: 0:00:10  time: 0.0955  data_time: 0.0004  memory: 1000  
2025/06/24 18:14:16 - mmengine - INFO - Epoch(val) [198][750/800]    eta: 0:00:05  time: 0.0953  data_time: 0.0004  memory: 1000  
2025/06/24 18:14:22 - mmengine - INFO - Epoch(val) [198][800/800]    eta: 0:00:00  time: 0.1125  data_time: 0.0005  memory: 1000  
2025/06/24 18:14:23 - mmengine - INFO - Evaluating bbox...
2025/06/24 18:14:34 - mmengine - INFO - 
+-------------+-------+--------+--------+-------+-------+-------+
| category    | mAP   | mAP_50 | mAP_75 | mAP_s | mAP_m | mAP_l |
+-------------+-------+--------+--------+-------+-------+-------+
| car         | 0.702 | 0.966  | 0.859  | 0.485 | 0.732 | 0.0   |
| truck       | 0.528 | 0.744  | 0.632  | 0.119 | 0.516 | 0.61  |
| bus         | 0.767 | 0.961  | 0.897  | 0.0   | 0.732 | 0.834 |
| van         | 0.492 | 0.68   | 0.585  | 0.261 | 0.488 | 0.81  |
| freight_car | 0.509 | 0.699  | 0.607  | 0.2   | 0.49  | 0.618 |
+-------------+-------+--------+--------+-------+-------+-------+
2025/06/24 18:14:34 - mmengine - INFO - bbox_mAP_copypaste: 0.599 0.810 0.716 0.213 0.592 0.574
2025/06/24 18:14:34 - mmengine - INFO - Epoch(val) [198][800/800]    coco/car_precision: 0.7020  coco/truck_precision: 0.5280  coco/bus_precision: 0.7670  coco/van_precision: 0.4920  coco/freight_car_precision: 0.5090  coco/bbox_mAP: 0.5990  coco/bbox_mAP_50: 0.8100  coco/bbox_mAP_75: 0.7160  coco/bbox_mAP_s: 0.2130  coco/bbox_mAP_m: 0.5920  coco/bbox_mAP_l: 0.5740  data_time: 0.0005  time: 0.1030
2025/06/24 18:17:21 - mmengine - INFO - Epoch(train) [199][ 50/400]  base_lr: 1.0000e-02 lr: 2.4850e-04  eta: 0:34:05  time: 3.3357  data_time: 0.0307  memory: 10726  grad_norm: 23.6844  loss: 17.0283  loss_cls: 2.8873  loss_bbox: 6.4802  loss_dfl: 7.6609
2025/06/24 18:20:07 - mmengine - INFO - Epoch(train) [199][100/400]  base_lr: 1.0000e-02 lr: 2.4850e-04  eta: 0:31:52  time: 3.3155  data_time: 0.0079  memory: 10764  grad_norm: 24.4612  loss: 17.7424  loss_cls: 3.0977  loss_bbox: 6.8106  loss_dfl: 7.8341
2025/06/24 18:22:53 - mmengine - INFO - Epoch(train) [199][150/400]  base_lr: 1.0000e-02 lr: 2.4850e-04  eta: 0:29:39  time: 3.3139  data_time: 0.0074  memory: 10742  grad_norm: 24.1135  loss: 17.2047  loss_cls: 2.9370  loss_bbox: 6.6201  loss_dfl: 7.6476
2025/06/24 18:25:39 - mmengine - INFO - Epoch(train) [199][200/400]  base_lr: 1.0000e-02 lr: 2.4850e-04  eta: 0:27:25  time: 3.3163  data_time: 0.0080  memory: 10764  grad_norm: 25.9708  loss: 17.1979  loss_cls: 2.9533  loss_bbox: 6.4895  loss_dfl: 7.7550
2025/06/24 18:28:07 - mmengine - INFO - Epoch(train) [199][250/400]  base_lr: 1.0000e-02 lr: 2.4850e-04  eta: 0:25:09  time: 2.9607  data_time: 0.0087  memory: 10689  grad_norm: 24.3261  loss: 17.1890  loss_cls: 2.9147  loss_bbox: 6.5885  loss_dfl: 7.6858
2025/06/24 18:29:44 - mmengine - INFO - Epoch(train) [199][300/400]  base_lr: 1.0000e-02 lr: 2.4850e-04  eta: 0:22:48  time: 1.9374  data_time: 0.0105  memory: 10626  grad_norm: 23.3450  loss: 16.8408  loss_cls: 2.8257  loss_bbox: 6.3600  loss_dfl: 7.6552
2025/06/24 18:31:54 - mmengine - INFO - Epoch(train) [199][350/400]  base_lr: 1.0000e-02 lr: 2.4850e-04  eta: 0:20:31  time: 2.6129  data_time: 0.0108  memory: 10689  grad_norm: 24.5046  loss: 17.2600  loss_cls: 2.8870  loss_bbox: 6.6126  loss_dfl: 7.7604
2025/06/24 18:34:40 - mmengine - INFO - Exp name: yolov8_mambatransformer_20250624_133541
2025/06/24 18:34:40 - mmengine - INFO - Epoch(train) [199][400/400]  base_lr: 1.0000e-02 lr: 2.4850e-04  eta: 0:18:16  time: 3.3056  data_time: 0.0070  memory: 10742  grad_norm: 23.7937  loss: 16.9342  loss_cls: 2.8666  loss_bbox: 6.4162  loss_dfl: 7.6514
2025/06/24 18:34:40 - mmengine - INFO - Saving checkpoint at 199 epochs
2025/06/24 18:34:49 - mmengine - INFO - Epoch(val) [199][ 50/800]    eta: 0:01:23  time: 0.1112  data_time: 0.0012  memory: 1000  
2025/06/24 18:34:54 - mmengine - INFO - Epoch(val) [199][100/800]    eta: 0:01:15  time: 0.1049  data_time: 0.0005  memory: 1000  
2025/06/24 18:34:59 - mmengine - INFO - Epoch(val) [199][150/800]    eta: 0:01:08  time: 0.1009  data_time: 0.0004  memory: 1000  
2025/06/24 18:35:05 - mmengine - INFO - Epoch(val) [199][200/800]    eta: 0:01:04  time: 0.1126  data_time: 0.0005  memory: 1000  
2025/06/24 18:35:10 - mmengine - INFO - Epoch(val) [199][250/800]    eta: 0:00:59  time: 0.1089  data_time: 0.0005  memory: 1000  
2025/06/24 18:35:15 - mmengine - INFO - Epoch(val) [199][300/800]    eta: 0:00:53  time: 0.1046  data_time: 0.0004  memory: 1000  
2025/06/24 18:35:21 - mmengine - INFO - Epoch(val) [199][350/800]    eta: 0:00:48  time: 0.1156  data_time: 0.0012  memory: 1000  
2025/06/24 18:35:27 - mmengine - INFO - Epoch(val) [199][400/800]    eta: 0:00:43  time: 0.1210  data_time: 0.0013  memory: 1000  
2025/06/24 18:35:34 - mmengine - INFO - Epoch(val) [199][450/800]    eta: 0:00:39  time: 0.1263  data_time: 0.0006  memory: 1000  
2025/06/24 18:35:40 - mmengine - INFO - Epoch(val) [199][500/800]    eta: 0:00:33  time: 0.1268  data_time: 0.0023  memory: 1000  
2025/06/24 18:35:47 - mmengine - INFO - Epoch(val) [199][550/800]    eta: 0:00:28  time: 0.1319  data_time: 0.0013  memory: 1000  
2025/06/24 18:35:53 - mmengine - INFO - Epoch(val) [199][600/800]    eta: 0:00:23  time: 0.1289  data_time: 0.0011  memory: 1000  
2025/06/24 18:35:59 - mmengine - INFO - Epoch(val) [199][650/800]    eta: 0:00:17  time: 0.1180  data_time: 0.0010  memory: 1000  
2025/06/24 18:36:05 - mmengine - INFO - Epoch(val) [199][700/800]    eta: 0:00:11  time: 0.1176  data_time: 0.0008  memory: 1000  
2025/06/24 18:36:11 - mmengine - INFO - Epoch(val) [199][750/800]    eta: 0:00:05  time: 0.1170  data_time: 0.0006  memory: 1000  
2025/06/24 18:36:16 - mmengine - INFO - Epoch(val) [199][800/800]    eta: 0:00:00  time: 0.1119  data_time: 0.0005  memory: 1000  
2025/06/24 18:36:18 - mmengine - INFO - Evaluating bbox...
2025/06/24 18:36:29 - mmengine - INFO - 
+-------------+-------+--------+--------+-------+-------+-------+
| category    | mAP   | mAP_50 | mAP_75 | mAP_s | mAP_m | mAP_l |
+-------------+-------+--------+--------+-------+-------+-------+
| car         | 0.702 | 0.966  | 0.858  | 0.485 | 0.732 | 0.0   |
| truck       | 0.528 | 0.745  | 0.629  | 0.119 | 0.515 | 0.611 |
| bus         | 0.766 | 0.961  | 0.899  | 0.0   | 0.731 | 0.834 |
| van         | 0.491 | 0.68   | 0.586  | 0.261 | 0.488 | 0.806 |
| freight_car | 0.508 | 0.698  | 0.606  | 0.2   | 0.489 | 0.618 |
+-------------+-------+--------+--------+-------+-------+-------+
2025/06/24 18:36:29 - mmengine - INFO - bbox_mAP_copypaste: 0.599 0.810 0.716 0.213 0.591 0.574
2025/06/24 18:36:29 - mmengine - INFO - Epoch(val) [199][800/800]    coco/car_precision: 0.7020  coco/truck_precision: 0.5280  coco/bus_precision: 0.7660  coco/van_precision: 0.4910  coco/freight_car_precision: 0.5080  coco/bbox_mAP: 0.5990  coco/bbox_mAP_50: 0.8100  coco/bbox_mAP_75: 0.7160  coco/bbox_mAP_s: 0.2130  coco/bbox_mAP_m: 0.5910  coco/bbox_mAP_l: 0.5740  data_time: 0.0009  time: 0.1161
2025/06/24 18:39:16 - mmengine - INFO - Epoch(train) [200][ 50/400]  base_lr: 1.0000e-02 lr: 1.9900e-04  eta: 0:16:01  time: 3.3219  data_time: 0.0262  memory: 10716  grad_norm: 23.8482  loss: 17.5829  loss_cls: 3.0036  loss_bbox: 6.8128  loss_dfl: 7.7665
2025/06/24 18:42:01 - mmengine - INFO - Epoch(train) [200][100/400]  base_lr: 1.0000e-02 lr: 1.9900e-04  eta: 0:13:45  time: 3.3161  data_time: 0.0080  memory: 10742  grad_norm: 23.1768  loss: 16.9386  loss_cls: 2.8371  loss_bbox: 6.4571  loss_dfl: 7.6444
2025/06/24 18:44:48 - mmengine - INFO - Epoch(train) [200][150/400]  base_lr: 1.0000e-02 lr: 1.9900e-04  eta: 0:11:28  time: 3.3221  data_time: 0.0079  memory: 10620  grad_norm: 24.1088  loss: 17.0461  loss_cls: 2.8667  loss_bbox: 6.4091  loss_dfl: 7.7703
2025/06/24 18:47:34 - mmengine - INFO - Epoch(train) [200][200/400]  base_lr: 1.0000e-02 lr: 1.9900e-04  eta: 0:09:11  time: 3.3219  data_time: 0.0077  memory: 10742  grad_norm: 22.8026  loss: 17.1104  loss_cls: 2.8354  loss_bbox: 6.5577  loss_dfl: 7.7173
2025/06/24 18:50:20 - mmengine - INFO - Epoch(train) [200][250/400]  base_lr: 1.0000e-02 lr: 1.9900e-04  eta: 0:06:54  time: 3.3193  data_time: 0.0103  memory: 10732  grad_norm: 24.0768  loss: 17.1387  loss_cls: 2.9034  loss_bbox: 6.5103  loss_dfl: 7.7249
2025/06/24 18:52:21 - mmengine - INFO - Epoch(train) [200][300/400]  base_lr: 1.0000e-02 lr: 1.9900e-04  eta: 0:04:36  time: 2.4277  data_time: 0.0086  memory: 10801  grad_norm: 23.5433  loss: 16.9676  loss_cls: 2.8715  loss_bbox: 6.4441  loss_dfl: 7.6520
2025/06/24 18:54:17 - mmengine - INFO - Epoch(train) [200][350/400]  base_lr: 1.0000e-02 lr: 1.9900e-04  eta: 0:02:17  time: 2.3192  data_time: 0.0097  memory: 10636  grad_norm: 23.0581  loss: 16.9133  loss_cls: 2.8162  loss_bbox: 6.4592  loss_dfl: 7.6379
2025/06/24 18:57:03 - mmengine - INFO - Exp name: yolov8_mambatransformer_20250624_133541
2025/06/24 18:57:03 - mmengine - INFO - Epoch(train) [200][400/400]  base_lr: 1.0000e-02 lr: 1.9900e-04  eta: 0:00:00  time: 3.3125  data_time: 0.0076  memory: 10641  grad_norm: 24.5598  loss: 17.1819  loss_cls: 2.9162  loss_bbox: 6.5001  loss_dfl: 7.7656
2025/06/24 18:57:03 - mmengine - INFO - Saving checkpoint at 200 epochs
2025/06/24 18:57:13 - mmengine - INFO - Epoch(val) [200][ 50/800]    eta: 0:01:34  time: 0.1259  data_time: 0.0013  memory: 1000  
2025/06/24 18:57:19 - mmengine - INFO - Epoch(val) [200][100/800]    eta: 0:01:25  time: 0.1177  data_time: 0.0005  memory: 1000  
2025/06/24 18:57:25 - mmengine - INFO - Epoch(val) [200][150/800]    eta: 0:01:20  time: 0.1291  data_time: 0.0018  memory: 1000  
2025/06/24 18:57:32 - mmengine - INFO - Epoch(val) [200][200/800]    eta: 0:01:14  time: 0.1267  data_time: 0.0008  memory: 1000  
2025/06/24 18:57:37 - mmengine - INFO - Epoch(val) [200][250/800]    eta: 0:01:06  time: 0.1042  data_time: 0.0005  memory: 1000  
2025/06/24 18:57:42 - mmengine - INFO - Epoch(val) [200][300/800]    eta: 0:00:59  time: 0.1067  data_time: 0.0005  memory: 1000  
2025/06/24 18:57:48 - mmengine - INFO - Epoch(val) [200][350/800]    eta: 0:00:52  time: 0.1103  data_time: 0.0005  memory: 1000  
2025/06/24 18:57:53 - mmengine - INFO - Epoch(val) [200][400/800]    eta: 0:00:46  time: 0.1123  data_time: 0.0005  memory: 1000  
2025/06/24 18:57:59 - mmengine - INFO - Epoch(val) [200][450/800]    eta: 0:00:40  time: 0.1130  data_time: 0.0005  memory: 1000  
2025/06/24 18:58:05 - mmengine - INFO - Epoch(val) [200][500/800]    eta: 0:00:34  time: 0.1130  data_time: 0.0005  memory: 1000  
2025/06/24 18:58:10 - mmengine - INFO - Epoch(val) [200][550/800]    eta: 0:00:28  time: 0.1129  data_time: 0.0005  memory: 1000  
2025/06/24 18:58:16 - mmengine - INFO - Epoch(val) [200][600/800]    eta: 0:00:23  time: 0.1138  data_time: 0.0005  memory: 1000  
2025/06/24 18:58:22 - mmengine - INFO - Epoch(val) [200][650/800]    eta: 0:00:17  time: 0.1127  data_time: 0.0005  memory: 1000  
2025/06/24 18:58:28 - mmengine - INFO - Epoch(val) [200][700/800]    eta: 0:00:11  time: 0.1130  data_time: 0.0005  memory: 1000  
2025/06/24 18:58:33 - mmengine - INFO - Epoch(val) [200][750/800]    eta: 0:00:05  time: 0.1133  data_time: 0.0005  memory: 1000  
2025/06/24 18:58:39 - mmengine - INFO - Epoch(val) [200][800/800]    eta: 0:00:00  time: 0.1206  data_time: 0.0005  memory: 1000  
2025/06/24 18:58:40 - mmengine - INFO - Evaluating bbox...
2025/06/24 18:58:52 - mmengine - INFO - 
+-------------+-------+--------+--------+-------+-------+-------+
| category    | mAP   | mAP_50 | mAP_75 | mAP_s | mAP_m | mAP_l |
+-------------+-------+--------+--------+-------+-------+-------+
| car         | 0.702 | 0.966  | 0.858  | 0.485 | 0.732 | 0.0   |
| truck       | 0.529 | 0.745  | 0.63   | 0.123 | 0.516 | 0.611 |
| bus         | 0.765 | 0.96   | 0.899  | 0.0   | 0.729 | 0.833 |
| van         | 0.49  | 0.68   | 0.586  | 0.262 | 0.486 | 0.81  |
| freight_car | 0.506 | 0.698  | 0.602  | 0.2   | 0.487 | 0.618 |
+-------------+-------+--------+--------+-------+-------+-------+
2025/06/24 18:58:52 - mmengine - INFO - bbox_mAP_copypaste: 0.598 0.810 0.715 0.214 0.590 0.574
2025/06/24 18:58:52 - mmengine - INFO - Epoch(val) [200][800/800]    coco/car_precision: 0.7020  coco/truck_precision: 0.5290  coco/bus_precision: 0.7650  coco/van_precision: 0.4900  coco/freight_car_precision: 0.5060  coco/bbox_mAP: 0.5980  coco/bbox_mAP_50: 0.8100  coco/bbox_mAP_75: 0.7150  coco/bbox_mAP_s: 0.2140  coco/bbox_mAP_m: 0.5900  coco/bbox_mAP_l: 0.5740  data_time: 0.0007  time: 0.1153
