2025/05/24 07:07:03 - mmengine - INFO - 
------------------------------------------------------------
System environment:
    sys.platform: linux
    Python: 3.10.16 (main, Dec 11 2024, 16:24:50) [GCC 11.2.0]
    CUDA available: True
    MUSA available: False
    numpy_random_seed: 33387725
    GPU 0: NVIDIA A40
    CUDA_HOME: /usr/local/cuda
    NVCC: Cuda compilation tools, release 12.0, V12.0.76
    GCC: gcc (Ubuntu 9.4.0-1ubuntu1~20.04.2) 9.4.0
    PyTorch: 2.3.1
    PyTorch compiling details: PyTorch built with:
  - GCC 9.3
  - C++ Version: 201703
  - Intel(R) oneAPI Math Kernel Library Version 2023.1-Product Build 20230303 for Intel(R) 64 architecture applications
  - Intel(R) MKL-DNN v3.3.6 (Git Hash 86e6af5974177e513fd3fee58425e1063e7f1361)
  - OpenMP 201511 (a.k.a. OpenMP 4.5)
  - LAPACK is enabled (usually provided by MKL)
  - NNPACK is enabled
  - CPU capability usage: AVX512
  - CUDA Runtime 12.1
  - NVCC architecture flags: -gencode;arch=compute_50,code=sm_50;-gencode;arch=compute_60,code=sm_60;-gencode;arch=compute_61,code=sm_61;-gencode;arch=compute_70,code=sm_70;-gencode;arch=compute_75,code=sm_75;-gencode;arch=compute_80,code=sm_80;-gencode;arch=compute_86,code=sm_86;-gencode;arch=compute_90,code=sm_90
  - CuDNN 8.9.2
  - Magma 2.6.1
  - Build settings: BLAS_INFO=mkl, BUILD_TYPE=Release, CUDA_VERSION=12.1, CUDNN_VERSION=8.9.2, CXX_COMPILER=/opt/rh/devtoolset-9/root/usr/bin/c++, CXX_FLAGS= -D_GLIBCXX_USE_CXX11_ABI=0 -fabi-version=11 -fvisibility-inlines-hidden -DUSE_PTHREADPOOL -DNDEBUG -DUSE_KINETO -DLIBKINETO_NOROCTRACER -DUSE_FBGEMM -DUSE_QNNPACK -DUSE_PYTORCH_QNNPACK -DUSE_XNNPACK -DSYMBOLICATE_MOBILE_DEBUG_HANDLE -O2 -fPIC -Wall -Wextra -Werror=return-type -Werror=non-virtual-dtor -Werror=bool-operation -Wnarrowing -Wno-missing-field-initializers -Wno-type-limits -Wno-array-bounds -Wno-unknown-pragmas -Wno-unused-parameter -Wno-unused-function -Wno-unused-result -Wno-strict-overflow -Wno-strict-aliasing -Wno-stringop-overflow -Wsuggest-override -Wno-psabi -Wno-error=pedantic -Wno-error=old-style-cast -Wno-missing-braces -fdiagnostics-color=always -faligned-new -Wno-unused-but-set-variable -Wno-maybe-uninitialized -fno-math-errno -fno-trapping-math -Werror=format -Wno-stringop-overflow, LAPACK_INFO=mkl, PERF_WITH_AVX=1, PERF_WITH_AVX2=1, PERF_WITH_AVX512=1, TORCH_VERSION=2.3.1, USE_CUDA=ON, USE_CUDNN=ON, USE_CUSPARSELT=1, USE_EXCEPTION_PTR=1, USE_GFLAGS=OFF, USE_GLOG=OFF, USE_GLOO=ON, USE_MKL=ON, USE_MKLDNN=ON, USE_MPI=OFF, USE_NCCL=ON, USE_NNPACK=ON, USE_OPENMP=ON, USE_ROCM=OFF, USE_ROCM_KERNEL_ASSERT=OFF, 

    TorchVision: 0.18.1
    OpenCV: 4.11.0
    MMEngine: 0.10.7

Runtime environment:
    cudnn_benchmark: True
    mp_cfg: {'mp_start_method': 'fork', 'opencv_num_threads': 0}
    dist_cfg: {'backend': 'nccl'}
    seed: 33387725
    Distributed launcher: none
    Distributed training: False
    GPU number: 1
------------------------------------------------------------

2025/05/24 07:07:05 - mmengine - INFO - Config:
_backend_args = None
_multiscale_resize_transforms = [
    dict(
        transforms=[
            dict(scale=(
                640,
                640,
            ), type='YOLOv5KeepRatioResize'),
            dict(
                allow_scale_up=False,
                pad_val=dict(img=114),
                scale=(
                    640,
                    640,
                ),
                type='LetterResize'),
        ],
        type='Compose'),
    dict(
        transforms=[
            dict(scale=(
                320,
                320,
            ), type='YOLOv5KeepRatioResize'),
            dict(
                allow_scale_up=False,
                pad_val=dict(img=114),
                scale=(
                    320,
                    320,
                ),
                type='LetterResize'),
        ],
        type='Compose'),
    dict(
        transforms=[
            dict(scale=(
                960,
                960,
            ), type='YOLOv5KeepRatioResize'),
            dict(
                allow_scale_up=False,
                pad_val=dict(img=114),
                scale=(
                    960,
                    960,
                ),
                type='LetterResize'),
        ],
        type='Compose'),
]
affine_scale = 0.5
after_pre_transformer = [
    dict(
        border=(
            -320,
            -256,
        ),
        border_val=(
            114,
            114,
            114,
        ),
        max_aspect_ratio=100,
        max_rotate_degree=0.0,
        max_shear_degree=0.0,
        scaling_ratio_range=(
            0.5,
            1.5,
        ),
        type='YOLOv5RandomAffine'),
]
albu_train_transforms = [
    dict(p=0.01, type='Blur'),
    dict(p=0.01, type='MedianBlur'),
    dict(p=0.01, type='ToGray'),
    dict(p=0.01, type='CLAHE'),
]
backend_args = None
base_lr = 0.01
batch_shapes_cfg = None
before_last_transformer = [
    dict(type='YOLOv5HSVRandomAug'),
    dict(prob=0.5, type='mmdet.RandomFlip'),
]
class_name = (
    'car',
    'person',
    'bicycle',
)
classes = (
    'Car',
    'Truck',
    'People',
    'Bus',
    'Lamp',
    'Motorcycle',
)
close_mosaic_epochs = 10
custom_hooks = [
    dict(
        ema_type='ExpMomentumEMA',
        momentum=0.0001,
        priority=49,
        strict_load=False,
        type='EMAHook',
        update_buffers=True),
    dict(
        switch_epoch=390,
        switch_pipeline=[
            dict(backend_args=None, type='LoadImageFromFile'),
            dict(backend_args=None, type='LoadImageFromFile2'),
            dict(type='LoadAnnotations', with_bbox=True, with_mask=False),
            dict(
                transforms=[
                    dict(scale=(
                        640,
                        512,
                    ), type='YOLOv5KeepRatioResize'),
                    dict(
                        _scope_='mmdet',
                        pad_val=dict(img=(
                            114,
                            114,
                            114,
                        )),
                        size=(
                            640,
                            512,
                        ),
                        type='Pad'),
                    dict(
                        border_val=(
                            114,
                            114,
                            114,
                        ),
                        max_aspect_ratio=100,
                        max_rotate_degree=0.0,
                        max_shear_degree=0.0,
                        scaling_ratio_range=(
                            0.5,
                            1.5,
                        ),
                        type='YOLOv5RandomAffine'),
                ],
                type='Image2Broadcaster'),
            dict(
                bbox_params=dict(
                    format='pascal_voc',
                    label_fields=[
                        'gt_bboxes_labels',
                        'gt_ignore_flags',
                    ],
                    type='BboxParams'),
                keymap=dict(gt_bboxes='bboxes', img='image'),
                transforms=[
                    dict(p=0.01, type='Blur'),
                    dict(p=0.01, type='MedianBlur'),
                    dict(p=0.01, type='ToGray'),
                    dict(p=0.01, type='CLAHE'),
                ],
                type='Dual_Albu'),
            dict(
                transforms=[
                    dict(type='YOLOv5HSVRandomAug'),
                    dict(prob=0.5, type='mmdet.RandomFlip'),
                ],
                type='Image2Broadcaster'),
            dict(
                meta_keys=(
                    'img_id',
                    'img_path',
                    'ori_shape',
                    'img_shape',
                    'img_path2',
                    'ori_shape2',
                    'img_shape2',
                    'scale_factor',
                ),
                type='DoublePackDetInputs'),
        ],
        type='mmdet.PipelineSwitchHook'),
]
data_root = '/data/nl/mmdet2spectral/data/M3FD/'
dataset_type = 'DualStreamCocoDataset'
deepen_factor = 0.67
default_hooks = dict(
    checkpoint=dict(
        interval=1,
        max_keep_ckpts=3,
        save_best='coco/bbox_mAP_50',
        type='CheckpointHook'),
    logger=dict(interval=50, type='LoggerHook'),
    param_scheduler=dict(
        lr_factor=0.01,
        max_epochs=400,
        scheduler_type='linear',
        type='YOLOv5ParamSchedulerHook'),
    sampler_seed=dict(type='DistSamplerSeedHook'),
    timer=dict(type='IterTimerHook'),
    visualization=dict(type='mmdet.DetVisualizationHook'))
default_scope = 'mmyolo'
env_cfg = dict(
    cudnn_benchmark=True,
    dist_cfg=dict(backend='nccl'),
    mp_cfg=dict(mp_start_method='fork', opencv_num_threads=0))
img_scale = (
    640,
    512,
)
img_scales = [
    (
        640,
        640,
    ),
    (
        320,
        320,
    ),
    (
        960,
        960,
    ),
]
last_stage_out_channels = 1024
last_transform = [
    dict(
        bbox_params=dict(
            format='pascal_voc',
            label_fields=[
                'gt_bboxes_labels',
                'gt_ignore_flags',
            ],
            type='BboxParams'),
        keymap=dict(gt_bboxes='bboxes', img='image'),
        transforms=[
            dict(p=0.01, type='Blur'),
            dict(p=0.01, type='MedianBlur'),
            dict(p=0.01, type='ToGray'),
            dict(p=0.01, type='CLAHE'),
        ],
        type='Dual_Albu'),
    dict(
        transforms=[
            dict(type='YOLOv5HSVRandomAug'),
            dict(prob=0.5, type='mmdet.RandomFlip'),
        ],
        type='Image2Broadcaster'),
    dict(
        meta_keys=(
            'img_id',
            'img_path',
            'ori_shape',
            'img_shape',
            'img_path2',
            'ori_shape2',
            'img_shape2',
            'scale_factor',
        ),
        type='DoublePackDetInputs'),
]
launcher = 'none'
load_from = None
log_level = 'INFO'
log_processor = dict(by_epoch=True, type='LogProcessor', window_size=50)
loss_bbox_weight = 7.5
loss_cls_weight = 0.5
loss_dfl_weight = 0.375
lr_factor = 0.01
max_aspect_ratio = 100
max_epochs = 400
max_keep_ckpts = 3
metainfo = dict(
    classes=(
        'Car',
        'Truck',
        'People',
        'Bus',
        'Lamp',
        'Motorcycle',
    ),
    palette=[
        (
            20,
            220,
            60,
        ),
        (
            119,
            11,
            32,
        ),
        (
            0,
            0,
            142,
        ),
        (
            106,
            0,
            228,
        ),
        (
            0,
            60,
            100,
        ),
        (
            0,
            80,
            100,
        ),
    ])
model = dict(
    backbone=dict(
        act_cfg=dict(inplace=True, type='SiLU'),
        deepen_factor=0.67,
        fusion_block=dict(
            in_channels=[
                128,
                256,
                512,
            ],
            mamba_bi=[
                False,
                False,
                False,
            ],
            mamba_size=[
                (
                    128,
                    160,
                ),
                (
                    64,
                    80,
                ),
                (
                    32,
                    40,
                ),
            ],
            transformer_fusion=True,
            transformer_horz_anchor=[
                16,
                10,
                8,
            ],
            transformer_loops_num=1,
            transformer_mod_weight=True,
            transformer_vert_anchor=[
                16,
                10,
                8,
            ],
            type='MambaTransformerBlock'),
        fusion_flag=True,
        fusion_indices=(
            2,
            3,
            4,
        ),
        fusion_module=dict(in_channels=[
            128,
            256,
            512,
        ], type='BaseFusion'),
        head_input_module=dict(
            in_channels=[
                256,
                512,
                1024,
            ], type='BaseFusion'),
        input_channels=3,
        norm_cfg=dict(eps=0.001, momentum=0.03, type='BN'),
        out_indices=(
            2,
            3,
            4,
        ),
        stages=dict(
            settings=dict(
                act_cfg=dict(inplace=True, type='SiLU'),
                add_identity=[
                    True,
                    True,
                    True,
                    True,
                ],
                deepen_factor=0.67,
                in_channels=[
                    64,
                    128,
                    256,
                    512,
                ],
                norm_cfg=dict(eps=0.001, momentum=0.03, type='BN'),
                num_blocks=[
                    3,
                    6,
                    6,
                    3,
                ],
                out_channels=[
                    128,
                    256,
                    512,
                    1024,
                ],
                use_spp=[
                    False,
                    False,
                    False,
                    True,
                ],
                widen_factor=0.75),
            type='yoloV8CSPDarknet'),
        stem_block=dict(
            act_cfg=dict(inplace=True, type='SiLU'),
            in_channels=3,
            kernel_size=3,
            norm_cfg=dict(eps=0.001, momentum=0.03, type='BN'),
            out_channels=64,
            padding=1,
            stride=2,
            type='ConvStem',
            widen_factor=0.75),
        type='GeneralDualBackbone',
        widen_factor=0.75),
    bbox_head=dict(
        bbox_coder=dict(type='DistancePointBBoxCoder'),
        head_module=dict(
            act_cfg=dict(inplace=True, type='SiLU'),
            featmap_strides=[
                8,
                16,
                32,
            ],
            in_channels=[
                256,
                512,
                1024,
            ],
            norm_cfg=dict(eps=0.001, momentum=0.03, type='BN'),
            num_classes=6,
            reg_max=16,
            type='YOLOv8HeadModule',
            widen_factor=0.75),
        loss_bbox=dict(
            bbox_format='xyxy',
            iou_mode='ciou',
            loss_weight=7.5,
            reduction='sum',
            return_iou=False,
            type='IoULoss'),
        loss_cls=dict(
            loss_weight=0.5,
            reduction='none',
            type='mmdet.CrossEntropyLoss',
            use_sigmoid=True),
        loss_dfl=dict(
            loss_weight=0.375,
            reduction='mean',
            type='mmdet.DistributionFocalLoss'),
        prior_generator=dict(
            offset=0.5, strides=[
                8,
                16,
                32,
            ], type='mmdet.MlvlPointGenerator'),
        type='YOLOv8Head'),
    data_preprocessor=dict(
        bgr_to_rgb=True,
        mean=[
            123.675,
            116.28,
            103.53,
        ],
        std=[
            58.395,
            57.12,
            57.375,
        ],
        type='DualInputDetDataPreprocessor'),
    neck=dict(
        act_cfg=dict(inplace=True, type='SiLU'),
        deepen_factor=0.67,
        in_channels=[
            256,
            512,
            1024,
        ],
        norm_cfg=dict(eps=0.001, momentum=0.03, type='BN'),
        num_csp_blocks=3,
        out_channels=[
            256,
            512,
            1024,
        ],
        type='YOLOv8PAFPN',
        widen_factor=0.75),
    test_cfg=dict(
        max_per_img=300,
        multi_label=True,
        nms=dict(iou_threshold=0.7, type='nms'),
        nms_pre=30000,
        score_thr=0.001),
    train_cfg=dict(
        assigner=dict(
            alpha=0.5,
            beta=6.0,
            eps=1e-09,
            num_classes=6,
            topk=10,
            type='BatchTaskAlignedAssigner',
            use_ciou=True)),
    type='YOLODualNeckDetector')
model_test_cfg = dict(
    max_per_img=300,
    multi_label=True,
    nms=dict(iou_threshold=0.7, type='nms'),
    nms_pre=30000,
    score_thr=0.001)
norm_cfg = dict(eps=0.001, momentum=0.03, type='BN')
num_classes = 6
num_det_layers = 3
optim_wrapper = dict(
    clip_grad=dict(max_norm=10.0),
    constructor='YOLOv5OptimizerConstructor',
    optimizer=dict(
        batch_size_per_gpu=8,
        lr=0.01,
        momentum=0.937,
        nesterov=True,
        type='SGD',
        weight_decay=0.0005),
    type='OptimWrapper')
param_scheduler = None
persistent_workers = True
pre_transform = [
    dict(backend_args=None, type='LoadImageFromFile'),
    dict(backend_args=None, type='LoadImageFromFile2'),
    dict(type='LoadAnnotations', with_bbox=True, with_mask=False),
]
resume = True
save_epoch_intervals = 1
strides = [
    8,
    16,
    32,
]
tal_alpha = 0.5
tal_beta = 6.0
tal_topk = 10
test_cfg = dict(type='TestLoop')
test_dataloader = dict(
    batch_size=1,
    dataset=dict(
        ann_file='val_partion.json',
        batch_shapes_cfg=None,
        data_prefix=dict(img='val/enhance/rgb'),
        data_root='/data/nl/mmdet2spectral/data/M3FD/',
        metainfo=dict(
            classes=(
                'Car',
                'Truck',
                'People',
                'Bus',
                'Lamp',
                'Motorcycle',
            ),
            palette=[
                (
                    20,
                    220,
                    60,
                ),
                (
                    119,
                    11,
                    32,
                ),
                (
                    0,
                    0,
                    142,
                ),
                (
                    106,
                    0,
                    228,
                ),
                (
                    0,
                    60,
                    100,
                ),
                (
                    0,
                    80,
                    100,
                ),
            ]),
        pipeline=[
            dict(backend_args=None, type='LoadImageFromFile'),
            dict(backend_args=None, type='LoadImageFromFile2'),
            dict(_scope_='mmdet', type='LoadAnnotations', with_bbox=True),
            dict(
                transforms=[
                    dict(scale=(
                        640,
                        512,
                    ), type='YOLOv5KeepRatioResize'),
                    dict(
                        _scope_='mmdet',
                        pad_val=dict(img=(
                            114,
                            114,
                            114,
                        )),
                        size=(
                            640,
                            512,
                        ),
                        type='Pad'),
                ],
                type='Image2Broadcaster'),
            dict(
                meta_keys=(
                    'img_id',
                    'img_path',
                    'ori_shape',
                    'img_shape',
                    'img_path2',
                    'ori_shape2',
                    'img_shape2',
                    'scale_factor',
                ),
                type='DoublePackDetInputs'),
        ],
        test_mode=True,
        type='DualStreamCocoDataset'),
    drop_last=False,
    num_workers=2,
    persistent_workers=True,
    pin_memory=True,
    sampler=dict(shuffle=False, type='DefaultSampler'))
test_evaluator = dict(
    ann_file='/data/nl/mmdet2spectral/data/M3FD/val_partion.json',
    classwise=True,
    metric='bbox',
    proposal_nums=(
        100,
        1,
        10,
    ),
    type='mmdet.CocoMetric')
test_pipeline = [
    dict(backend_args=None, type='LoadImageFromFile'),
    dict(backend_args=None, type='LoadImageFromFile2'),
    dict(_scope_='mmdet', type='LoadAnnotations', with_bbox=True),
    dict(
        transforms=[
            dict(scale=(
                640,
                512,
            ), type='YOLOv5KeepRatioResize'),
            dict(
                _scope_='mmdet',
                pad_val=dict(img=(
                    114,
                    114,
                    114,
                )),
                size=(
                    640,
                    512,
                ),
                type='Pad'),
        ],
        type='Image2Broadcaster'),
    dict(
        meta_keys=(
            'img_id',
            'img_path',
            'ori_shape',
            'img_shape',
            'img_path2',
            'ori_shape2',
            'img_shape2',
            'scale_factor',
        ),
        type='DoublePackDetInputs'),
]
test_transformer = [
    dict(scale=(
        640,
        512,
    ), type='YOLOv5KeepRatioResize'),
    dict(
        _scope_='mmdet',
        pad_val=dict(img=(
            114,
            114,
            114,
        )),
        size=(
            640,
            512,
        ),
        type='Pad'),
]
train_ann_file = 'train.json'
train_batch_size_per_gpu = 8
train_cfg = dict(
    dynamic_intervals=[
        (
            390,
            1,
        ),
    ],
    max_epochs=400,
    type='EpochBasedTrainLoop',
    val_interval=1)
train_data_prefix = 'train/enhance/rgb'
train_dataloader = dict(
    batch_size=8,
    collate_fn=dict(type='dual_yolo_collate'),
    dataset=dict(
        ann_file='train.json',
        data_prefix=dict(img='train/enhance/rgb'),
        data_root='/data/nl/mmdet2spectral/data/M3FD/',
        filter_cfg=dict(filter_empty_gt=False, min_size=32),
        metainfo=dict(
            classes=(
                'Car',
                'Truck',
                'People',
                'Bus',
                'Lamp',
                'Motorcycle',
            ),
            palette=[
                (
                    20,
                    220,
                    60,
                ),
                (
                    119,
                    11,
                    32,
                ),
                (
                    0,
                    0,
                    142,
                ),
                (
                    106,
                    0,
                    228,
                ),
                (
                    0,
                    60,
                    100,
                ),
                (
                    0,
                    80,
                    100,
                ),
            ]),
        pipeline=[
            dict(backend_args=None, type='LoadImageFromFile'),
            dict(backend_args=None, type='LoadImageFromFile2'),
            dict(type='LoadAnnotations', with_bbox=True, with_mask=False),
            dict(
                img_scale=(
                    640,
                    512,
                ),
                pad_val=114.0,
                pre_transform=[
                    dict(backend_args=None, type='LoadImageFromFile'),
                    dict(backend_args=None, type='LoadImageFromFile2'),
                    dict(
                        type='LoadAnnotations',
                        with_bbox=True,
                        with_mask=False),
                ],
                type='Dual_Mosaic',
                use_cached=False),
            dict(
                transforms=[
                    dict(
                        border=(
                            -320,
                            -256,
                        ),
                        border_val=(
                            114,
                            114,
                            114,
                        ),
                        max_aspect_ratio=100,
                        max_rotate_degree=0.0,
                        max_shear_degree=0.0,
                        scaling_ratio_range=(
                            0.5,
                            1.5,
                        ),
                        type='YOLOv5RandomAffine'),
                ],
                type='Image2Broadcaster'),
            dict(
                bbox_params=dict(
                    format='pascal_voc',
                    label_fields=[
                        'gt_bboxes_labels',
                        'gt_ignore_flags',
                    ],
                    type='BboxParams'),
                keymap=dict(gt_bboxes='bboxes', img='image'),
                transforms=[
                    dict(p=0.01, type='Blur'),
                    dict(p=0.01, type='MedianBlur'),
                    dict(p=0.01, type='ToGray'),
                    dict(p=0.01, type='CLAHE'),
                ],
                type='Dual_Albu'),
            dict(
                transforms=[
                    dict(type='YOLOv5HSVRandomAug'),
                    dict(prob=0.5, type='mmdet.RandomFlip'),
                ],
                type='Image2Broadcaster'),
            dict(
                meta_keys=(
                    'img_id',
                    'img_path',
                    'ori_shape',
                    'img_shape',
                    'img_path2',
                    'ori_shape2',
                    'img_shape2',
                    'scale_factor',
                ),
                type='DoublePackDetInputs'),
        ],
        type='DualStreamCocoDataset'),
    num_workers=8,
    persistent_workers=True,
    pin_memory=True,
    sampler=dict(shuffle=True, type='DefaultSampler'))
train_num_workers = 8
train_pipeline = [
    dict(backend_args=None, type='LoadImageFromFile'),
    dict(backend_args=None, type='LoadImageFromFile2'),
    dict(type='LoadAnnotations', with_bbox=True, with_mask=False),
    dict(
        img_scale=(
            640,
            512,
        ),
        pad_val=114.0,
        pre_transform=[
            dict(backend_args=None, type='LoadImageFromFile'),
            dict(backend_args=None, type='LoadImageFromFile2'),
            dict(type='LoadAnnotations', with_bbox=True, with_mask=False),
        ],
        type='Dual_Mosaic',
        use_cached=False),
    dict(
        transforms=[
            dict(
                border=(
                    -320,
                    -256,
                ),
                border_val=(
                    114,
                    114,
                    114,
                ),
                max_aspect_ratio=100,
                max_rotate_degree=0.0,
                max_shear_degree=0.0,
                scaling_ratio_range=(
                    0.5,
                    1.5,
                ),
                type='YOLOv5RandomAffine'),
        ],
        type='Image2Broadcaster'),
    dict(
        bbox_params=dict(
            format='pascal_voc',
            label_fields=[
                'gt_bboxes_labels',
                'gt_ignore_flags',
            ],
            type='BboxParams'),
        keymap=dict(gt_bboxes='bboxes', img='image'),
        transforms=[
            dict(p=0.01, type='Blur'),
            dict(p=0.01, type='MedianBlur'),
            dict(p=0.01, type='ToGray'),
            dict(p=0.01, type='CLAHE'),
        ],
        type='Dual_Albu'),
    dict(
        transforms=[
            dict(type='YOLOv5HSVRandomAug'),
            dict(prob=0.5, type='mmdet.RandomFlip'),
        ],
        type='Image2Broadcaster'),
    dict(
        meta_keys=(
            'img_id',
            'img_path',
            'ori_shape',
            'img_shape',
            'img_path2',
            'ori_shape2',
            'img_shape2',
            'scale_factor',
        ),
        type='DoublePackDetInputs'),
]
train_pipeline_stage2 = [
    dict(backend_args=None, type='LoadImageFromFile'),
    dict(backend_args=None, type='LoadImageFromFile2'),
    dict(type='LoadAnnotations', with_bbox=True, with_mask=False),
    dict(
        transforms=[
            dict(scale=(
                640,
                512,
            ), type='YOLOv5KeepRatioResize'),
            dict(
                _scope_='mmdet',
                pad_val=dict(img=(
                    114,
                    114,
                    114,
                )),
                size=(
                    640,
                    512,
                ),
                type='Pad'),
            dict(
                border_val=(
                    114,
                    114,
                    114,
                ),
                max_aspect_ratio=100,
                max_rotate_degree=0.0,
                max_shear_degree=0.0,
                scaling_ratio_range=(
                    0.5,
                    1.5,
                ),
                type='YOLOv5RandomAffine'),
        ],
        type='Image2Broadcaster'),
    dict(
        bbox_params=dict(
            format='pascal_voc',
            label_fields=[
                'gt_bboxes_labels',
                'gt_ignore_flags',
            ],
            type='BboxParams'),
        keymap=dict(gt_bboxes='bboxes', img='image'),
        transforms=[
            dict(p=0.01, type='Blur'),
            dict(p=0.01, type='MedianBlur'),
            dict(p=0.01, type='ToGray'),
            dict(p=0.01, type='CLAHE'),
        ],
        type='Dual_Albu'),
    dict(
        transforms=[
            dict(type='YOLOv5HSVRandomAug'),
            dict(prob=0.5, type='mmdet.RandomFlip'),
        ],
        type='Image2Broadcaster'),
    dict(
        meta_keys=(
            'img_id',
            'img_path',
            'ori_shape',
            'img_shape',
            'img_path2',
            'ori_shape2',
            'img_shape2',
            'scale_factor',
        ),
        type='DoublePackDetInputs'),
]
train_stage2_transformer = [
    dict(scale=(
        640,
        512,
    ), type='YOLOv5KeepRatioResize'),
    dict(
        _scope_='mmdet',
        pad_val=dict(img=(
            114,
            114,
            114,
        )),
        size=(
            640,
            512,
        ),
        type='Pad'),
    dict(
        border_val=(
            114,
            114,
            114,
        ),
        max_aspect_ratio=100,
        max_rotate_degree=0.0,
        max_shear_degree=0.0,
        scaling_ratio_range=(
            0.5,
            1.5,
        ),
        type='YOLOv5RandomAffine'),
]
tta_model = dict(
    tta_cfg=dict(max_per_img=300, nms=dict(iou_threshold=0.65, type='nms')),
    type='mmdet.DetTTAModel')
tta_pipeline = [
    dict(backend_args=None, type='LoadImageFromFile'),
    dict(
        transforms=[
            [
                dict(
                    transforms=[
                        dict(scale=(
                            640,
                            640,
                        ), type='YOLOv5KeepRatioResize'),
                        dict(
                            allow_scale_up=False,
                            pad_val=dict(img=114),
                            scale=(
                                640,
                                640,
                            ),
                            type='LetterResize'),
                    ],
                    type='Compose'),
                dict(
                    transforms=[
                        dict(scale=(
                            320,
                            320,
                        ), type='YOLOv5KeepRatioResize'),
                        dict(
                            allow_scale_up=False,
                            pad_val=dict(img=114),
                            scale=(
                                320,
                                320,
                            ),
                            type='LetterResize'),
                    ],
                    type='Compose'),
                dict(
                    transforms=[
                        dict(scale=(
                            960,
                            960,
                        ), type='YOLOv5KeepRatioResize'),
                        dict(
                            allow_scale_up=False,
                            pad_val=dict(img=114),
                            scale=(
                                960,
                                960,
                            ),
                            type='LetterResize'),
                    ],
                    type='Compose'),
            ],
            [
                dict(prob=1.0, type='mmdet.RandomFlip'),
                dict(prob=0.0, type='mmdet.RandomFlip'),
            ],
            [
                dict(type='mmdet.LoadAnnotations', with_bbox=True),
            ],
            [
                dict(
                    meta_keys=(
                        'img_id',
                        'img_path',
                        'ori_shape',
                        'img_shape',
                        'scale_factor',
                        'pad_param',
                        'flip',
                        'flip_direction',
                    ),
                    type='mmdet.PackDetInputs'),
            ],
        ],
        type='TestTimeAug'),
]
val_ann_file = 'val_partion.json'
val_batch_size_per_gpu = 1
val_cfg = dict(type='ValLoop')
val_data_prefix = 'val/enhance/rgb'
val_dataloader = dict(
    batch_size=1,
    dataset=dict(
        ann_file='val_partion.json',
        batch_shapes_cfg=None,
        data_prefix=dict(img='val/enhance/rgb'),
        data_root='/data/nl/mmdet2spectral/data/M3FD/',
        metainfo=dict(
            classes=(
                'Car',
                'Truck',
                'People',
                'Bus',
                'Lamp',
                'Motorcycle',
            ),
            palette=[
                (
                    20,
                    220,
                    60,
                ),
                (
                    119,
                    11,
                    32,
                ),
                (
                    0,
                    0,
                    142,
                ),
                (
                    106,
                    0,
                    228,
                ),
                (
                    0,
                    60,
                    100,
                ),
                (
                    0,
                    80,
                    100,
                ),
            ]),
        pipeline=[
            dict(backend_args=None, type='LoadImageFromFile'),
            dict(backend_args=None, type='LoadImageFromFile2'),
            dict(_scope_='mmdet', type='LoadAnnotations', with_bbox=True),
            dict(
                transforms=[
                    dict(scale=(
                        640,
                        512,
                    ), type='YOLOv5KeepRatioResize'),
                    dict(
                        _scope_='mmdet',
                        pad_val=dict(img=(
                            114,
                            114,
                            114,
                        )),
                        size=(
                            640,
                            512,
                        ),
                        type='Pad'),
                ],
                type='Image2Broadcaster'),
            dict(
                meta_keys=(
                    'img_id',
                    'img_path',
                    'ori_shape',
                    'img_shape',
                    'img_path2',
                    'ori_shape2',
                    'img_shape2',
                    'scale_factor',
                ),
                type='DoublePackDetInputs'),
        ],
        test_mode=True,
        type='DualStreamCocoDataset'),
    drop_last=False,
    num_workers=2,
    persistent_workers=True,
    pin_memory=True,
    sampler=dict(shuffle=False, type='DefaultSampler'))
val_evaluator = dict(
    ann_file='/data/nl/mmdet2spectral/data/M3FD/val_partion.json',
    classwise=True,
    metric='bbox',
    proposal_nums=(
        100,
        1,
        10,
    ),
    type='mmdet.CocoMetric')
val_interval_stage2 = 1
val_num_workers = 2
vis_backends = [
    dict(type='LocalVisBackend'),
]
visualizer = dict(
    name='visualizer',
    type='mmdet.DetLocalVisualizer',
    vis_backends=[
        dict(type='LocalVisBackend'),
    ])
weight_decay = 0.0005
widen_factor = 0.75
work_dir = 'work_dirs/M3FD/2025_05_10/yolov8_mambatransformer_enhance'

2025/05/24 07:07:08 - mmengine - INFO - Distributed training is not used, all SyncBatchNorm (SyncBN) layers in the model will be automatically reverted to BatchNormXd layers if they are used.
2025/05/24 07:07:08 - mmengine - INFO - Hooks will be executed in the following order:
before_run:
(VERY_HIGH   ) RuntimeInfoHook                    
(49          ) EMAHook                            
(BELOW_NORMAL) LoggerHook                         
 -------------------- 
after_load_checkpoint:
(49          ) EMAHook                            
 -------------------- 
before_train:
(9           ) YOLOv5ParamSchedulerHook           
(VERY_HIGH   ) RuntimeInfoHook                    
(49          ) EMAHook                            
(NORMAL      ) IterTimerHook                      
(VERY_LOW    ) CheckpointHook                     
 -------------------- 
before_train_epoch:
(VERY_HIGH   ) RuntimeInfoHook                    
(NORMAL      ) IterTimerHook                      
(NORMAL      ) DistSamplerSeedHook                
(NORMAL      ) PipelineSwitchHook                 
 -------------------- 
before_train_iter:
(9           ) YOLOv5ParamSchedulerHook           
(VERY_HIGH   ) RuntimeInfoHook                    
(NORMAL      ) IterTimerHook                      
 -------------------- 
after_train_iter:
(9           ) YOLOv5ParamSchedulerHook           
(VERY_HIGH   ) RuntimeInfoHook                    
(49          ) EMAHook                            
(NORMAL      ) IterTimerHook                      
(BELOW_NORMAL) LoggerHook                         
(VERY_LOW    ) CheckpointHook                     
 -------------------- 
after_train_epoch:
(9           ) YOLOv5ParamSchedulerHook           
(NORMAL      ) IterTimerHook                      
(VERY_LOW    ) CheckpointHook                     
 -------------------- 
before_val:
(VERY_HIGH   ) RuntimeInfoHook                    
 -------------------- 
before_val_epoch:
(49          ) EMAHook                            
(NORMAL      ) IterTimerHook                      
 -------------------- 
before_val_iter:
(NORMAL      ) IterTimerHook                      
 -------------------- 
after_val_iter:
(NORMAL      ) IterTimerHook                      
(NORMAL      ) DetVisualizationHook               
(BELOW_NORMAL) LoggerHook                         
 -------------------- 
after_val_epoch:
(9           ) YOLOv5ParamSchedulerHook           
(VERY_HIGH   ) RuntimeInfoHook                    
(49          ) EMAHook                            
(NORMAL      ) IterTimerHook                      
(BELOW_NORMAL) LoggerHook                         
(VERY_LOW    ) CheckpointHook                     
 -------------------- 
after_val:
(VERY_HIGH   ) RuntimeInfoHook                    
 -------------------- 
before_save_checkpoint:
(49          ) EMAHook                            
 -------------------- 
after_train:
(VERY_HIGH   ) RuntimeInfoHook                    
(VERY_LOW    ) CheckpointHook                     
 -------------------- 
before_test:
(VERY_HIGH   ) RuntimeInfoHook                    
 -------------------- 
before_test_epoch:
(49          ) EMAHook                            
(NORMAL      ) IterTimerHook                      
 -------------------- 
before_test_iter:
(NORMAL      ) IterTimerHook                      
 -------------------- 
after_test_iter:
(NORMAL      ) IterTimerHook                      
(NORMAL      ) DetVisualizationHook               
(BELOW_NORMAL) LoggerHook                         
 -------------------- 
after_test_epoch:
(VERY_HIGH   ) RuntimeInfoHook                    
(49          ) EMAHook                            
(NORMAL      ) IterTimerHook                      
(BELOW_NORMAL) LoggerHook                         
 -------------------- 
after_test:
(VERY_HIGH   ) RuntimeInfoHook                    
 -------------------- 
after_run:
(BELOW_NORMAL) LoggerHook                         
 -------------------- 
2025/05/24 07:07:10 - mmengine - INFO - Optimizer groups: 227 .bias, 224 conv.weight, 128 other
Name of parameter - Initialization information

backbone.stem_1.conv.conv.weight - torch.Size([48, 3, 3, 3]): 
Initialized by user-defined `init_weights` in ConvModule  

backbone.stem_1.conv.bn.weight - torch.Size([48]): 
The value is the same before and after calling `init_weights` of YOLODualNeckDetector  

backbone.stem_1.conv.bn.bias - torch.Size([48]): 
The value is the same before and after calling `init_weights` of YOLODualNeckDetector  

backbone.stem_2.conv.conv.weight - torch.Size([48, 3, 3, 3]): 
Initialized by user-defined `init_weights` in ConvModule  

backbone.stem_2.conv.bn.weight - torch.Size([48]): 
The value is the same before and after calling `init_weights` of YOLODualNeckDetector  

backbone.stem_2.conv.bn.bias - torch.Size([48]): 
The value is the same before and after calling `init_weights` of YOLODualNeckDetector  

backbone.stage1_1.0.conv.weight - torch.Size([96, 48, 3, 3]): 
The value is the same before and after calling `init_weights` of YOLODualNeckDetector  

backbone.stage1_1.0.bn.weight - torch.Size([96]): 
The value is the same before and after calling `init_weights` of YOLODualNeckDetector  

backbone.stage1_1.0.bn.bias - torch.Size([96]): 
The value is the same before and after calling `init_weights` of YOLODualNeckDetector  

backbone.stage1_1.1.main_conv.conv.weight - torch.Size([96, 96, 1, 1]): 
The value is the same before and after calling `init_weights` of YOLODualNeckDetector  

backbone.stage1_1.1.main_conv.bn.weight - torch.Size([96]): 
The value is the same before and after calling `init_weights` of YOLODualNeckDetector  

backbone.stage1_1.1.main_conv.bn.bias - torch.Size([96]): 
The value is the same before and after calling `init_weights` of YOLODualNeckDetector  

backbone.stage1_1.1.final_conv.conv.weight - torch.Size([96, 192, 1, 1]): 
The value is the same before and after calling `init_weights` of YOLODualNeckDetector  

backbone.stage1_1.1.final_conv.bn.weight - torch.Size([96]): 
The value is the same before and after calling `init_weights` of YOLODualNeckDetector  

backbone.stage1_1.1.final_conv.bn.bias - torch.Size([96]): 
The value is the same before and after calling `init_weights` of YOLODualNeckDetector  

backbone.stage1_1.1.blocks.0.conv1.conv.weight - torch.Size([48, 48, 3, 3]): 
The value is the same before and after calling `init_weights` of YOLODualNeckDetector  

backbone.stage1_1.1.blocks.0.conv1.bn.weight - torch.Size([48]): 
The value is the same before and after calling `init_weights` of YOLODualNeckDetector  

backbone.stage1_1.1.blocks.0.conv1.bn.bias - torch.Size([48]): 
The value is the same before and after calling `init_weights` of YOLODualNeckDetector  

backbone.stage1_1.1.blocks.0.conv2.conv.weight - torch.Size([48, 48, 3, 3]): 
The value is the same before and after calling `init_weights` of YOLODualNeckDetector  

backbone.stage1_1.1.blocks.0.conv2.bn.weight - torch.Size([48]): 
The value is the same before and after calling `init_weights` of YOLODualNeckDetector  

backbone.stage1_1.1.blocks.0.conv2.bn.bias - torch.Size([48]): 
The value is the same before and after calling `init_weights` of YOLODualNeckDetector  

backbone.stage1_1.1.blocks.1.conv1.conv.weight - torch.Size([48, 48, 3, 3]): 
The value is the same before and after calling `init_weights` of YOLODualNeckDetector  

backbone.stage1_1.1.blocks.1.conv1.bn.weight - torch.Size([48]): 
The value is the same before and after calling `init_weights` of YOLODualNeckDetector  

backbone.stage1_1.1.blocks.1.conv1.bn.bias - torch.Size([48]): 
The value is the same before and after calling `init_weights` of YOLODualNeckDetector  

backbone.stage1_1.1.blocks.1.conv2.conv.weight - torch.Size([48, 48, 3, 3]): 
The value is the same before and after calling `init_weights` of YOLODualNeckDetector  

backbone.stage1_1.1.blocks.1.conv2.bn.weight - torch.Size([48]): 
The value is the same before and after calling `init_weights` of YOLODualNeckDetector  

backbone.stage1_1.1.blocks.1.conv2.bn.bias - torch.Size([48]): 
The value is the same before and after calling `init_weights` of YOLODualNeckDetector  

backbone.stage1_2.0.conv.weight - torch.Size([96, 48, 3, 3]): 
The value is the same before and after calling `init_weights` of YOLODualNeckDetector  

backbone.stage1_2.0.bn.weight - torch.Size([96]): 
The value is the same before and after calling `init_weights` of YOLODualNeckDetector  

backbone.stage1_2.0.bn.bias - torch.Size([96]): 
The value is the same before and after calling `init_weights` of YOLODualNeckDetector  

backbone.stage1_2.1.main_conv.conv.weight - torch.Size([96, 96, 1, 1]): 
The value is the same before and after calling `init_weights` of YOLODualNeckDetector  

backbone.stage1_2.1.main_conv.bn.weight - torch.Size([96]): 
The value is the same before and after calling `init_weights` of YOLODualNeckDetector  

backbone.stage1_2.1.main_conv.bn.bias - torch.Size([96]): 
The value is the same before and after calling `init_weights` of YOLODualNeckDetector  

backbone.stage1_2.1.final_conv.conv.weight - torch.Size([96, 192, 1, 1]): 
The value is the same before and after calling `init_weights` of YOLODualNeckDetector  

backbone.stage1_2.1.final_conv.bn.weight - torch.Size([96]): 
The value is the same before and after calling `init_weights` of YOLODualNeckDetector  

backbone.stage1_2.1.final_conv.bn.bias - torch.Size([96]): 
The value is the same before and after calling `init_weights` of YOLODualNeckDetector  

backbone.stage1_2.1.blocks.0.conv1.conv.weight - torch.Size([48, 48, 3, 3]): 
The value is the same before and after calling `init_weights` of YOLODualNeckDetector  

backbone.stage1_2.1.blocks.0.conv1.bn.weight - torch.Size([48]): 
The value is the same before and after calling `init_weights` of YOLODualNeckDetector  

backbone.stage1_2.1.blocks.0.conv1.bn.bias - torch.Size([48]): 
The value is the same before and after calling `init_weights` of YOLODualNeckDetector  

backbone.stage1_2.1.blocks.0.conv2.conv.weight - torch.Size([48, 48, 3, 3]): 
The value is the same before and after calling `init_weights` of YOLODualNeckDetector  

backbone.stage1_2.1.blocks.0.conv2.bn.weight - torch.Size([48]): 
The value is the same before and after calling `init_weights` of YOLODualNeckDetector  

backbone.stage1_2.1.blocks.0.conv2.bn.bias - torch.Size([48]): 
The value is the same before and after calling `init_weights` of YOLODualNeckDetector  

backbone.stage1_2.1.blocks.1.conv1.conv.weight - torch.Size([48, 48, 3, 3]): 
The value is the same before and after calling `init_weights` of YOLODualNeckDetector  

backbone.stage1_2.1.blocks.1.conv1.bn.weight - torch.Size([48]): 
The value is the same before and after calling `init_weights` of YOLODualNeckDetector  

backbone.stage1_2.1.blocks.1.conv1.bn.bias - torch.Size([48]): 
The value is the same before and after calling `init_weights` of YOLODualNeckDetector  

backbone.stage1_2.1.blocks.1.conv2.conv.weight - torch.Size([48, 48, 3, 3]): 
The value is the same before and after calling `init_weights` of YOLODualNeckDetector  

backbone.stage1_2.1.blocks.1.conv2.bn.weight - torch.Size([48]): 
The value is the same before and after calling `init_weights` of YOLODualNeckDetector  

backbone.stage1_2.1.blocks.1.conv2.bn.bias - torch.Size([48]): 
The value is the same before and after calling `init_weights` of YOLODualNeckDetector  

backbone.stage2_1.0.conv.weight - torch.Size([192, 96, 3, 3]): 
The value is the same before and after calling `init_weights` of YOLODualNeckDetector  

backbone.stage2_1.0.bn.weight - torch.Size([192]): 
The value is the same before and after calling `init_weights` of YOLODualNeckDetector  

backbone.stage2_1.0.bn.bias - torch.Size([192]): 
The value is the same before and after calling `init_weights` of YOLODualNeckDetector  

backbone.stage2_1.1.main_conv.conv.weight - torch.Size([192, 192, 1, 1]): 
The value is the same before and after calling `init_weights` of YOLODualNeckDetector  

backbone.stage2_1.1.main_conv.bn.weight - torch.Size([192]): 
The value is the same before and after calling `init_weights` of YOLODualNeckDetector  

backbone.stage2_1.1.main_conv.bn.bias - torch.Size([192]): 
The value is the same before and after calling `init_weights` of YOLODualNeckDetector  

backbone.stage2_1.1.final_conv.conv.weight - torch.Size([192, 576, 1, 1]): 
The value is the same before and after calling `init_weights` of YOLODualNeckDetector  

backbone.stage2_1.1.final_conv.bn.weight - torch.Size([192]): 
The value is the same before and after calling `init_weights` of YOLODualNeckDetector  

backbone.stage2_1.1.final_conv.bn.bias - torch.Size([192]): 
The value is the same before and after calling `init_weights` of YOLODualNeckDetector  

backbone.stage2_1.1.blocks.0.conv1.conv.weight - torch.Size([96, 96, 3, 3]): 
The value is the same before and after calling `init_weights` of YOLODualNeckDetector  

backbone.stage2_1.1.blocks.0.conv1.bn.weight - torch.Size([96]): 
The value is the same before and after calling `init_weights` of YOLODualNeckDetector  

backbone.stage2_1.1.blocks.0.conv1.bn.bias - torch.Size([96]): 
The value is the same before and after calling `init_weights` of YOLODualNeckDetector  

backbone.stage2_1.1.blocks.0.conv2.conv.weight - torch.Size([96, 96, 3, 3]): 
The value is the same before and after calling `init_weights` of YOLODualNeckDetector  

backbone.stage2_1.1.blocks.0.conv2.bn.weight - torch.Size([96]): 
The value is the same before and after calling `init_weights` of YOLODualNeckDetector  

backbone.stage2_1.1.blocks.0.conv2.bn.bias - torch.Size([96]): 
The value is the same before and after calling `init_weights` of YOLODualNeckDetector  

backbone.stage2_1.1.blocks.1.conv1.conv.weight - torch.Size([96, 96, 3, 3]): 
The value is the same before and after calling `init_weights` of YOLODualNeckDetector  

backbone.stage2_1.1.blocks.1.conv1.bn.weight - torch.Size([96]): 
The value is the same before and after calling `init_weights` of YOLODualNeckDetector  

backbone.stage2_1.1.blocks.1.conv1.bn.bias - torch.Size([96]): 
The value is the same before and after calling `init_weights` of YOLODualNeckDetector  

backbone.stage2_1.1.blocks.1.conv2.conv.weight - torch.Size([96, 96, 3, 3]): 
The value is the same before and after calling `init_weights` of YOLODualNeckDetector  

backbone.stage2_1.1.blocks.1.conv2.bn.weight - torch.Size([96]): 
The value is the same before and after calling `init_weights` of YOLODualNeckDetector  

backbone.stage2_1.1.blocks.1.conv2.bn.bias - torch.Size([96]): 
The value is the same before and after calling `init_weights` of YOLODualNeckDetector  

backbone.stage2_1.1.blocks.2.conv1.conv.weight - torch.Size([96, 96, 3, 3]): 
The value is the same before and after calling `init_weights` of YOLODualNeckDetector  

backbone.stage2_1.1.blocks.2.conv1.bn.weight - torch.Size([96]): 
The value is the same before and after calling `init_weights` of YOLODualNeckDetector  

backbone.stage2_1.1.blocks.2.conv1.bn.bias - torch.Size([96]): 
The value is the same before and after calling `init_weights` of YOLODualNeckDetector  

backbone.stage2_1.1.blocks.2.conv2.conv.weight - torch.Size([96, 96, 3, 3]): 
The value is the same before and after calling `init_weights` of YOLODualNeckDetector  

backbone.stage2_1.1.blocks.2.conv2.bn.weight - torch.Size([96]): 
The value is the same before and after calling `init_weights` of YOLODualNeckDetector  

backbone.stage2_1.1.blocks.2.conv2.bn.bias - torch.Size([96]): 
The value is the same before and after calling `init_weights` of YOLODualNeckDetector  

backbone.stage2_1.1.blocks.3.conv1.conv.weight - torch.Size([96, 96, 3, 3]): 
The value is the same before and after calling `init_weights` of YOLODualNeckDetector  

backbone.stage2_1.1.blocks.3.conv1.bn.weight - torch.Size([96]): 
The value is the same before and after calling `init_weights` of YOLODualNeckDetector  

backbone.stage2_1.1.blocks.3.conv1.bn.bias - torch.Size([96]): 
The value is the same before and after calling `init_weights` of YOLODualNeckDetector  

backbone.stage2_1.1.blocks.3.conv2.conv.weight - torch.Size([96, 96, 3, 3]): 
The value is the same before and after calling `init_weights` of YOLODualNeckDetector  

backbone.stage2_1.1.blocks.3.conv2.bn.weight - torch.Size([96]): 
The value is the same before and after calling `init_weights` of YOLODualNeckDetector  

backbone.stage2_1.1.blocks.3.conv2.bn.bias - torch.Size([96]): 
The value is the same before and after calling `init_weights` of YOLODualNeckDetector  

backbone.stage2_2.0.conv.weight - torch.Size([192, 96, 3, 3]): 
The value is the same before and after calling `init_weights` of YOLODualNeckDetector  

backbone.stage2_2.0.bn.weight - torch.Size([192]): 
The value is the same before and after calling `init_weights` of YOLODualNeckDetector  

backbone.stage2_2.0.bn.bias - torch.Size([192]): 
The value is the same before and after calling `init_weights` of YOLODualNeckDetector  

backbone.stage2_2.1.main_conv.conv.weight - torch.Size([192, 192, 1, 1]): 
The value is the same before and after calling `init_weights` of YOLODualNeckDetector  

backbone.stage2_2.1.main_conv.bn.weight - torch.Size([192]): 
The value is the same before and after calling `init_weights` of YOLODualNeckDetector  

backbone.stage2_2.1.main_conv.bn.bias - torch.Size([192]): 
The value is the same before and after calling `init_weights` of YOLODualNeckDetector  

backbone.stage2_2.1.final_conv.conv.weight - torch.Size([192, 576, 1, 1]): 
The value is the same before and after calling `init_weights` of YOLODualNeckDetector  

backbone.stage2_2.1.final_conv.bn.weight - torch.Size([192]): 
The value is the same before and after calling `init_weights` of YOLODualNeckDetector  

backbone.stage2_2.1.final_conv.bn.bias - torch.Size([192]): 
The value is the same before and after calling `init_weights` of YOLODualNeckDetector  

backbone.stage2_2.1.blocks.0.conv1.conv.weight - torch.Size([96, 96, 3, 3]): 
The value is the same before and after calling `init_weights` of YOLODualNeckDetector  

backbone.stage2_2.1.blocks.0.conv1.bn.weight - torch.Size([96]): 
The value is the same before and after calling `init_weights` of YOLODualNeckDetector  

backbone.stage2_2.1.blocks.0.conv1.bn.bias - torch.Size([96]): 
The value is the same before and after calling `init_weights` of YOLODualNeckDetector  

backbone.stage2_2.1.blocks.0.conv2.conv.weight - torch.Size([96, 96, 3, 3]): 
The value is the same before and after calling `init_weights` of YOLODualNeckDetector  

backbone.stage2_2.1.blocks.0.conv2.bn.weight - torch.Size([96]): 
The value is the same before and after calling `init_weights` of YOLODualNeckDetector  

backbone.stage2_2.1.blocks.0.conv2.bn.bias - torch.Size([96]): 
The value is the same before and after calling `init_weights` of YOLODualNeckDetector  

backbone.stage2_2.1.blocks.1.conv1.conv.weight - torch.Size([96, 96, 3, 3]): 
The value is the same before and after calling `init_weights` of YOLODualNeckDetector  

backbone.stage2_2.1.blocks.1.conv1.bn.weight - torch.Size([96]): 
The value is the same before and after calling `init_weights` of YOLODualNeckDetector  

backbone.stage2_2.1.blocks.1.conv1.bn.bias - torch.Size([96]): 
The value is the same before and after calling `init_weights` of YOLODualNeckDetector  

backbone.stage2_2.1.blocks.1.conv2.conv.weight - torch.Size([96, 96, 3, 3]): 
The value is the same before and after calling `init_weights` of YOLODualNeckDetector  

backbone.stage2_2.1.blocks.1.conv2.bn.weight - torch.Size([96]): 
The value is the same before and after calling `init_weights` of YOLODualNeckDetector  

backbone.stage2_2.1.blocks.1.conv2.bn.bias - torch.Size([96]): 
The value is the same before and after calling `init_weights` of YOLODualNeckDetector  

backbone.stage2_2.1.blocks.2.conv1.conv.weight - torch.Size([96, 96, 3, 3]): 
The value is the same before and after calling `init_weights` of YOLODualNeckDetector  

backbone.stage2_2.1.blocks.2.conv1.bn.weight - torch.Size([96]): 
The value is the same before and after calling `init_weights` of YOLODualNeckDetector  

backbone.stage2_2.1.blocks.2.conv1.bn.bias - torch.Size([96]): 
The value is the same before and after calling `init_weights` of YOLODualNeckDetector  

backbone.stage2_2.1.blocks.2.conv2.conv.weight - torch.Size([96, 96, 3, 3]): 
The value is the same before and after calling `init_weights` of YOLODualNeckDetector  

backbone.stage2_2.1.blocks.2.conv2.bn.weight - torch.Size([96]): 
The value is the same before and after calling `init_weights` of YOLODualNeckDetector  

backbone.stage2_2.1.blocks.2.conv2.bn.bias - torch.Size([96]): 
The value is the same before and after calling `init_weights` of YOLODualNeckDetector  

backbone.stage2_2.1.blocks.3.conv1.conv.weight - torch.Size([96, 96, 3, 3]): 
The value is the same before and after calling `init_weights` of YOLODualNeckDetector  

backbone.stage2_2.1.blocks.3.conv1.bn.weight - torch.Size([96]): 
The value is the same before and after calling `init_weights` of YOLODualNeckDetector  

backbone.stage2_2.1.blocks.3.conv1.bn.bias - torch.Size([96]): 
The value is the same before and after calling `init_weights` of YOLODualNeckDetector  

backbone.stage2_2.1.blocks.3.conv2.conv.weight - torch.Size([96, 96, 3, 3]): 
The value is the same before and after calling `init_weights` of YOLODualNeckDetector  

backbone.stage2_2.1.blocks.3.conv2.bn.weight - torch.Size([96]): 
The value is the same before and after calling `init_weights` of YOLODualNeckDetector  

backbone.stage2_2.1.blocks.3.conv2.bn.bias - torch.Size([96]): 
The value is the same before and after calling `init_weights` of YOLODualNeckDetector  

backbone.fusion_block2.pos_embed_r - torch.Size([1, 64, 96]): 
The value is the same before and after calling `init_weights` of YOLODualNeckDetector  

backbone.fusion_block2.pos_embed_t - torch.Size([1, 64, 96]): 
The value is the same before and after calling `init_weights` of YOLODualNeckDetector  

backbone.fusion_block2.patch_embed.proj.weight - torch.Size([96, 96, 16, 20]): 
The value is the same before and after calling `init_weights` of YOLODualNeckDetector  

backbone.fusion_block2.patch_embed.proj.bias - torch.Size([96]): 
The value is the same before and after calling `init_weights` of YOLODualNeckDetector  

backbone.fusion_block2.mamba_fusion_stage.in_proj_r.weight - torch.Size([384, 96]): 
The value is the same before and after calling `init_weights` of YOLODualNeckDetector  

backbone.fusion_block2.mamba_fusion_stage.in_proj_t.weight - torch.Size([384, 96]): 
The value is the same before and after calling `init_weights` of YOLODualNeckDetector  

backbone.fusion_block2.mamba_fusion_stage.conv2d_r.0.weight - torch.Size([192, 1, 3, 3]): 
The value is the same before and after calling `init_weights` of YOLODualNeckDetector  

backbone.fusion_block2.mamba_fusion_stage.conv2d_r.0.bias - torch.Size([192]): 
The value is the same before and after calling `init_weights` of YOLODualNeckDetector  

backbone.fusion_block2.mamba_fusion_stage.conv2d_r.1.weight - torch.Size([192]): 
The value is the same before and after calling `init_weights` of YOLODualNeckDetector  

backbone.fusion_block2.mamba_fusion_stage.conv2d_r.1.bias - torch.Size([192]): 
The value is the same before and after calling `init_weights` of YOLODualNeckDetector  

backbone.fusion_block2.mamba_fusion_stage.conv2d_t.0.weight - torch.Size([192, 1, 3, 3]): 
The value is the same before and after calling `init_weights` of YOLODualNeckDetector  

backbone.fusion_block2.mamba_fusion_stage.conv2d_t.0.bias - torch.Size([192]): 
The value is the same before and after calling `init_weights` of YOLODualNeckDetector  

backbone.fusion_block2.mamba_fusion_stage.conv2d_t.1.weight - torch.Size([192]): 
The value is the same before and after calling `init_weights` of YOLODualNeckDetector  

backbone.fusion_block2.mamba_fusion_stage.conv2d_t.1.bias - torch.Size([192]): 
The value is the same before and after calling `init_weights` of YOLODualNeckDetector  

backbone.fusion_block2.mamba_fusion_stage.SSM_r_f.A_log - torch.Size([192, 32]): 
The value is the same before and after calling `init_weights` of YOLODualNeckDetector  

backbone.fusion_block2.mamba_fusion_stage.SSM_r_f.D - torch.Size([192]): 
The value is the same before and after calling `init_weights` of YOLODualNeckDetector  

backbone.fusion_block2.mamba_fusion_stage.SSM_r_f.x_proj.weight - torch.Size([76, 192]): 
The value is the same before and after calling `init_weights` of YOLODualNeckDetector  

backbone.fusion_block2.mamba_fusion_stage.SSM_r_f.dt_proj.weight - torch.Size([192, 12]): 
The value is the same before and after calling `init_weights` of YOLODualNeckDetector  

backbone.fusion_block2.mamba_fusion_stage.SSM_r_f.dt_proj.bias - torch.Size([192]): 
The value is the same before and after calling `init_weights` of YOLODualNeckDetector  

backbone.fusion_block2.mamba_fusion_stage.SSM_r_f.out_norm.weight - torch.Size([192]): 
The value is the same before and after calling `init_weights` of YOLODualNeckDetector  

backbone.fusion_block2.mamba_fusion_stage.SSM_r_f.out_norm.bias - torch.Size([192]): 
The value is the same before and after calling `init_weights` of YOLODualNeckDetector  

backbone.fusion_block2.mamba_fusion_stage.SSM_t_f.A_log - torch.Size([192, 32]): 
The value is the same before and after calling `init_weights` of YOLODualNeckDetector  

backbone.fusion_block2.mamba_fusion_stage.SSM_t_f.D - torch.Size([192]): 
The value is the same before and after calling `init_weights` of YOLODualNeckDetector  

backbone.fusion_block2.mamba_fusion_stage.SSM_t_f.x_proj.weight - torch.Size([76, 192]): 
The value is the same before and after calling `init_weights` of YOLODualNeckDetector  

backbone.fusion_block2.mamba_fusion_stage.SSM_t_f.dt_proj.weight - torch.Size([192, 12]): 
The value is the same before and after calling `init_weights` of YOLODualNeckDetector  

backbone.fusion_block2.mamba_fusion_stage.SSM_t_f.dt_proj.bias - torch.Size([192]): 
The value is the same before and after calling `init_weights` of YOLODualNeckDetector  

backbone.fusion_block2.mamba_fusion_stage.SSM_t_f.out_norm.weight - torch.Size([192]): 
The value is the same before and after calling `init_weights` of YOLODualNeckDetector  

backbone.fusion_block2.mamba_fusion_stage.SSM_t_f.out_norm.bias - torch.Size([192]): 
The value is the same before and after calling `init_weights` of YOLODualNeckDetector  

backbone.fusion_block2.mamba_fusion_stage.out_proj.weight - torch.Size([96, 192]): 
The value is the same before and after calling `init_weights` of YOLODualNeckDetector  

backbone.fusion_block2.transformer_fusion_stage.block.pos_emb_vis - torch.Size([1, 256, 96]): 
The value is the same before and after calling `init_weights` of YOLODualNeckDetector  

backbone.fusion_block2.transformer_fusion_stage.block.pos_emb_ir - torch.Size([1, 256, 96]): 
The value is the same before and after calling `init_weights` of YOLODualNeckDetector  

backbone.fusion_block2.transformer_fusion_stage.block.vis_pool_weights.w1 - torch.Size([1]): 
The value is the same before and after calling `init_weights` of YOLODualNeckDetector  

backbone.fusion_block2.transformer_fusion_stage.block.vis_pool_weights.w2 - torch.Size([1]): 
The value is the same before and after calling `init_weights` of YOLODualNeckDetector  

backbone.fusion_block2.transformer_fusion_stage.block.ir_pool_weights.w1 - torch.Size([1]): 
The value is the same before and after calling `init_weights` of YOLODualNeckDetector  

backbone.fusion_block2.transformer_fusion_stage.block.ir_pool_weights.w2 - torch.Size([1]): 
The value is the same before and after calling `init_weights` of YOLODualNeckDetector  

backbone.fusion_block2.transformer_fusion_stage.block.crosstransformer.0.ln1_vis.weight - torch.Size([96]): 
The value is the same before and after calling `init_weights` of YOLODualNeckDetector  

backbone.fusion_block2.transformer_fusion_stage.block.crosstransformer.0.ln1_vis.bias - torch.Size([96]): 
The value is the same before and after calling `init_weights` of YOLODualNeckDetector  

backbone.fusion_block2.transformer_fusion_stage.block.crosstransformer.0.ln1_ir.weight - torch.Size([96]): 
The value is the same before and after calling `init_weights` of YOLODualNeckDetector  

backbone.fusion_block2.transformer_fusion_stage.block.crosstransformer.0.ln1_ir.bias - torch.Size([96]): 
The value is the same before and after calling `init_weights` of YOLODualNeckDetector  

backbone.fusion_block2.transformer_fusion_stage.block.crosstransformer.0.que_proj_vis.weight - torch.Size([96, 96]): 
The value is the same before and after calling `init_weights` of YOLODualNeckDetector  

backbone.fusion_block2.transformer_fusion_stage.block.crosstransformer.0.que_proj_vis.bias - torch.Size([96]): 
The value is the same before and after calling `init_weights` of YOLODualNeckDetector  

backbone.fusion_block2.transformer_fusion_stage.block.crosstransformer.0.key_proj_vis.weight - torch.Size([96, 96]): 
The value is the same before and after calling `init_weights` of YOLODualNeckDetector  

backbone.fusion_block2.transformer_fusion_stage.block.crosstransformer.0.key_proj_vis.bias - torch.Size([96]): 
The value is the same before and after calling `init_weights` of YOLODualNeckDetector  

backbone.fusion_block2.transformer_fusion_stage.block.crosstransformer.0.val_proj_vis.weight - torch.Size([96, 96]): 
The value is the same before and after calling `init_weights` of YOLODualNeckDetector  

backbone.fusion_block2.transformer_fusion_stage.block.crosstransformer.0.val_proj_vis.bias - torch.Size([96]): 
The value is the same before and after calling `init_weights` of YOLODualNeckDetector  

backbone.fusion_block2.transformer_fusion_stage.block.crosstransformer.0.que_proj_ir.weight - torch.Size([96, 96]): 
The value is the same before and after calling `init_weights` of YOLODualNeckDetector  

backbone.fusion_block2.transformer_fusion_stage.block.crosstransformer.0.que_proj_ir.bias - torch.Size([96]): 
The value is the same before and after calling `init_weights` of YOLODualNeckDetector  

backbone.fusion_block2.transformer_fusion_stage.block.crosstransformer.0.key_proj_ir.weight - torch.Size([96, 96]): 
The value is the same before and after calling `init_weights` of YOLODualNeckDetector  

backbone.fusion_block2.transformer_fusion_stage.block.crosstransformer.0.key_proj_ir.bias - torch.Size([96]): 
The value is the same before and after calling `init_weights` of YOLODualNeckDetector  

backbone.fusion_block2.transformer_fusion_stage.block.crosstransformer.0.val_proj_ir.weight - torch.Size([96, 96]): 
The value is the same before and after calling `init_weights` of YOLODualNeckDetector  

backbone.fusion_block2.transformer_fusion_stage.block.crosstransformer.0.val_proj_ir.bias - torch.Size([96]): 
The value is the same before and after calling `init_weights` of YOLODualNeckDetector  

backbone.fusion_block2.transformer_fusion_stage.block.crosstransformer.0.crossatt.out_proj_vis.weight - torch.Size([96, 96]): 
The value is the same before and after calling `init_weights` of YOLODualNeckDetector  

backbone.fusion_block2.transformer_fusion_stage.block.crosstransformer.0.crossatt.out_proj_vis.bias - torch.Size([96]): 
The value is the same before and after calling `init_weights` of YOLODualNeckDetector  

backbone.fusion_block2.transformer_fusion_stage.block.crosstransformer.0.crossatt.out_proj_ir.weight - torch.Size([96, 96]): 
The value is the same before and after calling `init_weights` of YOLODualNeckDetector  

backbone.fusion_block2.transformer_fusion_stage.block.crosstransformer.0.crossatt.out_proj_ir.bias - torch.Size([96]): 
The value is the same before and after calling `init_weights` of YOLODualNeckDetector  

backbone.fusion_block2.transformer_fusion_stage.block.crosstransformer.0.ln2_vis.weight - torch.Size([96]): 
The value is the same before and after calling `init_weights` of YOLODualNeckDetector  

backbone.fusion_block2.transformer_fusion_stage.block.crosstransformer.0.ln2_vis.bias - torch.Size([96]): 
The value is the same before and after calling `init_weights` of YOLODualNeckDetector  

backbone.fusion_block2.transformer_fusion_stage.block.crosstransformer.0.ln2_ir.weight - torch.Size([96]): 
The value is the same before and after calling `init_weights` of YOLODualNeckDetector  

backbone.fusion_block2.transformer_fusion_stage.block.crosstransformer.0.ln2_ir.bias - torch.Size([96]): 
The value is the same before and after calling `init_weights` of YOLODualNeckDetector  

backbone.fusion_block2.transformer_fusion_stage.block.crosstransformer.0.mlp_vis.0.weight - torch.Size([384, 96]): 
The value is the same before and after calling `init_weights` of YOLODualNeckDetector  

backbone.fusion_block2.transformer_fusion_stage.block.crosstransformer.0.mlp_vis.0.bias - torch.Size([384]): 
The value is the same before and after calling `init_weights` of YOLODualNeckDetector  

backbone.fusion_block2.transformer_fusion_stage.block.crosstransformer.0.mlp_vis.2.weight - torch.Size([96, 384]): 
The value is the same before and after calling `init_weights` of YOLODualNeckDetector  

backbone.fusion_block2.transformer_fusion_stage.block.crosstransformer.0.mlp_vis.2.bias - torch.Size([96]): 
The value is the same before and after calling `init_weights` of YOLODualNeckDetector  

backbone.fusion_block2.transformer_fusion_stage.block.crosstransformer.0.mlp_ir.0.weight - torch.Size([384, 96]): 
The value is the same before and after calling `init_weights` of YOLODualNeckDetector  

backbone.fusion_block2.transformer_fusion_stage.block.crosstransformer.0.mlp_ir.0.bias - torch.Size([384]): 
The value is the same before and after calling `init_weights` of YOLODualNeckDetector  

backbone.fusion_block2.transformer_fusion_stage.block.crosstransformer.0.mlp_ir.2.weight - torch.Size([96, 384]): 
The value is the same before and after calling `init_weights` of YOLODualNeckDetector  

backbone.fusion_block2.transformer_fusion_stage.block.crosstransformer.0.mlp_ir.2.bias - torch.Size([96]): 
The value is the same before and after calling `init_weights` of YOLODualNeckDetector  

backbone.fusion_block2.transformer_fusion_stage.block.crosstransformer.0.coef_att_vis.bias - torch.Size([1]): 
The value is the same before and after calling `init_weights` of YOLODualNeckDetector  

backbone.fusion_block2.transformer_fusion_stage.block.crosstransformer.0.coef_mlp_vis.bias - torch.Size([1]): 
The value is the same before and after calling `init_weights` of YOLODualNeckDetector  

backbone.fusion_block2.transformer_fusion_stage.block.crosstransformer.0.coef_att_ir.bias - torch.Size([1]): 
The value is the same before and after calling `init_weights` of YOLODualNeckDetector  

backbone.fusion_block2.transformer_fusion_stage.block.crosstransformer.0.coef_mlp_ir.bias - torch.Size([1]): 
The value is the same before and after calling `init_weights` of YOLODualNeckDetector  

backbone.fusion_block2.transformer_fusion_stage.block.out_fusion_module.conv1x1_out.conv.weight - torch.Size([96, 192, 1, 1]): 
The value is the same before and after calling `init_weights` of YOLODualNeckDetector  

backbone.fusion_block2.transformer_fusion_stage.block.out_fusion_module.conv1x1_out.bn.weight - torch.Size([96]): 
The value is the same before and after calling `init_weights` of YOLODualNeckDetector  

backbone.fusion_block2.transformer_fusion_stage.block.out_fusion_module.conv1x1_out.bn.bias - torch.Size([96]): 
The value is the same before and after calling `init_weights` of YOLODualNeckDetector  

backbone.fusion_block2.transformer_fusion_stage.mw.fc1.weight - torch.Size([6, 192, 1, 1]): 
The value is the same before and after calling `init_weights` of YOLODualNeckDetector  

backbone.fusion_block2.transformer_fusion_stage.mw.fc1.bias - torch.Size([6]): 
The value is the same before and after calling `init_weights` of YOLODualNeckDetector  

backbone.fusion_block2.transformer_fusion_stage.mw.fc2.weight - torch.Size([192, 6, 1, 1]): 
The value is the same before and after calling `init_weights` of YOLODualNeckDetector  

backbone.fusion_block2.transformer_fusion_stage.mw.fc2.bias - torch.Size([192]): 
The value is the same before and after calling `init_weights` of YOLODualNeckDetector  

backbone.fusion_block2.out_fusion_module.conv1x1_out.conv.weight - torch.Size([96, 192, 1, 1]): 
The value is the same before and after calling `init_weights` of YOLODualNeckDetector  

backbone.fusion_block2.out_fusion_module.conv1x1_out.bn.weight - torch.Size([96]): 
The value is the same before and after calling `init_weights` of YOLODualNeckDetector  

backbone.fusion_block2.out_fusion_module.conv1x1_out.bn.bias - torch.Size([96]): 
The value is the same before and after calling `init_weights` of YOLODualNeckDetector  

backbone.fusion_block2.mw.fc1.weight - torch.Size([6, 192, 1, 1]): 
The value is the same before and after calling `init_weights` of YOLODualNeckDetector  

backbone.fusion_block2.mw.fc1.bias - torch.Size([6]): 
The value is the same before and after calling `init_weights` of YOLODualNeckDetector  

backbone.fusion_block2.mw.fc2.weight - torch.Size([192, 6, 1, 1]): 
The value is the same before and after calling `init_weights` of YOLODualNeckDetector  

backbone.fusion_block2.mw.fc2.bias - torch.Size([192]): 
The value is the same before and after calling `init_weights` of YOLODualNeckDetector  

backbone.stage3_1.0.conv.weight - torch.Size([384, 192, 3, 3]): 
The value is the same before and after calling `init_weights` of YOLODualNeckDetector  

backbone.stage3_1.0.bn.weight - torch.Size([384]): 
The value is the same before and after calling `init_weights` of YOLODualNeckDetector  

backbone.stage3_1.0.bn.bias - torch.Size([384]): 
The value is the same before and after calling `init_weights` of YOLODualNeckDetector  

backbone.stage3_1.1.main_conv.conv.weight - torch.Size([384, 384, 1, 1]): 
The value is the same before and after calling `init_weights` of YOLODualNeckDetector  

backbone.stage3_1.1.main_conv.bn.weight - torch.Size([384]): 
The value is the same before and after calling `init_weights` of YOLODualNeckDetector  

backbone.stage3_1.1.main_conv.bn.bias - torch.Size([384]): 
The value is the same before and after calling `init_weights` of YOLODualNeckDetector  

backbone.stage3_1.1.final_conv.conv.weight - torch.Size([384, 1152, 1, 1]): 
The value is the same before and after calling `init_weights` of YOLODualNeckDetector  

backbone.stage3_1.1.final_conv.bn.weight - torch.Size([384]): 
The value is the same before and after calling `init_weights` of YOLODualNeckDetector  

backbone.stage3_1.1.final_conv.bn.bias - torch.Size([384]): 
The value is the same before and after calling `init_weights` of YOLODualNeckDetector  

backbone.stage3_1.1.blocks.0.conv1.conv.weight - torch.Size([192, 192, 3, 3]): 
The value is the same before and after calling `init_weights` of YOLODualNeckDetector  

backbone.stage3_1.1.blocks.0.conv1.bn.weight - torch.Size([192]): 
The value is the same before and after calling `init_weights` of YOLODualNeckDetector  

backbone.stage3_1.1.blocks.0.conv1.bn.bias - torch.Size([192]): 
The value is the same before and after calling `init_weights` of YOLODualNeckDetector  

backbone.stage3_1.1.blocks.0.conv2.conv.weight - torch.Size([192, 192, 3, 3]): 
The value is the same before and after calling `init_weights` of YOLODualNeckDetector  

backbone.stage3_1.1.blocks.0.conv2.bn.weight - torch.Size([192]): 
The value is the same before and after calling `init_weights` of YOLODualNeckDetector  

backbone.stage3_1.1.blocks.0.conv2.bn.bias - torch.Size([192]): 
The value is the same before and after calling `init_weights` of YOLODualNeckDetector  

backbone.stage3_1.1.blocks.1.conv1.conv.weight - torch.Size([192, 192, 3, 3]): 
The value is the same before and after calling `init_weights` of YOLODualNeckDetector  

backbone.stage3_1.1.blocks.1.conv1.bn.weight - torch.Size([192]): 
The value is the same before and after calling `init_weights` of YOLODualNeckDetector  

backbone.stage3_1.1.blocks.1.conv1.bn.bias - torch.Size([192]): 
The value is the same before and after calling `init_weights` of YOLODualNeckDetector  

backbone.stage3_1.1.blocks.1.conv2.conv.weight - torch.Size([192, 192, 3, 3]): 
The value is the same before and after calling `init_weights` of YOLODualNeckDetector  

backbone.stage3_1.1.blocks.1.conv2.bn.weight - torch.Size([192]): 
The value is the same before and after calling `init_weights` of YOLODualNeckDetector  

backbone.stage3_1.1.blocks.1.conv2.bn.bias - torch.Size([192]): 
The value is the same before and after calling `init_weights` of YOLODualNeckDetector  

backbone.stage3_1.1.blocks.2.conv1.conv.weight - torch.Size([192, 192, 3, 3]): 
The value is the same before and after calling `init_weights` of YOLODualNeckDetector  

backbone.stage3_1.1.blocks.2.conv1.bn.weight - torch.Size([192]): 
The value is the same before and after calling `init_weights` of YOLODualNeckDetector  

backbone.stage3_1.1.blocks.2.conv1.bn.bias - torch.Size([192]): 
The value is the same before and after calling `init_weights` of YOLODualNeckDetector  

backbone.stage3_1.1.blocks.2.conv2.conv.weight - torch.Size([192, 192, 3, 3]): 
The value is the same before and after calling `init_weights` of YOLODualNeckDetector  

backbone.stage3_1.1.blocks.2.conv2.bn.weight - torch.Size([192]): 
The value is the same before and after calling `init_weights` of YOLODualNeckDetector  

backbone.stage3_1.1.blocks.2.conv2.bn.bias - torch.Size([192]): 
The value is the same before and after calling `init_weights` of YOLODualNeckDetector  

backbone.stage3_1.1.blocks.3.conv1.conv.weight - torch.Size([192, 192, 3, 3]): 
The value is the same before and after calling `init_weights` of YOLODualNeckDetector  

backbone.stage3_1.1.blocks.3.conv1.bn.weight - torch.Size([192]): 
The value is the same before and after calling `init_weights` of YOLODualNeckDetector  

backbone.stage3_1.1.blocks.3.conv1.bn.bias - torch.Size([192]): 
The value is the same before and after calling `init_weights` of YOLODualNeckDetector  

backbone.stage3_1.1.blocks.3.conv2.conv.weight - torch.Size([192, 192, 3, 3]): 
The value is the same before and after calling `init_weights` of YOLODualNeckDetector  

backbone.stage3_1.1.blocks.3.conv2.bn.weight - torch.Size([192]): 
The value is the same before and after calling `init_weights` of YOLODualNeckDetector  

backbone.stage3_1.1.blocks.3.conv2.bn.bias - torch.Size([192]): 
The value is the same before and after calling `init_weights` of YOLODualNeckDetector  

backbone.stage3_2.0.conv.weight - torch.Size([384, 192, 3, 3]): 
The value is the same before and after calling `init_weights` of YOLODualNeckDetector  

backbone.stage3_2.0.bn.weight - torch.Size([384]): 
The value is the same before and after calling `init_weights` of YOLODualNeckDetector  

backbone.stage3_2.0.bn.bias - torch.Size([384]): 
The value is the same before and after calling `init_weights` of YOLODualNeckDetector  

backbone.stage3_2.1.main_conv.conv.weight - torch.Size([384, 384, 1, 1]): 
The value is the same before and after calling `init_weights` of YOLODualNeckDetector  

backbone.stage3_2.1.main_conv.bn.weight - torch.Size([384]): 
The value is the same before and after calling `init_weights` of YOLODualNeckDetector  

backbone.stage3_2.1.main_conv.bn.bias - torch.Size([384]): 
The value is the same before and after calling `init_weights` of YOLODualNeckDetector  

backbone.stage3_2.1.final_conv.conv.weight - torch.Size([384, 1152, 1, 1]): 
The value is the same before and after calling `init_weights` of YOLODualNeckDetector  

backbone.stage3_2.1.final_conv.bn.weight - torch.Size([384]): 
The value is the same before and after calling `init_weights` of YOLODualNeckDetector  

backbone.stage3_2.1.final_conv.bn.bias - torch.Size([384]): 
The value is the same before and after calling `init_weights` of YOLODualNeckDetector  

backbone.stage3_2.1.blocks.0.conv1.conv.weight - torch.Size([192, 192, 3, 3]): 
The value is the same before and after calling `init_weights` of YOLODualNeckDetector  

backbone.stage3_2.1.blocks.0.conv1.bn.weight - torch.Size([192]): 
The value is the same before and after calling `init_weights` of YOLODualNeckDetector  

backbone.stage3_2.1.blocks.0.conv1.bn.bias - torch.Size([192]): 
The value is the same before and after calling `init_weights` of YOLODualNeckDetector  

backbone.stage3_2.1.blocks.0.conv2.conv.weight - torch.Size([192, 192, 3, 3]): 
The value is the same before and after calling `init_weights` of YOLODualNeckDetector  

backbone.stage3_2.1.blocks.0.conv2.bn.weight - torch.Size([192]): 
The value is the same before and after calling `init_weights` of YOLODualNeckDetector  

backbone.stage3_2.1.blocks.0.conv2.bn.bias - torch.Size([192]): 
The value is the same before and after calling `init_weights` of YOLODualNeckDetector  

backbone.stage3_2.1.blocks.1.conv1.conv.weight - torch.Size([192, 192, 3, 3]): 
The value is the same before and after calling `init_weights` of YOLODualNeckDetector  

backbone.stage3_2.1.blocks.1.conv1.bn.weight - torch.Size([192]): 
The value is the same before and after calling `init_weights` of YOLODualNeckDetector  

backbone.stage3_2.1.blocks.1.conv1.bn.bias - torch.Size([192]): 
The value is the same before and after calling `init_weights` of YOLODualNeckDetector  

backbone.stage3_2.1.blocks.1.conv2.conv.weight - torch.Size([192, 192, 3, 3]): 
The value is the same before and after calling `init_weights` of YOLODualNeckDetector  

backbone.stage3_2.1.blocks.1.conv2.bn.weight - torch.Size([192]): 
The value is the same before and after calling `init_weights` of YOLODualNeckDetector  

backbone.stage3_2.1.blocks.1.conv2.bn.bias - torch.Size([192]): 
The value is the same before and after calling `init_weights` of YOLODualNeckDetector  

backbone.stage3_2.1.blocks.2.conv1.conv.weight - torch.Size([192, 192, 3, 3]): 
The value is the same before and after calling `init_weights` of YOLODualNeckDetector  

backbone.stage3_2.1.blocks.2.conv1.bn.weight - torch.Size([192]): 
The value is the same before and after calling `init_weights` of YOLODualNeckDetector  

backbone.stage3_2.1.blocks.2.conv1.bn.bias - torch.Size([192]): 
The value is the same before and after calling `init_weights` of YOLODualNeckDetector  

backbone.stage3_2.1.blocks.2.conv2.conv.weight - torch.Size([192, 192, 3, 3]): 
The value is the same before and after calling `init_weights` of YOLODualNeckDetector  

backbone.stage3_2.1.blocks.2.conv2.bn.weight - torch.Size([192]): 
The value is the same before and after calling `init_weights` of YOLODualNeckDetector  

backbone.stage3_2.1.blocks.2.conv2.bn.bias - torch.Size([192]): 
The value is the same before and after calling `init_weights` of YOLODualNeckDetector  

backbone.stage3_2.1.blocks.3.conv1.conv.weight - torch.Size([192, 192, 3, 3]): 
The value is the same before and after calling `init_weights` of YOLODualNeckDetector  

backbone.stage3_2.1.blocks.3.conv1.bn.weight - torch.Size([192]): 
The value is the same before and after calling `init_weights` of YOLODualNeckDetector  

backbone.stage3_2.1.blocks.3.conv1.bn.bias - torch.Size([192]): 
The value is the same before and after calling `init_weights` of YOLODualNeckDetector  

backbone.stage3_2.1.blocks.3.conv2.conv.weight - torch.Size([192, 192, 3, 3]): 
The value is the same before and after calling `init_weights` of YOLODualNeckDetector  

backbone.stage3_2.1.blocks.3.conv2.bn.weight - torch.Size([192]): 
The value is the same before and after calling `init_weights` of YOLODualNeckDetector  

backbone.stage3_2.1.blocks.3.conv2.bn.bias - torch.Size([192]): 
The value is the same before and after calling `init_weights` of YOLODualNeckDetector  

backbone.fusion_block3.pos_embed_r - torch.Size([1, 64, 192]): 
The value is the same before and after calling `init_weights` of YOLODualNeckDetector  

backbone.fusion_block3.pos_embed_t - torch.Size([1, 64, 192]): 
The value is the same before and after calling `init_weights` of YOLODualNeckDetector  

backbone.fusion_block3.patch_embed.proj.weight - torch.Size([192, 192, 8, 10]): 
The value is the same before and after calling `init_weights` of YOLODualNeckDetector  

backbone.fusion_block3.patch_embed.proj.bias - torch.Size([192]): 
The value is the same before and after calling `init_weights` of YOLODualNeckDetector  

backbone.fusion_block3.mamba_fusion_stage.in_proj_r.weight - torch.Size([768, 192]): 
The value is the same before and after calling `init_weights` of YOLODualNeckDetector  

backbone.fusion_block3.mamba_fusion_stage.in_proj_t.weight - torch.Size([768, 192]): 
The value is the same before and after calling `init_weights` of YOLODualNeckDetector  

backbone.fusion_block3.mamba_fusion_stage.conv2d_r.0.weight - torch.Size([384, 1, 3, 3]): 
The value is the same before and after calling `init_weights` of YOLODualNeckDetector  

backbone.fusion_block3.mamba_fusion_stage.conv2d_r.0.bias - torch.Size([384]): 
The value is the same before and after calling `init_weights` of YOLODualNeckDetector  

backbone.fusion_block3.mamba_fusion_stage.conv2d_r.1.weight - torch.Size([384]): 
The value is the same before and after calling `init_weights` of YOLODualNeckDetector  

backbone.fusion_block3.mamba_fusion_stage.conv2d_r.1.bias - torch.Size([384]): 
The value is the same before and after calling `init_weights` of YOLODualNeckDetector  

backbone.fusion_block3.mamba_fusion_stage.conv2d_t.0.weight - torch.Size([384, 1, 3, 3]): 
The value is the same before and after calling `init_weights` of YOLODualNeckDetector  

backbone.fusion_block3.mamba_fusion_stage.conv2d_t.0.bias - torch.Size([384]): 
The value is the same before and after calling `init_weights` of YOLODualNeckDetector  

backbone.fusion_block3.mamba_fusion_stage.conv2d_t.1.weight - torch.Size([384]): 
The value is the same before and after calling `init_weights` of YOLODualNeckDetector  

backbone.fusion_block3.mamba_fusion_stage.conv2d_t.1.bias - torch.Size([384]): 
The value is the same before and after calling `init_weights` of YOLODualNeckDetector  

backbone.fusion_block3.mamba_fusion_stage.SSM_r_f.A_log - torch.Size([384, 64]): 
The value is the same before and after calling `init_weights` of YOLODualNeckDetector  

backbone.fusion_block3.mamba_fusion_stage.SSM_r_f.D - torch.Size([384]): 
The value is the same before and after calling `init_weights` of YOLODualNeckDetector  

backbone.fusion_block3.mamba_fusion_stage.SSM_r_f.x_proj.weight - torch.Size([152, 384]): 
The value is the same before and after calling `init_weights` of YOLODualNeckDetector  

backbone.fusion_block3.mamba_fusion_stage.SSM_r_f.dt_proj.weight - torch.Size([384, 24]): 
The value is the same before and after calling `init_weights` of YOLODualNeckDetector  

backbone.fusion_block3.mamba_fusion_stage.SSM_r_f.dt_proj.bias - torch.Size([384]): 
The value is the same before and after calling `init_weights` of YOLODualNeckDetector  

backbone.fusion_block3.mamba_fusion_stage.SSM_r_f.out_norm.weight - torch.Size([384]): 
The value is the same before and after calling `init_weights` of YOLODualNeckDetector  

backbone.fusion_block3.mamba_fusion_stage.SSM_r_f.out_norm.bias - torch.Size([384]): 
The value is the same before and after calling `init_weights` of YOLODualNeckDetector  

backbone.fusion_block3.mamba_fusion_stage.SSM_t_f.A_log - torch.Size([384, 64]): 
The value is the same before and after calling `init_weights` of YOLODualNeckDetector  

backbone.fusion_block3.mamba_fusion_stage.SSM_t_f.D - torch.Size([384]): 
The value is the same before and after calling `init_weights` of YOLODualNeckDetector  

backbone.fusion_block3.mamba_fusion_stage.SSM_t_f.x_proj.weight - torch.Size([152, 384]): 
The value is the same before and after calling `init_weights` of YOLODualNeckDetector  

backbone.fusion_block3.mamba_fusion_stage.SSM_t_f.dt_proj.weight - torch.Size([384, 24]): 
The value is the same before and after calling `init_weights` of YOLODualNeckDetector  

backbone.fusion_block3.mamba_fusion_stage.SSM_t_f.dt_proj.bias - torch.Size([384]): 
The value is the same before and after calling `init_weights` of YOLODualNeckDetector  

backbone.fusion_block3.mamba_fusion_stage.SSM_t_f.out_norm.weight - torch.Size([384]): 
The value is the same before and after calling `init_weights` of YOLODualNeckDetector  

backbone.fusion_block3.mamba_fusion_stage.SSM_t_f.out_norm.bias - torch.Size([384]): 
The value is the same before and after calling `init_weights` of YOLODualNeckDetector  

backbone.fusion_block3.mamba_fusion_stage.out_proj.weight - torch.Size([192, 384]): 
The value is the same before and after calling `init_weights` of YOLODualNeckDetector  

backbone.fusion_block3.transformer_fusion_stage.block.pos_emb_vis - torch.Size([1, 100, 192]): 
The value is the same before and after calling `init_weights` of YOLODualNeckDetector  

backbone.fusion_block3.transformer_fusion_stage.block.pos_emb_ir - torch.Size([1, 100, 192]): 
The value is the same before and after calling `init_weights` of YOLODualNeckDetector  

backbone.fusion_block3.transformer_fusion_stage.block.vis_pool_weights.w1 - torch.Size([1]): 
The value is the same before and after calling `init_weights` of YOLODualNeckDetector  

backbone.fusion_block3.transformer_fusion_stage.block.vis_pool_weights.w2 - torch.Size([1]): 
The value is the same before and after calling `init_weights` of YOLODualNeckDetector  

backbone.fusion_block3.transformer_fusion_stage.block.ir_pool_weights.w1 - torch.Size([1]): 
The value is the same before and after calling `init_weights` of YOLODualNeckDetector  

backbone.fusion_block3.transformer_fusion_stage.block.ir_pool_weights.w2 - torch.Size([1]): 
The value is the same before and after calling `init_weights` of YOLODualNeckDetector  

backbone.fusion_block3.transformer_fusion_stage.block.crosstransformer.0.ln1_vis.weight - torch.Size([192]): 
The value is the same before and after calling `init_weights` of YOLODualNeckDetector  

backbone.fusion_block3.transformer_fusion_stage.block.crosstransformer.0.ln1_vis.bias - torch.Size([192]): 
The value is the same before and after calling `init_weights` of YOLODualNeckDetector  

backbone.fusion_block3.transformer_fusion_stage.block.crosstransformer.0.ln1_ir.weight - torch.Size([192]): 
The value is the same before and after calling `init_weights` of YOLODualNeckDetector  

backbone.fusion_block3.transformer_fusion_stage.block.crosstransformer.0.ln1_ir.bias - torch.Size([192]): 
The value is the same before and after calling `init_weights` of YOLODualNeckDetector  

backbone.fusion_block3.transformer_fusion_stage.block.crosstransformer.0.que_proj_vis.weight - torch.Size([192, 192]): 
The value is the same before and after calling `init_weights` of YOLODualNeckDetector  

backbone.fusion_block3.transformer_fusion_stage.block.crosstransformer.0.que_proj_vis.bias - torch.Size([192]): 
The value is the same before and after calling `init_weights` of YOLODualNeckDetector  

backbone.fusion_block3.transformer_fusion_stage.block.crosstransformer.0.key_proj_vis.weight - torch.Size([192, 192]): 
The value is the same before and after calling `init_weights` of YOLODualNeckDetector  

backbone.fusion_block3.transformer_fusion_stage.block.crosstransformer.0.key_proj_vis.bias - torch.Size([192]): 
The value is the same before and after calling `init_weights` of YOLODualNeckDetector  

backbone.fusion_block3.transformer_fusion_stage.block.crosstransformer.0.val_proj_vis.weight - torch.Size([192, 192]): 
The value is the same before and after calling `init_weights` of YOLODualNeckDetector  

backbone.fusion_block3.transformer_fusion_stage.block.crosstransformer.0.val_proj_vis.bias - torch.Size([192]): 
The value is the same before and after calling `init_weights` of YOLODualNeckDetector  

backbone.fusion_block3.transformer_fusion_stage.block.crosstransformer.0.que_proj_ir.weight - torch.Size([192, 192]): 
The value is the same before and after calling `init_weights` of YOLODualNeckDetector  

backbone.fusion_block3.transformer_fusion_stage.block.crosstransformer.0.que_proj_ir.bias - torch.Size([192]): 
The value is the same before and after calling `init_weights` of YOLODualNeckDetector  

backbone.fusion_block3.transformer_fusion_stage.block.crosstransformer.0.key_proj_ir.weight - torch.Size([192, 192]): 
The value is the same before and after calling `init_weights` of YOLODualNeckDetector  

backbone.fusion_block3.transformer_fusion_stage.block.crosstransformer.0.key_proj_ir.bias - torch.Size([192]): 
The value is the same before and after calling `init_weights` of YOLODualNeckDetector  

backbone.fusion_block3.transformer_fusion_stage.block.crosstransformer.0.val_proj_ir.weight - torch.Size([192, 192]): 
The value is the same before and after calling `init_weights` of YOLODualNeckDetector  

backbone.fusion_block3.transformer_fusion_stage.block.crosstransformer.0.val_proj_ir.bias - torch.Size([192]): 
The value is the same before and after calling `init_weights` of YOLODualNeckDetector  

backbone.fusion_block3.transformer_fusion_stage.block.crosstransformer.0.crossatt.out_proj_vis.weight - torch.Size([192, 192]): 
The value is the same before and after calling `init_weights` of YOLODualNeckDetector  

backbone.fusion_block3.transformer_fusion_stage.block.crosstransformer.0.crossatt.out_proj_vis.bias - torch.Size([192]): 
The value is the same before and after calling `init_weights` of YOLODualNeckDetector  

backbone.fusion_block3.transformer_fusion_stage.block.crosstransformer.0.crossatt.out_proj_ir.weight - torch.Size([192, 192]): 
The value is the same before and after calling `init_weights` of YOLODualNeckDetector  

backbone.fusion_block3.transformer_fusion_stage.block.crosstransformer.0.crossatt.out_proj_ir.bias - torch.Size([192]): 
The value is the same before and after calling `init_weights` of YOLODualNeckDetector  

backbone.fusion_block3.transformer_fusion_stage.block.crosstransformer.0.ln2_vis.weight - torch.Size([192]): 
The value is the same before and after calling `init_weights` of YOLODualNeckDetector  

backbone.fusion_block3.transformer_fusion_stage.block.crosstransformer.0.ln2_vis.bias - torch.Size([192]): 
The value is the same before and after calling `init_weights` of YOLODualNeckDetector  

backbone.fusion_block3.transformer_fusion_stage.block.crosstransformer.0.ln2_ir.weight - torch.Size([192]): 
The value is the same before and after calling `init_weights` of YOLODualNeckDetector  

backbone.fusion_block3.transformer_fusion_stage.block.crosstransformer.0.ln2_ir.bias - torch.Size([192]): 
The value is the same before and after calling `init_weights` of YOLODualNeckDetector  

backbone.fusion_block3.transformer_fusion_stage.block.crosstransformer.0.mlp_vis.0.weight - torch.Size([768, 192]): 
The value is the same before and after calling `init_weights` of YOLODualNeckDetector  

backbone.fusion_block3.transformer_fusion_stage.block.crosstransformer.0.mlp_vis.0.bias - torch.Size([768]): 
The value is the same before and after calling `init_weights` of YOLODualNeckDetector  

backbone.fusion_block3.transformer_fusion_stage.block.crosstransformer.0.mlp_vis.2.weight - torch.Size([192, 768]): 
The value is the same before and after calling `init_weights` of YOLODualNeckDetector  

backbone.fusion_block3.transformer_fusion_stage.block.crosstransformer.0.mlp_vis.2.bias - torch.Size([192]): 
The value is the same before and after calling `init_weights` of YOLODualNeckDetector  

backbone.fusion_block3.transformer_fusion_stage.block.crosstransformer.0.mlp_ir.0.weight - torch.Size([768, 192]): 
The value is the same before and after calling `init_weights` of YOLODualNeckDetector  

backbone.fusion_block3.transformer_fusion_stage.block.crosstransformer.0.mlp_ir.0.bias - torch.Size([768]): 
The value is the same before and after calling `init_weights` of YOLODualNeckDetector  

backbone.fusion_block3.transformer_fusion_stage.block.crosstransformer.0.mlp_ir.2.weight - torch.Size([192, 768]): 
The value is the same before and after calling `init_weights` of YOLODualNeckDetector  

backbone.fusion_block3.transformer_fusion_stage.block.crosstransformer.0.mlp_ir.2.bias - torch.Size([192]): 
The value is the same before and after calling `init_weights` of YOLODualNeckDetector  

backbone.fusion_block3.transformer_fusion_stage.block.crosstransformer.0.coef_att_vis.bias - torch.Size([1]): 
The value is the same before and after calling `init_weights` of YOLODualNeckDetector  

backbone.fusion_block3.transformer_fusion_stage.block.crosstransformer.0.coef_mlp_vis.bias - torch.Size([1]): 
The value is the same before and after calling `init_weights` of YOLODualNeckDetector  

backbone.fusion_block3.transformer_fusion_stage.block.crosstransformer.0.coef_att_ir.bias - torch.Size([1]): 
The value is the same before and after calling `init_weights` of YOLODualNeckDetector  

backbone.fusion_block3.transformer_fusion_stage.block.crosstransformer.0.coef_mlp_ir.bias - torch.Size([1]): 
The value is the same before and after calling `init_weights` of YOLODualNeckDetector  

backbone.fusion_block3.transformer_fusion_stage.block.out_fusion_module.conv1x1_out.conv.weight - torch.Size([192, 384, 1, 1]): 
The value is the same before and after calling `init_weights` of YOLODualNeckDetector  

backbone.fusion_block3.transformer_fusion_stage.block.out_fusion_module.conv1x1_out.bn.weight - torch.Size([192]): 
The value is the same before and after calling `init_weights` of YOLODualNeckDetector  

backbone.fusion_block3.transformer_fusion_stage.block.out_fusion_module.conv1x1_out.bn.bias - torch.Size([192]): 
The value is the same before and after calling `init_weights` of YOLODualNeckDetector  

backbone.fusion_block3.transformer_fusion_stage.mw.fc1.weight - torch.Size([12, 384, 1, 1]): 
The value is the same before and after calling `init_weights` of YOLODualNeckDetector  

backbone.fusion_block3.transformer_fusion_stage.mw.fc1.bias - torch.Size([12]): 
The value is the same before and after calling `init_weights` of YOLODualNeckDetector  

backbone.fusion_block3.transformer_fusion_stage.mw.fc2.weight - torch.Size([384, 12, 1, 1]): 
The value is the same before and after calling `init_weights` of YOLODualNeckDetector  

backbone.fusion_block3.transformer_fusion_stage.mw.fc2.bias - torch.Size([384]): 
The value is the same before and after calling `init_weights` of YOLODualNeckDetector  

backbone.fusion_block3.out_fusion_module.conv1x1_out.conv.weight - torch.Size([192, 384, 1, 1]): 
The value is the same before and after calling `init_weights` of YOLODualNeckDetector  

backbone.fusion_block3.out_fusion_module.conv1x1_out.bn.weight - torch.Size([192]): 
The value is the same before and after calling `init_weights` of YOLODualNeckDetector  

backbone.fusion_block3.out_fusion_module.conv1x1_out.bn.bias - torch.Size([192]): 
The value is the same before and after calling `init_weights` of YOLODualNeckDetector  

backbone.fusion_block3.mw.fc1.weight - torch.Size([12, 384, 1, 1]): 
The value is the same before and after calling `init_weights` of YOLODualNeckDetector  

backbone.fusion_block3.mw.fc1.bias - torch.Size([12]): 
The value is the same before and after calling `init_weights` of YOLODualNeckDetector  

backbone.fusion_block3.mw.fc2.weight - torch.Size([384, 12, 1, 1]): 
The value is the same before and after calling `init_weights` of YOLODualNeckDetector  

backbone.fusion_block3.mw.fc2.bias - torch.Size([384]): 
The value is the same before and after calling `init_weights` of YOLODualNeckDetector  

backbone.stage4_1.0.conv.weight - torch.Size([768, 384, 3, 3]): 
The value is the same before and after calling `init_weights` of YOLODualNeckDetector  

backbone.stage4_1.0.bn.weight - torch.Size([768]): 
The value is the same before and after calling `init_weights` of YOLODualNeckDetector  

backbone.stage4_1.0.bn.bias - torch.Size([768]): 
The value is the same before and after calling `init_weights` of YOLODualNeckDetector  

backbone.stage4_1.1.main_conv.conv.weight - torch.Size([768, 768, 1, 1]): 
The value is the same before and after calling `init_weights` of YOLODualNeckDetector  

backbone.stage4_1.1.main_conv.bn.weight - torch.Size([768]): 
The value is the same before and after calling `init_weights` of YOLODualNeckDetector  

backbone.stage4_1.1.main_conv.bn.bias - torch.Size([768]): 
The value is the same before and after calling `init_weights` of YOLODualNeckDetector  

backbone.stage4_1.1.final_conv.conv.weight - torch.Size([768, 1536, 1, 1]): 
The value is the same before and after calling `init_weights` of YOLODualNeckDetector  

backbone.stage4_1.1.final_conv.bn.weight - torch.Size([768]): 
The value is the same before and after calling `init_weights` of YOLODualNeckDetector  

backbone.stage4_1.1.final_conv.bn.bias - torch.Size([768]): 
The value is the same before and after calling `init_weights` of YOLODualNeckDetector  

backbone.stage4_1.1.blocks.0.conv1.conv.weight - torch.Size([384, 384, 3, 3]): 
The value is the same before and after calling `init_weights` of YOLODualNeckDetector  

backbone.stage4_1.1.blocks.0.conv1.bn.weight - torch.Size([384]): 
The value is the same before and after calling `init_weights` of YOLODualNeckDetector  

backbone.stage4_1.1.blocks.0.conv1.bn.bias - torch.Size([384]): 
The value is the same before and after calling `init_weights` of YOLODualNeckDetector  

backbone.stage4_1.1.blocks.0.conv2.conv.weight - torch.Size([384, 384, 3, 3]): 
The value is the same before and after calling `init_weights` of YOLODualNeckDetector  

backbone.stage4_1.1.blocks.0.conv2.bn.weight - torch.Size([384]): 
The value is the same before and after calling `init_weights` of YOLODualNeckDetector  

backbone.stage4_1.1.blocks.0.conv2.bn.bias - torch.Size([384]): 
The value is the same before and after calling `init_weights` of YOLODualNeckDetector  

backbone.stage4_1.1.blocks.1.conv1.conv.weight - torch.Size([384, 384, 3, 3]): 
The value is the same before and after calling `init_weights` of YOLODualNeckDetector  

backbone.stage4_1.1.blocks.1.conv1.bn.weight - torch.Size([384]): 
The value is the same before and after calling `init_weights` of YOLODualNeckDetector  

backbone.stage4_1.1.blocks.1.conv1.bn.bias - torch.Size([384]): 
The value is the same before and after calling `init_weights` of YOLODualNeckDetector  

backbone.stage4_1.1.blocks.1.conv2.conv.weight - torch.Size([384, 384, 3, 3]): 
The value is the same before and after calling `init_weights` of YOLODualNeckDetector  

backbone.stage4_1.1.blocks.1.conv2.bn.weight - torch.Size([384]): 
The value is the same before and after calling `init_weights` of YOLODualNeckDetector  

backbone.stage4_1.1.blocks.1.conv2.bn.bias - torch.Size([384]): 
The value is the same before and after calling `init_weights` of YOLODualNeckDetector  

backbone.stage4_1.2.conv1.conv.weight - torch.Size([384, 768, 1, 1]): 
The value is the same before and after calling `init_weights` of YOLODualNeckDetector  

backbone.stage4_1.2.conv1.bn.weight - torch.Size([384]): 
The value is the same before and after calling `init_weights` of YOLODualNeckDetector  

backbone.stage4_1.2.conv1.bn.bias - torch.Size([384]): 
The value is the same before and after calling `init_weights` of YOLODualNeckDetector  

backbone.stage4_1.2.conv2.conv.weight - torch.Size([768, 1536, 1, 1]): 
The value is the same before and after calling `init_weights` of YOLODualNeckDetector  

backbone.stage4_1.2.conv2.bn.weight - torch.Size([768]): 
The value is the same before and after calling `init_weights` of YOLODualNeckDetector  

backbone.stage4_1.2.conv2.bn.bias - torch.Size([768]): 
The value is the same before and after calling `init_weights` of YOLODualNeckDetector  

backbone.stage4_2.0.conv.weight - torch.Size([768, 384, 3, 3]): 
The value is the same before and after calling `init_weights` of YOLODualNeckDetector  

backbone.stage4_2.0.bn.weight - torch.Size([768]): 
The value is the same before and after calling `init_weights` of YOLODualNeckDetector  

backbone.stage4_2.0.bn.bias - torch.Size([768]): 
The value is the same before and after calling `init_weights` of YOLODualNeckDetector  

backbone.stage4_2.1.main_conv.conv.weight - torch.Size([768, 768, 1, 1]): 
The value is the same before and after calling `init_weights` of YOLODualNeckDetector  

backbone.stage4_2.1.main_conv.bn.weight - torch.Size([768]): 
The value is the same before and after calling `init_weights` of YOLODualNeckDetector  

backbone.stage4_2.1.main_conv.bn.bias - torch.Size([768]): 
The value is the same before and after calling `init_weights` of YOLODualNeckDetector  

backbone.stage4_2.1.final_conv.conv.weight - torch.Size([768, 1536, 1, 1]): 
The value is the same before and after calling `init_weights` of YOLODualNeckDetector  

backbone.stage4_2.1.final_conv.bn.weight - torch.Size([768]): 
The value is the same before and after calling `init_weights` of YOLODualNeckDetector  

backbone.stage4_2.1.final_conv.bn.bias - torch.Size([768]): 
The value is the same before and after calling `init_weights` of YOLODualNeckDetector  

backbone.stage4_2.1.blocks.0.conv1.conv.weight - torch.Size([384, 384, 3, 3]): 
The value is the same before and after calling `init_weights` of YOLODualNeckDetector  

backbone.stage4_2.1.blocks.0.conv1.bn.weight - torch.Size([384]): 
The value is the same before and after calling `init_weights` of YOLODualNeckDetector  

backbone.stage4_2.1.blocks.0.conv1.bn.bias - torch.Size([384]): 
The value is the same before and after calling `init_weights` of YOLODualNeckDetector  

backbone.stage4_2.1.blocks.0.conv2.conv.weight - torch.Size([384, 384, 3, 3]): 
The value is the same before and after calling `init_weights` of YOLODualNeckDetector  

backbone.stage4_2.1.blocks.0.conv2.bn.weight - torch.Size([384]): 
The value is the same before and after calling `init_weights` of YOLODualNeckDetector  

backbone.stage4_2.1.blocks.0.conv2.bn.bias - torch.Size([384]): 
The value is the same before and after calling `init_weights` of YOLODualNeckDetector  

backbone.stage4_2.1.blocks.1.conv1.conv.weight - torch.Size([384, 384, 3, 3]): 
The value is the same before and after calling `init_weights` of YOLODualNeckDetector  

backbone.stage4_2.1.blocks.1.conv1.bn.weight - torch.Size([384]): 
The value is the same before and after calling `init_weights` of YOLODualNeckDetector  

backbone.stage4_2.1.blocks.1.conv1.bn.bias - torch.Size([384]): 
The value is the same before and after calling `init_weights` of YOLODualNeckDetector  

backbone.stage4_2.1.blocks.1.conv2.conv.weight - torch.Size([384, 384, 3, 3]): 
The value is the same before and after calling `init_weights` of YOLODualNeckDetector  

backbone.stage4_2.1.blocks.1.conv2.bn.weight - torch.Size([384]): 
The value is the same before and after calling `init_weights` of YOLODualNeckDetector  

backbone.stage4_2.1.blocks.1.conv2.bn.bias - torch.Size([384]): 
The value is the same before and after calling `init_weights` of YOLODualNeckDetector  

backbone.stage4_2.2.conv1.conv.weight - torch.Size([384, 768, 1, 1]): 
The value is the same before and after calling `init_weights` of YOLODualNeckDetector  

backbone.stage4_2.2.conv1.bn.weight - torch.Size([384]): 
The value is the same before and after calling `init_weights` of YOLODualNeckDetector  

backbone.stage4_2.2.conv1.bn.bias - torch.Size([384]): 
The value is the same before and after calling `init_weights` of YOLODualNeckDetector  

backbone.stage4_2.2.conv2.conv.weight - torch.Size([768, 1536, 1, 1]): 
The value is the same before and after calling `init_weights` of YOLODualNeckDetector  

backbone.stage4_2.2.conv2.bn.weight - torch.Size([768]): 
The value is the same before and after calling `init_weights` of YOLODualNeckDetector  

backbone.stage4_2.2.conv2.bn.bias - torch.Size([768]): 
The value is the same before and after calling `init_weights` of YOLODualNeckDetector  

backbone.fusion_block4.pos_embed_r - torch.Size([1, 64, 384]): 
The value is the same before and after calling `init_weights` of YOLODualNeckDetector  

backbone.fusion_block4.pos_embed_t - torch.Size([1, 64, 384]): 
The value is the same before and after calling `init_weights` of YOLODualNeckDetector  

backbone.fusion_block4.patch_embed.proj.weight - torch.Size([384, 384, 4, 5]): 
The value is the same before and after calling `init_weights` of YOLODualNeckDetector  

backbone.fusion_block4.patch_embed.proj.bias - torch.Size([384]): 
The value is the same before and after calling `init_weights` of YOLODualNeckDetector  

backbone.fusion_block4.mamba_fusion_stage.in_proj_r.weight - torch.Size([1536, 384]): 
The value is the same before and after calling `init_weights` of YOLODualNeckDetector  

backbone.fusion_block4.mamba_fusion_stage.in_proj_t.weight - torch.Size([1536, 384]): 
The value is the same before and after calling `init_weights` of YOLODualNeckDetector  

backbone.fusion_block4.mamba_fusion_stage.conv2d_r.0.weight - torch.Size([768, 1, 3, 3]): 
The value is the same before and after calling `init_weights` of YOLODualNeckDetector  

backbone.fusion_block4.mamba_fusion_stage.conv2d_r.0.bias - torch.Size([768]): 
The value is the same before and after calling `init_weights` of YOLODualNeckDetector  

backbone.fusion_block4.mamba_fusion_stage.conv2d_r.1.weight - torch.Size([768]): 
The value is the same before and after calling `init_weights` of YOLODualNeckDetector  

backbone.fusion_block4.mamba_fusion_stage.conv2d_r.1.bias - torch.Size([768]): 
The value is the same before and after calling `init_weights` of YOLODualNeckDetector  

backbone.fusion_block4.mamba_fusion_stage.conv2d_t.0.weight - torch.Size([768, 1, 3, 3]): 
The value is the same before and after calling `init_weights` of YOLODualNeckDetector  

backbone.fusion_block4.mamba_fusion_stage.conv2d_t.0.bias - torch.Size([768]): 
The value is the same before and after calling `init_weights` of YOLODualNeckDetector  

backbone.fusion_block4.mamba_fusion_stage.conv2d_t.1.weight - torch.Size([768]): 
The value is the same before and after calling `init_weights` of YOLODualNeckDetector  

backbone.fusion_block4.mamba_fusion_stage.conv2d_t.1.bias - torch.Size([768]): 
The value is the same before and after calling `init_weights` of YOLODualNeckDetector  

backbone.fusion_block4.mamba_fusion_stage.SSM_r_f.A_log - torch.Size([768, 128]): 
The value is the same before and after calling `init_weights` of YOLODualNeckDetector  

backbone.fusion_block4.mamba_fusion_stage.SSM_r_f.D - torch.Size([768]): 
The value is the same before and after calling `init_weights` of YOLODualNeckDetector  

backbone.fusion_block4.mamba_fusion_stage.SSM_r_f.x_proj.weight - torch.Size([304, 768]): 
The value is the same before and after calling `init_weights` of YOLODualNeckDetector  

backbone.fusion_block4.mamba_fusion_stage.SSM_r_f.dt_proj.weight - torch.Size([768, 48]): 
The value is the same before and after calling `init_weights` of YOLODualNeckDetector  

backbone.fusion_block4.mamba_fusion_stage.SSM_r_f.dt_proj.bias - torch.Size([768]): 
The value is the same before and after calling `init_weights` of YOLODualNeckDetector  

backbone.fusion_block4.mamba_fusion_stage.SSM_r_f.out_norm.weight - torch.Size([768]): 
The value is the same before and after calling `init_weights` of YOLODualNeckDetector  

backbone.fusion_block4.mamba_fusion_stage.SSM_r_f.out_norm.bias - torch.Size([768]): 
The value is the same before and after calling `init_weights` of YOLODualNeckDetector  

backbone.fusion_block4.mamba_fusion_stage.SSM_t_f.A_log - torch.Size([768, 128]): 
The value is the same before and after calling `init_weights` of YOLODualNeckDetector  

backbone.fusion_block4.mamba_fusion_stage.SSM_t_f.D - torch.Size([768]): 
The value is the same before and after calling `init_weights` of YOLODualNeckDetector  

backbone.fusion_block4.mamba_fusion_stage.SSM_t_f.x_proj.weight - torch.Size([304, 768]): 
The value is the same before and after calling `init_weights` of YOLODualNeckDetector  

backbone.fusion_block4.mamba_fusion_stage.SSM_t_f.dt_proj.weight - torch.Size([768, 48]): 
The value is the same before and after calling `init_weights` of YOLODualNeckDetector  

backbone.fusion_block4.mamba_fusion_stage.SSM_t_f.dt_proj.bias - torch.Size([768]): 
The value is the same before and after calling `init_weights` of YOLODualNeckDetector  

backbone.fusion_block4.mamba_fusion_stage.SSM_t_f.out_norm.weight - torch.Size([768]): 
The value is the same before and after calling `init_weights` of YOLODualNeckDetector  

backbone.fusion_block4.mamba_fusion_stage.SSM_t_f.out_norm.bias - torch.Size([768]): 
The value is the same before and after calling `init_weights` of YOLODualNeckDetector  

backbone.fusion_block4.mamba_fusion_stage.out_proj.weight - torch.Size([384, 768]): 
The value is the same before and after calling `init_weights` of YOLODualNeckDetector  

backbone.fusion_block4.transformer_fusion_stage.block.pos_emb_vis - torch.Size([1, 64, 384]): 
The value is the same before and after calling `init_weights` of YOLODualNeckDetector  

backbone.fusion_block4.transformer_fusion_stage.block.pos_emb_ir - torch.Size([1, 64, 384]): 
The value is the same before and after calling `init_weights` of YOLODualNeckDetector  

backbone.fusion_block4.transformer_fusion_stage.block.vis_pool_weights.w1 - torch.Size([1]): 
The value is the same before and after calling `init_weights` of YOLODualNeckDetector  

backbone.fusion_block4.transformer_fusion_stage.block.vis_pool_weights.w2 - torch.Size([1]): 
The value is the same before and after calling `init_weights` of YOLODualNeckDetector  

backbone.fusion_block4.transformer_fusion_stage.block.ir_pool_weights.w1 - torch.Size([1]): 
The value is the same before and after calling `init_weights` of YOLODualNeckDetector  

backbone.fusion_block4.transformer_fusion_stage.block.ir_pool_weights.w2 - torch.Size([1]): 
The value is the same before and after calling `init_weights` of YOLODualNeckDetector  

backbone.fusion_block4.transformer_fusion_stage.block.crosstransformer.0.ln1_vis.weight - torch.Size([384]): 
The value is the same before and after calling `init_weights` of YOLODualNeckDetector  

backbone.fusion_block4.transformer_fusion_stage.block.crosstransformer.0.ln1_vis.bias - torch.Size([384]): 
The value is the same before and after calling `init_weights` of YOLODualNeckDetector  

backbone.fusion_block4.transformer_fusion_stage.block.crosstransformer.0.ln1_ir.weight - torch.Size([384]): 
The value is the same before and after calling `init_weights` of YOLODualNeckDetector  

backbone.fusion_block4.transformer_fusion_stage.block.crosstransformer.0.ln1_ir.bias - torch.Size([384]): 
The value is the same before and after calling `init_weights` of YOLODualNeckDetector  

backbone.fusion_block4.transformer_fusion_stage.block.crosstransformer.0.que_proj_vis.weight - torch.Size([384, 384]): 
The value is the same before and after calling `init_weights` of YOLODualNeckDetector  

backbone.fusion_block4.transformer_fusion_stage.block.crosstransformer.0.que_proj_vis.bias - torch.Size([384]): 
The value is the same before and after calling `init_weights` of YOLODualNeckDetector  

backbone.fusion_block4.transformer_fusion_stage.block.crosstransformer.0.key_proj_vis.weight - torch.Size([384, 384]): 
The value is the same before and after calling `init_weights` of YOLODualNeckDetector  

backbone.fusion_block4.transformer_fusion_stage.block.crosstransformer.0.key_proj_vis.bias - torch.Size([384]): 
The value is the same before and after calling `init_weights` of YOLODualNeckDetector  

backbone.fusion_block4.transformer_fusion_stage.block.crosstransformer.0.val_proj_vis.weight - torch.Size([384, 384]): 
The value is the same before and after calling `init_weights` of YOLODualNeckDetector  

backbone.fusion_block4.transformer_fusion_stage.block.crosstransformer.0.val_proj_vis.bias - torch.Size([384]): 
The value is the same before and after calling `init_weights` of YOLODualNeckDetector  

backbone.fusion_block4.transformer_fusion_stage.block.crosstransformer.0.que_proj_ir.weight - torch.Size([384, 384]): 
The value is the same before and after calling `init_weights` of YOLODualNeckDetector  

backbone.fusion_block4.transformer_fusion_stage.block.crosstransformer.0.que_proj_ir.bias - torch.Size([384]): 
The value is the same before and after calling `init_weights` of YOLODualNeckDetector  

backbone.fusion_block4.transformer_fusion_stage.block.crosstransformer.0.key_proj_ir.weight - torch.Size([384, 384]): 
The value is the same before and after calling `init_weights` of YOLODualNeckDetector  

backbone.fusion_block4.transformer_fusion_stage.block.crosstransformer.0.key_proj_ir.bias - torch.Size([384]): 
The value is the same before and after calling `init_weights` of YOLODualNeckDetector  

backbone.fusion_block4.transformer_fusion_stage.block.crosstransformer.0.val_proj_ir.weight - torch.Size([384, 384]): 
The value is the same before and after calling `init_weights` of YOLODualNeckDetector  

backbone.fusion_block4.transformer_fusion_stage.block.crosstransformer.0.val_proj_ir.bias - torch.Size([384]): 
The value is the same before and after calling `init_weights` of YOLODualNeckDetector  

backbone.fusion_block4.transformer_fusion_stage.block.crosstransformer.0.crossatt.out_proj_vis.weight - torch.Size([384, 384]): 
The value is the same before and after calling `init_weights` of YOLODualNeckDetector  

backbone.fusion_block4.transformer_fusion_stage.block.crosstransformer.0.crossatt.out_proj_vis.bias - torch.Size([384]): 
The value is the same before and after calling `init_weights` of YOLODualNeckDetector  

backbone.fusion_block4.transformer_fusion_stage.block.crosstransformer.0.crossatt.out_proj_ir.weight - torch.Size([384, 384]): 
The value is the same before and after calling `init_weights` of YOLODualNeckDetector  

backbone.fusion_block4.transformer_fusion_stage.block.crosstransformer.0.crossatt.out_proj_ir.bias - torch.Size([384]): 
The value is the same before and after calling `init_weights` of YOLODualNeckDetector  

backbone.fusion_block4.transformer_fusion_stage.block.crosstransformer.0.ln2_vis.weight - torch.Size([384]): 
The value is the same before and after calling `init_weights` of YOLODualNeckDetector  

backbone.fusion_block4.transformer_fusion_stage.block.crosstransformer.0.ln2_vis.bias - torch.Size([384]): 
The value is the same before and after calling `init_weights` of YOLODualNeckDetector  

backbone.fusion_block4.transformer_fusion_stage.block.crosstransformer.0.ln2_ir.weight - torch.Size([384]): 
The value is the same before and after calling `init_weights` of YOLODualNeckDetector  

backbone.fusion_block4.transformer_fusion_stage.block.crosstransformer.0.ln2_ir.bias - torch.Size([384]): 
The value is the same before and after calling `init_weights` of YOLODualNeckDetector  

backbone.fusion_block4.transformer_fusion_stage.block.crosstransformer.0.mlp_vis.0.weight - torch.Size([1536, 384]): 
The value is the same before and after calling `init_weights` of YOLODualNeckDetector  

backbone.fusion_block4.transformer_fusion_stage.block.crosstransformer.0.mlp_vis.0.bias - torch.Size([1536]): 
The value is the same before and after calling `init_weights` of YOLODualNeckDetector  

backbone.fusion_block4.transformer_fusion_stage.block.crosstransformer.0.mlp_vis.2.weight - torch.Size([384, 1536]): 
The value is the same before and after calling `init_weights` of YOLODualNeckDetector  

backbone.fusion_block4.transformer_fusion_stage.block.crosstransformer.0.mlp_vis.2.bias - torch.Size([384]): 
The value is the same before and after calling `init_weights` of YOLODualNeckDetector  

backbone.fusion_block4.transformer_fusion_stage.block.crosstransformer.0.mlp_ir.0.weight - torch.Size([1536, 384]): 
The value is the same before and after calling `init_weights` of YOLODualNeckDetector  

backbone.fusion_block4.transformer_fusion_stage.block.crosstransformer.0.mlp_ir.0.bias - torch.Size([1536]): 
The value is the same before and after calling `init_weights` of YOLODualNeckDetector  

backbone.fusion_block4.transformer_fusion_stage.block.crosstransformer.0.mlp_ir.2.weight - torch.Size([384, 1536]): 
The value is the same before and after calling `init_weights` of YOLODualNeckDetector  

backbone.fusion_block4.transformer_fusion_stage.block.crosstransformer.0.mlp_ir.2.bias - torch.Size([384]): 
The value is the same before and after calling `init_weights` of YOLODualNeckDetector  

backbone.fusion_block4.transformer_fusion_stage.block.crosstransformer.0.coef_att_vis.bias - torch.Size([1]): 
The value is the same before and after calling `init_weights` of YOLODualNeckDetector  

backbone.fusion_block4.transformer_fusion_stage.block.crosstransformer.0.coef_mlp_vis.bias - torch.Size([1]): 
The value is the same before and after calling `init_weights` of YOLODualNeckDetector  

backbone.fusion_block4.transformer_fusion_stage.block.crosstransformer.0.coef_att_ir.bias - torch.Size([1]): 
The value is the same before and after calling `init_weights` of YOLODualNeckDetector  

backbone.fusion_block4.transformer_fusion_stage.block.crosstransformer.0.coef_mlp_ir.bias - torch.Size([1]): 
The value is the same before and after calling `init_weights` of YOLODualNeckDetector  

backbone.fusion_block4.transformer_fusion_stage.block.out_fusion_module.conv1x1_out.conv.weight - torch.Size([384, 768, 1, 1]): 
The value is the same before and after calling `init_weights` of YOLODualNeckDetector  

backbone.fusion_block4.transformer_fusion_stage.block.out_fusion_module.conv1x1_out.bn.weight - torch.Size([384]): 
The value is the same before and after calling `init_weights` of YOLODualNeckDetector  

backbone.fusion_block4.transformer_fusion_stage.block.out_fusion_module.conv1x1_out.bn.bias - torch.Size([384]): 
The value is the same before and after calling `init_weights` of YOLODualNeckDetector  

backbone.fusion_block4.transformer_fusion_stage.mw.fc1.weight - torch.Size([24, 768, 1, 1]): 
The value is the same before and after calling `init_weights` of YOLODualNeckDetector  

backbone.fusion_block4.transformer_fusion_stage.mw.fc1.bias - torch.Size([24]): 
The value is the same before and after calling `init_weights` of YOLODualNeckDetector  

backbone.fusion_block4.transformer_fusion_stage.mw.fc2.weight - torch.Size([768, 24, 1, 1]): 
The value is the same before and after calling `init_weights` of YOLODualNeckDetector  

backbone.fusion_block4.transformer_fusion_stage.mw.fc2.bias - torch.Size([768]): 
The value is the same before and after calling `init_weights` of YOLODualNeckDetector  

backbone.fusion_block4.out_fusion_module.conv1x1_out.conv.weight - torch.Size([384, 768, 1, 1]): 
The value is the same before and after calling `init_weights` of YOLODualNeckDetector  

backbone.fusion_block4.out_fusion_module.conv1x1_out.bn.weight - torch.Size([384]): 
The value is the same before and after calling `init_weights` of YOLODualNeckDetector  

backbone.fusion_block4.out_fusion_module.conv1x1_out.bn.bias - torch.Size([384]): 
The value is the same before and after calling `init_weights` of YOLODualNeckDetector  

backbone.fusion_block4.mw.fc1.weight - torch.Size([24, 768, 1, 1]): 
The value is the same before and after calling `init_weights` of YOLODualNeckDetector  

backbone.fusion_block4.mw.fc1.bias - torch.Size([24]): 
The value is the same before and after calling `init_weights` of YOLODualNeckDetector  

backbone.fusion_block4.mw.fc2.weight - torch.Size([768, 24, 1, 1]): 
The value is the same before and after calling `init_weights` of YOLODualNeckDetector  

backbone.fusion_block4.mw.fc2.bias - torch.Size([768]): 
The value is the same before and after calling `init_weights` of YOLODualNeckDetector  

neck.top_down_layers.0.main_conv.conv.weight - torch.Size([384, 1152, 1, 1]): 
Initialized by user-defined `init_weights` in YOLOv8PAFPN  

neck.top_down_layers.0.main_conv.bn.weight - torch.Size([384]): 
The value is the same before and after calling `init_weights` of YOLODualNeckDetector  

neck.top_down_layers.0.main_conv.bn.bias - torch.Size([384]): 
The value is the same before and after calling `init_weights` of YOLODualNeckDetector  

neck.top_down_layers.0.final_conv.conv.weight - torch.Size([384, 768, 1, 1]): 
Initialized by user-defined `init_weights` in YOLOv8PAFPN  

neck.top_down_layers.0.final_conv.bn.weight - torch.Size([384]): 
The value is the same before and after calling `init_weights` of YOLODualNeckDetector  

neck.top_down_layers.0.final_conv.bn.bias - torch.Size([384]): 
The value is the same before and after calling `init_weights` of YOLODualNeckDetector  

neck.top_down_layers.0.blocks.0.conv1.conv.weight - torch.Size([192, 192, 3, 3]): 
Initialized by user-defined `init_weights` in YOLOv8PAFPN  

neck.top_down_layers.0.blocks.0.conv1.bn.weight - torch.Size([192]): 
The value is the same before and after calling `init_weights` of YOLODualNeckDetector  

neck.top_down_layers.0.blocks.0.conv1.bn.bias - torch.Size([192]): 
The value is the same before and after calling `init_weights` of YOLODualNeckDetector  

neck.top_down_layers.0.blocks.0.conv2.conv.weight - torch.Size([192, 192, 3, 3]): 
Initialized by user-defined `init_weights` in YOLOv8PAFPN  

neck.top_down_layers.0.blocks.0.conv2.bn.weight - torch.Size([192]): 
The value is the same before and after calling `init_weights` of YOLODualNeckDetector  

neck.top_down_layers.0.blocks.0.conv2.bn.bias - torch.Size([192]): 
The value is the same before and after calling `init_weights` of YOLODualNeckDetector  

neck.top_down_layers.0.blocks.1.conv1.conv.weight - torch.Size([192, 192, 3, 3]): 
Initialized by user-defined `init_weights` in YOLOv8PAFPN  

neck.top_down_layers.0.blocks.1.conv1.bn.weight - torch.Size([192]): 
The value is the same before and after calling `init_weights` of YOLODualNeckDetector  

neck.top_down_layers.0.blocks.1.conv1.bn.bias - torch.Size([192]): 
The value is the same before and after calling `init_weights` of YOLODualNeckDetector  

neck.top_down_layers.0.blocks.1.conv2.conv.weight - torch.Size([192, 192, 3, 3]): 
Initialized by user-defined `init_weights` in YOLOv8PAFPN  

neck.top_down_layers.0.blocks.1.conv2.bn.weight - torch.Size([192]): 
The value is the same before and after calling `init_weights` of YOLODualNeckDetector  

neck.top_down_layers.0.blocks.1.conv2.bn.bias - torch.Size([192]): 
The value is the same before and after calling `init_weights` of YOLODualNeckDetector  

neck.top_down_layers.1.main_conv.conv.weight - torch.Size([192, 576, 1, 1]): 
Initialized by user-defined `init_weights` in YOLOv8PAFPN  

neck.top_down_layers.1.main_conv.bn.weight - torch.Size([192]): 
The value is the same before and after calling `init_weights` of YOLODualNeckDetector  

neck.top_down_layers.1.main_conv.bn.bias - torch.Size([192]): 
The value is the same before and after calling `init_weights` of YOLODualNeckDetector  

neck.top_down_layers.1.final_conv.conv.weight - torch.Size([192, 384, 1, 1]): 
Initialized by user-defined `init_weights` in YOLOv8PAFPN  

neck.top_down_layers.1.final_conv.bn.weight - torch.Size([192]): 
The value is the same before and after calling `init_weights` of YOLODualNeckDetector  

neck.top_down_layers.1.final_conv.bn.bias - torch.Size([192]): 
The value is the same before and after calling `init_weights` of YOLODualNeckDetector  

neck.top_down_layers.1.blocks.0.conv1.conv.weight - torch.Size([96, 96, 3, 3]): 
Initialized by user-defined `init_weights` in YOLOv8PAFPN  

neck.top_down_layers.1.blocks.0.conv1.bn.weight - torch.Size([96]): 
The value is the same before and after calling `init_weights` of YOLODualNeckDetector  

neck.top_down_layers.1.blocks.0.conv1.bn.bias - torch.Size([96]): 
The value is the same before and after calling `init_weights` of YOLODualNeckDetector  

neck.top_down_layers.1.blocks.0.conv2.conv.weight - torch.Size([96, 96, 3, 3]): 
Initialized by user-defined `init_weights` in YOLOv8PAFPN  

neck.top_down_layers.1.blocks.0.conv2.bn.weight - torch.Size([96]): 
The value is the same before and after calling `init_weights` of YOLODualNeckDetector  

neck.top_down_layers.1.blocks.0.conv2.bn.bias - torch.Size([96]): 
The value is the same before and after calling `init_weights` of YOLODualNeckDetector  

neck.top_down_layers.1.blocks.1.conv1.conv.weight - torch.Size([96, 96, 3, 3]): 
Initialized by user-defined `init_weights` in YOLOv8PAFPN  

neck.top_down_layers.1.blocks.1.conv1.bn.weight - torch.Size([96]): 
The value is the same before and after calling `init_weights` of YOLODualNeckDetector  

neck.top_down_layers.1.blocks.1.conv1.bn.bias - torch.Size([96]): 
The value is the same before and after calling `init_weights` of YOLODualNeckDetector  

neck.top_down_layers.1.blocks.1.conv2.conv.weight - torch.Size([96, 96, 3, 3]): 
Initialized by user-defined `init_weights` in YOLOv8PAFPN  

neck.top_down_layers.1.blocks.1.conv2.bn.weight - torch.Size([96]): 
The value is the same before and after calling `init_weights` of YOLODualNeckDetector  

neck.top_down_layers.1.blocks.1.conv2.bn.bias - torch.Size([96]): 
The value is the same before and after calling `init_weights` of YOLODualNeckDetector  

neck.downsample_layers.0.conv.weight - torch.Size([192, 192, 3, 3]): 
Initialized by user-defined `init_weights` in YOLOv8PAFPN  

neck.downsample_layers.0.bn.weight - torch.Size([192]): 
The value is the same before and after calling `init_weights` of YOLODualNeckDetector  

neck.downsample_layers.0.bn.bias - torch.Size([192]): 
The value is the same before and after calling `init_weights` of YOLODualNeckDetector  

neck.downsample_layers.1.conv.weight - torch.Size([384, 384, 3, 3]): 
Initialized by user-defined `init_weights` in YOLOv8PAFPN  

neck.downsample_layers.1.bn.weight - torch.Size([384]): 
The value is the same before and after calling `init_weights` of YOLODualNeckDetector  

neck.downsample_layers.1.bn.bias - torch.Size([384]): 
The value is the same before and after calling `init_weights` of YOLODualNeckDetector  

neck.bottom_up_layers.0.main_conv.conv.weight - torch.Size([384, 576, 1, 1]): 
Initialized by user-defined `init_weights` in YOLOv8PAFPN  

neck.bottom_up_layers.0.main_conv.bn.weight - torch.Size([384]): 
The value is the same before and after calling `init_weights` of YOLODualNeckDetector  

neck.bottom_up_layers.0.main_conv.bn.bias - torch.Size([384]): 
The value is the same before and after calling `init_weights` of YOLODualNeckDetector  

neck.bottom_up_layers.0.final_conv.conv.weight - torch.Size([384, 768, 1, 1]): 
Initialized by user-defined `init_weights` in YOLOv8PAFPN  

neck.bottom_up_layers.0.final_conv.bn.weight - torch.Size([384]): 
The value is the same before and after calling `init_weights` of YOLODualNeckDetector  

neck.bottom_up_layers.0.final_conv.bn.bias - torch.Size([384]): 
The value is the same before and after calling `init_weights` of YOLODualNeckDetector  

neck.bottom_up_layers.0.blocks.0.conv1.conv.weight - torch.Size([192, 192, 3, 3]): 
Initialized by user-defined `init_weights` in YOLOv8PAFPN  

neck.bottom_up_layers.0.blocks.0.conv1.bn.weight - torch.Size([192]): 
The value is the same before and after calling `init_weights` of YOLODualNeckDetector  

neck.bottom_up_layers.0.blocks.0.conv1.bn.bias - torch.Size([192]): 
The value is the same before and after calling `init_weights` of YOLODualNeckDetector  

neck.bottom_up_layers.0.blocks.0.conv2.conv.weight - torch.Size([192, 192, 3, 3]): 
Initialized by user-defined `init_weights` in YOLOv8PAFPN  

neck.bottom_up_layers.0.blocks.0.conv2.bn.weight - torch.Size([192]): 
The value is the same before and after calling `init_weights` of YOLODualNeckDetector  

neck.bottom_up_layers.0.blocks.0.conv2.bn.bias - torch.Size([192]): 
The value is the same before and after calling `init_weights` of YOLODualNeckDetector  

neck.bottom_up_layers.0.blocks.1.conv1.conv.weight - torch.Size([192, 192, 3, 3]): 
Initialized by user-defined `init_weights` in YOLOv8PAFPN  

neck.bottom_up_layers.0.blocks.1.conv1.bn.weight - torch.Size([192]): 
The value is the same before and after calling `init_weights` of YOLODualNeckDetector  

neck.bottom_up_layers.0.blocks.1.conv1.bn.bias - torch.Size([192]): 
The value is the same before and after calling `init_weights` of YOLODualNeckDetector  

neck.bottom_up_layers.0.blocks.1.conv2.conv.weight - torch.Size([192, 192, 3, 3]): 
Initialized by user-defined `init_weights` in YOLOv8PAFPN  

neck.bottom_up_layers.0.blocks.1.conv2.bn.weight - torch.Size([192]): 
The value is the same before and after calling `init_weights` of YOLODualNeckDetector  

neck.bottom_up_layers.0.blocks.1.conv2.bn.bias - torch.Size([192]): 
The value is the same before and after calling `init_weights` of YOLODualNeckDetector  

neck.bottom_up_layers.1.main_conv.conv.weight - torch.Size([768, 1152, 1, 1]): 
Initialized by user-defined `init_weights` in YOLOv8PAFPN  

neck.bottom_up_layers.1.main_conv.bn.weight - torch.Size([768]): 
The value is the same before and after calling `init_weights` of YOLODualNeckDetector  

neck.bottom_up_layers.1.main_conv.bn.bias - torch.Size([768]): 
The value is the same before and after calling `init_weights` of YOLODualNeckDetector  

neck.bottom_up_layers.1.final_conv.conv.weight - torch.Size([768, 1536, 1, 1]): 
Initialized by user-defined `init_weights` in YOLOv8PAFPN  

neck.bottom_up_layers.1.final_conv.bn.weight - torch.Size([768]): 
The value is the same before and after calling `init_weights` of YOLODualNeckDetector  

neck.bottom_up_layers.1.final_conv.bn.bias - torch.Size([768]): 
The value is the same before and after calling `init_weights` of YOLODualNeckDetector  

neck.bottom_up_layers.1.blocks.0.conv1.conv.weight - torch.Size([384, 384, 3, 3]): 
Initialized by user-defined `init_weights` in YOLOv8PAFPN  

neck.bottom_up_layers.1.blocks.0.conv1.bn.weight - torch.Size([384]): 
The value is the same before and after calling `init_weights` of YOLODualNeckDetector  

neck.bottom_up_layers.1.blocks.0.conv1.bn.bias - torch.Size([384]): 
The value is the same before and after calling `init_weights` of YOLODualNeckDetector  

neck.bottom_up_layers.1.blocks.0.conv2.conv.weight - torch.Size([384, 384, 3, 3]): 
Initialized by user-defined `init_weights` in YOLOv8PAFPN  

neck.bottom_up_layers.1.blocks.0.conv2.bn.weight - torch.Size([384]): 
The value is the same before and after calling `init_weights` of YOLODualNeckDetector  

neck.bottom_up_layers.1.blocks.0.conv2.bn.bias - torch.Size([384]): 
The value is the same before and after calling `init_weights` of YOLODualNeckDetector  

neck.bottom_up_layers.1.blocks.1.conv1.conv.weight - torch.Size([384, 384, 3, 3]): 
Initialized by user-defined `init_weights` in YOLOv8PAFPN  

neck.bottom_up_layers.1.blocks.1.conv1.bn.weight - torch.Size([384]): 
The value is the same before and after calling `init_weights` of YOLODualNeckDetector  

neck.bottom_up_layers.1.blocks.1.conv1.bn.bias - torch.Size([384]): 
The value is the same before and after calling `init_weights` of YOLODualNeckDetector  

neck.bottom_up_layers.1.blocks.1.conv2.conv.weight - torch.Size([384, 384, 3, 3]): 
Initialized by user-defined `init_weights` in YOLOv8PAFPN  

neck.bottom_up_layers.1.blocks.1.conv2.bn.weight - torch.Size([384]): 
The value is the same before and after calling `init_weights` of YOLODualNeckDetector  

neck.bottom_up_layers.1.blocks.1.conv2.bn.bias - torch.Size([384]): 
The value is the same before and after calling `init_weights` of YOLODualNeckDetector  

bbox_head.head_module.cls_preds.0.0.conv.weight - torch.Size([192, 192, 3, 3]): 
The value is the same before and after calling `init_weights` of YOLODualNeckDetector  

bbox_head.head_module.cls_preds.0.0.bn.weight - torch.Size([192]): 
The value is the same before and after calling `init_weights` of YOLODualNeckDetector  

bbox_head.head_module.cls_preds.0.0.bn.bias - torch.Size([192]): 
The value is the same before and after calling `init_weights` of YOLODualNeckDetector  

bbox_head.head_module.cls_preds.0.1.conv.weight - torch.Size([192, 192, 3, 3]): 
The value is the same before and after calling `init_weights` of YOLODualNeckDetector  

bbox_head.head_module.cls_preds.0.1.bn.weight - torch.Size([192]): 
The value is the same before and after calling `init_weights` of YOLODualNeckDetector  

bbox_head.head_module.cls_preds.0.1.bn.bias - torch.Size([192]): 
The value is the same before and after calling `init_weights` of YOLODualNeckDetector  

bbox_head.head_module.cls_preds.0.2.weight - torch.Size([6, 192, 1, 1]): 
The value is the same before and after calling `init_weights` of YOLODualNeckDetector  

bbox_head.head_module.cls_preds.0.2.bias - torch.Size([6]): 
Initialized by user-defined `init_weights` in YOLOv8HeadModule  

bbox_head.head_module.cls_preds.1.0.conv.weight - torch.Size([192, 384, 3, 3]): 
The value is the same before and after calling `init_weights` of YOLODualNeckDetector  

bbox_head.head_module.cls_preds.1.0.bn.weight - torch.Size([192]): 
The value is the same before and after calling `init_weights` of YOLODualNeckDetector  

bbox_head.head_module.cls_preds.1.0.bn.bias - torch.Size([192]): 
The value is the same before and after calling `init_weights` of YOLODualNeckDetector  

bbox_head.head_module.cls_preds.1.1.conv.weight - torch.Size([192, 192, 3, 3]): 
The value is the same before and after calling `init_weights` of YOLODualNeckDetector  

bbox_head.head_module.cls_preds.1.1.bn.weight - torch.Size([192]): 
The value is the same before and after calling `init_weights` of YOLODualNeckDetector  

bbox_head.head_module.cls_preds.1.1.bn.bias - torch.Size([192]): 
The value is the same before and after calling `init_weights` of YOLODualNeckDetector  

bbox_head.head_module.cls_preds.1.2.weight - torch.Size([6, 192, 1, 1]): 
The value is the same before and after calling `init_weights` of YOLODualNeckDetector  

bbox_head.head_module.cls_preds.1.2.bias - torch.Size([6]): 
Initialized by user-defined `init_weights` in YOLOv8HeadModule  

bbox_head.head_module.cls_preds.2.0.conv.weight - torch.Size([192, 768, 3, 3]): 
The value is the same before and after calling `init_weights` of YOLODualNeckDetector  

bbox_head.head_module.cls_preds.2.0.bn.weight - torch.Size([192]): 
The value is the same before and after calling `init_weights` of YOLODualNeckDetector  

bbox_head.head_module.cls_preds.2.0.bn.bias - torch.Size([192]): 
The value is the same before and after calling `init_weights` of YOLODualNeckDetector  

bbox_head.head_module.cls_preds.2.1.conv.weight - torch.Size([192, 192, 3, 3]): 
The value is the same before and after calling `init_weights` of YOLODualNeckDetector  

bbox_head.head_module.cls_preds.2.1.bn.weight - torch.Size([192]): 
The value is the same before and after calling `init_weights` of YOLODualNeckDetector  

bbox_head.head_module.cls_preds.2.1.bn.bias - torch.Size([192]): 
The value is the same before and after calling `init_weights` of YOLODualNeckDetector  

bbox_head.head_module.cls_preds.2.2.weight - torch.Size([6, 192, 1, 1]): 
The value is the same before and after calling `init_weights` of YOLODualNeckDetector  

bbox_head.head_module.cls_preds.2.2.bias - torch.Size([6]): 
Initialized by user-defined `init_weights` in YOLOv8HeadModule  

bbox_head.head_module.reg_preds.0.0.conv.weight - torch.Size([64, 192, 3, 3]): 
The value is the same before and after calling `init_weights` of YOLODualNeckDetector  

bbox_head.head_module.reg_preds.0.0.bn.weight - torch.Size([64]): 
The value is the same before and after calling `init_weights` of YOLODualNeckDetector  

bbox_head.head_module.reg_preds.0.0.bn.bias - torch.Size([64]): 
The value is the same before and after calling `init_weights` of YOLODualNeckDetector  

bbox_head.head_module.reg_preds.0.1.conv.weight - torch.Size([64, 64, 3, 3]): 
The value is the same before and after calling `init_weights` of YOLODualNeckDetector  

bbox_head.head_module.reg_preds.0.1.bn.weight - torch.Size([64]): 
The value is the same before and after calling `init_weights` of YOLODualNeckDetector  

bbox_head.head_module.reg_preds.0.1.bn.bias - torch.Size([64]): 
The value is the same before and after calling `init_weights` of YOLODualNeckDetector  

bbox_head.head_module.reg_preds.0.2.weight - torch.Size([64, 64, 1, 1]): 
The value is the same before and after calling `init_weights` of YOLODualNeckDetector  

bbox_head.head_module.reg_preds.0.2.bias - torch.Size([64]): 
Initialized by user-defined `init_weights` in YOLOv8HeadModule  

bbox_head.head_module.reg_preds.1.0.conv.weight - torch.Size([64, 384, 3, 3]): 
The value is the same before and after calling `init_weights` of YOLODualNeckDetector  

bbox_head.head_module.reg_preds.1.0.bn.weight - torch.Size([64]): 
The value is the same before and after calling `init_weights` of YOLODualNeckDetector  

bbox_head.head_module.reg_preds.1.0.bn.bias - torch.Size([64]): 
The value is the same before and after calling `init_weights` of YOLODualNeckDetector  

bbox_head.head_module.reg_preds.1.1.conv.weight - torch.Size([64, 64, 3, 3]): 
The value is the same before and after calling `init_weights` of YOLODualNeckDetector  

bbox_head.head_module.reg_preds.1.1.bn.weight - torch.Size([64]): 
The value is the same before and after calling `init_weights` of YOLODualNeckDetector  

bbox_head.head_module.reg_preds.1.1.bn.bias - torch.Size([64]): 
The value is the same before and after calling `init_weights` of YOLODualNeckDetector  

bbox_head.head_module.reg_preds.1.2.weight - torch.Size([64, 64, 1, 1]): 
The value is the same before and after calling `init_weights` of YOLODualNeckDetector  

bbox_head.head_module.reg_preds.1.2.bias - torch.Size([64]): 
Initialized by user-defined `init_weights` in YOLOv8HeadModule  

bbox_head.head_module.reg_preds.2.0.conv.weight - torch.Size([64, 768, 3, 3]): 
The value is the same before and after calling `init_weights` of YOLODualNeckDetector  

bbox_head.head_module.reg_preds.2.0.bn.weight - torch.Size([64]): 
The value is the same before and after calling `init_weights` of YOLODualNeckDetector  

bbox_head.head_module.reg_preds.2.0.bn.bias - torch.Size([64]): 
The value is the same before and after calling `init_weights` of YOLODualNeckDetector  

bbox_head.head_module.reg_preds.2.1.conv.weight - torch.Size([64, 64, 3, 3]): 
The value is the same before and after calling `init_weights` of YOLODualNeckDetector  

bbox_head.head_module.reg_preds.2.1.bn.weight - torch.Size([64]): 
The value is the same before and after calling `init_weights` of YOLODualNeckDetector  

bbox_head.head_module.reg_preds.2.1.bn.bias - torch.Size([64]): 
The value is the same before and after calling `init_weights` of YOLODualNeckDetector  

bbox_head.head_module.reg_preds.2.2.weight - torch.Size([64, 64, 1, 1]): 
The value is the same before and after calling `init_weights` of YOLODualNeckDetector  

bbox_head.head_module.reg_preds.2.2.bias - torch.Size([64]): 
Initialized by user-defined `init_weights` in YOLOv8HeadModule  
2025/05/24 07:07:12 - mmengine - INFO - Auto resumed from the latest checkpoint /data/nl/Mamba2Spectral/work_dirs/yolov8_mambatransformer_enhance/epoch_200.pth.
2025/05/24 07:07:13 - mmengine - INFO - Load checkpoint from /data/nl/Mamba2Spectral/work_dirs/yolov8_mambatransformer_enhance/epoch_200.pth
2025/05/24 07:07:13 - mmengine - WARNING - `resume_param_scheduler` is True but `self.param_schedulers` is None, so skip resuming parameter schedulers
2025/05/24 07:07:13 - mmengine - INFO - resumed epoch: 200, iter: 84000
2025/05/24 07:07:13 - mmengine - WARNING - "FileClient" will be deprecated in future. Please use io functions in https://mmengine.readthedocs.io/en/latest/api/fileio.html#file-io
2025/05/24 07:07:13 - mmengine - WARNING - "HardDiskBackend" is the alias of "LocalBackend" and the former will be deprecated in future.
2025/05/24 07:07:13 - mmengine - INFO - Checkpoints will be saved to /data/nl/Mamba2Spectral/work_dirs/M3FD/2025_05_10/yolov8_mambatransformer_enhance.
2025/05/24 07:08:37 - mmengine - INFO - Epoch(train) [201][ 50/420]  base_lr: 1.0000e-02 lr: 1.4950e-04  eta: 1 day, 15:00:42  time: 1.6729  data_time: 0.0567  memory: 18607  grad_norm: 26.2451  loss: 15.4293  loss_cls: 2.8178  loss_bbox: 5.4556  loss_dfl: 7.1559
2025/05/24 07:09:54 - mmengine - INFO - Epoch(train) [201][100/420]  base_lr: 1.0000e-02 lr: 1.4950e-04  eta: 1 day, 13:37:53  time: 1.5565  data_time: 0.0076  memory: 10359  grad_norm: 25.6835  loss: 15.6556  loss_cls: 2.8284  loss_bbox: 5.6383  loss_dfl: 7.1888
2025/05/24 07:11:12 - mmengine - INFO - Epoch(train) [201][150/420]  base_lr: 1.0000e-02 lr: 1.4950e-04  eta: 1 day, 13:06:05  time: 1.5493  data_time: 0.0076  memory: 10418  grad_norm: 24.5150  loss: 15.5078  loss_cls: 2.8567  loss_bbox: 5.5740  loss_dfl: 7.0771
2025/05/24 07:12:29 - mmengine - INFO - Epoch(train) [201][200/420]  base_lr: 1.0000e-02 lr: 1.4950e-04  eta: 1 day, 12:49:17  time: 1.5486  data_time: 0.0075  memory: 10434  grad_norm: 25.0252  loss: 15.3401  loss_cls: 2.7867  loss_bbox: 5.5068  loss_dfl: 7.0465
2025/05/24 07:13:47 - mmengine - INFO - Epoch(train) [201][250/420]  base_lr: 1.0000e-02 lr: 1.4950e-04  eta: 1 day, 12:40:06  time: 1.5536  data_time: 0.0074  memory: 10380  grad_norm: 25.2579  loss: 15.2415  loss_cls: 2.7642  loss_bbox: 5.3832  loss_dfl: 7.0941
2025/05/24 07:15:05 - mmengine - INFO - Epoch(train) [201][300/420]  base_lr: 1.0000e-02 lr: 1.4950e-04  eta: 1 day, 12:32:33  time: 1.5494  data_time: 0.0074  memory: 10450  grad_norm: 24.1110  loss: 15.4615  loss_cls: 2.8243  loss_bbox: 5.5107  loss_dfl: 7.1265
2025/05/24 07:16:22 - mmengine - INFO - Epoch(train) [201][350/420]  base_lr: 1.0000e-02 lr: 1.4950e-04  eta: 1 day, 12:26:37  time: 1.5485  data_time: 0.0073  memory: 10348  grad_norm: 25.0171  loss: 15.3592  loss_cls: 2.8312  loss_bbox: 5.4584  loss_dfl: 7.0695
2025/05/24 07:17:40 - mmengine - INFO - Epoch(train) [201][400/420]  base_lr: 1.0000e-02 lr: 1.4950e-04  eta: 1 day, 12:22:06  time: 1.5500  data_time: 0.0074  memory: 10434  grad_norm: 25.1012  loss: 15.5610  loss_cls: 2.8514  loss_bbox: 5.5950  loss_dfl: 7.1146
2025/05/24 07:18:11 - mmengine - INFO - Exp name: yolov8_mambatransformer_enhance_20250524_070703
2025/05/24 07:18:11 - mmengine - INFO - Saving checkpoint at 201 epochs
2025/05/24 07:18:13 - mmengine - WARNING - `save_param_scheduler` is True but `self.param_schedulers` is None, so skip saving parameter schedulers
2025/05/24 07:18:19 - mmengine - INFO - Epoch(val) [201][ 50/781]    eta: 0:01:09  time: 0.0951  data_time: 0.0039  memory: 10359  
2025/05/24 07:18:24 - mmengine - INFO - Epoch(val) [201][100/781]    eta: 0:01:04  time: 0.0954  data_time: 0.0005  memory: 998  
2025/05/24 07:18:29 - mmengine - INFO - Epoch(val) [201][150/781]    eta: 0:01:00  time: 0.0951  data_time: 0.0005  memory: 998  
2025/05/24 07:18:33 - mmengine - INFO - Epoch(val) [201][200/781]    eta: 0:00:54  time: 0.0922  data_time: 0.0005  memory: 998  
2025/05/24 07:18:38 - mmengine - INFO - Epoch(val) [201][250/781]    eta: 0:00:49  time: 0.0921  data_time: 0.0005  memory: 998  
2025/05/24 07:18:42 - mmengine - INFO - Epoch(val) [201][300/781]    eta: 0:00:45  time: 0.0918  data_time: 0.0005  memory: 998  
2025/05/24 07:18:47 - mmengine - INFO - Epoch(val) [201][350/781]    eta: 0:00:39  time: 0.0870  data_time: 0.0005  memory: 998  
2025/05/24 07:18:51 - mmengine - INFO - Epoch(val) [201][400/781]    eta: 0:00:34  time: 0.0792  data_time: 0.0005  memory: 998  
2025/05/24 07:18:55 - mmengine - INFO - Epoch(val) [201][450/781]    eta: 0:00:29  time: 0.0815  data_time: 0.0004  memory: 998  
2025/05/24 07:18:59 - mmengine - INFO - Epoch(val) [201][500/781]    eta: 0:00:25  time: 0.0862  data_time: 0.0004  memory: 998  
2025/05/24 07:19:04 - mmengine - INFO - Epoch(val) [201][550/781]    eta: 0:00:20  time: 0.0940  data_time: 0.0005  memory: 998  
2025/05/24 07:19:09 - mmengine - INFO - Epoch(val) [201][600/781]    eta: 0:00:16  time: 0.0947  data_time: 0.0004  memory: 998  
2025/05/24 07:19:13 - mmengine - INFO - Epoch(val) [201][650/781]    eta: 0:00:11  time: 0.0931  data_time: 0.0005  memory: 998  
2025/05/24 07:19:18 - mmengine - INFO - Epoch(val) [201][700/781]    eta: 0:00:07  time: 0.0944  data_time: 0.0005  memory: 998  
2025/05/24 07:19:23 - mmengine - INFO - Epoch(val) [201][750/781]    eta: 0:00:02  time: 0.0945  data_time: 0.0005  memory: 998  
2025/05/24 07:19:26 - mmengine - INFO - Evaluating bbox...
2025/05/24 07:19:30 - mmengine - INFO - 
+------------+-------+--------+--------+-------+-------+-------+
| category   | mAP   | mAP_50 | mAP_75 | mAP_s | mAP_m | mAP_l |
+------------+-------+--------+--------+-------+-------+-------+
| Car        | 0.69  | 0.925  | 0.765  | 0.419 | 0.717 | 0.886 |
| Truck      | 0.649 | 0.887  | 0.719  | 0.387 | 0.65  | 0.842 |
| People     | 0.518 | 0.859  | 0.54   | 0.358 | 0.699 | 0.756 |
| Bus        | 0.725 | 0.918  | 0.787  | 0.398 | 0.691 | 0.838 |
| Lamp       | 0.472 | 0.828  | 0.485  | 0.423 | 0.725 | nan   |
| Motorcycle | 0.451 | 0.734  | 0.445  | 0.114 | 0.654 | 0.81  |
+------------+-------+--------+--------+-------+-------+-------+
2025/05/24 07:19:30 - mmengine - INFO - bbox_mAP_copypaste: 0.584 0.859 0.624 0.350 0.689 0.826
2025/05/24 07:19:30 - mmengine - INFO - Epoch(val) [201][781/781]    coco/Car_precision: 0.6900  coco/Truck_precision: 0.6490  coco/People_precision: 0.5180  coco/Bus_precision: 0.7250  coco/Lamp_precision: 0.4720  coco/Motorcycle_precision: 0.4510  coco/bbox_mAP: 0.5840  coco/bbox_mAP_50: 0.8590  coco/bbox_mAP_75: 0.6240  coco/bbox_mAP_s: 0.3500  coco/bbox_mAP_m: 0.6890  coco/bbox_mAP_l: 0.8260  data_time: 0.0007  time: 0.0912
2025/05/24 07:19:30 - mmengine - INFO - The previous best checkpoint /data/nl/Mamba2Spectral/work_dirs/yolov8_mambatransformer_enhance/best_coco_bbox_mAP_50_epoch_197.pth is removed
2025/05/24 07:19:33 - mmengine - INFO - The best checkpoint with 0.8590 coco/bbox_mAP_50 at 201 epoch is saved to best_coco_bbox_mAP_50_epoch_201.pth.
2025/05/24 07:20:59 - mmengine - INFO - Epoch(train) [202][ 50/420]  base_lr: 1.0000e-02 lr: 5.0500e-03  eta: 1 day, 12:23:58  time: 1.5957  data_time: 0.0507  memory: 10411  grad_norm: 27.2229  loss: 16.5924  loss_cls: 3.2337  loss_bbox: 6.0716  loss_dfl: 7.2871
2025/05/24 07:22:16 - mmengine - INFO - Epoch(train) [202][100/420]  base_lr: 1.0000e-02 lr: 5.0500e-03  eta: 1 day, 12:20:54  time: 1.5556  data_time: 0.0097  memory: 10528  grad_norm: 29.5192  loss: 17.7740  loss_cls: 3.6783  loss_bbox: 6.6517  loss_dfl: 7.4440
2025/05/24 07:23:34 - mmengine - INFO - Epoch(train) [202][150/420]  base_lr: 1.0000e-02 lr: 5.0500e-03  eta: 1 day, 12:18:17  time: 1.5567  data_time: 0.0098  memory: 10432  grad_norm: 29.3358  loss: 18.2814  loss_cls: 3.8075  loss_bbox: 6.9204  loss_dfl: 7.5535
2025/05/24 07:24:52 - mmengine - INFO - Epoch(train) [202][200/420]  base_lr: 1.0000e-02 lr: 5.0500e-03  eta: 1 day, 12:15:31  time: 1.5535  data_time: 0.0099  memory: 10394  grad_norm: 30.8031  loss: 18.1399  loss_cls: 3.7998  loss_bbox: 6.7420  loss_dfl: 7.5981
2025/05/24 07:26:10 - mmengine - INFO - Epoch(train) [202][250/420]  base_lr: 1.0000e-02 lr: 5.0500e-03  eta: 1 day, 12:13:00  time: 1.5538  data_time: 0.0099  memory: 10400  grad_norm: 30.6589  loss: 18.8271  loss_cls: 3.9763  loss_bbox: 7.2579  loss_dfl: 7.5928
2025/05/24 07:27:28 - mmengine - INFO - Epoch(train) [202][300/420]  base_lr: 1.0000e-02 lr: 5.0500e-03  eta: 1 day, 12:11:30  time: 1.5626  data_time: 0.0100  memory: 10405  grad_norm: 31.9672  loss: 18.7280  loss_cls: 4.0073  loss_bbox: 7.0487  loss_dfl: 7.6719
2025/05/24 07:28:46 - mmengine - INFO - Epoch(train) [202][350/420]  base_lr: 1.0000e-02 lr: 5.0500e-03  eta: 1 day, 12:10:32  time: 1.5684  data_time: 0.0091  memory: 10522  grad_norm: 26.2185  loss: 18.6506  loss_cls: 3.9508  loss_bbox: 7.1188  loss_dfl: 7.5811
2025/05/24 07:30:04 - mmengine - INFO - Epoch(train) [202][400/420]  base_lr: 1.0000e-02 lr: 5.0500e-03  eta: 1 day, 12:08:32  time: 1.5564  data_time: 0.0080  memory: 10378  grad_norm: 27.0912  loss: 18.3854  loss_cls: 3.8594  loss_bbox: 6.9630  loss_dfl: 7.5630
2025/05/24 07:30:35 - mmengine - INFO - Exp name: yolov8_mambatransformer_enhance_20250524_070703
2025/05/24 07:30:35 - mmengine - INFO - Saving checkpoint at 202 epochs
2025/05/24 07:30:43 - mmengine - INFO - Epoch(val) [202][ 50/781]    eta: 0:00:56  time: 0.0769  data_time: 0.0017  memory: 10394  
2025/05/24 07:30:47 - mmengine - INFO - Epoch(val) [202][100/781]    eta: 0:00:51  time: 0.0751  data_time: 0.0004  memory: 1000  
2025/05/24 07:30:50 - mmengine - INFO - Epoch(val) [202][150/781]    eta: 0:00:47  time: 0.0748  data_time: 0.0004  memory: 1000  
2025/05/24 07:30:54 - mmengine - INFO - Epoch(val) [202][200/781]    eta: 0:00:43  time: 0.0748  data_time: 0.0004  memory: 1000  
2025/05/24 07:30:58 - mmengine - INFO - Epoch(val) [202][250/781]    eta: 0:00:39  time: 0.0748  data_time: 0.0004  memory: 1000  
2025/05/24 07:31:02 - mmengine - INFO - Epoch(val) [202][300/781]    eta: 0:00:36  time: 0.0757  data_time: 0.0004  memory: 1000  
2025/05/24 07:31:05 - mmengine - INFO - Epoch(val) [202][350/781]    eta: 0:00:32  time: 0.0760  data_time: 0.0004  memory: 1000  
2025/05/24 07:31:10 - mmengine - INFO - Epoch(val) [202][400/781]    eta: 0:00:29  time: 0.0901  data_time: 0.0005  memory: 1000  
2025/05/24 07:31:14 - mmengine - INFO - Epoch(val) [202][450/781]    eta: 0:00:25  time: 0.0759  data_time: 0.0004  memory: 1000  
2025/05/24 07:31:18 - mmengine - INFO - Epoch(val) [202][500/781]    eta: 0:00:21  time: 0.0750  data_time: 0.0004  memory: 1000  
2025/05/24 07:31:21 - mmengine - INFO - Epoch(val) [202][550/781]    eta: 0:00:17  time: 0.0752  data_time: 0.0005  memory: 1000  
2025/05/24 07:31:25 - mmengine - INFO - Epoch(val) [202][600/781]    eta: 0:00:13  time: 0.0754  data_time: 0.0004  memory: 1000  
2025/05/24 07:31:29 - mmengine - INFO - Epoch(val) [202][650/781]    eta: 0:00:10  time: 0.0794  data_time: 0.0004  memory: 1000  
2025/05/24 07:31:33 - mmengine - INFO - Epoch(val) [202][700/781]    eta: 0:00:06  time: 0.0724  data_time: 0.0004  memory: 1000  
2025/05/24 07:31:37 - mmengine - INFO - Epoch(val) [202][750/781]    eta: 0:00:02  time: 0.0772  data_time: 0.0005  memory: 1000  
2025/05/24 07:31:40 - mmengine - INFO - Evaluating bbox...
2025/05/24 07:31:44 - mmengine - INFO - 
+------------+-------+--------+--------+-------+-------+-------+
| category   | mAP   | mAP_50 | mAP_75 | mAP_s | mAP_m | mAP_l |
+------------+-------+--------+--------+-------+-------+-------+
| Car        | 0.69  | 0.925  | 0.766  | 0.42  | 0.717 | 0.886 |
| Truck      | 0.648 | 0.888  | 0.72   | 0.383 | 0.648 | 0.843 |
| People     | 0.518 | 0.859  | 0.537  | 0.359 | 0.699 | 0.758 |
| Bus        | 0.725 | 0.918  | 0.787  | 0.398 | 0.692 | 0.838 |
| Lamp       | 0.473 | 0.83   | 0.482  | 0.423 | 0.725 | nan   |
| Motorcycle | 0.451 | 0.735  | 0.448  | 0.112 | 0.655 | 0.81  |
+------------+-------+--------+--------+-------+-------+-------+
2025/05/24 07:31:44 - mmengine - INFO - bbox_mAP_copypaste: 0.584 0.859 0.623 0.349 0.690 0.827
2025/05/24 07:31:44 - mmengine - INFO - Epoch(val) [202][781/781]    coco/Car_precision: 0.6900  coco/Truck_precision: 0.6480  coco/People_precision: 0.5180  coco/Bus_precision: 0.7250  coco/Lamp_precision: 0.4730  coco/Motorcycle_precision: 0.4510  coco/bbox_mAP: 0.5840  coco/bbox_mAP_50: 0.8590  coco/bbox_mAP_75: 0.6230  coco/bbox_mAP_s: 0.3490  coco/bbox_mAP_m: 0.6900  coco/bbox_mAP_l: 0.8270  data_time: 0.0005  time: 0.0771
2025/05/24 07:33:03 - mmengine - INFO - Epoch(train) [203][ 50/420]  base_lr: 1.0000e-02 lr: 5.0253e-03  eta: 1 day, 12:08:27  time: 1.5934  data_time: 0.0486  memory: 10411  grad_norm: 27.1528  loss: 18.4991  loss_cls: 3.9079  loss_bbox: 7.0413  loss_dfl: 7.5500
2025/05/24 07:34:21 - mmengine - INFO - Epoch(train) [203][100/420]  base_lr: 1.0000e-02 lr: 5.0253e-03  eta: 1 day, 12:06:02  time: 1.5503  data_time: 0.0077  memory: 10474  grad_norm: 28.4049  loss: 18.7256  loss_cls: 3.9317  loss_bbox: 7.1448  loss_dfl: 7.6491
2025/05/24 07:35:38 - mmengine - INFO - Epoch(train) [203][150/420]  base_lr: 1.0000e-02 lr: 5.0253e-03  eta: 1 day, 12:03:30  time: 1.5470  data_time: 0.0075  memory: 10411  grad_norm: 27.8096  loss: 18.7252  loss_cls: 4.0042  loss_bbox: 7.1495  loss_dfl: 7.5715
2025/05/24 07:35:54 - mmengine - INFO - Exp name: yolov8_mambatransformer_enhance_20250524_070703
2025/05/24 07:36:56 - mmengine - INFO - Epoch(train) [203][200/420]  base_lr: 1.0000e-02 lr: 5.0253e-03  eta: 1 day, 12:01:29  time: 1.5531  data_time: 0.0074  memory: 10437  grad_norm: 28.6123  loss: 18.8874  loss_cls: 3.9588  loss_bbox: 7.2126  loss_dfl: 7.7160
2025/05/24 07:38:14 - mmengine - INFO - Epoch(train) [203][250/420]  base_lr: 1.0000e-02 lr: 5.0253e-03  eta: 1 day, 12:00:00  time: 1.5604  data_time: 0.0075  memory: 10432  grad_norm: 27.6796  loss: 18.6197  loss_cls: 3.9480  loss_bbox: 7.0094  loss_dfl: 7.6622
2025/05/24 07:39:32 - mmengine - INFO - Epoch(train) [203][300/420]  base_lr: 1.0000e-02 lr: 5.0253e-03  eta: 1 day, 11:58:23  time: 1.5581  data_time: 0.0076  memory: 10394  grad_norm: 28.2382  loss: 19.1361  loss_cls: 4.0563  loss_bbox: 7.3730  loss_dfl: 7.7068
2025/05/24 07:40:50 - mmengine - INFO - Epoch(train) [203][350/420]  base_lr: 1.0000e-02 lr: 5.0253e-03  eta: 1 day, 11:56:26  time: 1.5516  data_time: 0.0076  memory: 10389  grad_norm: 27.0279  loss: 19.0667  loss_cls: 4.0815  loss_bbox: 7.3413  loss_dfl: 7.6439
2025/05/24 07:42:07 - mmengine - INFO - Epoch(train) [203][400/420]  base_lr: 1.0000e-02 lr: 5.0253e-03  eta: 1 day, 11:54:34  time: 1.5523  data_time: 0.0076  memory: 10437  grad_norm: 26.6895  loss: 18.9312  loss_cls: 3.9951  loss_bbox: 7.3006  loss_dfl: 7.6354
2025/05/24 07:42:38 - mmengine - INFO - Exp name: yolov8_mambatransformer_enhance_20250524_070703
2025/05/24 07:42:38 - mmengine - INFO - Saving checkpoint at 203 epochs
2025/05/24 07:42:47 - mmengine - INFO - Epoch(val) [203][ 50/781]    eta: 0:01:09  time: 0.0954  data_time: 0.0028  memory: 10384  
2025/05/24 07:42:52 - mmengine - INFO - Epoch(val) [203][100/781]    eta: 0:01:04  time: 0.0937  data_time: 0.0004  memory: 1000  
2025/05/24 07:42:56 - mmengine - INFO - Epoch(val) [203][150/781]    eta: 0:00:59  time: 0.0926  data_time: 0.0004  memory: 1000  
2025/05/24 07:43:01 - mmengine - INFO - Epoch(val) [203][200/781]    eta: 0:00:54  time: 0.0921  data_time: 0.0004  memory: 1000  
2025/05/24 07:43:06 - mmengine - INFO - Epoch(val) [203][250/781]    eta: 0:00:49  time: 0.0925  data_time: 0.0004  memory: 1000  
2025/05/24 07:43:10 - mmengine - INFO - Epoch(val) [203][300/781]    eta: 0:00:44  time: 0.0921  data_time: 0.0004  memory: 1000  
2025/05/24 07:43:15 - mmengine - INFO - Epoch(val) [203][350/781]    eta: 0:00:40  time: 0.0921  data_time: 0.0004  memory: 1000  
2025/05/24 07:43:19 - mmengine - INFO - Epoch(val) [203][400/781]    eta: 0:00:35  time: 0.0919  data_time: 0.0004  memory: 1000  
2025/05/24 07:43:24 - mmengine - INFO - Epoch(val) [203][450/781]    eta: 0:00:30  time: 0.0919  data_time: 0.0004  memory: 1000  
2025/05/24 07:43:29 - mmengine - INFO - Epoch(val) [203][500/781]    eta: 0:00:26  time: 0.0921  data_time: 0.0004  memory: 1000  
2025/05/24 07:43:33 - mmengine - INFO - Epoch(val) [203][550/781]    eta: 0:00:21  time: 0.0923  data_time: 0.0004  memory: 1000  
2025/05/24 07:43:38 - mmengine - INFO - Epoch(val) [203][600/781]    eta: 0:00:16  time: 0.0918  data_time: 0.0004  memory: 1000  
2025/05/24 07:43:43 - mmengine - INFO - Epoch(val) [203][650/781]    eta: 0:00:12  time: 0.0921  data_time: 0.0005  memory: 1000  
2025/05/24 07:43:47 - mmengine - INFO - Epoch(val) [203][700/781]    eta: 0:00:07  time: 0.0922  data_time: 0.0005  memory: 1000  
2025/05/24 07:43:52 - mmengine - INFO - Epoch(val) [203][750/781]    eta: 0:00:02  time: 0.0917  data_time: 0.0004  memory: 1000  
2025/05/24 07:43:55 - mmengine - INFO - Evaluating bbox...
2025/05/24 07:43:59 - mmengine - INFO - 
+------------+-------+--------+--------+-------+-------+-------+
| category   | mAP   | mAP_50 | mAP_75 | mAP_s | mAP_m | mAP_l |
+------------+-------+--------+--------+-------+-------+-------+
| Car        | 0.69  | 0.925  | 0.769  | 0.42  | 0.718 | 0.887 |
| Truck      | 0.65  | 0.888  | 0.726  | 0.385 | 0.654 | 0.839 |
| People     | 0.519 | 0.86   | 0.537  | 0.359 | 0.7   | 0.76  |
| Bus        | 0.725 | 0.918  | 0.79   | 0.402 | 0.694 | 0.838 |
| Lamp       | 0.472 | 0.827  | 0.48   | 0.422 | 0.727 | nan   |
| Motorcycle | 0.452 | 0.728  | 0.449  | 0.107 | 0.659 | 0.81  |
+------------+-------+--------+--------+-------+-------+-------+
2025/05/24 07:43:59 - mmengine - INFO - bbox_mAP_copypaste: 0.585 0.858 0.625 0.349 0.692 0.827
2025/05/24 07:43:59 - mmengine - INFO - Epoch(val) [203][781/781]    coco/Car_precision: 0.6900  coco/Truck_precision: 0.6500  coco/People_precision: 0.5190  coco/Bus_precision: 0.7250  coco/Lamp_precision: 0.4720  coco/Motorcycle_precision: 0.4520  coco/bbox_mAP: 0.5850  coco/bbox_mAP_50: 0.8580  coco/bbox_mAP_75: 0.6250  coco/bbox_mAP_s: 0.3490  coco/bbox_mAP_m: 0.6920  coco/bbox_mAP_l: 0.8270  data_time: 0.0006  time: 0.0924
2025/05/24 07:45:18 - mmengine - INFO - Epoch(train) [204][ 50/420]  base_lr: 1.0000e-02 lr: 5.0005e-03  eta: 1 day, 11:53:57  time: 1.5902  data_time: 0.0448  memory: 10458  grad_norm: 29.1828  loss: 19.4383  loss_cls: 4.1456  loss_bbox: 7.4940  loss_dfl: 7.7986
2025/05/24 07:46:36 - mmengine - INFO - Epoch(train) [204][100/420]  base_lr: 1.0000e-02 lr: 5.0005e-03  eta: 1 day, 11:52:07  time: 1.5525  data_time: 0.0075  memory: 10469  grad_norm: 26.6989  loss: 18.8576  loss_cls: 4.0381  loss_bbox: 7.2383  loss_dfl: 7.5811
2025/05/24 07:47:54 - mmengine - INFO - Epoch(train) [204][150/420]  base_lr: 1.0000e-02 lr: 5.0005e-03  eta: 1 day, 11:50:21  time: 1.5529  data_time: 0.0076  memory: 10512  grad_norm: 27.4008  loss: 18.9458  loss_cls: 4.0265  loss_bbox: 7.2310  loss_dfl: 7.6882
2025/05/24 07:49:11 - mmengine - INFO - Epoch(train) [204][200/420]  base_lr: 1.0000e-02 lr: 5.0005e-03  eta: 1 day, 11:48:34  time: 1.5522  data_time: 0.0075  memory: 10448  grad_norm: 26.3989  loss: 19.0995  loss_cls: 4.0760  loss_bbox: 7.2774  loss_dfl: 7.7461
2025/05/24 07:50:29 - mmengine - INFO - Epoch(train) [204][250/420]  base_lr: 1.0000e-02 lr: 5.0005e-03  eta: 1 day, 11:46:48  time: 1.5514  data_time: 0.0075  memory: 10416  grad_norm: 28.2026  loss: 19.0692  loss_cls: 4.0746  loss_bbox: 7.2590  loss_dfl: 7.7357
2025/05/24 07:51:47 - mmengine - INFO - Epoch(train) [204][300/420]  base_lr: 1.0000e-02 lr: 5.0005e-03  eta: 1 day, 11:45:16  time: 1.5565  data_time: 0.0080  memory: 10464  grad_norm: 26.3481  loss: 19.1721  loss_cls: 4.1204  loss_bbox: 7.4423  loss_dfl: 7.6094
2025/05/24 07:53:05 - mmengine - INFO - Epoch(train) [204][350/420]  base_lr: 1.0000e-02 lr: 5.0005e-03  eta: 1 day, 11:44:12  time: 1.5667  data_time: 0.0089  memory: 10480  grad_norm: 27.4672  loss: 19.2036  loss_cls: 4.1289  loss_bbox: 7.3490  loss_dfl: 7.7258
2025/05/24 07:54:23 - mmengine - INFO - Epoch(train) [204][400/420]  base_lr: 1.0000e-02 lr: 5.0005e-03  eta: 1 day, 11:42:34  time: 1.5536  data_time: 0.0077  memory: 10437  grad_norm: 26.8462  loss: 19.0471  loss_cls: 4.0357  loss_bbox: 7.3501  loss_dfl: 7.6614
2025/05/24 07:54:54 - mmengine - INFO - Exp name: yolov8_mambatransformer_enhance_20250524_070703
2025/05/24 07:54:54 - mmengine - INFO - Saving checkpoint at 204 epochs
2025/05/24 07:55:02 - mmengine - INFO - Epoch(val) [204][ 50/781]    eta: 0:01:09  time: 0.0951  data_time: 0.0023  memory: 10405  
2025/05/24 07:55:07 - mmengine - INFO - Epoch(val) [204][100/781]    eta: 0:01:04  time: 0.0931  data_time: 0.0004  memory: 1000  
2025/05/24 07:55:11 - mmengine - INFO - Epoch(val) [204][150/781]    eta: 0:00:59  time: 0.0932  data_time: 0.0004  memory: 1000  
2025/05/24 07:55:15 - mmengine - INFO - Epoch(val) [204][200/781]    eta: 0:00:52  time: 0.0794  data_time: 0.0004  memory: 1000  
2025/05/24 07:55:20 - mmengine - INFO - Epoch(val) [204][250/781]    eta: 0:00:48  time: 0.0922  data_time: 0.0004  memory: 1000  
2025/05/24 07:55:25 - mmengine - INFO - Epoch(val) [204][300/781]    eta: 0:00:43  time: 0.0924  data_time: 0.0004  memory: 1000  
2025/05/24 07:55:29 - mmengine - INFO - Epoch(val) [204][350/781]    eta: 0:00:39  time: 0.0919  data_time: 0.0004  memory: 1000  
2025/05/24 07:55:34 - mmengine - INFO - Epoch(val) [204][400/781]    eta: 0:00:34  time: 0.0922  data_time: 0.0004  memory: 1000  
2025/05/24 07:55:39 - mmengine - INFO - Epoch(val) [204][450/781]    eta: 0:00:30  time: 0.0926  data_time: 0.0004  memory: 1000  
2025/05/24 07:55:43 - mmengine - INFO - Epoch(val) [204][500/781]    eta: 0:00:25  time: 0.0918  data_time: 0.0004  memory: 1000  
2025/05/24 07:55:48 - mmengine - INFO - Epoch(val) [204][550/781]    eta: 0:00:21  time: 0.0922  data_time: 0.0004  memory: 1000  
2025/05/24 07:55:53 - mmengine - INFO - Epoch(val) [204][600/781]    eta: 0:00:16  time: 0.0922  data_time: 0.0004  memory: 1000  
2025/05/24 07:55:57 - mmengine - INFO - Epoch(val) [204][650/781]    eta: 0:00:11  time: 0.0921  data_time: 0.0004  memory: 1000  
2025/05/24 07:56:02 - mmengine - INFO - Epoch(val) [204][700/781]    eta: 0:00:07  time: 0.0924  data_time: 0.0004  memory: 1000  
2025/05/24 07:56:06 - mmengine - INFO - Epoch(val) [204][750/781]    eta: 0:00:02  time: 0.0925  data_time: 0.0004  memory: 1000  
2025/05/24 07:56:10 - mmengine - INFO - Evaluating bbox...
2025/05/24 07:56:13 - mmengine - INFO - 
+------------+-------+--------+--------+-------+-------+-------+
| category   | mAP   | mAP_50 | mAP_75 | mAP_s | mAP_m | mAP_l |
+------------+-------+--------+--------+-------+-------+-------+
| Car        | 0.69  | 0.925  | 0.769  | 0.421 | 0.718 | 0.886 |
| Truck      | 0.648 | 0.885  | 0.707  | 0.386 | 0.652 | 0.841 |
| People     | 0.519 | 0.86   | 0.538  | 0.36  | 0.7   | 0.762 |
| Bus        | 0.723 | 0.918  | 0.788  | 0.399 | 0.694 | 0.835 |
| Lamp       | 0.473 | 0.826  | 0.488  | 0.423 | 0.726 | nan   |
| Motorcycle | 0.447 | 0.729  | 0.461  | 0.108 | 0.651 | 0.791 |
+------------+-------+--------+--------+-------+-------+-------+
2025/05/24 07:56:13 - mmengine - INFO - bbox_mAP_copypaste: 0.583 0.857 0.625 0.349 0.690 0.823
2025/05/24 07:56:13 - mmengine - INFO - Epoch(val) [204][781/781]    coco/Car_precision: 0.6900  coco/Truck_precision: 0.6480  coco/People_precision: 0.5190  coco/Bus_precision: 0.7230  coco/Lamp_precision: 0.4730  coco/Motorcycle_precision: 0.4470  coco/bbox_mAP: 0.5830  coco/bbox_mAP_50: 0.8570  coco/bbox_mAP_75: 0.6250  coco/bbox_mAP_s: 0.3490  coco/bbox_mAP_m: 0.6900  coco/bbox_mAP_l: 0.8230  data_time: 0.0005  time: 0.0917
2025/05/24 07:57:33 - mmengine - INFO - Epoch(train) [205][ 50/420]  base_lr: 1.0000e-02 lr: 4.9758e-03  eta: 1 day, 11:41:50  time: 1.5932  data_time: 0.0487  memory: 10411  grad_norm: 25.8887  loss: 19.1357  loss_cls: 4.0895  loss_bbox: 7.3439  loss_dfl: 7.7023
2025/05/24 07:58:51 - mmengine - INFO - Epoch(train) [205][100/420]  base_lr: 1.0000e-02 lr: 4.9758e-03  eta: 1 day, 11:40:04  time: 1.5498  data_time: 0.0074  memory: 10426  grad_norm: 25.1115  loss: 19.2945  loss_cls: 4.0539  loss_bbox: 7.5052  loss_dfl: 7.7354
2025/05/24 08:00:08 - mmengine - INFO - Epoch(train) [205][150/420]  base_lr: 1.0000e-02 lr: 4.9758e-03  eta: 1 day, 11:38:27  time: 1.5530  data_time: 0.0074  memory: 10453  grad_norm: 24.7231  loss: 18.9208  loss_cls: 4.0440  loss_bbox: 7.2695  loss_dfl: 7.6073
2025/05/24 08:01:26 - mmengine - INFO - Epoch(train) [205][200/420]  base_lr: 1.0000e-02 lr: 4.9758e-03  eta: 1 day, 11:36:42  time: 1.5492  data_time: 0.0075  memory: 10464  grad_norm: 26.5009  loss: 19.4483  loss_cls: 4.2010  loss_bbox: 7.4701  loss_dfl: 7.7772
2025/05/24 08:02:43 - mmengine - INFO - Epoch(train) [205][250/420]  base_lr: 1.0000e-02 lr: 4.9758e-03  eta: 1 day, 11:34:59  time: 1.5496  data_time: 0.0075  memory: 10501  grad_norm: 23.9230  loss: 18.7254  loss_cls: 3.9689  loss_bbox: 7.1324  loss_dfl: 7.6241
2025/05/24 08:04:01 - mmengine - INFO - Epoch(train) [205][300/420]  base_lr: 1.0000e-02 lr: 4.9758e-03  eta: 1 day, 11:33:20  time: 1.5507  data_time: 0.0075  memory: 10448  grad_norm: 26.8084  loss: 19.1852  loss_cls: 4.0780  loss_bbox: 7.3939  loss_dfl: 7.7133
2025/05/24 08:04:32 - mmengine - INFO - Exp name: yolov8_mambatransformer_enhance_20250524_070703
2025/05/24 08:05:18 - mmengine - INFO - Epoch(train) [205][350/420]  base_lr: 1.0000e-02 lr: 4.9758e-03  eta: 1 day, 11:31:19  time: 1.5393  data_time: 0.0072  memory: 10485  grad_norm: 26.3682  loss: 19.4668  loss_cls: 4.2420  loss_bbox: 7.4914  loss_dfl: 7.7334
2025/05/24 08:06:35 - mmengine - INFO - Epoch(train) [205][400/420]  base_lr: 1.0000e-02 lr: 4.9758e-03  eta: 1 day, 11:29:38  time: 1.5485  data_time: 0.0074  memory: 10442  grad_norm: 25.9980  loss: 19.1604  loss_cls: 4.0488  loss_bbox: 7.4292  loss_dfl: 7.6825
2025/05/24 08:07:06 - mmengine - INFO - Exp name: yolov8_mambatransformer_enhance_20250524_070703
2025/05/24 08:07:06 - mmengine - INFO - Saving checkpoint at 205 epochs
2025/05/24 08:07:14 - mmengine - INFO - Epoch(val) [205][ 50/781]    eta: 0:00:58  time: 0.0797  data_time: 0.0022  memory: 10411  
2025/05/24 08:07:18 - mmengine - INFO - Epoch(val) [205][100/781]    eta: 0:00:52  time: 0.0746  data_time: 0.0004  memory: 1000  
2025/05/24 08:07:21 - mmengine - INFO - Epoch(val) [205][150/781]    eta: 0:00:48  time: 0.0752  data_time: 0.0004  memory: 1000  
2025/05/24 08:07:25 - mmengine - INFO - Epoch(val) [205][200/781]    eta: 0:00:44  time: 0.0785  data_time: 0.0004  memory: 1000  
2025/05/24 08:07:29 - mmengine - INFO - Epoch(val) [205][250/781]    eta: 0:00:40  time: 0.0770  data_time: 0.0004  memory: 1000  
2025/05/24 08:07:34 - mmengine - INFO - Epoch(val) [205][300/781]    eta: 0:00:38  time: 0.0911  data_time: 0.0004  memory: 1000  
2025/05/24 08:07:38 - mmengine - INFO - Epoch(val) [205][350/781]    eta: 0:00:34  time: 0.0914  data_time: 0.0004  memory: 1000  
2025/05/24 08:07:43 - mmengine - INFO - Epoch(val) [205][400/781]    eta: 0:00:31  time: 0.0911  data_time: 0.0004  memory: 1000  
2025/05/24 08:07:47 - mmengine - INFO - Epoch(val) [205][450/781]    eta: 0:00:27  time: 0.0913  data_time: 0.0004  memory: 1000  
2025/05/24 08:07:52 - mmengine - INFO - Epoch(val) [205][500/781]    eta: 0:00:23  time: 0.0915  data_time: 0.0004  memory: 1000  
2025/05/24 08:07:57 - mmengine - INFO - Epoch(val) [205][550/781]    eta: 0:00:19  time: 0.0913  data_time: 0.0004  memory: 1000  
2025/05/24 08:08:01 - mmengine - INFO - Epoch(val) [205][600/781]    eta: 0:00:15  time: 0.0914  data_time: 0.0004  memory: 1000  
2025/05/24 08:08:06 - mmengine - INFO - Epoch(val) [205][650/781]    eta: 0:00:11  time: 0.0918  data_time: 0.0004  memory: 1000  
2025/05/24 08:08:11 - mmengine - INFO - Epoch(val) [205][700/781]    eta: 0:00:06  time: 0.0918  data_time: 0.0004  memory: 1000  
2025/05/24 08:08:15 - mmengine - INFO - Epoch(val) [205][750/781]    eta: 0:00:02  time: 0.0917  data_time: 0.0004  memory: 1000  
2025/05/24 08:08:18 - mmengine - INFO - Evaluating bbox...
2025/05/24 08:08:22 - mmengine - INFO - 
+------------+-------+--------+--------+-------+-------+-------+
| category   | mAP   | mAP_50 | mAP_75 | mAP_s | mAP_m | mAP_l |
+------------+-------+--------+--------+-------+-------+-------+
| Car        | 0.69  | 0.925  | 0.769  | 0.419 | 0.718 | 0.887 |
| Truck      | 0.648 | 0.885  | 0.707  | 0.379 | 0.653 | 0.84  |
| People     | 0.519 | 0.86   | 0.537  | 0.359 | 0.7   | 0.762 |
| Bus        | 0.726 | 0.918  | 0.796  | 0.39  | 0.696 | 0.842 |
| Lamp       | 0.471 | 0.822  | 0.488  | 0.421 | 0.725 | nan   |
| Motorcycle | 0.445 | 0.728  | 0.461  | 0.107 | 0.647 | 0.791 |
+------------+-------+--------+--------+-------+-------+-------+
2025/05/24 08:08:22 - mmengine - INFO - bbox_mAP_copypaste: 0.583 0.856 0.626 0.346 0.690 0.824
2025/05/24 08:08:22 - mmengine - INFO - Epoch(val) [205][781/781]    coco/Car_precision: 0.6900  coco/Truck_precision: 0.6480  coco/People_precision: 0.5190  coco/Bus_precision: 0.7260  coco/Lamp_precision: 0.4710  coco/Motorcycle_precision: 0.4450  coco/bbox_mAP: 0.5830  coco/bbox_mAP_50: 0.8560  coco/bbox_mAP_75: 0.6260  coco/bbox_mAP_s: 0.3460  coco/bbox_mAP_m: 0.6900  coco/bbox_mAP_l: 0.8240  data_time: 0.0005  time: 0.0868
2025/05/24 08:09:42 - mmengine - INFO - Epoch(train) [206][ 50/420]  base_lr: 1.0000e-02 lr: 4.9510e-03  eta: 1 day, 11:28:42  time: 1.5924  data_time: 0.0455  memory: 10474  grad_norm: 25.7424  loss: 19.2764  loss_cls: 4.1380  loss_bbox: 7.3812  loss_dfl: 7.7572
2025/05/24 08:10:59 - mmengine - INFO - Epoch(train) [206][100/420]  base_lr: 1.0000e-02 lr: 4.9510e-03  eta: 1 day, 11:27:10  time: 1.5531  data_time: 0.0075  memory: 10517  grad_norm: 25.7896  loss: 19.2574  loss_cls: 4.1516  loss_bbox: 7.4393  loss_dfl: 7.6665
2025/05/24 08:12:17 - mmengine - INFO - Epoch(train) [206][150/420]  base_lr: 1.0000e-02 lr: 4.9510e-03  eta: 1 day, 11:25:34  time: 1.5505  data_time: 0.0075  memory: 10373  grad_norm: 25.7230  loss: 19.0999  loss_cls: 4.1130  loss_bbox: 7.2823  loss_dfl: 7.7046
2025/05/24 08:13:35 - mmengine - INFO - Epoch(train) [206][200/420]  base_lr: 1.0000e-02 lr: 4.9510e-03  eta: 1 day, 11:23:58  time: 1.5498  data_time: 0.0075  memory: 10437  grad_norm: 25.0029  loss: 18.9349  loss_cls: 4.0824  loss_bbox: 7.2414  loss_dfl: 7.6111
2025/05/24 08:14:52 - mmengine - INFO - Epoch(train) [206][250/420]  base_lr: 1.0000e-02 lr: 4.9510e-03  eta: 1 day, 11:22:24  time: 1.5503  data_time: 0.0075  memory: 10442  grad_norm: 24.5413  loss: 19.2010  loss_cls: 4.1235  loss_bbox: 7.3380  loss_dfl: 7.7396
2025/05/24 08:16:10 - mmengine - INFO - Epoch(train) [206][300/420]  base_lr: 1.0000e-02 lr: 4.9510e-03  eta: 1 day, 11:21:14  time: 1.5644  data_time: 0.0086  memory: 10389  grad_norm: 25.5630  loss: 19.1345  loss_cls: 4.0319  loss_bbox: 7.3290  loss_dfl: 7.7735
2025/05/24 08:17:28 - mmengine - INFO - Epoch(train) [206][350/420]  base_lr: 1.0000e-02 lr: 4.9510e-03  eta: 1 day, 11:19:53  time: 1.5581  data_time: 0.0080  memory: 10453  grad_norm: 24.8495  loss: 19.0537  loss_cls: 4.0667  loss_bbox: 7.2485  loss_dfl: 7.7385
2025/05/24 08:18:46 - mmengine - INFO - Epoch(train) [206][400/420]  base_lr: 1.0000e-02 lr: 4.9510e-03  eta: 1 day, 11:18:27  time: 1.5548  data_time: 0.0075  memory: 10368  grad_norm: 26.3428  loss: 19.2899  loss_cls: 4.0743  loss_bbox: 7.4326  loss_dfl: 7.7830
2025/05/24 08:19:17 - mmengine - INFO - Exp name: yolov8_mambatransformer_enhance_20250524_070703
2025/05/24 08:19:17 - mmengine - INFO - Saving checkpoint at 206 epochs
2025/05/24 08:19:25 - mmengine - INFO - Epoch(val) [206][ 50/781]    eta: 0:00:59  time: 0.0815  data_time: 0.0022  memory: 10400  
2025/05/24 08:19:28 - mmengine - INFO - Epoch(val) [206][100/781]    eta: 0:00:53  time: 0.0749  data_time: 0.0005  memory: 1000  
2025/05/24 08:19:32 - mmengine - INFO - Epoch(val) [206][150/781]    eta: 0:00:48  time: 0.0744  data_time: 0.0004  memory: 1000  
2025/05/24 08:19:36 - mmengine - INFO - Epoch(val) [206][200/781]    eta: 0:00:44  time: 0.0741  data_time: 0.0004  memory: 1000  
2025/05/24 08:19:40 - mmengine - INFO - Epoch(val) [206][250/781]    eta: 0:00:40  time: 0.0742  data_time: 0.0004  memory: 1000  
2025/05/24 08:19:43 - mmengine - INFO - Epoch(val) [206][300/781]    eta: 0:00:36  time: 0.0749  data_time: 0.0004  memory: 1000  
2025/05/24 08:19:47 - mmengine - INFO - Epoch(val) [206][350/781]    eta: 0:00:32  time: 0.0756  data_time: 0.0004  memory: 1000  
2025/05/24 08:19:52 - mmengine - INFO - Epoch(val) [206][400/781]    eta: 0:00:29  time: 0.0909  data_time: 0.0004  memory: 1000  
2025/05/24 08:19:56 - mmengine - INFO - Epoch(val) [206][450/781]    eta: 0:00:26  time: 0.0920  data_time: 0.0004  memory: 1000  
2025/05/24 08:20:01 - mmengine - INFO - Epoch(val) [206][500/781]    eta: 0:00:22  time: 0.0917  data_time: 0.0004  memory: 1000  
2025/05/24 08:20:06 - mmengine - INFO - Epoch(val) [206][550/781]    eta: 0:00:18  time: 0.0916  data_time: 0.0004  memory: 1000  
2025/05/24 08:20:10 - mmengine - INFO - Epoch(val) [206][600/781]    eta: 0:00:14  time: 0.0917  data_time: 0.0004  memory: 1000  
2025/05/24 08:20:15 - mmengine - INFO - Epoch(val) [206][650/781]    eta: 0:00:10  time: 0.0915  data_time: 0.0004  memory: 1000  
2025/05/24 08:20:19 - mmengine - INFO - Epoch(val) [206][700/781]    eta: 0:00:06  time: 0.0915  data_time: 0.0004  memory: 1000  
2025/05/24 08:20:24 - mmengine - INFO - Epoch(val) [206][750/781]    eta: 0:00:02  time: 0.0916  data_time: 0.0004  memory: 1000  
2025/05/24 08:20:27 - mmengine - INFO - Evaluating bbox...
2025/05/24 08:20:31 - mmengine - INFO - 
+------------+-------+--------+--------+-------+-------+-------+
| category   | mAP   | mAP_50 | mAP_75 | mAP_s | mAP_m | mAP_l |
+------------+-------+--------+--------+-------+-------+-------+
| Car        | 0.691 | 0.925  | 0.769  | 0.42  | 0.72  | 0.887 |
| Truck      | 0.647 | 0.887  | 0.708  | 0.38  | 0.654 | 0.834 |
| People     | 0.519 | 0.86   | 0.538  | 0.358 | 0.701 | 0.76  |
| Bus        | 0.725 | 0.917  | 0.802  | 0.386 | 0.692 | 0.843 |
| Lamp       | 0.469 | 0.823  | 0.485  | 0.421 | 0.72  | nan   |
| Motorcycle | 0.446 | 0.728  | 0.462  | 0.108 | 0.65  | 0.791 |
+------------+-------+--------+--------+-------+-------+-------+
2025/05/24 08:20:31 - mmengine - INFO - bbox_mAP_copypaste: 0.583 0.857 0.628 0.345 0.689 0.823
2025/05/24 08:20:31 - mmengine - INFO - Epoch(val) [206][781/781]    coco/Car_precision: 0.6910  coco/Truck_precision: 0.6470  coco/People_precision: 0.5190  coco/Bus_precision: 0.7250  coco/Lamp_precision: 0.4690  coco/Motorcycle_precision: 0.4460  coco/bbox_mAP: 0.5830  coco/bbox_mAP_50: 0.8570  coco/bbox_mAP_75: 0.6280  coco/bbox_mAP_s: 0.3450  coco/bbox_mAP_m: 0.6890  coco/bbox_mAP_l: 0.8230  data_time: 0.0005  time: 0.0844
2025/05/24 08:21:51 - mmengine - INFO - Epoch(train) [207][ 50/420]  base_lr: 1.0000e-02 lr: 4.9263e-03  eta: 1 day, 11:17:21  time: 1.5907  data_time: 0.0476  memory: 10442  grad_norm: 24.2101  loss: 19.1182  loss_cls: 4.0440  loss_bbox: 7.3607  loss_dfl: 7.7136
2025/05/24 08:23:08 - mmengine - INFO - Epoch(train) [207][100/420]  base_lr: 1.0000e-02 lr: 4.9263e-03  eta: 1 day, 11:15:48  time: 1.5501  data_time: 0.0077  memory: 10437  grad_norm: 26.7630  loss: 19.6715  loss_cls: 4.3143  loss_bbox: 7.5471  loss_dfl: 7.8101
2025/05/24 08:24:26 - mmengine - INFO - Epoch(train) [207][150/420]  base_lr: 1.0000e-02 lr: 4.9263e-03  eta: 1 day, 11:14:15  time: 1.5502  data_time: 0.0075  memory: 10538  grad_norm: 24.5996  loss: 19.2996  loss_cls: 4.1876  loss_bbox: 7.3672  loss_dfl: 7.7447
2025/05/24 08:25:43 - mmengine - INFO - Epoch(train) [207][200/420]  base_lr: 1.0000e-02 lr: 4.9263e-03  eta: 1 day, 11:12:42  time: 1.5498  data_time: 0.0075  memory: 10432  grad_norm: 24.6044  loss: 19.2699  loss_cls: 4.1474  loss_bbox: 7.3990  loss_dfl: 7.7234
2025/05/24 08:27:01 - mmengine - INFO - Epoch(train) [207][250/420]  base_lr: 1.0000e-02 lr: 4.9263e-03  eta: 1 day, 11:11:10  time: 1.5502  data_time: 0.0075  memory: 10432  grad_norm: 23.9688  loss: 19.0136  loss_cls: 4.0338  loss_bbox: 7.3243  loss_dfl: 7.6556
2025/05/24 08:28:18 - mmengine - INFO - Epoch(train) [207][300/420]  base_lr: 1.0000e-02 lr: 4.9263e-03  eta: 1 day, 11:09:42  time: 1.5523  data_time: 0.0075  memory: 10453  grad_norm: 23.9216  loss: 19.2575  loss_cls: 4.0541  loss_bbox: 7.4677  loss_dfl: 7.7357
2025/05/24 08:29:36 - mmengine - INFO - Epoch(train) [207][350/420]  base_lr: 1.0000e-02 lr: 4.9263e-03  eta: 1 day, 11:08:13  time: 1.5517  data_time: 0.0080  memory: 10432  grad_norm: 24.0907  loss: 18.9695  loss_cls: 4.0131  loss_bbox: 7.2268  loss_dfl: 7.7296
2025/05/24 08:30:54 - mmengine - INFO - Epoch(train) [207][400/420]  base_lr: 1.0000e-02 lr: 4.9263e-03  eta: 1 day, 11:06:56  time: 1.5595  data_time: 0.0075  memory: 10411  grad_norm: 23.5498  loss: 18.6732  loss_cls: 3.9346  loss_bbox: 7.1682  loss_dfl: 7.5704
2025/05/24 08:31:25 - mmengine - INFO - Exp name: yolov8_mambatransformer_enhance_20250524_070703
2025/05/24 08:31:25 - mmengine - INFO - Saving checkpoint at 207 epochs
2025/05/24 08:31:33 - mmengine - INFO - Epoch(val) [207][ 50/781]    eta: 0:01:06  time: 0.0910  data_time: 0.0023  memory: 10442  
2025/05/24 08:31:37 - mmengine - INFO - Epoch(val) [207][100/781]    eta: 0:00:56  time: 0.0749  data_time: 0.0004  memory: 1000  
2025/05/24 08:31:41 - mmengine - INFO - Epoch(val) [207][150/781]    eta: 0:00:50  time: 0.0755  data_time: 0.0005  memory: 1000  
2025/05/24 08:31:45 - mmengine - INFO - Epoch(val) [207][200/781]    eta: 0:00:46  time: 0.0797  data_time: 0.0004  memory: 1000  
2025/05/24 08:31:50 - mmengine - INFO - Epoch(val) [207][250/781]    eta: 0:00:43  time: 0.0921  data_time: 0.0004  memory: 1000  
2025/05/24 08:31:54 - mmengine - INFO - Epoch(val) [207][300/781]    eta: 0:00:40  time: 0.0919  data_time: 0.0004  memory: 1000  
2025/05/24 08:31:59 - mmengine - INFO - Epoch(val) [207][350/781]    eta: 0:00:36  time: 0.0917  data_time: 0.0004  memory: 1000  
2025/05/24 08:32:03 - mmengine - INFO - Epoch(val) [207][400/781]    eta: 0:00:32  time: 0.0921  data_time: 0.0004  memory: 1000  
2025/05/24 08:32:08 - mmengine - INFO - Epoch(val) [207][450/781]    eta: 0:00:28  time: 0.0917  data_time: 0.0004  memory: 1000  
2025/05/24 08:32:12 - mmengine - INFO - Epoch(val) [207][500/781]    eta: 0:00:24  time: 0.0859  data_time: 0.0004  memory: 1000  
2025/05/24 08:32:16 - mmengine - INFO - Epoch(val) [207][550/781]    eta: 0:00:19  time: 0.0753  data_time: 0.0004  memory: 1000  
2025/05/24 08:32:20 - mmengine - INFO - Epoch(val) [207][600/781]    eta: 0:00:15  time: 0.0750  data_time: 0.0004  memory: 1000  
2025/05/24 08:32:24 - mmengine - INFO - Epoch(val) [207][650/781]    eta: 0:00:11  time: 0.0879  data_time: 0.0004  memory: 1000  
2025/05/24 08:32:29 - mmengine - INFO - Epoch(val) [207][700/781]    eta: 0:00:06  time: 0.0919  data_time: 0.0004  memory: 1000  
2025/05/24 08:32:34 - mmengine - INFO - Epoch(val) [207][750/781]    eta: 0:00:02  time: 0.0915  data_time: 0.0004  memory: 1000  
2025/05/24 08:32:37 - mmengine - INFO - Evaluating bbox...
2025/05/24 08:32:41 - mmengine - INFO - 
+------------+-------+--------+--------+-------+-------+-------+
| category   | mAP   | mAP_50 | mAP_75 | mAP_s | mAP_m | mAP_l |
+------------+-------+--------+--------+-------+-------+-------+
| Car        | 0.69  | 0.925  | 0.765  | 0.42  | 0.719 | 0.887 |
| Truck      | 0.649 | 0.89   | 0.712  | 0.379 | 0.656 | 0.835 |
| People     | 0.518 | 0.86   | 0.537  | 0.357 | 0.698 | 0.758 |
| Bus        | 0.723 | 0.917  | 0.801  | 0.388 | 0.692 | 0.839 |
| Lamp       | 0.466 | 0.821  | 0.474  | 0.419 | 0.717 | nan   |
| Motorcycle | 0.443 | 0.728  | 0.461  | 0.106 | 0.647 | 0.791 |
+------------+-------+--------+--------+-------+-------+-------+
2025/05/24 08:32:41 - mmengine - INFO - bbox_mAP_copypaste: 0.582 0.857 0.625 0.345 0.688 0.822
2025/05/24 08:32:41 - mmengine - INFO - Epoch(val) [207][781/781]    coco/Car_precision: 0.6900  coco/Truck_precision: 0.6490  coco/People_precision: 0.5180  coco/Bus_precision: 0.7230  coco/Lamp_precision: 0.4660  coco/Motorcycle_precision: 0.4430  coco/bbox_mAP: 0.5820  coco/bbox_mAP_50: 0.8570  coco/bbox_mAP_75: 0.6250  coco/bbox_mAP_s: 0.3450  coco/bbox_mAP_m: 0.6880  coco/bbox_mAP_l: 0.8220  data_time: 0.0005  time: 0.0861
2025/05/24 08:34:00 - mmengine - INFO - Epoch(train) [208][ 50/420]  base_lr: 1.0000e-02 lr: 4.9015e-03  eta: 1 day, 11:05:43  time: 1.5895  data_time: 0.0459  memory: 10411  grad_norm: 24.4394  loss: 19.2582  loss_cls: 4.1558  loss_bbox: 7.4541  loss_dfl: 7.6483
2025/05/24 08:34:16 - mmengine - INFO - Exp name: yolov8_mambatransformer_enhance_20250524_070703
2025/05/24 08:35:18 - mmengine - INFO - Epoch(train) [208][100/420]  base_lr: 1.0000e-02 lr: 4.9015e-03  eta: 1 day, 11:04:11  time: 1.5495  data_time: 0.0075  memory: 10426  grad_norm: 24.8274  loss: 19.0014  loss_cls: 4.0379  loss_bbox: 7.2827  loss_dfl: 7.6808
2025/05/24 08:36:35 - mmengine - INFO - Epoch(train) [208][150/420]  base_lr: 1.0000e-02 lr: 4.9015e-03  eta: 1 day, 11:02:39  time: 1.5489  data_time: 0.0075  memory: 10400  grad_norm: 23.8091  loss: 19.4227  loss_cls: 4.1450  loss_bbox: 7.5226  loss_dfl: 7.7552
2025/05/24 08:37:53 - mmengine - INFO - Epoch(train) [208][200/420]  base_lr: 1.0000e-02 lr: 4.9015e-03  eta: 1 day, 11:01:10  time: 1.5500  data_time: 0.0075  memory: 10533  grad_norm: 24.9055  loss: 19.2106  loss_cls: 4.0892  loss_bbox: 7.3815  loss_dfl: 7.7399
2025/05/24 08:39:10 - mmengine - INFO - Epoch(train) [208][250/420]  base_lr: 1.0000e-02 lr: 4.9015e-03  eta: 1 day, 10:59:42  time: 1.5519  data_time: 0.0078  memory: 10416  grad_norm: 24.7819  loss: 19.2542  loss_cls: 4.1647  loss_bbox: 7.3607  loss_dfl: 7.7288
2025/05/24 08:40:28 - mmengine - INFO - Epoch(train) [208][300/420]  base_lr: 1.0000e-02 lr: 4.9015e-03  eta: 1 day, 10:58:23  time: 1.5581  data_time: 0.0083  memory: 10421  grad_norm: 25.2394  loss: 19.4088  loss_cls: 4.2311  loss_bbox: 7.4790  loss_dfl: 7.6988
2025/05/24 08:41:46 - mmengine - INFO - Epoch(train) [208][350/420]  base_lr: 1.0000e-02 lr: 4.9015e-03  eta: 1 day, 10:56:57  time: 1.5518  data_time: 0.0076  memory: 10421  grad_norm: 26.4046  loss: 19.3075  loss_cls: 4.2674  loss_bbox: 7.3361  loss_dfl: 7.7039
2025/05/24 08:43:03 - mmengine - INFO - Epoch(train) [208][400/420]  base_lr: 1.0000e-02 lr: 4.9015e-03  eta: 1 day, 10:55:28  time: 1.5501  data_time: 0.0075  memory: 10426  grad_norm: 23.6059  loss: 19.2554  loss_cls: 4.1263  loss_bbox: 7.3340  loss_dfl: 7.7951
2025/05/24 08:43:34 - mmengine - INFO - Exp name: yolov8_mambatransformer_enhance_20250524_070703
2025/05/24 08:43:34 - mmengine - INFO - Saving checkpoint at 208 epochs
2025/05/24 08:43:42 - mmengine - INFO - Epoch(val) [208][ 50/781]    eta: 0:01:05  time: 0.0895  data_time: 0.0022  memory: 10325  
2025/05/24 08:43:46 - mmengine - INFO - Epoch(val) [208][100/781]    eta: 0:00:56  time: 0.0757  data_time: 0.0004  memory: 1000  
2025/05/24 08:43:51 - mmengine - INFO - Epoch(val) [208][150/781]    eta: 0:00:52  time: 0.0857  data_time: 0.0004  memory: 1000  
2025/05/24 08:43:55 - mmengine - INFO - Epoch(val) [208][200/781]    eta: 0:00:49  time: 0.0930  data_time: 0.0005  memory: 1000  
2025/05/24 08:44:00 - mmengine - INFO - Epoch(val) [208][250/781]    eta: 0:00:46  time: 0.0927  data_time: 0.0004  memory: 1000  
2025/05/24 08:44:05 - mmengine - INFO - Epoch(val) [208][300/781]    eta: 0:00:42  time: 0.0921  data_time: 0.0004  memory: 1000  
2025/05/24 08:44:09 - mmengine - INFO - Epoch(val) [208][350/781]    eta: 0:00:38  time: 0.0921  data_time: 0.0004  memory: 1000  
2025/05/24 08:44:14 - mmengine - INFO - Epoch(val) [208][400/781]    eta: 0:00:33  time: 0.0923  data_time: 0.0004  memory: 1000  
2025/05/24 08:44:18 - mmengine - INFO - Epoch(val) [208][450/781]    eta: 0:00:29  time: 0.0892  data_time: 0.0004  memory: 1000  
2025/05/24 08:44:22 - mmengine - INFO - Epoch(val) [208][500/781]    eta: 0:00:24  time: 0.0791  data_time: 0.0004  memory: 1000  
2025/05/24 08:44:27 - mmengine - INFO - Epoch(val) [208][550/781]    eta: 0:00:20  time: 0.0833  data_time: 0.0004  memory: 1000  
2025/05/24 08:44:30 - mmengine - INFO - Epoch(val) [208][600/781]    eta: 0:00:15  time: 0.0738  data_time: 0.0004  memory: 1000  
2025/05/24 08:44:35 - mmengine - INFO - Epoch(val) [208][650/781]    eta: 0:00:11  time: 0.0909  data_time: 0.0004  memory: 1000  
2025/05/24 08:44:39 - mmengine - INFO - Epoch(val) [208][700/781]    eta: 0:00:07  time: 0.0920  data_time: 0.0004  memory: 1000  
2025/05/24 08:44:44 - mmengine - INFO - Epoch(val) [208][750/781]    eta: 0:00:02  time: 0.0919  data_time: 0.0004  memory: 1000  
2025/05/24 08:44:47 - mmengine - INFO - Evaluating bbox...
2025/05/24 08:44:51 - mmengine - INFO - 
+------------+-------+--------+--------+-------+-------+-------+
| category   | mAP   | mAP_50 | mAP_75 | mAP_s | mAP_m | mAP_l |
+------------+-------+--------+--------+-------+-------+-------+
| Car        | 0.692 | 0.925  | 0.768  | 0.421 | 0.719 | 0.887 |
| Truck      | 0.647 | 0.89   | 0.71   | 0.378 | 0.653 | 0.839 |
| People     | 0.517 | 0.858  | 0.534  | 0.357 | 0.699 | 0.755 |
| Bus        | 0.725 | 0.917  | 0.802  | 0.392 | 0.69  | 0.844 |
| Lamp       | 0.469 | 0.821  | 0.481  | 0.42  | 0.722 | nan   |
| Motorcycle | 0.445 | 0.727  | 0.461  | 0.107 | 0.648 | 0.785 |
+------------+-------+--------+--------+-------+-------+-------+
2025/05/24 08:44:51 - mmengine - INFO - bbox_mAP_copypaste: 0.582 0.856 0.626 0.346 0.689 0.822
2025/05/24 08:44:51 - mmengine - INFO - Epoch(val) [208][781/781]    coco/Car_precision: 0.6920  coco/Truck_precision: 0.6470  coco/People_precision: 0.5170  coco/Bus_precision: 0.7250  coco/Lamp_precision: 0.4690  coco/Motorcycle_precision: 0.4450  coco/bbox_mAP: 0.5820  coco/bbox_mAP_50: 0.8560  coco/bbox_mAP_75: 0.6260  coco/bbox_mAP_s: 0.3460  coco/bbox_mAP_m: 0.6890  coco/bbox_mAP_l: 0.8220  data_time: 0.0005  time: 0.0877
2025/05/24 08:46:11 - mmengine - INFO - Epoch(train) [209][ 50/420]  base_lr: 1.0000e-02 lr: 4.8768e-03  eta: 1 day, 10:54:12  time: 1.5912  data_time: 0.0478  memory: 10421  grad_norm: 23.7732  loss: 18.9078  loss_cls: 4.0311  loss_bbox: 7.2043  loss_dfl: 7.6723
2025/05/24 08:47:28 - mmengine - INFO - Epoch(train) [209][100/420]  base_lr: 1.0000e-02 lr: 4.8768e-03  eta: 1 day, 10:52:43  time: 1.5496  data_time: 0.0075  memory: 10528  grad_norm: 24.0818  loss: 19.5042  loss_cls: 4.1758  loss_bbox: 7.4993  loss_dfl: 7.8291
2025/05/24 08:48:46 - mmengine - INFO - Epoch(train) [209][150/420]  base_lr: 1.0000e-02 lr: 4.8768e-03  eta: 1 day, 10:51:16  time: 1.5511  data_time: 0.0076  memory: 10411  grad_norm: 23.1372  loss: 19.1090  loss_cls: 4.0704  loss_bbox: 7.3697  loss_dfl: 7.6689
2025/05/24 08:50:03 - mmengine - INFO - Epoch(train) [209][200/420]  base_lr: 1.0000e-02 lr: 4.8768e-03  eta: 1 day, 10:49:45  time: 1.5475  data_time: 0.0074  memory: 10458  grad_norm: 23.5734  loss: 19.0992  loss_cls: 4.1057  loss_bbox: 7.3302  loss_dfl: 7.6634
2025/05/24 08:51:21 - mmengine - INFO - Epoch(train) [209][250/420]  base_lr: 1.0000e-02 lr: 4.8768e-03  eta: 1 day, 10:48:17  time: 1.5491  data_time: 0.0075  memory: 10437  grad_norm: 26.0039  loss: 19.3595  loss_cls: 4.1290  loss_bbox: 7.4291  loss_dfl: 7.8014
2025/05/24 08:52:38 - mmengine - INFO - Epoch(train) [209][300/420]  base_lr: 1.0000e-02 lr: 4.8768e-03  eta: 1 day, 10:46:48  time: 1.5490  data_time: 0.0074  memory: 10389  grad_norm: 23.7239  loss: 19.1343  loss_cls: 4.0636  loss_bbox: 7.3692  loss_dfl: 7.7015
2025/05/24 08:53:56 - mmengine - INFO - Epoch(train) [209][350/420]  base_lr: 1.0000e-02 lr: 4.8768e-03  eta: 1 day, 10:45:19  time: 1.5484  data_time: 0.0074  memory: 10411  grad_norm: 23.7965  loss: 19.2613  loss_cls: 4.1118  loss_bbox: 7.4391  loss_dfl: 7.7104
2025/05/24 08:55:13 - mmengine - INFO - Epoch(train) [209][400/420]  base_lr: 1.0000e-02 lr: 4.8768e-03  eta: 1 day, 10:43:51  time: 1.5487  data_time: 0.0075  memory: 10421  grad_norm: 24.8511  loss: 19.1491  loss_cls: 4.1058  loss_bbox: 7.2654  loss_dfl: 7.7780
2025/05/24 08:55:44 - mmengine - INFO - Exp name: yolov8_mambatransformer_enhance_20250524_070703
2025/05/24 08:55:44 - mmengine - INFO - Saving checkpoint at 209 epochs
2025/05/24 08:55:52 - mmengine - INFO - Epoch(val) [209][ 50/781]    eta: 0:01:01  time: 0.0840  data_time: 0.0022  memory: 10442  
2025/05/24 08:55:56 - mmengine - INFO - Epoch(val) [209][100/781]    eta: 0:00:56  time: 0.0813  data_time: 0.0004  memory: 1000  
2025/05/24 08:56:01 - mmengine - INFO - Epoch(val) [209][150/781]    eta: 0:00:54  time: 0.0925  data_time: 0.0004  memory: 1000  
2025/05/24 08:56:05 - mmengine - INFO - Epoch(val) [209][200/781]    eta: 0:00:50  time: 0.0927  data_time: 0.0004  memory: 1000  
2025/05/24 08:56:10 - mmengine - INFO - Epoch(val) [209][250/781]    eta: 0:00:46  time: 0.0920  data_time: 0.0004  memory: 1000  
2025/05/24 08:56:14 - mmengine - INFO - Epoch(val) [209][300/781]    eta: 0:00:42  time: 0.0923  data_time: 0.0004  memory: 1000  
2025/05/24 08:56:19 - mmengine - INFO - Epoch(val) [209][350/781]    eta: 0:00:38  time: 0.0920  data_time: 0.0004  memory: 1000  
2025/05/24 08:56:24 - mmengine - INFO - Epoch(val) [209][400/781]    eta: 0:00:34  time: 0.0923  data_time: 0.0004  memory: 1000  
2025/05/24 08:56:28 - mmengine - INFO - Epoch(val) [209][450/781]    eta: 0:00:29  time: 0.0925  data_time: 0.0004  memory: 1000  
2025/05/24 08:56:33 - mmengine - INFO - Epoch(val) [209][500/781]    eta: 0:00:25  time: 0.0926  data_time: 0.0004  memory: 1000  
2025/05/24 08:56:38 - mmengine - INFO - Epoch(val) [209][550/781]    eta: 0:00:20  time: 0.0922  data_time: 0.0004  memory: 1000  
2025/05/24 08:56:42 - mmengine - INFO - Epoch(val) [209][600/781]    eta: 0:00:16  time: 0.0919  data_time: 0.0004  memory: 1000  
2025/05/24 08:56:47 - mmengine - INFO - Epoch(val) [209][650/781]    eta: 0:00:11  time: 0.0919  data_time: 0.0004  memory: 1000  
2025/05/24 08:56:52 - mmengine - INFO - Epoch(val) [209][700/781]    eta: 0:00:07  time: 0.0919  data_time: 0.0004  memory: 1000  
2025/05/24 08:56:56 - mmengine - INFO - Epoch(val) [209][750/781]    eta: 0:00:02  time: 0.0921  data_time: 0.0004  memory: 1000  
2025/05/24 08:57:00 - mmengine - INFO - Evaluating bbox...
2025/05/24 08:57:03 - mmengine - INFO - 
+------------+-------+--------+--------+-------+-------+-------+
| category   | mAP   | mAP_50 | mAP_75 | mAP_s | mAP_m | mAP_l |
+------------+-------+--------+--------+-------+-------+-------+
| Car        | 0.691 | 0.925  | 0.765  | 0.421 | 0.719 | 0.886 |
| Truck      | 0.646 | 0.885  | 0.712  | 0.378 | 0.654 | 0.838 |
| People     | 0.517 | 0.858  | 0.534  | 0.356 | 0.7   | 0.755 |
| Bus        | 0.724 | 0.917  | 0.808  | 0.39  | 0.691 | 0.841 |
| Lamp       | 0.467 | 0.822  | 0.473  | 0.418 | 0.723 | nan   |
| Motorcycle | 0.444 | 0.727  | 0.457  | 0.107 | 0.648 | 0.785 |
+------------+-------+--------+--------+-------+-------+-------+
2025/05/24 08:57:03 - mmengine - INFO - bbox_mAP_copypaste: 0.581 0.856 0.625 0.345 0.689 0.821
2025/05/24 08:57:03 - mmengine - INFO - Epoch(val) [209][781/781]    coco/Car_precision: 0.6910  coco/Truck_precision: 0.6460  coco/People_precision: 0.5170  coco/Bus_precision: 0.7240  coco/Lamp_precision: 0.4670  coco/Motorcycle_precision: 0.4440  coco/bbox_mAP: 0.5810  coco/bbox_mAP_50: 0.8560  coco/bbox_mAP_75: 0.6250  coco/bbox_mAP_s: 0.3450  coco/bbox_mAP_m: 0.6890  coco/bbox_mAP_l: 0.8210  data_time: 0.0005  time: 0.0910
2025/05/24 08:58:23 - mmengine - INFO - Epoch(train) [210][ 50/420]  base_lr: 1.0000e-02 lr: 4.8520e-03  eta: 1 day, 10:42:25  time: 1.5855  data_time: 0.0433  memory: 10458  grad_norm: 23.5104  loss: 19.2067  loss_cls: 4.1206  loss_bbox: 7.3398  loss_dfl: 7.7463
2025/05/24 08:59:40 - mmengine - INFO - Epoch(train) [210][100/420]  base_lr: 1.0000e-02 lr: 4.8520e-03  eta: 1 day, 10:40:58  time: 1.5497  data_time: 0.0076  memory: 10426  grad_norm: 24.2691  loss: 19.2757  loss_cls: 4.1525  loss_bbox: 7.4421  loss_dfl: 7.6811
2025/05/24 09:00:58 - mmengine - INFO - Epoch(train) [210][150/420]  base_lr: 1.0000e-02 lr: 4.8520e-03  eta: 1 day, 10:39:32  time: 1.5499  data_time: 0.0076  memory: 10373  grad_norm: 23.4487  loss: 18.7188  loss_cls: 4.0565  loss_bbox: 7.0351  loss_dfl: 7.6272
2025/05/24 09:02:15 - mmengine - INFO - Epoch(train) [210][200/420]  base_lr: 1.0000e-02 lr: 4.8520e-03  eta: 1 day, 10:38:06  time: 1.5500  data_time: 0.0076  memory: 10432  grad_norm: 22.9728  loss: 18.7615  loss_cls: 3.9496  loss_bbox: 7.1583  loss_dfl: 7.6536
2025/05/24 09:02:46 - mmengine - INFO - Exp name: yolov8_mambatransformer_enhance_20250524_070703
2025/05/24 09:03:34 - mmengine - INFO - Epoch(train) [210][250/420]  base_lr: 1.0000e-02 lr: 4.8520e-03  eta: 1 day, 10:36:53  time: 1.5633  data_time: 0.0085  memory: 10544  grad_norm: 23.9858  loss: 19.2128  loss_cls: 4.1329  loss_bbox: 7.4505  loss_dfl: 7.6295
2025/05/24 09:04:51 - mmengine - INFO - Epoch(train) [210][300/420]  base_lr: 1.0000e-02 lr: 4.8520e-03  eta: 1 day, 10:35:34  time: 1.5572  data_time: 0.0082  memory: 10485  grad_norm: 24.7960  loss: 19.1879  loss_cls: 4.0979  loss_bbox: 7.2957  loss_dfl: 7.7943
2025/05/24 09:06:09 - mmengine - INFO - Epoch(train) [210][350/420]  base_lr: 1.0000e-02 lr: 4.8520e-03  eta: 1 day, 10:34:12  time: 1.5538  data_time: 0.0077  memory: 10560  grad_norm: 24.2754  loss: 19.4928  loss_cls: 4.2217  loss_bbox: 7.4759  loss_dfl: 7.7952
2025/05/24 09:07:27 - mmengine - INFO - Epoch(train) [210][400/420]  base_lr: 1.0000e-02 lr: 4.8520e-03  eta: 1 day, 10:32:47  time: 1.5512  data_time: 0.0075  memory: 10570  grad_norm: 23.9515  loss: 19.3046  loss_cls: 4.1366  loss_bbox: 7.4882  loss_dfl: 7.6798
2025/05/24 09:07:58 - mmengine - INFO - Exp name: yolov8_mambatransformer_enhance_20250524_070703
2025/05/24 09:07:58 - mmengine - INFO - Saving checkpoint at 210 epochs
2025/05/24 09:08:06 - mmengine - INFO - Epoch(val) [210][ 50/781]    eta: 0:01:02  time: 0.0861  data_time: 0.0021  memory: 10432  
2025/05/24 09:08:09 - mmengine - INFO - Epoch(val) [210][100/781]    eta: 0:00:54  time: 0.0747  data_time: 0.0004  memory: 1000  
2025/05/24 09:08:13 - mmengine - INFO - Epoch(val) [210][150/781]    eta: 0:00:49  time: 0.0740  data_time: 0.0004  memory: 1000  
2025/05/24 09:08:17 - mmengine - INFO - Epoch(val) [210][200/781]    eta: 0:00:44  time: 0.0745  data_time: 0.0004  memory: 1000  
2025/05/24 09:08:21 - mmengine - INFO - Epoch(val) [210][250/781]    eta: 0:00:40  time: 0.0744  data_time: 0.0004  memory: 1000  
2025/05/24 09:08:24 - mmengine - INFO - Epoch(val) [210][300/781]    eta: 0:00:36  time: 0.0740  data_time: 0.0004  memory: 1000  
2025/05/24 09:08:28 - mmengine - INFO - Epoch(val) [210][350/781]    eta: 0:00:32  time: 0.0743  data_time: 0.0004  memory: 1000  
2025/05/24 09:08:32 - mmengine - INFO - Epoch(val) [210][400/781]    eta: 0:00:28  time: 0.0742  data_time: 0.0004  memory: 1000  
2025/05/24 09:08:36 - mmengine - INFO - Epoch(val) [210][450/781]    eta: 0:00:25  time: 0.0797  data_time: 0.0004  memory: 1000  
2025/05/24 09:08:40 - mmengine - INFO - Epoch(val) [210][500/781]    eta: 0:00:21  time: 0.0921  data_time: 0.0005  memory: 1000  
2025/05/24 09:08:45 - mmengine - INFO - Epoch(val) [210][550/781]    eta: 0:00:18  time: 0.0920  data_time: 0.0004  memory: 1000  
2025/05/24 09:08:50 - mmengine - INFO - Epoch(val) [210][600/781]    eta: 0:00:14  time: 0.0923  data_time: 0.0004  memory: 1000  
2025/05/24 09:08:54 - mmengine - INFO - Epoch(val) [210][650/781]    eta: 0:00:10  time: 0.0919  data_time: 0.0004  memory: 1000  
2025/05/24 09:08:59 - mmengine - INFO - Epoch(val) [210][700/781]    eta: 0:00:06  time: 0.0897  data_time: 0.0004  memory: 1000  
2025/05/24 09:09:03 - mmengine - INFO - Epoch(val) [210][750/781]    eta: 0:00:02  time: 0.0770  data_time: 0.0004  memory: 1000  
2025/05/24 09:09:06 - mmengine - INFO - Evaluating bbox...
2025/05/24 09:09:09 - mmengine - INFO - 
+------------+-------+--------+--------+-------+-------+-------+
| category   | mAP   | mAP_50 | mAP_75 | mAP_s | mAP_m | mAP_l |
+------------+-------+--------+--------+-------+-------+-------+
| Car        | 0.691 | 0.925  | 0.765  | 0.421 | 0.719 | 0.885 |
| Truck      | 0.643 | 0.883  | 0.701  | 0.371 | 0.653 | 0.83  |
| People     | 0.517 | 0.855  | 0.535  | 0.356 | 0.7   | 0.755 |
| Bus        | 0.724 | 0.919  | 0.817  | 0.397 | 0.698 | 0.836 |
| Lamp       | 0.469 | 0.823  | 0.473  | 0.418 | 0.725 | nan   |
| Motorcycle | 0.44  | 0.727  | 0.455  | 0.103 | 0.643 | 0.785 |
+------------+-------+--------+--------+-------+-------+-------+
2025/05/24 09:09:09 - mmengine - INFO - bbox_mAP_copypaste: 0.581 0.855 0.624 0.344 0.690 0.818
2025/05/24 09:09:10 - mmengine - INFO - Epoch(val) [210][781/781]    coco/Car_precision: 0.6910  coco/Truck_precision: 0.6430  coco/People_precision: 0.5170  coco/Bus_precision: 0.7240  coco/Lamp_precision: 0.4690  coco/Motorcycle_precision: 0.4400  coco/bbox_mAP: 0.5810  coco/bbox_mAP_50: 0.8550  coco/bbox_mAP_75: 0.6240  coco/bbox_mAP_s: 0.3440  coco/bbox_mAP_m: 0.6900  coco/bbox_mAP_l: 0.8180  data_time: 0.0005  time: 0.0811
2025/05/24 09:10:29 - mmengine - INFO - Epoch(train) [211][ 50/420]  base_lr: 1.0000e-02 lr: 4.8272e-03  eta: 1 day, 10:31:23  time: 1.5879  data_time: 0.0455  memory: 10357  grad_norm: 24.3464  loss: 19.4184  loss_cls: 4.1887  loss_bbox: 7.4256  loss_dfl: 7.8041
2025/05/24 09:11:46 - mmengine - INFO - Epoch(train) [211][100/420]  base_lr: 1.0000e-02 lr: 4.8272e-03  eta: 1 day, 10:29:56  time: 1.5491  data_time: 0.0076  memory: 10394  grad_norm: 25.1188  loss: 19.1700  loss_cls: 4.2160  loss_bbox: 7.2929  loss_dfl: 7.6611
2025/05/24 09:13:04 - mmengine - INFO - Epoch(train) [211][150/420]  base_lr: 1.0000e-02 lr: 4.8272e-03  eta: 1 day, 10:28:34  time: 1.5540  data_time: 0.0077  memory: 10426  grad_norm: 24.0226  loss: 19.6371  loss_cls: 4.2267  loss_bbox: 7.6190  loss_dfl: 7.7914
2025/05/24 09:14:22 - mmengine - INFO - Epoch(train) [211][200/420]  base_lr: 1.0000e-02 lr: 4.8272e-03  eta: 1 day, 10:27:10  time: 1.5517  data_time: 0.0075  memory: 10469  grad_norm: 23.8605  loss: 19.0685  loss_cls: 4.0637  loss_bbox: 7.2637  loss_dfl: 7.7412
2025/05/24 09:15:39 - mmengine - INFO - Epoch(train) [211][250/420]  base_lr: 1.0000e-02 lr: 4.8272e-03  eta: 1 day, 10:25:45  time: 1.5505  data_time: 0.0075  memory: 10485  grad_norm: 24.1261  loss: 19.2864  loss_cls: 4.1102  loss_bbox: 7.5564  loss_dfl: 7.6198
2025/05/24 09:16:57 - mmengine - INFO - Epoch(train) [211][300/420]  base_lr: 1.0000e-02 lr: 4.8272e-03  eta: 1 day, 10:24:21  time: 1.5512  data_time: 0.0075  memory: 10576  grad_norm: 23.0899  loss: 18.9697  loss_cls: 4.1088  loss_bbox: 7.1355  loss_dfl: 7.7255
2025/05/24 09:18:14 - mmengine - INFO - Epoch(train) [211][350/420]  base_lr: 1.0000e-02 lr: 4.8272e-03  eta: 1 day, 10:22:57  time: 1.5511  data_time: 0.0075  memory: 10357  grad_norm: 23.8578  loss: 19.4814  loss_cls: 4.1563  loss_bbox: 7.5253  loss_dfl: 7.7998
2025/05/24 09:19:32 - mmengine - INFO - Epoch(train) [211][400/420]  base_lr: 1.0000e-02 lr: 4.8272e-03  eta: 1 day, 10:21:32  time: 1.5495  data_time: 0.0074  memory: 10400  grad_norm: 23.1580  loss: 18.9750  loss_cls: 3.9925  loss_bbox: 7.2959  loss_dfl: 7.6866
2025/05/24 09:20:03 - mmengine - INFO - Exp name: yolov8_mambatransformer_enhance_20250524_070703
2025/05/24 09:20:03 - mmengine - INFO - Saving checkpoint at 211 epochs
2025/05/24 09:20:11 - mmengine - INFO - Epoch(val) [211][ 50/781]    eta: 0:01:12  time: 0.0989  data_time: 0.0023  memory: 10352  
2025/05/24 09:20:15 - mmengine - INFO - Epoch(val) [211][100/781]    eta: 0:00:59  time: 0.0747  data_time: 0.0004  memory: 1000  
2025/05/24 09:20:19 - mmengine - INFO - Epoch(val) [211][150/781]    eta: 0:00:52  time: 0.0742  data_time: 0.0004  memory: 1000  
2025/05/24 09:20:23 - mmengine - INFO - Epoch(val) [211][200/781]    eta: 0:00:46  time: 0.0746  data_time: 0.0004  memory: 1000  
2025/05/24 09:20:26 - mmengine - INFO - Epoch(val) [211][250/781]    eta: 0:00:42  time: 0.0755  data_time: 0.0004  memory: 1000  
2025/05/24 09:20:31 - mmengine - INFO - Epoch(val) [211][300/781]    eta: 0:00:38  time: 0.0817  data_time: 0.0004  memory: 1000  
2025/05/24 09:20:34 - mmengine - INFO - Epoch(val) [211][350/781]    eta: 0:00:34  time: 0.0745  data_time: 0.0004  memory: 1000  
2025/05/24 09:20:38 - mmengine - INFO - Epoch(val) [211][400/781]    eta: 0:00:29  time: 0.0745  data_time: 0.0004  memory: 1000  
2025/05/24 09:20:42 - mmengine - INFO - Epoch(val) [211][450/781]    eta: 0:00:25  time: 0.0742  data_time: 0.0004  memory: 1000  
2025/05/24 09:20:46 - mmengine - INFO - Epoch(val) [211][500/781]    eta: 0:00:21  time: 0.0742  data_time: 0.0004  memory: 1000  
2025/05/24 09:20:49 - mmengine - INFO - Epoch(val) [211][550/781]    eta: 0:00:17  time: 0.0743  data_time: 0.0004  memory: 1000  
2025/05/24 09:20:53 - mmengine - INFO - Epoch(val) [211][600/781]    eta: 0:00:13  time: 0.0734  data_time: 0.0004  memory: 1000  
2025/05/24 09:20:57 - mmengine - INFO - Epoch(val) [211][650/781]    eta: 0:00:10  time: 0.0740  data_time: 0.0004  memory: 1000  
2025/05/24 09:21:00 - mmengine - INFO - Epoch(val) [211][700/781]    eta: 0:00:06  time: 0.0739  data_time: 0.0004  memory: 1000  
2025/05/24 09:21:04 - mmengine - INFO - Epoch(val) [211][750/781]    eta: 0:00:02  time: 0.0753  data_time: 0.0004  memory: 1000  
2025/05/24 09:21:07 - mmengine - INFO - Evaluating bbox...
2025/05/24 09:21:11 - mmengine - INFO - 
+------------+-------+--------+--------+-------+-------+-------+
| category   | mAP   | mAP_50 | mAP_75 | mAP_s | mAP_m | mAP_l |
+------------+-------+--------+--------+-------+-------+-------+
| Car        | 0.691 | 0.925  | 0.765  | 0.419 | 0.721 | 0.885 |
| Truck      | 0.646 | 0.883  | 0.701  | 0.368 | 0.659 | 0.83  |
| People     | 0.517 | 0.855  | 0.535  | 0.356 | 0.701 | 0.756 |
| Bus        | 0.724 | 0.919  | 0.808  | 0.398 | 0.69  | 0.84  |
| Lamp       | 0.469 | 0.822  | 0.471  | 0.419 | 0.722 | nan   |
| Motorcycle | 0.438 | 0.727  | 0.455  | 0.102 | 0.64  | 0.779 |
+------------+-------+--------+--------+-------+-------+-------+
2025/05/24 09:21:11 - mmengine - INFO - bbox_mAP_copypaste: 0.581 0.855 0.622 0.344 0.689 0.818
2025/05/24 09:21:11 - mmengine - INFO - Epoch(val) [211][781/781]    coco/Car_precision: 0.6910  coco/Truck_precision: 0.6460  coco/People_precision: 0.5170  coco/Bus_precision: 0.7240  coco/Lamp_precision: 0.4690  coco/Motorcycle_precision: 0.4380  coco/bbox_mAP: 0.5810  coco/bbox_mAP_50: 0.8550  coco/bbox_mAP_75: 0.6220  coco/bbox_mAP_s: 0.3440  coco/bbox_mAP_m: 0.6890  coco/bbox_mAP_l: 0.8180  data_time: 0.0005  time: 0.0766
2025/05/24 09:22:31 - mmengine - INFO - Epoch(train) [212][ 50/420]  base_lr: 1.0000e-02 lr: 4.8025e-03  eta: 1 day, 10:20:07  time: 1.5902  data_time: 0.0457  memory: 10549  grad_norm: 24.5386  loss: 19.2411  loss_cls: 4.1457  loss_bbox: 7.3484  loss_dfl: 7.7470
2025/05/24 09:23:48 - mmengine - INFO - Epoch(train) [212][100/420]  base_lr: 1.0000e-02 lr: 4.8025e-03  eta: 1 day, 10:18:42  time: 1.5493  data_time: 0.0074  memory: 10373  grad_norm: 24.1433  loss: 19.0866  loss_cls: 4.0488  loss_bbox: 7.3489  loss_dfl: 7.6888
2025/05/24 09:25:06 - mmengine - INFO - Epoch(train) [212][150/420]  base_lr: 1.0000e-02 lr: 4.8025e-03  eta: 1 day, 10:17:19  time: 1.5527  data_time: 0.0075  memory: 10368  grad_norm: 23.3786  loss: 19.0034  loss_cls: 4.0323  loss_bbox: 7.2143  loss_dfl: 7.7568
2025/05/24 09:26:23 - mmengine - INFO - Epoch(train) [212][200/420]  base_lr: 1.0000e-02 lr: 4.8025e-03  eta: 1 day, 10:15:54  time: 1.5491  data_time: 0.0074  memory: 10373  grad_norm: 22.6433  loss: 18.7511  loss_cls: 3.9203  loss_bbox: 7.1314  loss_dfl: 7.6995
2025/05/24 09:27:41 - mmengine - INFO - Epoch(train) [212][250/420]  base_lr: 1.0000e-02 lr: 4.8025e-03  eta: 1 day, 10:14:42  time: 1.5655  data_time: 0.0086  memory: 10453  grad_norm: 22.0737  loss: 18.7173  loss_cls: 3.9523  loss_bbox: 7.1539  loss_dfl: 7.6111
2025/05/24 09:28:59 - mmengine - INFO - Epoch(train) [212][300/420]  base_lr: 1.0000e-02 lr: 4.8025e-03  eta: 1 day, 10:13:25  time: 1.5585  data_time: 0.0083  memory: 10458  grad_norm: 24.0285  loss: 18.9480  loss_cls: 4.0352  loss_bbox: 7.2590  loss_dfl: 7.6538
2025/05/24 09:30:17 - mmengine - INFO - Epoch(train) [212][350/420]  base_lr: 1.0000e-02 lr: 4.8025e-03  eta: 1 day, 10:12:01  time: 1.5503  data_time: 0.0079  memory: 10453  grad_norm: 22.9198  loss: 19.0959  loss_cls: 4.0745  loss_bbox: 7.3649  loss_dfl: 7.6564
2025/05/24 09:31:04 - mmengine - INFO - Exp name: yolov8_mambatransformer_enhance_20250524_070703
2025/05/24 09:31:35 - mmengine - INFO - Epoch(train) [212][400/420]  base_lr: 1.0000e-02 lr: 4.8025e-03  eta: 1 day, 10:10:38  time: 1.5513  data_time: 0.0076  memory: 10496  grad_norm: 22.2161  loss: 19.1993  loss_cls: 4.0615  loss_bbox: 7.4379  loss_dfl: 7.6999
2025/05/24 09:32:06 - mmengine - INFO - Exp name: yolov8_mambatransformer_enhance_20250524_070703
2025/05/24 09:32:06 - mmengine - INFO - Saving checkpoint at 212 epochs
2025/05/24 09:32:14 - mmengine - INFO - Epoch(val) [212][ 50/781]    eta: 0:01:11  time: 0.0975  data_time: 0.0022  memory: 10325  
2025/05/24 09:32:18 - mmengine - INFO - Epoch(val) [212][100/781]    eta: 0:01:02  time: 0.0861  data_time: 0.0004  memory: 1000  
2025/05/24 09:32:22 - mmengine - INFO - Epoch(val) [212][150/781]    eta: 0:00:55  time: 0.0799  data_time: 0.0004  memory: 1000  
2025/05/24 09:32:27 - mmengine - INFO - Epoch(val) [212][200/781]    eta: 0:00:50  time: 0.0866  data_time: 0.0004  memory: 1000  
2025/05/24 09:32:31 - mmengine - INFO - Epoch(val) [212][250/781]    eta: 0:00:46  time: 0.0865  data_time: 0.0004  memory: 1000  
2025/05/24 09:32:35 - mmengine - INFO - Epoch(val) [212][300/781]    eta: 0:00:41  time: 0.0867  data_time: 0.0004  memory: 1000  
2025/05/24 09:32:39 - mmengine - INFO - Epoch(val) [212][350/781]    eta: 0:00:37  time: 0.0803  data_time: 0.0004  memory: 1000  
2025/05/24 09:32:43 - mmengine - INFO - Epoch(val) [212][400/781]    eta: 0:00:32  time: 0.0744  data_time: 0.0004  memory: 1000  
2025/05/24 09:32:47 - mmengine - INFO - Epoch(val) [212][450/781]    eta: 0:00:27  time: 0.0740  data_time: 0.0004  memory: 1000  
2025/05/24 09:32:51 - mmengine - INFO - Epoch(val) [212][500/781]    eta: 0:00:23  time: 0.0741  data_time: 0.0004  memory: 1000  
2025/05/24 09:32:54 - mmengine - INFO - Epoch(val) [212][550/781]    eta: 0:00:18  time: 0.0742  data_time: 0.0004  memory: 1000  
2025/05/24 09:32:58 - mmengine - INFO - Epoch(val) [212][600/781]    eta: 0:00:14  time: 0.0762  data_time: 0.0004  memory: 1000  
2025/05/24 09:33:03 - mmengine - INFO - Epoch(val) [212][650/781]    eta: 0:00:10  time: 0.0918  data_time: 0.0004  memory: 1000  
2025/05/24 09:33:07 - mmengine - INFO - Epoch(val) [212][700/781]    eta: 0:00:06  time: 0.0919  data_time: 0.0004  memory: 1000  
2025/05/24 09:33:12 - mmengine - INFO - Epoch(val) [212][750/781]    eta: 0:00:02  time: 0.0920  data_time: 0.0004  memory: 1000  
2025/05/24 09:33:15 - mmengine - INFO - Evaluating bbox...
2025/05/24 09:33:19 - mmengine - INFO - 
+------------+-------+--------+--------+-------+-------+-------+
| category   | mAP   | mAP_50 | mAP_75 | mAP_s | mAP_m | mAP_l |
+------------+-------+--------+--------+-------+-------+-------+
| Car        | 0.691 | 0.925  | 0.764  | 0.419 | 0.721 | 0.885 |
| Truck      | 0.643 | 0.884  | 0.702  | 0.357 | 0.658 | 0.827 |
| People     | 0.517 | 0.854  | 0.536  | 0.355 | 0.701 | 0.757 |
| Bus        | 0.725 | 0.918  | 0.802  | 0.397 | 0.695 | 0.837 |
| Lamp       | 0.468 | 0.822  | 0.47   | 0.418 | 0.724 | nan   |
| Motorcycle | 0.438 | 0.727  | 0.458  | 0.102 | 0.641 | 0.779 |
+------------+-------+--------+--------+-------+-------+-------+
2025/05/24 09:33:19 - mmengine - INFO - bbox_mAP_copypaste: 0.580 0.855 0.622 0.341 0.690 0.817
2025/05/24 09:33:19 - mmengine - INFO - Epoch(val) [212][781/781]    coco/Car_precision: 0.6910  coco/Truck_precision: 0.6430  coco/People_precision: 0.5170  coco/Bus_precision: 0.7250  coco/Lamp_precision: 0.4680  coco/Motorcycle_precision: 0.4380  coco/bbox_mAP: 0.5800  coco/bbox_mAP_50: 0.8550  coco/bbox_mAP_75: 0.6220  coco/bbox_mAP_s: 0.3410  coco/bbox_mAP_m: 0.6900  coco/bbox_mAP_l: 0.8170  data_time: 0.0005  time: 0.0838
2025/05/24 09:34:39 - mmengine - INFO - Epoch(train) [213][ 50/420]  base_lr: 1.0000e-02 lr: 4.7778e-03  eta: 1 day, 10:09:11  time: 1.5910  data_time: 0.0474  memory: 10496  grad_norm: 22.2955  loss: 18.7057  loss_cls: 3.9350  loss_bbox: 7.1956  loss_dfl: 7.5752
2025/05/24 09:35:56 - mmengine - INFO - Epoch(train) [213][100/420]  base_lr: 1.0000e-02 lr: 4.7778e-03  eta: 1 day, 10:07:46  time: 1.5492  data_time: 0.0076  memory: 10448  grad_norm: 24.1486  loss: 19.5766  loss_cls: 4.2279  loss_bbox: 7.5518  loss_dfl: 7.7968
2025/05/24 09:37:14 - mmengine - INFO - Epoch(train) [213][150/420]  base_lr: 1.0000e-02 lr: 4.7778e-03  eta: 1 day, 10:06:26  time: 1.5555  data_time: 0.0077  memory: 10469  grad_norm: 23.3081  loss: 19.0660  loss_cls: 4.0123  loss_bbox: 7.3416  loss_dfl: 7.7121
2025/05/24 09:38:32 - mmengine - INFO - Epoch(train) [213][200/420]  base_lr: 1.0000e-02 lr: 4.7778e-03  eta: 1 day, 10:05:02  time: 1.5493  data_time: 0.0075  memory: 10442  grad_norm: 23.1684  loss: 19.2848  loss_cls: 4.1222  loss_bbox: 7.4093  loss_dfl: 7.7532
2025/05/24 09:39:49 - mmengine - INFO - Epoch(train) [213][250/420]  base_lr: 1.0000e-02 lr: 4.7778e-03  eta: 1 day, 10:03:37  time: 1.5483  data_time: 0.0075  memory: 10416  grad_norm: 22.4758  loss: 19.1016  loss_cls: 4.0401  loss_bbox: 7.3055  loss_dfl: 7.7560
2025/05/24 09:41:07 - mmengine - INFO - Epoch(train) [213][300/420]  base_lr: 1.0000e-02 lr: 4.7778e-03  eta: 1 day, 10:02:13  time: 1.5496  data_time: 0.0075  memory: 10442  grad_norm: 22.7219  loss: 19.1817  loss_cls: 4.0266  loss_bbox: 7.4390  loss_dfl: 7.7161
2025/05/24 09:42:24 - mmengine - INFO - Epoch(train) [213][350/420]  base_lr: 1.0000e-02 lr: 4.7778e-03  eta: 1 day, 10:00:50  time: 1.5503  data_time: 0.0076  memory: 10426  grad_norm: 22.9027  loss: 19.2889  loss_cls: 4.0686  loss_bbox: 7.4242  loss_dfl: 7.7961
2025/05/24 09:43:42 - mmengine - INFO - Epoch(train) [213][400/420]  base_lr: 1.0000e-02 lr: 4.7778e-03  eta: 1 day, 9:59:32  time: 1.5575  data_time: 0.0075  memory: 10421  grad_norm: 23.6059  loss: 19.3561  loss_cls: 4.1564  loss_bbox: 7.5257  loss_dfl: 7.6741
2025/05/24 09:44:13 - mmengine - INFO - Exp name: yolov8_mambatransformer_enhance_20250524_070703
2025/05/24 09:44:13 - mmengine - INFO - Saving checkpoint at 213 epochs
2025/05/24 09:44:21 - mmengine - INFO - Epoch(val) [213][ 50/781]    eta: 0:01:11  time: 0.0980  data_time: 0.0022  memory: 10405  
2025/05/24 09:44:26 - mmengine - INFO - Epoch(val) [213][100/781]    eta: 0:01:03  time: 0.0893  data_time: 0.0004  memory: 1000  
2025/05/24 09:44:30 - mmengine - INFO - Epoch(val) [213][150/781]    eta: 0:00:57  time: 0.0852  data_time: 0.0004  memory: 1000  
2025/05/24 09:44:34 - mmengine - INFO - Epoch(val) [213][200/781]    eta: 0:00:50  time: 0.0747  data_time: 0.0004  memory: 1000  
2025/05/24 09:44:38 - mmengine - INFO - Epoch(val) [213][250/781]    eta: 0:00:44  time: 0.0738  data_time: 0.0004  memory: 1000  
2025/05/24 09:44:41 - mmengine - INFO - Epoch(val) [213][300/781]    eta: 0:00:39  time: 0.0742  data_time: 0.0004  memory: 1000  
2025/05/24 09:44:45 - mmengine - INFO - Epoch(val) [213][350/781]    eta: 0:00:35  time: 0.0737  data_time: 0.0004  memory: 1000  
2025/05/24 09:44:49 - mmengine - INFO - Epoch(val) [213][400/781]    eta: 0:00:30  time: 0.0742  data_time: 0.0004  memory: 1000  
2025/05/24 09:44:53 - mmengine - INFO - Epoch(val) [213][450/781]    eta: 0:00:26  time: 0.0763  data_time: 0.0004  memory: 1000  
2025/05/24 09:44:56 - mmengine - INFO - Epoch(val) [213][500/781]    eta: 0:00:22  time: 0.0743  data_time: 0.0004  memory: 1000  
2025/05/24 09:45:00 - mmengine - INFO - Epoch(val) [213][550/781]    eta: 0:00:18  time: 0.0743  data_time: 0.0004  memory: 1000  
2025/05/24 09:45:04 - mmengine - INFO - Epoch(val) [213][600/781]    eta: 0:00:14  time: 0.0742  data_time: 0.0004  memory: 1000  
2025/05/24 09:45:08 - mmengine - INFO - Epoch(val) [213][650/781]    eta: 0:00:10  time: 0.0752  data_time: 0.0004  memory: 1000  
2025/05/24 09:45:12 - mmengine - INFO - Epoch(val) [213][700/781]    eta: 0:00:06  time: 0.0746  data_time: 0.0004  memory: 1000  
2025/05/24 09:45:15 - mmengine - INFO - Epoch(val) [213][750/781]    eta: 0:00:02  time: 0.0748  data_time: 0.0004  memory: 1000  
2025/05/24 09:45:18 - mmengine - INFO - Evaluating bbox...
2025/05/24 09:45:22 - mmengine - INFO - 
+------------+-------+--------+--------+-------+-------+-------+
| category   | mAP   | mAP_50 | mAP_75 | mAP_s | mAP_m | mAP_l |
+------------+-------+--------+--------+-------+-------+-------+
| Car        | 0.69  | 0.925  | 0.764  | 0.418 | 0.72  | 0.885 |
| Truck      | 0.641 | 0.884  | 0.707  | 0.361 | 0.656 | 0.826 |
| People     | 0.516 | 0.855  | 0.535  | 0.354 | 0.702 | 0.756 |
| Bus        | 0.723 | 0.916  | 0.792  | 0.393 | 0.696 | 0.835 |
| Lamp       | 0.468 | 0.821  | 0.471  | 0.418 | 0.721 | nan   |
| Motorcycle | 0.438 | 0.726  | 0.457  | 0.097 | 0.644 | 0.779 |
+------------+-------+--------+--------+-------+-------+-------+
2025/05/24 09:45:22 - mmengine - INFO - bbox_mAP_copypaste: 0.580 0.854 0.621 0.340 0.690 0.816
2025/05/24 09:45:22 - mmengine - INFO - Epoch(val) [213][781/781]    coco/Car_precision: 0.6900  coco/Truck_precision: 0.6410  coco/People_precision: 0.5160  coco/Bus_precision: 0.7230  coco/Lamp_precision: 0.4680  coco/Motorcycle_precision: 0.4380  coco/bbox_mAP: 0.5800  coco/bbox_mAP_50: 0.8540  coco/bbox_mAP_75: 0.6210  coco/bbox_mAP_s: 0.3400  coco/bbox_mAP_m: 0.6900  coco/bbox_mAP_l: 0.8160  data_time: 0.0005  time: 0.0777
2025/05/24 09:46:42 - mmengine - INFO - Epoch(train) [214][ 50/420]  base_lr: 1.0000e-02 lr: 4.7530e-03  eta: 1 day, 9:58:04  time: 1.5930  data_time: 0.0464  memory: 10448  grad_norm: 23.6763  loss: 18.8110  loss_cls: 3.9891  loss_bbox: 7.1898  loss_dfl: 7.6322
2025/05/24 09:47:59 - mmengine - INFO - Epoch(train) [214][100/420]  base_lr: 1.0000e-02 lr: 4.7530e-03  eta: 1 day, 9:56:41  time: 1.5504  data_time: 0.0075  memory: 10394  grad_norm: 23.4850  loss: 18.9191  loss_cls: 3.9911  loss_bbox: 7.2540  loss_dfl: 7.6739
2025/05/24 09:49:17 - mmengine - INFO - Epoch(train) [214][150/420]  base_lr: 1.0000e-02 lr: 4.7530e-03  eta: 1 day, 9:55:18  time: 1.5508  data_time: 0.0076  memory: 10384  grad_norm: 23.2585  loss: 19.2866  loss_cls: 4.0512  loss_bbox: 7.4927  loss_dfl: 7.7426
2025/05/24 09:50:35 - mmengine - INFO - Epoch(train) [214][200/420]  base_lr: 1.0000e-02 lr: 4.7530e-03  eta: 1 day, 9:53:57  time: 1.5532  data_time: 0.0077  memory: 10426  grad_norm: 22.2073  loss: 19.2311  loss_cls: 4.1176  loss_bbox: 7.4351  loss_dfl: 7.6784
2025/05/24 09:51:52 - mmengine - INFO - Epoch(train) [214][250/420]  base_lr: 1.0000e-02 lr: 4.7530e-03  eta: 1 day, 9:52:31  time: 1.5460  data_time: 0.0075  memory: 10368  grad_norm: 22.5030  loss: 18.8505  loss_cls: 4.0006  loss_bbox: 7.1786  loss_dfl: 7.6713
2025/05/24 09:53:09 - mmengine - INFO - Epoch(train) [214][300/420]  base_lr: 1.0000e-02 lr: 4.7530e-03  eta: 1 day, 9:51:07  time: 1.5483  data_time: 0.0078  memory: 10448  grad_norm: 23.3710  loss: 19.0220  loss_cls: 4.0403  loss_bbox: 7.2563  loss_dfl: 7.7253
2025/05/24 09:54:27 - mmengine - INFO - Epoch(train) [214][350/420]  base_lr: 1.0000e-02 lr: 4.7530e-03  eta: 1 day, 9:49:48  time: 1.5565  data_time: 0.0077  memory: 10442  grad_norm: 24.5182  loss: 19.2639  loss_cls: 4.1656  loss_bbox: 7.3724  loss_dfl: 7.7258
2025/05/24 09:55:45 - mmengine - INFO - Epoch(train) [214][400/420]  base_lr: 1.0000e-02 lr: 4.7530e-03  eta: 1 day, 9:48:30  time: 1.5570  data_time: 0.0080  memory: 10416  grad_norm: 22.7252  loss: 19.2966  loss_cls: 4.1060  loss_bbox: 7.4316  loss_dfl: 7.7590
2025/05/24 09:56:16 - mmengine - INFO - Exp name: yolov8_mambatransformer_enhance_20250524_070703
2025/05/24 09:56:16 - mmengine - INFO - Saving checkpoint at 214 epochs
2025/05/24 09:56:24 - mmengine - INFO - Epoch(val) [214][ 50/781]    eta: 0:01:03  time: 0.0870  data_time: 0.0022  memory: 10352  
2025/05/24 09:56:28 - mmengine - INFO - Epoch(val) [214][100/781]    eta: 0:01:01  time: 0.0929  data_time: 0.0004  memory: 1000  
2025/05/24 09:56:33 - mmengine - INFO - Epoch(val) [214][150/781]    eta: 0:00:56  time: 0.0901  data_time: 0.0004  memory: 1000  
2025/05/24 09:56:38 - mmengine - INFO - Epoch(val) [214][200/781]    eta: 0:00:52  time: 0.0930  data_time: 0.0004  memory: 1000  
2025/05/24 09:56:42 - mmengine - INFO - Epoch(val) [214][250/781]    eta: 0:00:47  time: 0.0862  data_time: 0.0004  memory: 1000  
2025/05/24 09:56:46 - mmengine - INFO - Epoch(val) [214][300/781]    eta: 0:00:42  time: 0.0817  data_time: 0.0004  memory: 1000  
2025/05/24 09:56:50 - mmengine - INFO - Epoch(val) [214][350/781]    eta: 0:00:37  time: 0.0771  data_time: 0.0004  memory: 1000  
2025/05/24 09:56:54 - mmengine - INFO - Epoch(val) [214][400/781]    eta: 0:00:32  time: 0.0741  data_time: 0.0004  memory: 1000  
2025/05/24 09:56:57 - mmengine - INFO - Epoch(val) [214][450/781]    eta: 0:00:27  time: 0.0740  data_time: 0.0004  memory: 1000  
2025/05/24 09:57:01 - mmengine - INFO - Epoch(val) [214][500/781]    eta: 0:00:23  time: 0.0757  data_time: 0.0004  memory: 1000  
2025/05/24 09:57:06 - mmengine - INFO - Epoch(val) [214][550/781]    eta: 0:00:19  time: 0.0866  data_time: 0.0004  memory: 1000  
2025/05/24 09:57:10 - mmengine - INFO - Epoch(val) [214][600/781]    eta: 0:00:15  time: 0.0860  data_time: 0.0004  memory: 1000  
2025/05/24 09:57:14 - mmengine - INFO - Epoch(val) [214][650/781]    eta: 0:00:10  time: 0.0862  data_time: 0.0004  memory: 1000  
2025/05/24 09:57:19 - mmengine - INFO - Epoch(val) [214][700/781]    eta: 0:00:06  time: 0.0862  data_time: 0.0004  memory: 1000  
2025/05/24 09:57:23 - mmengine - INFO - Epoch(val) [214][750/781]    eta: 0:00:02  time: 0.0951  data_time: 0.0004  memory: 1000  
2025/05/24 09:57:27 - mmengine - INFO - Evaluating bbox...
2025/05/24 09:57:31 - mmengine - INFO - 
+------------+-------+--------+--------+-------+-------+-------+
| category   | mAP   | mAP_50 | mAP_75 | mAP_s | mAP_m | mAP_l |
+------------+-------+--------+--------+-------+-------+-------+
| Car        | 0.69  | 0.925  | 0.764  | 0.418 | 0.719 | 0.886 |
| Truck      | 0.642 | 0.883  | 0.703  | 0.359 | 0.658 | 0.828 |
| People     | 0.516 | 0.854  | 0.535  | 0.354 | 0.701 | 0.754 |
| Bus        | 0.723 | 0.916  | 0.793  | 0.4   | 0.693 | 0.839 |
| Lamp       | 0.468 | 0.823  | 0.481  | 0.418 | 0.723 | nan   |
| Motorcycle | 0.438 | 0.724  | 0.463  | 0.097 | 0.642 | 0.81  |
+------------+-------+--------+--------+-------+-------+-------+
2025/05/24 09:57:31 - mmengine - INFO - bbox_mAP_copypaste: 0.580 0.854 0.623 0.341 0.689 0.823
2025/05/24 09:57:31 - mmengine - INFO - Epoch(val) [214][781/781]    coco/Car_precision: 0.6900  coco/Truck_precision: 0.6420  coco/People_precision: 0.5160  coco/Bus_precision: 0.7230  coco/Lamp_precision: 0.4680  coco/Motorcycle_precision: 0.4380  coco/bbox_mAP: 0.5800  coco/bbox_mAP_50: 0.8540  coco/bbox_mAP_75: 0.6230  coco/bbox_mAP_s: 0.3410  coco/bbox_mAP_m: 0.6890  coco/bbox_mAP_l: 0.8230  data_time: 0.0005  time: 0.0852
2025/05/24 09:58:51 - mmengine - INFO - Epoch(train) [215][ 50/420]  base_lr: 1.0000e-02 lr: 4.7283e-03  eta: 1 day, 9:46:58  time: 1.5886  data_time: 0.0458  memory: 10533  grad_norm: 21.4806  loss: 18.6389  loss_cls: 3.9234  loss_bbox: 7.1242  loss_dfl: 7.5914
2025/05/24 10:00:08 - mmengine - INFO - Epoch(train) [215][100/420]  base_lr: 1.0000e-02 lr: 4.7283e-03  eta: 1 day, 9:45:35  time: 1.5498  data_time: 0.0076  memory: 10480  grad_norm: 22.4055  loss: 19.3384  loss_cls: 4.0686  loss_bbox: 7.5412  loss_dfl: 7.7285
2025/05/24 10:00:39 - mmengine - INFO - Exp name: yolov8_mambatransformer_enhance_20250524_070703
2025/05/24 10:01:26 - mmengine - INFO - Epoch(train) [215][150/420]  base_lr: 1.0000e-02 lr: 4.7283e-03  eta: 1 day, 9:44:13  time: 1.5510  data_time: 0.0077  memory: 10442  grad_norm: 23.8062  loss: 19.5677  loss_cls: 4.2217  loss_bbox: 7.6059  loss_dfl: 7.7400
2025/05/24 10:02:43 - mmengine - INFO - Epoch(train) [215][200/420]  base_lr: 1.0000e-02 lr: 4.7283e-03  eta: 1 day, 9:42:51  time: 1.5517  data_time: 0.0077  memory: 10411  grad_norm: 23.0592  loss: 18.9223  loss_cls: 4.0289  loss_bbox: 7.1427  loss_dfl: 7.7507
2025/05/24 10:04:01 - mmengine - INFO - Epoch(train) [215][250/420]  base_lr: 1.0000e-02 lr: 4.7283e-03  eta: 1 day, 9:41:32  time: 1.5547  data_time: 0.0080  memory: 10480  grad_norm: 23.0023  loss: 19.4646  loss_cls: 4.1843  loss_bbox: 7.5322  loss_dfl: 7.7482
2025/05/24 10:05:19 - mmengine - INFO - Epoch(train) [215][300/420]  base_lr: 1.0000e-02 lr: 4.7283e-03  eta: 1 day, 9:40:09  time: 1.5506  data_time: 0.0076  memory: 10400  grad_norm: 23.2356  loss: 18.9308  loss_cls: 4.0031  loss_bbox: 7.2218  loss_dfl: 7.7058
2025/05/24 10:06:36 - mmengine - INFO - Epoch(train) [215][350/420]  base_lr: 1.0000e-02 lr: 4.7283e-03  eta: 1 day, 9:38:47  time: 1.5506  data_time: 0.0077  memory: 10432  grad_norm: 24.4885  loss: 19.1994  loss_cls: 4.1269  loss_bbox: 7.3645  loss_dfl: 7.7080
2025/05/24 10:07:53 - mmengine - INFO - Epoch(train) [215][400/420]  base_lr: 1.0000e-02 lr: 4.7283e-03  eta: 1 day, 9:37:20  time: 1.5428  data_time: 0.0073  memory: 10432  grad_norm: 22.0657  loss: 18.8033  loss_cls: 3.9937  loss_bbox: 7.1620  loss_dfl: 7.6475
2025/05/24 10:08:24 - mmengine - INFO - Exp name: yolov8_mambatransformer_enhance_20250524_070703
2025/05/24 10:08:24 - mmengine - INFO - Saving checkpoint at 215 epochs
2025/05/24 10:08:32 - mmengine - INFO - Epoch(val) [215][ 50/781]    eta: 0:01:09  time: 0.0946  data_time: 0.0023  memory: 10352  
2025/05/24 10:08:37 - mmengine - INFO - Epoch(val) [215][100/781]    eta: 0:01:03  time: 0.0923  data_time: 0.0004  memory: 1000  
2025/05/24 10:08:41 - mmengine - INFO - Epoch(val) [215][150/781]    eta: 0:00:56  time: 0.0798  data_time: 0.0004  memory: 1000  
2025/05/24 10:08:45 - mmengine - INFO - Epoch(val) [215][200/781]    eta: 0:00:49  time: 0.0752  data_time: 0.0004  memory: 1000  
2025/05/24 10:08:49 - mmengine - INFO - Epoch(val) [215][250/781]    eta: 0:00:45  time: 0.0830  data_time: 0.0004  memory: 1000  
2025/05/24 10:08:54 - mmengine - INFO - Epoch(val) [215][300/781]    eta: 0:00:41  time: 0.0923  data_time: 0.0004  memory: 1000  
2025/05/24 10:08:58 - mmengine - INFO - Epoch(val) [215][350/781]    eta: 0:00:37  time: 0.0923  data_time: 0.0005  memory: 1000  
2025/05/24 10:09:03 - mmengine - INFO - Epoch(val) [215][400/781]    eta: 0:00:33  time: 0.0920  data_time: 0.0004  memory: 1000  
2025/05/24 10:09:07 - mmengine - INFO - Epoch(val) [215][450/781]    eta: 0:00:28  time: 0.0864  data_time: 0.0004  memory: 1000  
2025/05/24 10:09:11 - mmengine - INFO - Epoch(val) [215][500/781]    eta: 0:00:24  time: 0.0801  data_time: 0.0004  memory: 1000  
2025/05/24 10:09:16 - mmengine - INFO - Epoch(val) [215][550/781]    eta: 0:00:20  time: 0.0858  data_time: 0.0004  memory: 1000  
2025/05/24 10:09:20 - mmengine - INFO - Epoch(val) [215][600/781]    eta: 0:00:15  time: 0.0859  data_time: 0.0004  memory: 1000  
2025/05/24 10:09:24 - mmengine - INFO - Epoch(val) [215][650/781]    eta: 0:00:11  time: 0.0860  data_time: 0.0004  memory: 1000  
2025/05/24 10:09:29 - mmengine - INFO - Epoch(val) [215][700/781]    eta: 0:00:07  time: 0.0857  data_time: 0.0004  memory: 1000  
2025/05/24 10:09:33 - mmengine - INFO - Epoch(val) [215][750/781]    eta: 0:00:02  time: 0.0822  data_time: 0.0004  memory: 1000  
2025/05/24 10:09:36 - mmengine - INFO - Evaluating bbox...
2025/05/24 10:09:40 - mmengine - INFO - 
+------------+-------+--------+--------+-------+-------+-------+
| category   | mAP   | mAP_50 | mAP_75 | mAP_s | mAP_m | mAP_l |
+------------+-------+--------+--------+-------+-------+-------+
| Car        | 0.69  | 0.925  | 0.764  | 0.419 | 0.718 | 0.886 |
| Truck      | 0.642 | 0.883  | 0.718  | 0.362 | 0.655 | 0.827 |
| People     | 0.517 | 0.853  | 0.534  | 0.353 | 0.702 | 0.756 |
| Bus        | 0.715 | 0.908  | 0.786  | 0.393 | 0.694 | 0.827 |
| Lamp       | 0.467 | 0.82   | 0.478  | 0.418 | 0.723 | nan   |
| Motorcycle | 0.439 | 0.723  | 0.464  | 0.097 | 0.644 | 0.81  |
+------------+-------+--------+--------+-------+-------+-------+
2025/05/24 10:09:40 - mmengine - INFO - bbox_mAP_copypaste: 0.578 0.852 0.624 0.341 0.689 0.821
2025/05/24 10:09:40 - mmengine - INFO - Epoch(val) [215][781/781]    coco/Car_precision: 0.6900  coco/Truck_precision: 0.6420  coco/People_precision: 0.5170  coco/Bus_precision: 0.7150  coco/Lamp_precision: 0.4670  coco/Motorcycle_precision: 0.4390  coco/bbox_mAP: 0.5780  coco/bbox_mAP_50: 0.8520  coco/bbox_mAP_75: 0.6240  coco/bbox_mAP_s: 0.3410  coco/bbox_mAP_m: 0.6890  coco/bbox_mAP_l: 0.8210  data_time: 0.0005  time: 0.0857
2025/05/24 10:10:59 - mmengine - INFO - Epoch(train) [216][ 50/420]  base_lr: 1.0000e-02 lr: 4.7035e-03  eta: 1 day, 9:35:48  time: 1.5920  data_time: 0.0464  memory: 10426  grad_norm: 22.4160  loss: 18.7914  loss_cls: 3.9862  loss_bbox: 7.1745  loss_dfl: 7.6307
2025/05/24 10:12:17 - mmengine - INFO - Epoch(train) [216][100/420]  base_lr: 1.0000e-02 lr: 4.7035e-03  eta: 1 day, 9:34:28  time: 1.5530  data_time: 0.0079  memory: 10421  grad_norm: 23.5192  loss: 19.1913  loss_cls: 4.1247  loss_bbox: 7.3354  loss_dfl: 7.7312
2025/05/24 10:13:35 - mmengine - INFO - Epoch(train) [216][150/420]  base_lr: 1.0000e-02 lr: 4.7035e-03  eta: 1 day, 9:33:06  time: 1.5514  data_time: 0.0076  memory: 10442  grad_norm: 22.1295  loss: 19.1192  loss_cls: 4.0550  loss_bbox: 7.3725  loss_dfl: 7.6917
2025/05/24 10:14:53 - mmengine - INFO - Epoch(train) [216][200/420]  base_lr: 1.0000e-02 lr: 4.7035e-03  eta: 1 day, 9:31:52  time: 1.5634  data_time: 0.0087  memory: 10421  grad_norm: 22.3566  loss: 18.8461  loss_cls: 3.9472  loss_bbox: 7.2478  loss_dfl: 7.6512
2025/05/24 10:16:11 - mmengine - INFO - Epoch(train) [216][250/420]  base_lr: 1.0000e-02 lr: 4.7035e-03  eta: 1 day, 9:30:34  time: 1.5584  data_time: 0.0083  memory: 10458  grad_norm: 23.0129  loss: 19.3912  loss_cls: 4.1837  loss_bbox: 7.4917  loss_dfl: 7.7158
2025/05/24 10:17:28 - mmengine - INFO - Epoch(train) [216][300/420]  base_lr: 1.0000e-02 lr: 4.7035e-03  eta: 1 day, 9:29:12  time: 1.5508  data_time: 0.0077  memory: 10560  grad_norm: 23.3932  loss: 18.9978  loss_cls: 4.0203  loss_bbox: 7.2851  loss_dfl: 7.6924
2025/05/24 10:18:46 - mmengine - INFO - Epoch(train) [216][350/420]  base_lr: 1.0000e-02 lr: 4.7035e-03  eta: 1 day, 9:27:53  time: 1.5553  data_time: 0.0076  memory: 10384  grad_norm: 25.2718  loss: 19.8550  loss_cls: 4.2882  loss_bbox: 7.7396  loss_dfl: 7.8272
2025/05/24 10:20:04 - mmengine - INFO - Epoch(train) [216][400/420]  base_lr: 1.0000e-02 lr: 4.7035e-03  eta: 1 day, 9:26:31  time: 1.5490  data_time: 0.0075  memory: 10517  grad_norm: 21.6004  loss: 18.7234  loss_cls: 3.9551  loss_bbox: 7.1237  loss_dfl: 7.6445
2025/05/24 10:20:35 - mmengine - INFO - Exp name: yolov8_mambatransformer_enhance_20250524_070703
2025/05/24 10:20:35 - mmengine - INFO - Saving checkpoint at 216 epochs
2025/05/24 10:20:42 - mmengine - INFO - Epoch(val) [216][ 50/781]    eta: 0:01:04  time: 0.0883  data_time: 0.0022  memory: 10421  
2025/05/24 10:20:46 - mmengine - INFO - Epoch(val) [216][100/781]    eta: 0:00:55  time: 0.0757  data_time: 0.0004  memory: 1000  
2025/05/24 10:20:51 - mmengine - INFO - Epoch(val) [216][150/781]    eta: 0:00:53  time: 0.0926  data_time: 0.0005  memory: 1000  
2025/05/24 10:20:56 - mmengine - INFO - Epoch(val) [216][200/781]    eta: 0:00:50  time: 0.0922  data_time: 0.0004  memory: 1000  
2025/05/24 10:21:00 - mmengine - INFO - Epoch(val) [216][250/781]    eta: 0:00:46  time: 0.0918  data_time: 0.0004  memory: 1000  
2025/05/24 10:21:05 - mmengine - INFO - Epoch(val) [216][300/781]    eta: 0:00:42  time: 0.0918  data_time: 0.0004  memory: 1000  
2025/05/24 10:21:09 - mmengine - INFO - Epoch(val) [216][350/781]    eta: 0:00:38  time: 0.0918  data_time: 0.0004  memory: 1000  
2025/05/24 10:21:14 - mmengine - INFO - Epoch(val) [216][400/781]    eta: 0:00:34  time: 0.0915  data_time: 0.0004  memory: 1000  
2025/05/24 10:21:19 - mmengine - INFO - Epoch(val) [216][450/781]    eta: 0:00:29  time: 0.0916  data_time: 0.0004  memory: 1000  
2025/05/24 10:21:23 - mmengine - INFO - Epoch(val) [216][500/781]    eta: 0:00:25  time: 0.0919  data_time: 0.0004  memory: 1000  
2025/05/24 10:21:28 - mmengine - INFO - Epoch(val) [216][550/781]    eta: 0:00:20  time: 0.0913  data_time: 0.0004  memory: 1000  
2025/05/24 10:21:32 - mmengine - INFO - Epoch(val) [216][600/781]    eta: 0:00:16  time: 0.0918  data_time: 0.0005  memory: 1000  
2025/05/24 10:21:37 - mmengine - INFO - Epoch(val) [216][650/781]    eta: 0:00:11  time: 0.0914  data_time: 0.0004  memory: 1000  
2025/05/24 10:21:42 - mmengine - INFO - Epoch(val) [216][700/781]    eta: 0:00:07  time: 0.0916  data_time: 0.0004  memory: 1000  
2025/05/24 10:21:46 - mmengine - INFO - Epoch(val) [216][750/781]    eta: 0:00:02  time: 0.0916  data_time: 0.0004  memory: 1000  
2025/05/24 10:21:50 - mmengine - INFO - Evaluating bbox...
2025/05/24 10:21:54 - mmengine - INFO - 
+------------+-------+--------+--------+-------+-------+-------+
| category   | mAP   | mAP_50 | mAP_75 | mAP_s | mAP_m | mAP_l |
+------------+-------+--------+--------+-------+-------+-------+
| Car        | 0.689 | 0.924  | 0.764  | 0.418 | 0.718 | 0.886 |
| Truck      | 0.642 | 0.883  | 0.724  | 0.363 | 0.654 | 0.828 |
| People     | 0.517 | 0.854  | 0.537  | 0.355 | 0.701 | 0.755 |
| Bus        | 0.715 | 0.909  | 0.784  | 0.386 | 0.695 | 0.829 |
| Lamp       | 0.468 | 0.822  | 0.478  | 0.418 | 0.726 | nan   |
| Motorcycle | 0.439 | 0.723  | 0.452  | 0.098 | 0.644 | 0.81  |
+------------+-------+--------+--------+-------+-------+-------+
2025/05/24 10:21:54 - mmengine - INFO - bbox_mAP_copypaste: 0.578 0.852 0.623 0.340 0.690 0.822
2025/05/24 10:21:54 - mmengine - INFO - Epoch(val) [216][781/781]    coco/Car_precision: 0.6890  coco/Truck_precision: 0.6420  coco/People_precision: 0.5170  coco/Bus_precision: 0.7150  coco/Lamp_precision: 0.4680  coco/Motorcycle_precision: 0.4390  coco/bbox_mAP: 0.5780  coco/bbox_mAP_50: 0.8520  coco/bbox_mAP_75: 0.6230  coco/bbox_mAP_s: 0.3400  coco/bbox_mAP_m: 0.6900  coco/bbox_mAP_l: 0.8220  data_time: 0.0005  time: 0.0905
2025/05/24 10:23:13 - mmengine - INFO - Epoch(train) [217][ 50/420]  base_lr: 1.0000e-02 lr: 4.6788e-03  eta: 1 day, 9:24:57  time: 1.5879  data_time: 0.0459  memory: 10437  grad_norm: 23.6580  loss: 18.9565  loss_cls: 3.9894  loss_bbox: 7.2847  loss_dfl: 7.6825
2025/05/24 10:24:31 - mmengine - INFO - Epoch(train) [217][100/420]  base_lr: 1.0000e-02 lr: 4.6788e-03  eta: 1 day, 9:23:35  time: 1.5510  data_time: 0.0076  memory: 10373  grad_norm: 23.1055  loss: 18.9944  loss_cls: 4.0383  loss_bbox: 7.3214  loss_dfl: 7.6346
2025/05/24 10:25:49 - mmengine - INFO - Epoch(train) [217][150/420]  base_lr: 1.0000e-02 lr: 4.6788e-03  eta: 1 day, 9:22:17  time: 1.5567  data_time: 0.0075  memory: 10453  grad_norm: 22.3458  loss: 18.9623  loss_cls: 4.0382  loss_bbox: 7.2667  loss_dfl: 7.6574
2025/05/24 10:27:06 - mmengine - INFO - Epoch(train) [217][200/420]  base_lr: 1.0000e-02 lr: 4.6788e-03  eta: 1 day, 9:20:54  time: 1.5499  data_time: 0.0075  memory: 10464  grad_norm: 23.4831  loss: 19.0372  loss_cls: 4.0597  loss_bbox: 7.2544  loss_dfl: 7.7231
2025/05/24 10:28:23 - mmengine - INFO - Epoch(train) [217][250/420]  base_lr: 1.0000e-02 lr: 4.6788e-03  eta: 1 day, 9:19:31  time: 1.5483  data_time: 0.0076  memory: 10373  grad_norm: 23.8475  loss: 19.3444  loss_cls: 4.1088  loss_bbox: 7.4653  loss_dfl: 7.7703
2025/05/24 10:29:10 - mmengine - INFO - Exp name: yolov8_mambatransformer_enhance_20250524_070703
2025/05/24 10:29:41 - mmengine - INFO - Epoch(train) [217][300/420]  base_lr: 1.0000e-02 lr: 4.6788e-03  eta: 1 day, 9:18:10  time: 1.5506  data_time: 0.0075  memory: 10458  grad_norm: 22.5760  loss: 18.9441  loss_cls: 4.0230  loss_bbox: 7.2412  loss_dfl: 7.6799
2025/05/24 10:30:59 - mmengine - INFO - Epoch(train) [217][350/420]  base_lr: 1.0000e-02 lr: 4.6788e-03  eta: 1 day, 9:16:49  time: 1.5516  data_time: 0.0077  memory: 10411  grad_norm: 22.1199  loss: 19.0803  loss_cls: 4.0462  loss_bbox: 7.4022  loss_dfl: 7.6319
2025/05/24 10:32:16 - mmengine - INFO - Epoch(train) [217][400/420]  base_lr: 1.0000e-02 lr: 4.6788e-03  eta: 1 day, 9:15:29  time: 1.5537  data_time: 0.0076  memory: 10389  grad_norm: 23.0848  loss: 19.2089  loss_cls: 4.0698  loss_bbox: 7.4373  loss_dfl: 7.7017
2025/05/24 10:32:47 - mmengine - INFO - Exp name: yolov8_mambatransformer_enhance_20250524_070703
2025/05/24 10:32:47 - mmengine - INFO - Saving checkpoint at 217 epochs
2025/05/24 10:32:55 - mmengine - INFO - Epoch(val) [217][ 50/781]    eta: 0:01:05  time: 0.0898  data_time: 0.0023  memory: 10362  
2025/05/24 10:33:00 - mmengine - INFO - Epoch(val) [217][100/781]    eta: 0:01:01  time: 0.0920  data_time: 0.0004  memory: 1000  
2025/05/24 10:33:05 - mmengine - INFO - Epoch(val) [217][150/781]    eta: 0:00:57  time: 0.0927  data_time: 0.0004  memory: 1000  
2025/05/24 10:33:08 - mmengine - INFO - Epoch(val) [217][200/781]    eta: 0:00:50  time: 0.0751  data_time: 0.0004  memory: 1000  
2025/05/24 10:33:12 - mmengine - INFO - Epoch(val) [217][250/781]    eta: 0:00:45  time: 0.0748  data_time: 0.0004  memory: 1000  
2025/05/24 10:33:16 - mmengine - INFO - Epoch(val) [217][300/781]    eta: 0:00:39  time: 0.0742  data_time: 0.0004  memory: 1000  
2025/05/24 10:33:20 - mmengine - INFO - Epoch(val) [217][350/781]    eta: 0:00:35  time: 0.0745  data_time: 0.0004  memory: 1000  
2025/05/24 10:33:23 - mmengine - INFO - Epoch(val) [217][400/781]    eta: 0:00:30  time: 0.0746  data_time: 0.0004  memory: 1000  
2025/05/24 10:33:27 - mmengine - INFO - Epoch(val) [217][450/781]    eta: 0:00:26  time: 0.0746  data_time: 0.0004  memory: 1000  
2025/05/24 10:33:31 - mmengine - INFO - Epoch(val) [217][500/781]    eta: 0:00:22  time: 0.0740  data_time: 0.0004  memory: 1000  
2025/05/24 10:33:35 - mmengine - INFO - Epoch(val) [217][550/781]    eta: 0:00:18  time: 0.0744  data_time: 0.0004  memory: 1000  
2025/05/24 10:33:39 - mmengine - INFO - Epoch(val) [217][600/781]    eta: 0:00:14  time: 0.0817  data_time: 0.0004  memory: 1000  
2025/05/24 10:33:43 - mmengine - INFO - Epoch(val) [217][650/781]    eta: 0:00:10  time: 0.0917  data_time: 0.0004  memory: 1000  
2025/05/24 10:33:48 - mmengine - INFO - Epoch(val) [217][700/781]    eta: 0:00:06  time: 0.0919  data_time: 0.0004  memory: 1000  
2025/05/24 10:33:53 - mmengine - INFO - Epoch(val) [217][750/781]    eta: 0:00:02  time: 0.0917  data_time: 0.0004  memory: 1000  
2025/05/24 10:33:56 - mmengine - INFO - Evaluating bbox...
2025/05/24 10:34:00 - mmengine - INFO - 
+------------+-------+--------+--------+-------+-------+-------+
| category   | mAP   | mAP_50 | mAP_75 | mAP_s | mAP_m | mAP_l |
+------------+-------+--------+--------+-------+-------+-------+
| Car        | 0.689 | 0.924  | 0.764  | 0.417 | 0.718 | 0.886 |
| Truck      | 0.643 | 0.883  | 0.73   | 0.375 | 0.652 | 0.829 |
| People     | 0.516 | 0.853  | 0.536  | 0.354 | 0.7   | 0.753 |
| Bus        | 0.716 | 0.91   | 0.794  | 0.388 | 0.693 | 0.832 |
| Lamp       | 0.468 | 0.825  | 0.474  | 0.419 | 0.725 | nan   |
| Motorcycle | 0.439 | 0.72   | 0.45   | 0.097 | 0.645 | 0.81  |
+------------+-------+--------+--------+-------+-------+-------+
2025/05/24 10:34:00 - mmengine - INFO - bbox_mAP_copypaste: 0.578 0.853 0.625 0.342 0.689 0.822
2025/05/24 10:34:00 - mmengine - INFO - Epoch(val) [217][781/781]    coco/Car_precision: 0.6890  coco/Truck_precision: 0.6430  coco/People_precision: 0.5160  coco/Bus_precision: 0.7160  coco/Lamp_precision: 0.4680  coco/Motorcycle_precision: 0.4390  coco/bbox_mAP: 0.5780  coco/bbox_mAP_50: 0.8530  coco/bbox_mAP_75: 0.6250  coco/bbox_mAP_s: 0.3420  coco/bbox_mAP_m: 0.6890  coco/bbox_mAP_l: 0.8220  data_time: 0.0005  time: 0.0822
2025/05/24 10:35:19 - mmengine - INFO - Epoch(train) [218][ 50/420]  base_lr: 1.0000e-02 lr: 4.6540e-03  eta: 1 day, 9:13:53  time: 1.5851  data_time: 0.0435  memory: 10421  grad_norm: 21.8672  loss: 18.6327  loss_cls: 3.8977  loss_bbox: 7.1450  loss_dfl: 7.5899
2025/05/24 10:36:37 - mmengine - INFO - Epoch(train) [218][100/420]  base_lr: 1.0000e-02 lr: 4.6540e-03  eta: 1 day, 9:12:31  time: 1.5492  data_time: 0.0075  memory: 10378  grad_norm: 23.5581  loss: 18.8041  loss_cls: 3.9991  loss_bbox: 7.1751  loss_dfl: 7.6298
2025/05/24 10:37:55 - mmengine - INFO - Epoch(train) [218][150/420]  base_lr: 1.0000e-02 lr: 4.6540e-03  eta: 1 day, 9:11:12  time: 1.5563  data_time: 0.0078  memory: 10437  grad_norm: 22.2989  loss: 18.8325  loss_cls: 3.9958  loss_bbox: 7.1955  loss_dfl: 7.6413
2025/05/24 10:39:13 - mmengine - INFO - Epoch(train) [218][200/420]  base_lr: 1.0000e-02 lr: 4.6540e-03  eta: 1 day, 9:10:00  time: 1.5679  data_time: 0.0089  memory: 10389  grad_norm: 23.8134  loss: 19.1620  loss_cls: 4.0841  loss_bbox: 7.2785  loss_dfl: 7.7995
2025/05/24 10:40:31 - mmengine - INFO - Epoch(train) [218][250/420]  base_lr: 1.0000e-02 lr: 4.6540e-03  eta: 1 day, 9:08:38  time: 1.5502  data_time: 0.0076  memory: 10442  grad_norm: 22.0066  loss: 19.0988  loss_cls: 4.0764  loss_bbox: 7.3644  loss_dfl: 7.6580
2025/05/24 10:41:48 - mmengine - INFO - Epoch(train) [218][300/420]  base_lr: 1.0000e-02 lr: 4.6540e-03  eta: 1 day, 9:07:16  time: 1.5493  data_time: 0.0076  memory: 10464  grad_norm: 21.6326  loss: 18.7765  loss_cls: 3.9270  loss_bbox: 7.2078  loss_dfl: 7.6417
2025/05/24 10:43:06 - mmengine - INFO - Epoch(train) [218][350/420]  base_lr: 1.0000e-02 lr: 4.6540e-03  eta: 1 day, 9:05:55  time: 1.5513  data_time: 0.0077  memory: 10389  grad_norm: 21.4481  loss: 18.8153  loss_cls: 3.9469  loss_bbox: 7.2536  loss_dfl: 7.6148
2025/05/24 10:44:23 - mmengine - INFO - Epoch(train) [218][400/420]  base_lr: 1.0000e-02 lr: 4.6540e-03  eta: 1 day, 9:04:33  time: 1.5495  data_time: 0.0077  memory: 10474  grad_norm: 22.6653  loss: 19.1641  loss_cls: 4.0514  loss_bbox: 7.3655  loss_dfl: 7.7472
2025/05/24 10:44:54 - mmengine - INFO - Exp name: yolov8_mambatransformer_enhance_20250524_070703
2025/05/24 10:44:54 - mmengine - INFO - Saving checkpoint at 218 epochs
2025/05/24 10:45:02 - mmengine - INFO - Epoch(val) [218][ 50/781]    eta: 0:00:57  time: 0.0793  data_time: 0.0022  memory: 10384  
2025/05/24 10:45:06 - mmengine - INFO - Epoch(val) [218][100/781]    eta: 0:00:54  time: 0.0797  data_time: 0.0004  memory: 1000  
2025/05/24 10:45:09 - mmengine - INFO - Epoch(val) [218][150/781]    eta: 0:00:49  time: 0.0750  data_time: 0.0004  memory: 1000  
2025/05/24 10:45:14 - mmengine - INFO - Epoch(val) [218][200/781]    eta: 0:00:47  time: 0.0923  data_time: 0.0004  memory: 1000  
2025/05/24 10:45:19 - mmengine - INFO - Epoch(val) [218][250/781]    eta: 0:00:44  time: 0.0925  data_time: 0.0004  memory: 1000  
2025/05/24 10:45:23 - mmengine - INFO - Epoch(val) [218][300/781]    eta: 0:00:40  time: 0.0924  data_time: 0.0004  memory: 1000  
2025/05/24 10:45:27 - mmengine - INFO - Epoch(val) [218][350/781]    eta: 0:00:36  time: 0.0819  data_time: 0.0004  memory: 1000  
2025/05/24 10:45:32 - mmengine - INFO - Epoch(val) [218][400/781]    eta: 0:00:32  time: 0.0921  data_time: 0.0004  memory: 1000  
2025/05/24 10:45:37 - mmengine - INFO - Epoch(val) [218][450/781]    eta: 0:00:28  time: 0.0917  data_time: 0.0005  memory: 1000  
2025/05/24 10:45:41 - mmengine - INFO - Epoch(val) [218][500/781]    eta: 0:00:24  time: 0.0920  data_time: 0.0004  memory: 1000  
2025/05/24 10:45:46 - mmengine - INFO - Epoch(val) [218][550/781]    eta: 0:00:20  time: 0.0919  data_time: 0.0005  memory: 1000  
2025/05/24 10:45:50 - mmengine - INFO - Epoch(val) [218][600/781]    eta: 0:00:15  time: 0.0883  data_time: 0.0004  memory: 1000  
2025/05/24 10:45:54 - mmengine - INFO - Epoch(val) [218][650/781]    eta: 0:00:11  time: 0.0760  data_time: 0.0004  memory: 1000  
2025/05/24 10:45:59 - mmengine - INFO - Epoch(val) [218][700/781]    eta: 0:00:07  time: 0.0919  data_time: 0.0004  memory: 1000  
2025/05/24 10:46:03 - mmengine - INFO - Epoch(val) [218][750/781]    eta: 0:00:02  time: 0.0923  data_time: 0.0004  memory: 1000  
2025/05/24 10:46:07 - mmengine - INFO - Evaluating bbox...
2025/05/24 10:46:11 - mmengine - INFO - 
+------------+-------+--------+--------+-------+-------+-------+
| category   | mAP   | mAP_50 | mAP_75 | mAP_s | mAP_m | mAP_l |
+------------+-------+--------+--------+-------+-------+-------+
| Car        | 0.69  | 0.924  | 0.765  | 0.417 | 0.717 | 0.888 |
| Truck      | 0.642 | 0.882  | 0.728  | 0.373 | 0.651 | 0.828 |
| People     | 0.515 | 0.853  | 0.537  | 0.352 | 0.7   | 0.752 |
| Bus        | 0.717 | 0.911  | 0.794  | 0.4   | 0.692 | 0.831 |
| Lamp       | 0.469 | 0.821  | 0.478  | 0.419 | 0.726 | nan   |
| Motorcycle | 0.44  | 0.73   | 0.458  | 0.1   | 0.646 | 0.81  |
+------------+-------+--------+--------+-------+-------+-------+
2025/05/24 10:46:11 - mmengine - INFO - bbox_mAP_copypaste: 0.579 0.853 0.626 0.343 0.689 0.822
2025/05/24 10:46:11 - mmengine - INFO - Epoch(val) [218][781/781]    coco/Car_precision: 0.6900  coco/Truck_precision: 0.6420  coco/People_precision: 0.5150  coco/Bus_precision: 0.7170  coco/Lamp_precision: 0.4690  coco/Motorcycle_precision: 0.4400  coco/bbox_mAP: 0.5790  coco/bbox_mAP_50: 0.8530  coco/bbox_mAP_75: 0.6260  coco/bbox_mAP_s: 0.3430  coco/bbox_mAP_m: 0.6890  coco/bbox_mAP_l: 0.8220  data_time: 0.0005  time: 0.0874
2025/05/24 10:47:31 - mmengine - INFO - Epoch(train) [219][ 50/420]  base_lr: 1.0000e-02 lr: 4.6293e-03  eta: 1 day, 9:03:02  time: 1.5959  data_time: 0.0488  memory: 10405  grad_norm: 21.9429  loss: 18.9672  loss_cls: 3.9958  loss_bbox: 7.2614  loss_dfl: 7.7101
2025/05/24 10:48:48 - mmengine - INFO - Epoch(train) [219][100/420]  base_lr: 1.0000e-02 lr: 4.6293e-03  eta: 1 day, 9:01:42  time: 1.5533  data_time: 0.0077  memory: 10458  grad_norm: 21.8334  loss: 19.0476  loss_cls: 4.0160  loss_bbox: 7.3801  loss_dfl: 7.6516
2025/05/24 10:50:06 - mmengine - INFO - Epoch(train) [219][150/420]  base_lr: 1.0000e-02 lr: 4.6293e-03  eta: 1 day, 9:00:21  time: 1.5507  data_time: 0.0077  memory: 10501  grad_norm: 23.0244  loss: 19.0774  loss_cls: 4.0599  loss_bbox: 7.2795  loss_dfl: 7.7380
2025/05/24 10:51:23 - mmengine - INFO - Epoch(train) [219][200/420]  base_lr: 1.0000e-02 lr: 4.6293e-03  eta: 1 day, 8:58:59  time: 1.5488  data_time: 0.0075  memory: 10480  grad_norm: 22.0152  loss: 18.9630  loss_cls: 4.0268  loss_bbox: 7.2836  loss_dfl: 7.6526
2025/05/24 10:52:41 - mmengine - INFO - Epoch(train) [219][250/420]  base_lr: 1.0000e-02 lr: 4.6293e-03  eta: 1 day, 8:57:38  time: 1.5511  data_time: 0.0076  memory: 10405  grad_norm: 22.4206  loss: 19.1123  loss_cls: 4.1174  loss_bbox: 7.3464  loss_dfl: 7.6485
2025/05/24 10:53:59 - mmengine - INFO - Epoch(train) [219][300/420]  base_lr: 1.0000e-02 lr: 4.6293e-03  eta: 1 day, 8:56:17  time: 1.5506  data_time: 0.0076  memory: 10426  grad_norm: 22.0613  loss: 18.5930  loss_cls: 4.0117  loss_bbox: 7.0125  loss_dfl: 7.5688
2025/05/24 10:55:16 - mmengine - INFO - Epoch(train) [219][350/420]  base_lr: 1.0000e-02 lr: 4.6293e-03  eta: 1 day, 8:54:55  time: 1.5503  data_time: 0.0078  memory: 10416  grad_norm: 21.4652  loss: 19.0265  loss_cls: 4.0721  loss_bbox: 7.3018  loss_dfl: 7.6526
2025/05/24 10:56:34 - mmengine - INFO - Epoch(train) [219][400/420]  base_lr: 1.0000e-02 lr: 4.6293e-03  eta: 1 day, 8:53:34  time: 1.5493  data_time: 0.0076  memory: 10458  grad_norm: 22.0005  loss: 19.0067  loss_cls: 4.0213  loss_bbox: 7.3405  loss_dfl: 7.6449
2025/05/24 10:57:05 - mmengine - INFO - Exp name: yolov8_mambatransformer_enhance_20250524_070703
2025/05/24 10:57:05 - mmengine - INFO - Saving checkpoint at 219 epochs
2025/05/24 10:57:12 - mmengine - INFO - Epoch(val) [219][ 50/781]    eta: 0:01:02  time: 0.0849  data_time: 0.0022  memory: 10400  
2025/05/24 10:57:17 - mmengine - INFO - Epoch(val) [219][100/781]    eta: 0:01:00  time: 0.0930  data_time: 0.0004  memory: 1000  
2025/05/24 10:57:22 - mmengine - INFO - Epoch(val) [219][150/781]    eta: 0:00:56  time: 0.0927  data_time: 0.0004  memory: 1000  
2025/05/24 10:57:26 - mmengine - INFO - Epoch(val) [219][200/781]    eta: 0:00:52  time: 0.0925  data_time: 0.0004  memory: 1000  
2025/05/24 10:57:31 - mmengine - INFO - Epoch(val) [219][250/781]    eta: 0:00:48  time: 0.0923  data_time: 0.0004  memory: 1000  
2025/05/24 10:57:35 - mmengine - INFO - Epoch(val) [219][300/781]    eta: 0:00:43  time: 0.0869  data_time: 0.0004  memory: 1000  
2025/05/24 10:57:39 - mmengine - INFO - Epoch(val) [219][350/781]    eta: 0:00:38  time: 0.0761  data_time: 0.0004  memory: 1000  
2025/05/24 10:57:43 - mmengine - INFO - Epoch(val) [219][400/781]    eta: 0:00:33  time: 0.0756  data_time: 0.0004  memory: 1000  
2025/05/24 10:57:47 - mmengine - INFO - Epoch(val) [219][450/781]    eta: 0:00:28  time: 0.0812  data_time: 0.0004  memory: 1000  
2025/05/24 10:57:52 - mmengine - INFO - Epoch(val) [219][500/781]    eta: 0:00:24  time: 0.0918  data_time: 0.0004  memory: 1000  
2025/05/24 10:57:56 - mmengine - INFO - Epoch(val) [219][550/781]    eta: 0:00:20  time: 0.0917  data_time: 0.0004  memory: 1000  
2025/05/24 10:58:01 - mmengine - INFO - Epoch(val) [219][600/781]    eta: 0:00:15  time: 0.0920  data_time: 0.0004  memory: 1000  
2025/05/24 10:58:05 - mmengine - INFO - Epoch(val) [219][650/781]    eta: 0:00:11  time: 0.0803  data_time: 0.0004  memory: 1000  
2025/05/24 10:58:09 - mmengine - INFO - Epoch(val) [219][700/781]    eta: 0:00:07  time: 0.0887  data_time: 0.0004  memory: 1000  
2025/05/24 10:58:14 - mmengine - INFO - Epoch(val) [219][750/781]    eta: 0:00:02  time: 0.0916  data_time: 0.0004  memory: 1000  
2025/05/24 10:58:17 - mmengine - INFO - Evaluating bbox...
2025/05/24 10:58:21 - mmengine - INFO - 
+------------+-------+--------+--------+-------+-------+-------+
| category   | mAP   | mAP_50 | mAP_75 | mAP_s | mAP_m | mAP_l |
+------------+-------+--------+--------+-------+-------+-------+
| Car        | 0.689 | 0.924  | 0.764  | 0.416 | 0.717 | 0.887 |
| Truck      | 0.643 | 0.882  | 0.729  | 0.369 | 0.653 | 0.827 |
| People     | 0.515 | 0.852  | 0.536  | 0.352 | 0.701 | 0.75  |
| Bus        | 0.717 | 0.912  | 0.787  | 0.404 | 0.691 | 0.83  |
| Lamp       | 0.465 | 0.82   | 0.474  | 0.416 | 0.724 | nan   |
| Motorcycle | 0.438 | 0.721  | 0.453  | 0.096 | 0.645 | 0.81  |
+------------+-------+--------+--------+-------+-------+-------+
2025/05/24 10:58:21 - mmengine - INFO - bbox_mAP_copypaste: 0.578 0.852 0.624 0.342 0.688 0.821
2025/05/24 10:58:21 - mmengine - INFO - Epoch(val) [219][781/781]    coco/Car_precision: 0.6890  coco/Truck_precision: 0.6430  coco/People_precision: 0.5150  coco/Bus_precision: 0.7170  coco/Lamp_precision: 0.4650  coco/Motorcycle_precision: 0.4380  coco/bbox_mAP: 0.5780  coco/bbox_mAP_50: 0.8520  coco/bbox_mAP_75: 0.6240  coco/bbox_mAP_s: 0.3420  coco/bbox_mAP_m: 0.6880  coco/bbox_mAP_l: 0.8210  data_time: 0.0005  time: 0.0876
2025/05/24 10:58:54 - mmengine - INFO - Exp name: yolov8_mambatransformer_enhance_20250524_070703
2025/05/24 10:59:41 - mmengine - INFO - Epoch(train) [220][ 50/420]  base_lr: 1.0000e-02 lr: 4.6045e-03  eta: 1 day, 8:51:59  time: 1.5905  data_time: 0.0445  memory: 10496  grad_norm: 20.7205  loss: 18.8020  loss_cls: 3.9006  loss_bbox: 7.2611  loss_dfl: 7.6402
2025/05/24 11:00:58 - mmengine - INFO - Epoch(train) [220][100/420]  base_lr: 1.0000e-02 lr: 4.6045e-03  eta: 1 day, 8:50:37  time: 1.5480  data_time: 0.0073  memory: 10416  grad_norm: 22.9691  loss: 18.8866  loss_cls: 3.9846  loss_bbox: 7.2095  loss_dfl: 7.6925
2025/05/24 11:02:16 - mmengine - INFO - Epoch(train) [220][150/420]  base_lr: 1.0000e-02 lr: 4.6045e-03  eta: 1 day, 8:49:20  time: 1.5594  data_time: 0.0083  memory: 10411  grad_norm: 23.2320  loss: 19.0085  loss_cls: 4.0250  loss_bbox: 7.2360  loss_dfl: 7.7474
2025/05/24 11:03:34 - mmengine - INFO - Epoch(train) [220][200/420]  base_lr: 1.0000e-02 lr: 4.6045e-03  eta: 1 day, 8:48:00  time: 1.5526  data_time: 0.0080  memory: 10405  grad_norm: 22.4473  loss: 18.9103  loss_cls: 4.0052  loss_bbox: 7.2158  loss_dfl: 7.6893
2025/05/24 11:04:52 - mmengine - INFO - Epoch(train) [220][250/420]  base_lr: 1.0000e-02 lr: 4.6045e-03  eta: 1 day, 8:46:39  time: 1.5512  data_time: 0.0080  memory: 10362  grad_norm: 22.3880  loss: 18.7838  loss_cls: 4.0223  loss_bbox: 7.1656  loss_dfl: 7.5960
2025/05/24 11:06:09 - mmengine - INFO - Epoch(train) [220][300/420]  base_lr: 1.0000e-02 lr: 4.6045e-03  eta: 1 day, 8:45:19  time: 1.5531  data_time: 0.0077  memory: 10416  grad_norm: 22.1505  loss: 18.7333  loss_cls: 3.9151  loss_bbox: 7.2506  loss_dfl: 7.5675
2025/05/24 11:07:27 - mmengine - INFO - Epoch(train) [220][350/420]  base_lr: 1.0000e-02 lr: 4.6045e-03  eta: 1 day, 8:43:58  time: 1.5510  data_time: 0.0074  memory: 10421  grad_norm: 22.7867  loss: 18.5563  loss_cls: 3.8869  loss_bbox: 7.0332  loss_dfl: 7.6362
2025/05/24 11:08:44 - mmengine - INFO - Epoch(train) [220][400/420]  base_lr: 1.0000e-02 lr: 4.6045e-03  eta: 1 day, 8:42:37  time: 1.5507  data_time: 0.0073  memory: 10394  grad_norm: 22.9761  loss: 18.9326  loss_cls: 3.9980  loss_bbox: 7.3046  loss_dfl: 7.6300
2025/05/24 11:09:15 - mmengine - INFO - Exp name: yolov8_mambatransformer_enhance_20250524_070703
2025/05/24 11:09:15 - mmengine - INFO - Saving checkpoint at 220 epochs
2025/05/24 11:09:23 - mmengine - INFO - Epoch(val) [220][ 50/781]    eta: 0:01:04  time: 0.0885  data_time: 0.0023  memory: 10437  
2025/05/24 11:09:27 - mmengine - INFO - Epoch(val) [220][100/781]    eta: 0:00:55  time: 0.0741  data_time: 0.0004  memory: 1000  
2025/05/24 11:09:31 - mmengine - INFO - Epoch(val) [220][150/781]    eta: 0:00:49  time: 0.0744  data_time: 0.0005  memory: 1000  
2025/05/24 11:09:35 - mmengine - INFO - Epoch(val) [220][200/781]    eta: 0:00:45  time: 0.0741  data_time: 0.0004  memory: 1000  
2025/05/24 11:09:38 - mmengine - INFO - Epoch(val) [220][250/781]    eta: 0:00:40  time: 0.0740  data_time: 0.0004  memory: 1000  
2025/05/24 11:09:42 - mmengine - INFO - Epoch(val) [220][300/781]    eta: 0:00:36  time: 0.0739  data_time: 0.0004  memory: 1000  
2025/05/24 11:09:46 - mmengine - INFO - Epoch(val) [220][350/781]    eta: 0:00:32  time: 0.0739  data_time: 0.0004  memory: 1000  
2025/05/24 11:09:49 - mmengine - INFO - Epoch(val) [220][400/781]    eta: 0:00:28  time: 0.0739  data_time: 0.0004  memory: 1000  
2025/05/24 11:09:53 - mmengine - INFO - Epoch(val) [220][450/781]    eta: 0:00:25  time: 0.0738  data_time: 0.0004  memory: 1000  
2025/05/24 11:09:57 - mmengine - INFO - Epoch(val) [220][500/781]    eta: 0:00:21  time: 0.0738  data_time: 0.0004  memory: 1000  
2025/05/24 11:10:01 - mmengine - INFO - Epoch(val) [220][550/781]    eta: 0:00:17  time: 0.0738  data_time: 0.0004  memory: 1000  
2025/05/24 11:10:04 - mmengine - INFO - Epoch(val) [220][600/781]    eta: 0:00:13  time: 0.0738  data_time: 0.0004  memory: 1000  
2025/05/24 11:10:08 - mmengine - INFO - Epoch(val) [220][650/781]    eta: 0:00:09  time: 0.0739  data_time: 0.0004  memory: 1000  
2025/05/24 11:10:12 - mmengine - INFO - Epoch(val) [220][700/781]    eta: 0:00:06  time: 0.0738  data_time: 0.0004  memory: 1000  
2025/05/24 11:10:15 - mmengine - INFO - Epoch(val) [220][750/781]    eta: 0:00:02  time: 0.0738  data_time: 0.0004  memory: 1000  
2025/05/24 11:10:18 - mmengine - INFO - Evaluating bbox...
2025/05/24 11:10:22 - mmengine - INFO - 
+------------+-------+--------+--------+-------+-------+-------+
| category   | mAP   | mAP_50 | mAP_75 | mAP_s | mAP_m | mAP_l |
+------------+-------+--------+--------+-------+-------+-------+
| Car        | 0.689 | 0.924  | 0.765  | 0.416 | 0.717 | 0.885 |
| Truck      | 0.642 | 0.882  | 0.714  | 0.357 | 0.653 | 0.826 |
| People     | 0.515 | 0.852  | 0.536  | 0.353 | 0.701 | 0.751 |
| Bus        | 0.716 | 0.911  | 0.786  | 0.406 | 0.688 | 0.828 |
| Lamp       | 0.466 | 0.819  | 0.47   | 0.416 | 0.725 | nan   |
| Motorcycle | 0.44  | 0.729  | 0.453  | 0.098 | 0.649 | 0.81  |
+------------+-------+--------+--------+-------+-------+-------+
2025/05/24 11:10:22 - mmengine - INFO - bbox_mAP_copypaste: 0.578 0.853 0.621 0.341 0.689 0.820
2025/05/24 11:10:22 - mmengine - INFO - Epoch(val) [220][781/781]    coco/Car_precision: 0.6890  coco/Truck_precision: 0.6420  coco/People_precision: 0.5150  coco/Bus_precision: 0.7160  coco/Lamp_precision: 0.4660  coco/Motorcycle_precision: 0.4400  coco/bbox_mAP: 0.5780  coco/bbox_mAP_50: 0.8530  coco/bbox_mAP_75: 0.6210  coco/bbox_mAP_s: 0.3410  coco/bbox_mAP_m: 0.6890  coco/bbox_mAP_l: 0.8200  data_time: 0.0005  time: 0.0749
2025/05/24 11:11:42 - mmengine - INFO - Epoch(train) [221][ 50/420]  base_lr: 1.0000e-02 lr: 4.5798e-03  eta: 1 day, 8:41:03  time: 1.5940  data_time: 0.0476  memory: 10442  grad_norm: 22.9086  loss: 19.0466  loss_cls: 4.0453  loss_bbox: 7.3280  loss_dfl: 7.6733
2025/05/24 11:13:00 - mmengine - INFO - Epoch(train) [221][100/420]  base_lr: 1.0000e-02 lr: 4.5798e-03  eta: 1 day, 8:39:42  time: 1.5503  data_time: 0.0074  memory: 10411  grad_norm: 21.2679  loss: 18.7023  loss_cls: 3.9559  loss_bbox: 7.2192  loss_dfl: 7.5272
2025/05/24 11:14:17 - mmengine - INFO - Epoch(train) [221][150/420]  base_lr: 1.0000e-02 lr: 4.5798e-03  eta: 1 day, 8:38:20  time: 1.5490  data_time: 0.0074  memory: 10533  grad_norm: 23.4606  loss: 18.9117  loss_cls: 3.9956  loss_bbox: 7.2428  loss_dfl: 7.6733
2025/05/24 11:15:35 - mmengine - INFO - Epoch(train) [221][200/420]  base_lr: 1.0000e-02 lr: 4.5798e-03  eta: 1 day, 8:36:59  time: 1.5503  data_time: 0.0074  memory: 10368  grad_norm: 22.7034  loss: 18.7689  loss_cls: 3.9106  loss_bbox: 7.2298  loss_dfl: 7.6285
2025/05/24 11:16:52 - mmengine - INFO - Epoch(train) [221][250/420]  base_lr: 1.0000e-02 lr: 4.5798e-03  eta: 1 day, 8:35:38  time: 1.5499  data_time: 0.0074  memory: 10400  grad_norm: 21.9873  loss: 18.7554  loss_cls: 3.9579  loss_bbox: 7.1316  loss_dfl: 7.6659
2025/05/24 11:18:10 - mmengine - INFO - Epoch(train) [221][300/420]  base_lr: 1.0000e-02 lr: 4.5798e-03  eta: 1 day, 8:34:17  time: 1.5487  data_time: 0.0073  memory: 10464  grad_norm: 22.7295  loss: 18.9550  loss_cls: 4.0589  loss_bbox: 7.2150  loss_dfl: 7.6812
2025/05/24 11:19:27 - mmengine - INFO - Epoch(train) [221][350/420]  base_lr: 1.0000e-02 lr: 4.5798e-03  eta: 1 day, 8:32:56  time: 1.5493  data_time: 0.0072  memory: 10400  grad_norm: 22.5681  loss: 18.8494  loss_cls: 4.0061  loss_bbox: 7.1617  loss_dfl: 7.6816
2025/05/24 11:20:45 - mmengine - INFO - Epoch(train) [221][400/420]  base_lr: 1.0000e-02 lr: 4.5798e-03  eta: 1 day, 8:31:34  time: 1.5494  data_time: 0.0073  memory: 10480  grad_norm: 20.6014  loss: 18.6528  loss_cls: 3.9331  loss_bbox: 7.1345  loss_dfl: 7.5851
2025/05/24 11:21:16 - mmengine - INFO - Exp name: yolov8_mambatransformer_enhance_20250524_070703
2025/05/24 11:21:16 - mmengine - INFO - Saving checkpoint at 221 epochs
2025/05/24 11:21:24 - mmengine - INFO - Epoch(val) [221][ 50/781]    eta: 0:01:06  time: 0.0905  data_time: 0.0023  memory: 10352  
2025/05/24 11:21:27 - mmengine - INFO - Epoch(val) [221][100/781]    eta: 0:00:56  time: 0.0760  data_time: 0.0004  memory: 1000  
2025/05/24 11:21:32 - mmengine - INFO - Epoch(val) [221][150/781]    eta: 0:00:52  time: 0.0845  data_time: 0.0004  memory: 1000  
2025/05/24 11:21:36 - mmengine - INFO - Epoch(val) [221][200/781]    eta: 0:00:49  time: 0.0912  data_time: 0.0004  memory: 1000  
2025/05/24 11:21:41 - mmengine - INFO - Epoch(val) [221][250/781]    eta: 0:00:46  time: 0.0912  data_time: 0.0004  memory: 1000  
2025/05/24 11:21:45 - mmengine - INFO - Epoch(val) [221][300/781]    eta: 0:00:42  time: 0.0909  data_time: 0.0004  memory: 1000  
2025/05/24 11:21:50 - mmengine - INFO - Epoch(val) [221][350/781]    eta: 0:00:37  time: 0.0909  data_time: 0.0004  memory: 1000  
2025/05/24 11:21:55 - mmengine - INFO - Epoch(val) [221][400/781]    eta: 0:00:33  time: 0.0910  data_time: 0.0004  memory: 1000  
2025/05/24 11:21:59 - mmengine - INFO - Epoch(val) [221][450/781]    eta: 0:00:29  time: 0.0909  data_time: 0.0004  memory: 1000  
2025/05/24 11:22:04 - mmengine - INFO - Epoch(val) [221][500/781]    eta: 0:00:24  time: 0.0910  data_time: 0.0004  memory: 1000  
2025/05/24 11:22:08 - mmengine - INFO - Epoch(val) [221][550/781]    eta: 0:00:20  time: 0.0910  data_time: 0.0004  memory: 1000  
2025/05/24 11:22:13 - mmengine - INFO - Epoch(val) [221][600/781]    eta: 0:00:16  time: 0.0909  data_time: 0.0004  memory: 1000  
2025/05/24 11:22:17 - mmengine - INFO - Epoch(val) [221][650/781]    eta: 0:00:11  time: 0.0913  data_time: 0.0004  memory: 1000  
2025/05/24 11:22:22 - mmengine - INFO - Epoch(val) [221][700/781]    eta: 0:00:07  time: 0.0910  data_time: 0.0004  memory: 1000  
2025/05/24 11:22:27 - mmengine - INFO - Epoch(val) [221][750/781]    eta: 0:00:02  time: 0.0911  data_time: 0.0004  memory: 1000  
2025/05/24 11:22:30 - mmengine - INFO - Evaluating bbox...
2025/05/24 11:22:34 - mmengine - INFO - 
+------------+-------+--------+--------+-------+-------+-------+
| category   | mAP   | mAP_50 | mAP_75 | mAP_s | mAP_m | mAP_l |
+------------+-------+--------+--------+-------+-------+-------+
| Car        | 0.689 | 0.924  | 0.764  | 0.415 | 0.718 | 0.887 |
| Truck      | 0.642 | 0.881  | 0.719  | 0.359 | 0.652 | 0.827 |
| People     | 0.516 | 0.852  | 0.538  | 0.353 | 0.702 | 0.748 |
| Bus        | 0.712 | 0.911  | 0.783  | 0.396 | 0.681 | 0.826 |
| Lamp       | 0.465 | 0.817  | 0.467  | 0.417 | 0.721 | nan   |
| Motorcycle | 0.44  | 0.728  | 0.454  | 0.099 | 0.647 | 0.81  |
+------------+-------+--------+--------+-------+-------+-------+
2025/05/24 11:22:34 - mmengine - INFO - bbox_mAP_copypaste: 0.577 0.852 0.621 0.340 0.687 0.820
2025/05/24 11:22:34 - mmengine - INFO - Epoch(val) [221][781/781]    coco/Car_precision: 0.6890  coco/Truck_precision: 0.6420  coco/People_precision: 0.5160  coco/Bus_precision: 0.7120  coco/Lamp_precision: 0.4650  coco/Motorcycle_precision: 0.4400  coco/bbox_mAP: 0.5770  coco/bbox_mAP_50: 0.8520  coco/bbox_mAP_75: 0.6210  coco/bbox_mAP_s: 0.3400  coco/bbox_mAP_m: 0.6870  coco/bbox_mAP_l: 0.8200  data_time: 0.0005  time: 0.0896
2025/05/24 11:23:53 - mmengine - INFO - Epoch(train) [222][ 50/420]  base_lr: 1.0000e-02 lr: 4.5550e-03  eta: 1 day, 8:29:57  time: 1.5887  data_time: 0.0464  memory: 10453  grad_norm: 22.5683  loss: 18.9240  loss_cls: 4.0127  loss_bbox: 7.3034  loss_dfl: 7.6080
2025/05/24 11:25:11 - mmengine - INFO - Epoch(train) [222][100/420]  base_lr: 1.0000e-02 lr: 4.5550e-03  eta: 1 day, 8:28:35  time: 1.5482  data_time: 0.0074  memory: 10432  grad_norm: 21.8854  loss: 18.8712  loss_cls: 3.9570  loss_bbox: 7.2686  loss_dfl: 7.6456
2025/05/24 11:26:29 - mmengine - INFO - Epoch(train) [222][150/420]  base_lr: 1.0000e-02 lr: 4.5550e-03  eta: 1 day, 8:27:15  time: 1.5528  data_time: 0.0073  memory: 10373  grad_norm: 23.1263  loss: 18.8298  loss_cls: 4.0077  loss_bbox: 7.1182  loss_dfl: 7.7039
2025/05/24 11:27:15 - mmengine - INFO - Exp name: yolov8_mambatransformer_enhance_20250524_070703
2025/05/24 11:27:46 - mmengine - INFO - Epoch(train) [222][200/420]  base_lr: 1.0000e-02 lr: 4.5550e-03  eta: 1 day, 8:25:54  time: 1.5477  data_time: 0.0074  memory: 10432  grad_norm: 22.6647  loss: 18.9273  loss_cls: 3.9963  loss_bbox: 7.2763  loss_dfl: 7.6548
2025/05/24 11:29:04 - mmengine - INFO - Epoch(train) [222][250/420]  base_lr: 1.0000e-02 lr: 4.5550e-03  eta: 1 day, 8:24:38  time: 1.5628  data_time: 0.0084  memory: 10426  grad_norm: 22.7827  loss: 19.0947  loss_cls: 4.0751  loss_bbox: 7.3433  loss_dfl: 7.6763
2025/05/24 11:30:22 - mmengine - INFO - Epoch(train) [222][300/420]  base_lr: 1.0000e-02 lr: 4.5550e-03  eta: 1 day, 8:23:20  time: 1.5559  data_time: 0.0080  memory: 10416  grad_norm: 24.0899  loss: 19.0311  loss_cls: 4.0595  loss_bbox: 7.1925  loss_dfl: 7.7791
2025/05/24 11:31:40 - mmengine - INFO - Epoch(train) [222][350/420]  base_lr: 1.0000e-02 lr: 4.5550e-03  eta: 1 day, 8:22:00  time: 1.5534  data_time: 0.0074  memory: 10389  grad_norm: 22.2915  loss: 18.8607  loss_cls: 4.0057  loss_bbox: 7.1973  loss_dfl: 7.6576
2025/05/24 11:32:57 - mmengine - INFO - Epoch(train) [222][400/420]  base_lr: 1.0000e-02 lr: 4.5550e-03  eta: 1 day, 8:20:40  time: 1.5515  data_time: 0.0074  memory: 10522  grad_norm: 21.6147  loss: 19.1545  loss_cls: 4.0651  loss_bbox: 7.4056  loss_dfl: 7.6838
2025/05/24 11:33:28 - mmengine - INFO - Exp name: yolov8_mambatransformer_enhance_20250524_070703
2025/05/24 11:33:28 - mmengine - INFO - Saving checkpoint at 222 epochs
2025/05/24 11:33:36 - mmengine - INFO - Epoch(val) [222][ 50/781]    eta: 0:01:00  time: 0.0822  data_time: 0.0022  memory: 10362  
2025/05/24 11:33:39 - mmengine - INFO - Epoch(val) [222][100/781]    eta: 0:00:53  time: 0.0748  data_time: 0.0004  memory: 1000  
2025/05/24 11:33:43 - mmengine - INFO - Epoch(val) [222][150/781]    eta: 0:00:48  time: 0.0744  data_time: 0.0004  memory: 1000  
2025/05/24 11:33:47 - mmengine - INFO - Epoch(val) [222][200/781]    eta: 0:00:44  time: 0.0781  data_time: 0.0004  memory: 1000  
2025/05/24 11:33:51 - mmengine - INFO - Epoch(val) [222][250/781]    eta: 0:00:41  time: 0.0776  data_time: 0.0004  memory: 1000  
2025/05/24 11:33:55 - mmengine - INFO - Epoch(val) [222][300/781]    eta: 0:00:36  time: 0.0734  data_time: 0.0004  memory: 1000  
2025/05/24 11:33:58 - mmengine - INFO - Epoch(val) [222][350/781]    eta: 0:00:32  time: 0.0735  data_time: 0.0004  memory: 1000  
2025/05/24 11:34:02 - mmengine - INFO - Epoch(val) [222][400/781]    eta: 0:00:28  time: 0.0734  data_time: 0.0004  memory: 1000  
2025/05/24 11:34:06 - mmengine - INFO - Epoch(val) [222][450/781]    eta: 0:00:25  time: 0.0734  data_time: 0.0004  memory: 1000  
2025/05/24 11:34:10 - mmengine - INFO - Epoch(val) [222][500/781]    eta: 0:00:21  time: 0.0734  data_time: 0.0004  memory: 1000  
2025/05/24 11:34:13 - mmengine - INFO - Epoch(val) [222][550/781]    eta: 0:00:17  time: 0.0736  data_time: 0.0004  memory: 1000  
2025/05/24 11:34:17 - mmengine - INFO - Epoch(val) [222][600/781]    eta: 0:00:13  time: 0.0734  data_time: 0.0004  memory: 1000  
2025/05/24 11:34:21 - mmengine - INFO - Epoch(val) [222][650/781]    eta: 0:00:09  time: 0.0735  data_time: 0.0004  memory: 1000  
2025/05/24 11:34:24 - mmengine - INFO - Epoch(val) [222][700/781]    eta: 0:00:06  time: 0.0735  data_time: 0.0004  memory: 1000  
2025/05/24 11:34:28 - mmengine - INFO - Epoch(val) [222][750/781]    eta: 0:00:02  time: 0.0737  data_time: 0.0004  memory: 1000  
2025/05/24 11:34:31 - mmengine - INFO - Evaluating bbox...
2025/05/24 11:34:35 - mmengine - INFO - 
+------------+-------+--------+--------+-------+-------+-------+
| category   | mAP   | mAP_50 | mAP_75 | mAP_s | mAP_m | mAP_l |
+------------+-------+--------+--------+-------+-------+-------+
| Car        | 0.689 | 0.924  | 0.765  | 0.415 | 0.719 | 0.885 |
| Truck      | 0.642 | 0.88   | 0.731  | 0.361 | 0.653 | 0.826 |
| People     | 0.516 | 0.853  | 0.539  | 0.353 | 0.703 | 0.748 |
| Bus        | 0.712 | 0.91   | 0.782  | 0.394 | 0.681 | 0.826 |
| Lamp       | 0.463 | 0.816  | 0.468  | 0.415 | 0.719 | nan   |
| Motorcycle | 0.44  | 0.728  | 0.454  | 0.1   | 0.644 | 0.81  |
+------------+-------+--------+--------+-------+-------+-------+
2025/05/24 11:34:35 - mmengine - INFO - bbox_mAP_copypaste: 0.577 0.852 0.623 0.339 0.687 0.819
2025/05/24 11:34:35 - mmengine - INFO - Epoch(val) [222][781/781]    coco/Car_precision: 0.6890  coco/Truck_precision: 0.6420  coco/People_precision: 0.5160  coco/Bus_precision: 0.7120  coco/Lamp_precision: 0.4630  coco/Motorcycle_precision: 0.4400  coco/bbox_mAP: 0.5770  coco/bbox_mAP_50: 0.8520  coco/bbox_mAP_75: 0.6230  coco/bbox_mAP_s: 0.3390  coco/bbox_mAP_m: 0.6870  coco/bbox_mAP_l: 0.8190  data_time: 0.0005  time: 0.0747
2025/05/24 11:35:55 - mmengine - INFO - Epoch(train) [223][ 50/420]  base_lr: 1.0000e-02 lr: 4.5303e-03  eta: 1 day, 8:19:02  time: 1.5894  data_time: 0.0454  memory: 10458  grad_norm: 22.3962  loss: 18.7666  loss_cls: 3.9938  loss_bbox: 7.1308  loss_dfl: 7.6421
2025/05/24 11:37:12 - mmengine - INFO - Epoch(train) [223][100/420]  base_lr: 1.0000e-02 lr: 4.5303e-03  eta: 1 day, 8:17:41  time: 1.5482  data_time: 0.0074  memory: 10394  grad_norm: 22.5466  loss: 18.9237  loss_cls: 3.9637  loss_bbox: 7.2420  loss_dfl: 7.7179
2025/05/24 11:38:29 - mmengine - INFO - Epoch(train) [223][150/420]  base_lr: 1.0000e-02 lr: 4.5303e-03  eta: 1 day, 8:16:19  time: 1.5476  data_time: 0.0073  memory: 10394  grad_norm: 23.0396  loss: 18.7050  loss_cls: 3.8972  loss_bbox: 7.1202  loss_dfl: 7.6876
2025/05/24 11:39:47 - mmengine - INFO - Epoch(train) [223][200/420]  base_lr: 1.0000e-02 lr: 4.5303e-03  eta: 1 day, 8:14:59  time: 1.5506  data_time: 0.0074  memory: 10421  grad_norm: 21.8050  loss: 18.8435  loss_cls: 3.9570  loss_bbox: 7.1743  loss_dfl: 7.7122
2025/05/24 11:41:05 - mmengine - INFO - Epoch(train) [223][250/420]  base_lr: 1.0000e-02 lr: 4.5303e-03  eta: 1 day, 8:13:39  time: 1.5516  data_time: 0.0074  memory: 10411  grad_norm: 22.3316  loss: 18.8598  loss_cls: 3.9306  loss_bbox: 7.1870  loss_dfl: 7.7421
2025/05/24 11:42:22 - mmengine - INFO - Epoch(train) [223][300/420]  base_lr: 1.0000e-02 lr: 4.5303e-03  eta: 1 day, 8:12:21  time: 1.5570  data_time: 0.0079  memory: 10442  grad_norm: 21.1664  loss: 18.3628  loss_cls: 3.8193  loss_bbox: 7.0308  loss_dfl: 7.5127
2025/05/24 11:43:41 - mmengine - INFO - Epoch(train) [223][350/420]  base_lr: 1.0000e-02 lr: 4.5303e-03  eta: 1 day, 8:11:05  time: 1.5636  data_time: 0.0085  memory: 10448  grad_norm: 21.7432  loss: 18.8245  loss_cls: 3.9664  loss_bbox: 7.2979  loss_dfl: 7.5602
2025/05/24 11:44:59 - mmengine - INFO - Epoch(train) [223][400/420]  base_lr: 1.0000e-02 lr: 4.5303e-03  eta: 1 day, 8:09:48  time: 1.5590  data_time: 0.0074  memory: 10357  grad_norm: 21.5001  loss: 18.8457  loss_cls: 3.9305  loss_bbox: 7.2709  loss_dfl: 7.6443
2025/05/24 11:45:30 - mmengine - INFO - Exp name: yolov8_mambatransformer_enhance_20250524_070703
2025/05/24 11:45:30 - mmengine - INFO - Saving checkpoint at 223 epochs
2025/05/24 11:45:37 - mmengine - INFO - Epoch(val) [223][ 50/781]    eta: 0:00:57  time: 0.0784  data_time: 0.0022  memory: 10373  
2025/05/24 11:45:41 - mmengine - INFO - Epoch(val) [223][100/781]    eta: 0:00:52  time: 0.0748  data_time: 0.0004  memory: 1000  
2025/05/24 11:45:45 - mmengine - INFO - Epoch(val) [223][150/781]    eta: 0:00:47  time: 0.0749  data_time: 0.0005  memory: 1000  
2025/05/24 11:45:48 - mmengine - INFO - Epoch(val) [223][200/781]    eta: 0:00:44  time: 0.0774  data_time: 0.0004  memory: 1000  
2025/05/24 11:45:53 - mmengine - INFO - Epoch(val) [223][250/781]    eta: 0:00:42  time: 0.0910  data_time: 0.0004  memory: 1000  
2025/05/24 11:45:58 - mmengine - INFO - Epoch(val) [223][300/781]    eta: 0:00:39  time: 0.0910  data_time: 0.0004  memory: 1000  
2025/05/24 11:46:02 - mmengine - INFO - Epoch(val) [223][350/781]    eta: 0:00:35  time: 0.0911  data_time: 0.0004  memory: 1000  
2025/05/24 11:46:07 - mmengine - INFO - Epoch(val) [223][400/781]    eta: 0:00:31  time: 0.0913  data_time: 0.0004  memory: 1000  
2025/05/24 11:46:11 - mmengine - INFO - Epoch(val) [223][450/781]    eta: 0:00:27  time: 0.0912  data_time: 0.0004  memory: 1000  
2025/05/24 11:46:16 - mmengine - INFO - Epoch(val) [223][500/781]    eta: 0:00:23  time: 0.0914  data_time: 0.0005  memory: 1000  
2025/05/24 11:46:21 - mmengine - INFO - Epoch(val) [223][550/781]    eta: 0:00:19  time: 0.0911  data_time: 0.0004  memory: 1000  
2025/05/24 11:46:25 - mmengine - INFO - Epoch(val) [223][600/781]    eta: 0:00:15  time: 0.0911  data_time: 0.0004  memory: 1000  
2025/05/24 11:46:30 - mmengine - INFO - Epoch(val) [223][650/781]    eta: 0:00:11  time: 0.0911  data_time: 0.0004  memory: 1000  
2025/05/24 11:46:34 - mmengine - INFO - Epoch(val) [223][700/781]    eta: 0:00:07  time: 0.0911  data_time: 0.0004  memory: 1000  
2025/05/24 11:46:39 - mmengine - INFO - Epoch(val) [223][750/781]    eta: 0:00:02  time: 0.0910  data_time: 0.0004  memory: 1000  
2025/05/24 11:46:42 - mmengine - INFO - Evaluating bbox...
2025/05/24 11:46:46 - mmengine - INFO - 
+------------+-------+--------+--------+-------+-------+-------+
| category   | mAP   | mAP_50 | mAP_75 | mAP_s | mAP_m | mAP_l |
+------------+-------+--------+--------+-------+-------+-------+
| Car        | 0.689 | 0.924  | 0.765  | 0.415 | 0.719 | 0.885 |
| Truck      | 0.642 | 0.882  | 0.725  | 0.362 | 0.655 | 0.825 |
| People     | 0.516 | 0.853  | 0.54   | 0.353 | 0.702 | 0.746 |
| Bus        | 0.713 | 0.903  | 0.783  | 0.39  | 0.686 | 0.826 |
| Lamp       | 0.462 | 0.814  | 0.472  | 0.414 | 0.719 | nan   |
| Motorcycle | 0.442 | 0.729  | 0.455  | 0.104 | 0.644 | 0.81  |
+------------+-------+--------+--------+-------+-------+-------+
2025/05/24 11:46:46 - mmengine - INFO - bbox_mAP_copypaste: 0.577 0.851 0.623 0.340 0.687 0.818
2025/05/24 11:46:46 - mmengine - INFO - Epoch(val) [223][781/781]    coco/Car_precision: 0.6890  coco/Truck_precision: 0.6420  coco/People_precision: 0.5160  coco/Bus_precision: 0.7130  coco/Lamp_precision: 0.4620  coco/Motorcycle_precision: 0.4420  coco/bbox_mAP: 0.5770  coco/bbox_mAP_50: 0.8510  coco/bbox_mAP_75: 0.6230  coco/bbox_mAP_s: 0.3400  coco/bbox_mAP_m: 0.6870  coco/bbox_mAP_l: 0.8180  data_time: 0.0005  time: 0.0873
2025/05/24 11:48:06 - mmengine - INFO - Epoch(train) [224][ 50/420]  base_lr: 1.0000e-02 lr: 4.5055e-03  eta: 1 day, 8:08:11  time: 1.5910  data_time: 0.0437  memory: 10416  grad_norm: 22.0690  loss: 19.0047  loss_cls: 3.9783  loss_bbox: 7.3399  loss_dfl: 7.6865
2025/05/24 11:49:23 - mmengine - INFO - Epoch(train) [224][100/420]  base_lr: 1.0000e-02 lr: 4.5055e-03  eta: 1 day, 8:06:50  time: 1.5490  data_time: 0.0074  memory: 10437  grad_norm: 22.0418  loss: 18.8908  loss_cls: 4.0003  loss_bbox: 7.2094  loss_dfl: 7.6812
2025/05/24 11:50:41 - mmengine - INFO - Epoch(train) [224][150/420]  base_lr: 1.0000e-02 lr: 4.5055e-03  eta: 1 day, 8:05:29  time: 1.5489  data_time: 0.0074  memory: 10490  grad_norm: 20.6752  loss: 18.8659  loss_cls: 3.9825  loss_bbox: 7.2567  loss_dfl: 7.6266
2025/05/24 11:51:58 - mmengine - INFO - Epoch(train) [224][200/420]  base_lr: 1.0000e-02 lr: 4.5055e-03  eta: 1 day, 8:04:08  time: 1.5490  data_time: 0.0074  memory: 10458  grad_norm: 21.6815  loss: 18.8049  loss_cls: 3.9164  loss_bbox: 7.3035  loss_dfl: 7.5849
2025/05/24 11:53:16 - mmengine - INFO - Epoch(train) [224][250/420]  base_lr: 1.0000e-02 lr: 4.5055e-03  eta: 1 day, 8:02:47  time: 1.5486  data_time: 0.0074  memory: 10501  grad_norm: 21.5803  loss: 18.7815  loss_cls: 3.9381  loss_bbox: 7.1749  loss_dfl: 7.6685
2025/05/24 11:54:33 - mmengine - INFO - Epoch(train) [224][300/420]  base_lr: 1.0000e-02 lr: 4.5055e-03  eta: 1 day, 8:01:26  time: 1.5485  data_time: 0.0074  memory: 10400  grad_norm: 23.2114  loss: 19.0913  loss_cls: 4.0640  loss_bbox: 7.3507  loss_dfl: 7.6765
2025/05/24 11:55:35 - mmengine - INFO - Exp name: yolov8_mambatransformer_enhance_20250524_070703
2025/05/24 11:55:51 - mmengine - INFO - Epoch(train) [224][350/420]  base_lr: 1.0000e-02 lr: 4.5055e-03  eta: 1 day, 8:00:05  time: 1.5507  data_time: 0.0079  memory: 10469  grad_norm: 21.6129  loss: 18.6073  loss_cls: 3.9072  loss_bbox: 7.0765  loss_dfl: 7.6237
2025/05/24 11:57:09 - mmengine - INFO - Epoch(train) [224][400/420]  base_lr: 1.0000e-02 lr: 4.5055e-03  eta: 1 day, 7:58:51  time: 1.5658  data_time: 0.0088  memory: 10405  grad_norm: 20.9339  loss: 18.5736  loss_cls: 3.9051  loss_bbox: 7.1353  loss_dfl: 7.5332
2025/05/24 11:57:40 - mmengine - INFO - Exp name: yolov8_mambatransformer_enhance_20250524_070703
2025/05/24 11:57:40 - mmengine - INFO - Saving checkpoint at 224 epochs
2025/05/24 11:57:48 - mmengine - INFO - Epoch(val) [224][ 50/781]    eta: 0:01:08  time: 0.0934  data_time: 0.0023  memory: 10368  
2025/05/24 11:57:53 - mmengine - INFO - Epoch(val) [224][100/781]    eta: 0:01:02  time: 0.0913  data_time: 0.0004  memory: 1000  
2025/05/24 11:57:57 - mmengine - INFO - Epoch(val) [224][150/781]    eta: 0:00:58  time: 0.0913  data_time: 0.0004  memory: 1000  
2025/05/24 11:58:02 - mmengine - INFO - Epoch(val) [224][200/781]    eta: 0:00:53  time: 0.0911  data_time: 0.0004  memory: 1000  
2025/05/24 11:58:06 - mmengine - INFO - Epoch(val) [224][250/781]    eta: 0:00:48  time: 0.0912  data_time: 0.0004  memory: 1000  
2025/05/24 11:58:11 - mmengine - INFO - Epoch(val) [224][300/781]    eta: 0:00:44  time: 0.0911  data_time: 0.0004  memory: 1000  
2025/05/24 11:58:16 - mmengine - INFO - Epoch(val) [224][350/781]    eta: 0:00:39  time: 0.0910  data_time: 0.0004  memory: 1000  
2025/05/24 11:58:20 - mmengine - INFO - Epoch(val) [224][400/781]    eta: 0:00:34  time: 0.0910  data_time: 0.0004  memory: 1000  
2025/05/24 11:58:25 - mmengine - INFO - Epoch(val) [224][450/781]    eta: 0:00:30  time: 0.0913  data_time: 0.0004  memory: 1000  
2025/05/24 11:58:29 - mmengine - INFO - Epoch(val) [224][500/781]    eta: 0:00:25  time: 0.0911  data_time: 0.0004  memory: 1000  
2025/05/24 11:58:34 - mmengine - INFO - Epoch(val) [224][550/781]    eta: 0:00:21  time: 0.0911  data_time: 0.0004  memory: 1000  
2025/05/24 11:58:39 - mmengine - INFO - Epoch(val) [224][600/781]    eta: 0:00:16  time: 0.0910  data_time: 0.0004  memory: 1000  
2025/05/24 11:58:43 - mmengine - INFO - Epoch(val) [224][650/781]    eta: 0:00:11  time: 0.0909  data_time: 0.0004  memory: 1000  
2025/05/24 11:58:48 - mmengine - INFO - Epoch(val) [224][700/781]    eta: 0:00:07  time: 0.0911  data_time: 0.0004  memory: 1000  
2025/05/24 11:58:52 - mmengine - INFO - Epoch(val) [224][750/781]    eta: 0:00:02  time: 0.0911  data_time: 0.0004  memory: 1000  
2025/05/24 11:58:56 - mmengine - INFO - Evaluating bbox...
2025/05/24 11:58:59 - mmengine - INFO - 
+------------+-------+--------+--------+-------+-------+-------+
| category   | mAP   | mAP_50 | mAP_75 | mAP_s | mAP_m | mAP_l |
+------------+-------+--------+--------+-------+-------+-------+
| Car        | 0.689 | 0.924  | 0.764  | 0.415 | 0.719 | 0.885 |
| Truck      | 0.642 | 0.882  | 0.714  | 0.361 | 0.657 | 0.822 |
| People     | 0.516 | 0.854  | 0.539  | 0.353 | 0.702 | 0.746 |
| Bus        | 0.712 | 0.902  | 0.783  | 0.386 | 0.686 | 0.827 |
| Lamp       | 0.464 | 0.814  | 0.474  | 0.415 | 0.723 | nan   |
| Motorcycle | 0.445 | 0.73   | 0.461  | 0.104 | 0.648 | 0.81  |
+------------+-------+--------+--------+-------+-------+-------+
2025/05/24 11:58:59 - mmengine - INFO - bbox_mAP_copypaste: 0.578 0.851 0.622 0.339 0.689 0.818
2025/05/24 11:59:00 - mmengine - INFO - Epoch(val) [224][781/781]    coco/Car_precision: 0.6890  coco/Truck_precision: 0.6420  coco/People_precision: 0.5160  coco/Bus_precision: 0.7120  coco/Lamp_precision: 0.4640  coco/Motorcycle_precision: 0.4450  coco/bbox_mAP: 0.5780  coco/bbox_mAP_50: 0.8510  coco/bbox_mAP_75: 0.6220  coco/bbox_mAP_s: 0.3390  coco/bbox_mAP_m: 0.6890  coco/bbox_mAP_l: 0.8180  data_time: 0.0005  time: 0.0912
2025/05/24 12:00:19 - mmengine - INFO - Epoch(train) [225][ 50/420]  base_lr: 1.0000e-02 lr: 4.4808e-03  eta: 1 day, 7:57:12  time: 1.5886  data_time: 0.0451  memory: 10448  grad_norm: 21.9889  loss: 18.6349  loss_cls: 3.9747  loss_bbox: 7.1199  loss_dfl: 7.5403
2025/05/24 12:01:36 - mmengine - INFO - Epoch(train) [225][100/420]  base_lr: 1.0000e-02 lr: 4.4808e-03  eta: 1 day, 7:55:50  time: 1.5466  data_time: 0.0075  memory: 10368  grad_norm: 22.3257  loss: 18.7377  loss_cls: 4.0162  loss_bbox: 7.1185  loss_dfl: 7.6030
2025/05/24 12:02:54 - mmengine - INFO - Epoch(train) [225][150/420]  base_lr: 1.0000e-02 lr: 4.4808e-03  eta: 1 day, 7:54:29  time: 1.5486  data_time: 0.0074  memory: 10405  grad_norm: 21.4929  loss: 18.8801  loss_cls: 3.9853  loss_bbox: 7.2278  loss_dfl: 7.6670
2025/05/24 12:04:11 - mmengine - INFO - Epoch(train) [225][200/420]  base_lr: 1.0000e-02 lr: 4.4808e-03  eta: 1 day, 7:53:07  time: 1.5469  data_time: 0.0074  memory: 10464  grad_norm: 22.4903  loss: 18.7650  loss_cls: 3.8822  loss_bbox: 7.1635  loss_dfl: 7.7193
2025/05/24 12:05:29 - mmengine - INFO - Epoch(train) [225][250/420]  base_lr: 1.0000e-02 lr: 4.4808e-03  eta: 1 day, 7:51:46  time: 1.5469  data_time: 0.0074  memory: 10411  grad_norm: 21.4375  loss: 18.8979  loss_cls: 3.9558  loss_bbox: 7.3058  loss_dfl: 7.6362
2025/05/24 12:06:46 - mmengine - INFO - Epoch(train) [225][300/420]  base_lr: 1.0000e-02 lr: 4.4808e-03  eta: 1 day, 7:50:25  time: 1.5477  data_time: 0.0074  memory: 10448  grad_norm: 22.6734  loss: 19.1265  loss_cls: 4.1613  loss_bbox: 7.3498  loss_dfl: 7.6154
2025/05/24 12:08:03 - mmengine - INFO - Epoch(train) [225][350/420]  base_lr: 1.0000e-02 lr: 4.4808e-03  eta: 1 day, 7:49:04  time: 1.5480  data_time: 0.0074  memory: 10442  grad_norm: 21.9250  loss: 18.9540  loss_cls: 3.9440  loss_bbox: 7.3723  loss_dfl: 7.6377
2025/05/24 12:09:21 - mmengine - INFO - Epoch(train) [225][400/420]  base_lr: 1.0000e-02 lr: 4.4808e-03  eta: 1 day, 7:47:43  time: 1.5473  data_time: 0.0074  memory: 10432  grad_norm: 21.1319  loss: 18.8139  loss_cls: 3.9616  loss_bbox: 7.2182  loss_dfl: 7.6341
2025/05/24 12:09:52 - mmengine - INFO - Exp name: yolov8_mambatransformer_enhance_20250524_070703
2025/05/24 12:09:52 - mmengine - INFO - Saving checkpoint at 225 epochs
2025/05/24 12:10:02 - mmengine - INFO - Epoch(val) [225][ 50/781]    eta: 0:01:28  time: 0.1212  data_time: 0.0026  memory: 10352  
2025/05/24 12:10:08 - mmengine - INFO - Epoch(val) [225][100/781]    eta: 0:01:20  time: 0.1138  data_time: 0.0004  memory: 1000  
2025/05/24 12:10:13 - mmengine - INFO - Epoch(val) [225][150/781]    eta: 0:01:13  time: 0.1135  data_time: 0.0010  memory: 1000  
2025/05/24 12:10:19 - mmengine - INFO - Epoch(val) [225][200/781]    eta: 0:01:07  time: 0.1145  data_time: 0.0021  memory: 1000  
2025/05/24 12:10:25 - mmengine - INFO - Epoch(val) [225][250/781]    eta: 0:01:01  time: 0.1181  data_time: 0.0027  memory: 1000  
2025/05/24 12:10:31 - mmengine - INFO - Epoch(val) [225][300/781]    eta: 0:00:55  time: 0.1144  data_time: 0.0009  memory: 1000  
2025/05/24 12:10:36 - mmengine - INFO - Epoch(val) [225][350/781]    eta: 0:00:49  time: 0.1125  data_time: 0.0009  memory: 1000  
2025/05/24 12:10:42 - mmengine - INFO - Epoch(val) [225][400/781]    eta: 0:00:43  time: 0.1091  data_time: 0.0004  memory: 1000  
2025/05/24 12:10:47 - mmengine - INFO - Epoch(val) [225][450/781]    eta: 0:00:37  time: 0.1058  data_time: 0.0015  memory: 1000  
2025/05/24 12:10:53 - mmengine - INFO - Epoch(val) [225][500/781]    eta: 0:00:32  time: 0.1248  data_time: 0.0029  memory: 1000  
2025/05/24 12:10:59 - mmengine - INFO - Epoch(val) [225][550/781]    eta: 0:00:26  time: 0.1182  data_time: 0.0013  memory: 1000  
2025/05/24 12:11:05 - mmengine - INFO - Epoch(val) [225][600/781]    eta: 0:00:20  time: 0.1103  data_time: 0.0016  memory: 1000  
2025/05/24 12:11:10 - mmengine - INFO - Epoch(val) [225][650/781]    eta: 0:00:14  time: 0.0916  data_time: 0.0004  memory: 1000  
2025/05/24 12:11:14 - mmengine - INFO - Epoch(val) [225][700/781]    eta: 0:00:09  time: 0.0894  data_time: 0.0004  memory: 1000  
2025/05/24 12:11:18 - mmengine - INFO - Epoch(val) [225][750/781]    eta: 0:00:03  time: 0.0851  data_time: 0.0004  memory: 1000  
2025/05/24 12:11:22 - mmengine - INFO - Evaluating bbox...
2025/05/24 12:11:26 - mmengine - INFO - 
+------------+-------+--------+--------+-------+-------+-------+
| category   | mAP   | mAP_50 | mAP_75 | mAP_s | mAP_m | mAP_l |
+------------+-------+--------+--------+-------+-------+-------+
| Car        | 0.688 | 0.924  | 0.764  | 0.414 | 0.718 | 0.884 |
| Truck      | 0.643 | 0.882  | 0.722  | 0.363 | 0.658 | 0.822 |
| People     | 0.516 | 0.853  | 0.535  | 0.352 | 0.702 | 0.748 |
| Bus        | 0.713 | 0.905  | 0.775  | 0.377 | 0.689 | 0.828 |
| Lamp       | 0.464 | 0.813  | 0.47   | 0.415 | 0.719 | nan   |
| Motorcycle | 0.443 | 0.729  | 0.458  | 0.102 | 0.646 | 0.81  |
+------------+-------+--------+--------+-------+-------+-------+
2025/05/24 12:11:26 - mmengine - INFO - bbox_mAP_copypaste: 0.578 0.851 0.621 0.337 0.689 0.818
2025/05/24 12:11:26 - mmengine - INFO - Epoch(val) [225][781/781]    coco/Car_precision: 0.6880  coco/Truck_precision: 0.6430  coco/People_precision: 0.5160  coco/Bus_precision: 0.7130  coco/Lamp_precision: 0.4640  coco/Motorcycle_precision: 0.4430  coco/bbox_mAP: 0.5780  coco/bbox_mAP_50: 0.8510  coco/bbox_mAP_75: 0.6210  coco/bbox_mAP_s: 0.3370  coco/bbox_mAP_m: 0.6890  coco/bbox_mAP_l: 0.8180  data_time: 0.0013  time: 0.1084
2025/05/24 12:12:45 - mmengine - INFO - Epoch(train) [226][ 50/420]  base_lr: 1.0000e-02 lr: 4.4560e-03  eta: 1 day, 7:46:04  time: 1.5877  data_time: 0.0457  memory: 10437  grad_norm: 23.0017  loss: 19.0873  loss_cls: 4.1190  loss_bbox: 7.3548  loss_dfl: 7.6135
2025/05/24 12:14:03 - mmengine - INFO - Epoch(train) [226][100/420]  base_lr: 1.0000e-02 lr: 4.4560e-03  eta: 1 day, 7:44:44  time: 1.5508  data_time: 0.0076  memory: 10458  grad_norm: 23.2563  loss: 18.9180  loss_cls: 4.0113  loss_bbox: 7.1856  loss_dfl: 7.7211
2025/05/24 12:15:20 - mmengine - INFO - Epoch(train) [226][150/420]  base_lr: 1.0000e-02 lr: 4.4560e-03  eta: 1 day, 7:43:24  time: 1.5527  data_time: 0.0074  memory: 10458  grad_norm: 20.7283  loss: 18.4673  loss_cls: 3.8457  loss_bbox: 7.1365  loss_dfl: 7.4851
2025/05/24 12:16:38 - mmengine - INFO - Epoch(train) [226][200/420]  base_lr: 1.0000e-02 lr: 4.4560e-03  eta: 1 day, 7:42:05  time: 1.5522  data_time: 0.0073  memory: 10442  grad_norm: 21.0132  loss: 18.4759  loss_cls: 3.8204  loss_bbox: 7.0653  loss_dfl: 7.5902
2025/05/24 12:17:56 - mmengine - INFO - Epoch(train) [226][250/420]  base_lr: 1.0000e-02 lr: 4.4560e-03  eta: 1 day, 7:40:45  time: 1.5519  data_time: 0.0074  memory: 10522  grad_norm: 24.3657  loss: 19.0566  loss_cls: 4.0470  loss_bbox: 7.2543  loss_dfl: 7.7553
2025/05/24 12:19:13 - mmengine - INFO - Epoch(train) [226][300/420]  base_lr: 1.0000e-02 lr: 4.4560e-03  eta: 1 day, 7:39:25  time: 1.5499  data_time: 0.0073  memory: 10490  grad_norm: 23.1681  loss: 18.9683  loss_cls: 4.0334  loss_bbox: 7.2396  loss_dfl: 7.6953
2025/05/24 12:20:31 - mmengine - INFO - Epoch(train) [226][350/420]  base_lr: 1.0000e-02 lr: 4.4560e-03  eta: 1 day, 7:38:04  time: 1.5491  data_time: 0.0074  memory: 10522  grad_norm: 22.8887  loss: 18.9540  loss_cls: 4.0798  loss_bbox: 7.2349  loss_dfl: 7.6393
2025/05/24 12:21:48 - mmengine - INFO - Epoch(train) [226][400/420]  base_lr: 1.0000e-02 lr: 4.4560e-03  eta: 1 day, 7:36:45  time: 1.5509  data_time: 0.0073  memory: 10384  grad_norm: 21.5035  loss: 18.7905  loss_cls: 3.8906  loss_bbox: 7.1588  loss_dfl: 7.7411
2025/05/24 12:22:19 - mmengine - INFO - Exp name: yolov8_mambatransformer_enhance_20250524_070703
2025/05/24 12:22:19 - mmengine - INFO - Saving checkpoint at 226 epochs
2025/05/24 12:22:27 - mmengine - INFO - Epoch(val) [226][ 50/781]    eta: 0:01:01  time: 0.0836  data_time: 0.0022  memory: 10405  
2025/05/24 12:22:31 - mmengine - INFO - Epoch(val) [226][100/781]    eta: 0:00:59  time: 0.0910  data_time: 0.0004  memory: 1000  
2025/05/24 12:22:36 - mmengine - INFO - Epoch(val) [226][150/781]    eta: 0:00:55  time: 0.0913  data_time: 0.0004  memory: 1000  
2025/05/24 12:22:41 - mmengine - INFO - Epoch(val) [226][200/781]    eta: 0:00:51  time: 0.0911  data_time: 0.0004  memory: 1000  
2025/05/24 12:22:45 - mmengine - INFO - Epoch(val) [226][250/781]    eta: 0:00:47  time: 0.0910  data_time: 0.0004  memory: 1000  
2025/05/24 12:22:50 - mmengine - INFO - Epoch(val) [226][300/781]    eta: 0:00:43  time: 0.0915  data_time: 0.0004  memory: 1000  
2025/05/24 12:22:54 - mmengine - INFO - Epoch(val) [226][350/781]    eta: 0:00:38  time: 0.0911  data_time: 0.0004  memory: 1000  
2025/05/24 12:22:59 - mmengine - INFO - Epoch(val) [226][400/781]    eta: 0:00:34  time: 0.0911  data_time: 0.0004  memory: 1000  
2025/05/24 12:23:03 - mmengine - INFO - Epoch(val) [226][450/781]    eta: 0:00:29  time: 0.0794  data_time: 0.0004  memory: 1000  
2025/05/24 12:23:07 - mmengine - INFO - Epoch(val) [226][500/781]    eta: 0:00:24  time: 0.0735  data_time: 0.0004  memory: 1000  
2025/05/24 12:23:10 - mmengine - INFO - Epoch(val) [226][550/781]    eta: 0:00:19  time: 0.0731  data_time: 0.0004  memory: 1000  
2025/05/24 12:23:14 - mmengine - INFO - Epoch(val) [226][600/781]    eta: 0:00:15  time: 0.0731  data_time: 0.0004  memory: 1000  
2025/05/24 12:23:18 - mmengine - INFO - Epoch(val) [226][650/781]    eta: 0:00:11  time: 0.0731  data_time: 0.0004  memory: 1000  
2025/05/24 12:23:21 - mmengine - INFO - Epoch(val) [226][700/781]    eta: 0:00:06  time: 0.0730  data_time: 0.0004  memory: 1000  
2025/05/24 12:23:25 - mmengine - INFO - Epoch(val) [226][750/781]    eta: 0:00:02  time: 0.0742  data_time: 0.0004  memory: 1000  
2025/05/24 12:23:28 - mmengine - INFO - Evaluating bbox...
2025/05/24 12:23:32 - mmengine - INFO - 
+------------+-------+--------+--------+-------+-------+-------+
| category   | mAP   | mAP_50 | mAP_75 | mAP_s | mAP_m | mAP_l |
+------------+-------+--------+--------+-------+-------+-------+
| Car        | 0.689 | 0.923  | 0.764  | 0.414 | 0.719 | 0.885 |
| Truck      | 0.644 | 0.882  | 0.729  | 0.362 | 0.66  | 0.819 |
| People     | 0.517 | 0.855  | 0.536  | 0.353 | 0.703 | 0.75  |
| Bus        | 0.716 | 0.905  | 0.775  | 0.374 | 0.69  | 0.832 |
| Lamp       | 0.463 | 0.813  | 0.47   | 0.414 | 0.723 | nan   |
| Motorcycle | 0.44  | 0.715  | 0.469  | 0.097 | 0.644 | 0.81  |
+------------+-------+--------+--------+-------+-------+-------+
2025/05/24 12:23:32 - mmengine - INFO - bbox_mAP_copypaste: 0.578 0.849 0.624 0.336 0.690 0.819
2025/05/24 12:23:32 - mmengine - INFO - Epoch(val) [226][781/781]    coco/Car_precision: 0.6890  coco/Truck_precision: 0.6440  coco/People_precision: 0.5170  coco/Bus_precision: 0.7160  coco/Lamp_precision: 0.4630  coco/Motorcycle_precision: 0.4400  coco/bbox_mAP: 0.5780  coco/bbox_mAP_50: 0.8490  coco/bbox_mAP_75: 0.6240  coco/bbox_mAP_s: 0.3360  coco/bbox_mAP_m: 0.6900  coco/bbox_mAP_l: 0.8190  data_time: 0.0005  time: 0.0823
2025/05/24 12:24:53 - mmengine - INFO - Epoch(train) [227][ 50/420]  base_lr: 1.0000e-02 lr: 4.4313e-03  eta: 1 day, 7:35:16  time: 1.6226  data_time: 0.0711  memory: 10464  grad_norm: 24.0780  loss: 18.9160  loss_cls: 4.0011  loss_bbox: 7.2324  loss_dfl: 7.6825
2025/05/24 12:25:40 - mmengine - INFO - Exp name: yolov8_mambatransformer_enhance_20250524_070703
2025/05/24 12:26:11 - mmengine - INFO - Epoch(train) [227][100/420]  base_lr: 1.0000e-02 lr: 4.4313e-03  eta: 1 day, 7:33:56  time: 1.5496  data_time: 0.0074  memory: 10453  grad_norm: 22.1362  loss: 19.0027  loss_cls: 4.0153  loss_bbox: 7.2762  loss_dfl: 7.7112
2025/05/24 12:27:28 - mmengine - INFO - Epoch(train) [227][150/420]  base_lr: 1.0000e-02 lr: 4.4313e-03  eta: 1 day, 7:32:36  time: 1.5521  data_time: 0.0073  memory: 10426  grad_norm: 21.5151  loss: 18.9739  loss_cls: 4.0212  loss_bbox: 7.2953  loss_dfl: 7.6574
2025/05/24 12:28:46 - mmengine - INFO - Epoch(train) [227][200/420]  base_lr: 1.0000e-02 lr: 4.4313e-03  eta: 1 day, 7:31:16  time: 1.5480  data_time: 0.0073  memory: 10416  grad_norm: 21.4200  loss: 19.0510  loss_cls: 4.0258  loss_bbox: 7.3601  loss_dfl: 7.6651
2025/05/24 12:30:03 - mmengine - INFO - Epoch(train) [227][250/420]  base_lr: 1.0000e-02 lr: 4.4313e-03  eta: 1 day, 7:29:55  time: 1.5478  data_time: 0.0074  memory: 10448  grad_norm: 21.7657  loss: 18.7459  loss_cls: 3.9648  loss_bbox: 7.1752  loss_dfl: 7.6060
2025/05/24 12:31:20 - mmengine - INFO - Epoch(train) [227][300/420]  base_lr: 1.0000e-02 lr: 4.4313e-03  eta: 1 day, 7:28:34  time: 1.5476  data_time: 0.0074  memory: 10442  grad_norm: 20.8450  loss: 18.5776  loss_cls: 3.8572  loss_bbox: 7.1923  loss_dfl: 7.5280
2025/05/24 12:32:38 - mmengine - INFO - Epoch(train) [227][350/420]  base_lr: 1.0000e-02 lr: 4.4313e-03  eta: 1 day, 7:27:13  time: 1.5480  data_time: 0.0074  memory: 10384  grad_norm: 21.1390  loss: 18.8996  loss_cls: 3.9761  loss_bbox: 7.2241  loss_dfl: 7.6995
2025/05/24 12:33:55 - mmengine - INFO - Epoch(train) [227][400/420]  base_lr: 1.0000e-02 lr: 4.4313e-03  eta: 1 day, 7:25:52  time: 1.5477  data_time: 0.0073  memory: 10405  grad_norm: 21.9018  loss: 18.6576  loss_cls: 3.9093  loss_bbox: 7.0883  loss_dfl: 7.6601
2025/05/24 12:34:26 - mmengine - INFO - Exp name: yolov8_mambatransformer_enhance_20250524_070703
2025/05/24 12:34:26 - mmengine - INFO - Saving checkpoint at 227 epochs
2025/05/24 12:34:34 - mmengine - INFO - Epoch(val) [227][ 50/781]    eta: 0:00:57  time: 0.0787  data_time: 0.0018  memory: 10330  
2025/05/24 12:34:37 - mmengine - INFO - Epoch(val) [227][100/781]    eta: 0:00:51  time: 0.0737  data_time: 0.0004  memory: 1000  
2025/05/24 12:34:41 - mmengine - INFO - Epoch(val) [227][150/781]    eta: 0:00:47  time: 0.0739  data_time: 0.0004  memory: 1000  
2025/05/24 12:34:45 - mmengine - INFO - Epoch(val) [227][200/781]    eta: 0:00:43  time: 0.0737  data_time: 0.0004  memory: 1000  
2025/05/24 12:34:48 - mmengine - INFO - Epoch(val) [227][250/781]    eta: 0:00:39  time: 0.0735  data_time: 0.0004  memory: 1000  
2025/05/24 12:34:52 - mmengine - INFO - Epoch(val) [227][300/781]    eta: 0:00:35  time: 0.0733  data_time: 0.0004  memory: 1000  
2025/05/24 12:34:56 - mmengine - INFO - Epoch(val) [227][350/781]    eta: 0:00:32  time: 0.0733  data_time: 0.0004  memory: 1000  
2025/05/24 12:35:00 - mmengine - INFO - Epoch(val) [227][400/781]    eta: 0:00:28  time: 0.0733  data_time: 0.0004  memory: 1000  
2025/05/24 12:35:03 - mmengine - INFO - Epoch(val) [227][450/781]    eta: 0:00:24  time: 0.0732  data_time: 0.0004  memory: 1000  
2025/05/24 12:35:07 - mmengine - INFO - Epoch(val) [227][500/781]    eta: 0:00:20  time: 0.0733  data_time: 0.0004  memory: 1000  
2025/05/24 12:35:11 - mmengine - INFO - Epoch(val) [227][550/781]    eta: 0:00:17  time: 0.0734  data_time: 0.0004  memory: 1000  
2025/05/24 12:35:14 - mmengine - INFO - Epoch(val) [227][600/781]    eta: 0:00:13  time: 0.0732  data_time: 0.0004  memory: 1000  
2025/05/24 12:35:18 - mmengine - INFO - Epoch(val) [227][650/781]    eta: 0:00:09  time: 0.0734  data_time: 0.0004  memory: 1000  
2025/05/24 12:35:22 - mmengine - INFO - Epoch(val) [227][700/781]    eta: 0:00:05  time: 0.0735  data_time: 0.0004  memory: 1000  
2025/05/24 12:35:26 - mmengine - INFO - Epoch(val) [227][750/781]    eta: 0:00:02  time: 0.0909  data_time: 0.0004  memory: 1000  
2025/05/24 12:35:30 - mmengine - INFO - Evaluating bbox...
2025/05/24 12:35:34 - mmengine - INFO - 
+------------+-------+--------+--------+-------+-------+-------+
| category   | mAP   | mAP_50 | mAP_75 | mAP_s | mAP_m | mAP_l |
+------------+-------+--------+--------+-------+-------+-------+
| Car        | 0.688 | 0.923  | 0.764  | 0.415 | 0.719 | 0.884 |
| Truck      | 0.644 | 0.879  | 0.728  | 0.36  | 0.662 | 0.817 |
| People     | 0.516 | 0.854  | 0.534  | 0.352 | 0.703 | 0.751 |
| Bus        | 0.716 | 0.905  | 0.783  | 0.371 | 0.69  | 0.831 |
| Lamp       | 0.462 | 0.812  | 0.47   | 0.412 | 0.721 | nan   |
| Motorcycle | 0.442 | 0.717  | 0.472  | 0.097 | 0.648 | 0.81  |
+------------+-------+--------+--------+-------+-------+-------+
2025/05/24 12:35:34 - mmengine - INFO - bbox_mAP_copypaste: 0.578 0.848 0.625 0.334 0.690 0.818
2025/05/24 12:35:34 - mmengine - INFO - Epoch(val) [227][781/781]    coco/Car_precision: 0.6880  coco/Truck_precision: 0.6440  coco/People_precision: 0.5160  coco/Bus_precision: 0.7160  coco/Lamp_precision: 0.4620  coco/Motorcycle_precision: 0.4420  coco/bbox_mAP: 0.5780  coco/bbox_mAP_50: 0.8480  coco/bbox_mAP_75: 0.6250  coco/bbox_mAP_s: 0.3340  coco/bbox_mAP_m: 0.6900  coco/bbox_mAP_l: 0.8180  data_time: 0.0005  time: 0.0756
2025/05/24 12:36:53 - mmengine - INFO - Epoch(train) [228][ 50/420]  base_lr: 1.0000e-02 lr: 4.4065e-03  eta: 1 day, 7:24:12  time: 1.5890  data_time: 0.0473  memory: 10448  grad_norm: 23.9115  loss: 18.8602  loss_cls: 4.0596  loss_bbox: 7.1744  loss_dfl: 7.6263
2025/05/24 12:38:11 - mmengine - INFO - Epoch(train) [228][100/420]  base_lr: 1.0000e-02 lr: 4.4065e-03  eta: 1 day, 7:22:55  time: 1.5598  data_time: 0.0083  memory: 10421  grad_norm: 21.1398  loss: 18.7960  loss_cls: 3.9192  loss_bbox: 7.2178  loss_dfl: 7.6590
2025/05/24 12:39:29 - mmengine - INFO - Epoch(train) [228][150/420]  base_lr: 1.0000e-02 lr: 4.4065e-03  eta: 1 day, 7:21:37  time: 1.5554  data_time: 0.0081  memory: 10490  grad_norm: 22.1055  loss: 18.7367  loss_cls: 3.8834  loss_bbox: 7.2230  loss_dfl: 7.6302
2025/05/24 12:40:47 - mmengine - INFO - Epoch(train) [228][200/420]  base_lr: 1.0000e-02 lr: 4.4065e-03  eta: 1 day, 7:20:16  time: 1.5489  data_time: 0.0074  memory: 10480  grad_norm: 22.0925  loss: 19.0719  loss_cls: 3.9782  loss_bbox: 7.3609  loss_dfl: 7.7328
2025/05/24 12:42:04 - mmengine - INFO - Epoch(train) [228][250/420]  base_lr: 1.0000e-02 lr: 4.4065e-03  eta: 1 day, 7:18:56  time: 1.5495  data_time: 0.0074  memory: 10416  grad_norm: 23.0865  loss: 18.9196  loss_cls: 4.0138  loss_bbox: 7.2251  loss_dfl: 7.6807
2025/05/24 12:43:22 - mmengine - INFO - Epoch(train) [228][300/420]  base_lr: 1.0000e-02 lr: 4.4065e-03  eta: 1 day, 7:17:36  time: 1.5490  data_time: 0.0074  memory: 10464  grad_norm: 21.2916  loss: 18.3622  loss_cls: 3.8465  loss_bbox: 6.9750  loss_dfl: 7.5406
2025/05/24 12:44:39 - mmengine - INFO - Epoch(train) [228][350/420]  base_lr: 1.0000e-02 lr: 4.4065e-03  eta: 1 day, 7:16:16  time: 1.5496  data_time: 0.0074  memory: 10474  grad_norm: 21.8303  loss: 18.7561  loss_cls: 3.8340  loss_bbox: 7.2358  loss_dfl: 7.6863
2025/05/24 12:45:57 - mmengine - INFO - Epoch(train) [228][400/420]  base_lr: 1.0000e-02 lr: 4.4065e-03  eta: 1 day, 7:14:55  time: 1.5488  data_time: 0.0074  memory: 10442  grad_norm: 22.7256  loss: 18.6737  loss_cls: 3.9520  loss_bbox: 7.0457  loss_dfl: 7.6760
2025/05/24 12:46:28 - mmengine - INFO - Exp name: yolov8_mambatransformer_enhance_20250524_070703
2025/05/24 12:46:28 - mmengine - INFO - Saving checkpoint at 228 epochs
2025/05/24 12:46:35 - mmengine - INFO - Epoch(val) [228][ 50/781]    eta: 0:00:59  time: 0.0815  data_time: 0.0022  memory: 10411  
2025/05/24 12:46:39 - mmengine - INFO - Epoch(val) [228][100/781]    eta: 0:00:53  time: 0.0745  data_time: 0.0004  memory: 1000  
2025/05/24 12:46:43 - mmengine - INFO - Epoch(val) [228][150/781]    eta: 0:00:48  time: 0.0737  data_time: 0.0004  memory: 1000  
2025/05/24 12:46:47 - mmengine - INFO - Epoch(val) [228][200/781]    eta: 0:00:46  time: 0.0896  data_time: 0.0004  memory: 1000  
2025/05/24 12:46:52 - mmengine - INFO - Epoch(val) [228][250/781]    eta: 0:00:43  time: 0.0909  data_time: 0.0004  memory: 1000  
2025/05/24 12:46:56 - mmengine - INFO - Epoch(val) [228][300/781]    eta: 0:00:40  time: 0.0909  data_time: 0.0004  memory: 1000  
2025/05/24 12:47:01 - mmengine - INFO - Epoch(val) [228][350/781]    eta: 0:00:36  time: 0.0909  data_time: 0.0004  memory: 1000  
2025/05/24 12:47:05 - mmengine - INFO - Epoch(val) [228][400/781]    eta: 0:00:32  time: 0.0909  data_time: 0.0004  memory: 1000  
2025/05/24 12:47:10 - mmengine - INFO - Epoch(val) [228][450/781]    eta: 0:00:28  time: 0.0909  data_time: 0.0004  memory: 1000  
2025/05/24 12:47:14 - mmengine - INFO - Epoch(val) [228][500/781]    eta: 0:00:24  time: 0.0909  data_time: 0.0004  memory: 1000  
2025/05/24 12:47:19 - mmengine - INFO - Epoch(val) [228][550/781]    eta: 0:00:20  time: 0.0911  data_time: 0.0004  memory: 1000  
2025/05/24 12:47:24 - mmengine - INFO - Epoch(val) [228][600/781]    eta: 0:00:15  time: 0.0909  data_time: 0.0004  memory: 1000  
2025/05/24 12:47:28 - mmengine - INFO - Epoch(val) [228][650/781]    eta: 0:00:11  time: 0.0910  data_time: 0.0004  memory: 1000  
2025/05/24 12:47:33 - mmengine - INFO - Epoch(val) [228][700/781]    eta: 0:00:07  time: 0.0910  data_time: 0.0004  memory: 1000  
2025/05/24 12:47:37 - mmengine - INFO - Epoch(val) [228][750/781]    eta: 0:00:02  time: 0.0911  data_time: 0.0004  memory: 1000  
2025/05/24 12:47:41 - mmengine - INFO - Evaluating bbox...
2025/05/24 12:47:45 - mmengine - INFO - 
+------------+-------+--------+--------+-------+-------+-------+
| category   | mAP   | mAP_50 | mAP_75 | mAP_s | mAP_m | mAP_l |
+------------+-------+--------+--------+-------+-------+-------+
| Car        | 0.688 | 0.922  | 0.763  | 0.414 | 0.72  | 0.882 |
| Truck      | 0.642 | 0.878  | 0.727  | 0.355 | 0.66  | 0.816 |
| People     | 0.516 | 0.853  | 0.536  | 0.352 | 0.704 | 0.751 |
| Bus        | 0.715 | 0.902  | 0.778  | 0.368 | 0.687 | 0.834 |
| Lamp       | 0.461 | 0.807  | 0.475  | 0.412 | 0.715 | nan   |
| Motorcycle | 0.442 | 0.717  | 0.468  | 0.1   | 0.646 | 0.81  |
+------------+-------+--------+--------+-------+-------+-------+
2025/05/24 12:47:45 - mmengine - INFO - bbox_mAP_copypaste: 0.577 0.847 0.624 0.334 0.689 0.819
2025/05/24 12:47:45 - mmengine - INFO - Epoch(val) [228][781/781]    coco/Car_precision: 0.6880  coco/Truck_precision: 0.6420  coco/People_precision: 0.5160  coco/Bus_precision: 0.7150  coco/Lamp_precision: 0.4610  coco/Motorcycle_precision: 0.4420  coco/bbox_mAP: 0.5770  coco/bbox_mAP_50: 0.8470  coco/bbox_mAP_75: 0.6240  coco/bbox_mAP_s: 0.3340  coco/bbox_mAP_m: 0.6890  coco/bbox_mAP_l: 0.8190  data_time: 0.0005  time: 0.0881
2025/05/24 12:49:04 - mmengine - INFO - Epoch(train) [229][ 50/420]  base_lr: 1.0000e-02 lr: 4.3818e-03  eta: 1 day, 7:13:14  time: 1.5850  data_time: 0.0431  memory: 10442  grad_norm: 22.5054  loss: 18.7468  loss_cls: 3.9325  loss_bbox: 7.1863  loss_dfl: 7.6280
2025/05/24 12:50:21 - mmengine - INFO - Epoch(train) [229][100/420]  base_lr: 1.0000e-02 lr: 4.3818e-03  eta: 1 day, 7:11:53  time: 1.5485  data_time: 0.0073  memory: 10448  grad_norm: 23.2907  loss: 18.9969  loss_cls: 4.0317  loss_bbox: 7.2934  loss_dfl: 7.6719
2025/05/24 12:51:39 - mmengine - INFO - Epoch(train) [229][150/420]  base_lr: 1.0000e-02 lr: 4.3818e-03  eta: 1 day, 7:10:36  time: 1.5595  data_time: 0.0079  memory: 10480  grad_norm: 21.4293  loss: 18.4720  loss_cls: 3.8329  loss_bbox: 7.0033  loss_dfl: 7.6358
2025/05/24 12:52:57 - mmengine - INFO - Epoch(train) [229][200/420]  base_lr: 1.0000e-02 lr: 4.3818e-03  eta: 1 day, 7:09:19  time: 1.5607  data_time: 0.0084  memory: 10384  grad_norm: 21.7423  loss: 18.2329  loss_cls: 3.8297  loss_bbox: 6.8115  loss_dfl: 7.5917
2025/05/24 12:53:59 - mmengine - INFO - Exp name: yolov8_mambatransformer_enhance_20250524_070703
2025/05/24 12:54:15 - mmengine - INFO - Epoch(train) [229][250/420]  base_lr: 1.0000e-02 lr: 4.3818e-03  eta: 1 day, 7:07:59  time: 1.5475  data_time: 0.0074  memory: 10480  grad_norm: 22.8074  loss: 19.1677  loss_cls: 4.0912  loss_bbox: 7.3643  loss_dfl: 7.7122
2025/05/24 12:55:32 - mmengine - INFO - Epoch(train) [229][300/420]  base_lr: 1.0000e-02 lr: 4.3818e-03  eta: 1 day, 7:06:38  time: 1.5480  data_time: 0.0072  memory: 10426  grad_norm: 20.4608  loss: 18.3069  loss_cls: 3.8122  loss_bbox: 6.9386  loss_dfl: 7.5561
2025/05/24 12:56:50 - mmengine - INFO - Epoch(train) [229][350/420]  base_lr: 1.0000e-02 lr: 4.3818e-03  eta: 1 day, 7:05:18  time: 1.5471  data_time: 0.0072  memory: 10400  grad_norm: 22.7096  loss: 18.8524  loss_cls: 3.9571  loss_bbox: 7.1639  loss_dfl: 7.7314
2025/05/24 12:58:07 - mmengine - INFO - Epoch(train) [229][400/420]  base_lr: 1.0000e-02 lr: 4.3818e-03  eta: 1 day, 7:03:58  time: 1.5512  data_time: 0.0073  memory: 10362  grad_norm: 21.1651  loss: 18.5591  loss_cls: 3.8892  loss_bbox: 7.0754  loss_dfl: 7.5946
2025/05/24 12:58:38 - mmengine - INFO - Exp name: yolov8_mambatransformer_enhance_20250524_070703
2025/05/24 12:58:38 - mmengine - INFO - Saving checkpoint at 229 epochs
2025/05/24 12:58:46 - mmengine - INFO - Epoch(val) [229][ 50/781]    eta: 0:01:05  time: 0.0890  data_time: 0.0022  memory: 10405  
2025/05/24 12:58:50 - mmengine - INFO - Epoch(val) [229][100/781]    eta: 0:00:58  time: 0.0820  data_time: 0.0004  memory: 1000  
2025/05/24 12:58:55 - mmengine - INFO - Epoch(val) [229][150/781]    eta: 0:00:55  time: 0.0921  data_time: 0.0004  memory: 1000  
2025/05/24 12:59:00 - mmengine - INFO - Epoch(val) [229][200/781]    eta: 0:00:52  time: 0.0985  data_time: 0.0004  memory: 1000  
2025/05/24 12:59:05 - mmengine - INFO - Epoch(val) [229][250/781]    eta: 0:00:48  time: 0.0989  data_time: 0.0004  memory: 1000  
2025/05/24 12:59:10 - mmengine - INFO - Epoch(val) [229][300/781]    eta: 0:00:44  time: 0.0985  data_time: 0.0004  memory: 1000  
2025/05/24 12:59:15 - mmengine - INFO - Epoch(val) [229][350/781]    eta: 0:00:40  time: 0.0986  data_time: 0.0004  memory: 1000  
2025/05/24 12:59:20 - mmengine - INFO - Epoch(val) [229][400/781]    eta: 0:00:35  time: 0.0983  data_time: 0.0004  memory: 1000  
2025/05/24 12:59:25 - mmengine - INFO - Epoch(val) [229][450/781]    eta: 0:00:31  time: 0.0984  data_time: 0.0004  memory: 1000  
2025/05/24 12:59:30 - mmengine - INFO - Epoch(val) [229][500/781]    eta: 0:00:26  time: 0.0984  data_time: 0.0004  memory: 1000  
2025/05/24 12:59:35 - mmengine - INFO - Epoch(val) [229][550/781]    eta: 0:00:22  time: 0.0986  data_time: 0.0004  memory: 1000  
2025/05/24 12:59:40 - mmengine - INFO - Epoch(val) [229][600/781]    eta: 0:00:17  time: 0.0984  data_time: 0.0004  memory: 1000  
2025/05/24 12:59:44 - mmengine - INFO - Epoch(val) [229][650/781]    eta: 0:00:12  time: 0.0986  data_time: 0.0004  memory: 1000  
2025/05/24 12:59:49 - mmengine - INFO - Epoch(val) [229][700/781]    eta: 0:00:07  time: 0.0985  data_time: 0.0004  memory: 1000  
2025/05/24 12:59:54 - mmengine - INFO - Epoch(val) [229][750/781]    eta: 0:00:02  time: 0.0985  data_time: 0.0004  memory: 1000  
2025/05/24 12:59:58 - mmengine - INFO - Evaluating bbox...
2025/05/24 13:00:02 - mmengine - INFO - 
+------------+-------+--------+--------+-------+-------+-------+
| category   | mAP   | mAP_50 | mAP_75 | mAP_s | mAP_m | mAP_l |
+------------+-------+--------+--------+-------+-------+-------+
| Car        | 0.689 | 0.922  | 0.762  | 0.414 | 0.719 | 0.884 |
| Truck      | 0.642 | 0.878  | 0.73   | 0.357 | 0.659 | 0.815 |
| People     | 0.517 | 0.853  | 0.536  | 0.353 | 0.704 | 0.751 |
| Bus        | 0.719 | 0.903  | 0.786  | 0.384 | 0.691 | 0.834 |
| Lamp       | 0.458 | 0.805  | 0.468  | 0.41  | 0.713 | nan   |
| Motorcycle | 0.441 | 0.717  | 0.462  | 0.098 | 0.644 | 0.81  |
+------------+-------+--------+--------+-------+-------+-------+
2025/05/24 13:00:02 - mmengine - INFO - bbox_mAP_copypaste: 0.578 0.846 0.624 0.336 0.688 0.819
2025/05/24 13:00:02 - mmengine - INFO - Epoch(val) [229][781/781]    coco/Car_precision: 0.6890  coco/Truck_precision: 0.6420  coco/People_precision: 0.5170  coco/Bus_precision: 0.7190  coco/Lamp_precision: 0.4580  coco/Motorcycle_precision: 0.4410  coco/bbox_mAP: 0.5780  coco/bbox_mAP_50: 0.8460  coco/bbox_mAP_75: 0.6240  coco/bbox_mAP_s: 0.3360  coco/bbox_mAP_m: 0.6880  coco/bbox_mAP_l: 0.8190  data_time: 0.0005  time: 0.0963
2025/05/24 13:01:21 - mmengine - INFO - Epoch(train) [230][ 50/420]  base_lr: 1.0000e-02 lr: 4.3570e-03  eta: 1 day, 7:02:18  time: 1.5891  data_time: 0.0477  memory: 10485  grad_norm: 21.1186  loss: 18.6345  loss_cls: 3.8932  loss_bbox: 7.1057  loss_dfl: 7.6357
2025/05/24 13:02:39 - mmengine - INFO - Epoch(train) [230][100/420]  base_lr: 1.0000e-02 lr: 4.3570e-03  eta: 1 day, 7:00:57  time: 1.5490  data_time: 0.0074  memory: 10405  grad_norm: 21.5042  loss: 18.6395  loss_cls: 3.9133  loss_bbox: 7.2015  loss_dfl: 7.5247
2025/05/24 13:03:56 - mmengine - INFO - Epoch(train) [230][150/420]  base_lr: 1.0000e-02 lr: 4.3570e-03  eta: 1 day, 6:59:38  time: 1.5525  data_time: 0.0075  memory: 10400  grad_norm: 21.0383  loss: 18.2080  loss_cls: 3.8319  loss_bbox: 6.8834  loss_dfl: 7.4927
2025/05/24 13:05:14 - mmengine - INFO - Epoch(train) [230][200/420]  base_lr: 1.0000e-02 lr: 4.3570e-03  eta: 1 day, 6:58:18  time: 1.5489  data_time: 0.0075  memory: 10442  grad_norm: 21.3280  loss: 18.1841  loss_cls: 3.8246  loss_bbox: 6.8634  loss_dfl: 7.4962
2025/05/24 13:06:32 - mmengine - INFO - Epoch(train) [230][250/420]  base_lr: 1.0000e-02 lr: 4.3570e-03  eta: 1 day, 6:57:00  time: 1.5567  data_time: 0.0080  memory: 10400  grad_norm: 22.0096  loss: 18.3708  loss_cls: 3.8554  loss_bbox: 6.9201  loss_dfl: 7.5952
2025/05/24 13:07:49 - mmengine - INFO - Epoch(train) [230][300/420]  base_lr: 1.0000e-02 lr: 4.3570e-03  eta: 1 day, 6:55:41  time: 1.5503  data_time: 0.0076  memory: 10437  grad_norm: 21.8762  loss: 18.5541  loss_cls: 3.8686  loss_bbox: 7.0289  loss_dfl: 7.6566
2025/05/24 13:09:07 - mmengine - INFO - Epoch(train) [230][350/420]  base_lr: 1.0000e-02 lr: 4.3570e-03  eta: 1 day, 6:54:21  time: 1.5497  data_time: 0.0075  memory: 10400  grad_norm: 22.2640  loss: 18.6682  loss_cls: 3.9420  loss_bbox: 7.0954  loss_dfl: 7.6308
2025/05/24 13:10:24 - mmengine - INFO - Epoch(train) [230][400/420]  base_lr: 1.0000e-02 lr: 4.3570e-03  eta: 1 day, 6:53:01  time: 1.5495  data_time: 0.0075  memory: 10394  grad_norm: 21.4431  loss: 18.9562  loss_cls: 3.9820  loss_bbox: 7.2935  loss_dfl: 7.6806
2025/05/24 13:10:55 - mmengine - INFO - Exp name: yolov8_mambatransformer_enhance_20250524_070703
2025/05/24 13:10:55 - mmengine - INFO - Saving checkpoint at 230 epochs
2025/05/24 13:11:03 - mmengine - INFO - Epoch(val) [230][ 50/781]    eta: 0:01:00  time: 0.0826  data_time: 0.0022  memory: 10357  
2025/05/24 13:11:07 - mmengine - INFO - Epoch(val) [230][100/781]    eta: 0:00:53  time: 0.0744  data_time: 0.0004  memory: 1000  
2025/05/24 13:11:10 - mmengine - INFO - Epoch(val) [230][150/781]    eta: 0:00:48  time: 0.0741  data_time: 0.0004  memory: 1000  
2025/05/24 13:11:14 - mmengine - INFO - Epoch(val) [230][200/781]    eta: 0:00:44  time: 0.0745  data_time: 0.0004  memory: 1000  
2025/05/24 13:11:18 - mmengine - INFO - Epoch(val) [230][250/781]    eta: 0:00:40  time: 0.0743  data_time: 0.0004  memory: 1000  
2025/05/24 13:11:22 - mmengine - INFO - Epoch(val) [230][300/781]    eta: 0:00:36  time: 0.0744  data_time: 0.0004  memory: 1000  
2025/05/24 13:11:25 - mmengine - INFO - Epoch(val) [230][350/781]    eta: 0:00:32  time: 0.0743  data_time: 0.0004  memory: 1000  
2025/05/24 13:11:29 - mmengine - INFO - Epoch(val) [230][400/781]    eta: 0:00:28  time: 0.0744  data_time: 0.0004  memory: 1000  
2025/05/24 13:11:33 - mmengine - INFO - Epoch(val) [230][450/781]    eta: 0:00:24  time: 0.0745  data_time: 0.0004  memory: 1000  
2025/05/24 13:11:37 - mmengine - INFO - Epoch(val) [230][500/781]    eta: 0:00:21  time: 0.0744  data_time: 0.0004  memory: 1000  
2025/05/24 13:11:40 - mmengine - INFO - Epoch(val) [230][550/781]    eta: 0:00:17  time: 0.0745  data_time: 0.0004  memory: 1000  
2025/05/24 13:11:44 - mmengine - INFO - Epoch(val) [230][600/781]    eta: 0:00:13  time: 0.0744  data_time: 0.0004  memory: 1000  
2025/05/24 13:11:48 - mmengine - INFO - Epoch(val) [230][650/781]    eta: 0:00:09  time: 0.0743  data_time: 0.0004  memory: 1000  
2025/05/24 13:11:52 - mmengine - INFO - Epoch(val) [230][700/781]    eta: 0:00:06  time: 0.0744  data_time: 0.0004  memory: 1000  
2025/05/24 13:11:55 - mmengine - INFO - Epoch(val) [230][750/781]    eta: 0:00:02  time: 0.0743  data_time: 0.0004  memory: 1000  
2025/05/24 13:11:58 - mmengine - INFO - Evaluating bbox...
2025/05/24 13:12:02 - mmengine - INFO - 
+------------+-------+--------+--------+-------+-------+-------+
| category   | mAP   | mAP_50 | mAP_75 | mAP_s | mAP_m | mAP_l |
+------------+-------+--------+--------+-------+-------+-------+
| Car        | 0.688 | 0.922  | 0.764  | 0.415 | 0.72  | 0.883 |
| Truck      | 0.645 | 0.878  | 0.73   | 0.356 | 0.663 | 0.819 |
| People     | 0.517 | 0.854  | 0.536  | 0.352 | 0.703 | 0.752 |
| Bus        | 0.717 | 0.902  | 0.785  | 0.379 | 0.686 | 0.834 |
| Lamp       | 0.459 | 0.805  | 0.474  | 0.41  | 0.71  | nan   |
| Motorcycle | 0.443 | 0.717  | 0.463  | 0.098 | 0.648 | 0.81  |
+------------+-------+--------+--------+-------+-------+-------+
2025/05/24 13:12:02 - mmengine - INFO - bbox_mAP_copypaste: 0.578 0.846 0.625 0.335 0.689 0.819
2025/05/24 13:12:02 - mmengine - INFO - Epoch(val) [230][781/781]    coco/Car_precision: 0.6880  coco/Truck_precision: 0.6450  coco/People_precision: 0.5170  coco/Bus_precision: 0.7170  coco/Lamp_precision: 0.4590  coco/Motorcycle_precision: 0.4430  coco/bbox_mAP: 0.5780  coco/bbox_mAP_50: 0.8460  coco/bbox_mAP_75: 0.6250  coco/bbox_mAP_s: 0.3350  coco/bbox_mAP_m: 0.6890  coco/bbox_mAP_l: 0.8190  data_time: 0.0005  time: 0.0749
2025/05/24 13:13:22 - mmengine - INFO - Epoch(train) [231][ 50/420]  base_lr: 1.0000e-02 lr: 4.3323e-03  eta: 1 day, 6:51:20  time: 1.5892  data_time: 0.0471  memory: 10437  grad_norm: 22.0828  loss: 18.5910  loss_cls: 3.9292  loss_bbox: 7.0861  loss_dfl: 7.5756
2025/05/24 13:14:39 - mmengine - INFO - Epoch(train) [231][100/420]  base_lr: 1.0000e-02 lr: 4.3323e-03  eta: 1 day, 6:50:00  time: 1.5491  data_time: 0.0074  memory: 10437  grad_norm: 21.2334  loss: 18.5348  loss_cls: 3.8423  loss_bbox: 7.0957  loss_dfl: 7.5968
2025/05/24 13:15:57 - mmengine - INFO - Epoch(train) [231][150/420]  base_lr: 1.0000e-02 lr: 4.3323e-03  eta: 1 day, 6:48:41  time: 1.5541  data_time: 0.0074  memory: 10570  grad_norm: 21.1335  loss: 18.7349  loss_cls: 3.9229  loss_bbox: 7.1571  loss_dfl: 7.6549
2025/05/24 13:17:14 - mmengine - INFO - Epoch(train) [231][200/420]  base_lr: 1.0000e-02 lr: 4.3323e-03  eta: 1 day, 6:47:21  time: 1.5493  data_time: 0.0074  memory: 10458  grad_norm: 22.7012  loss: 18.5382  loss_cls: 3.8867  loss_bbox: 7.0216  loss_dfl: 7.6300
2025/05/24 13:18:32 - mmengine - INFO - Epoch(train) [231][250/420]  base_lr: 1.0000e-02 lr: 4.3323e-03  eta: 1 day, 6:46:01  time: 1.5491  data_time: 0.0073  memory: 10400  grad_norm: 20.2515  loss: 18.5960  loss_cls: 3.8972  loss_bbox: 7.1417  loss_dfl: 7.5571
2025/05/24 13:19:50 - mmengine - INFO - Epoch(train) [231][300/420]  base_lr: 1.0000e-02 lr: 4.3323e-03  eta: 1 day, 6:44:45  time: 1.5634  data_time: 0.0084  memory: 10544  grad_norm: 21.7068  loss: 18.5477  loss_cls: 3.8081  loss_bbox: 7.1076  loss_dfl: 7.6320
2025/05/24 13:21:08 - mmengine - INFO - Epoch(train) [231][350/420]  base_lr: 1.0000e-02 lr: 4.3323e-03  eta: 1 day, 6:43:26  time: 1.5529  data_time: 0.0077  memory: 10384  grad_norm: 21.6966  loss: 18.5506  loss_cls: 3.8767  loss_bbox: 7.0453  loss_dfl: 7.6286
2025/05/24 13:22:25 - mmengine - INFO - Exp name: yolov8_mambatransformer_enhance_20250524_070703
2025/05/24 13:22:25 - mmengine - INFO - Epoch(train) [231][400/420]  base_lr: 1.0000e-02 lr: 4.3323e-03  eta: 1 day, 6:42:06  time: 1.5479  data_time: 0.0073  memory: 10405  grad_norm: 22.8043  loss: 18.6697  loss_cls: 3.9690  loss_bbox: 7.0810  loss_dfl: 7.6197
2025/05/24 13:22:56 - mmengine - INFO - Exp name: yolov8_mambatransformer_enhance_20250524_070703
2025/05/24 13:22:56 - mmengine - INFO - Saving checkpoint at 231 epochs
2025/05/24 13:23:04 - mmengine - INFO - Epoch(val) [231][ 50/781]    eta: 0:01:03  time: 0.0872  data_time: 0.0023  memory: 10346  
2025/05/24 13:23:08 - mmengine - INFO - Epoch(val) [231][100/781]    eta: 0:00:58  time: 0.0844  data_time: 0.0004  memory: 1000  
2025/05/24 13:23:13 - mmengine - INFO - Epoch(val) [231][150/781]    eta: 0:00:55  time: 0.0912  data_time: 0.0004  memory: 1000  
2025/05/24 13:23:17 - mmengine - INFO - Epoch(val) [231][200/781]    eta: 0:00:51  time: 0.0912  data_time: 0.0004  memory: 1000  
2025/05/24 13:23:22 - mmengine - INFO - Epoch(val) [231][250/781]    eta: 0:00:47  time: 0.0910  data_time: 0.0004  memory: 1000  
2025/05/24 13:23:27 - mmengine - INFO - Epoch(val) [231][300/781]    eta: 0:00:42  time: 0.0911  data_time: 0.0004  memory: 1000  
2025/05/24 13:23:31 - mmengine - INFO - Epoch(val) [231][350/781]    eta: 0:00:38  time: 0.0910  data_time: 0.0004  memory: 1000  
2025/05/24 13:23:36 - mmengine - INFO - Epoch(val) [231][400/781]    eta: 0:00:34  time: 0.0908  data_time: 0.0004  memory: 1000  
2025/05/24 13:23:40 - mmengine - INFO - Epoch(val) [231][450/781]    eta: 0:00:29  time: 0.0909  data_time: 0.0004  memory: 1000  
2025/05/24 13:23:45 - mmengine - INFO - Epoch(val) [231][500/781]    eta: 0:00:25  time: 0.0909  data_time: 0.0004  memory: 1000  
2025/05/24 13:23:49 - mmengine - INFO - Epoch(val) [231][550/781]    eta: 0:00:20  time: 0.0909  data_time: 0.0004  memory: 1000  
2025/05/24 13:23:54 - mmengine - INFO - Epoch(val) [231][600/781]    eta: 0:00:16  time: 0.0909  data_time: 0.0004  memory: 1000  
2025/05/24 13:23:59 - mmengine - INFO - Epoch(val) [231][650/781]    eta: 0:00:11  time: 0.0909  data_time: 0.0004  memory: 1000  
2025/05/24 13:24:03 - mmengine - INFO - Epoch(val) [231][700/781]    eta: 0:00:07  time: 0.0908  data_time: 0.0004  memory: 1000  
2025/05/24 13:24:08 - mmengine - INFO - Epoch(val) [231][750/781]    eta: 0:00:02  time: 0.0907  data_time: 0.0004  memory: 1000  
2025/05/24 13:24:11 - mmengine - INFO - Evaluating bbox...
2025/05/24 13:24:15 - mmengine - INFO - 
+------------+-------+--------+--------+-------+-------+-------+
| category   | mAP   | mAP_50 | mAP_75 | mAP_s | mAP_m | mAP_l |
+------------+-------+--------+--------+-------+-------+-------+
| Car        | 0.688 | 0.922  | 0.764  | 0.414 | 0.72  | 0.885 |
| Truck      | 0.643 | 0.88   | 0.729  | 0.355 | 0.66  | 0.821 |
| People     | 0.517 | 0.854  | 0.537  | 0.351 | 0.704 | 0.754 |
| Bus        | 0.719 | 0.904  | 0.797  | 0.387 | 0.69  | 0.834 |
| Lamp       | 0.458 | 0.804  | 0.47   | 0.41  | 0.71  | nan   |
| Motorcycle | 0.441 | 0.712  | 0.462  | 0.096 | 0.646 | 0.81  |
+------------+-------+--------+--------+-------+-------+-------+
2025/05/24 13:24:15 - mmengine - INFO - bbox_mAP_copypaste: 0.578 0.846 0.626 0.336 0.689 0.821
2025/05/24 13:24:15 - mmengine - INFO - Epoch(val) [231][781/781]    coco/Car_precision: 0.6880  coco/Truck_precision: 0.6430  coco/People_precision: 0.5170  coco/Bus_precision: 0.7190  coco/Lamp_precision: 0.4580  coco/Motorcycle_precision: 0.4410  coco/bbox_mAP: 0.5780  coco/bbox_mAP_50: 0.8460  coco/bbox_mAP_75: 0.6260  coco/bbox_mAP_s: 0.3360  coco/bbox_mAP_m: 0.6890  coco/bbox_mAP_l: 0.8210  data_time: 0.0005  time: 0.0902
2025/05/24 13:25:35 - mmengine - INFO - Epoch(train) [232][ 50/420]  base_lr: 1.0000e-02 lr: 4.3075e-03  eta: 1 day, 6:40:25  time: 1.5901  data_time: 0.0462  memory: 10469  grad_norm: 22.1796  loss: 18.4636  loss_cls: 3.8472  loss_bbox: 7.0401  loss_dfl: 7.5763
2025/05/24 13:26:52 - mmengine - INFO - Epoch(train) [232][100/420]  base_lr: 1.0000e-02 lr: 4.3075e-03  eta: 1 day, 6:39:05  time: 1.5482  data_time: 0.0074  memory: 10453  grad_norm: 23.5356  loss: 18.7599  loss_cls: 3.9755  loss_bbox: 7.1573  loss_dfl: 7.6271
2025/05/24 13:28:09 - mmengine - INFO - Epoch(train) [232][150/420]  base_lr: 1.0000e-02 lr: 4.3075e-03  eta: 1 day, 6:37:45  time: 1.5483  data_time: 0.0073  memory: 10437  grad_norm: 22.2160  loss: 18.7086  loss_cls: 3.8821  loss_bbox: 7.1548  loss_dfl: 7.6717
2025/05/24 13:29:27 - mmengine - INFO - Epoch(train) [232][200/420]  base_lr: 1.0000e-02 lr: 4.3075e-03  eta: 1 day, 6:36:25  time: 1.5495  data_time: 0.0073  memory: 10469  grad_norm: 22.4825  loss: 18.6451  loss_cls: 3.9181  loss_bbox: 7.1507  loss_dfl: 7.5763
2025/05/24 13:30:44 - mmengine - INFO - Epoch(train) [232][250/420]  base_lr: 1.0000e-02 lr: 4.3075e-03  eta: 1 day, 6:35:05  time: 1.5486  data_time: 0.0074  memory: 10650  grad_norm: 23.5786  loss: 18.7106  loss_cls: 3.9656  loss_bbox: 7.1189  loss_dfl: 7.6262
2025/05/24 13:32:02 - mmengine - INFO - Epoch(train) [232][300/420]  base_lr: 1.0000e-02 lr: 4.3075e-03  eta: 1 day, 6:33:45  time: 1.5490  data_time: 0.0073  memory: 10442  grad_norm: 23.5873  loss: 19.0910  loss_cls: 4.0524  loss_bbox: 7.3018  loss_dfl: 7.7369
2025/05/24 13:33:20 - mmengine - INFO - Epoch(train) [232][350/420]  base_lr: 1.0000e-02 lr: 4.3075e-03  eta: 1 day, 6:32:28  time: 1.5592  data_time: 0.0081  memory: 10634  grad_norm: 21.1169  loss: 18.6455  loss_cls: 3.8864  loss_bbox: 7.2049  loss_dfl: 7.5542
2025/05/24 13:34:38 - mmengine - INFO - Epoch(train) [232][400/420]  base_lr: 1.0000e-02 lr: 4.3075e-03  eta: 1 day, 6:31:10  time: 1.5576  data_time: 0.0081  memory: 10533  grad_norm: 23.2264  loss: 18.8358  loss_cls: 3.9507  loss_bbox: 7.2282  loss_dfl: 7.6570
2025/05/24 13:35:09 - mmengine - INFO - Exp name: yolov8_mambatransformer_enhance_20250524_070703
2025/05/24 13:35:09 - mmengine - INFO - Saving checkpoint at 232 epochs
2025/05/24 13:35:16 - mmengine - INFO - Epoch(val) [232][ 50/781]    eta: 0:01:00  time: 0.0827  data_time: 0.0022  memory: 10330  
2025/05/24 13:35:20 - mmengine - INFO - Epoch(val) [232][100/781]    eta: 0:00:53  time: 0.0742  data_time: 0.0004  memory: 1000  
2025/05/24 13:35:25 - mmengine - INFO - Epoch(val) [232][150/781]    eta: 0:00:51  time: 0.0875  data_time: 0.0004  memory: 1000  
2025/05/24 13:35:29 - mmengine - INFO - Epoch(val) [232][200/781]    eta: 0:00:48  time: 0.0909  data_time: 0.0004  memory: 1000  
2025/05/24 13:35:34 - mmengine - INFO - Epoch(val) [232][250/781]    eta: 0:00:45  time: 0.0908  data_time: 0.0004  memory: 1000  
2025/05/24 13:35:38 - mmengine - INFO - Epoch(val) [232][300/781]    eta: 0:00:41  time: 0.0908  data_time: 0.0004  memory: 1000  
2025/05/24 13:35:43 - mmengine - INFO - Epoch(val) [232][350/781]    eta: 0:00:37  time: 0.0908  data_time: 0.0004  memory: 1000  
2025/05/24 13:35:47 - mmengine - INFO - Epoch(val) [232][400/781]    eta: 0:00:33  time: 0.0908  data_time: 0.0004  memory: 1000  
2025/05/24 13:35:52 - mmengine - INFO - Epoch(val) [232][450/781]    eta: 0:00:29  time: 0.0909  data_time: 0.0004  memory: 1000  
2025/05/24 13:35:57 - mmengine - INFO - Epoch(val) [232][500/781]    eta: 0:00:24  time: 0.0908  data_time: 0.0004  memory: 1000  
2025/05/24 13:36:01 - mmengine - INFO - Epoch(val) [232][550/781]    eta: 0:00:20  time: 0.0909  data_time: 0.0004  memory: 1000  
2025/05/24 13:36:06 - mmengine - INFO - Epoch(val) [232][600/781]    eta: 0:00:16  time: 0.0907  data_time: 0.0004  memory: 1000  
2025/05/24 13:36:10 - mmengine - INFO - Epoch(val) [232][650/781]    eta: 0:00:11  time: 0.0907  data_time: 0.0004  memory: 1000  
2025/05/24 13:36:15 - mmengine - INFO - Epoch(val) [232][700/781]    eta: 0:00:07  time: 0.0908  data_time: 0.0004  memory: 1000  
2025/05/24 13:36:19 - mmengine - INFO - Epoch(val) [232][750/781]    eta: 0:00:02  time: 0.0908  data_time: 0.0004  memory: 1000  
2025/05/24 13:36:23 - mmengine - INFO - Evaluating bbox...
2025/05/24 13:36:27 - mmengine - INFO - 
+------------+-------+--------+--------+-------+-------+-------+
| category   | mAP   | mAP_50 | mAP_75 | mAP_s | mAP_m | mAP_l |
+------------+-------+--------+--------+-------+-------+-------+
| Car        | 0.689 | 0.923  | 0.764  | 0.415 | 0.719 | 0.886 |
| Truck      | 0.644 | 0.88   | 0.732  | 0.36  | 0.661 | 0.818 |
| People     | 0.516 | 0.855  | 0.539  | 0.351 | 0.704 | 0.754 |
| Bus        | 0.721 | 0.903  | 0.796  | 0.388 | 0.69  | 0.837 |
| Lamp       | 0.459 | 0.803  | 0.468  | 0.41  | 0.715 | nan   |
| Motorcycle | 0.443 | 0.711  | 0.464  | 0.095 | 0.65  | 0.81  |
+------------+-------+--------+--------+-------+-------+-------+
2025/05/24 13:36:27 - mmengine - INFO - bbox_mAP_copypaste: 0.578 0.846 0.627 0.337 0.690 0.821
2025/05/24 13:36:27 - mmengine - INFO - Epoch(val) [232][781/781]    coco/Car_precision: 0.6890  coco/Truck_precision: 0.6440  coco/People_precision: 0.5160  coco/Bus_precision: 0.7210  coco/Lamp_precision: 0.4590  coco/Motorcycle_precision: 0.4430  coco/bbox_mAP: 0.5780  coco/bbox_mAP_50: 0.8460  coco/bbox_mAP_75: 0.6270  coco/bbox_mAP_s: 0.3370  coco/bbox_mAP_m: 0.6900  coco/bbox_mAP_l: 0.8210  data_time: 0.0005  time: 0.0890
2025/05/24 13:37:47 - mmengine - INFO - Epoch(train) [233][ 50/420]  base_lr: 1.0000e-02 lr: 4.2828e-03  eta: 1 day, 6:29:29  time: 1.5926  data_time: 0.0481  memory: 10448  grad_norm: 22.1125  loss: 18.7305  loss_cls: 3.9107  loss_bbox: 7.1682  loss_dfl: 7.6516
2025/05/24 13:39:04 - mmengine - INFO - Epoch(train) [233][100/420]  base_lr: 1.0000e-02 lr: 4.2828e-03  eta: 1 day, 6:28:09  time: 1.5478  data_time: 0.0074  memory: 10405  grad_norm: 21.5075  loss: 18.5979  loss_cls: 3.9057  loss_bbox: 7.1376  loss_dfl: 7.5547
2025/05/24 13:40:21 - mmengine - INFO - Epoch(train) [233][150/420]  base_lr: 1.0000e-02 lr: 4.2828e-03  eta: 1 day, 6:26:49  time: 1.5476  data_time: 0.0074  memory: 10378  grad_norm: 20.7669  loss: 18.7884  loss_cls: 3.8925  loss_bbox: 7.2518  loss_dfl: 7.6440
2025/05/24 13:41:39 - mmengine - INFO - Epoch(train) [233][200/420]  base_lr: 1.0000e-02 lr: 4.2828e-03  eta: 1 day, 6:25:29  time: 1.5481  data_time: 0.0074  memory: 10474  grad_norm: 22.0638  loss: 18.7049  loss_cls: 3.8865  loss_bbox: 7.0915  loss_dfl: 7.7269
2025/05/24 13:42:56 - mmengine - INFO - Epoch(train) [233][250/420]  base_lr: 1.0000e-02 lr: 4.2828e-03  eta: 1 day, 6:24:09  time: 1.5479  data_time: 0.0074  memory: 10411  grad_norm: 21.9495  loss: 18.5900  loss_cls: 3.9466  loss_bbox: 7.0609  loss_dfl: 7.5825
2025/05/24 13:44:14 - mmengine - INFO - Epoch(train) [233][300/420]  base_lr: 1.0000e-02 lr: 4.2828e-03  eta: 1 day, 6:22:49  time: 1.5472  data_time: 0.0074  memory: 10490  grad_norm: 21.4430  loss: 18.6178  loss_cls: 3.9015  loss_bbox: 7.1384  loss_dfl: 7.5779
2025/05/24 13:45:31 - mmengine - INFO - Epoch(train) [233][350/420]  base_lr: 1.0000e-02 lr: 4.2828e-03  eta: 1 day, 6:21:28  time: 1.5473  data_time: 0.0074  memory: 10411  grad_norm: 21.3276  loss: 18.4407  loss_cls: 3.7856  loss_bbox: 7.0491  loss_dfl: 7.6061
2025/05/24 13:46:49 - mmengine - INFO - Epoch(train) [233][400/420]  base_lr: 1.0000e-02 lr: 4.2828e-03  eta: 1 day, 6:20:10  time: 1.5526  data_time: 0.0077  memory: 10464  grad_norm: 21.8252  loss: 18.5356  loss_cls: 3.8445  loss_bbox: 7.1281  loss_dfl: 7.5630
2025/05/24 13:47:20 - mmengine - INFO - Exp name: yolov8_mambatransformer_enhance_20250524_070703
2025/05/24 13:47:20 - mmengine - INFO - Saving checkpoint at 233 epochs
2025/05/24 13:47:30 - mmengine - INFO - Epoch(val) [233][ 50/781]    eta: 0:01:20  time: 0.1100  data_time: 0.0049  memory: 10426  
2025/05/24 13:47:36 - mmengine - INFO - Epoch(val) [233][100/781]    eta: 0:01:16  time: 0.1156  data_time: 0.0016  memory: 1000  
2025/05/24 13:47:40 - mmengine - INFO - Epoch(val) [233][150/781]    eta: 0:01:04  time: 0.0827  data_time: 0.0004  memory: 1000  
2025/05/24 13:47:44 - mmengine - INFO - Epoch(val) [233][200/781]    eta: 0:00:55  time: 0.0770  data_time: 0.0004  memory: 1000  
2025/05/24 13:47:48 - mmengine - INFO - Epoch(val) [233][250/781]    eta: 0:00:48  time: 0.0738  data_time: 0.0004  memory: 1000  
2025/05/24 13:47:52 - mmengine - INFO - Epoch(val) [233][300/781]    eta: 0:00:42  time: 0.0737  data_time: 0.0004  memory: 1000  
2025/05/24 13:47:56 - mmengine - INFO - Epoch(val) [233][350/781]    eta: 0:00:37  time: 0.0739  data_time: 0.0004  memory: 1000  
2025/05/24 13:47:59 - mmengine - INFO - Epoch(val) [233][400/781]    eta: 0:00:32  time: 0.0736  data_time: 0.0004  memory: 1000  
2025/05/24 13:48:03 - mmengine - INFO - Epoch(val) [233][450/781]    eta: 0:00:27  time: 0.0737  data_time: 0.0004  memory: 1000  
2025/05/24 13:48:07 - mmengine - INFO - Epoch(val) [233][500/781]    eta: 0:00:23  time: 0.0737  data_time: 0.0004  memory: 1000  
2025/05/24 13:48:10 - mmengine - INFO - Epoch(val) [233][550/781]    eta: 0:00:18  time: 0.0736  data_time: 0.0004  memory: 1000  
2025/05/24 13:48:14 - mmengine - INFO - Epoch(val) [233][600/781]    eta: 0:00:14  time: 0.0736  data_time: 0.0004  memory: 1000  
2025/05/24 13:48:18 - mmengine - INFO - Epoch(val) [233][650/781]    eta: 0:00:10  time: 0.0739  data_time: 0.0004  memory: 1000  
2025/05/24 13:48:21 - mmengine - INFO - Epoch(val) [233][700/781]    eta: 0:00:06  time: 0.0736  data_time: 0.0004  memory: 1000  
2025/05/24 13:48:25 - mmengine - INFO - Epoch(val) [233][750/781]    eta: 0:00:02  time: 0.0734  data_time: 0.0004  memory: 1000  
2025/05/24 13:48:28 - mmengine - INFO - Evaluating bbox...
2025/05/24 13:48:32 - mmengine - INFO - 
+------------+-------+--------+--------+-------+-------+-------+
| category   | mAP   | mAP_50 | mAP_75 | mAP_s | mAP_m | mAP_l |
+------------+-------+--------+--------+-------+-------+-------+
| Car        | 0.688 | 0.923  | 0.764  | 0.415 | 0.718 | 0.886 |
| Truck      | 0.645 | 0.88   | 0.74   | 0.357 | 0.662 | 0.816 |
| People     | 0.516 | 0.855  | 0.538  | 0.352 | 0.703 | 0.755 |
| Bus        | 0.721 | 0.903  | 0.797  | 0.388 | 0.688 | 0.837 |
| Lamp       | 0.458 | 0.806  | 0.463  | 0.408 | 0.713 | nan   |
| Motorcycle | 0.444 | 0.712  | 0.463  | 0.095 | 0.653 | 0.81  |
+------------+-------+--------+--------+-------+-------+-------+
2025/05/24 13:48:32 - mmengine - INFO - bbox_mAP_copypaste: 0.579 0.846 0.627 0.336 0.690 0.821
2025/05/24 13:48:32 - mmengine - INFO - Epoch(val) [233][781/781]    coco/Car_precision: 0.6880  coco/Truck_precision: 0.6450  coco/People_precision: 0.5160  coco/Bus_precision: 0.7210  coco/Lamp_precision: 0.4580  coco/Motorcycle_precision: 0.4440  coco/bbox_mAP: 0.5790  coco/bbox_mAP_50: 0.8460  coco/bbox_mAP_75: 0.6270  coco/bbox_mAP_s: 0.3360  coco/bbox_mAP_m: 0.6900  coco/bbox_mAP_l: 0.8210  data_time: 0.0007  time: 0.0795
2025/05/24 13:49:51 - mmengine - INFO - Epoch(train) [234][ 50/420]  base_lr: 1.0000e-02 lr: 4.2580e-03  eta: 1 day, 6:18:29  time: 1.5864  data_time: 0.0452  memory: 10442  grad_norm: 22.4093  loss: 18.6456  loss_cls: 3.8652  loss_bbox: 7.0753  loss_dfl: 7.7052
2025/05/24 13:51:09 - mmengine - INFO - Epoch(train) [234][100/420]  base_lr: 1.0000e-02 lr: 4.2580e-03  eta: 1 day, 6:17:09  time: 1.5496  data_time: 0.0074  memory: 10394  grad_norm: 20.5376  loss: 18.4167  loss_cls: 3.7959  loss_bbox: 7.0184  loss_dfl: 7.6024
2025/05/24 13:52:11 - mmengine - INFO - Exp name: yolov8_mambatransformer_enhance_20250524_070703
2025/05/24 13:52:27 - mmengine - INFO - Epoch(train) [234][150/420]  base_lr: 1.0000e-02 lr: 4.2580e-03  eta: 1 day, 6:15:50  time: 1.5528  data_time: 0.0074  memory: 10442  grad_norm: 21.9601  loss: 18.5237  loss_cls: 3.8462  loss_bbox: 7.0830  loss_dfl: 7.5945
2025/05/24 13:53:44 - mmengine - INFO - Epoch(train) [234][200/420]  base_lr: 1.0000e-02 lr: 4.2580e-03  eta: 1 day, 6:14:30  time: 1.5491  data_time: 0.0074  memory: 10421  grad_norm: 23.1750  loss: 18.7570  loss_cls: 3.9209  loss_bbox: 7.2224  loss_dfl: 7.6137
2025/05/24 13:55:02 - mmengine - INFO - Epoch(train) [234][250/420]  base_lr: 1.0000e-02 lr: 4.2580e-03  eta: 1 day, 6:13:11  time: 1.5497  data_time: 0.0073  memory: 10437  grad_norm: 20.9283  loss: 18.2555  loss_cls: 3.7205  loss_bbox: 6.9793  loss_dfl: 7.5557
2025/05/24 13:56:19 - mmengine - INFO - Epoch(train) [234][300/420]  base_lr: 1.0000e-02 lr: 4.2580e-03  eta: 1 day, 6:11:51  time: 1.5498  data_time: 0.0074  memory: 10421  grad_norm: 20.8235  loss: 18.3932  loss_cls: 3.8326  loss_bbox: 6.9565  loss_dfl: 7.6041
2025/05/24 13:57:37 - mmengine - INFO - Epoch(train) [234][350/420]  base_lr: 1.0000e-02 lr: 4.2580e-03  eta: 1 day, 6:10:32  time: 1.5499  data_time: 0.0073  memory: 10453  grad_norm: 21.5984  loss: 18.7989  loss_cls: 3.9920  loss_bbox: 7.1873  loss_dfl: 7.6196
2025/05/24 13:58:54 - mmengine - INFO - Epoch(train) [234][400/420]  base_lr: 1.0000e-02 lr: 4.2580e-03  eta: 1 day, 6:09:12  time: 1.5494  data_time: 0.0074  memory: 10506  grad_norm: 21.5826  loss: 18.4657  loss_cls: 3.8675  loss_bbox: 7.0794  loss_dfl: 7.5188
2025/05/24 13:59:25 - mmengine - INFO - Exp name: yolov8_mambatransformer_enhance_20250524_070703
2025/05/24 13:59:25 - mmengine - INFO - Saving checkpoint at 234 epochs
2025/05/24 13:59:33 - mmengine - INFO - Epoch(val) [234][ 50/781]    eta: 0:01:04  time: 0.0879  data_time: 0.0016  memory: 10384  
2025/05/24 13:59:37 - mmengine - INFO - Epoch(val) [234][100/781]    eta: 0:01:00  time: 0.0901  data_time: 0.0004  memory: 1000  
2025/05/24 13:59:41 - mmengine - INFO - Epoch(val) [234][150/781]    eta: 0:00:53  time: 0.0743  data_time: 0.0004  memory: 1000  
2025/05/24 13:59:45 - mmengine - INFO - Epoch(val) [234][200/781]    eta: 0:00:47  time: 0.0736  data_time: 0.0004  memory: 1000  
2025/05/24 13:59:49 - mmengine - INFO - Epoch(val) [234][250/781]    eta: 0:00:42  time: 0.0738  data_time: 0.0004  memory: 1000  
2025/05/24 13:59:52 - mmengine - INFO - Epoch(val) [234][300/781]    eta: 0:00:37  time: 0.0735  data_time: 0.0004  memory: 1000  
2025/05/24 13:59:56 - mmengine - INFO - Epoch(val) [234][350/781]    eta: 0:00:33  time: 0.0736  data_time: 0.0004  memory: 1000  
2025/05/24 14:00:00 - mmengine - INFO - Epoch(val) [234][400/781]    eta: 0:00:29  time: 0.0737  data_time: 0.0004  memory: 1000  
2025/05/24 14:00:03 - mmengine - INFO - Epoch(val) [234][450/781]    eta: 0:00:25  time: 0.0739  data_time: 0.0004  memory: 1000  
2025/05/24 14:00:07 - mmengine - INFO - Epoch(val) [234][500/781]    eta: 0:00:21  time: 0.0739  data_time: 0.0004  memory: 1000  
2025/05/24 14:00:12 - mmengine - INFO - Epoch(val) [234][550/781]    eta: 0:00:17  time: 0.0885  data_time: 0.0011  memory: 1000  
2025/05/24 14:00:17 - mmengine - INFO - Epoch(val) [234][600/781]    eta: 0:00:14  time: 0.1046  data_time: 0.0005  memory: 1000  
2025/05/24 14:00:23 - mmengine - INFO - Epoch(val) [234][650/781]    eta: 0:00:10  time: 0.1124  data_time: 0.0012  memory: 1000  
2025/05/24 14:00:28 - mmengine - INFO - Epoch(val) [234][700/781]    eta: 0:00:06  time: 0.1059  data_time: 0.0005  memory: 1000  
2025/05/24 14:00:34 - mmengine - INFO - Epoch(val) [234][750/781]    eta: 0:00:02  time: 0.1166  data_time: 0.0026  memory: 1000  
2025/05/24 14:00:38 - mmengine - INFO - Evaluating bbox...
2025/05/24 14:00:42 - mmengine - INFO - 
+------------+-------+--------+--------+-------+-------+-------+
| category   | mAP   | mAP_50 | mAP_75 | mAP_s | mAP_m | mAP_l |
+------------+-------+--------+--------+-------+-------+-------+
| Car        | 0.689 | 0.924  | 0.764  | 0.415 | 0.72  | 0.887 |
| Truck      | 0.645 | 0.882  | 0.737  | 0.353 | 0.661 | 0.825 |
| People     | 0.516 | 0.854  | 0.537  | 0.35  | 0.704 | 0.753 |
| Bus        | 0.718 | 0.903  | 0.789  | 0.387 | 0.686 | 0.836 |
| Lamp       | 0.457 | 0.807  | 0.462  | 0.407 | 0.714 | nan   |
| Motorcycle | 0.442 | 0.711  | 0.463  | 0.094 | 0.652 | 0.81  |
+------------+-------+--------+--------+-------+-------+-------+
2025/05/24 14:00:42 - mmengine - INFO - bbox_mAP_copypaste: 0.578 0.847 0.625 0.335 0.689 0.822
2025/05/24 14:00:42 - mmengine - INFO - Epoch(val) [234][781/781]    coco/Car_precision: 0.6890  coco/Truck_precision: 0.6450  coco/People_precision: 0.5160  coco/Bus_precision: 0.7180  coco/Lamp_precision: 0.4570  coco/Motorcycle_precision: 0.4420  coco/bbox_mAP: 0.5780  coco/bbox_mAP_50: 0.8470  coco/bbox_mAP_75: 0.6250  coco/bbox_mAP_s: 0.3350  coco/bbox_mAP_m: 0.6890  coco/bbox_mAP_l: 0.8220  data_time: 0.0008  time: 0.0874
2025/05/24 14:02:03 - mmengine - INFO - Epoch(train) [235][ 50/420]  base_lr: 1.0000e-02 lr: 4.2333e-03  eta: 1 day, 6:07:37  time: 1.6186  data_time: 0.0661  memory: 10464  grad_norm: 22.0758  loss: 18.4502  loss_cls: 3.8542  loss_bbox: 7.0971  loss_dfl: 7.4988
2025/05/24 14:03:21 - mmengine - INFO - Epoch(train) [235][100/420]  base_lr: 1.0000e-02 lr: 4.2333e-03  eta: 1 day, 6:06:18  time: 1.5495  data_time: 0.0075  memory: 10437  grad_norm: 22.5165  loss: 18.6740  loss_cls: 3.9070  loss_bbox: 7.1280  loss_dfl: 7.6390
2025/05/24 14:04:38 - mmengine - INFO - Epoch(train) [235][150/420]  base_lr: 1.0000e-02 lr: 4.2333e-03  eta: 1 day, 6:04:58  time: 1.5497  data_time: 0.0075  memory: 10442  grad_norm: 21.3114  loss: 18.8030  loss_cls: 3.9289  loss_bbox: 7.3184  loss_dfl: 7.5557
2025/05/24 14:05:56 - mmengine - INFO - Epoch(train) [235][200/420]  base_lr: 1.0000e-02 lr: 4.2333e-03  eta: 1 day, 6:03:39  time: 1.5504  data_time: 0.0074  memory: 10437  grad_norm: 21.6893  loss: 18.5672  loss_cls: 3.8586  loss_bbox: 7.0684  loss_dfl: 7.6401
2025/05/24 14:07:14 - mmengine - INFO - Epoch(train) [235][250/420]  base_lr: 1.0000e-02 lr: 4.2333e-03  eta: 1 day, 6:02:19  time: 1.5496  data_time: 0.0075  memory: 10453  grad_norm: 21.0574  loss: 18.3589  loss_cls: 3.7968  loss_bbox: 6.9557  loss_dfl: 7.6064
2025/05/24 14:08:31 - mmengine - INFO - Epoch(train) [235][300/420]  base_lr: 1.0000e-02 lr: 4.2333e-03  eta: 1 day, 6:01:00  time: 1.5499  data_time: 0.0074  memory: 10442  grad_norm: 21.3328  loss: 18.6854  loss_cls: 3.8797  loss_bbox: 7.2214  loss_dfl: 7.5843
2025/05/24 14:09:49 - mmengine - INFO - Epoch(train) [235][350/420]  base_lr: 1.0000e-02 lr: 4.2333e-03  eta: 1 day, 5:59:40  time: 1.5490  data_time: 0.0075  memory: 10405  grad_norm: 22.1678  loss: 18.5777  loss_cls: 3.7986  loss_bbox: 7.1080  loss_dfl: 7.6710
2025/05/24 14:11:06 - mmengine - INFO - Epoch(train) [235][400/420]  base_lr: 1.0000e-02 lr: 4.2333e-03  eta: 1 day, 5:58:21  time: 1.5500  data_time: 0.0075  memory: 10432  grad_norm: 21.7284  loss: 18.6683  loss_cls: 3.9335  loss_bbox: 7.1451  loss_dfl: 7.5896
2025/05/24 14:11:37 - mmengine - INFO - Exp name: yolov8_mambatransformer_enhance_20250524_070703
2025/05/24 14:11:37 - mmengine - INFO - Saving checkpoint at 235 epochs
2025/05/24 14:11:45 - mmengine - INFO - Epoch(val) [235][ 50/781]    eta: 0:01:08  time: 0.0936  data_time: 0.0022  memory: 10394  
2025/05/24 14:11:50 - mmengine - INFO - Epoch(val) [235][100/781]    eta: 0:01:02  time: 0.0913  data_time: 0.0004  memory: 1000  
2025/05/24 14:11:54 - mmengine - INFO - Epoch(val) [235][150/781]    eta: 0:00:58  time: 0.0912  data_time: 0.0004  memory: 1000  
2025/05/24 14:11:59 - mmengine - INFO - Epoch(val) [235][200/781]    eta: 0:00:53  time: 0.0913  data_time: 0.0004  memory: 1000  
2025/05/24 14:12:04 - mmengine - INFO - Epoch(val) [235][250/781]    eta: 0:00:48  time: 0.0910  data_time: 0.0004  memory: 1000  
2025/05/24 14:12:08 - mmengine - INFO - Epoch(val) [235][300/781]    eta: 0:00:44  time: 0.0910  data_time: 0.0004  memory: 1000  
2025/05/24 14:12:13 - mmengine - INFO - Epoch(val) [235][350/781]    eta: 0:00:39  time: 0.0909  data_time: 0.0004  memory: 1000  
2025/05/24 14:12:17 - mmengine - INFO - Epoch(val) [235][400/781]    eta: 0:00:34  time: 0.0912  data_time: 0.0004  memory: 1000  
2025/05/24 14:12:22 - mmengine - INFO - Epoch(val) [235][450/781]    eta: 0:00:30  time: 0.0911  data_time: 0.0004  memory: 1000  
2025/05/24 14:12:26 - mmengine - INFO - Epoch(val) [235][500/781]    eta: 0:00:25  time: 0.0909  data_time: 0.0004  memory: 1000  
2025/05/24 14:12:31 - mmengine - INFO - Epoch(val) [235][550/781]    eta: 0:00:21  time: 0.0910  data_time: 0.0004  memory: 1000  
2025/05/24 14:12:36 - mmengine - INFO - Epoch(val) [235][600/781]    eta: 0:00:16  time: 0.0910  data_time: 0.0004  memory: 1000  
2025/05/24 14:12:40 - mmengine - INFO - Epoch(val) [235][650/781]    eta: 0:00:11  time: 0.0910  data_time: 0.0004  memory: 1000  
2025/05/24 14:12:45 - mmengine - INFO - Epoch(val) [235][700/781]    eta: 0:00:07  time: 0.0909  data_time: 0.0004  memory: 1000  
2025/05/24 14:12:49 - mmengine - INFO - Epoch(val) [235][750/781]    eta: 0:00:02  time: 0.0909  data_time: 0.0004  memory: 1000  
2025/05/24 14:12:53 - mmengine - INFO - Evaluating bbox...
2025/05/24 14:12:57 - mmengine - INFO - 
+------------+-------+--------+--------+-------+-------+-------+
| category   | mAP   | mAP_50 | mAP_75 | mAP_s | mAP_m | mAP_l |
+------------+-------+--------+--------+-------+-------+-------+
| Car        | 0.689 | 0.923  | 0.764  | 0.416 | 0.72  | 0.887 |
| Truck      | 0.644 | 0.883  | 0.736  | 0.342 | 0.662 | 0.82  |
| People     | 0.516 | 0.854  | 0.539  | 0.35  | 0.705 | 0.753 |
| Bus        | 0.717 | 0.902  | 0.786  | 0.385 | 0.686 | 0.834 |
| Lamp       | 0.456 | 0.806  | 0.46   | 0.407 | 0.712 | nan   |
| Motorcycle | 0.441 | 0.711  | 0.462  | 0.094 | 0.649 | 0.81  |
+------------+-------+--------+--------+-------+-------+-------+
2025/05/24 14:12:57 - mmengine - INFO - bbox_mAP_copypaste: 0.577 0.847 0.624 0.332 0.689 0.821
2025/05/24 14:12:57 - mmengine - INFO - Epoch(val) [235][781/781]    coco/Car_precision: 0.6890  coco/Truck_precision: 0.6440  coco/People_precision: 0.5160  coco/Bus_precision: 0.7170  coco/Lamp_precision: 0.4560  coco/Motorcycle_precision: 0.4410  coco/bbox_mAP: 0.5770  coco/bbox_mAP_50: 0.8470  coco/bbox_mAP_75: 0.6240  coco/bbox_mAP_s: 0.3320  coco/bbox_mAP_m: 0.6890  coco/bbox_mAP_l: 0.8210  data_time: 0.0005  time: 0.0912
2025/05/24 14:14:16 - mmengine - INFO - Epoch(train) [236][ 50/420]  base_lr: 1.0000e-02 lr: 4.2085e-03  eta: 1 day, 5:56:38  time: 1.5855  data_time: 0.0456  memory: 10437  grad_norm: 21.7555  loss: 18.3470  loss_cls: 3.8330  loss_bbox: 6.9734  loss_dfl: 7.5406
2025/05/24 14:15:34 - mmengine - INFO - Epoch(train) [236][100/420]  base_lr: 1.0000e-02 lr: 4.2085e-03  eta: 1 day, 5:55:22  time: 1.5646  data_time: 0.0087  memory: 10442  grad_norm: 21.7457  loss: 18.5270  loss_cls: 3.8171  loss_bbox: 7.0920  loss_dfl: 7.6179
2025/05/24 14:16:52 - mmengine - INFO - Epoch(train) [236][150/420]  base_lr: 1.0000e-02 lr: 4.2085e-03  eta: 1 day, 5:54:02  time: 1.5493  data_time: 0.0075  memory: 10421  grad_norm: 21.2679  loss: 18.2625  loss_cls: 3.7153  loss_bbox: 6.9394  loss_dfl: 7.6078
2025/05/24 14:18:09 - mmengine - INFO - Epoch(train) [236][200/420]  base_lr: 1.0000e-02 lr: 4.2085e-03  eta: 1 day, 5:52:43  time: 1.5487  data_time: 0.0075  memory: 10411  grad_norm: 22.3935  loss: 18.5120  loss_cls: 3.8129  loss_bbox: 7.0005  loss_dfl: 7.6987
2025/05/24 14:19:27 - mmengine - INFO - Epoch(train) [236][250/420]  base_lr: 1.0000e-02 lr: 4.2085e-03  eta: 1 day, 5:51:23  time: 1.5492  data_time: 0.0074  memory: 10400  grad_norm: 22.1445  loss: 18.3690  loss_cls: 3.8874  loss_bbox: 6.9523  loss_dfl: 7.5293
2025/05/24 14:20:45 - mmengine - INFO - Exp name: yolov8_mambatransformer_enhance_20250524_070703
2025/05/24 14:20:45 - mmengine - INFO - Epoch(train) [236][300/420]  base_lr: 1.0000e-02 lr: 4.2085e-03  eta: 1 day, 5:50:05  time: 1.5538  data_time: 0.0074  memory: 10405  grad_norm: 22.0152  loss: 18.5766  loss_cls: 3.8493  loss_bbox: 7.1497  loss_dfl: 7.5775
2025/05/24 14:22:02 - mmengine - INFO - Epoch(train) [236][350/420]  base_lr: 1.0000e-02 lr: 4.2085e-03  eta: 1 day, 5:48:45  time: 1.5490  data_time: 0.0074  memory: 10362  grad_norm: 22.5504  loss: 18.7346  loss_cls: 3.9340  loss_bbox: 7.1625  loss_dfl: 7.6381
2025/05/24 14:23:20 - mmengine - INFO - Epoch(train) [236][400/420]  base_lr: 1.0000e-02 lr: 4.2085e-03  eta: 1 day, 5:47:26  time: 1.5492  data_time: 0.0074  memory: 10474  grad_norm: 22.0447  loss: 18.5321  loss_cls: 3.8836  loss_bbox: 7.0349  loss_dfl: 7.6136
2025/05/24 14:23:50 - mmengine - INFO - Exp name: yolov8_mambatransformer_enhance_20250524_070703
2025/05/24 14:23:50 - mmengine - INFO - Saving checkpoint at 236 epochs
2025/05/24 14:23:59 - mmengine - INFO - Epoch(val) [236][ 50/781]    eta: 0:01:07  time: 0.0928  data_time: 0.0021  memory: 10426  
2025/05/24 14:24:03 - mmengine - INFO - Epoch(val) [236][100/781]    eta: 0:01:02  time: 0.0916  data_time: 0.0004  memory: 1000  
2025/05/24 14:24:08 - mmengine - INFO - Epoch(val) [236][150/781]    eta: 0:00:57  time: 0.0913  data_time: 0.0004  memory: 1000  
2025/05/24 14:24:12 - mmengine - INFO - Epoch(val) [236][200/781]    eta: 0:00:53  time: 0.0912  data_time: 0.0004  memory: 1000  
2025/05/24 14:24:17 - mmengine - INFO - Epoch(val) [236][250/781]    eta: 0:00:48  time: 0.0910  data_time: 0.0004  memory: 1000  
2025/05/24 14:24:22 - mmengine - INFO - Epoch(val) [236][300/781]    eta: 0:00:44  time: 0.0911  data_time: 0.0004  memory: 1000  
2025/05/24 14:24:26 - mmengine - INFO - Epoch(val) [236][350/781]    eta: 0:00:39  time: 0.0911  data_time: 0.0004  memory: 1000  
2025/05/24 14:24:31 - mmengine - INFO - Epoch(val) [236][400/781]    eta: 0:00:34  time: 0.0911  data_time: 0.0004  memory: 1000  
2025/05/24 14:24:35 - mmengine - INFO - Epoch(val) [236][450/781]    eta: 0:00:30  time: 0.0910  data_time: 0.0004  memory: 1000  
2025/05/24 14:24:40 - mmengine - INFO - Epoch(val) [236][500/781]    eta: 0:00:25  time: 0.0911  data_time: 0.0004  memory: 1000  
2025/05/24 14:24:44 - mmengine - INFO - Epoch(val) [236][550/781]    eta: 0:00:21  time: 0.0910  data_time: 0.0004  memory: 1000  
2025/05/24 14:24:49 - mmengine - INFO - Epoch(val) [236][600/781]    eta: 0:00:16  time: 0.0911  data_time: 0.0004  memory: 1000  
2025/05/24 14:24:54 - mmengine - INFO - Epoch(val) [236][650/781]    eta: 0:00:11  time: 0.0911  data_time: 0.0004  memory: 1000  
2025/05/24 14:24:58 - mmengine - INFO - Epoch(val) [236][700/781]    eta: 0:00:07  time: 0.0910  data_time: 0.0004  memory: 1000  
2025/05/24 14:25:03 - mmengine - INFO - Epoch(val) [236][750/781]    eta: 0:00:02  time: 0.0910  data_time: 0.0004  memory: 1000  
2025/05/24 14:25:06 - mmengine - INFO - Evaluating bbox...
2025/05/24 14:25:10 - mmengine - INFO - 
+------------+-------+--------+--------+-------+-------+-------+
| category   | mAP   | mAP_50 | mAP_75 | mAP_s | mAP_m | mAP_l |
+------------+-------+--------+--------+-------+-------+-------+
| Car        | 0.689 | 0.923  | 0.764  | 0.415 | 0.719 | 0.886 |
| Truck      | 0.644 | 0.883  | 0.74   | 0.347 | 0.662 | 0.82  |
| People     | 0.515 | 0.854  | 0.539  | 0.35  | 0.705 | 0.752 |
| Bus        | 0.726 | 0.911  | 0.801  | 0.389 | 0.689 | 0.845 |
| Lamp       | 0.456 | 0.81   | 0.458  | 0.408 | 0.711 | nan   |
| Motorcycle | 0.44  | 0.71   | 0.463  | 0.089 | 0.653 | 0.81  |
+------------+-------+--------+--------+-------+-------+-------+
2025/05/24 14:25:10 - mmengine - INFO - bbox_mAP_copypaste: 0.578 0.849 0.628 0.333 0.690 0.823
2025/05/24 14:25:10 - mmengine - INFO - Epoch(val) [236][781/781]    coco/Car_precision: 0.6890  coco/Truck_precision: 0.6440  coco/People_precision: 0.5150  coco/Bus_precision: 0.7260  coco/Lamp_precision: 0.4560  coco/Motorcycle_precision: 0.4400  coco/bbox_mAP: 0.5780  coco/bbox_mAP_50: 0.8490  coco/bbox_mAP_75: 0.6280  coco/bbox_mAP_s: 0.3330  coco/bbox_mAP_m: 0.6900  coco/bbox_mAP_l: 0.8230  data_time: 0.0005  time: 0.0912
2025/05/24 14:26:29 - mmengine - INFO - Epoch(train) [237][ 50/420]  base_lr: 1.0000e-02 lr: 4.1837e-03  eta: 1 day, 5:45:42  time: 1.5860  data_time: 0.0450  memory: 10426  grad_norm: 22.0870  loss: 18.4513  loss_cls: 3.8128  loss_bbox: 7.0423  loss_dfl: 7.5961
2025/05/24 14:27:47 - mmengine - INFO - Epoch(train) [237][100/420]  base_lr: 1.0000e-02 lr: 4.1837e-03  eta: 1 day, 5:44:24  time: 1.5529  data_time: 0.0074  memory: 10512  grad_norm: 21.4785  loss: 18.3236  loss_cls: 3.7948  loss_bbox: 6.9777  loss_dfl: 7.5511
2025/05/24 14:29:06 - mmengine - INFO - Epoch(train) [237][150/420]  base_lr: 1.0000e-02 lr: 4.1837e-03  eta: 1 day, 5:43:08  time: 1.5670  data_time: 0.0088  memory: 10394  grad_norm: 22.1087  loss: 18.8385  loss_cls: 3.9045  loss_bbox: 7.2972  loss_dfl: 7.6368
2025/05/24 14:30:23 - mmengine - INFO - Epoch(train) [237][200/420]  base_lr: 1.0000e-02 lr: 4.1837e-03  eta: 1 day, 5:41:49  time: 1.5495  data_time: 0.0076  memory: 10554  grad_norm: 21.4501  loss: 18.1700  loss_cls: 3.7851  loss_bbox: 6.8775  loss_dfl: 7.5074
2025/05/24 14:31:40 - mmengine - INFO - Epoch(train) [237][250/420]  base_lr: 1.0000e-02 lr: 4.1837e-03  eta: 1 day, 5:40:29  time: 1.5483  data_time: 0.0074  memory: 10432  grad_norm: 21.5293  loss: 18.8486  loss_cls: 3.9589  loss_bbox: 7.2513  loss_dfl: 7.6385
2025/05/24 14:32:58 - mmengine - INFO - Epoch(train) [237][300/420]  base_lr: 1.0000e-02 lr: 4.1837e-03  eta: 1 day, 5:39:09  time: 1.5482  data_time: 0.0074  memory: 10437  grad_norm: 23.6027  loss: 18.5645  loss_cls: 3.8566  loss_bbox: 7.0939  loss_dfl: 7.6141
2025/05/24 14:34:15 - mmengine - INFO - Epoch(train) [237][350/420]  base_lr: 1.0000e-02 lr: 4.1837e-03  eta: 1 day, 5:37:50  time: 1.5484  data_time: 0.0074  memory: 10411  grad_norm: 20.5046  loss: 18.3683  loss_cls: 3.8059  loss_bbox: 6.9829  loss_dfl: 7.5795
2025/05/24 14:35:33 - mmengine - INFO - Epoch(train) [237][400/420]  base_lr: 1.0000e-02 lr: 4.1837e-03  eta: 1 day, 5:36:30  time: 1.5477  data_time: 0.0074  memory: 10480  grad_norm: 21.6952  loss: 18.6857  loss_cls: 3.8886  loss_bbox: 7.1977  loss_dfl: 7.5994
2025/05/24 14:36:04 - mmengine - INFO - Exp name: yolov8_mambatransformer_enhance_20250524_070703
2025/05/24 14:36:04 - mmengine - INFO - Saving checkpoint at 237 epochs
2025/05/24 14:36:12 - mmengine - INFO - Epoch(val) [237][ 50/781]    eta: 0:01:08  time: 0.0933  data_time: 0.0023  memory: 10458  
2025/05/24 14:36:16 - mmengine - INFO - Epoch(val) [237][100/781]    eta: 0:01:02  time: 0.0915  data_time: 0.0004  memory: 1000  
2025/05/24 14:36:21 - mmengine - INFO - Epoch(val) [237][150/781]    eta: 0:00:58  time: 0.0913  data_time: 0.0004  memory: 1000  
2025/05/24 14:36:26 - mmengine - INFO - Epoch(val) [237][200/781]    eta: 0:00:53  time: 0.0912  data_time: 0.0004  memory: 1000  
2025/05/24 14:36:30 - mmengine - INFO - Epoch(val) [237][250/781]    eta: 0:00:48  time: 0.0911  data_time: 0.0004  memory: 1000  
2025/05/24 14:36:35 - mmengine - INFO - Epoch(val) [237][300/781]    eta: 0:00:44  time: 0.0911  data_time: 0.0004  memory: 1000  
2025/05/24 14:36:39 - mmengine - INFO - Epoch(val) [237][350/781]    eta: 0:00:39  time: 0.0910  data_time: 0.0004  memory: 1000  
2025/05/24 14:36:44 - mmengine - INFO - Epoch(val) [237][400/781]    eta: 0:00:34  time: 0.0910  data_time: 0.0004  memory: 1000  
2025/05/24 14:36:49 - mmengine - INFO - Epoch(val) [237][450/781]    eta: 0:00:30  time: 0.0911  data_time: 0.0004  memory: 1000  
2025/05/24 14:36:53 - mmengine - INFO - Epoch(val) [237][500/781]    eta: 0:00:25  time: 0.0912  data_time: 0.0004  memory: 1000  
2025/05/24 14:36:58 - mmengine - INFO - Epoch(val) [237][550/781]    eta: 0:00:21  time: 0.0911  data_time: 0.0004  memory: 1000  
2025/05/24 14:37:02 - mmengine - INFO - Epoch(val) [237][600/781]    eta: 0:00:16  time: 0.0910  data_time: 0.0004  memory: 1000  
2025/05/24 14:37:07 - mmengine - INFO - Epoch(val) [237][650/781]    eta: 0:00:11  time: 0.0910  data_time: 0.0004  memory: 1000  
2025/05/24 14:37:11 - mmengine - INFO - Epoch(val) [237][700/781]    eta: 0:00:07  time: 0.0910  data_time: 0.0004  memory: 1000  
2025/05/24 14:37:16 - mmengine - INFO - Epoch(val) [237][750/781]    eta: 0:00:02  time: 0.0910  data_time: 0.0004  memory: 1000  
2025/05/24 14:37:19 - mmengine - INFO - Evaluating bbox...
2025/05/24 14:37:24 - mmengine - INFO - 
+------------+-------+--------+--------+-------+-------+-------+
| category   | mAP   | mAP_50 | mAP_75 | mAP_s | mAP_m | mAP_l |
+------------+-------+--------+--------+-------+-------+-------+
| Car        | 0.689 | 0.923  | 0.763  | 0.415 | 0.719 | 0.886 |
| Truck      | 0.645 | 0.883  | 0.74   | 0.35  | 0.661 | 0.822 |
| People     | 0.514 | 0.854  | 0.539  | 0.349 | 0.703 | 0.754 |
| Bus        | 0.725 | 0.911  | 0.799  | 0.389 | 0.688 | 0.845 |
| Lamp       | 0.455 | 0.81   | 0.461  | 0.408 | 0.707 | nan   |
| Motorcycle | 0.441 | 0.709  | 0.463  | 0.09  | 0.653 | 0.81  |
+------------+-------+--------+--------+-------+-------+-------+
2025/05/24 14:37:24 - mmengine - INFO - bbox_mAP_copypaste: 0.578 0.848 0.628 0.333 0.689 0.823
2025/05/24 14:37:24 - mmengine - INFO - Epoch(val) [237][781/781]    coco/Car_precision: 0.6890  coco/Truck_precision: 0.6450  coco/People_precision: 0.5140  coco/Bus_precision: 0.7250  coco/Lamp_precision: 0.4550  coco/Motorcycle_precision: 0.4410  coco/bbox_mAP: 0.5780  coco/bbox_mAP_50: 0.8480  coco/bbox_mAP_75: 0.6280  coco/bbox_mAP_s: 0.3330  coco/bbox_mAP_m: 0.6890  coco/bbox_mAP_l: 0.8230  data_time: 0.0005  time: 0.0912
2025/05/24 14:38:43 - mmengine - INFO - Epoch(train) [238][ 50/420]  base_lr: 1.0000e-02 lr: 4.1590e-03  eta: 1 day, 5:34:47  time: 1.5883  data_time: 0.0458  memory: 10405  grad_norm: 22.0508  loss: 18.6977  loss_cls: 3.8621  loss_bbox: 7.1586  loss_dfl: 7.6770
2025/05/24 14:40:01 - mmengine - INFO - Epoch(train) [238][100/420]  base_lr: 1.0000e-02 lr: 4.1590e-03  eta: 1 day, 5:33:27  time: 1.5482  data_time: 0.0075  memory: 10442  grad_norm: 21.7278  loss: 18.5324  loss_cls: 3.9145  loss_bbox: 7.0398  loss_dfl: 7.5781
2025/05/24 14:41:18 - mmengine - INFO - Epoch(train) [238][150/420]  base_lr: 1.0000e-02 lr: 4.1590e-03  eta: 1 day, 5:32:07  time: 1.5478  data_time: 0.0075  memory: 10432  grad_norm: 21.3777  loss: 17.9857  loss_cls: 3.7304  loss_bbox: 6.7659  loss_dfl: 7.4894
2025/05/24 14:42:36 - mmengine - INFO - Epoch(train) [238][200/420]  base_lr: 1.0000e-02 lr: 4.1590e-03  eta: 1 day, 5:30:51  time: 1.5632  data_time: 0.0085  memory: 10432  grad_norm: 20.8574  loss: 18.3945  loss_cls: 3.8385  loss_bbox: 6.9828  loss_dfl: 7.5733
2025/05/24 14:43:54 - mmengine - INFO - Epoch(train) [238][250/420]  base_lr: 1.0000e-02 lr: 4.1590e-03  eta: 1 day, 5:29:34  time: 1.5590  data_time: 0.0078  memory: 10522  grad_norm: 22.0682  loss: 18.3984  loss_cls: 3.8602  loss_bbox: 7.0081  loss_dfl: 7.5301
2025/05/24 14:45:12 - mmengine - INFO - Epoch(train) [238][300/420]  base_lr: 1.0000e-02 lr: 4.1590e-03  eta: 1 day, 5:28:16  time: 1.5559  data_time: 0.0074  memory: 10421  grad_norm: 22.7216  loss: 18.5016  loss_cls: 3.8342  loss_bbox: 7.0445  loss_dfl: 7.6229
2025/05/24 14:46:30 - mmengine - INFO - Epoch(train) [238][350/420]  base_lr: 1.0000e-02 lr: 4.1590e-03  eta: 1 day, 5:26:57  time: 1.5517  data_time: 0.0074  memory: 10538  grad_norm: 21.9069  loss: 18.1586  loss_cls: 3.8031  loss_bbox: 6.7839  loss_dfl: 7.5716
2025/05/24 14:47:48 - mmengine - INFO - Epoch(train) [238][400/420]  base_lr: 1.0000e-02 lr: 4.1590e-03  eta: 1 day, 5:25:40  time: 1.5600  data_time: 0.0073  memory: 10426  grad_norm: 21.7435  loss: 18.7806  loss_cls: 3.9331  loss_bbox: 7.2414  loss_dfl: 7.6061
2025/05/24 14:48:19 - mmengine - INFO - Exp name: yolov8_mambatransformer_enhance_20250524_070703
2025/05/24 14:48:19 - mmengine - INFO - Saving checkpoint at 238 epochs
2025/05/24 14:48:26 - mmengine - INFO - Epoch(val) [238][ 50/781]    eta: 0:00:58  time: 0.0805  data_time: 0.0022  memory: 10485  
2025/05/24 14:48:30 - mmengine - INFO - Epoch(val) [238][100/781]    eta: 0:00:52  time: 0.0743  data_time: 0.0004  memory: 1000  
2025/05/24 14:48:34 - mmengine - INFO - Epoch(val) [238][150/781]    eta: 0:00:48  time: 0.0743  data_time: 0.0004  memory: 1000  
2025/05/24 14:48:38 - mmengine - INFO - Epoch(val) [238][200/781]    eta: 0:00:44  time: 0.0758  data_time: 0.0004  memory: 1000  
2025/05/24 14:48:42 - mmengine - INFO - Epoch(val) [238][250/781]    eta: 0:00:42  time: 0.0909  data_time: 0.0004  memory: 1000  
2025/05/24 14:48:47 - mmengine - INFO - Epoch(val) [238][300/781]    eta: 0:00:39  time: 0.0908  data_time: 0.0004  memory: 1000  
2025/05/24 14:48:51 - mmengine - INFO - Epoch(val) [238][350/781]    eta: 0:00:35  time: 0.0909  data_time: 0.0004  memory: 1000  
2025/05/24 14:48:56 - mmengine - INFO - Epoch(val) [238][400/781]    eta: 0:00:31  time: 0.0909  data_time: 0.0004  memory: 1000  
2025/05/24 14:49:00 - mmengine - INFO - Epoch(val) [238][450/781]    eta: 0:00:27  time: 0.0907  data_time: 0.0004  memory: 1000  
2025/05/24 14:49:05 - mmengine - INFO - Epoch(val) [238][500/781]    eta: 0:00:23  time: 0.0911  data_time: 0.0004  memory: 1000  
2025/05/24 14:49:10 - mmengine - INFO - Epoch(val) [238][550/781]    eta: 0:00:19  time: 0.0908  data_time: 0.0004  memory: 1000  
2025/05/24 14:49:14 - mmengine - INFO - Epoch(val) [238][600/781]    eta: 0:00:15  time: 0.0907  data_time: 0.0004  memory: 1000  
2025/05/24 14:49:19 - mmengine - INFO - Epoch(val) [238][650/781]    eta: 0:00:11  time: 0.0910  data_time: 0.0004  memory: 1000  
2025/05/24 14:49:23 - mmengine - INFO - Epoch(val) [238][700/781]    eta: 0:00:07  time: 0.0907  data_time: 0.0004  memory: 1000  
2025/05/24 14:49:28 - mmengine - INFO - Epoch(val) [238][750/781]    eta: 0:00:02  time: 0.0905  data_time: 0.0004  memory: 1000  
2025/05/24 14:49:31 - mmengine - INFO - Evaluating bbox...
2025/05/24 14:49:35 - mmengine - INFO - 
+------------+-------+--------+--------+-------+-------+-------+
| category   | mAP   | mAP_50 | mAP_75 | mAP_s | mAP_m | mAP_l |
+------------+-------+--------+--------+-------+-------+-------+
| Car        | 0.689 | 0.923  | 0.764  | 0.417 | 0.719 | 0.885 |
| Truck      | 0.645 | 0.884  | 0.739  | 0.35  | 0.662 | 0.817 |
| People     | 0.514 | 0.854  | 0.539  | 0.349 | 0.702 | 0.751 |
| Bus        | 0.727 | 0.911  | 0.801  | 0.393 | 0.693 | 0.841 |
| Lamp       | 0.455 | 0.807  | 0.462  | 0.407 | 0.709 | nan   |
| Motorcycle | 0.442 | 0.723  | 0.448  | 0.094 | 0.653 | 0.81  |
+------------+-------+--------+--------+-------+-------+-------+
2025/05/24 14:49:35 - mmengine - INFO - bbox_mAP_copypaste: 0.578 0.850 0.626 0.335 0.690 0.821
2025/05/24 14:49:36 - mmengine - INFO - Epoch(val) [238][781/781]    coco/Car_precision: 0.6890  coco/Truck_precision: 0.6450  coco/People_precision: 0.5140  coco/Bus_precision: 0.7270  coco/Lamp_precision: 0.4550  coco/Motorcycle_precision: 0.4420  coco/bbox_mAP: 0.5780  coco/bbox_mAP_50: 0.8500  coco/bbox_mAP_75: 0.6260  coco/bbox_mAP_s: 0.3350  coco/bbox_mAP_m: 0.6900  coco/bbox_mAP_l: 0.8210  data_time: 0.0005  time: 0.0871
2025/05/24 14:50:39 - mmengine - INFO - Exp name: yolov8_mambatransformer_enhance_20250524_070703
2025/05/24 14:50:55 - mmengine - INFO - Epoch(train) [239][ 50/420]  base_lr: 1.0000e-02 lr: 4.1342e-03  eta: 1 day, 5:23:58  time: 1.5885  data_time: 0.0452  memory: 10501  grad_norm: 20.5987  loss: 18.0324  loss_cls: 3.7414  loss_bbox: 6.8464  loss_dfl: 7.4446
2025/05/24 14:52:13 - mmengine - INFO - Epoch(train) [239][100/420]  base_lr: 1.0000e-02 lr: 4.1342e-03  eta: 1 day, 5:22:39  time: 1.5511  data_time: 0.0073  memory: 10426  grad_norm: 20.8960  loss: 18.3882  loss_cls: 3.7876  loss_bbox: 7.0909  loss_dfl: 7.5096
2025/05/24 14:53:30 - mmengine - INFO - Epoch(train) [239][150/420]  base_lr: 1.0000e-02 lr: 4.1342e-03  eta: 1 day, 5:21:20  time: 1.5521  data_time: 0.0074  memory: 10437  grad_norm: 21.2000  loss: 18.2822  loss_cls: 3.7990  loss_bbox: 6.9251  loss_dfl: 7.5581
2025/05/24 14:54:48 - mmengine - INFO - Epoch(train) [239][200/420]  base_lr: 1.0000e-02 lr: 4.1342e-03  eta: 1 day, 5:20:01  time: 1.5492  data_time: 0.0073  memory: 10378  grad_norm: 22.3420  loss: 18.7893  loss_cls: 3.9227  loss_bbox: 7.2132  loss_dfl: 7.6534
2025/05/24 14:56:06 - mmengine - INFO - Epoch(train) [239][250/420]  base_lr: 1.0000e-02 lr: 4.1342e-03  eta: 1 day, 5:18:44  time: 1.5605  data_time: 0.0083  memory: 10522  grad_norm: 22.6210  loss: 18.5443  loss_cls: 3.9046  loss_bbox: 7.0624  loss_dfl: 7.5773
2025/05/24 14:57:24 - mmengine - INFO - Epoch(train) [239][300/420]  base_lr: 1.0000e-02 lr: 4.1342e-03  eta: 1 day, 5:17:26  time: 1.5583  data_time: 0.0083  memory: 10432  grad_norm: 21.7673  loss: 18.5735  loss_cls: 3.9270  loss_bbox: 7.0596  loss_dfl: 7.5870
2025/05/24 14:58:41 - mmengine - INFO - Epoch(train) [239][350/420]  base_lr: 1.0000e-02 lr: 4.1342e-03  eta: 1 day, 5:16:07  time: 1.5485  data_time: 0.0075  memory: 10544  grad_norm: 21.7924  loss: 18.5004  loss_cls: 3.8907  loss_bbox: 7.1314  loss_dfl: 7.4783
2025/05/24 14:59:59 - mmengine - INFO - Epoch(train) [239][400/420]  base_lr: 1.0000e-02 lr: 4.1342e-03  eta: 1 day, 5:14:47  time: 1.5474  data_time: 0.0074  memory: 10394  grad_norm: 21.9506  loss: 18.5058  loss_cls: 3.8274  loss_bbox: 7.0877  loss_dfl: 7.5908
2025/05/24 15:00:29 - mmengine - INFO - Exp name: yolov8_mambatransformer_enhance_20250524_070703
2025/05/24 15:00:29 - mmengine - INFO - Saving checkpoint at 239 epochs
2025/05/24 15:00:37 - mmengine - INFO - Epoch(val) [239][ 50/781]    eta: 0:00:56  time: 0.0775  data_time: 0.0018  memory: 10512  
2025/05/24 15:00:41 - mmengine - INFO - Epoch(val) [239][100/781]    eta: 0:00:51  time: 0.0745  data_time: 0.0004  memory: 1000  
2025/05/24 15:00:44 - mmengine - INFO - Epoch(val) [239][150/781]    eta: 0:00:47  time: 0.0746  data_time: 0.0004  memory: 1000  
2025/05/24 15:00:48 - mmengine - INFO - Epoch(val) [239][200/781]    eta: 0:00:43  time: 0.0744  data_time: 0.0004  memory: 1000  
2025/05/24 15:00:52 - mmengine - INFO - Epoch(val) [239][250/781]    eta: 0:00:39  time: 0.0742  data_time: 0.0004  memory: 1000  
2025/05/24 15:00:56 - mmengine - INFO - Epoch(val) [239][300/781]    eta: 0:00:36  time: 0.0742  data_time: 0.0004  memory: 1000  
2025/05/24 15:00:59 - mmengine - INFO - Epoch(val) [239][350/781]    eta: 0:00:32  time: 0.0742  data_time: 0.0004  memory: 1000  
2025/05/24 15:01:03 - mmengine - INFO - Epoch(val) [239][400/781]    eta: 0:00:28  time: 0.0741  data_time: 0.0004  memory: 1000  
2025/05/24 15:01:07 - mmengine - INFO - Epoch(val) [239][450/781]    eta: 0:00:24  time: 0.0741  data_time: 0.0004  memory: 1000  
2025/05/24 15:01:10 - mmengine - INFO - Epoch(val) [239][500/781]    eta: 0:00:20  time: 0.0743  data_time: 0.0004  memory: 1000  
2025/05/24 15:01:14 - mmengine - INFO - Epoch(val) [239][550/781]    eta: 0:00:17  time: 0.0743  data_time: 0.0004  memory: 1000  
2025/05/24 15:01:18 - mmengine - INFO - Epoch(val) [239][600/781]    eta: 0:00:13  time: 0.0742  data_time: 0.0004  memory: 1000  
2025/05/24 15:01:22 - mmengine - INFO - Epoch(val) [239][650/781]    eta: 0:00:09  time: 0.0742  data_time: 0.0004  memory: 1000  
2025/05/24 15:01:25 - mmengine - INFO - Epoch(val) [239][700/781]    eta: 0:00:06  time: 0.0741  data_time: 0.0004  memory: 1000  
2025/05/24 15:01:29 - mmengine - INFO - Epoch(val) [239][750/781]    eta: 0:00:02  time: 0.0740  data_time: 0.0004  memory: 1000  
2025/05/24 15:01:32 - mmengine - INFO - Evaluating bbox...
2025/05/24 15:01:36 - mmengine - INFO - 
+------------+-------+--------+--------+-------+-------+-------+
| category   | mAP   | mAP_50 | mAP_75 | mAP_s | mAP_m | mAP_l |
+------------+-------+--------+--------+-------+-------+-------+
| Car        | 0.689 | 0.923  | 0.764  | 0.416 | 0.719 | 0.887 |
| Truck      | 0.644 | 0.883  | 0.742  | 0.349 | 0.66  | 0.821 |
| People     | 0.514 | 0.854  | 0.536  | 0.349 | 0.702 | 0.751 |
| Bus        | 0.728 | 0.911  | 0.802  | 0.394 | 0.694 | 0.841 |
| Lamp       | 0.455 | 0.807  | 0.463  | 0.406 | 0.711 | nan   |
| Motorcycle | 0.441 | 0.723  | 0.445  | 0.092 | 0.657 | 0.81  |
+------------+-------+--------+--------+-------+-------+-------+
2025/05/24 15:01:36 - mmengine - INFO - bbox_mAP_copypaste: 0.579 0.850 0.625 0.334 0.691 0.822
2025/05/24 15:01:36 - mmengine - INFO - Epoch(val) [239][781/781]    coco/Car_precision: 0.6890  coco/Truck_precision: 0.6440  coco/People_precision: 0.5140  coco/Bus_precision: 0.7280  coco/Lamp_precision: 0.4550  coco/Motorcycle_precision: 0.4410  coco/bbox_mAP: 0.5790  coco/bbox_mAP_50: 0.8500  coco/bbox_mAP_75: 0.6250  coco/bbox_mAP_s: 0.3340  coco/bbox_mAP_m: 0.6910  coco/bbox_mAP_l: 0.8220  data_time: 0.0005  time: 0.0745
2025/05/24 15:02:56 - mmengine - INFO - Epoch(train) [240][ 50/420]  base_lr: 1.0000e-02 lr: 4.1095e-03  eta: 1 day, 5:13:04  time: 1.5899  data_time: 0.0476  memory: 10426  grad_norm: 21.9137  loss: 18.3716  loss_cls: 3.8413  loss_bbox: 6.8833  loss_dfl: 7.6470
2025/05/24 15:04:13 - mmengine - INFO - Epoch(train) [240][100/420]  base_lr: 1.0000e-02 lr: 4.1095e-03  eta: 1 day, 5:11:44  time: 1.5488  data_time: 0.0074  memory: 10426  grad_norm: 22.0122  loss: 18.5387  loss_cls: 3.8401  loss_bbox: 7.0942  loss_dfl: 7.6045
2025/05/24 15:05:31 - mmengine - INFO - Epoch(train) [240][150/420]  base_lr: 1.0000e-02 lr: 4.1095e-03  eta: 1 day, 5:10:25  time: 1.5506  data_time: 0.0075  memory: 10421  grad_norm: 22.4672  loss: 18.1262  loss_cls: 3.7170  loss_bbox: 6.8792  loss_dfl: 7.5301
2025/05/24 15:06:48 - mmengine - INFO - Epoch(train) [240][200/420]  base_lr: 1.0000e-02 lr: 4.1095e-03  eta: 1 day, 5:09:06  time: 1.5488  data_time: 0.0074  memory: 10426  grad_norm: 21.7545  loss: 18.1759  loss_cls: 3.7616  loss_bbox: 6.8317  loss_dfl: 7.5826
2025/05/24 15:08:06 - mmengine - INFO - Epoch(train) [240][250/420]  base_lr: 1.0000e-02 lr: 4.1095e-03  eta: 1 day, 5:07:46  time: 1.5489  data_time: 0.0074  memory: 10416  grad_norm: 20.8628  loss: 18.2934  loss_cls: 3.7885  loss_bbox: 6.9391  loss_dfl: 7.5657
2025/05/24 15:09:23 - mmengine - INFO - Epoch(train) [240][300/420]  base_lr: 1.0000e-02 lr: 4.1095e-03  eta: 1 day, 5:06:27  time: 1.5482  data_time: 0.0076  memory: 10394  grad_norm: 21.4896  loss: 18.2819  loss_cls: 3.7629  loss_bbox: 6.9807  loss_dfl: 7.5382
2025/05/24 15:10:42 - mmengine - INFO - Epoch(train) [240][350/420]  base_lr: 1.0000e-02 lr: 4.1095e-03  eta: 1 day, 5:05:11  time: 1.5679  data_time: 0.0088  memory: 10496  grad_norm: 21.1201  loss: 18.3933  loss_cls: 3.7883  loss_bbox: 7.0160  loss_dfl: 7.5889
2025/05/24 15:11:59 - mmengine - INFO - Epoch(train) [240][400/420]  base_lr: 1.0000e-02 lr: 4.1095e-03  eta: 1 day, 5:03:52  time: 1.5509  data_time: 0.0078  memory: 10405  grad_norm: 22.2690  loss: 18.5642  loss_cls: 3.8566  loss_bbox: 7.1058  loss_dfl: 7.6018
2025/05/24 15:12:30 - mmengine - INFO - Exp name: yolov8_mambatransformer_enhance_20250524_070703
2025/05/24 15:12:30 - mmengine - INFO - Saving checkpoint at 240 epochs
2025/05/24 15:12:38 - mmengine - INFO - Epoch(val) [240][ 50/781]    eta: 0:01:00  time: 0.0826  data_time: 0.0022  memory: 10330  
2025/05/24 15:12:42 - mmengine - INFO - Epoch(val) [240][100/781]    eta: 0:00:59  time: 0.0915  data_time: 0.0004  memory: 1000  
2025/05/24 15:12:47 - mmengine - INFO - Epoch(val) [240][150/781]    eta: 0:00:55  time: 0.0913  data_time: 0.0004  memory: 1000  
2025/05/24 15:12:52 - mmengine - INFO - Epoch(val) [240][200/781]    eta: 0:00:51  time: 0.0915  data_time: 0.0004  memory: 1000  
2025/05/24 15:12:56 - mmengine - INFO - Epoch(val) [240][250/781]    eta: 0:00:47  time: 0.0915  data_time: 0.0004  memory: 1000  
2025/05/24 15:13:01 - mmengine - INFO - Epoch(val) [240][300/781]    eta: 0:00:43  time: 0.0911  data_time: 0.0004  memory: 1000  
2025/05/24 15:13:05 - mmengine - INFO - Epoch(val) [240][350/781]    eta: 0:00:38  time: 0.0912  data_time: 0.0004  memory: 1000  
2025/05/24 15:13:10 - mmengine - INFO - Epoch(val) [240][400/781]    eta: 0:00:34  time: 0.0912  data_time: 0.0004  memory: 1000  
2025/05/24 15:13:14 - mmengine - INFO - Epoch(val) [240][450/781]    eta: 0:00:29  time: 0.0911  data_time: 0.0004  memory: 1000  
2025/05/24 15:13:19 - mmengine - INFO - Epoch(val) [240][500/781]    eta: 0:00:25  time: 0.0912  data_time: 0.0004  memory: 1000  
2025/05/24 15:13:24 - mmengine - INFO - Epoch(val) [240][550/781]    eta: 0:00:20  time: 0.0913  data_time: 0.0004  memory: 1000  
2025/05/24 15:13:28 - mmengine - INFO - Epoch(val) [240][600/781]    eta: 0:00:16  time: 0.0912  data_time: 0.0004  memory: 1000  
2025/05/24 15:13:33 - mmengine - INFO - Epoch(val) [240][650/781]    eta: 0:00:11  time: 0.0911  data_time: 0.0004  memory: 1000  
2025/05/24 15:13:37 - mmengine - INFO - Epoch(val) [240][700/781]    eta: 0:00:07  time: 0.0911  data_time: 0.0004  memory: 1000  
2025/05/24 15:13:42 - mmengine - INFO - Epoch(val) [240][750/781]    eta: 0:00:02  time: 0.0911  data_time: 0.0004  memory: 1000  
2025/05/24 15:13:45 - mmengine - INFO - Evaluating bbox...
2025/05/24 15:13:49 - mmengine - INFO - 
+------------+-------+--------+--------+-------+-------+-------+
| category   | mAP   | mAP_50 | mAP_75 | mAP_s | mAP_m | mAP_l |
+------------+-------+--------+--------+-------+-------+-------+
| Car        | 0.69  | 0.923  | 0.763  | 0.417 | 0.72  | 0.887 |
| Truck      | 0.644 | 0.885  | 0.74   | 0.352 | 0.659 | 0.823 |
| People     | 0.514 | 0.854  | 0.536  | 0.349 | 0.702 | 0.752 |
| Bus        | 0.73  | 0.911  | 0.802  | 0.394 | 0.699 | 0.841 |
| Lamp       | 0.456 | 0.809  | 0.463  | 0.407 | 0.711 | nan   |
| Motorcycle | 0.442 | 0.705  | 0.458  | 0.092 | 0.657 | 0.81  |
+------------+-------+--------+--------+-------+-------+-------+
2025/05/24 15:13:49 - mmengine - INFO - bbox_mAP_copypaste: 0.579 0.848 0.627 0.335 0.691 0.823
2025/05/24 15:13:49 - mmengine - INFO - Epoch(val) [240][781/781]    coco/Car_precision: 0.6900  coco/Truck_precision: 0.6440  coco/People_precision: 0.5140  coco/Bus_precision: 0.7300  coco/Lamp_precision: 0.4560  coco/Motorcycle_precision: 0.4420  coco/bbox_mAP: 0.5790  coco/bbox_mAP_50: 0.8480  coco/bbox_mAP_75: 0.6270  coco/bbox_mAP_s: 0.3350  coco/bbox_mAP_m: 0.6910  coco/bbox_mAP_l: 0.8230  data_time: 0.0005  time: 0.0906
2025/05/24 15:15:08 - mmengine - INFO - Epoch(train) [241][ 50/420]  base_lr: 1.0000e-02 lr: 4.0847e-03  eta: 1 day, 5:02:07  time: 1.5764  data_time: 0.0489  memory: 10506  grad_norm: 22.1408  loss: 18.3340  loss_cls: 3.8173  loss_bbox: 6.9295  loss_dfl: 7.5872
2025/05/24 15:16:25 - mmengine - INFO - Epoch(train) [241][100/420]  base_lr: 1.0000e-02 lr: 4.0847e-03  eta: 1 day, 5:00:45  time: 1.5380  data_time: 0.0068  memory: 10405  grad_norm: 21.4310  loss: 18.5204  loss_cls: 3.8292  loss_bbox: 7.0931  loss_dfl: 7.5981
2025/05/24 15:17:42 - mmengine - INFO - Epoch(train) [241][150/420]  base_lr: 1.0000e-02 lr: 4.0847e-03  eta: 1 day, 4:59:23  time: 1.5337  data_time: 0.0067  memory: 10384  grad_norm: 22.9033  loss: 18.5099  loss_cls: 3.8902  loss_bbox: 7.0388  loss_dfl: 7.5809
2025/05/24 15:18:59 - mmengine - INFO - Exp name: yolov8_mambatransformer_enhance_20250524_070703
2025/05/24 15:18:59 - mmengine - INFO - Epoch(train) [241][200/420]  base_lr: 1.0000e-02 lr: 4.0847e-03  eta: 1 day, 4:58:00  time: 1.5337  data_time: 0.0068  memory: 10405  grad_norm: 20.8411  loss: 18.5606  loss_cls: 3.8274  loss_bbox: 7.1143  loss_dfl: 7.6189
2025/05/24 15:20:15 - mmengine - INFO - Epoch(train) [241][250/420]  base_lr: 1.0000e-02 lr: 4.0847e-03  eta: 1 day, 4:56:38  time: 1.5339  data_time: 0.0068  memory: 10581  grad_norm: 21.8597  loss: 18.4011  loss_cls: 3.8302  loss_bbox: 7.0028  loss_dfl: 7.5680
2025/05/24 15:21:32 - mmengine - INFO - Epoch(train) [241][300/420]  base_lr: 1.0000e-02 lr: 4.0847e-03  eta: 1 day, 4:55:16  time: 1.5337  data_time: 0.0067  memory: 10426  grad_norm: 21.9599  loss: 18.0074  loss_cls: 3.6650  loss_bbox: 6.8131  loss_dfl: 7.5294
2025/05/24 15:22:49 - mmengine - INFO - Epoch(train) [241][350/420]  base_lr: 1.0000e-02 lr: 4.0847e-03  eta: 1 day, 4:53:54  time: 1.5343  data_time: 0.0069  memory: 10474  grad_norm: 21.3510  loss: 18.3837  loss_cls: 3.8411  loss_bbox: 6.9586  loss_dfl: 7.5839
2025/05/24 15:24:07 - mmengine - INFO - Epoch(train) [241][400/420]  base_lr: 1.0000e-02 lr: 4.0847e-03  eta: 1 day, 4:52:37  time: 1.5625  data_time: 0.0086  memory: 10453  grad_norm: 22.0140  loss: 18.6835  loss_cls: 3.8938  loss_bbox: 7.1977  loss_dfl: 7.5920
2025/05/24 15:24:38 - mmengine - INFO - Exp name: yolov8_mambatransformer_enhance_20250524_070703
2025/05/24 15:24:38 - mmengine - INFO - Saving checkpoint at 241 epochs
2025/05/24 15:24:46 - mmengine - INFO - Epoch(val) [241][ 50/781]    eta: 0:01:10  time: 0.0971  data_time: 0.0023  memory: 10421  
2025/05/24 15:24:51 - mmengine - INFO - Epoch(val) [241][100/781]    eta: 0:01:04  time: 0.0916  data_time: 0.0004  memory: 1000  
2025/05/24 15:24:55 - mmengine - INFO - Epoch(val) [241][150/781]    eta: 0:00:58  time: 0.0918  data_time: 0.0004  memory: 1000  
2025/05/24 15:25:00 - mmengine - INFO - Epoch(val) [241][200/781]    eta: 0:00:54  time: 0.0915  data_time: 0.0004  memory: 1000  
2025/05/24 15:25:05 - mmengine - INFO - Epoch(val) [241][250/781]    eta: 0:00:49  time: 0.0915  data_time: 0.0004  memory: 1000  
2025/05/24 15:25:09 - mmengine - INFO - Epoch(val) [241][300/781]    eta: 0:00:44  time: 0.0912  data_time: 0.0004  memory: 1000  
2025/05/24 15:25:14 - mmengine - INFO - Epoch(val) [241][350/781]    eta: 0:00:39  time: 0.0912  data_time: 0.0004  memory: 1000  
2025/05/24 15:25:18 - mmengine - INFO - Epoch(val) [241][400/781]    eta: 0:00:35  time: 0.0914  data_time: 0.0004  memory: 1000  
2025/05/24 15:25:23 - mmengine - INFO - Epoch(val) [241][450/781]    eta: 0:00:30  time: 0.0913  data_time: 0.0004  memory: 1000  
2025/05/24 15:25:28 - mmengine - INFO - Epoch(val) [241][500/781]    eta: 0:00:25  time: 0.0915  data_time: 0.0004  memory: 1000  
2025/05/24 15:25:32 - mmengine - INFO - Epoch(val) [241][550/781]    eta: 0:00:21  time: 0.0914  data_time: 0.0004  memory: 1000  
2025/05/24 15:25:37 - mmengine - INFO - Epoch(val) [241][600/781]    eta: 0:00:16  time: 0.0914  data_time: 0.0004  memory: 1000  
2025/05/24 15:25:41 - mmengine - INFO - Epoch(val) [241][650/781]    eta: 0:00:12  time: 0.0913  data_time: 0.0004  memory: 1000  
2025/05/24 15:25:46 - mmengine - INFO - Epoch(val) [241][700/781]    eta: 0:00:07  time: 0.0912  data_time: 0.0004  memory: 1000  
2025/05/24 15:25:51 - mmengine - INFO - Epoch(val) [241][750/781]    eta: 0:00:02  time: 0.0913  data_time: 0.0004  memory: 1000  
2025/05/24 15:25:54 - mmengine - INFO - Evaluating bbox...
2025/05/24 15:25:58 - mmengine - INFO - 
+------------+-------+--------+--------+-------+-------+-------+
| category   | mAP   | mAP_50 | mAP_75 | mAP_s | mAP_m | mAP_l |
+------------+-------+--------+--------+-------+-------+-------+
| Car        | 0.69  | 0.924  | 0.763  | 0.416 | 0.72  | 0.887 |
| Truck      | 0.645 | 0.886  | 0.74   | 0.351 | 0.66  | 0.823 |
| People     | 0.514 | 0.853  | 0.538  | 0.348 | 0.703 | 0.754 |
| Bus        | 0.727 | 0.911  | 0.798  | 0.398 | 0.693 | 0.839 |
| Lamp       | 0.456 | 0.811  | 0.458  | 0.408 | 0.71  | nan   |
| Motorcycle | 0.44  | 0.705  | 0.458  | 0.089 | 0.654 | 0.81  |
+------------+-------+--------+--------+-------+-------+-------+
2025/05/24 15:25:58 - mmengine - INFO - bbox_mAP_copypaste: 0.579 0.848 0.626 0.335 0.690 0.823
2025/05/24 15:25:58 - mmengine - INFO - Epoch(val) [241][781/781]    coco/Car_precision: 0.6900  coco/Truck_precision: 0.6450  coco/People_precision: 0.5140  coco/Bus_precision: 0.7270  coco/Lamp_precision: 0.4560  coco/Motorcycle_precision: 0.4400  coco/bbox_mAP: 0.5790  coco/bbox_mAP_50: 0.8480  coco/bbox_mAP_75: 0.6260  coco/bbox_mAP_s: 0.3350  coco/bbox_mAP_m: 0.6900  coco/bbox_mAP_l: 0.8230  data_time: 0.0005  time: 0.0917
2025/05/24 15:27:18 - mmengine - INFO - Epoch(train) [242][ 50/420]  base_lr: 1.0000e-02 lr: 4.0600e-03  eta: 1 day, 4:50:54  time: 1.5886  data_time: 0.0457  memory: 10485  grad_norm: 21.1104  loss: 17.9770  loss_cls: 3.6792  loss_bbox: 6.7665  loss_dfl: 7.5313
2025/05/24 15:28:35 - mmengine - INFO - Epoch(train) [242][100/420]  base_lr: 1.0000e-02 lr: 4.0600e-03  eta: 1 day, 4:49:34  time: 1.5494  data_time: 0.0074  memory: 10378  grad_norm: 21.3739  loss: 18.2640  loss_cls: 3.8200  loss_bbox: 6.9000  loss_dfl: 7.5439
2025/05/24 15:29:53 - mmengine - INFO - Epoch(train) [242][150/420]  base_lr: 1.0000e-02 lr: 4.0600e-03  eta: 1 day, 4:48:15  time: 1.5501  data_time: 0.0074  memory: 10384  grad_norm: 21.2111  loss: 18.4224  loss_cls: 3.8454  loss_bbox: 7.0892  loss_dfl: 7.4878
2025/05/24 15:31:10 - mmengine - INFO - Epoch(train) [242][200/420]  base_lr: 1.0000e-02 lr: 4.0600e-03  eta: 1 day, 4:46:56  time: 1.5494  data_time: 0.0075  memory: 10624  grad_norm: 22.1892  loss: 18.3137  loss_cls: 3.7699  loss_bbox: 6.9602  loss_dfl: 7.5836
2025/05/24 15:32:28 - mmengine - INFO - Epoch(train) [242][250/420]  base_lr: 1.0000e-02 lr: 4.0600e-03  eta: 1 day, 4:45:37  time: 1.5508  data_time: 0.0074  memory: 10373  grad_norm: 21.9095  loss: 18.4041  loss_cls: 3.7787  loss_bbox: 7.1088  loss_dfl: 7.5166
2025/05/24 15:33:45 - mmengine - INFO - Epoch(train) [242][300/420]  base_lr: 1.0000e-02 lr: 4.0600e-03  eta: 1 day, 4:44:18  time: 1.5498  data_time: 0.0074  memory: 10469  grad_norm: 21.0982  loss: 18.1220  loss_cls: 3.6915  loss_bbox: 6.8843  loss_dfl: 7.5462
2025/05/24 15:35:03 - mmengine - INFO - Epoch(train) [242][350/420]  base_lr: 1.0000e-02 lr: 4.0600e-03  eta: 1 day, 4:42:59  time: 1.5494  data_time: 0.0074  memory: 10469  grad_norm: 22.2304  loss: 18.7297  loss_cls: 3.9234  loss_bbox: 7.1847  loss_dfl: 7.6216
2025/05/24 15:36:20 - mmengine - INFO - Epoch(train) [242][400/420]  base_lr: 1.0000e-02 lr: 4.0600e-03  eta: 1 day, 4:41:40  time: 1.5495  data_time: 0.0076  memory: 10378  grad_norm: 21.9536  loss: 18.4184  loss_cls: 3.8270  loss_bbox: 6.9330  loss_dfl: 7.6585
2025/05/24 15:36:51 - mmengine - INFO - Exp name: yolov8_mambatransformer_enhance_20250524_070703
2025/05/24 15:36:51 - mmengine - INFO - Saving checkpoint at 242 epochs
2025/05/24 15:37:01 - mmengine - INFO - Epoch(val) [242][ 50/781]    eta: 0:01:22  time: 0.1129  data_time: 0.0025  memory: 10394  
2025/05/24 15:37:06 - mmengine - INFO - Epoch(val) [242][100/781]    eta: 0:01:13  time: 0.1026  data_time: 0.0005  memory: 1000  
2025/05/24 15:37:12 - mmengine - INFO - Epoch(val) [242][150/781]    eta: 0:01:10  time: 0.1196  data_time: 0.0044  memory: 1000  
2025/05/24 15:37:18 - mmengine - INFO - Epoch(val) [242][200/781]    eta: 0:01:05  time: 0.1127  data_time: 0.0022  memory: 1000  
2025/05/24 15:37:23 - mmengine - INFO - Epoch(val) [242][250/781]    eta: 0:00:59  time: 0.1132  data_time: 0.0017  memory: 1000  
2025/05/24 15:37:30 - mmengine - INFO - Epoch(val) [242][300/781]    eta: 0:00:55  time: 0.1263  data_time: 0.0040  memory: 1000  
2025/05/24 15:37:36 - mmengine - INFO - Epoch(val) [242][350/781]    eta: 0:00:49  time: 0.1183  data_time: 0.0033  memory: 1000  
2025/05/24 15:37:42 - mmengine - INFO - Epoch(val) [242][400/781]    eta: 0:00:44  time: 0.1257  data_time: 0.0034  memory: 1000  
2025/05/24 15:37:48 - mmengine - INFO - Epoch(val) [242][450/781]    eta: 0:00:38  time: 0.1142  data_time: 0.0018  memory: 1000  
2025/05/24 15:37:53 - mmengine - INFO - Epoch(val) [242][500/781]    eta: 0:00:32  time: 0.1114  data_time: 0.0016  memory: 1000  
2025/05/24 15:37:59 - mmengine - INFO - Epoch(val) [242][550/781]    eta: 0:00:26  time: 0.1144  data_time: 0.0030  memory: 1000  
2025/05/24 15:38:05 - mmengine - INFO - Epoch(val) [242][600/781]    eta: 0:00:21  time: 0.1225  data_time: 0.0030  memory: 1000  
2025/05/24 15:38:11 - mmengine - INFO - Epoch(val) [242][650/781]    eta: 0:00:15  time: 0.1126  data_time: 0.0020  memory: 1000  
2025/05/24 15:38:16 - mmengine - INFO - Epoch(val) [242][700/781]    eta: 0:00:09  time: 0.0915  data_time: 0.0004  memory: 1000  
2025/05/24 15:38:20 - mmengine - INFO - Epoch(val) [242][750/781]    eta: 0:00:03  time: 0.0918  data_time: 0.0004  memory: 1000  
2025/05/24 15:38:23 - mmengine - INFO - Evaluating bbox...
2025/05/24 15:38:28 - mmengine - INFO - 
+------------+-------+--------+--------+-------+-------+-------+
| category   | mAP   | mAP_50 | mAP_75 | mAP_s | mAP_m | mAP_l |
+------------+-------+--------+--------+-------+-------+-------+
| Car        | 0.689 | 0.924  | 0.763  | 0.416 | 0.719 | 0.887 |
| Truck      | 0.644 | 0.886  | 0.738  | 0.343 | 0.659 | 0.822 |
| People     | 0.514 | 0.854  | 0.537  | 0.347 | 0.703 | 0.756 |
| Bus        | 0.724 | 0.913  | 0.799  | 0.399 | 0.694 | 0.833 |
| Lamp       | 0.457 | 0.809  | 0.457  | 0.408 | 0.712 | nan   |
| Motorcycle | 0.442 | 0.705  | 0.464  | 0.089 | 0.659 | 0.81  |
+------------+-------+--------+--------+-------+-------+-------+
2025/05/24 15:38:28 - mmengine - INFO - bbox_mAP_copypaste: 0.578 0.848 0.626 0.334 0.691 0.821
2025/05/24 15:38:28 - mmengine - INFO - Epoch(val) [242][781/781]    coco/Car_precision: 0.6890  coco/Truck_precision: 0.6440  coco/People_precision: 0.5140  coco/Bus_precision: 0.7240  coco/Lamp_precision: 0.4570  coco/Motorcycle_precision: 0.4420  coco/bbox_mAP: 0.5780  coco/bbox_mAP_50: 0.8480  coco/bbox_mAP_75: 0.6260  coco/bbox_mAP_s: 0.3340  coco/bbox_mAP_m: 0.6910  coco/bbox_mAP_l: 0.8210  data_time: 0.0022  time: 0.1117
2025/05/24 15:39:47 - mmengine - INFO - Epoch(train) [243][ 50/420]  base_lr: 1.0000e-02 lr: 4.0352e-03  eta: 1 day, 4:39:58  time: 1.5918  data_time: 0.0465  memory: 10432  grad_norm: 21.7937  loss: 18.6552  loss_cls: 3.9039  loss_bbox: 7.1063  loss_dfl: 7.6450
2025/05/24 15:41:05 - mmengine - INFO - Epoch(train) [243][100/420]  base_lr: 1.0000e-02 lr: 4.0352e-03  eta: 1 day, 4:38:38  time: 1.5484  data_time: 0.0075  memory: 10512  grad_norm: 21.5075  loss: 18.3256  loss_cls: 3.7603  loss_bbox: 7.0290  loss_dfl: 7.5362
2025/05/24 15:42:22 - mmengine - INFO - Epoch(train) [243][150/420]  base_lr: 1.0000e-02 lr: 4.0352e-03  eta: 1 day, 4:37:19  time: 1.5481  data_time: 0.0075  memory: 10400  grad_norm: 22.8735  loss: 18.3070  loss_cls: 3.7512  loss_bbox: 6.9428  loss_dfl: 7.6130
2025/05/24 15:43:40 - mmengine - INFO - Epoch(train) [243][200/420]  base_lr: 1.0000e-02 lr: 4.0352e-03  eta: 1 day, 4:36:00  time: 1.5485  data_time: 0.0075  memory: 10437  grad_norm: 21.3023  loss: 18.2749  loss_cls: 3.7349  loss_bbox: 6.9092  loss_dfl: 7.6308
2025/05/24 15:44:57 - mmengine - INFO - Epoch(train) [243][250/420]  base_lr: 1.0000e-02 lr: 4.0352e-03  eta: 1 day, 4:34:40  time: 1.5488  data_time: 0.0074  memory: 10373  grad_norm: 21.1446  loss: 18.1487  loss_cls: 3.7393  loss_bbox: 6.9278  loss_dfl: 7.4816
2025/05/24 15:46:15 - mmengine - INFO - Epoch(train) [243][300/420]  base_lr: 1.0000e-02 lr: 4.0352e-03  eta: 1 day, 4:33:21  time: 1.5485  data_time: 0.0075  memory: 10458  grad_norm: 21.4007  loss: 18.2885  loss_cls: 3.7711  loss_bbox: 6.9730  loss_dfl: 7.5445
2025/05/24 15:47:32 - mmengine - INFO - Epoch(train) [243][350/420]  base_lr: 1.0000e-02 lr: 4.0352e-03  eta: 1 day, 4:32:02  time: 1.5478  data_time: 0.0075  memory: 10373  grad_norm: 21.3771  loss: 18.3595  loss_cls: 3.8218  loss_bbox: 6.9911  loss_dfl: 7.5465
2025/05/24 15:47:47 - mmengine - INFO - Exp name: yolov8_mambatransformer_enhance_20250524_070703
2025/05/24 15:48:49 - mmengine - INFO - Epoch(train) [243][400/420]  base_lr: 1.0000e-02 lr: 4.0352e-03  eta: 1 day, 4:30:43  time: 1.5484  data_time: 0.0075  memory: 10517  grad_norm: 21.5792  loss: 18.0845  loss_cls: 3.7222  loss_bbox: 6.8529  loss_dfl: 7.5094
2025/05/24 15:49:20 - mmengine - INFO - Exp name: yolov8_mambatransformer_enhance_20250524_070703
2025/05/24 15:49:20 - mmengine - INFO - Saving checkpoint at 243 epochs
2025/05/24 15:49:28 - mmengine - INFO - Epoch(val) [243][ 50/781]    eta: 0:00:57  time: 0.0790  data_time: 0.0022  memory: 10394  
2025/05/24 15:49:31 - mmengine - INFO - Epoch(val) [243][100/781]    eta: 0:00:52  time: 0.0750  data_time: 0.0004  memory: 1000  
2025/05/24 15:49:35 - mmengine - INFO - Epoch(val) [243][150/781]    eta: 0:00:48  time: 0.0751  data_time: 0.0004  memory: 1000  
2025/05/24 15:49:39 - mmengine - INFO - Epoch(val) [243][200/781]    eta: 0:00:44  time: 0.0748  data_time: 0.0004  memory: 1000  
2025/05/24 15:49:43 - mmengine - INFO - Epoch(val) [243][250/781]    eta: 0:00:40  time: 0.0739  data_time: 0.0004  memory: 1000  
2025/05/24 15:49:47 - mmengine - INFO - Epoch(val) [243][300/781]    eta: 0:00:36  time: 0.0739  data_time: 0.0004  memory: 1000  
2025/05/24 15:49:50 - mmengine - INFO - Epoch(val) [243][350/781]    eta: 0:00:32  time: 0.0738  data_time: 0.0004  memory: 1000  
2025/05/24 15:49:54 - mmengine - INFO - Epoch(val) [243][400/781]    eta: 0:00:28  time: 0.0738  data_time: 0.0004  memory: 1000  
2025/05/24 15:49:58 - mmengine - INFO - Epoch(val) [243][450/781]    eta: 0:00:24  time: 0.0739  data_time: 0.0004  memory: 1000  
2025/05/24 15:50:01 - mmengine - INFO - Epoch(val) [243][500/781]    eta: 0:00:20  time: 0.0739  data_time: 0.0004  memory: 1000  
2025/05/24 15:50:05 - mmengine - INFO - Epoch(val) [243][550/781]    eta: 0:00:17  time: 0.0738  data_time: 0.0004  memory: 1000  
2025/05/24 15:50:09 - mmengine - INFO - Epoch(val) [243][600/781]    eta: 0:00:13  time: 0.0737  data_time: 0.0004  memory: 1000  
2025/05/24 15:50:13 - mmengine - INFO - Epoch(val) [243][650/781]    eta: 0:00:09  time: 0.0805  data_time: 0.0005  memory: 1000  
2025/05/24 15:50:17 - mmengine - INFO - Epoch(val) [243][700/781]    eta: 0:00:06  time: 0.0749  data_time: 0.0004  memory: 1000  
2025/05/24 15:50:21 - mmengine - INFO - Epoch(val) [243][750/781]    eta: 0:00:02  time: 0.0888  data_time: 0.0004  memory: 1000  
2025/05/24 15:50:24 - mmengine - INFO - Evaluating bbox...
2025/05/24 15:50:28 - mmengine - INFO - 
+------------+-------+--------+--------+-------+-------+-------+
| category   | mAP   | mAP_50 | mAP_75 | mAP_s | mAP_m | mAP_l |
+------------+-------+--------+--------+-------+-------+-------+
| Car        | 0.689 | 0.924  | 0.763  | 0.416 | 0.719 | 0.887 |
| Truck      | 0.644 | 0.886  | 0.735  | 0.34  | 0.659 | 0.822 |
| People     | 0.514 | 0.854  | 0.536  | 0.347 | 0.703 | 0.757 |
| Bus        | 0.717 | 0.904  | 0.786  | 0.396 | 0.694 | 0.824 |
| Lamp       | 0.457 | 0.807  | 0.457  | 0.409 | 0.712 | nan   |
| Motorcycle | 0.44  | 0.705  | 0.464  | 0.088 | 0.658 | 0.81  |
+------------+-------+--------+--------+-------+-------+-------+
2025/05/24 15:50:28 - mmengine - INFO - bbox_mAP_copypaste: 0.577 0.847 0.624 0.333 0.691 0.820
2025/05/24 15:50:28 - mmengine - INFO - Epoch(val) [243][781/781]    coco/Car_precision: 0.6890  coco/Truck_precision: 0.6440  coco/People_precision: 0.5140  coco/Bus_precision: 0.7170  coco/Lamp_precision: 0.4570  coco/Motorcycle_precision: 0.4400  coco/bbox_mAP: 0.5770  coco/bbox_mAP_50: 0.8470  coco/bbox_mAP_75: 0.6240  coco/bbox_mAP_s: 0.3330  coco/bbox_mAP_m: 0.6910  coco/bbox_mAP_l: 0.8200  data_time: 0.0005  time: 0.0762
2025/05/24 15:51:49 - mmengine - INFO - Epoch(train) [244][ 50/420]  base_lr: 1.0000e-02 lr: 4.0105e-03  eta: 1 day, 4:29:01  time: 1.6030  data_time: 0.0482  memory: 10528  grad_norm: 21.4992  loss: 18.1176  loss_cls: 3.7256  loss_bbox: 6.8887  loss_dfl: 7.5033
2025/05/24 15:53:06 - mmengine - INFO - Epoch(train) [244][100/420]  base_lr: 1.0000e-02 lr: 4.0105e-03  eta: 1 day, 4:27:43  time: 1.5537  data_time: 0.0080  memory: 10421  grad_norm: 21.9398  loss: 18.4048  loss_cls: 3.8518  loss_bbox: 6.9048  loss_dfl: 7.6481
2025/05/24 15:54:24 - mmengine - INFO - Epoch(train) [244][150/420]  base_lr: 1.0000e-02 lr: 4.0105e-03  eta: 1 day, 4:26:24  time: 1.5506  data_time: 0.0076  memory: 10458  grad_norm: 21.9750  loss: 18.3442  loss_cls: 3.7901  loss_bbox: 6.9950  loss_dfl: 7.5591
2025/05/24 15:55:41 - mmengine - INFO - Epoch(train) [244][200/420]  base_lr: 1.0000e-02 lr: 4.0105e-03  eta: 1 day, 4:25:05  time: 1.5492  data_time: 0.0075  memory: 10490  grad_norm: 21.8226  loss: 18.3712  loss_cls: 3.7640  loss_bbox: 7.1107  loss_dfl: 7.4965
2025/05/24 15:56:59 - mmengine - INFO - Epoch(train) [244][250/420]  base_lr: 1.0000e-02 lr: 4.0105e-03  eta: 1 day, 4:23:46  time: 1.5506  data_time: 0.0075  memory: 10458  grad_norm: 21.7438  loss: 18.1791  loss_cls: 3.6929  loss_bbox: 6.9476  loss_dfl: 7.5386
2025/05/24 15:58:17 - mmengine - INFO - Epoch(train) [244][300/420]  base_lr: 1.0000e-02 lr: 4.0105e-03  eta: 1 day, 4:22:27  time: 1.5500  data_time: 0.0075  memory: 10416  grad_norm: 21.1676  loss: 18.4865  loss_cls: 3.8293  loss_bbox: 7.1062  loss_dfl: 7.5510
2025/05/24 15:59:34 - mmengine - INFO - Epoch(train) [244][350/420]  base_lr: 1.0000e-02 lr: 4.0105e-03  eta: 1 day, 4:21:09  time: 1.5511  data_time: 0.0074  memory: 10421  grad_norm: 21.6291  loss: 18.2572  loss_cls: 3.7027  loss_bbox: 6.9223  loss_dfl: 7.6322
2025/05/24 16:00:52 - mmengine - INFO - Epoch(train) [244][400/420]  base_lr: 1.0000e-02 lr: 4.0105e-03  eta: 1 day, 4:19:50  time: 1.5497  data_time: 0.0076  memory: 10490  grad_norm: 21.9005  loss: 18.6131  loss_cls: 3.8307  loss_bbox: 7.1720  loss_dfl: 7.6104
2025/05/24 16:01:23 - mmengine - INFO - Exp name: yolov8_mambatransformer_enhance_20250524_070703
2025/05/24 16:01:23 - mmengine - INFO - Saving checkpoint at 244 epochs
2025/05/24 16:01:30 - mmengine - INFO - Epoch(val) [244][ 50/781]    eta: 0:01:04  time: 0.0879  data_time: 0.0019  memory: 10357  
2025/05/24 16:01:35 - mmengine - INFO - Epoch(val) [244][100/781]    eta: 0:00:57  time: 0.0803  data_time: 0.0005  memory: 1000  
2025/05/24 16:01:38 - mmengine - INFO - Epoch(val) [244][150/781]    eta: 0:00:50  time: 0.0739  data_time: 0.0004  memory: 1000  
2025/05/24 16:01:42 - mmengine - INFO - Epoch(val) [244][200/781]    eta: 0:00:45  time: 0.0740  data_time: 0.0004  memory: 1000  
2025/05/24 16:01:46 - mmengine - INFO - Epoch(val) [244][250/781]    eta: 0:00:41  time: 0.0737  data_time: 0.0004  memory: 1000  
2025/05/24 16:01:50 - mmengine - INFO - Epoch(val) [244][300/781]    eta: 0:00:37  time: 0.0803  data_time: 0.0004  memory: 1000  
2025/05/24 16:01:54 - mmengine - INFO - Epoch(val) [244][350/781]    eta: 0:00:34  time: 0.0909  data_time: 0.0004  memory: 1000  
2025/05/24 16:01:59 - mmengine - INFO - Epoch(val) [244][400/781]    eta: 0:00:31  time: 0.0911  data_time: 0.0004  memory: 1000  
2025/05/24 16:02:03 - mmengine - INFO - Epoch(val) [244][450/781]    eta: 0:00:27  time: 0.0910  data_time: 0.0004  memory: 1000  
2025/05/24 16:02:08 - mmengine - INFO - Epoch(val) [244][500/781]    eta: 0:00:23  time: 0.0910  data_time: 0.0004  memory: 1000  
2025/05/24 16:02:13 - mmengine - INFO - Epoch(val) [244][550/781]    eta: 0:00:19  time: 0.0910  data_time: 0.0004  memory: 1000  
2025/05/24 16:02:17 - mmengine - INFO - Epoch(val) [244][600/781]    eta: 0:00:15  time: 0.0909  data_time: 0.0004  memory: 1000  
2025/05/24 16:02:22 - mmengine - INFO - Epoch(val) [244][650/781]    eta: 0:00:11  time: 0.0908  data_time: 0.0004  memory: 1000  
2025/05/24 16:02:26 - mmengine - INFO - Epoch(val) [244][700/781]    eta: 0:00:06  time: 0.0908  data_time: 0.0004  memory: 1000  
2025/05/24 16:02:31 - mmengine - INFO - Epoch(val) [244][750/781]    eta: 0:00:02  time: 0.0908  data_time: 0.0004  memory: 1000  
2025/05/24 16:02:34 - mmengine - INFO - Evaluating bbox...
2025/05/24 16:02:38 - mmengine - INFO - 
+------------+-------+--------+--------+-------+-------+-------+
| category   | mAP   | mAP_50 | mAP_75 | mAP_s | mAP_m | mAP_l |
+------------+-------+--------+--------+-------+-------+-------+
| Car        | 0.689 | 0.924  | 0.764  | 0.415 | 0.719 | 0.886 |
| Truck      | 0.644 | 0.886  | 0.736  | 0.335 | 0.659 | 0.824 |
| People     | 0.514 | 0.854  | 0.536  | 0.348 | 0.704 | 0.757 |
| Bus        | 0.725 | 0.912  | 0.797  | 0.395 | 0.701 | 0.835 |
| Lamp       | 0.457 | 0.804  | 0.459  | 0.408 | 0.715 | nan   |
| Motorcycle | 0.44  | 0.705  | 0.468  | 0.088 | 0.655 | 0.81  |
+------------+-------+--------+--------+-------+-------+-------+
2025/05/24 16:02:38 - mmengine - INFO - bbox_mAP_copypaste: 0.578 0.848 0.627 0.331 0.692 0.822
2025/05/24 16:02:38 - mmengine - INFO - Epoch(val) [244][781/781]    coco/Car_precision: 0.6890  coco/Truck_precision: 0.6440  coco/People_precision: 0.5140  coco/Bus_precision: 0.7250  coco/Lamp_precision: 0.4570  coco/Motorcycle_precision: 0.4400  coco/bbox_mAP: 0.5780  coco/bbox_mAP_50: 0.8480  coco/bbox_mAP_75: 0.6270  coco/bbox_mAP_s: 0.3310  coco/bbox_mAP_m: 0.6920  coco/bbox_mAP_l: 0.8220  data_time: 0.0005  time: 0.0861
2025/05/24 16:03:58 - mmengine - INFO - Epoch(train) [245][ 50/420]  base_lr: 1.0000e-02 lr: 3.9857e-03  eta: 1 day, 4:18:06  time: 1.5911  data_time: 0.0454  memory: 10448  grad_norm: 21.0831  loss: 18.0444  loss_cls: 3.6633  loss_bbox: 6.8687  loss_dfl: 7.5123
2025/05/24 16:05:16 - mmengine - INFO - Epoch(train) [245][100/420]  base_lr: 1.0000e-02 lr: 3.9857e-03  eta: 1 day, 4:16:49  time: 1.5585  data_time: 0.0083  memory: 10416  grad_norm: 21.8679  loss: 17.8463  loss_cls: 3.6961  loss_bbox: 6.6771  loss_dfl: 7.4731
2025/05/24 16:06:34 - mmengine - INFO - Epoch(train) [245][150/420]  base_lr: 1.0000e-02 lr: 3.9857e-03  eta: 1 day, 4:15:31  time: 1.5577  data_time: 0.0082  memory: 10453  grad_norm: 21.7659  loss: 18.5675  loss_cls: 3.8335  loss_bbox: 7.1096  loss_dfl: 7.6243
2025/05/24 16:07:52 - mmengine - INFO - Epoch(train) [245][200/420]  base_lr: 1.0000e-02 lr: 3.9857e-03  eta: 1 day, 4:14:13  time: 1.5537  data_time: 0.0075  memory: 10442  grad_norm: 22.5992  loss: 18.5082  loss_cls: 3.8440  loss_bbox: 7.0407  loss_dfl: 7.6235
2025/05/24 16:09:09 - mmengine - INFO - Epoch(train) [245][250/420]  base_lr: 1.0000e-02 lr: 3.9857e-03  eta: 1 day, 4:12:55  time: 1.5530  data_time: 0.0074  memory: 10421  grad_norm: 21.0402  loss: 18.3119  loss_cls: 3.7182  loss_bbox: 6.9374  loss_dfl: 7.6563
2025/05/24 16:10:27 - mmengine - INFO - Epoch(train) [245][300/420]  base_lr: 1.0000e-02 lr: 3.9857e-03  eta: 1 day, 4:11:36  time: 1.5508  data_time: 0.0075  memory: 10448  grad_norm: 21.3551  loss: 18.4390  loss_cls: 3.8168  loss_bbox: 7.0693  loss_dfl: 7.5529
2025/05/24 16:11:44 - mmengine - INFO - Epoch(train) [245][350/420]  base_lr: 1.0000e-02 lr: 3.9857e-03  eta: 1 day, 4:10:17  time: 1.5495  data_time: 0.0075  memory: 10400  grad_norm: 21.3647  loss: 18.4647  loss_cls: 3.7474  loss_bbox: 7.1076  loss_dfl: 7.6097
2025/05/24 16:13:02 - mmengine - INFO - Epoch(train) [245][400/420]  base_lr: 1.0000e-02 lr: 3.9857e-03  eta: 1 day, 4:08:58  time: 1.5493  data_time: 0.0075  memory: 10448  grad_norm: 20.9826  loss: 18.0030  loss_cls: 3.7094  loss_bbox: 6.8372  loss_dfl: 7.4564
2025/05/24 16:13:33 - mmengine - INFO - Exp name: yolov8_mambatransformer_enhance_20250524_070703
2025/05/24 16:13:33 - mmengine - INFO - Saving checkpoint at 245 epochs
2025/05/24 16:13:41 - mmengine - INFO - Epoch(val) [245][ 50/781]    eta: 0:01:07  time: 0.0923  data_time: 0.0019  memory: 10474  
2025/05/24 16:13:45 - mmengine - INFO - Epoch(val) [245][100/781]    eta: 0:00:56  time: 0.0748  data_time: 0.0004  memory: 1000  
2025/05/24 16:13:48 - mmengine - INFO - Epoch(val) [245][150/781]    eta: 0:00:50  time: 0.0752  data_time: 0.0004  memory: 1000  
2025/05/24 16:13:52 - mmengine - INFO - Epoch(val) [245][200/781]    eta: 0:00:46  time: 0.0747  data_time: 0.0004  memory: 1000  
2025/05/24 16:13:56 - mmengine - INFO - Epoch(val) [245][250/781]    eta: 0:00:41  time: 0.0749  data_time: 0.0004  memory: 1000  
2025/05/24 16:14:00 - mmengine - INFO - Epoch(val) [245][300/781]    eta: 0:00:37  time: 0.0751  data_time: 0.0004  memory: 1000  
2025/05/24 16:14:04 - mmengine - INFO - Epoch(val) [245][350/781]    eta: 0:00:33  time: 0.0748  data_time: 0.0004  memory: 1000  
2025/05/24 16:14:08 - mmengine - INFO - Epoch(val) [245][400/781]    eta: 0:00:29  time: 0.0875  data_time: 0.0004  memory: 1000  
2025/05/24 16:14:13 - mmengine - INFO - Epoch(val) [245][450/781]    eta: 0:00:26  time: 0.0911  data_time: 0.0004  memory: 1000  
2025/05/24 16:14:17 - mmengine - INFO - Epoch(val) [245][500/781]    eta: 0:00:22  time: 0.0912  data_time: 0.0004  memory: 1000  
2025/05/24 16:14:22 - mmengine - INFO - Epoch(val) [245][550/781]    eta: 0:00:18  time: 0.0911  data_time: 0.0004  memory: 1000  
2025/05/24 16:14:26 - mmengine - INFO - Epoch(val) [245][600/781]    eta: 0:00:14  time: 0.0910  data_time: 0.0004  memory: 1000  
2025/05/24 16:14:31 - mmengine - INFO - Epoch(val) [245][650/781]    eta: 0:00:10  time: 0.0910  data_time: 0.0004  memory: 1000  
2025/05/24 16:14:35 - mmengine - INFO - Epoch(val) [245][700/781]    eta: 0:00:06  time: 0.0910  data_time: 0.0004  memory: 1000  
2025/05/24 16:14:40 - mmengine - INFO - Epoch(val) [245][750/781]    eta: 0:00:02  time: 0.0910  data_time: 0.0004  memory: 1000  
2025/05/24 16:14:43 - mmengine - INFO - Evaluating bbox...
2025/05/24 16:14:48 - mmengine - INFO - 
+------------+-------+--------+--------+-------+-------+-------+
| category   | mAP   | mAP_50 | mAP_75 | mAP_s | mAP_m | mAP_l |
+------------+-------+--------+--------+-------+-------+-------+
| Car        | 0.689 | 0.924  | 0.764  | 0.416 | 0.72  | 0.886 |
| Truck      | 0.643 | 0.885  | 0.736  | 0.343 | 0.657 | 0.825 |
| People     | 0.514 | 0.854  | 0.537  | 0.348 | 0.704 | 0.755 |
| Bus        | 0.726 | 0.911  | 0.804  | 0.4   | 0.703 | 0.835 |
| Lamp       | 0.457 | 0.804  | 0.46   | 0.409 | 0.715 | nan   |
| Motorcycle | 0.44  | 0.706  | 0.468  | 0.088 | 0.654 | 0.81  |
+------------+-------+--------+--------+-------+-------+-------+
2025/05/24 16:14:48 - mmengine - INFO - bbox_mAP_copypaste: 0.578 0.847 0.628 0.334 0.692 0.822
2025/05/24 16:14:48 - mmengine - INFO - Epoch(val) [245][781/781]    coco/Car_precision: 0.6890  coco/Truck_precision: 0.6430  coco/People_precision: 0.5140  coco/Bus_precision: 0.7260  coco/Lamp_precision: 0.4570  coco/Motorcycle_precision: 0.4400  coco/bbox_mAP: 0.5780  coco/bbox_mAP_50: 0.8470  coco/bbox_mAP_75: 0.6280  coco/bbox_mAP_s: 0.3340  coco/bbox_mAP_m: 0.6920  coco/bbox_mAP_l: 0.8220  data_time: 0.0005  time: 0.0847
2025/05/24 16:16:07 - mmengine - INFO - Epoch(train) [246][ 50/420]  base_lr: 1.0000e-02 lr: 3.9610e-03  eta: 1 day, 4:07:14  time: 1.5876  data_time: 0.0464  memory: 10474  grad_norm: 21.4099  loss: 18.2243  loss_cls: 3.7281  loss_bbox: 6.8954  loss_dfl: 7.6008
2025/05/24 16:17:25 - mmengine - INFO - Exp name: yolov8_mambatransformer_enhance_20250524_070703
2025/05/24 16:17:25 - mmengine - INFO - Epoch(train) [246][100/420]  base_lr: 1.0000e-02 lr: 3.9610e-03  eta: 1 day, 4:05:55  time: 1.5485  data_time: 0.0074  memory: 10405  grad_norm: 20.2722  loss: 18.0384  loss_cls: 3.6492  loss_bbox: 6.9180  loss_dfl: 7.4712
2025/05/24 16:18:42 - mmengine - INFO - Epoch(train) [246][150/420]  base_lr: 1.0000e-02 lr: 3.9610e-03  eta: 1 day, 4:04:37  time: 1.5573  data_time: 0.0087  memory: 10453  grad_norm: 21.9562  loss: 17.9665  loss_cls: 3.7062  loss_bbox: 6.7837  loss_dfl: 7.4766
2025/05/24 16:20:01 - mmengine - INFO - Epoch(train) [246][200/420]  base_lr: 1.0000e-02 lr: 3.9610e-03  eta: 1 day, 4:03:20  time: 1.5601  data_time: 0.0085  memory: 10512  grad_norm: 21.3536  loss: 18.1406  loss_cls: 3.7034  loss_bbox: 6.8982  loss_dfl: 7.5390
2025/05/24 16:21:18 - mmengine - INFO - Epoch(train) [246][250/420]  base_lr: 1.0000e-02 lr: 3.9610e-03  eta: 1 day, 4:02:02  time: 1.5537  data_time: 0.0075  memory: 10400  grad_norm: 22.5084  loss: 18.6532  loss_cls: 3.8255  loss_bbox: 7.2311  loss_dfl: 7.5966
2025/05/24 16:22:36 - mmengine - INFO - Epoch(train) [246][300/420]  base_lr: 1.0000e-02 lr: 3.9610e-03  eta: 1 day, 4:00:43  time: 1.5514  data_time: 0.0076  memory: 10405  grad_norm: 21.7628  loss: 18.1329  loss_cls: 3.7397  loss_bbox: 6.8935  loss_dfl: 7.4996
2025/05/24 16:23:53 - mmengine - INFO - Epoch(train) [246][350/420]  base_lr: 1.0000e-02 lr: 3.9610e-03  eta: 1 day, 3:59:24  time: 1.5501  data_time: 0.0076  memory: 10421  grad_norm: 22.3672  loss: 18.3825  loss_cls: 3.7807  loss_bbox: 7.0644  loss_dfl: 7.5374
2025/05/24 16:25:11 - mmengine - INFO - Epoch(train) [246][400/420]  base_lr: 1.0000e-02 lr: 3.9610e-03  eta: 1 day, 3:58:05  time: 1.5505  data_time: 0.0075  memory: 10469  grad_norm: 21.1586  loss: 18.0134  loss_cls: 3.6847  loss_bbox: 6.8565  loss_dfl: 7.4722
2025/05/24 16:25:42 - mmengine - INFO - Exp name: yolov8_mambatransformer_enhance_20250524_070703
2025/05/24 16:25:42 - mmengine - INFO - Saving checkpoint at 246 epochs
2025/05/24 16:25:50 - mmengine - INFO - Epoch(val) [246][ 50/781]    eta: 0:01:08  time: 0.0940  data_time: 0.0023  memory: 10442  
2025/05/24 16:25:55 - mmengine - INFO - Epoch(val) [246][100/781]    eta: 0:01:03  time: 0.0915  data_time: 0.0004  memory: 1000  
2025/05/24 16:25:59 - mmengine - INFO - Epoch(val) [246][150/781]    eta: 0:00:58  time: 0.0915  data_time: 0.0004  memory: 1000  
2025/05/24 16:26:04 - mmengine - INFO - Epoch(val) [246][200/781]    eta: 0:00:53  time: 0.0913  data_time: 0.0004  memory: 1000  
2025/05/24 16:26:08 - mmengine - INFO - Epoch(val) [246][250/781]    eta: 0:00:47  time: 0.0798  data_time: 0.0004  memory: 1000  
2025/05/24 16:26:12 - mmengine - INFO - Epoch(val) [246][300/781]    eta: 0:00:42  time: 0.0858  data_time: 0.0004  memory: 1000  
2025/05/24 16:26:17 - mmengine - INFO - Epoch(val) [246][350/781]    eta: 0:00:38  time: 0.0911  data_time: 0.0004  memory: 1000  
2025/05/24 16:26:21 - mmengine - INFO - Epoch(val) [246][400/781]    eta: 0:00:34  time: 0.0910  data_time: 0.0004  memory: 1000  
2025/05/24 16:26:26 - mmengine - INFO - Epoch(val) [246][450/781]    eta: 0:00:29  time: 0.0912  data_time: 0.0004  memory: 1000  
2025/05/24 16:26:31 - mmengine - INFO - Epoch(val) [246][500/781]    eta: 0:00:25  time: 0.0911  data_time: 0.0004  memory: 1000  
2025/05/24 16:26:35 - mmengine - INFO - Epoch(val) [246][550/781]    eta: 0:00:20  time: 0.0913  data_time: 0.0004  memory: 1000  
2025/05/24 16:26:40 - mmengine - INFO - Epoch(val) [246][600/781]    eta: 0:00:16  time: 0.0909  data_time: 0.0004  memory: 1000  
2025/05/24 16:26:44 - mmengine - INFO - Epoch(val) [246][650/781]    eta: 0:00:11  time: 0.0909  data_time: 0.0004  memory: 1000  
2025/05/24 16:26:49 - mmengine - INFO - Epoch(val) [246][700/781]    eta: 0:00:07  time: 0.0908  data_time: 0.0004  memory: 1000  
2025/05/24 16:26:53 - mmengine - INFO - Epoch(val) [246][750/781]    eta: 0:00:02  time: 0.0909  data_time: 0.0004  memory: 1000  
2025/05/24 16:26:57 - mmengine - INFO - Evaluating bbox...
2025/05/24 16:27:01 - mmengine - INFO - 
+------------+-------+--------+--------+-------+-------+-------+
| category   | mAP   | mAP_50 | mAP_75 | mAP_s | mAP_m | mAP_l |
+------------+-------+--------+--------+-------+-------+-------+
| Car        | 0.69  | 0.924  | 0.763  | 0.416 | 0.719 | 0.887 |
| Truck      | 0.641 | 0.885  | 0.725  | 0.343 | 0.652 | 0.825 |
| People     | 0.514 | 0.854  | 0.538  | 0.348 | 0.704 | 0.756 |
| Bus        | 0.728 | 0.911  | 0.804  | 0.401 | 0.704 | 0.837 |
| Lamp       | 0.458 | 0.808  | 0.466  | 0.409 | 0.714 | nan   |
| Motorcycle | 0.44  | 0.706  | 0.468  | 0.088 | 0.654 | 0.81  |
+------------+-------+--------+--------+-------+-------+-------+
2025/05/24 16:27:01 - mmengine - INFO - bbox_mAP_copypaste: 0.578 0.848 0.628 0.334 0.691 0.823
2025/05/24 16:27:01 - mmengine - INFO - Epoch(val) [246][781/781]    coco/Car_precision: 0.6900  coco/Truck_precision: 0.6410  coco/People_precision: 0.5140  coco/Bus_precision: 0.7280  coco/Lamp_precision: 0.4580  coco/Motorcycle_precision: 0.4400  coco/bbox_mAP: 0.5780  coco/bbox_mAP_50: 0.8480  coco/bbox_mAP_75: 0.6280  coco/bbox_mAP_s: 0.3340  coco/bbox_mAP_m: 0.6910  coco/bbox_mAP_l: 0.8230  data_time: 0.0005  time: 0.0902
2025/05/24 16:28:20 - mmengine - INFO - Epoch(train) [247][ 50/420]  base_lr: 1.0000e-02 lr: 3.9362e-03  eta: 1 day, 3:56:19  time: 1.5749  data_time: 0.0464  memory: 10469  grad_norm: 22.3722  loss: 18.4991  loss_cls: 3.8635  loss_bbox: 7.0949  loss_dfl: 7.5407
2025/05/24 16:29:36 - mmengine - INFO - Epoch(train) [247][100/420]  base_lr: 1.0000e-02 lr: 3.9362e-03  eta: 1 day, 3:54:57  time: 1.5335  data_time: 0.0068  memory: 10458  grad_norm: 21.7322  loss: 18.4626  loss_cls: 3.8455  loss_bbox: 6.9855  loss_dfl: 7.6316
2025/05/24 16:30:53 - mmengine - INFO - Epoch(train) [247][150/420]  base_lr: 1.0000e-02 lr: 3.9362e-03  eta: 1 day, 3:53:36  time: 1.5334  data_time: 0.0067  memory: 10426  grad_norm: 22.1190  loss: 18.2829  loss_cls: 3.7504  loss_bbox: 6.9488  loss_dfl: 7.5836
2025/05/24 16:32:10 - mmengine - INFO - Epoch(train) [247][200/420]  base_lr: 1.0000e-02 lr: 3.9362e-03  eta: 1 day, 3:52:16  time: 1.5426  data_time: 0.0075  memory: 10416  grad_norm: 21.6996  loss: 18.1569  loss_cls: 3.7391  loss_bbox: 6.8796  loss_dfl: 7.5383
2025/05/24 16:33:28 - mmengine - INFO - Epoch(train) [247][250/420]  base_lr: 1.0000e-02 lr: 3.9362e-03  eta: 1 day, 3:50:59  time: 1.5639  data_time: 0.0087  memory: 10549  grad_norm: 23.0299  loss: 18.2295  loss_cls: 3.6997  loss_bbox: 6.9348  loss_dfl: 7.5950
2025/05/24 16:34:46 - mmengine - INFO - Epoch(train) [247][300/420]  base_lr: 1.0000e-02 lr: 3.9362e-03  eta: 1 day, 3:49:41  time: 1.5561  data_time: 0.0077  memory: 10400  grad_norm: 22.6592  loss: 18.3925  loss_cls: 3.7829  loss_bbox: 7.0425  loss_dfl: 7.5672
2025/05/24 16:36:04 - mmengine - INFO - Epoch(train) [247][350/420]  base_lr: 1.0000e-02 lr: 3.9362e-03  eta: 1 day, 3:48:22  time: 1.5491  data_time: 0.0075  memory: 10368  grad_norm: 22.1755  loss: 18.2999  loss_cls: 3.7673  loss_bbox: 6.9571  loss_dfl: 7.5755
2025/05/24 16:37:21 - mmengine - INFO - Epoch(train) [247][400/420]  base_lr: 1.0000e-02 lr: 3.9362e-03  eta: 1 day, 3:47:03  time: 1.5478  data_time: 0.0074  memory: 10416  grad_norm: 22.3037  loss: 18.1189  loss_cls: 3.7204  loss_bbox: 6.8432  loss_dfl: 7.5554
2025/05/24 16:37:52 - mmengine - INFO - Exp name: yolov8_mambatransformer_enhance_20250524_070703
2025/05/24 16:37:52 - mmengine - INFO - Saving checkpoint at 247 epochs
2025/05/24 16:38:00 - mmengine - INFO - Epoch(val) [247][ 50/781]    eta: 0:01:08  time: 0.0939  data_time: 0.0022  memory: 10389  
2025/05/24 16:38:05 - mmengine - INFO - Epoch(val) [247][100/781]    eta: 0:01:03  time: 0.0918  data_time: 0.0004  memory: 1000  
2025/05/24 16:38:10 - mmengine - INFO - Epoch(val) [247][150/781]    eta: 0:00:58  time: 0.0916  data_time: 0.0004  memory: 1000  
2025/05/24 16:38:14 - mmengine - INFO - Epoch(val) [247][200/781]    eta: 0:00:53  time: 0.0919  data_time: 0.0004  memory: 1000  
2025/05/24 16:38:19 - mmengine - INFO - Epoch(val) [247][250/781]    eta: 0:00:48  time: 0.0915  data_time: 0.0004  memory: 1000  
2025/05/24 16:38:23 - mmengine - INFO - Epoch(val) [247][300/781]    eta: 0:00:44  time: 0.0914  data_time: 0.0004  memory: 1000  
2025/05/24 16:38:28 - mmengine - INFO - Epoch(val) [247][350/781]    eta: 0:00:39  time: 0.0919  data_time: 0.0005  memory: 1000  
2025/05/24 16:38:33 - mmengine - INFO - Epoch(val) [247][400/781]    eta: 0:00:35  time: 0.0914  data_time: 0.0004  memory: 1000  
2025/05/24 16:38:37 - mmengine - INFO - Epoch(val) [247][450/781]    eta: 0:00:30  time: 0.0915  data_time: 0.0004  memory: 1000  
2025/05/24 16:38:42 - mmengine - INFO - Epoch(val) [247][500/781]    eta: 0:00:25  time: 0.0918  data_time: 0.0004  memory: 1000  
2025/05/24 16:38:46 - mmengine - INFO - Epoch(val) [247][550/781]    eta: 0:00:21  time: 0.0915  data_time: 0.0004  memory: 1000  
2025/05/24 16:38:51 - mmengine - INFO - Epoch(val) [247][600/781]    eta: 0:00:16  time: 0.0914  data_time: 0.0004  memory: 1000  
2025/05/24 16:38:56 - mmengine - INFO - Epoch(val) [247][650/781]    eta: 0:00:12  time: 0.0915  data_time: 0.0004  memory: 1000  
2025/05/24 16:39:00 - mmengine - INFO - Epoch(val) [247][700/781]    eta: 0:00:07  time: 0.0915  data_time: 0.0004  memory: 1000  
2025/05/24 16:39:05 - mmengine - INFO - Epoch(val) [247][750/781]    eta: 0:00:02  time: 0.0914  data_time: 0.0004  memory: 1000  
2025/05/24 16:39:08 - mmengine - INFO - Evaluating bbox...
2025/05/24 16:39:12 - mmengine - INFO - 
+------------+-------+--------+--------+-------+-------+-------+
| category   | mAP   | mAP_50 | mAP_75 | mAP_s | mAP_m | mAP_l |
+------------+-------+--------+--------+-------+-------+-------+
| Car        | 0.69  | 0.925  | 0.765  | 0.417 | 0.72  | 0.887 |
| Truck      | 0.642 | 0.887  | 0.726  | 0.346 | 0.653 | 0.83  |
| People     | 0.514 | 0.854  | 0.539  | 0.348 | 0.704 | 0.756 |
| Bus        | 0.728 | 0.911  | 0.798  | 0.399 | 0.703 | 0.838 |
| Lamp       | 0.458 | 0.808  | 0.465  | 0.41  | 0.713 | nan   |
| Motorcycle | 0.441 | 0.706  | 0.472  | 0.088 | 0.658 | 0.81  |
+------------+-------+--------+--------+-------+-------+-------+
2025/05/24 16:39:12 - mmengine - INFO - bbox_mAP_copypaste: 0.579 0.848 0.627 0.335 0.692 0.824
2025/05/24 16:39:13 - mmengine - INFO - Epoch(val) [247][781/781]    coco/Car_precision: 0.6900  coco/Truck_precision: 0.6420  coco/People_precision: 0.5140  coco/Bus_precision: 0.7280  coco/Lamp_precision: 0.4580  coco/Motorcycle_precision: 0.4410  coco/bbox_mAP: 0.5790  coco/bbox_mAP_50: 0.8480  coco/bbox_mAP_75: 0.6270  coco/bbox_mAP_s: 0.3350  coco/bbox_mAP_m: 0.6920  coco/bbox_mAP_l: 0.8240  data_time: 0.0005  time: 0.0917
2025/05/24 16:40:33 - mmengine - INFO - Epoch(train) [248][ 50/420]  base_lr: 1.0000e-02 lr: 3.9115e-03  eta: 1 day, 3:45:21  time: 1.6009  data_time: 0.0462  memory: 10448  grad_norm: 22.8466  loss: 18.5081  loss_cls: 3.9019  loss_bbox: 7.0353  loss_dfl: 7.5710
2025/05/24 16:41:51 - mmengine - INFO - Epoch(train) [248][100/420]  base_lr: 1.0000e-02 lr: 3.9115e-03  eta: 1 day, 3:44:04  time: 1.5612  data_time: 0.0074  memory: 10448  grad_norm: 22.1992  loss: 18.2904  loss_cls: 3.7663  loss_bbox: 6.8889  loss_dfl: 7.6352
2025/05/24 16:43:09 - mmengine - INFO - Epoch(train) [248][150/420]  base_lr: 1.0000e-02 lr: 3.9115e-03  eta: 1 day, 3:42:47  time: 1.5604  data_time: 0.0075  memory: 10405  grad_norm: 21.9749  loss: 17.8085  loss_cls: 3.5999  loss_bbox: 6.6852  loss_dfl: 7.5234
2025/05/24 16:44:27 - mmengine - INFO - Epoch(train) [248][200/420]  base_lr: 1.0000e-02 lr: 3.9115e-03  eta: 1 day, 3:41:30  time: 1.5611  data_time: 0.0075  memory: 10437  grad_norm: 21.6010  loss: 18.2676  loss_cls: 3.7608  loss_bbox: 6.9647  loss_dfl: 7.5421
2025/05/24 16:45:45 - mmengine - INFO - Epoch(train) [248][250/420]  base_lr: 1.0000e-02 lr: 3.9115e-03  eta: 1 day, 3:40:12  time: 1.5593  data_time: 0.0078  memory: 10389  grad_norm: 20.2823  loss: 18.0247  loss_cls: 3.6611  loss_bbox: 6.8378  loss_dfl: 7.5258
2025/05/24 16:46:00 - mmengine - INFO - Exp name: yolov8_mambatransformer_enhance_20250524_070703
2025/05/24 16:47:03 - mmengine - INFO - Epoch(train) [248][300/420]  base_lr: 1.0000e-02 lr: 3.9115e-03  eta: 1 day, 3:38:56  time: 1.5640  data_time: 0.0092  memory: 10368  grad_norm: 24.1305  loss: 18.2902  loss_cls: 3.8124  loss_bbox: 6.9304  loss_dfl: 7.5474
2025/05/24 16:48:20 - mmengine - INFO - Epoch(train) [248][350/420]  base_lr: 1.0000e-02 lr: 3.9115e-03  eta: 1 day, 3:37:35  time: 1.5351  data_time: 0.0069  memory: 10485  grad_norm: 22.3689  loss: 18.2596  loss_cls: 3.7602  loss_bbox: 6.9165  loss_dfl: 7.5830
2025/05/24 16:49:37 - mmengine - INFO - Epoch(train) [248][400/420]  base_lr: 1.0000e-02 lr: 3.9115e-03  eta: 1 day, 3:36:13  time: 1.5336  data_time: 0.0068  memory: 10411  grad_norm: 21.3039  loss: 18.3782  loss_cls: 3.8186  loss_bbox: 7.0600  loss_dfl: 7.4995
2025/05/24 16:50:07 - mmengine - INFO - Exp name: yolov8_mambatransformer_enhance_20250524_070703
2025/05/24 16:50:07 - mmengine - INFO - Saving checkpoint at 248 epochs
2025/05/24 16:50:15 - mmengine - INFO - Epoch(val) [248][ 50/781]    eta: 0:01:02  time: 0.0855  data_time: 0.0022  memory: 10368  
2025/05/24 16:50:19 - mmengine - INFO - Epoch(val) [248][100/781]    eta: 0:00:54  time: 0.0738  data_time: 0.0004  memory: 1000  
2025/05/24 16:50:22 - mmengine - INFO - Epoch(val) [248][150/781]    eta: 0:00:48  time: 0.0736  data_time: 0.0004  memory: 1000  
2025/05/24 16:50:26 - mmengine - INFO - Epoch(val) [248][200/781]    eta: 0:00:44  time: 0.0737  data_time: 0.0004  memory: 1000  
2025/05/24 16:50:30 - mmengine - INFO - Epoch(val) [248][250/781]    eta: 0:00:40  time: 0.0737  data_time: 0.0004  memory: 1000  
2025/05/24 16:50:34 - mmengine - INFO - Epoch(val) [248][300/781]    eta: 0:00:37  time: 0.0900  data_time: 0.0004  memory: 1000  
2025/05/24 16:50:39 - mmengine - INFO - Epoch(val) [248][350/781]    eta: 0:00:34  time: 0.0910  data_time: 0.0004  memory: 1000  
2025/05/24 16:50:43 - mmengine - INFO - Epoch(val) [248][400/781]    eta: 0:00:31  time: 0.0909  data_time: 0.0004  memory: 1000  
2025/05/24 16:50:48 - mmengine - INFO - Epoch(val) [248][450/781]    eta: 0:00:27  time: 0.0907  data_time: 0.0004  memory: 1000  
2025/05/24 16:50:53 - mmengine - INFO - Epoch(val) [248][500/781]    eta: 0:00:23  time: 0.0908  data_time: 0.0004  memory: 1000  
2025/05/24 16:50:57 - mmengine - INFO - Epoch(val) [248][550/781]    eta: 0:00:19  time: 0.0908  data_time: 0.0004  memory: 1000  
2025/05/24 16:51:02 - mmengine - INFO - Epoch(val) [248][600/781]    eta: 0:00:15  time: 0.0908  data_time: 0.0004  memory: 1000  
2025/05/24 16:51:06 - mmengine - INFO - Epoch(val) [248][650/781]    eta: 0:00:11  time: 0.0908  data_time: 0.0004  memory: 1000  
2025/05/24 16:51:11 - mmengine - INFO - Epoch(val) [248][700/781]    eta: 0:00:06  time: 0.0909  data_time: 0.0004  memory: 1000  
2025/05/24 16:51:15 - mmengine - INFO - Epoch(val) [248][750/781]    eta: 0:00:02  time: 0.0907  data_time: 0.0004  memory: 1000  
2025/05/24 16:51:19 - mmengine - INFO - Evaluating bbox...
2025/05/24 16:51:23 - mmengine - INFO - 
+------------+-------+--------+--------+-------+-------+-------+
| category   | mAP   | mAP_50 | mAP_75 | mAP_s | mAP_m | mAP_l |
+------------+-------+--------+--------+-------+-------+-------+
| Car        | 0.69  | 0.925  | 0.764  | 0.416 | 0.721 | 0.887 |
| Truck      | 0.643 | 0.887  | 0.73   | 0.345 | 0.654 | 0.828 |
| People     | 0.515 | 0.854  | 0.539  | 0.349 | 0.703 | 0.756 |
| Bus        | 0.726 | 0.912  | 0.803  | 0.403 | 0.7   | 0.833 |
| Lamp       | 0.458 | 0.807  | 0.466  | 0.408 | 0.714 | nan   |
| Motorcycle | 0.444 | 0.725  | 0.474  | 0.089 | 0.663 | 0.81  |
+------------+-------+--------+--------+-------+-------+-------+
2025/05/24 16:51:23 - mmengine - INFO - bbox_mAP_copypaste: 0.579 0.852 0.629 0.335 0.692 0.823
2025/05/24 16:51:23 - mmengine - INFO - Epoch(val) [248][781/781]    coco/Car_precision: 0.6900  coco/Truck_precision: 0.6430  coco/People_precision: 0.5150  coco/Bus_precision: 0.7260  coco/Lamp_precision: 0.4580  coco/Motorcycle_precision: 0.4440  coco/bbox_mAP: 0.5790  coco/bbox_mAP_50: 0.8520  coco/bbox_mAP_75: 0.6290  coco/bbox_mAP_s: 0.3350  coco/bbox_mAP_m: 0.6920  coco/bbox_mAP_l: 0.8230  data_time: 0.0005  time: 0.0860
2025/05/24 16:52:42 - mmengine - INFO - Epoch(train) [249][ 50/420]  base_lr: 1.0000e-02 lr: 3.8867e-03  eta: 1 day, 3:34:28  time: 1.5880  data_time: 0.0438  memory: 10458  grad_norm: 22.5124  loss: 18.1614  loss_cls: 3.7052  loss_bbox: 6.9032  loss_dfl: 7.5530
2025/05/24 16:54:00 - mmengine - INFO - Epoch(train) [249][100/420]  base_lr: 1.0000e-02 lr: 3.8867e-03  eta: 1 day, 3:33:09  time: 1.5486  data_time: 0.0074  memory: 10464  grad_norm: 21.4503  loss: 18.4322  loss_cls: 3.7924  loss_bbox: 7.0434  loss_dfl: 7.5964
2025/05/24 16:55:17 - mmengine - INFO - Epoch(train) [249][150/420]  base_lr: 1.0000e-02 lr: 3.8867e-03  eta: 1 day, 3:31:50  time: 1.5497  data_time: 0.0074  memory: 10469  grad_norm: 21.6828  loss: 18.3521  loss_cls: 3.8595  loss_bbox: 6.9596  loss_dfl: 7.5331
2025/05/24 16:56:35 - mmengine - INFO - Epoch(train) [249][200/420]  base_lr: 1.0000e-02 lr: 3.8867e-03  eta: 1 day, 3:30:31  time: 1.5492  data_time: 0.0074  memory: 10506  grad_norm: 20.6404  loss: 17.8954  loss_cls: 3.6334  loss_bbox: 6.7649  loss_dfl: 7.4971
2025/05/24 16:57:52 - mmengine - INFO - Epoch(train) [249][250/420]  base_lr: 1.0000e-02 lr: 3.8867e-03  eta: 1 day, 3:29:12  time: 1.5489  data_time: 0.0074  memory: 10490  grad_norm: 22.9226  loss: 18.5460  loss_cls: 3.8652  loss_bbox: 7.0628  loss_dfl: 7.6179
2025/05/24 16:59:10 - mmengine - INFO - Epoch(train) [249][300/420]  base_lr: 1.0000e-02 lr: 3.8867e-03  eta: 1 day, 3:27:54  time: 1.5533  data_time: 0.0074  memory: 10411  grad_norm: 20.8803  loss: 18.2700  loss_cls: 3.7679  loss_bbox: 7.0494  loss_dfl: 7.4527
2025/05/24 17:00:28 - mmengine - INFO - Epoch(train) [249][350/420]  base_lr: 1.0000e-02 lr: 3.8867e-03  eta: 1 day, 3:26:36  time: 1.5568  data_time: 0.0084  memory: 10522  grad_norm: 21.7966  loss: 18.0061  loss_cls: 3.6509  loss_bbox: 6.8160  loss_dfl: 7.5391
2025/05/24 17:01:45 - mmengine - INFO - Epoch(train) [249][400/420]  base_lr: 1.0000e-02 lr: 3.8867e-03  eta: 1 day, 3:25:17  time: 1.5484  data_time: 0.0075  memory: 10421  grad_norm: 22.2047  loss: 18.3767  loss_cls: 3.7545  loss_bbox: 7.0854  loss_dfl: 7.5368
2025/05/24 17:02:16 - mmengine - INFO - Exp name: yolov8_mambatransformer_enhance_20250524_070703
2025/05/24 17:02:16 - mmengine - INFO - Saving checkpoint at 249 epochs
2025/05/24 17:02:24 - mmengine - INFO - Epoch(val) [249][ 50/781]    eta: 0:01:08  time: 0.0931  data_time: 0.0021  memory: 10416  
2025/05/24 17:02:29 - mmengine - INFO - Epoch(val) [249][100/781]    eta: 0:01:02  time: 0.0912  data_time: 0.0004  memory: 1000  
2025/05/24 17:02:34 - mmengine - INFO - Epoch(val) [249][150/781]    eta: 0:00:57  time: 0.0912  data_time: 0.0004  memory: 1000  
2025/05/24 17:02:37 - mmengine - INFO - Epoch(val) [249][200/781]    eta: 0:00:51  time: 0.0770  data_time: 0.0004  memory: 1000  
2025/05/24 17:02:41 - mmengine - INFO - Epoch(val) [249][250/781]    eta: 0:00:45  time: 0.0742  data_time: 0.0004  memory: 1000  
2025/05/24 17:02:45 - mmengine - INFO - Epoch(val) [249][300/781]    eta: 0:00:40  time: 0.0744  data_time: 0.0004  memory: 1000  
2025/05/24 17:02:49 - mmengine - INFO - Epoch(val) [249][350/781]    eta: 0:00:35  time: 0.0741  data_time: 0.0004  memory: 1000  
2025/05/24 17:02:53 - mmengine - INFO - Epoch(val) [249][400/781]    eta: 0:00:31  time: 0.0873  data_time: 0.0004  memory: 1000  
2025/05/24 17:02:58 - mmengine - INFO - Epoch(val) [249][450/781]    eta: 0:00:27  time: 0.0911  data_time: 0.0004  memory: 1000  
2025/05/24 17:03:02 - mmengine - INFO - Epoch(val) [249][500/781]    eta: 0:00:23  time: 0.0911  data_time: 0.0004  memory: 1000  
2025/05/24 17:03:07 - mmengine - INFO - Epoch(val) [249][550/781]    eta: 0:00:19  time: 0.0910  data_time: 0.0004  memory: 1000  
2025/05/24 17:03:11 - mmengine - INFO - Epoch(val) [249][600/781]    eta: 0:00:15  time: 0.0909  data_time: 0.0004  memory: 1000  
2025/05/24 17:03:16 - mmengine - INFO - Epoch(val) [249][650/781]    eta: 0:00:11  time: 0.0911  data_time: 0.0004  memory: 1000  
2025/05/24 17:03:21 - mmengine - INFO - Epoch(val) [249][700/781]    eta: 0:00:06  time: 0.0911  data_time: 0.0004  memory: 1000  
2025/05/24 17:03:25 - mmengine - INFO - Epoch(val) [249][750/781]    eta: 0:00:02  time: 0.0909  data_time: 0.0004  memory: 1000  
2025/05/24 17:03:28 - mmengine - INFO - Evaluating bbox...
2025/05/24 17:03:32 - mmengine - INFO - 
+------------+-------+--------+--------+-------+-------+-------+
| category   | mAP   | mAP_50 | mAP_75 | mAP_s | mAP_m | mAP_l |
+------------+-------+--------+--------+-------+-------+-------+
| Car        | 0.69  | 0.925  | 0.765  | 0.416 | 0.721 | 0.887 |
| Truck      | 0.646 | 0.891  | 0.736  | 0.355 | 0.656 | 0.823 |
| People     | 0.515 | 0.853  | 0.54   | 0.35  | 0.703 | 0.755 |
| Bus        | 0.725 | 0.913  | 0.803  | 0.396 | 0.695 | 0.835 |
| Lamp       | 0.459 | 0.808  | 0.471  | 0.411 | 0.716 | nan   |
| Motorcycle | 0.443 | 0.726  | 0.474  | 0.089 | 0.661 | 0.81  |
+------------+-------+--------+--------+-------+-------+-------+
2025/05/24 17:03:32 - mmengine - INFO - bbox_mAP_copypaste: 0.580 0.853 0.632 0.336 0.692 0.822
2025/05/24 17:03:33 - mmengine - INFO - Epoch(val) [249][781/781]    coco/Car_precision: 0.6900  coco/Truck_precision: 0.6460  coco/People_precision: 0.5150  coco/Bus_precision: 0.7250  coco/Lamp_precision: 0.4590  coco/Motorcycle_precision: 0.4430  coco/bbox_mAP: 0.5800  coco/bbox_mAP_50: 0.8530  coco/bbox_mAP_75: 0.6320  coco/bbox_mAP_s: 0.3360  coco/bbox_mAP_m: 0.6920  coco/bbox_mAP_l: 0.8220  data_time: 0.0005  time: 0.0868
2025/05/24 17:04:52 - mmengine - INFO - Epoch(train) [250][ 50/420]  base_lr: 1.0000e-02 lr: 3.8620e-03  eta: 1 day, 3:23:33  time: 1.5937  data_time: 0.0461  memory: 10394  grad_norm: 21.3878  loss: 18.0615  loss_cls: 3.6820  loss_bbox: 6.8686  loss_dfl: 7.5109
2025/05/24 17:06:10 - mmengine - INFO - Epoch(train) [250][100/420]  base_lr: 1.0000e-02 lr: 3.8620e-03  eta: 1 day, 3:22:16  time: 1.5581  data_time: 0.0075  memory: 10496  grad_norm: 21.4368  loss: 18.0613  loss_cls: 3.7209  loss_bbox: 6.8116  loss_dfl: 7.5289
2025/05/24 17:07:28 - mmengine - INFO - Epoch(train) [250][150/420]  base_lr: 1.0000e-02 lr: 3.8620e-03  eta: 1 day, 3:20:58  time: 1.5531  data_time: 0.0075  memory: 10426  grad_norm: 21.9221  loss: 18.0460  loss_cls: 3.6517  loss_bbox: 6.7948  loss_dfl: 7.5995
2025/05/24 17:08:46 - mmengine - INFO - Epoch(train) [250][200/420]  base_lr: 1.0000e-02 lr: 3.8620e-03  eta: 1 day, 3:19:39  time: 1.5529  data_time: 0.0075  memory: 10400  grad_norm: 22.9552  loss: 18.5015  loss_cls: 3.8517  loss_bbox: 7.1292  loss_dfl: 7.5206
2025/05/24 17:10:03 - mmengine - INFO - Epoch(train) [250][250/420]  base_lr: 1.0000e-02 lr: 3.8620e-03  eta: 1 day, 3:18:21  time: 1.5535  data_time: 0.0075  memory: 10411  grad_norm: 21.3834  loss: 18.1956  loss_cls: 3.6977  loss_bbox: 6.9245  loss_dfl: 7.5734
2025/05/24 17:11:21 - mmengine - INFO - Epoch(train) [250][300/420]  base_lr: 1.0000e-02 lr: 3.8620e-03  eta: 1 day, 3:17:03  time: 1.5533  data_time: 0.0075  memory: 10389  grad_norm: 22.6611  loss: 18.3263  loss_cls: 3.7756  loss_bbox: 6.9786  loss_dfl: 7.5721
2025/05/24 17:12:39 - mmengine - INFO - Epoch(train) [250][350/420]  base_lr: 1.0000e-02 lr: 3.8620e-03  eta: 1 day, 3:15:44  time: 1.5530  data_time: 0.0075  memory: 10411  grad_norm: 21.3447  loss: 18.2878  loss_cls: 3.7256  loss_bbox: 6.9837  loss_dfl: 7.5785
2025/05/24 17:13:57 - mmengine - INFO - Epoch(train) [250][400/420]  base_lr: 1.0000e-02 lr: 3.8620e-03  eta: 1 day, 3:14:27  time: 1.5595  data_time: 0.0081  memory: 10400  grad_norm: 22.3687  loss: 17.9635  loss_cls: 3.6956  loss_bbox: 6.6789  loss_dfl: 7.5890
2025/05/24 17:14:28 - mmengine - INFO - Exp name: yolov8_mambatransformer_enhance_20250524_070703
2025/05/24 17:14:28 - mmengine - INFO - Saving checkpoint at 250 epochs
2025/05/24 17:14:37 - mmengine - INFO - Epoch(val) [250][ 50/781]    eta: 0:01:07  time: 0.0929  data_time: 0.0018  memory: 10341  
2025/05/24 17:14:41 - mmengine - INFO - Epoch(val) [250][100/781]    eta: 0:01:02  time: 0.0902  data_time: 0.0004  memory: 1000  
2025/05/24 17:14:45 - mmengine - INFO - Epoch(val) [250][150/781]    eta: 0:00:55  time: 0.0795  data_time: 0.0004  memory: 1000  
2025/05/24 17:14:49 - mmengine - INFO - Epoch(val) [250][200/781]    eta: 0:00:50  time: 0.0854  data_time: 0.0004  memory: 1000  
2025/05/24 17:14:54 - mmengine - INFO - Epoch(val) [250][250/781]    eta: 0:00:45  time: 0.0842  data_time: 0.0004  memory: 1000  
2025/05/24 17:14:57 - mmengine - INFO - Epoch(val) [250][300/781]    eta: 0:00:40  time: 0.0732  data_time: 0.0004  memory: 1000  
2025/05/24 17:15:01 - mmengine - INFO - Epoch(val) [250][350/781]    eta: 0:00:35  time: 0.0733  data_time: 0.0004  memory: 1000  
2025/05/24 17:15:05 - mmengine - INFO - Epoch(val) [250][400/781]    eta: 0:00:31  time: 0.0733  data_time: 0.0004  memory: 1000  
2025/05/24 17:15:09 - mmengine - INFO - Epoch(val) [250][450/781]    eta: 0:00:27  time: 0.0896  data_time: 0.0004  memory: 1000  
2025/05/24 17:15:14 - mmengine - INFO - Epoch(val) [250][500/781]    eta: 0:00:23  time: 0.0910  data_time: 0.0004  memory: 1000  
2025/05/24 17:15:18 - mmengine - INFO - Epoch(val) [250][550/781]    eta: 0:00:19  time: 0.0910  data_time: 0.0004  memory: 1000  
2025/05/24 17:15:23 - mmengine - INFO - Epoch(val) [250][600/781]    eta: 0:00:15  time: 0.0909  data_time: 0.0004  memory: 1000  
2025/05/24 17:15:28 - mmengine - INFO - Epoch(val) [250][650/781]    eta: 0:00:11  time: 0.0909  data_time: 0.0004  memory: 1000  
2025/05/24 17:15:32 - mmengine - INFO - Epoch(val) [250][700/781]    eta: 0:00:06  time: 0.0909  data_time: 0.0004  memory: 1000  
2025/05/24 17:15:37 - mmengine - INFO - Epoch(val) [250][750/781]    eta: 0:00:02  time: 0.0909  data_time: 0.0004  memory: 1000  
2025/05/24 17:15:40 - mmengine - INFO - Evaluating bbox...
2025/05/24 17:15:44 - mmengine - INFO - 
+------------+-------+--------+--------+-------+-------+-------+
| category   | mAP   | mAP_50 | mAP_75 | mAP_s | mAP_m | mAP_l |
+------------+-------+--------+--------+-------+-------+-------+
| Car        | 0.689 | 0.924  | 0.764  | 0.416 | 0.72  | 0.886 |
| Truck      | 0.644 | 0.892  | 0.735  | 0.356 | 0.654 | 0.826 |
| People     | 0.514 | 0.854  | 0.54   | 0.35  | 0.703 | 0.75  |
| Bus        | 0.725 | 0.914  | 0.8    | 0.399 | 0.693 | 0.835 |
| Lamp       | 0.459 | 0.808  | 0.469  | 0.411 | 0.713 | nan   |
| Motorcycle | 0.44  | 0.727  | 0.474  | 0.091 | 0.654 | 0.81  |
+------------+-------+--------+--------+-------+-------+-------+
2025/05/24 17:15:44 - mmengine - INFO - bbox_mAP_copypaste: 0.579 0.853 0.630 0.337 0.689 0.821
2025/05/24 17:15:44 - mmengine - INFO - Epoch(val) [250][781/781]    coco/Car_precision: 0.6890  coco/Truck_precision: 0.6440  coco/People_precision: 0.5140  coco/Bus_precision: 0.7250  coco/Lamp_precision: 0.4590  coco/Motorcycle_precision: 0.4400  coco/bbox_mAP: 0.5790  coco/bbox_mAP_50: 0.8530  coco/bbox_mAP_75: 0.6300  coco/bbox_mAP_s: 0.3370  coco/bbox_mAP_m: 0.6890  coco/bbox_mAP_l: 0.8210  data_time: 0.0005  time: 0.0860
2025/05/24 17:17:04 - mmengine - INFO - Epoch(train) [251][ 50/420]  base_lr: 1.0000e-02 lr: 3.8372e-03  eta: 1 day, 3:12:43  time: 1.5881  data_time: 0.0466  memory: 10432  grad_norm: 21.3173  loss: 17.9508  loss_cls: 3.6912  loss_bbox: 6.7248  loss_dfl: 7.5348
2025/05/24 17:18:21 - mmengine - INFO - Epoch(train) [251][100/420]  base_lr: 1.0000e-02 lr: 3.8372e-03  eta: 1 day, 3:11:25  time: 1.5493  data_time: 0.0075  memory: 10426  grad_norm: 22.7952  loss: 18.0937  loss_cls: 3.6400  loss_bbox: 6.8980  loss_dfl: 7.5557
2025/05/24 17:19:39 - mmengine - INFO - Epoch(train) [251][150/420]  base_lr: 1.0000e-02 lr: 3.8372e-03  eta: 1 day, 3:10:06  time: 1.5501  data_time: 0.0075  memory: 10405  grad_norm: 22.1605  loss: 18.1237  loss_cls: 3.7475  loss_bbox: 6.8601  loss_dfl: 7.5160
2025/05/24 17:20:56 - mmengine - INFO - Epoch(train) [251][200/420]  base_lr: 1.0000e-02 lr: 3.8372e-03  eta: 1 day, 3:08:47  time: 1.5492  data_time: 0.0074  memory: 10421  grad_norm: 22.6687  loss: 18.2631  loss_cls: 3.7494  loss_bbox: 6.9647  loss_dfl: 7.5490
2025/05/24 17:22:14 - mmengine - INFO - Epoch(train) [251][250/420]  base_lr: 1.0000e-02 lr: 3.8372e-03  eta: 1 day, 3:07:28  time: 1.5499  data_time: 0.0074  memory: 10496  grad_norm: 22.6347  loss: 18.4812  loss_cls: 3.8071  loss_bbox: 7.0322  loss_dfl: 7.6419
2025/05/24 17:23:31 - mmengine - INFO - Epoch(train) [251][300/420]  base_lr: 1.0000e-02 lr: 3.8372e-03  eta: 1 day, 3:06:09  time: 1.5492  data_time: 0.0074  memory: 10421  grad_norm: 22.1750  loss: 18.2600  loss_cls: 3.7677  loss_bbox: 6.8930  loss_dfl: 7.5994
2025/05/24 17:24:49 - mmengine - INFO - Epoch(train) [251][350/420]  base_lr: 1.0000e-02 lr: 3.8372e-03  eta: 1 day, 3:04:51  time: 1.5513  data_time: 0.0075  memory: 10405  grad_norm: 22.5689  loss: 18.2459  loss_cls: 3.7511  loss_bbox: 6.9858  loss_dfl: 7.5090
2025/05/24 17:26:06 - mmengine - INFO - Epoch(train) [251][400/420]  base_lr: 1.0000e-02 lr: 3.8372e-03  eta: 1 day, 3:03:32  time: 1.5509  data_time: 0.0074  memory: 10357  grad_norm: 24.1702  loss: 18.4786  loss_cls: 3.8507  loss_bbox: 7.0528  loss_dfl: 7.5751
2025/05/24 17:26:37 - mmengine - INFO - Exp name: yolov8_mambatransformer_enhance_20250524_070703
2025/05/24 17:26:37 - mmengine - INFO - Saving checkpoint at 251 epochs
2025/05/24 17:26:46 - mmengine - INFO - Epoch(val) [251][ 50/781]    eta: 0:01:08  time: 0.0942  data_time: 0.0022  memory: 10346  
2025/05/24 17:26:49 - mmengine - INFO - Epoch(val) [251][100/781]    eta: 0:00:58  time: 0.0773  data_time: 0.0004  memory: 1000  
2025/05/24 17:26:53 - mmengine - INFO - Epoch(val) [251][150/781]    eta: 0:00:51  time: 0.0738  data_time: 0.0004  memory: 1000  
2025/05/24 17:26:57 - mmengine - INFO - Epoch(val) [251][200/781]    eta: 0:00:46  time: 0.0742  data_time: 0.0004  memory: 1000  
2025/05/24 17:27:01 - mmengine - INFO - Epoch(val) [251][250/781]    eta: 0:00:43  time: 0.0859  data_time: 0.0004  memory: 1000  
2025/05/24 17:27:07 - mmengine - INFO - Epoch(val) [251][300/781]    eta: 0:00:41  time: 0.1160  data_time: 0.0014  memory: 1000  
2025/05/24 17:27:13 - mmengine - INFO - Epoch(val) [251][350/781]    eta: 0:00:39  time: 0.1134  data_time: 0.0006  memory: 1000  
2025/05/24 17:27:18 - mmengine - INFO - Epoch(val) [251][400/781]    eta: 0:00:35  time: 0.1109  data_time: 0.0005  memory: 1000  
2025/05/24 17:27:25 - mmengine - INFO - Epoch(val) [251][450/781]    eta: 0:00:32  time: 0.1293  data_time: 0.0062  memory: 1000  
2025/05/24 17:27:31 - mmengine - INFO - Epoch(val) [251][500/781]    eta: 0:00:27  time: 0.1144  data_time: 0.0006  memory: 1000  
2025/05/24 17:27:37 - mmengine - INFO - Epoch(val) [251][550/781]    eta: 0:00:23  time: 0.1194  data_time: 0.0031  memory: 1000  
2025/05/24 17:27:42 - mmengine - INFO - Epoch(val) [251][600/781]    eta: 0:00:18  time: 0.1078  data_time: 0.0004  memory: 1000  
2025/05/24 17:27:48 - mmengine - INFO - Epoch(val) [251][650/781]    eta: 0:00:13  time: 0.1136  data_time: 0.0013  memory: 1000  
2025/05/24 17:27:54 - mmengine - INFO - Epoch(val) [251][700/781]    eta: 0:00:08  time: 0.1155  data_time: 0.0017  memory: 1000  
2025/05/24 17:27:59 - mmengine - INFO - Epoch(val) [251][750/781]    eta: 0:00:03  time: 0.1104  data_time: 0.0016  memory: 1000  
2025/05/24 17:28:03 - mmengine - INFO - Evaluating bbox...
2025/05/24 17:28:08 - mmengine - INFO - 
+------------+-------+--------+--------+-------+-------+-------+
| category   | mAP   | mAP_50 | mAP_75 | mAP_s | mAP_m | mAP_l |
+------------+-------+--------+--------+-------+-------+-------+
| Car        | 0.689 | 0.925  | 0.762  | 0.416 | 0.719 | 0.886 |
| Truck      | 0.644 | 0.893  | 0.734  | 0.356 | 0.652 | 0.83  |
| People     | 0.514 | 0.854  | 0.541  | 0.349 | 0.703 | 0.75  |
| Bus        | 0.726 | 0.914  | 0.796  | 0.401 | 0.695 | 0.835 |
| Lamp       | 0.459 | 0.808  | 0.47   | 0.411 | 0.71  | nan   |
| Motorcycle | 0.444 | 0.727  | 0.474  | 0.095 | 0.659 | 0.81  |
+------------+-------+--------+--------+-------+-------+-------+
2025/05/24 17:28:08 - mmengine - INFO - bbox_mAP_copypaste: 0.579 0.853 0.629 0.338 0.690 0.822
2025/05/24 17:28:08 - mmengine - INFO - Epoch(val) [251][781/781]    coco/Car_precision: 0.6890  coco/Truck_precision: 0.6440  coco/People_precision: 0.5140  coco/Bus_precision: 0.7260  coco/Lamp_precision: 0.4590  coco/Motorcycle_precision: 0.4440  coco/bbox_mAP: 0.5790  coco/bbox_mAP_50: 0.8530  coco/bbox_mAP_75: 0.6290  coco/bbox_mAP_s: 0.3380  coco/bbox_mAP_m: 0.6900  coco/bbox_mAP_l: 0.8220  data_time: 0.0014  time: 0.1040
2025/05/24 17:29:28 - mmengine - INFO - Epoch(train) [252][ 50/420]  base_lr: 1.0000e-02 lr: 3.8125e-03  eta: 1 day, 3:01:48  time: 1.5940  data_time: 0.0469  memory: 10469  grad_norm: 22.0742  loss: 18.1020  loss_cls: 3.7270  loss_bbox: 6.8911  loss_dfl: 7.4839
2025/05/24 17:30:45 - mmengine - INFO - Epoch(train) [252][100/420]  base_lr: 1.0000e-02 lr: 3.8125e-03  eta: 1 day, 3:00:29  time: 1.5488  data_time: 0.0075  memory: 10501  grad_norm: 21.5785  loss: 18.3009  loss_cls: 3.7798  loss_bbox: 6.9722  loss_dfl: 7.5489
2025/05/24 17:32:03 - mmengine - INFO - Epoch(train) [252][150/420]  base_lr: 1.0000e-02 lr: 3.8125e-03  eta: 1 day, 2:59:11  time: 1.5494  data_time: 0.0075  memory: 10458  grad_norm: 21.4450  loss: 17.9561  loss_cls: 3.6663  loss_bbox: 6.7560  loss_dfl: 7.5338
2025/05/24 17:33:20 - mmengine - INFO - Epoch(train) [252][200/420]  base_lr: 1.0000e-02 lr: 3.8125e-03  eta: 1 day, 2:57:52  time: 1.5495  data_time: 0.0074  memory: 10378  grad_norm: 22.7029  loss: 18.1022  loss_cls: 3.7374  loss_bbox: 6.8285  loss_dfl: 7.5362
2025/05/24 17:34:38 - mmengine - INFO - Epoch(train) [252][250/420]  base_lr: 1.0000e-02 lr: 3.8125e-03  eta: 1 day, 2:56:33  time: 1.5482  data_time: 0.0075  memory: 10517  grad_norm: 22.1137  loss: 17.9267  loss_cls: 3.6645  loss_bbox: 6.7262  loss_dfl: 7.5359
2025/05/24 17:35:55 - mmengine - INFO - Epoch(train) [252][300/420]  base_lr: 1.0000e-02 lr: 3.8125e-03  eta: 1 day, 2:55:14  time: 1.5480  data_time: 0.0074  memory: 10453  grad_norm: 23.1220  loss: 18.5010  loss_cls: 3.7643  loss_bbox: 7.1267  loss_dfl: 7.6100
2025/05/24 17:37:12 - mmengine - INFO - Epoch(train) [252][350/420]  base_lr: 1.0000e-02 lr: 3.8125e-03  eta: 1 day, 2:53:55  time: 1.5485  data_time: 0.0075  memory: 10411  grad_norm: 23.2302  loss: 18.3185  loss_cls: 3.7816  loss_bbox: 6.9489  loss_dfl: 7.5881
2025/05/24 17:38:30 - mmengine - INFO - Epoch(train) [252][400/420]  base_lr: 1.0000e-02 lr: 3.8125e-03  eta: 1 day, 2:52:36  time: 1.5480  data_time: 0.0074  memory: 10506  grad_norm: 21.9816  loss: 18.1668  loss_cls: 3.7703  loss_bbox: 6.9195  loss_dfl: 7.4770
2025/05/24 17:39:01 - mmengine - INFO - Exp name: yolov8_mambatransformer_enhance_20250524_070703
2025/05/24 17:39:01 - mmengine - INFO - Saving checkpoint at 252 epochs
2025/05/24 17:39:09 - mmengine - INFO - Epoch(val) [252][ 50/781]    eta: 0:01:08  time: 0.0938  data_time: 0.0023  memory: 10373  
2025/05/24 17:39:14 - mmengine - INFO - Epoch(val) [252][100/781]    eta: 0:01:03  time: 0.0916  data_time: 0.0004  memory: 1000  
2025/05/24 17:39:18 - mmengine - INFO - Epoch(val) [252][150/781]    eta: 0:00:58  time: 0.0916  data_time: 0.0004  memory: 1000  
2025/05/24 17:39:23 - mmengine - INFO - Epoch(val) [252][200/781]    eta: 0:00:53  time: 0.0915  data_time: 0.0004  memory: 1000  
2025/05/24 17:39:27 - mmengine - INFO - Epoch(val) [252][250/781]    eta: 0:00:48  time: 0.0913  data_time: 0.0004  memory: 1000  
2025/05/24 17:39:32 - mmengine - INFO - Epoch(val) [252][300/781]    eta: 0:00:44  time: 0.0912  data_time: 0.0004  memory: 1000  
2025/05/24 17:39:37 - mmengine - INFO - Epoch(val) [252][350/781]    eta: 0:00:39  time: 0.0911  data_time: 0.0004  memory: 1000  
2025/05/24 17:39:41 - mmengine - INFO - Epoch(val) [252][400/781]    eta: 0:00:34  time: 0.0913  data_time: 0.0004  memory: 1000  
2025/05/24 17:39:46 - mmengine - INFO - Epoch(val) [252][450/781]    eta: 0:00:30  time: 0.0915  data_time: 0.0004  memory: 1000  
2025/05/24 17:39:50 - mmengine - INFO - Epoch(val) [252][500/781]    eta: 0:00:25  time: 0.0913  data_time: 0.0004  memory: 1000  
2025/05/24 17:39:55 - mmengine - INFO - Epoch(val) [252][550/781]    eta: 0:00:21  time: 0.0914  data_time: 0.0004  memory: 1000  
2025/05/24 17:40:00 - mmengine - INFO - Epoch(val) [252][600/781]    eta: 0:00:16  time: 0.0913  data_time: 0.0004  memory: 1000  
2025/05/24 17:40:04 - mmengine - INFO - Epoch(val) [252][650/781]    eta: 0:00:11  time: 0.0913  data_time: 0.0004  memory: 1000  
2025/05/24 17:40:09 - mmengine - INFO - Epoch(val) [252][700/781]    eta: 0:00:07  time: 0.0912  data_time: 0.0004  memory: 1000  
2025/05/24 17:40:13 - mmengine - INFO - Epoch(val) [252][750/781]    eta: 0:00:02  time: 0.0912  data_time: 0.0004  memory: 1000  
2025/05/24 17:40:17 - mmengine - INFO - Evaluating bbox...
2025/05/24 17:40:21 - mmengine - INFO - 
+------------+-------+--------+--------+-------+-------+-------+
| category   | mAP   | mAP_50 | mAP_75 | mAP_s | mAP_m | mAP_l |
+------------+-------+--------+--------+-------+-------+-------+
| Car        | 0.69  | 0.925  | 0.763  | 0.417 | 0.721 | 0.885 |
| Truck      | 0.646 | 0.893  | 0.734  | 0.36  | 0.653 | 0.832 |
| People     | 0.515 | 0.854  | 0.54   | 0.349 | 0.703 | 0.748 |
| Bus        | 0.728 | 0.914  | 0.809  | 0.404 | 0.697 | 0.836 |
| Lamp       | 0.459 | 0.804  | 0.476  | 0.411 | 0.71  | nan   |
| Motorcycle | 0.441 | 0.728  | 0.471  | 0.095 | 0.655 | 0.799 |
+------------+-------+--------+--------+-------+-------+-------+
2025/05/24 17:40:21 - mmengine - INFO - bbox_mAP_copypaste: 0.580 0.853 0.632 0.339 0.690 0.820
2025/05/24 17:40:21 - mmengine - INFO - Epoch(val) [252][781/781]    coco/Car_precision: 0.6900  coco/Truck_precision: 0.6460  coco/People_precision: 0.5150  coco/Bus_precision: 0.7280  coco/Lamp_precision: 0.4590  coco/Motorcycle_precision: 0.4410  coco/bbox_mAP: 0.5800  coco/bbox_mAP_50: 0.8530  coco/bbox_mAP_75: 0.6320  coco/bbox_mAP_s: 0.3390  coco/bbox_mAP_m: 0.6900  coco/bbox_mAP_l: 0.8200  data_time: 0.0005  time: 0.0915
2025/05/24 17:41:41 - mmengine - INFO - Epoch(train) [253][ 50/420]  base_lr: 1.0000e-02 lr: 3.7878e-03  eta: 1 day, 2:50:53  time: 1.5977  data_time: 0.0468  memory: 10485  grad_norm: 22.4248  loss: 18.1984  loss_cls: 3.7063  loss_bbox: 6.8739  loss_dfl: 7.6181
2025/05/24 17:42:59 - mmengine - INFO - Epoch(train) [253][100/420]  base_lr: 1.0000e-02 lr: 3.7878e-03  eta: 1 day, 2:49:35  time: 1.5565  data_time: 0.0081  memory: 10432  grad_norm: 20.4608  loss: 17.7601  loss_cls: 3.5970  loss_bbox: 6.7036  loss_dfl: 7.4596
2025/05/24 17:44:16 - mmengine - INFO - Epoch(train) [253][150/420]  base_lr: 1.0000e-02 lr: 3.7878e-03  eta: 1 day, 2:48:16  time: 1.5487  data_time: 0.0075  memory: 10421  grad_norm: 21.6704  loss: 18.2539  loss_cls: 3.7222  loss_bbox: 7.0034  loss_dfl: 7.5284
2025/05/24 17:44:32 - mmengine - INFO - Exp name: yolov8_mambatransformer_enhance_20250524_070703
2025/05/24 17:45:34 - mmengine - INFO - Epoch(train) [253][200/420]  base_lr: 1.0000e-02 lr: 3.7878e-03  eta: 1 day, 2:46:57  time: 1.5491  data_time: 0.0075  memory: 10603  grad_norm: 21.9431  loss: 18.1264  loss_cls: 3.7650  loss_bbox: 6.9364  loss_dfl: 7.4250
2025/05/24 17:46:51 - mmengine - INFO - Epoch(train) [253][250/420]  base_lr: 1.0000e-02 lr: 3.7878e-03  eta: 1 day, 2:45:38  time: 1.5487  data_time: 0.0074  memory: 10416  grad_norm: 22.7060  loss: 18.3206  loss_cls: 3.7483  loss_bbox: 6.9973  loss_dfl: 7.5750
2025/05/24 17:48:09 - mmengine - INFO - Epoch(train) [253][300/420]  base_lr: 1.0000e-02 lr: 3.7878e-03  eta: 1 day, 2:44:20  time: 1.5505  data_time: 0.0075  memory: 10464  grad_norm: 21.2551  loss: 17.8992  loss_cls: 3.6370  loss_bbox: 6.7939  loss_dfl: 7.4683
2025/05/24 17:49:26 - mmengine - INFO - Epoch(train) [253][350/420]  base_lr: 1.0000e-02 lr: 3.7878e-03  eta: 1 day, 2:43:01  time: 1.5502  data_time: 0.0074  memory: 10400  grad_norm: 22.6369  loss: 18.1480  loss_cls: 3.7532  loss_bbox: 6.9050  loss_dfl: 7.4898
2025/05/24 17:50:44 - mmengine - INFO - Epoch(train) [253][400/420]  base_lr: 1.0000e-02 lr: 3.7878e-03  eta: 1 day, 2:41:42  time: 1.5492  data_time: 0.0075  memory: 10400  grad_norm: 22.4960  loss: 18.0209  loss_cls: 3.6612  loss_bbox: 6.7753  loss_dfl: 7.5843
2025/05/24 17:51:15 - mmengine - INFO - Exp name: yolov8_mambatransformer_enhance_20250524_070703
2025/05/24 17:51:15 - mmengine - INFO - Saving checkpoint at 253 epochs
2025/05/24 17:51:23 - mmengine - INFO - Epoch(val) [253][ 50/781]    eta: 0:01:03  time: 0.0874  data_time: 0.0022  memory: 10400  
2025/05/24 17:51:27 - mmengine - INFO - Epoch(val) [253][100/781]    eta: 0:00:59  time: 0.0859  data_time: 0.0004  memory: 1000  
2025/05/24 17:51:31 - mmengine - INFO - Epoch(val) [253][150/781]    eta: 0:00:54  time: 0.0860  data_time: 0.0004  memory: 1000  
2025/05/24 17:51:36 - mmengine - INFO - Epoch(val) [253][200/781]    eta: 0:00:50  time: 0.0856  data_time: 0.0004  memory: 1000  
2025/05/24 17:51:40 - mmengine - INFO - Epoch(val) [253][250/781]    eta: 0:00:45  time: 0.0858  data_time: 0.0004  memory: 1000  
2025/05/24 17:51:44 - mmengine - INFO - Epoch(val) [253][300/781]    eta: 0:00:41  time: 0.0857  data_time: 0.0004  memory: 1000  
2025/05/24 17:51:49 - mmengine - INFO - Epoch(val) [253][350/781]    eta: 0:00:37  time: 0.0854  data_time: 0.0004  memory: 1000  
2025/05/24 17:51:53 - mmengine - INFO - Epoch(val) [253][400/781]    eta: 0:00:32  time: 0.0855  data_time: 0.0004  memory: 1000  
2025/05/24 17:51:57 - mmengine - INFO - Epoch(val) [253][450/781]    eta: 0:00:28  time: 0.0859  data_time: 0.0004  memory: 1000  
2025/05/24 17:52:01 - mmengine - INFO - Epoch(val) [253][500/781]    eta: 0:00:23  time: 0.0757  data_time: 0.0004  memory: 1000  
2025/05/24 17:52:05 - mmengine - INFO - Epoch(val) [253][550/781]    eta: 0:00:19  time: 0.0738  data_time: 0.0004  memory: 1000  
2025/05/24 17:52:08 - mmengine - INFO - Epoch(val) [253][600/781]    eta: 0:00:15  time: 0.0737  data_time: 0.0004  memory: 1000  
2025/05/24 17:52:12 - mmengine - INFO - Epoch(val) [253][650/781]    eta: 0:00:10  time: 0.0737  data_time: 0.0004  memory: 1000  
2025/05/24 17:52:16 - mmengine - INFO - Epoch(val) [253][700/781]    eta: 0:00:06  time: 0.0737  data_time: 0.0004  memory: 1000  
2025/05/24 17:52:20 - mmengine - INFO - Epoch(val) [253][750/781]    eta: 0:00:02  time: 0.0745  data_time: 0.0004  memory: 1000  
2025/05/24 17:52:22 - mmengine - INFO - Evaluating bbox...
2025/05/24 17:52:26 - mmengine - INFO - 
+------------+-------+--------+--------+-------+-------+-------+
| category   | mAP   | mAP_50 | mAP_75 | mAP_s | mAP_m | mAP_l |
+------------+-------+--------+--------+-------+-------+-------+
| Car        | 0.69  | 0.925  | 0.763  | 0.417 | 0.72  | 0.886 |
| Truck      | 0.647 | 0.893  | 0.733  | 0.36  | 0.655 | 0.829 |
| People     | 0.515 | 0.854  | 0.542  | 0.35  | 0.704 | 0.751 |
| Bus        | 0.727 | 0.912  | 0.804  | 0.4   | 0.697 | 0.836 |
| Lamp       | 0.457 | 0.804  | 0.47   | 0.41  | 0.707 | nan   |
| Motorcycle | 0.445 | 0.728  | 0.485  | 0.098 | 0.66  | 0.799 |
+------------+-------+--------+--------+-------+-------+-------+
2025/05/24 17:52:26 - mmengine - INFO - bbox_mAP_copypaste: 0.580 0.853 0.633 0.339 0.690 0.820
2025/05/24 17:52:26 - mmengine - INFO - Epoch(val) [253][781/781]    coco/Car_precision: 0.6900  coco/Truck_precision: 0.6470  coco/People_precision: 0.5150  coco/Bus_precision: 0.7270  coco/Lamp_precision: 0.4570  coco/Motorcycle_precision: 0.4450  coco/bbox_mAP: 0.5800  coco/bbox_mAP_50: 0.8530  coco/bbox_mAP_75: 0.6330  coco/bbox_mAP_s: 0.3390  coco/bbox_mAP_m: 0.6900  coco/bbox_mAP_l: 0.8200  data_time: 0.0005  time: 0.0809
2025/05/24 17:53:46 - mmengine - INFO - Epoch(train) [254][ 50/420]  base_lr: 1.0000e-02 lr: 3.7630e-03  eta: 1 day, 2:39:57  time: 1.5883  data_time: 0.0461  memory: 10442  grad_norm: 22.9452  loss: 18.2464  loss_cls: 3.7175  loss_bbox: 6.8811  loss_dfl: 7.6479
2025/05/24 17:55:04 - mmengine - INFO - Epoch(train) [254][100/420]  base_lr: 1.0000e-02 lr: 3.7630e-03  eta: 1 day, 2:38:39  time: 1.5548  data_time: 0.0082  memory: 10357  grad_norm: 22.9826  loss: 18.1234  loss_cls: 3.7467  loss_bbox: 6.8308  loss_dfl: 7.5458
2025/05/24 17:56:22 - mmengine - INFO - Epoch(train) [254][150/420]  base_lr: 1.0000e-02 lr: 3.7630e-03  eta: 1 day, 2:37:23  time: 1.5674  data_time: 0.0086  memory: 10416  grad_norm: 22.2207  loss: 18.1040  loss_cls: 3.7092  loss_bbox: 6.8814  loss_dfl: 7.5134
2025/05/24 17:57:40 - mmengine - INFO - Epoch(train) [254][200/420]  base_lr: 1.0000e-02 lr: 3.7630e-03  eta: 1 day, 2:36:04  time: 1.5498  data_time: 0.0076  memory: 10442  grad_norm: 22.8025  loss: 18.0831  loss_cls: 3.7396  loss_bbox: 6.8145  loss_dfl: 7.5290
2025/05/24 17:58:57 - mmengine - INFO - Epoch(train) [254][250/420]  base_lr: 1.0000e-02 lr: 3.7630e-03  eta: 1 day, 2:34:46  time: 1.5483  data_time: 0.0075  memory: 10421  grad_norm: 21.7955  loss: 18.1017  loss_cls: 3.7377  loss_bbox: 6.8008  loss_dfl: 7.5632
2025/05/24 18:00:15 - mmengine - INFO - Epoch(train) [254][300/420]  base_lr: 1.0000e-02 lr: 3.7630e-03  eta: 1 day, 2:33:27  time: 1.5494  data_time: 0.0074  memory: 10485  grad_norm: 22.0025  loss: 18.1197  loss_cls: 3.7168  loss_bbox: 6.8600  loss_dfl: 7.5429
2025/05/24 18:01:32 - mmengine - INFO - Epoch(train) [254][350/420]  base_lr: 1.0000e-02 lr: 3.7630e-03  eta: 1 day, 2:32:08  time: 1.5489  data_time: 0.0075  memory: 10432  grad_norm: 20.7361  loss: 18.1953  loss_cls: 3.7495  loss_bbox: 6.9449  loss_dfl: 7.5010
2025/05/24 18:02:49 - mmengine - INFO - Epoch(train) [254][400/420]  base_lr: 1.0000e-02 lr: 3.7630e-03  eta: 1 day, 2:30:49  time: 1.5483  data_time: 0.0074  memory: 10378  grad_norm: 22.6341  loss: 18.0797  loss_cls: 3.7048  loss_bbox: 6.8229  loss_dfl: 7.5521
2025/05/24 18:03:20 - mmengine - INFO - Exp name: yolov8_mambatransformer_enhance_20250524_070703
2025/05/24 18:03:20 - mmengine - INFO - Saving checkpoint at 254 epochs
2025/05/24 18:03:28 - mmengine - INFO - Epoch(val) [254][ 50/781]    eta: 0:01:06  time: 0.0905  data_time: 0.0022  memory: 10346  
2025/05/24 18:03:33 - mmengine - INFO - Epoch(val) [254][100/781]    eta: 0:01:01  time: 0.0914  data_time: 0.0004  memory: 1000  
2025/05/24 18:03:38 - mmengine - INFO - Epoch(val) [254][150/781]    eta: 0:00:57  time: 0.0917  data_time: 0.0004  memory: 1000  
2025/05/24 18:03:42 - mmengine - INFO - Epoch(val) [254][200/781]    eta: 0:00:53  time: 0.0913  data_time: 0.0004  memory: 1000  
2025/05/24 18:03:47 - mmengine - INFO - Epoch(val) [254][250/781]    eta: 0:00:48  time: 0.0909  data_time: 0.0004  memory: 1000  
2025/05/24 18:03:51 - mmengine - INFO - Epoch(val) [254][300/781]    eta: 0:00:43  time: 0.0909  data_time: 0.0004  memory: 1000  
2025/05/24 18:03:55 - mmengine - INFO - Epoch(val) [254][350/781]    eta: 0:00:38  time: 0.0815  data_time: 0.0004  memory: 1000  
2025/05/24 18:03:59 - mmengine - INFO - Epoch(val) [254][400/781]    eta: 0:00:33  time: 0.0742  data_time: 0.0004  memory: 1000  
2025/05/24 18:04:03 - mmengine - INFO - Epoch(val) [254][450/781]    eta: 0:00:28  time: 0.0742  data_time: 0.0004  memory: 1000  
2025/05/24 18:04:07 - mmengine - INFO - Epoch(val) [254][500/781]    eta: 0:00:23  time: 0.0732  data_time: 0.0004  memory: 1000  
2025/05/24 18:04:10 - mmengine - INFO - Epoch(val) [254][550/781]    eta: 0:00:19  time: 0.0732  data_time: 0.0004  memory: 1000  
2025/05/24 18:04:14 - mmengine - INFO - Epoch(val) [254][600/781]    eta: 0:00:15  time: 0.0732  data_time: 0.0004  memory: 1000  
2025/05/24 18:04:18 - mmengine - INFO - Epoch(val) [254][650/781]    eta: 0:00:10  time: 0.0733  data_time: 0.0004  memory: 1000  
2025/05/24 18:04:21 - mmengine - INFO - Epoch(val) [254][700/781]    eta: 0:00:06  time: 0.0731  data_time: 0.0004  memory: 1000  
2025/05/24 18:04:25 - mmengine - INFO - Epoch(val) [254][750/781]    eta: 0:00:02  time: 0.0730  data_time: 0.0004  memory: 1000  
2025/05/24 18:04:28 - mmengine - INFO - Evaluating bbox...
2025/05/24 18:04:32 - mmengine - INFO - 
+------------+-------+--------+--------+-------+-------+-------+
| category   | mAP   | mAP_50 | mAP_75 | mAP_s | mAP_m | mAP_l |
+------------+-------+--------+--------+-------+-------+-------+
| Car        | 0.69  | 0.925  | 0.764  | 0.417 | 0.72  | 0.886 |
| Truck      | 0.648 | 0.893  | 0.725  | 0.363 | 0.655 | 0.835 |
| People     | 0.516 | 0.854  | 0.542  | 0.35  | 0.703 | 0.754 |
| Bus        | 0.726 | 0.912  | 0.804  | 0.4   | 0.688 | 0.837 |
| Lamp       | 0.457 | 0.805  | 0.467  | 0.41  | 0.704 | nan   |
| Motorcycle | 0.444 | 0.726  | 0.484  | 0.098 | 0.659 | 0.799 |
+------------+-------+--------+--------+-------+-------+-------+
2025/05/24 18:04:32 - mmengine - INFO - bbox_mAP_copypaste: 0.580 0.853 0.631 0.340 0.688 0.822
2025/05/24 18:04:32 - mmengine - INFO - Epoch(val) [254][781/781]    coco/Car_precision: 0.6900  coco/Truck_precision: 0.6480  coco/People_precision: 0.5160  coco/Bus_precision: 0.7260  coco/Lamp_precision: 0.4570  coco/Motorcycle_precision: 0.4440  coco/bbox_mAP: 0.5800  coco/bbox_mAP_50: 0.8530  coco/bbox_mAP_75: 0.6310  coco/bbox_mAP_s: 0.3400  coco/bbox_mAP_m: 0.6880  coco/bbox_mAP_l: 0.8220  data_time: 0.0005  time: 0.0807
2025/05/24 18:05:52 - mmengine - INFO - Epoch(train) [255][ 50/420]  base_lr: 1.0000e-02 lr: 3.7383e-03  eta: 1 day, 2:29:04  time: 1.5905  data_time: 0.0483  memory: 10411  grad_norm: 21.8377  loss: 17.9052  loss_cls: 3.6328  loss_bbox: 6.7755  loss_dfl: 7.4970
2025/05/24 18:07:09 - mmengine - INFO - Epoch(train) [255][100/420]  base_lr: 1.0000e-02 lr: 3.7383e-03  eta: 1 day, 2:27:45  time: 1.5489  data_time: 0.0075  memory: 10384  grad_norm: 21.8236  loss: 17.9852  loss_cls: 3.6662  loss_bbox: 6.7985  loss_dfl: 7.5205
2025/05/24 18:08:27 - mmengine - INFO - Epoch(train) [255][150/420]  base_lr: 1.0000e-02 lr: 3.7383e-03  eta: 1 day, 2:26:27  time: 1.5490  data_time: 0.0077  memory: 10426  grad_norm: 22.0368  loss: 18.2808  loss_cls: 3.7658  loss_bbox: 7.0203  loss_dfl: 7.4947
2025/05/24 18:09:45 - mmengine - INFO - Epoch(train) [255][200/420]  base_lr: 1.0000e-02 lr: 3.7383e-03  eta: 1 day, 2:25:10  time: 1.5661  data_time: 0.0089  memory: 10426  grad_norm: 22.2568  loss: 18.2697  loss_cls: 3.7809  loss_bbox: 6.9454  loss_dfl: 7.5434
2025/05/24 18:11:03 - mmengine - INFO - Epoch(train) [255][250/420]  base_lr: 1.0000e-02 lr: 3.7383e-03  eta: 1 day, 2:23:52  time: 1.5520  data_time: 0.0079  memory: 10485  grad_norm: 22.2870  loss: 18.0987  loss_cls: 3.7602  loss_bbox: 6.8542  loss_dfl: 7.4843
2025/05/24 18:12:20 - mmengine - INFO - Epoch(train) [255][300/420]  base_lr: 1.0000e-02 lr: 3.7383e-03  eta: 1 day, 2:22:33  time: 1.5485  data_time: 0.0075  memory: 10357  grad_norm: 22.1929  loss: 17.7515  loss_cls: 3.5749  loss_bbox: 6.6652  loss_dfl: 7.5114
2025/05/24 18:12:51 - mmengine - INFO - Exp name: yolov8_mambatransformer_enhance_20250524_070703
2025/05/24 18:13:38 - mmengine - INFO - Epoch(train) [255][350/420]  base_lr: 1.0000e-02 lr: 3.7383e-03  eta: 1 day, 2:21:14  time: 1.5492  data_time: 0.0075  memory: 10362  grad_norm: 22.2832  loss: 18.1408  loss_cls: 3.6904  loss_bbox: 6.9198  loss_dfl: 7.5306
2025/05/24 18:14:55 - mmengine - INFO - Epoch(train) [255][400/420]  base_lr: 1.0000e-02 lr: 3.7383e-03  eta: 1 day, 2:19:56  time: 1.5481  data_time: 0.0074  memory: 10458  grad_norm: 22.4880  loss: 18.3414  loss_cls: 3.7680  loss_bbox: 6.9863  loss_dfl: 7.5870
2025/05/24 18:15:26 - mmengine - INFO - Exp name: yolov8_mambatransformer_enhance_20250524_070703
2025/05/24 18:15:26 - mmengine - INFO - Saving checkpoint at 255 epochs
2025/05/24 18:15:34 - mmengine - INFO - Epoch(val) [255][ 50/781]    eta: 0:00:58  time: 0.0799  data_time: 0.0022  memory: 10469  
2025/05/24 18:15:37 - mmengine - INFO - Epoch(val) [255][100/781]    eta: 0:00:53  time: 0.0762  data_time: 0.0004  memory: 1000  
2025/05/24 18:15:42 - mmengine - INFO - Epoch(val) [255][150/781]    eta: 0:00:52  time: 0.0915  data_time: 0.0004  memory: 1000  
2025/05/24 18:15:47 - mmengine - INFO - Epoch(val) [255][200/781]    eta: 0:00:49  time: 0.0914  data_time: 0.0004  memory: 1000  
2025/05/24 18:15:51 - mmengine - INFO - Epoch(val) [255][250/781]    eta: 0:00:45  time: 0.0915  data_time: 0.0004  memory: 1000  
2025/05/24 18:15:56 - mmengine - INFO - Epoch(val) [255][300/781]    eta: 0:00:41  time: 0.0911  data_time: 0.0004  memory: 1000  
2025/05/24 18:16:00 - mmengine - INFO - Epoch(val) [255][350/781]    eta: 0:00:37  time: 0.0914  data_time: 0.0004  memory: 1000  
2025/05/24 18:16:05 - mmengine - INFO - Epoch(val) [255][400/781]    eta: 0:00:33  time: 0.0911  data_time: 0.0004  memory: 1000  
2025/05/24 18:16:10 - mmengine - INFO - Epoch(val) [255][450/781]    eta: 0:00:29  time: 0.0911  data_time: 0.0004  memory: 1000  
2025/05/24 18:16:14 - mmengine - INFO - Epoch(val) [255][500/781]    eta: 0:00:24  time: 0.0910  data_time: 0.0004  memory: 1000  
2025/05/24 18:16:19 - mmengine - INFO - Epoch(val) [255][550/781]    eta: 0:00:20  time: 0.0909  data_time: 0.0004  memory: 1000  
2025/05/24 18:16:23 - mmengine - INFO - Epoch(val) [255][600/781]    eta: 0:00:16  time: 0.0908  data_time: 0.0005  memory: 1000  
2025/05/24 18:16:28 - mmengine - INFO - Epoch(val) [255][650/781]    eta: 0:00:11  time: 0.0909  data_time: 0.0004  memory: 1000  
2025/05/24 18:16:32 - mmengine - INFO - Epoch(val) [255][700/781]    eta: 0:00:07  time: 0.0907  data_time: 0.0004  memory: 1000  
2025/05/24 18:16:37 - mmengine - INFO - Epoch(val) [255][750/781]    eta: 0:00:02  time: 0.0908  data_time: 0.0004  memory: 1000  
2025/05/24 18:16:40 - mmengine - INFO - Evaluating bbox...
2025/05/24 18:16:44 - mmengine - INFO - 
+------------+-------+--------+--------+-------+-------+-------+
| category   | mAP   | mAP_50 | mAP_75 | mAP_s | mAP_m | mAP_l |
+------------+-------+--------+--------+-------+-------+-------+
| Car        | 0.69  | 0.924  | 0.765  | 0.417 | 0.721 | 0.887 |
| Truck      | 0.645 | 0.897  | 0.727  | 0.359 | 0.655 | 0.827 |
| People     | 0.516 | 0.854  | 0.541  | 0.351 | 0.704 | 0.755 |
| Bus        | 0.726 | 0.917  | 0.805  | 0.4   | 0.69  | 0.836 |
| Lamp       | 0.459 | 0.803  | 0.471  | 0.412 | 0.706 | nan   |
| Motorcycle | 0.444 | 0.726  | 0.484  | 0.098 | 0.657 | 0.799 |
+------------+-------+--------+--------+-------+-------+-------+
2025/05/24 18:16:44 - mmengine - INFO - bbox_mAP_copypaste: 0.580 0.854 0.632 0.339 0.689 0.821
2025/05/24 18:16:44 - mmengine - INFO - Epoch(val) [255][781/781]    coco/Car_precision: 0.6900  coco/Truck_precision: 0.6450  coco/People_precision: 0.5160  coco/Bus_precision: 0.7260  coco/Lamp_precision: 0.4590  coco/Motorcycle_precision: 0.4440  coco/bbox_mAP: 0.5800  coco/bbox_mAP_50: 0.8540  coco/bbox_mAP_75: 0.6320  coco/bbox_mAP_s: 0.3390  coco/bbox_mAP_m: 0.6890  coco/bbox_mAP_l: 0.8210  data_time: 0.0005  time: 0.0894
2025/05/24 18:18:04 - mmengine - INFO - Epoch(train) [256][ 50/420]  base_lr: 1.0000e-02 lr: 3.7135e-03  eta: 1 day, 2:18:10  time: 1.5879  data_time: 0.0454  memory: 10432  grad_norm: 21.0770  loss: 17.9256  loss_cls: 3.6254  loss_bbox: 6.8158  loss_dfl: 7.4844
2025/05/24 18:19:21 - mmengine - INFO - Epoch(train) [256][100/420]  base_lr: 1.0000e-02 lr: 3.7135e-03  eta: 1 day, 2:16:52  time: 1.5490  data_time: 0.0075  memory: 10437  grad_norm: 22.1974  loss: 18.1606  loss_cls: 3.7321  loss_bbox: 6.8916  loss_dfl: 7.5369
2025/05/24 18:20:39 - mmengine - INFO - Epoch(train) [256][150/420]  base_lr: 1.0000e-02 lr: 3.7135e-03  eta: 1 day, 2:15:33  time: 1.5534  data_time: 0.0075  memory: 10458  grad_norm: 22.2190  loss: 18.0689  loss_cls: 3.7134  loss_bbox: 6.8885  loss_dfl: 7.4670
2025/05/24 18:21:57 - mmengine - INFO - Epoch(train) [256][200/420]  base_lr: 1.0000e-02 lr: 3.7135e-03  eta: 1 day, 2:14:15  time: 1.5493  data_time: 0.0074  memory: 10437  grad_norm: 22.4499  loss: 18.2338  loss_cls: 3.7293  loss_bbox: 6.9537  loss_dfl: 7.5507
2025/05/24 18:23:15 - mmengine - INFO - Epoch(train) [256][250/420]  base_lr: 1.0000e-02 lr: 3.7135e-03  eta: 1 day, 2:12:58  time: 1.5607  data_time: 0.0083  memory: 10480  grad_norm: 23.2316  loss: 18.2830  loss_cls: 3.7995  loss_bbox: 6.9549  loss_dfl: 7.5286
2025/05/24 18:24:33 - mmengine - INFO - Epoch(train) [256][300/420]  base_lr: 1.0000e-02 lr: 3.7135e-03  eta: 1 day, 2:11:40  time: 1.5592  data_time: 0.0082  memory: 10432  grad_norm: 22.2502  loss: 17.9339  loss_cls: 3.6574  loss_bbox: 6.7942  loss_dfl: 7.4823
2025/05/24 18:25:50 - mmengine - INFO - Epoch(train) [256][350/420]  base_lr: 1.0000e-02 lr: 3.7135e-03  eta: 1 day, 2:10:22  time: 1.5518  data_time: 0.0074  memory: 10448  grad_norm: 22.8514  loss: 18.4329  loss_cls: 3.7843  loss_bbox: 7.0124  loss_dfl: 7.6362
2025/05/24 18:27:08 - mmengine - INFO - Epoch(train) [256][400/420]  base_lr: 1.0000e-02 lr: 3.7135e-03  eta: 1 day, 2:09:03  time: 1.5502  data_time: 0.0074  memory: 10400  grad_norm: 22.4661  loss: 17.9183  loss_cls: 3.6810  loss_bbox: 6.7618  loss_dfl: 7.4754
2025/05/24 18:27:39 - mmengine - INFO - Exp name: yolov8_mambatransformer_enhance_20250524_070703
2025/05/24 18:27:39 - mmengine - INFO - Saving checkpoint at 256 epochs
2025/05/24 18:27:47 - mmengine - INFO - Epoch(val) [256][ 50/781]    eta: 0:01:08  time: 0.0932  data_time: 0.0022  memory: 10512  
2025/05/24 18:27:51 - mmengine - INFO - Epoch(val) [256][100/781]    eta: 0:00:56  time: 0.0742  data_time: 0.0004  memory: 1000  
2025/05/24 18:27:54 - mmengine - INFO - Epoch(val) [256][150/781]    eta: 0:00:50  time: 0.0741  data_time: 0.0004  memory: 1000  
2025/05/24 18:27:59 - mmengine - INFO - Epoch(val) [256][200/781]    eta: 0:00:47  time: 0.0862  data_time: 0.0004  memory: 1000  
2025/05/24 18:28:03 - mmengine - INFO - Epoch(val) [256][250/781]    eta: 0:00:44  time: 0.0910  data_time: 0.0004  memory: 1000  
2025/05/24 18:28:08 - mmengine - INFO - Epoch(val) [256][300/781]    eta: 0:00:40  time: 0.0910  data_time: 0.0004  memory: 1000  
2025/05/24 18:28:12 - mmengine - INFO - Epoch(val) [256][350/781]    eta: 0:00:36  time: 0.0910  data_time: 0.0004  memory: 1000  
2025/05/24 18:28:17 - mmengine - INFO - Epoch(val) [256][400/781]    eta: 0:00:32  time: 0.0909  data_time: 0.0004  memory: 1000  
2025/05/24 18:28:22 - mmengine - INFO - Epoch(val) [256][450/781]    eta: 0:00:28  time: 0.0910  data_time: 0.0004  memory: 1000  
2025/05/24 18:28:26 - mmengine - INFO - Epoch(val) [256][500/781]    eta: 0:00:24  time: 0.0910  data_time: 0.0004  memory: 1000  
2025/05/24 18:28:31 - mmengine - INFO - Epoch(val) [256][550/781]    eta: 0:00:20  time: 0.0910  data_time: 0.0004  memory: 1000  
2025/05/24 18:28:35 - mmengine - INFO - Epoch(val) [256][600/781]    eta: 0:00:15  time: 0.0910  data_time: 0.0004  memory: 1000  
2025/05/24 18:28:40 - mmengine - INFO - Epoch(val) [256][650/781]    eta: 0:00:11  time: 0.0911  data_time: 0.0004  memory: 1000  
2025/05/24 18:28:44 - mmengine - INFO - Epoch(val) [256][700/781]    eta: 0:00:07  time: 0.0910  data_time: 0.0004  memory: 1000  
2025/05/24 18:28:49 - mmengine - INFO - Epoch(val) [256][750/781]    eta: 0:00:02  time: 0.0910  data_time: 0.0004  memory: 1000  
2025/05/24 18:28:52 - mmengine - INFO - Evaluating bbox...
2025/05/24 18:28:56 - mmengine - INFO - 
+------------+-------+--------+--------+-------+-------+-------+
| category   | mAP   | mAP_50 | mAP_75 | mAP_s | mAP_m | mAP_l |
+------------+-------+--------+--------+-------+-------+-------+
| Car        | 0.69  | 0.925  | 0.765  | 0.416 | 0.721 | 0.886 |
| Truck      | 0.647 | 0.897  | 0.729  | 0.359 | 0.656 | 0.836 |
| People     | 0.516 | 0.855  | 0.539  | 0.351 | 0.704 | 0.755 |
| Bus        | 0.723 | 0.916  | 0.805  | 0.399 | 0.684 | 0.835 |
| Lamp       | 0.46  | 0.802  | 0.476  | 0.413 | 0.708 | nan   |
| Motorcycle | 0.443 | 0.721  | 0.484  | 0.097 | 0.655 | 0.799 |
+------------+-------+--------+--------+-------+-------+-------+
2025/05/24 18:28:56 - mmengine - INFO - bbox_mAP_copypaste: 0.580 0.853 0.633 0.339 0.688 0.822
2025/05/24 18:28:56 - mmengine - INFO - Epoch(val) [256][781/781]    coco/Car_precision: 0.6900  coco/Truck_precision: 0.6470  coco/People_precision: 0.5160  coco/Bus_precision: 0.7230  coco/Lamp_precision: 0.4600  coco/Motorcycle_precision: 0.4430  coco/bbox_mAP: 0.5800  coco/bbox_mAP_50: 0.8530  coco/bbox_mAP_75: 0.6330  coco/bbox_mAP_s: 0.3390  coco/bbox_mAP_m: 0.6880  coco/bbox_mAP_l: 0.8220  data_time: 0.0005  time: 0.0887
2025/05/24 18:30:16 - mmengine - INFO - Epoch(train) [257][ 50/420]  base_lr: 1.0000e-02 lr: 3.6888e-03  eta: 1 day, 2:07:19  time: 1.5948  data_time: 0.0479  memory: 10394  grad_norm: 21.9496  loss: 17.9548  loss_cls: 3.6183  loss_bbox: 6.7969  loss_dfl: 7.5396
2025/05/24 18:31:34 - mmengine - INFO - Epoch(train) [257][100/420]  base_lr: 1.0000e-02 lr: 3.6888e-03  eta: 1 day, 2:06:00  time: 1.5493  data_time: 0.0075  memory: 10341  grad_norm: 22.1693  loss: 18.0806  loss_cls: 3.6994  loss_bbox: 6.8832  loss_dfl: 7.4980
2025/05/24 18:32:51 - mmengine - INFO - Epoch(train) [257][150/420]  base_lr: 1.0000e-02 lr: 3.6888e-03  eta: 1 day, 2:04:41  time: 1.5499  data_time: 0.0075  memory: 10400  grad_norm: 21.1929  loss: 18.0799  loss_cls: 3.6709  loss_bbox: 6.8424  loss_dfl: 7.5666
2025/05/24 18:34:09 - mmengine - INFO - Epoch(train) [257][200/420]  base_lr: 1.0000e-02 lr: 3.6888e-03  eta: 1 day, 2:03:23  time: 1.5494  data_time: 0.0075  memory: 10442  grad_norm: 21.9073  loss: 17.9950  loss_cls: 3.6680  loss_bbox: 6.7632  loss_dfl: 7.5637
2025/05/24 18:35:26 - mmengine - INFO - Epoch(train) [257][250/420]  base_lr: 1.0000e-02 lr: 3.6888e-03  eta: 1 day, 2:02:04  time: 1.5488  data_time: 0.0075  memory: 10384  grad_norm: 22.6413  loss: 18.0538  loss_cls: 3.6304  loss_bbox: 6.8695  loss_dfl: 7.5539
2025/05/24 18:36:44 - mmengine - INFO - Epoch(train) [257][300/420]  base_lr: 1.0000e-02 lr: 3.6888e-03  eta: 1 day, 2:00:46  time: 1.5523  data_time: 0.0078  memory: 10453  grad_norm: 22.5162  loss: 18.3639  loss_cls: 3.7908  loss_bbox: 6.9871  loss_dfl: 7.5860
2025/05/24 18:38:02 - mmengine - INFO - Epoch(train) [257][350/420]  base_lr: 1.0000e-02 lr: 3.6888e-03  eta: 1 day, 1:59:29  time: 1.5631  data_time: 0.0086  memory: 10400  grad_norm: 22.2319  loss: 18.2593  loss_cls: 3.7702  loss_bbox: 6.9480  loss_dfl: 7.5410
2025/05/24 18:39:20 - mmengine - INFO - Epoch(train) [257][400/420]  base_lr: 1.0000e-02 lr: 3.6888e-03  eta: 1 day, 1:58:11  time: 1.5593  data_time: 0.0075  memory: 10394  grad_norm: 22.0012  loss: 18.0354  loss_cls: 3.6564  loss_bbox: 6.8489  loss_dfl: 7.5301
2025/05/24 18:39:51 - mmengine - INFO - Exp name: yolov8_mambatransformer_enhance_20250524_070703
2025/05/24 18:39:51 - mmengine - INFO - Saving checkpoint at 257 epochs
2025/05/24 18:39:59 - mmengine - INFO - Epoch(val) [257][ 50/781]    eta: 0:01:02  time: 0.0856  data_time: 0.0022  memory: 10320  
2025/05/24 18:40:03 - mmengine - INFO - Epoch(val) [257][100/781]    eta: 0:00:58  time: 0.0857  data_time: 0.0004  memory: 1000  
2025/05/24 18:40:08 - mmengine - INFO - Epoch(val) [257][150/781]    eta: 0:00:55  time: 0.0913  data_time: 0.0004  memory: 1000  
2025/05/24 18:40:12 - mmengine - INFO - Epoch(val) [257][200/781]    eta: 0:00:51  time: 0.0915  data_time: 0.0004  memory: 1000  
2025/05/24 18:40:17 - mmengine - INFO - Epoch(val) [257][250/781]    eta: 0:00:47  time: 0.0913  data_time: 0.0004  memory: 1000  
2025/05/24 18:40:22 - mmengine - INFO - Epoch(val) [257][300/781]    eta: 0:00:43  time: 0.0910  data_time: 0.0004  memory: 1000  
2025/05/24 18:40:26 - mmengine - INFO - Epoch(val) [257][350/781]    eta: 0:00:38  time: 0.0910  data_time: 0.0004  memory: 1000  
2025/05/24 18:40:31 - mmengine - INFO - Epoch(val) [257][400/781]    eta: 0:00:34  time: 0.0913  data_time: 0.0004  memory: 1000  
2025/05/24 18:40:35 - mmengine - INFO - Epoch(val) [257][450/781]    eta: 0:00:29  time: 0.0910  data_time: 0.0004  memory: 1000  
2025/05/24 18:40:40 - mmengine - INFO - Epoch(val) [257][500/781]    eta: 0:00:25  time: 0.0910  data_time: 0.0004  memory: 1000  
2025/05/24 18:40:45 - mmengine - INFO - Epoch(val) [257][550/781]    eta: 0:00:20  time: 0.0911  data_time: 0.0004  memory: 1000  
2025/05/24 18:40:49 - mmengine - INFO - Epoch(val) [257][600/781]    eta: 0:00:16  time: 0.0911  data_time: 0.0004  memory: 1000  
2025/05/24 18:40:54 - mmengine - INFO - Epoch(val) [257][650/781]    eta: 0:00:11  time: 0.0911  data_time: 0.0004  memory: 1000  
2025/05/24 18:40:58 - mmengine - INFO - Epoch(val) [257][700/781]    eta: 0:00:07  time: 0.0909  data_time: 0.0004  memory: 1000  
2025/05/24 18:41:03 - mmengine - INFO - Epoch(val) [257][750/781]    eta: 0:00:02  time: 0.0909  data_time: 0.0004  memory: 1000  
2025/05/24 18:41:06 - mmengine - INFO - Evaluating bbox...
2025/05/24 18:41:10 - mmengine - INFO - 
+------------+-------+--------+--------+-------+-------+-------+
| category   | mAP   | mAP_50 | mAP_75 | mAP_s | mAP_m | mAP_l |
+------------+-------+--------+--------+-------+-------+-------+
| Car        | 0.69  | 0.924  | 0.766  | 0.416 | 0.721 | 0.887 |
| Truck      | 0.649 | 0.897  | 0.738  | 0.356 | 0.659 | 0.84  |
| People     | 0.516 | 0.854  | 0.54   | 0.35  | 0.704 | 0.757 |
| Bus        | 0.723 | 0.916  | 0.805  | 0.398 | 0.686 | 0.835 |
| Lamp       | 0.459 | 0.804  | 0.477  | 0.412 | 0.708 | nan   |
| Motorcycle | 0.444 | 0.72   | 0.486  | 0.097 | 0.659 | 0.799 |
+------------+-------+--------+--------+-------+-------+-------+
2025/05/24 18:41:10 - mmengine - INFO - bbox_mAP_copypaste: 0.580 0.853 0.636 0.338 0.689 0.823
2025/05/24 18:41:10 - mmengine - INFO - Epoch(val) [257][781/781]    coco/Car_precision: 0.6900  coco/Truck_precision: 0.6490  coco/People_precision: 0.5160  coco/Bus_precision: 0.7230  coco/Lamp_precision: 0.4590  coco/Motorcycle_precision: 0.4440  coco/bbox_mAP: 0.5800  coco/bbox_mAP_50: 0.8530  coco/bbox_mAP_75: 0.6360  coco/bbox_mAP_s: 0.3380  coco/bbox_mAP_m: 0.6890  coco/bbox_mAP_l: 0.8230  data_time: 0.0005  time: 0.0904
2025/05/24 18:42:30 - mmengine - INFO - Epoch(train) [258][ 50/420]  base_lr: 1.0000e-02 lr: 3.6640e-03  eta: 1 day, 1:56:27  time: 1.5911  data_time: 0.0483  memory: 10426  grad_norm: 21.8894  loss: 17.9616  loss_cls: 3.6909  loss_bbox: 6.7645  loss_dfl: 7.5061
2025/05/24 18:42:46 - mmengine - INFO - Exp name: yolov8_mambatransformer_enhance_20250524_070703
2025/05/24 18:43:48 - mmengine - INFO - Epoch(train) [258][100/420]  base_lr: 1.0000e-02 lr: 3.6640e-03  eta: 1 day, 1:55:08  time: 1.5491  data_time: 0.0075  memory: 10506  grad_norm: 23.3057  loss: 18.0043  loss_cls: 3.6829  loss_bbox: 6.7864  loss_dfl: 7.5349
2025/05/24 18:45:05 - mmengine - INFO - Epoch(train) [258][150/420]  base_lr: 1.0000e-02 lr: 3.6640e-03  eta: 1 day, 1:53:49  time: 1.5485  data_time: 0.0075  memory: 10378  grad_norm: 21.5724  loss: 17.7586  loss_cls: 3.5698  loss_bbox: 6.7024  loss_dfl: 7.4864
2025/05/24 18:46:22 - mmengine - INFO - Epoch(train) [258][200/420]  base_lr: 1.0000e-02 lr: 3.6640e-03  eta: 1 day, 1:52:31  time: 1.5485  data_time: 0.0075  memory: 10378  grad_norm: 23.2570  loss: 18.2238  loss_cls: 3.7295  loss_bbox: 6.8396  loss_dfl: 7.6547
2025/05/24 18:47:40 - mmengine - INFO - Epoch(train) [258][250/420]  base_lr: 1.0000e-02 lr: 3.6640e-03  eta: 1 day, 1:51:12  time: 1.5485  data_time: 0.0075  memory: 10442  grad_norm: 23.2907  loss: 18.1539  loss_cls: 3.7261  loss_bbox: 6.8904  loss_dfl: 7.5374
2025/05/24 18:48:57 - mmengine - INFO - Epoch(train) [258][300/420]  base_lr: 1.0000e-02 lr: 3.6640e-03  eta: 1 day, 1:49:53  time: 1.5485  data_time: 0.0075  memory: 10411  grad_norm: 21.6698  loss: 17.8308  loss_cls: 3.5814  loss_bbox: 6.6918  loss_dfl: 7.5576
2025/05/24 18:50:15 - mmengine - INFO - Epoch(train) [258][350/420]  base_lr: 1.0000e-02 lr: 3.6640e-03  eta: 1 day, 1:48:34  time: 1.5487  data_time: 0.0076  memory: 10411  grad_norm: 21.7512  loss: 18.1232  loss_cls: 3.7828  loss_bbox: 6.8760  loss_dfl: 7.4644
2025/05/24 18:51:33 - mmengine - INFO - Epoch(train) [258][400/420]  base_lr: 1.0000e-02 lr: 3.6640e-03  eta: 1 day, 1:47:17  time: 1.5612  data_time: 0.0084  memory: 10389  grad_norm: 21.9397  loss: 18.1076  loss_cls: 3.6630  loss_bbox: 6.9318  loss_dfl: 7.5128
2025/05/24 18:52:04 - mmengine - INFO - Exp name: yolov8_mambatransformer_enhance_20250524_070703
2025/05/24 18:52:04 - mmengine - INFO - Saving checkpoint at 258 epochs
2025/05/24 18:52:12 - mmengine - INFO - Epoch(val) [258][ 50/781]    eta: 0:01:08  time: 0.0935  data_time: 0.0021  memory: 10357  
2025/05/24 18:52:16 - mmengine - INFO - Epoch(val) [258][100/781]    eta: 0:01:01  time: 0.0873  data_time: 0.0004  memory: 1000  
2025/05/24 18:52:21 - mmengine - INFO - Epoch(val) [258][150/781]    eta: 0:00:55  time: 0.0841  data_time: 0.0004  memory: 1000  
2025/05/24 18:52:25 - mmengine - INFO - Epoch(val) [258][200/781]    eta: 0:00:51  time: 0.0919  data_time: 0.0004  memory: 1000  
2025/05/24 18:52:30 - mmengine - INFO - Epoch(val) [258][250/781]    eta: 0:00:47  time: 0.0916  data_time: 0.0004  memory: 1000  
2025/05/24 18:52:34 - mmengine - INFO - Epoch(val) [258][300/781]    eta: 0:00:43  time: 0.0916  data_time: 0.0004  memory: 1000  
2025/05/24 18:52:39 - mmengine - INFO - Epoch(val) [258][350/781]    eta: 0:00:38  time: 0.0915  data_time: 0.0004  memory: 1000  
2025/05/24 18:52:44 - mmengine - INFO - Epoch(val) [258][400/781]    eta: 0:00:34  time: 0.0917  data_time: 0.0004  memory: 1000  
2025/05/24 18:52:48 - mmengine - INFO - Epoch(val) [258][450/781]    eta: 0:00:29  time: 0.0915  data_time: 0.0004  memory: 1000  
2025/05/24 18:52:53 - mmengine - INFO - Epoch(val) [258][500/781]    eta: 0:00:25  time: 0.0915  data_time: 0.0004  memory: 1000  
2025/05/24 18:52:58 - mmengine - INFO - Epoch(val) [258][550/781]    eta: 0:00:20  time: 0.0917  data_time: 0.0004  memory: 1000  
2025/05/24 18:53:02 - mmengine - INFO - Epoch(val) [258][600/781]    eta: 0:00:16  time: 0.0915  data_time: 0.0004  memory: 1000  
2025/05/24 18:53:07 - mmengine - INFO - Epoch(val) [258][650/781]    eta: 0:00:11  time: 0.0915  data_time: 0.0004  memory: 1000  
2025/05/24 18:53:11 - mmengine - INFO - Epoch(val) [258][700/781]    eta: 0:00:07  time: 0.0915  data_time: 0.0004  memory: 1000  
2025/05/24 18:53:16 - mmengine - INFO - Epoch(val) [258][750/781]    eta: 0:00:02  time: 0.0915  data_time: 0.0004  memory: 1000  
2025/05/24 18:53:19 - mmengine - INFO - Evaluating bbox...
2025/05/24 18:53:24 - mmengine - INFO - 
+------------+-------+--------+--------+-------+-------+-------+
| category   | mAP   | mAP_50 | mAP_75 | mAP_s | mAP_m | mAP_l |
+------------+-------+--------+--------+-------+-------+-------+
| Car        | 0.69  | 0.924  | 0.766  | 0.416 | 0.721 | 0.888 |
| Truck      | 0.652 | 0.896  | 0.742  | 0.356 | 0.657 | 0.85  |
| People     | 0.516 | 0.854  | 0.542  | 0.351 | 0.705 | 0.759 |
| Bus        | 0.724 | 0.917  | 0.806  | 0.395 | 0.687 | 0.838 |
| Lamp       | 0.458 | 0.804  | 0.469  | 0.411 | 0.706 | nan   |
| Motorcycle | 0.443 | 0.72   | 0.475  | 0.097 | 0.655 | 0.799 |
+------------+-------+--------+--------+-------+-------+-------+
2025/05/24 18:53:24 - mmengine - INFO - bbox_mAP_copypaste: 0.581 0.853 0.633 0.337 0.688 0.827
2025/05/24 18:53:24 - mmengine - INFO - Epoch(val) [258][781/781]    coco/Car_precision: 0.6900  coco/Truck_precision: 0.6520  coco/People_precision: 0.5160  coco/Bus_precision: 0.7240  coco/Lamp_precision: 0.4580  coco/Motorcycle_precision: 0.4430  coco/bbox_mAP: 0.5810  coco/bbox_mAP_50: 0.8530  coco/bbox_mAP_75: 0.6330  coco/bbox_mAP_s: 0.3370  coco/bbox_mAP_m: 0.6880  coco/bbox_mAP_l: 0.8270  data_time: 0.0005  time: 0.0909
2025/05/24 18:54:43 - mmengine - INFO - Epoch(train) [259][ 50/420]  base_lr: 1.0000e-02 lr: 3.6393e-03  eta: 1 day, 1:45:32  time: 1.5883  data_time: 0.0460  memory: 10405  grad_norm: 22.5310  loss: 18.1606  loss_cls: 3.7619  loss_bbox: 6.8607  loss_dfl: 7.5380
2025/05/24 18:56:01 - mmengine - INFO - Epoch(train) [259][100/420]  base_lr: 1.0000e-02 lr: 3.6393e-03  eta: 1 day, 1:44:13  time: 1.5498  data_time: 0.0075  memory: 10426  grad_norm: 21.5127  loss: 17.8626  loss_cls: 3.6543  loss_bbox: 6.7830  loss_dfl: 7.4252
2025/05/24 18:57:18 - mmengine - INFO - Epoch(train) [259][150/420]  base_lr: 1.0000e-02 lr: 3.6393e-03  eta: 1 day, 1:42:55  time: 1.5523  data_time: 0.0076  memory: 10576  grad_norm: 21.4869  loss: 17.5862  loss_cls: 3.5536  loss_bbox: 6.5878  loss_dfl: 7.4448
2025/05/24 18:58:36 - mmengine - INFO - Epoch(train) [259][200/420]  base_lr: 1.0000e-02 lr: 3.6393e-03  eta: 1 day, 1:41:37  time: 1.5542  data_time: 0.0075  memory: 10384  grad_norm: 23.3124  loss: 18.0231  loss_cls: 3.7126  loss_bbox: 6.7697  loss_dfl: 7.5408
2025/05/24 18:59:54 - mmengine - INFO - Epoch(train) [259][250/420]  base_lr: 1.0000e-02 lr: 3.6393e-03  eta: 1 day, 1:40:19  time: 1.5524  data_time: 0.0076  memory: 10421  grad_norm: 22.8549  loss: 17.9141  loss_cls: 3.7085  loss_bbox: 6.7611  loss_dfl: 7.4445
2025/05/24 19:01:11 - mmengine - INFO - Epoch(train) [259][300/420]  base_lr: 1.0000e-02 lr: 3.6393e-03  eta: 1 day, 1:39:00  time: 1.5515  data_time: 0.0076  memory: 10421  grad_norm: 22.3933  loss: 17.9603  loss_cls: 3.5850  loss_bbox: 6.7850  loss_dfl: 7.5904
2025/05/24 19:02:29 - mmengine - INFO - Epoch(train) [259][350/420]  base_lr: 1.0000e-02 lr: 3.6393e-03  eta: 1 day, 1:37:42  time: 1.5510  data_time: 0.0076  memory: 10426  grad_norm: 21.6102  loss: 17.7878  loss_cls: 3.6373  loss_bbox: 6.7198  loss_dfl: 7.4307
2025/05/24 19:03:46 - mmengine - INFO - Epoch(train) [259][400/420]  base_lr: 1.0000e-02 lr: 3.6393e-03  eta: 1 day, 1:36:23  time: 1.5502  data_time: 0.0076  memory: 10442  grad_norm: 21.6482  loss: 17.7984  loss_cls: 3.5956  loss_bbox: 6.7333  loss_dfl: 7.4696
2025/05/24 19:04:17 - mmengine - INFO - Exp name: yolov8_mambatransformer_enhance_20250524_070703
2025/05/24 19:04:17 - mmengine - INFO - Saving checkpoint at 259 epochs
2025/05/24 19:04:27 - mmengine - INFO - Epoch(val) [259][ 50/781]    eta: 0:01:20  time: 0.1105  data_time: 0.0025  memory: 10352  
2025/05/24 19:04:32 - mmengine - INFO - Epoch(val) [259][100/781]    eta: 0:01:16  time: 0.1141  data_time: 0.0018  memory: 1000  
2025/05/24 19:04:38 - mmengine - INFO - Epoch(val) [259][150/781]    eta: 0:01:10  time: 0.1104  data_time: 0.0009  memory: 1000  
2025/05/24 19:04:44 - mmengine - INFO - Epoch(val) [259][200/781]    eta: 0:01:05  time: 0.1181  data_time: 0.0015  memory: 1000  
2025/05/24 19:04:50 - mmengine - INFO - Epoch(val) [259][250/781]    eta: 0:00:59  time: 0.1107  data_time: 0.0004  memory: 1000  
2025/05/24 19:04:55 - mmengine - INFO - Epoch(val) [259][300/781]    eta: 0:00:54  time: 0.1132  data_time: 0.0017  memory: 1000  
2025/05/24 19:05:01 - mmengine - INFO - Epoch(val) [259][350/781]    eta: 0:00:48  time: 0.1094  data_time: 0.0005  memory: 1000  
2025/05/24 19:05:06 - mmengine - INFO - Epoch(val) [259][400/781]    eta: 0:00:42  time: 0.1064  data_time: 0.0004  memory: 1000  
2025/05/24 19:05:12 - mmengine - INFO - Epoch(val) [259][450/781]    eta: 0:00:37  time: 0.1134  data_time: 0.0004  memory: 1000  
2025/05/24 19:05:18 - mmengine - INFO - Epoch(val) [259][500/781]    eta: 0:00:31  time: 0.1195  data_time: 0.0037  memory: 1000  
2025/05/24 19:05:24 - mmengine - INFO - Epoch(val) [259][550/781]    eta: 0:00:26  time: 0.1136  data_time: 0.0018  memory: 1000  
2025/05/24 19:05:29 - mmengine - INFO - Epoch(val) [259][600/781]    eta: 0:00:20  time: 0.1141  data_time: 0.0029  memory: 1000  
2025/05/24 19:05:35 - mmengine - INFO - Epoch(val) [259][650/781]    eta: 0:00:14  time: 0.1130  data_time: 0.0029  memory: 1000  
2025/05/24 19:05:40 - mmengine - INFO - Epoch(val) [259][700/781]    eta: 0:00:09  time: 0.0947  data_time: 0.0004  memory: 1000  
2025/05/24 19:05:44 - mmengine - INFO - Epoch(val) [259][750/781]    eta: 0:00:03  time: 0.0879  data_time: 0.0004  memory: 1000  
2025/05/24 19:05:47 - mmengine - INFO - Evaluating bbox...
2025/05/24 19:05:51 - mmengine - INFO - 
+------------+-------+--------+--------+-------+-------+-------+
| category   | mAP   | mAP_50 | mAP_75 | mAP_s | mAP_m | mAP_l |
+------------+-------+--------+--------+-------+-------+-------+
| Car        | 0.69  | 0.924  | 0.765  | 0.415 | 0.72  | 0.888 |
| Truck      | 0.653 | 0.895  | 0.731  | 0.358 | 0.657 | 0.848 |
| People     | 0.517 | 0.854  | 0.542  | 0.35  | 0.705 | 0.757 |
| Bus        | 0.723 | 0.917  | 0.805  | 0.392 | 0.685 | 0.837 |
| Lamp       | 0.459 | 0.807  | 0.469  | 0.412 | 0.705 | nan   |
| Motorcycle | 0.447 | 0.72   | 0.499  | 0.101 | 0.658 | 0.799 |
+------------+-------+--------+--------+-------+-------+-------+
2025/05/24 19:05:51 - mmengine - INFO - bbox_mAP_copypaste: 0.581 0.853 0.635 0.338 0.688 0.826
2025/05/24 19:05:51 - mmengine - INFO - Epoch(val) [259][781/781]    coco/Car_precision: 0.6900  coco/Truck_precision: 0.6530  coco/People_precision: 0.5170  coco/Bus_precision: 0.7230  coco/Lamp_precision: 0.4590  coco/Motorcycle_precision: 0.4470  coco/bbox_mAP: 0.5810  coco/bbox_mAP_50: 0.8530  coco/bbox_mAP_75: 0.6350  coco/bbox_mAP_s: 0.3380  coco/bbox_mAP_m: 0.6880  coco/bbox_mAP_l: 0.8260  data_time: 0.0014  time: 0.1088
2025/05/24 19:07:11 - mmengine - INFO - Epoch(train) [260][ 50/420]  base_lr: 1.0000e-02 lr: 3.6145e-03  eta: 1 day, 1:34:38  time: 1.5862  data_time: 0.0448  memory: 10400  grad_norm: 22.4452  loss: 17.9665  loss_cls: 3.6670  loss_bbox: 6.7709  loss_dfl: 7.5286
2025/05/24 19:08:28 - mmengine - INFO - Epoch(train) [260][100/420]  base_lr: 1.0000e-02 lr: 3.6145e-03  eta: 1 day, 1:33:19  time: 1.5479  data_time: 0.0075  memory: 10517  grad_norm: 21.3701  loss: 17.9836  loss_cls: 3.6857  loss_bbox: 6.8615  loss_dfl: 7.4363
2025/05/24 19:09:46 - mmengine - INFO - Epoch(train) [260][150/420]  base_lr: 1.0000e-02 lr: 3.6145e-03  eta: 1 day, 1:32:01  time: 1.5532  data_time: 0.0074  memory: 10437  grad_norm: 22.2863  loss: 17.8477  loss_cls: 3.6698  loss_bbox: 6.6764  loss_dfl: 7.5016
2025/05/24 19:11:03 - mmengine - INFO - Epoch(train) [260][200/420]  base_lr: 1.0000e-02 lr: 3.6145e-03  eta: 1 day, 1:30:42  time: 1.5517  data_time: 0.0075  memory: 10378  grad_norm: 23.0393  loss: 18.1716  loss_cls: 3.7167  loss_bbox: 6.9331  loss_dfl: 7.5218
2025/05/24 19:11:34 - mmengine - INFO - Exp name: yolov8_mambatransformer_enhance_20250524_070703
2025/05/24 19:12:21 - mmengine - INFO - Epoch(train) [260][250/420]  base_lr: 1.0000e-02 lr: 3.6145e-03  eta: 1 day, 1:29:24  time: 1.5508  data_time: 0.0074  memory: 10400  grad_norm: 21.7582  loss: 17.9562  loss_cls: 3.6656  loss_bbox: 6.7817  loss_dfl: 7.5088
2025/05/24 19:13:39 - mmengine - INFO - Epoch(train) [260][300/420]  base_lr: 1.0000e-02 lr: 3.6145e-03  eta: 1 day, 1:28:06  time: 1.5510  data_time: 0.0074  memory: 10469  grad_norm: 21.4954  loss: 18.1677  loss_cls: 3.6920  loss_bbox: 6.9366  loss_dfl: 7.5391
2025/05/24 19:14:56 - mmengine - INFO - Epoch(train) [260][350/420]  base_lr: 1.0000e-02 lr: 3.6145e-03  eta: 1 day, 1:26:47  time: 1.5504  data_time: 0.0074  memory: 10394  grad_norm: 22.0184  loss: 17.6962  loss_cls: 3.5681  loss_bbox: 6.6968  loss_dfl: 7.4314
2025/05/24 19:16:14 - mmengine - INFO - Epoch(train) [260][400/420]  base_lr: 1.0000e-02 lr: 3.6145e-03  eta: 1 day, 1:25:29  time: 1.5490  data_time: 0.0074  memory: 10405  grad_norm: 22.5827  loss: 17.8276  loss_cls: 3.5943  loss_bbox: 6.7534  loss_dfl: 7.4799
2025/05/24 19:16:44 - mmengine - INFO - Exp name: yolov8_mambatransformer_enhance_20250524_070703
2025/05/24 19:16:44 - mmengine - INFO - Saving checkpoint at 260 epochs
2025/05/24 19:16:53 - mmengine - INFO - Epoch(val) [260][ 50/781]    eta: 0:01:06  time: 0.0914  data_time: 0.0023  memory: 10458  
2025/05/24 19:16:57 - mmengine - INFO - Epoch(val) [260][100/781]    eta: 0:00:57  time: 0.0788  data_time: 0.0004  memory: 1000  
2025/05/24 19:17:00 - mmengine - INFO - Epoch(val) [260][150/781]    eta: 0:00:51  time: 0.0747  data_time: 0.0004  memory: 1000  
2025/05/24 19:17:05 - mmengine - INFO - Epoch(val) [260][200/781]    eta: 0:00:48  time: 0.0912  data_time: 0.0004  memory: 1000  
2025/05/24 19:17:09 - mmengine - INFO - Epoch(val) [260][250/781]    eta: 0:00:45  time: 0.0910  data_time: 0.0004  memory: 1000  
2025/05/24 19:17:14 - mmengine - INFO - Epoch(val) [260][300/781]    eta: 0:00:41  time: 0.0911  data_time: 0.0004  memory: 1000  
2025/05/24 19:17:19 - mmengine - INFO - Epoch(val) [260][350/781]    eta: 0:00:37  time: 0.0910  data_time: 0.0004  memory: 1000  
2025/05/24 19:17:23 - mmengine - INFO - Epoch(val) [260][400/781]    eta: 0:00:33  time: 0.0910  data_time: 0.0004  memory: 1000  
2025/05/24 19:17:28 - mmengine - INFO - Epoch(val) [260][450/781]    eta: 0:00:29  time: 0.0910  data_time: 0.0004  memory: 1000  
2025/05/24 19:17:32 - mmengine - INFO - Epoch(val) [260][500/781]    eta: 0:00:24  time: 0.0909  data_time: 0.0004  memory: 1000  
2025/05/24 19:17:37 - mmengine - INFO - Epoch(val) [260][550/781]    eta: 0:00:20  time: 0.0902  data_time: 0.0005  memory: 1000  
2025/05/24 19:17:41 - mmengine - INFO - Epoch(val) [260][600/781]    eta: 0:00:15  time: 0.0744  data_time: 0.0004  memory: 1000  
2025/05/24 19:17:44 - mmengine - INFO - Epoch(val) [260][650/781]    eta: 0:00:11  time: 0.0752  data_time: 0.0004  memory: 1000  
2025/05/24 19:17:48 - mmengine - INFO - Epoch(val) [260][700/781]    eta: 0:00:06  time: 0.0763  data_time: 0.0004  memory: 1000  
2025/05/24 19:17:53 - mmengine - INFO - Epoch(val) [260][750/781]    eta: 0:00:02  time: 0.0854  data_time: 0.0004  memory: 1000  
2025/05/24 19:17:56 - mmengine - INFO - Evaluating bbox...
2025/05/24 19:18:00 - mmengine - INFO - 
+------------+-------+--------+--------+-------+-------+-------+
| category   | mAP   | mAP_50 | mAP_75 | mAP_s | mAP_m | mAP_l |
+------------+-------+--------+--------+-------+-------+-------+
| Car        | 0.69  | 0.923  | 0.765  | 0.415 | 0.72  | 0.888 |
| Truck      | 0.652 | 0.896  | 0.728  | 0.358 | 0.658 | 0.845 |
| People     | 0.517 | 0.858  | 0.544  | 0.351 | 0.706 | 0.756 |
| Bus        | 0.721 | 0.918  | 0.805  | 0.397 | 0.681 | 0.836 |
| Lamp       | 0.459 | 0.807  | 0.469  | 0.413 | 0.704 | nan   |
| Motorcycle | 0.449 | 0.724  | 0.499  | 0.102 | 0.66  | 0.799 |
+------------+-------+--------+--------+-------+-------+-------+
2025/05/24 19:18:00 - mmengine - INFO - bbox_mAP_copypaste: 0.581 0.855 0.635 0.339 0.688 0.825
2025/05/24 19:18:00 - mmengine - INFO - Epoch(val) [260][781/781]    coco/Car_precision: 0.6900  coco/Truck_precision: 0.6520  coco/People_precision: 0.5170  coco/Bus_precision: 0.7210  coco/Lamp_precision: 0.4590  coco/Motorcycle_precision: 0.4490  coco/bbox_mAP: 0.5810  coco/bbox_mAP_50: 0.8550  coco/bbox_mAP_75: 0.6350  coco/bbox_mAP_s: 0.3390  coco/bbox_mAP_m: 0.6880  coco/bbox_mAP_l: 0.8250  data_time: 0.0005  time: 0.0856
2025/05/24 19:19:20 - mmengine - INFO - Epoch(train) [261][ 50/420]  base_lr: 1.0000e-02 lr: 3.5898e-03  eta: 1 day, 1:23:45  time: 1.6073  data_time: 0.0469  memory: 10448  grad_norm: 22.0493  loss: 17.9297  loss_cls: 3.6494  loss_bbox: 6.7935  loss_dfl: 7.4869
2025/05/24 19:20:38 - mmengine - INFO - Epoch(train) [261][100/420]  base_lr: 1.0000e-02 lr: 3.5898e-03  eta: 1 day, 1:22:26  time: 1.5497  data_time: 0.0077  memory: 10400  grad_norm: 22.7853  loss: 17.7333  loss_cls: 3.5890  loss_bbox: 6.6811  loss_dfl: 7.4632
2025/05/24 19:21:55 - mmengine - INFO - Epoch(train) [261][150/420]  base_lr: 1.0000e-02 lr: 3.5898e-03  eta: 1 day, 1:21:08  time: 1.5486  data_time: 0.0076  memory: 10394  grad_norm: 23.8363  loss: 18.0427  loss_cls: 3.6781  loss_bbox: 6.7567  loss_dfl: 7.6079
2025/05/24 19:23:13 - mmengine - INFO - Epoch(train) [261][200/420]  base_lr: 1.0000e-02 lr: 3.5898e-03  eta: 1 day, 1:19:49  time: 1.5498  data_time: 0.0076  memory: 10474  grad_norm: 23.2817  loss: 18.0086  loss_cls: 3.6933  loss_bbox: 6.8592  loss_dfl: 7.4561
2025/05/24 19:24:30 - mmengine - INFO - Epoch(train) [261][250/420]  base_lr: 1.0000e-02 lr: 3.5898e-03  eta: 1 day, 1:18:31  time: 1.5498  data_time: 0.0076  memory: 10373  grad_norm: 21.1517  loss: 17.7901  loss_cls: 3.5601  loss_bbox: 6.7353  loss_dfl: 7.4948
2025/05/24 19:25:48 - mmengine - INFO - Epoch(train) [261][300/420]  base_lr: 1.0000e-02 lr: 3.5898e-03  eta: 1 day, 1:17:12  time: 1.5488  data_time: 0.0075  memory: 10554  grad_norm: 23.7014  loss: 18.2666  loss_cls: 3.7335  loss_bbox: 6.9738  loss_dfl: 7.5593
2025/05/24 19:27:05 - mmengine - INFO - Epoch(train) [261][350/420]  base_lr: 1.0000e-02 lr: 3.5898e-03  eta: 1 day, 1:15:53  time: 1.5491  data_time: 0.0075  memory: 10490  grad_norm: 22.2603  loss: 18.0287  loss_cls: 3.6799  loss_bbox: 6.8978  loss_dfl: 7.4511
2025/05/24 19:28:23 - mmengine - INFO - Epoch(train) [261][400/420]  base_lr: 1.0000e-02 lr: 3.5898e-03  eta: 1 day, 1:14:35  time: 1.5488  data_time: 0.0075  memory: 10448  grad_norm: 22.4957  loss: 17.9624  loss_cls: 3.6620  loss_bbox: 6.8025  loss_dfl: 7.4979
2025/05/24 19:28:54 - mmengine - INFO - Exp name: yolov8_mambatransformer_enhance_20250524_070703
2025/05/24 19:28:54 - mmengine - INFO - Saving checkpoint at 261 epochs
2025/05/24 19:29:01 - mmengine - INFO - Epoch(val) [261][ 50/781]    eta: 0:00:58  time: 0.0796  data_time: 0.0022  memory: 10411  
2025/05/24 19:29:05 - mmengine - INFO - Epoch(val) [261][100/781]    eta: 0:00:52  time: 0.0750  data_time: 0.0004  memory: 1000  
2025/05/24 19:29:09 - mmengine - INFO - Epoch(val) [261][150/781]    eta: 0:00:48  time: 0.0749  data_time: 0.0004  memory: 1000  
2025/05/24 19:29:13 - mmengine - INFO - Epoch(val) [261][200/781]    eta: 0:00:44  time: 0.0749  data_time: 0.0004  memory: 1000  
2025/05/24 19:29:16 - mmengine - INFO - Epoch(val) [261][250/781]    eta: 0:00:40  time: 0.0739  data_time: 0.0004  memory: 1000  
2025/05/24 19:29:20 - mmengine - INFO - Epoch(val) [261][300/781]    eta: 0:00:36  time: 0.0737  data_time: 0.0004  memory: 1000  
2025/05/24 19:29:24 - mmengine - INFO - Epoch(val) [261][350/781]    eta: 0:00:32  time: 0.0740  data_time: 0.0004  memory: 1000  
2025/05/24 19:29:27 - mmengine - INFO - Epoch(val) [261][400/781]    eta: 0:00:28  time: 0.0737  data_time: 0.0004  memory: 1000  
2025/05/24 19:29:31 - mmengine - INFO - Epoch(val) [261][450/781]    eta: 0:00:24  time: 0.0738  data_time: 0.0004  memory: 1000  
2025/05/24 19:29:35 - mmengine - INFO - Epoch(val) [261][500/781]    eta: 0:00:20  time: 0.0738  data_time: 0.0004  memory: 1000  
2025/05/24 19:29:39 - mmengine - INFO - Epoch(val) [261][550/781]    eta: 0:00:17  time: 0.0740  data_time: 0.0004  memory: 1000  
2025/05/24 19:29:42 - mmengine - INFO - Epoch(val) [261][600/781]    eta: 0:00:13  time: 0.0737  data_time: 0.0004  memory: 1000  
2025/05/24 19:29:46 - mmengine - INFO - Epoch(val) [261][650/781]    eta: 0:00:09  time: 0.0738  data_time: 0.0004  memory: 1000  
2025/05/24 19:29:50 - mmengine - INFO - Epoch(val) [261][700/781]    eta: 0:00:06  time: 0.0737  data_time: 0.0004  memory: 1000  
2025/05/24 19:29:54 - mmengine - INFO - Epoch(val) [261][750/781]    eta: 0:00:02  time: 0.0737  data_time: 0.0004  memory: 1000  
2025/05/24 19:29:56 - mmengine - INFO - Evaluating bbox...
2025/05/24 19:30:00 - mmengine - INFO - 
+------------+-------+--------+--------+-------+-------+-------+
| category   | mAP   | mAP_50 | mAP_75 | mAP_s | mAP_m | mAP_l |
+------------+-------+--------+--------+-------+-------+-------+
| Car        | 0.689 | 0.923  | 0.765  | 0.415 | 0.719 | 0.889 |
| Truck      | 0.652 | 0.897  | 0.731  | 0.361 | 0.657 | 0.844 |
| People     | 0.517 | 0.858  | 0.543  | 0.351 | 0.706 | 0.755 |
| Bus        | 0.719 | 0.919  | 0.806  | 0.394 | 0.681 | 0.832 |
| Lamp       | 0.459 | 0.808  | 0.467  | 0.413 | 0.702 | nan   |
| Motorcycle | 0.45  | 0.725  | 0.498  | 0.104 | 0.662 | 0.799 |
+------------+-------+--------+--------+-------+-------+-------+
2025/05/24 19:30:00 - mmengine - INFO - bbox_mAP_copypaste: 0.581 0.855 0.635 0.339 0.688 0.824
2025/05/24 19:30:00 - mmengine - INFO - Epoch(val) [261][781/781]    coco/Car_precision: 0.6890  coco/Truck_precision: 0.6520  coco/People_precision: 0.5170  coco/Bus_precision: 0.7190  coco/Lamp_precision: 0.4590  coco/Motorcycle_precision: 0.4500  coco/bbox_mAP: 0.5810  coco/bbox_mAP_50: 0.8550  coco/bbox_mAP_75: 0.6350  coco/bbox_mAP_s: 0.3390  coco/bbox_mAP_m: 0.6880  coco/bbox_mAP_l: 0.8240  data_time: 0.0005  time: 0.0744
2025/05/24 19:31:20 - mmengine - INFO - Epoch(train) [262][ 50/420]  base_lr: 1.0000e-02 lr: 3.5650e-03  eta: 1 day, 1:12:49  time: 1.5887  data_time: 0.0453  memory: 10368  grad_norm: 21.4725  loss: 17.7205  loss_cls: 3.5647  loss_bbox: 6.7374  loss_dfl: 7.4184
2025/05/24 19:32:38 - mmengine - INFO - Epoch(train) [262][100/420]  base_lr: 1.0000e-02 lr: 3.5650e-03  eta: 1 day, 1:11:32  time: 1.5592  data_time: 0.0083  memory: 10405  grad_norm: 22.1612  loss: 17.9373  loss_cls: 3.6350  loss_bbox: 6.7614  loss_dfl: 7.5409
2025/05/24 19:33:56 - mmengine - INFO - Epoch(train) [262][150/420]  base_lr: 1.0000e-02 lr: 3.5650e-03  eta: 1 day, 1:10:14  time: 1.5600  data_time: 0.0081  memory: 10421  grad_norm: 22.0848  loss: 17.9440  loss_cls: 3.6312  loss_bbox: 6.7931  loss_dfl: 7.5198
2025/05/24 19:35:13 - mmengine - INFO - Epoch(train) [262][200/420]  base_lr: 1.0000e-02 lr: 3.5650e-03  eta: 1 day, 1:08:56  time: 1.5498  data_time: 0.0075  memory: 10432  grad_norm: 22.1856  loss: 17.9178  loss_cls: 3.6273  loss_bbox: 6.8038  loss_dfl: 7.4867
2025/05/24 19:36:31 - mmengine - INFO - Epoch(train) [262][250/420]  base_lr: 1.0000e-02 lr: 3.5650e-03  eta: 1 day, 1:07:37  time: 1.5496  data_time: 0.0075  memory: 10421  grad_norm: 21.3540  loss: 17.8072  loss_cls: 3.5862  loss_bbox: 6.7725  loss_dfl: 7.4485
2025/05/24 19:37:48 - mmengine - INFO - Epoch(train) [262][300/420]  base_lr: 1.0000e-02 lr: 3.5650e-03  eta: 1 day, 1:06:19  time: 1.5500  data_time: 0.0075  memory: 10394  grad_norm: 23.1922  loss: 18.3690  loss_cls: 3.7300  loss_bbox: 7.0661  loss_dfl: 7.5729
2025/05/24 19:39:06 - mmengine - INFO - Epoch(train) [262][350/420]  base_lr: 1.0000e-02 lr: 3.5650e-03  eta: 1 day, 1:05:00  time: 1.5494  data_time: 0.0075  memory: 10464  grad_norm: 21.2968  loss: 17.9274  loss_cls: 3.6124  loss_bbox: 6.8168  loss_dfl: 7.4981
2025/05/24 19:39:52 - mmengine - INFO - Exp name: yolov8_mambatransformer_enhance_20250524_070703
2025/05/24 19:40:23 - mmengine - INFO - Epoch(train) [262][400/420]  base_lr: 1.0000e-02 lr: 3.5650e-03  eta: 1 day, 1:03:42  time: 1.5500  data_time: 0.0076  memory: 10373  grad_norm: 21.8021  loss: 17.5145  loss_cls: 3.5105  loss_bbox: 6.5778  loss_dfl: 7.4262
2025/05/24 19:40:54 - mmengine - INFO - Exp name: yolov8_mambatransformer_enhance_20250524_070703
2025/05/24 19:40:54 - mmengine - INFO - Saving checkpoint at 262 epochs
2025/05/24 19:41:02 - mmengine - INFO - Epoch(val) [262][ 50/781]    eta: 0:00:58  time: 0.0806  data_time: 0.0022  memory: 10426  
2025/05/24 19:41:06 - mmengine - INFO - Epoch(val) [262][100/781]    eta: 0:00:56  time: 0.0866  data_time: 0.0004  memory: 1000  
2025/05/24 19:41:11 - mmengine - INFO - Epoch(val) [262][150/781]    eta: 0:00:54  time: 0.0913  data_time: 0.0004  memory: 1000  
2025/05/24 19:41:15 - mmengine - INFO - Epoch(val) [262][200/781]    eta: 0:00:50  time: 0.0911  data_time: 0.0004  memory: 1000  
2025/05/24 19:41:20 - mmengine - INFO - Epoch(val) [262][250/781]    eta: 0:00:46  time: 0.0911  data_time: 0.0004  memory: 1000  
2025/05/24 19:41:25 - mmengine - INFO - Epoch(val) [262][300/781]    eta: 0:00:42  time: 0.0908  data_time: 0.0004  memory: 1000  
2025/05/24 19:41:29 - mmengine - INFO - Epoch(val) [262][350/781]    eta: 0:00:38  time: 0.0912  data_time: 0.0004  memory: 1000  
2025/05/24 19:41:34 - mmengine - INFO - Epoch(val) [262][400/781]    eta: 0:00:33  time: 0.0909  data_time: 0.0004  memory: 1000  
2025/05/24 19:41:38 - mmengine - INFO - Epoch(val) [262][450/781]    eta: 0:00:29  time: 0.0910  data_time: 0.0004  memory: 1000  
2025/05/24 19:41:43 - mmengine - INFO - Epoch(val) [262][500/781]    eta: 0:00:25  time: 0.0910  data_time: 0.0004  memory: 1000  
2025/05/24 19:41:47 - mmengine - INFO - Epoch(val) [262][550/781]    eta: 0:00:20  time: 0.0911  data_time: 0.0004  memory: 1000  
2025/05/24 19:41:52 - mmengine - INFO - Epoch(val) [262][600/781]    eta: 0:00:16  time: 0.0909  data_time: 0.0004  memory: 1000  
2025/05/24 19:41:57 - mmengine - INFO - Epoch(val) [262][650/781]    eta: 0:00:11  time: 0.0908  data_time: 0.0004  memory: 1000  
2025/05/24 19:42:01 - mmengine - INFO - Epoch(val) [262][700/781]    eta: 0:00:07  time: 0.0908  data_time: 0.0004  memory: 1000  
2025/05/24 19:42:06 - mmengine - INFO - Epoch(val) [262][750/781]    eta: 0:00:02  time: 0.0908  data_time: 0.0004  memory: 1000  
2025/05/24 19:42:09 - mmengine - INFO - Evaluating bbox...
2025/05/24 19:42:13 - mmengine - INFO - 
+------------+-------+--------+--------+-------+-------+-------+
| category   | mAP   | mAP_50 | mAP_75 | mAP_s | mAP_m | mAP_l |
+------------+-------+--------+--------+-------+-------+-------+
| Car        | 0.69  | 0.924  | 0.765  | 0.415 | 0.719 | 0.888 |
| Truck      | 0.652 | 0.897  | 0.73   | 0.353 | 0.657 | 0.846 |
| People     | 0.517 | 0.859  | 0.544  | 0.352 | 0.705 | 0.757 |
| Bus        | 0.72  | 0.92   | 0.806  | 0.396 | 0.683 | 0.833 |
| Lamp       | 0.46  | 0.806  | 0.473  | 0.414 | 0.704 | nan   |
| Motorcycle | 0.452 | 0.724  | 0.504  | 0.1   | 0.666 | 0.799 |
+------------+-------+--------+--------+-------+-------+-------+
2025/05/24 19:42:13 - mmengine - INFO - bbox_mAP_copypaste: 0.582 0.855 0.637 0.339 0.689 0.825
2025/05/24 19:42:13 - mmengine - INFO - Epoch(val) [262][781/781]    coco/Car_precision: 0.6900  coco/Truck_precision: 0.6520  coco/People_precision: 0.5170  coco/Bus_precision: 0.7200  coco/Lamp_precision: 0.4600  coco/Motorcycle_precision: 0.4520  coco/bbox_mAP: 0.5820  coco/bbox_mAP_50: 0.8550  coco/bbox_mAP_75: 0.6370  coco/bbox_mAP_s: 0.3390  coco/bbox_mAP_m: 0.6890  coco/bbox_mAP_l: 0.8250  data_time: 0.0005  time: 0.0900
2025/05/24 19:43:33 - mmengine - INFO - Epoch(train) [263][ 50/420]  base_lr: 1.0000e-02 lr: 3.5403e-03  eta: 1 day, 1:01:56  time: 1.5876  data_time: 0.0459  memory: 10384  grad_norm: 22.6911  loss: 17.9598  loss_cls: 3.6846  loss_bbox: 6.8304  loss_dfl: 7.4448
2025/05/24 19:44:50 - mmengine - INFO - Epoch(train) [263][100/420]  base_lr: 1.0000e-02 lr: 3.5403e-03  eta: 1 day, 1:00:37  time: 1.5483  data_time: 0.0076  memory: 10474  grad_norm: 22.2440  loss: 17.7864  loss_cls: 3.6393  loss_bbox: 6.7127  loss_dfl: 7.4344
2025/05/24 19:46:08 - mmengine - INFO - Epoch(train) [263][150/420]  base_lr: 1.0000e-02 lr: 3.5403e-03  eta: 1 day, 0:59:19  time: 1.5572  data_time: 0.0081  memory: 10496  grad_norm: 21.8174  loss: 17.6798  loss_cls: 3.5747  loss_bbox: 6.6590  loss_dfl: 7.4461
2025/05/24 19:47:26 - mmengine - INFO - Epoch(train) [263][200/420]  base_lr: 1.0000e-02 lr: 3.5403e-03  eta: 1 day, 0:58:01  time: 1.5536  data_time: 0.0082  memory: 10432  grad_norm: 23.4793  loss: 17.8309  loss_cls: 3.6389  loss_bbox: 6.7059  loss_dfl: 7.4861
2025/05/24 19:48:43 - mmengine - INFO - Epoch(train) [263][250/420]  base_lr: 1.0000e-02 lr: 3.5403e-03  eta: 1 day, 0:56:41  time: 1.5339  data_time: 0.0068  memory: 10496  grad_norm: 21.8636  loss: 17.9488  loss_cls: 3.6917  loss_bbox: 6.7963  loss_dfl: 7.4607
2025/05/24 19:49:59 - mmengine - INFO - Epoch(train) [263][300/420]  base_lr: 1.0000e-02 lr: 3.5403e-03  eta: 1 day, 0:55:21  time: 1.5338  data_time: 0.0067  memory: 10453  grad_norm: 22.5809  loss: 17.8437  loss_cls: 3.6611  loss_bbox: 6.7485  loss_dfl: 7.4341
2025/05/24 19:51:16 - mmengine - INFO - Epoch(train) [263][350/420]  base_lr: 1.0000e-02 lr: 3.5403e-03  eta: 1 day, 0:54:01  time: 1.5336  data_time: 0.0067  memory: 10506  grad_norm: 22.6998  loss: 18.1704  loss_cls: 3.6657  loss_bbox: 6.9219  loss_dfl: 7.5828
2025/05/24 19:52:33 - mmengine - INFO - Epoch(train) [263][400/420]  base_lr: 1.0000e-02 lr: 3.5403e-03  eta: 1 day, 0:52:41  time: 1.5351  data_time: 0.0068  memory: 10384  grad_norm: 22.0256  loss: 17.8263  loss_cls: 3.6090  loss_bbox: 6.6895  loss_dfl: 7.5277
2025/05/24 19:53:04 - mmengine - INFO - Exp name: yolov8_mambatransformer_enhance_20250524_070703
2025/05/24 19:53:04 - mmengine - INFO - Saving checkpoint at 263 epochs
2025/05/24 19:53:12 - mmengine - INFO - Epoch(val) [263][ 50/781]    eta: 0:01:08  time: 0.0936  data_time: 0.0022  memory: 10341  
2025/05/24 19:53:17 - mmengine - INFO - Epoch(val) [263][100/781]    eta: 0:01:03  time: 0.0932  data_time: 0.0005  memory: 1000  
2025/05/24 19:53:22 - mmengine - INFO - Epoch(val) [263][150/781]    eta: 0:01:00  time: 0.0993  data_time: 0.0005  memory: 1000  
2025/05/24 19:53:26 - mmengine - INFO - Epoch(val) [263][200/781]    eta: 0:00:54  time: 0.0857  data_time: 0.0005  memory: 1000  
2025/05/24 19:53:30 - mmengine - INFO - Epoch(val) [263][250/781]    eta: 0:00:47  time: 0.0742  data_time: 0.0004  memory: 1000  
2025/05/24 19:53:33 - mmengine - INFO - Epoch(val) [263][300/781]    eta: 0:00:41  time: 0.0745  data_time: 0.0004  memory: 1000  
2025/05/24 19:53:37 - mmengine - INFO - Epoch(val) [263][350/781]    eta: 0:00:36  time: 0.0747  data_time: 0.0004  memory: 1000  
2025/05/24 19:53:41 - mmengine - INFO - Epoch(val) [263][400/781]    eta: 0:00:31  time: 0.0746  data_time: 0.0004  memory: 1000  
2025/05/24 19:53:45 - mmengine - INFO - Epoch(val) [263][450/781]    eta: 0:00:27  time: 0.0746  data_time: 0.0004  memory: 1000  
2025/05/24 19:53:48 - mmengine - INFO - Epoch(val) [263][500/781]    eta: 0:00:23  time: 0.0745  data_time: 0.0004  memory: 1000  
2025/05/24 19:53:52 - mmengine - INFO - Epoch(val) [263][550/781]    eta: 0:00:18  time: 0.0746  data_time: 0.0004  memory: 1000  
2025/05/24 19:53:56 - mmengine - INFO - Epoch(val) [263][600/781]    eta: 0:00:14  time: 0.0746  data_time: 0.0005  memory: 1000  
2025/05/24 19:54:00 - mmengine - INFO - Epoch(val) [263][650/781]    eta: 0:00:10  time: 0.0747  data_time: 0.0004  memory: 1000  
2025/05/24 19:54:04 - mmengine - INFO - Epoch(val) [263][700/781]    eta: 0:00:06  time: 0.0745  data_time: 0.0004  memory: 1000  
2025/05/24 19:54:07 - mmengine - INFO - Epoch(val) [263][750/781]    eta: 0:00:02  time: 0.0744  data_time: 0.0004  memory: 1000  
2025/05/24 19:54:10 - mmengine - INFO - Evaluating bbox...
2025/05/24 19:54:14 - mmengine - INFO - 
+------------+-------+--------+--------+-------+-------+-------+
| category   | mAP   | mAP_50 | mAP_75 | mAP_s | mAP_m | mAP_l |
+------------+-------+--------+--------+-------+-------+-------+
| Car        | 0.69  | 0.924  | 0.765  | 0.416 | 0.72  | 0.888 |
| Truck      | 0.652 | 0.897  | 0.735  | 0.359 | 0.657 | 0.847 |
| People     | 0.517 | 0.859  | 0.542  | 0.352 | 0.704 | 0.758 |
| Bus        | 0.722 | 0.92   | 0.807  | 0.397 | 0.688 | 0.832 |
| Lamp       | 0.461 | 0.807  | 0.471  | 0.415 | 0.701 | nan   |
| Motorcycle | 0.452 | 0.724  | 0.496  | 0.1   | 0.669 | 0.799 |
+------------+-------+--------+--------+-------+-------+-------+
2025/05/24 19:54:14 - mmengine - INFO - bbox_mAP_copypaste: 0.582 0.855 0.636 0.340 0.690 0.825
2025/05/24 19:54:14 - mmengine - INFO - Epoch(val) [263][781/781]    coco/Car_precision: 0.6900  coco/Truck_precision: 0.6520  coco/People_precision: 0.5170  coco/Bus_precision: 0.7220  coco/Lamp_precision: 0.4610  coco/Motorcycle_precision: 0.4520  coco/bbox_mAP: 0.5820  coco/bbox_mAP_50: 0.8550  coco/bbox_mAP_75: 0.6360  coco/bbox_mAP_s: 0.3400  coco/bbox_mAP_m: 0.6900  coco/bbox_mAP_l: 0.8250  data_time: 0.0005  time: 0.0792
2025/05/24 19:55:34 - mmengine - INFO - Epoch(train) [264][ 50/420]  base_lr: 1.0000e-02 lr: 3.5155e-03  eta: 1 day, 0:50:55  time: 1.5915  data_time: 0.0448  memory: 10464  grad_norm: 23.1338  loss: 18.1727  loss_cls: 3.6901  loss_bbox: 6.9441  loss_dfl: 7.5385
2025/05/24 19:56:51 - mmengine - INFO - Epoch(train) [264][100/420]  base_lr: 1.0000e-02 lr: 3.5155e-03  eta: 1 day, 0:49:37  time: 1.5536  data_time: 0.0075  memory: 10426  grad_norm: 21.9979  loss: 17.9589  loss_cls: 3.6283  loss_bbox: 6.7832  loss_dfl: 7.5475
2025/05/24 19:58:09 - mmengine - INFO - Epoch(train) [264][150/420]  base_lr: 1.0000e-02 lr: 3.5155e-03  eta: 1 day, 0:48:19  time: 1.5584  data_time: 0.0075  memory: 10394  grad_norm: 24.7551  loss: 18.1275  loss_cls: 3.7405  loss_bbox: 6.8448  loss_dfl: 7.5422
2025/05/24 19:59:27 - mmengine - INFO - Epoch(train) [264][200/420]  base_lr: 1.0000e-02 lr: 3.5155e-03  eta: 1 day, 0:47:01  time: 1.5533  data_time: 0.0075  memory: 10416  grad_norm: 23.8177  loss: 18.0248  loss_cls: 3.6592  loss_bbox: 6.8134  loss_dfl: 7.5523
2025/05/24 20:00:45 - mmengine - INFO - Epoch(train) [264][250/420]  base_lr: 1.0000e-02 lr: 3.5155e-03  eta: 1 day, 0:45:45  time: 1.5666  data_time: 0.0088  memory: 10373  grad_norm: 22.6692  loss: 17.7710  loss_cls: 3.5878  loss_bbox: 6.7031  loss_dfl: 7.4800
2025/05/24 20:02:03 - mmengine - INFO - Epoch(train) [264][300/420]  base_lr: 1.0000e-02 lr: 3.5155e-03  eta: 1 day, 0:44:26  time: 1.5517  data_time: 0.0077  memory: 10421  grad_norm: 22.9270  loss: 17.8606  loss_cls: 3.6168  loss_bbox: 6.7495  loss_dfl: 7.4944
2025/05/24 20:03:21 - mmengine - INFO - Epoch(train) [264][350/420]  base_lr: 1.0000e-02 lr: 3.5155e-03  eta: 1 day, 0:43:08  time: 1.5508  data_time: 0.0075  memory: 10432  grad_norm: 22.3591  loss: 17.7787  loss_cls: 3.6427  loss_bbox: 6.6224  loss_dfl: 7.5135
2025/05/24 20:04:38 - mmengine - INFO - Epoch(train) [264][400/420]  base_lr: 1.0000e-02 lr: 3.5155e-03  eta: 1 day, 0:41:50  time: 1.5497  data_time: 0.0075  memory: 10394  grad_norm: 23.3717  loss: 17.9887  loss_cls: 3.6628  loss_bbox: 6.7739  loss_dfl: 7.5520
2025/05/24 20:05:09 - mmengine - INFO - Exp name: yolov8_mambatransformer_enhance_20250524_070703
2025/05/24 20:05:09 - mmengine - INFO - Saving checkpoint at 264 epochs
2025/05/24 20:05:17 - mmengine - INFO - Epoch(val) [264][ 50/781]    eta: 0:01:03  time: 0.0870  data_time: 0.0021  memory: 10442  
2025/05/24 20:05:22 - mmengine - INFO - Epoch(val) [264][100/781]    eta: 0:01:00  time: 0.0915  data_time: 0.0004  memory: 1000  
2025/05/24 20:05:26 - mmengine - INFO - Epoch(val) [264][150/781]    eta: 0:00:56  time: 0.0916  data_time: 0.0004  memory: 1000  
2025/05/24 20:05:31 - mmengine - INFO - Epoch(val) [264][200/781]    eta: 0:00:52  time: 0.0915  data_time: 0.0004  memory: 1000  
2025/05/24 20:05:35 - mmengine - INFO - Epoch(val) [264][250/781]    eta: 0:00:48  time: 0.0912  data_time: 0.0004  memory: 1000  
2025/05/24 20:05:40 - mmengine - INFO - Epoch(val) [264][300/781]    eta: 0:00:43  time: 0.0911  data_time: 0.0004  memory: 1000  
2025/05/24 20:05:45 - mmengine - INFO - Epoch(val) [264][350/781]    eta: 0:00:39  time: 0.0911  data_time: 0.0004  memory: 1000  
2025/05/24 20:05:49 - mmengine - INFO - Epoch(val) [264][400/781]    eta: 0:00:34  time: 0.0912  data_time: 0.0004  memory: 1000  
2025/05/24 20:05:54 - mmengine - INFO - Epoch(val) [264][450/781]    eta: 0:00:30  time: 0.0911  data_time: 0.0004  memory: 1000  
2025/05/24 20:05:58 - mmengine - INFO - Epoch(val) [264][500/781]    eta: 0:00:25  time: 0.0909  data_time: 0.0004  memory: 1000  
2025/05/24 20:06:03 - mmengine - INFO - Epoch(val) [264][550/781]    eta: 0:00:20  time: 0.0910  data_time: 0.0004  memory: 1000  
2025/05/24 20:06:07 - mmengine - INFO - Epoch(val) [264][600/781]    eta: 0:00:16  time: 0.0909  data_time: 0.0004  memory: 1000  
2025/05/24 20:06:12 - mmengine - INFO - Epoch(val) [264][650/781]    eta: 0:00:11  time: 0.0908  data_time: 0.0004  memory: 1000  
2025/05/24 20:06:17 - mmengine - INFO - Epoch(val) [264][700/781]    eta: 0:00:07  time: 0.0909  data_time: 0.0004  memory: 1000  
2025/05/24 20:06:21 - mmengine - INFO - Epoch(val) [264][750/781]    eta: 0:00:02  time: 0.0909  data_time: 0.0004  memory: 1000  
2025/05/24 20:06:24 - mmengine - INFO - Evaluating bbox...
2025/05/24 20:06:29 - mmengine - INFO - 
+------------+-------+--------+--------+-------+-------+-------+
| category   | mAP   | mAP_50 | mAP_75 | mAP_s | mAP_m | mAP_l |
+------------+-------+--------+--------+-------+-------+-------+
| Car        | 0.691 | 0.924  | 0.766  | 0.416 | 0.72  | 0.889 |
| Truck      | 0.651 | 0.897  | 0.728  | 0.359 | 0.654 | 0.85  |
| People     | 0.517 | 0.859  | 0.542  | 0.351 | 0.706 | 0.757 |
| Bus        | 0.725 | 0.921  | 0.808  | 0.392 | 0.693 | 0.837 |
| Lamp       | 0.46  | 0.807  | 0.469  | 0.414 | 0.697 | nan   |
| Motorcycle | 0.45  | 0.725  | 0.49   | 0.096 | 0.668 | 0.799 |
+------------+-------+--------+--------+-------+-------+-------+
2025/05/24 20:06:29 - mmengine - INFO - bbox_mAP_copypaste: 0.582 0.856 0.634 0.338 0.690 0.827
2025/05/24 20:06:29 - mmengine - INFO - Epoch(val) [264][781/781]    coco/Car_precision: 0.6910  coco/Truck_precision: 0.6510  coco/People_precision: 0.5170  coco/Bus_precision: 0.7250  coco/Lamp_precision: 0.4600  coco/Motorcycle_precision: 0.4500  coco/bbox_mAP: 0.5820  coco/bbox_mAP_50: 0.8560  coco/bbox_mAP_75: 0.6340  coco/bbox_mAP_s: 0.3380  coco/bbox_mAP_m: 0.6900  coco/bbox_mAP_l: 0.8270  data_time: 0.0005  time: 0.0908
2025/05/24 20:07:48 - mmengine - INFO - Epoch(train) [265][ 50/420]  base_lr: 1.0000e-02 lr: 3.4908e-03  eta: 1 day, 0:40:04  time: 1.5881  data_time: 0.0457  memory: 10480  grad_norm: 23.3627  loss: 17.9388  loss_cls: 3.6361  loss_bbox: 6.8426  loss_dfl: 7.4601
2025/05/24 20:09:06 - mmengine - INFO - Epoch(train) [265][100/420]  base_lr: 1.0000e-02 lr: 3.4908e-03  eta: 1 day, 0:38:45  time: 1.5466  data_time: 0.0075  memory: 10405  grad_norm: 22.5465  loss: 17.8905  loss_cls: 3.6616  loss_bbox: 6.8092  loss_dfl: 7.4196
2025/05/24 20:09:37 - mmengine - INFO - Exp name: yolov8_mambatransformer_enhance_20250524_070703
2025/05/24 20:10:23 - mmengine - INFO - Epoch(train) [265][150/420]  base_lr: 1.0000e-02 lr: 3.4908e-03  eta: 1 day, 0:37:27  time: 1.5517  data_time: 0.0075  memory: 10432  grad_norm: 21.4940  loss: 17.7402  loss_cls: 3.5257  loss_bbox: 6.7218  loss_dfl: 7.4927
2025/05/24 20:11:41 - mmengine - INFO - Epoch(train) [265][200/420]  base_lr: 1.0000e-02 lr: 3.4908e-03  eta: 1 day, 0:36:08  time: 1.5526  data_time: 0.0074  memory: 10469  grad_norm: 23.2931  loss: 18.0628  loss_cls: 3.7091  loss_bbox: 6.8727  loss_dfl: 7.4809
2025/05/24 20:12:58 - mmengine - INFO - Epoch(train) [265][250/420]  base_lr: 1.0000e-02 lr: 3.4908e-03  eta: 1 day, 0:34:50  time: 1.5523  data_time: 0.0075  memory: 10442  grad_norm: 23.0875  loss: 17.7188  loss_cls: 3.5298  loss_bbox: 6.6752  loss_dfl: 7.5137
2025/05/24 20:14:17 - mmengine - INFO - Epoch(train) [265][300/420]  base_lr: 1.0000e-02 lr: 3.4908e-03  eta: 1 day, 0:33:33  time: 1.5646  data_time: 0.0086  memory: 10474  grad_norm: 22.8793  loss: 18.0573  loss_cls: 3.6313  loss_bbox: 6.8478  loss_dfl: 7.5782
2025/05/24 20:15:34 - mmengine - INFO - Epoch(train) [265][350/420]  base_lr: 1.0000e-02 lr: 3.4908e-03  eta: 1 day, 0:32:15  time: 1.5532  data_time: 0.0078  memory: 10400  grad_norm: 22.1772  loss: 17.8567  loss_cls: 3.6000  loss_bbox: 6.7427  loss_dfl: 7.5140
2025/05/24 20:16:52 - mmengine - INFO - Epoch(train) [265][400/420]  base_lr: 1.0000e-02 lr: 3.4908e-03  eta: 1 day, 0:30:57  time: 1.5484  data_time: 0.0075  memory: 10437  grad_norm: 22.4959  loss: 17.9927  loss_cls: 3.6210  loss_bbox: 6.8991  loss_dfl: 7.4726
2025/05/24 20:17:23 - mmengine - INFO - Exp name: yolov8_mambatransformer_enhance_20250524_070703
2025/05/24 20:17:23 - mmengine - INFO - Saving checkpoint at 265 epochs
2025/05/24 20:17:31 - mmengine - INFO - Epoch(val) [265][ 50/781]    eta: 0:01:03  time: 0.0867  data_time: 0.0022  memory: 10464  
2025/05/24 20:17:34 - mmengine - INFO - Epoch(val) [265][100/781]    eta: 0:00:54  time: 0.0738  data_time: 0.0004  memory: 1000  
2025/05/24 20:17:38 - mmengine - INFO - Epoch(val) [265][150/781]    eta: 0:00:49  time: 0.0741  data_time: 0.0004  memory: 1000  
2025/05/24 20:17:42 - mmengine - INFO - Epoch(val) [265][200/781]    eta: 0:00:44  time: 0.0734  data_time: 0.0004  memory: 1000  
2025/05/24 20:17:45 - mmengine - INFO - Epoch(val) [265][250/781]    eta: 0:00:40  time: 0.0735  data_time: 0.0004  memory: 1000  
2025/05/24 20:17:49 - mmengine - INFO - Epoch(val) [265][300/781]    eta: 0:00:36  time: 0.0732  data_time: 0.0004  memory: 1000  
2025/05/24 20:17:53 - mmengine - INFO - Epoch(val) [265][350/781]    eta: 0:00:32  time: 0.0733  data_time: 0.0004  memory: 1000  
2025/05/24 20:17:57 - mmengine - INFO - Epoch(val) [265][400/781]    eta: 0:00:28  time: 0.0735  data_time: 0.0004  memory: 1000  
2025/05/24 20:18:00 - mmengine - INFO - Epoch(val) [265][450/781]    eta: 0:00:24  time: 0.0735  data_time: 0.0004  memory: 1000  
2025/05/24 20:18:04 - mmengine - INFO - Epoch(val) [265][500/781]    eta: 0:00:21  time: 0.0736  data_time: 0.0004  memory: 1000  
2025/05/24 20:18:08 - mmengine - INFO - Epoch(val) [265][550/781]    eta: 0:00:17  time: 0.0735  data_time: 0.0004  memory: 1000  
2025/05/24 20:18:11 - mmengine - INFO - Epoch(val) [265][600/781]    eta: 0:00:13  time: 0.0751  data_time: 0.0004  memory: 1000  
2025/05/24 20:18:16 - mmengine - INFO - Epoch(val) [265][650/781]    eta: 0:00:09  time: 0.0914  data_time: 0.0004  memory: 1000  
2025/05/24 20:18:21 - mmengine - INFO - Epoch(val) [265][700/781]    eta: 0:00:06  time: 0.0911  data_time: 0.0004  memory: 1000  
2025/05/24 20:18:25 - mmengine - INFO - Epoch(val) [265][750/781]    eta: 0:00:02  time: 0.0911  data_time: 0.0004  memory: 1000  
2025/05/24 20:18:28 - mmengine - INFO - Evaluating bbox...
2025/05/24 20:18:33 - mmengine - INFO - 
+------------+-------+--------+--------+-------+-------+-------+
| category   | mAP   | mAP_50 | mAP_75 | mAP_s | mAP_m | mAP_l |
+------------+-------+--------+--------+-------+-------+-------+
| Car        | 0.69  | 0.925  | 0.766  | 0.416 | 0.72  | 0.887 |
| Truck      | 0.653 | 0.898  | 0.736  | 0.364 | 0.655 | 0.85  |
| People     | 0.517 | 0.86   | 0.543  | 0.352 | 0.705 | 0.758 |
| Bus        | 0.725 | 0.92   | 0.813  | 0.393 | 0.694 | 0.837 |
| Lamp       | 0.461 | 0.809  | 0.469  | 0.414 | 0.704 | nan   |
| Motorcycle | 0.452 | 0.725  | 0.492  | 0.096 | 0.671 | 0.799 |
+------------+-------+--------+--------+-------+-------+-------+
2025/05/24 20:18:33 - mmengine - INFO - bbox_mAP_copypaste: 0.583 0.856 0.637 0.339 0.692 0.826
2025/05/24 20:18:33 - mmengine - INFO - Epoch(val) [265][781/781]    coco/Car_precision: 0.6900  coco/Truck_precision: 0.6530  coco/People_precision: 0.5170  coco/Bus_precision: 0.7250  coco/Lamp_precision: 0.4610  coco/Motorcycle_precision: 0.4520  coco/bbox_mAP: 0.5830  coco/bbox_mAP_50: 0.8560  coco/bbox_mAP_75: 0.6370  coco/bbox_mAP_s: 0.3390  coco/bbox_mAP_m: 0.6920  coco/bbox_mAP_l: 0.8260  data_time: 0.0005  time: 0.0786
2025/05/24 20:19:51 - mmengine - INFO - Epoch(train) [266][ 50/420]  base_lr: 1.0000e-02 lr: 3.4660e-03  eta: 1 day, 0:29:09  time: 1.5745  data_time: 0.0472  memory: 10464  grad_norm: 21.8054  loss: 17.4586  loss_cls: 3.5191  loss_bbox: 6.5698  loss_dfl: 7.3696
2025/05/24 20:21:09 - mmengine - INFO - Epoch(train) [266][100/420]  base_lr: 1.0000e-02 lr: 3.4660e-03  eta: 1 day, 0:27:51  time: 1.5491  data_time: 0.0075  memory: 10464  grad_norm: 23.1453  loss: 17.9765  loss_cls: 3.7273  loss_bbox: 6.7729  loss_dfl: 7.4763
2025/05/24 20:22:26 - mmengine - INFO - Epoch(train) [266][150/420]  base_lr: 1.0000e-02 lr: 3.4660e-03  eta: 1 day, 0:26:33  time: 1.5517  data_time: 0.0075  memory: 10384  grad_norm: 23.1775  loss: 17.7827  loss_cls: 3.5751  loss_bbox: 6.6389  loss_dfl: 7.5688
2025/05/24 20:23:44 - mmengine - INFO - Epoch(train) [266][200/420]  base_lr: 1.0000e-02 lr: 3.4660e-03  eta: 1 day, 0:25:14  time: 1.5494  data_time: 0.0075  memory: 10442  grad_norm: 23.2618  loss: 18.0818  loss_cls: 3.6724  loss_bbox: 6.8180  loss_dfl: 7.5914
2025/05/24 20:25:01 - mmengine - INFO - Epoch(train) [266][250/420]  base_lr: 1.0000e-02 lr: 3.4660e-03  eta: 1 day, 0:23:56  time: 1.5501  data_time: 0.0076  memory: 10384  grad_norm: 23.0460  loss: 17.9633  loss_cls: 3.6367  loss_bbox: 6.7192  loss_dfl: 7.6074
2025/05/24 20:26:19 - mmengine - INFO - Epoch(train) [266][300/420]  base_lr: 1.0000e-02 lr: 3.4660e-03  eta: 1 day, 0:22:37  time: 1.5485  data_time: 0.0075  memory: 10458  grad_norm: 21.5367  loss: 17.3224  loss_cls: 3.5337  loss_bbox: 6.4839  loss_dfl: 7.3049
2025/05/24 20:27:37 - mmengine - INFO - Epoch(train) [266][350/420]  base_lr: 1.0000e-02 lr: 3.4660e-03  eta: 1 day, 0:21:19  time: 1.5572  data_time: 0.0081  memory: 10528  grad_norm: 23.8948  loss: 17.9868  loss_cls: 3.6895  loss_bbox: 6.8401  loss_dfl: 7.4572
2025/05/24 20:28:55 - mmengine - INFO - Epoch(train) [266][400/420]  base_lr: 1.0000e-02 lr: 3.4660e-03  eta: 1 day, 0:20:02  time: 1.5606  data_time: 0.0084  memory: 10496  grad_norm: 23.0017  loss: 17.9504  loss_cls: 3.6348  loss_bbox: 6.8018  loss_dfl: 7.5138
2025/05/24 20:29:26 - mmengine - INFO - Exp name: yolov8_mambatransformer_enhance_20250524_070703
2025/05/24 20:29:26 - mmengine - INFO - Saving checkpoint at 266 epochs
2025/05/24 20:29:34 - mmengine - INFO - Epoch(val) [266][ 50/781]    eta: 0:01:03  time: 0.0868  data_time: 0.0016  memory: 10442  
2025/05/24 20:29:38 - mmengine - INFO - Epoch(val) [266][100/781]    eta: 0:00:58  time: 0.0859  data_time: 0.0004  memory: 1000  
2025/05/24 20:29:42 - mmengine - INFO - Epoch(val) [266][150/781]    eta: 0:00:54  time: 0.0858  data_time: 0.0004  memory: 1000  
2025/05/24 20:29:47 - mmengine - INFO - Epoch(val) [266][200/781]    eta: 0:00:50  time: 0.0911  data_time: 0.0004  memory: 1000  
2025/05/24 20:29:51 - mmengine - INFO - Epoch(val) [266][250/781]    eta: 0:00:46  time: 0.0911  data_time: 0.0004  memory: 1000  
2025/05/24 20:29:56 - mmengine - INFO - Epoch(val) [266][300/781]    eta: 0:00:42  time: 0.0910  data_time: 0.0004  memory: 1000  
2025/05/24 20:30:01 - mmengine - INFO - Epoch(val) [266][350/781]    eta: 0:00:38  time: 0.0910  data_time: 0.0004  memory: 1000  
2025/05/24 20:30:05 - mmengine - INFO - Epoch(val) [266][400/781]    eta: 0:00:33  time: 0.0911  data_time: 0.0004  memory: 1000  
2025/05/24 20:30:10 - mmengine - INFO - Epoch(val) [266][450/781]    eta: 0:00:29  time: 0.0911  data_time: 0.0004  memory: 1000  
2025/05/24 20:30:14 - mmengine - INFO - Epoch(val) [266][500/781]    eta: 0:00:25  time: 0.0911  data_time: 0.0004  memory: 1000  
2025/05/24 20:30:19 - mmengine - INFO - Epoch(val) [266][550/781]    eta: 0:00:20  time: 0.0912  data_time: 0.0004  memory: 1000  
2025/05/24 20:30:24 - mmengine - INFO - Epoch(val) [266][600/781]    eta: 0:00:16  time: 0.0912  data_time: 0.0004  memory: 1000  
2025/05/24 20:30:28 - mmengine - INFO - Epoch(val) [266][650/781]    eta: 0:00:11  time: 0.0911  data_time: 0.0004  memory: 1000  
2025/05/24 20:30:33 - mmengine - INFO - Epoch(val) [266][700/781]    eta: 0:00:07  time: 0.0911  data_time: 0.0004  memory: 1000  
2025/05/24 20:30:37 - mmengine - INFO - Epoch(val) [266][750/781]    eta: 0:00:02  time: 0.0910  data_time: 0.0004  memory: 1000  
2025/05/24 20:30:41 - mmengine - INFO - Evaluating bbox...
2025/05/24 20:30:45 - mmengine - INFO - 
+------------+-------+--------+--------+-------+-------+-------+
| category   | mAP   | mAP_50 | mAP_75 | mAP_s | mAP_m | mAP_l |
+------------+-------+--------+--------+-------+-------+-------+
| Car        | 0.69  | 0.925  | 0.766  | 0.417 | 0.719 | 0.887 |
| Truck      | 0.656 | 0.898  | 0.736  | 0.37  | 0.658 | 0.851 |
| People     | 0.517 | 0.861  | 0.543  | 0.351 | 0.704 | 0.759 |
| Bus        | 0.726 | 0.92   | 0.817  | 0.396 | 0.691 | 0.841 |
| Lamp       | 0.462 | 0.808  | 0.47   | 0.415 | 0.707 | nan   |
| Motorcycle | 0.449 | 0.725  | 0.491  | 0.096 | 0.667 | 0.799 |
+------------+-------+--------+--------+-------+-------+-------+
2025/05/24 20:30:45 - mmengine - INFO - bbox_mAP_copypaste: 0.583 0.856 0.637 0.341 0.691 0.828
2025/05/24 20:30:45 - mmengine - INFO - Epoch(val) [266][781/781]    coco/Car_precision: 0.6900  coco/Truck_precision: 0.6560  coco/People_precision: 0.5170  coco/Bus_precision: 0.7260  coco/Lamp_precision: 0.4620  coco/Motorcycle_precision: 0.4490  coco/bbox_mAP: 0.5830  coco/bbox_mAP_50: 0.8560  coco/bbox_mAP_75: 0.6370  coco/bbox_mAP_s: 0.3410  coco/bbox_mAP_m: 0.6910  coco/bbox_mAP_l: 0.8280  data_time: 0.0005  time: 0.0901
2025/05/24 20:32:04 - mmengine - INFO - Epoch(train) [267][ 50/420]  base_lr: 1.0000e-02 lr: 3.4413e-03  eta: 1 day, 0:18:16  time: 1.5892  data_time: 0.0452  memory: 10464  grad_norm: 21.4084  loss: 17.8311  loss_cls: 3.6209  loss_bbox: 6.7717  loss_dfl: 7.4385
2025/05/24 20:33:22 - mmengine - INFO - Epoch(train) [267][100/420]  base_lr: 1.0000e-02 lr: 3.4413e-03  eta: 1 day, 0:16:58  time: 1.5490  data_time: 0.0075  memory: 10544  grad_norm: 23.4657  loss: 17.9655  loss_cls: 3.6433  loss_bbox: 6.8535  loss_dfl: 7.4687
2025/05/24 20:34:39 - mmengine - INFO - Epoch(train) [267][150/420]  base_lr: 1.0000e-02 lr: 3.4413e-03  eta: 1 day, 0:15:40  time: 1.5540  data_time: 0.0076  memory: 10544  grad_norm: 21.8397  loss: 17.5163  loss_cls: 3.5248  loss_bbox: 6.5368  loss_dfl: 7.4547
2025/05/24 20:35:57 - mmengine - INFO - Epoch(train) [267][200/420]  base_lr: 1.0000e-02 lr: 3.4413e-03  eta: 1 day, 0:14:21  time: 1.5489  data_time: 0.0076  memory: 10437  grad_norm: 23.8205  loss: 17.9480  loss_cls: 3.6198  loss_bbox: 6.7651  loss_dfl: 7.5631
2025/05/24 20:37:14 - mmengine - INFO - Epoch(train) [267][250/420]  base_lr: 1.0000e-02 lr: 3.4413e-03  eta: 1 day, 0:13:03  time: 1.5494  data_time: 0.0075  memory: 10411  grad_norm: 22.6276  loss: 17.9075  loss_cls: 3.6270  loss_bbox: 6.7819  loss_dfl: 7.4986
2025/05/24 20:38:01 - mmengine - INFO - Exp name: yolov8_mambatransformer_enhance_20250524_070703
2025/05/24 20:38:32 - mmengine - INFO - Epoch(train) [267][300/420]  base_lr: 1.0000e-02 lr: 3.4413e-03  eta: 1 day, 0:11:44  time: 1.5490  data_time: 0.0076  memory: 10496  grad_norm: 22.2950  loss: 17.9376  loss_cls: 3.6531  loss_bbox: 6.8607  loss_dfl: 7.4238
2025/05/24 20:39:49 - mmengine - INFO - Epoch(train) [267][350/420]  base_lr: 1.0000e-02 lr: 3.4413e-03  eta: 1 day, 0:10:26  time: 1.5492  data_time: 0.0075  memory: 10437  grad_norm: 23.9486  loss: 18.3718  loss_cls: 3.7924  loss_bbox: 6.9959  loss_dfl: 7.5835
2025/05/24 20:41:07 - mmengine - INFO - Epoch(train) [267][400/420]  base_lr: 1.0000e-02 lr: 3.4413e-03  eta: 1 day, 0:09:08  time: 1.5542  data_time: 0.0079  memory: 10416  grad_norm: 21.8702  loss: 17.8516  loss_cls: 3.5606  loss_bbox: 6.7728  loss_dfl: 7.5181
2025/05/24 20:41:38 - mmengine - INFO - Exp name: yolov8_mambatransformer_enhance_20250524_070703
2025/05/24 20:41:38 - mmengine - INFO - Saving checkpoint at 267 epochs
2025/05/24 20:41:49 - mmengine - INFO - Epoch(val) [267][ 50/781]    eta: 0:01:25  time: 0.1170  data_time: 0.0023  memory: 10400  
2025/05/24 20:41:55 - mmengine - INFO - Epoch(val) [267][100/781]    eta: 0:01:18  time: 0.1130  data_time: 0.0007  memory: 1000  
2025/05/24 20:42:01 - mmengine - INFO - Epoch(val) [267][150/781]    eta: 0:01:11  time: 0.1119  data_time: 0.0013  memory: 1000  
2025/05/24 20:42:06 - mmengine - INFO - Epoch(val) [267][200/781]    eta: 0:01:06  time: 0.1127  data_time: 0.0015  memory: 1000  
2025/05/24 20:42:12 - mmengine - INFO - Epoch(val) [267][250/781]    eta: 0:00:59  time: 0.1088  data_time: 0.0004  memory: 1000  
2025/05/24 20:42:18 - mmengine - INFO - Epoch(val) [267][300/781]    eta: 0:00:54  time: 0.1165  data_time: 0.0021  memory: 1000  
2025/05/24 20:42:22 - mmengine - INFO - Epoch(val) [267][350/781]    eta: 0:00:47  time: 0.0873  data_time: 0.0007  memory: 1000  
2025/05/24 20:42:26 - mmengine - INFO - Epoch(val) [267][400/781]    eta: 0:00:40  time: 0.0755  data_time: 0.0004  memory: 1000  
2025/05/24 20:42:30 - mmengine - INFO - Epoch(val) [267][450/781]    eta: 0:00:34  time: 0.0867  data_time: 0.0004  memory: 1000  
2025/05/24 20:42:34 - mmengine - INFO - Epoch(val) [267][500/781]    eta: 0:00:28  time: 0.0733  data_time: 0.0004  memory: 1000  
2025/05/24 20:42:38 - mmengine - INFO - Epoch(val) [267][550/781]    eta: 0:00:22  time: 0.0737  data_time: 0.0004  memory: 1000  
2025/05/24 20:42:41 - mmengine - INFO - Epoch(val) [267][600/781]    eta: 0:00:17  time: 0.0731  data_time: 0.0004  memory: 1000  
2025/05/24 20:42:45 - mmengine - INFO - Epoch(val) [267][650/781]    eta: 0:00:12  time: 0.0738  data_time: 0.0004  memory: 1000  
2025/05/24 20:42:49 - mmengine - INFO - Epoch(val) [267][700/781]    eta: 0:00:07  time: 0.0733  data_time: 0.0004  memory: 1000  
2025/05/24 20:42:52 - mmengine - INFO - Epoch(val) [267][750/781]    eta: 0:00:02  time: 0.0730  data_time: 0.0004  memory: 1000  
2025/05/24 20:42:55 - mmengine - INFO - Evaluating bbox...
2025/05/24 20:42:59 - mmengine - INFO - 
+------------+-------+--------+--------+-------+-------+-------+
| category   | mAP   | mAP_50 | mAP_75 | mAP_s | mAP_m | mAP_l |
+------------+-------+--------+--------+-------+-------+-------+
| Car        | 0.69  | 0.926  | 0.765  | 0.417 | 0.72  | 0.888 |
| Truck      | 0.657 | 0.898  | 0.736  | 0.374 | 0.658 | 0.851 |
| People     | 0.517 | 0.861  | 0.542  | 0.352 | 0.704 | 0.758 |
| Bus        | 0.723 | 0.919  | 0.812  | 0.407 | 0.684 | 0.835 |
| Lamp       | 0.462 | 0.809  | 0.472  | 0.415 | 0.707 | nan   |
| Motorcycle | 0.451 | 0.725  | 0.491  | 0.101 | 0.668 | 0.799 |
+------------+-------+--------+--------+-------+-------+-------+
2025/05/24 20:42:59 - mmengine - INFO - bbox_mAP_copypaste: 0.583 0.856 0.636 0.344 0.690 0.826
2025/05/24 20:42:59 - mmengine - INFO - Epoch(val) [267][781/781]    coco/Car_precision: 0.6900  coco/Truck_precision: 0.6570  coco/People_precision: 0.5170  coco/Bus_precision: 0.7230  coco/Lamp_precision: 0.4620  coco/Motorcycle_precision: 0.4510  coco/bbox_mAP: 0.5830  coco/bbox_mAP_50: 0.8560  coco/bbox_mAP_75: 0.6360  coco/bbox_mAP_s: 0.3440  coco/bbox_mAP_m: 0.6900  coco/bbox_mAP_l: 0.8260  data_time: 0.0008  time: 0.0906
2025/05/24 20:44:19 - mmengine - INFO - Epoch(train) [268][ 50/420]  base_lr: 1.0000e-02 lr: 3.4165e-03  eta: 1 day, 0:07:23  time: 1.5939  data_time: 0.0477  memory: 10501  grad_norm: 22.9022  loss: 17.8227  loss_cls: 3.6166  loss_bbox: 6.7534  loss_dfl: 7.4526
2025/05/24 20:45:36 - mmengine - INFO - Epoch(train) [268][100/420]  base_lr: 1.0000e-02 lr: 3.4165e-03  eta: 1 day, 0:06:04  time: 1.5494  data_time: 0.0074  memory: 10400  grad_norm: 22.3898  loss: 17.9447  loss_cls: 3.6615  loss_bbox: 6.8521  loss_dfl: 7.4312
2025/05/24 20:46:54 - mmengine - INFO - Epoch(train) [268][150/420]  base_lr: 1.0000e-02 lr: 3.4165e-03  eta: 1 day, 0:04:46  time: 1.5486  data_time: 0.0075  memory: 10421  grad_norm: 23.4204  loss: 17.6628  loss_cls: 3.6005  loss_bbox: 6.6407  loss_dfl: 7.4216
2025/05/24 20:48:11 - mmengine - INFO - Epoch(train) [268][200/420]  base_lr: 1.0000e-02 lr: 3.4165e-03  eta: 1 day, 0:03:27  time: 1.5489  data_time: 0.0075  memory: 10405  grad_norm: 22.4463  loss: 17.6224  loss_cls: 3.5017  loss_bbox: 6.5958  loss_dfl: 7.5250
2025/05/24 20:49:29 - mmengine - INFO - Epoch(train) [268][250/420]  base_lr: 1.0000e-02 lr: 3.4165e-03  eta: 1 day, 0:02:09  time: 1.5489  data_time: 0.0074  memory: 10400  grad_norm: 23.2108  loss: 17.8786  loss_cls: 3.6040  loss_bbox: 6.7079  loss_dfl: 7.5667
2025/05/24 20:50:46 - mmengine - INFO - Epoch(train) [268][300/420]  base_lr: 1.0000e-02 lr: 3.4165e-03  eta: 1 day, 0:00:50  time: 1.5491  data_time: 0.0075  memory: 10405  grad_norm: 24.0888  loss: 18.2158  loss_cls: 3.6578  loss_bbox: 6.9857  loss_dfl: 7.5722
2025/05/24 20:52:04 - mmengine - INFO - Epoch(train) [268][350/420]  base_lr: 1.0000e-02 lr: 3.4165e-03  eta: 23:59:32  time: 1.5497  data_time: 0.0075  memory: 10464  grad_norm: 22.5527  loss: 17.8941  loss_cls: 3.6326  loss_bbox: 6.7745  loss_dfl: 7.4869
2025/05/24 20:53:21 - mmengine - INFO - Epoch(train) [268][400/420]  base_lr: 1.0000e-02 lr: 3.4165e-03  eta: 23:58:13  time: 1.5491  data_time: 0.0074  memory: 10528  grad_norm: 23.0641  loss: 17.8684  loss_cls: 3.6406  loss_bbox: 6.7441  loss_dfl: 7.4836
2025/05/24 20:53:52 - mmengine - INFO - Exp name: yolov8_mambatransformer_enhance_20250524_070703
2025/05/24 20:53:52 - mmengine - INFO - Saving checkpoint at 268 epochs
2025/05/24 20:54:00 - mmengine - INFO - Epoch(val) [268][ 50/781]    eta: 0:01:08  time: 0.0939  data_time: 0.0022  memory: 10394  
2025/05/24 20:54:05 - mmengine - INFO - Epoch(val) [268][100/781]    eta: 0:01:03  time: 0.0915  data_time: 0.0004  memory: 1000  
2025/05/24 20:54:10 - mmengine - INFO - Epoch(val) [268][150/781]    eta: 0:00:58  time: 0.0912  data_time: 0.0004  memory: 1000  
2025/05/24 20:54:14 - mmengine - INFO - Epoch(val) [268][200/781]    eta: 0:00:53  time: 0.0903  data_time: 0.0004  memory: 1000  
2025/05/24 20:54:18 - mmengine - INFO - Epoch(val) [268][250/781]    eta: 0:00:47  time: 0.0787  data_time: 0.0004  memory: 1000  
2025/05/24 20:54:22 - mmengine - INFO - Epoch(val) [268][300/781]    eta: 0:00:41  time: 0.0740  data_time: 0.0004  memory: 1000  
2025/05/24 20:54:26 - mmengine - INFO - Epoch(val) [268][350/781]    eta: 0:00:36  time: 0.0740  data_time: 0.0004  memory: 1000  
2025/05/24 20:54:29 - mmengine - INFO - Epoch(val) [268][400/781]    eta: 0:00:31  time: 0.0740  data_time: 0.0004  memory: 1000  
2025/05/24 20:54:33 - mmengine - INFO - Epoch(val) [268][450/781]    eta: 0:00:27  time: 0.0744  data_time: 0.0004  memory: 1000  
2025/05/24 20:54:37 - mmengine - INFO - Epoch(val) [268][500/781]    eta: 0:00:22  time: 0.0742  data_time: 0.0004  memory: 1000  
2025/05/24 20:54:41 - mmengine - INFO - Epoch(val) [268][550/781]    eta: 0:00:18  time: 0.0743  data_time: 0.0004  memory: 1000  
2025/05/24 20:54:44 - mmengine - INFO - Epoch(val) [268][600/781]    eta: 0:00:14  time: 0.0741  data_time: 0.0004  memory: 1000  
2025/05/24 20:54:48 - mmengine - INFO - Epoch(val) [268][650/781]    eta: 0:00:10  time: 0.0742  data_time: 0.0004  memory: 1000  
2025/05/24 20:54:52 - mmengine - INFO - Epoch(val) [268][700/781]    eta: 0:00:06  time: 0.0843  data_time: 0.0004  memory: 1000  
2025/05/24 20:54:58 - mmengine - INFO - Epoch(val) [268][750/781]    eta: 0:00:02  time: 0.1105  data_time: 0.0011  memory: 1000  
2025/05/24 20:55:02 - mmengine - INFO - Evaluating bbox...
2025/05/24 20:55:06 - mmengine - INFO - 
+------------+-------+--------+--------+-------+-------+-------+
| category   | mAP   | mAP_50 | mAP_75 | mAP_s | mAP_m | mAP_l |
+------------+-------+--------+--------+-------+-------+-------+
| Car        | 0.69  | 0.925  | 0.765  | 0.417 | 0.721 | 0.887 |
| Truck      | 0.655 | 0.898  | 0.727  | 0.378 | 0.657 | 0.852 |
| People     | 0.517 | 0.861  | 0.54   | 0.351 | 0.705 | 0.758 |
| Bus        | 0.724 | 0.921  | 0.812  | 0.408 | 0.687 | 0.835 |
| Lamp       | 0.462 | 0.807  | 0.468  | 0.415 | 0.708 | nan   |
| Motorcycle | 0.451 | 0.712  | 0.491  | 0.097 | 0.67  | 0.799 |
+------------+-------+--------+--------+-------+-------+-------+
2025/05/24 20:55:06 - mmengine - INFO - bbox_mAP_copypaste: 0.583 0.854 0.634 0.344 0.691 0.826
2025/05/24 20:55:06 - mmengine - INFO - Epoch(val) [268][781/781]    coco/Car_precision: 0.6900  coco/Truck_precision: 0.6550  coco/People_precision: 0.5170  coco/Bus_precision: 0.7240  coco/Lamp_precision: 0.4620  coco/Motorcycle_precision: 0.4510  coco/bbox_mAP: 0.5830  coco/bbox_mAP_50: 0.8540  coco/bbox_mAP_75: 0.6340  coco/bbox_mAP_s: 0.3440  coco/bbox_mAP_m: 0.6910  coco/bbox_mAP_l: 0.8260  data_time: 0.0006  time: 0.0832
2025/05/24 20:56:27 - mmengine - INFO - Epoch(train) [269][ 50/420]  base_lr: 1.0000e-02 lr: 3.3918e-03  eta: 23:56:29  time: 1.6073  data_time: 0.0524  memory: 10432  grad_norm: 21.4630  loss: 17.6127  loss_cls: 3.5631  loss_bbox: 6.6664  loss_dfl: 7.3832
2025/05/24 20:57:44 - mmengine - INFO - Epoch(train) [269][100/420]  base_lr: 1.0000e-02 lr: 3.3918e-03  eta: 23:55:10  time: 1.5480  data_time: 0.0074  memory: 10442  grad_norm: 22.8163  loss: 17.7241  loss_cls: 3.5814  loss_bbox: 6.6321  loss_dfl: 7.5106
2025/05/24 20:59:02 - mmengine - INFO - Epoch(train) [269][150/420]  base_lr: 1.0000e-02 lr: 3.3918e-03  eta: 23:53:52  time: 1.5489  data_time: 0.0075  memory: 10426  grad_norm: 22.7317  loss: 17.4967  loss_cls: 3.5433  loss_bbox: 6.5174  loss_dfl: 7.4360
2025/05/24 21:00:19 - mmengine - INFO - Epoch(train) [269][200/420]  base_lr: 1.0000e-02 lr: 3.3918e-03  eta: 23:52:34  time: 1.5491  data_time: 0.0075  memory: 10405  grad_norm: 23.3375  loss: 17.8863  loss_cls: 3.6264  loss_bbox: 6.7322  loss_dfl: 7.5277
2025/05/24 21:01:37 - mmengine - INFO - Epoch(train) [269][250/420]  base_lr: 1.0000e-02 lr: 3.3918e-03  eta: 23:51:15  time: 1.5491  data_time: 0.0075  memory: 10426  grad_norm: 23.1415  loss: 18.0128  loss_cls: 3.6357  loss_bbox: 6.9001  loss_dfl: 7.4771
2025/05/24 21:02:54 - mmengine - INFO - Epoch(train) [269][300/420]  base_lr: 1.0000e-02 lr: 3.3918e-03  eta: 23:49:57  time: 1.5487  data_time: 0.0074  memory: 10480  grad_norm: 22.2628  loss: 17.7296  loss_cls: 3.5815  loss_bbox: 6.6780  loss_dfl: 7.4702
2025/05/24 21:04:12 - mmengine - INFO - Epoch(train) [269][350/420]  base_lr: 1.0000e-02 lr: 3.3918e-03  eta: 23:48:38  time: 1.5492  data_time: 0.0075  memory: 10442  grad_norm: 22.8391  loss: 17.8189  loss_cls: 3.6362  loss_bbox: 6.7604  loss_dfl: 7.4224
2025/05/24 21:05:29 - mmengine - INFO - Epoch(train) [269][400/420]  base_lr: 1.0000e-02 lr: 3.3918e-03  eta: 23:47:20  time: 1.5505  data_time: 0.0075  memory: 10411  grad_norm: 22.4311  loss: 18.0342  loss_cls: 3.7205  loss_bbox: 6.8511  loss_dfl: 7.4625
2025/05/24 21:06:00 - mmengine - INFO - Exp name: yolov8_mambatransformer_enhance_20250524_070703
2025/05/24 21:06:00 - mmengine - INFO - Saving checkpoint at 269 epochs
2025/05/24 21:06:08 - mmengine - INFO - Epoch(val) [269][ 50/781]    eta: 0:01:02  time: 0.0856  data_time: 0.0017  memory: 10400  
2025/05/24 21:06:12 - mmengine - INFO - Epoch(val) [269][100/781]    eta: 0:00:58  time: 0.0860  data_time: 0.0004  memory: 1000  
2025/05/24 21:06:16 - mmengine - INFO - Epoch(val) [269][150/781]    eta: 0:00:54  time: 0.0855  data_time: 0.0004  memory: 1000  
2025/05/24 21:06:21 - mmengine - INFO - Epoch(val) [269][200/781]    eta: 0:00:49  time: 0.0851  data_time: 0.0004  memory: 1000  
2025/05/24 21:06:25 - mmengine - INFO - Epoch(val) [269][250/781]    eta: 0:00:45  time: 0.0855  data_time: 0.0004  memory: 1000  
2025/05/24 21:06:29 - mmengine - INFO - Epoch(val) [269][300/781]    eta: 0:00:41  time: 0.0851  data_time: 0.0004  memory: 1000  
2025/05/24 21:06:34 - mmengine - INFO - Epoch(val) [269][350/781]    eta: 0:00:36  time: 0.0851  data_time: 0.0004  memory: 1000  
2025/05/24 21:06:38 - mmengine - INFO - Epoch(val) [269][400/781]    eta: 0:00:32  time: 0.0852  data_time: 0.0004  memory: 1000  
2025/05/24 21:06:42 - mmengine - INFO - Epoch(val) [269][450/781]    eta: 0:00:28  time: 0.0853  data_time: 0.0004  memory: 1000  
2025/05/24 21:06:47 - mmengine - INFO - Epoch(val) [269][500/781]    eta: 0:00:23  time: 0.0851  data_time: 0.0004  memory: 1000  
2025/05/24 21:06:51 - mmengine - INFO - Epoch(val) [269][550/781]    eta: 0:00:19  time: 0.0852  data_time: 0.0004  memory: 1000  
2025/05/24 21:06:55 - mmengine - INFO - Epoch(val) [269][600/781]    eta: 0:00:15  time: 0.0852  data_time: 0.0004  memory: 1000  
2025/05/24 21:06:59 - mmengine - INFO - Epoch(val) [269][650/781]    eta: 0:00:11  time: 0.0854  data_time: 0.0004  memory: 1000  
2025/05/24 21:07:04 - mmengine - INFO - Epoch(val) [269][700/781]    eta: 0:00:06  time: 0.0852  data_time: 0.0004  memory: 1000  
2025/05/24 21:07:08 - mmengine - INFO - Epoch(val) [269][750/781]    eta: 0:00:02  time: 0.0852  data_time: 0.0004  memory: 1000  
2025/05/24 21:07:11 - mmengine - INFO - Evaluating bbox...
2025/05/24 21:07:15 - mmengine - INFO - 
+------------+-------+--------+--------+-------+-------+-------+
| category   | mAP   | mAP_50 | mAP_75 | mAP_s | mAP_m | mAP_l |
+------------+-------+--------+--------+-------+-------+-------+
| Car        | 0.691 | 0.925  | 0.766  | 0.417 | 0.721 | 0.887 |
| Truck      | 0.655 | 0.897  | 0.729  | 0.385 | 0.656 | 0.851 |
| People     | 0.517 | 0.86   | 0.541  | 0.351 | 0.706 | 0.757 |
| Bus        | 0.725 | 0.921  | 0.817  | 0.411 | 0.686 | 0.835 |
| Lamp       | 0.461 | 0.808  | 0.464  | 0.413 | 0.707 | nan   |
| Motorcycle | 0.452 | 0.711  | 0.49   | 0.097 | 0.669 | 0.799 |
+------------+-------+--------+--------+-------+-------+-------+
2025/05/24 21:07:15 - mmengine - INFO - bbox_mAP_copypaste: 0.583 0.854 0.634 0.346 0.691 0.826
2025/05/24 21:07:15 - mmengine - INFO - Epoch(val) [269][781/781]    coco/Car_precision: 0.6910  coco/Truck_precision: 0.6550  coco/People_precision: 0.5170  coco/Bus_precision: 0.7250  coco/Lamp_precision: 0.4610  coco/Motorcycle_precision: 0.4520  coco/bbox_mAP: 0.5830  coco/bbox_mAP_50: 0.8540  coco/bbox_mAP_75: 0.6340  coco/bbox_mAP_s: 0.3460  coco/bbox_mAP_m: 0.6910  coco/bbox_mAP_l: 0.8260  data_time: 0.0005  time: 0.0852
2025/05/24 21:07:48 - mmengine - INFO - Exp name: yolov8_mambatransformer_enhance_20250524_070703
2025/05/24 21:08:35 - mmengine - INFO - Epoch(train) [270][ 50/420]  base_lr: 1.0000e-02 lr: 3.3670e-03  eta: 23:45:34  time: 1.5877  data_time: 0.0460  memory: 10389  grad_norm: 24.3634  loss: 17.9990  loss_cls: 3.6939  loss_bbox: 6.7885  loss_dfl: 7.5166
2025/05/24 21:09:53 - mmengine - INFO - Epoch(train) [270][100/420]  base_lr: 1.0000e-02 lr: 3.3670e-03  eta: 23:44:17  time: 1.5656  data_time: 0.0090  memory: 10480  grad_norm: 22.9023  loss: 18.0160  loss_cls: 3.6827  loss_bbox: 6.8811  loss_dfl: 7.4522
2025/05/24 21:11:11 - mmengine - INFO - Epoch(train) [270][150/420]  base_lr: 1.0000e-02 lr: 3.3670e-03  eta: 23:42:58  time: 1.5504  data_time: 0.0076  memory: 10394  grad_norm: 21.7449  loss: 17.8207  loss_cls: 3.6072  loss_bbox: 6.7353  loss_dfl: 7.4782
2025/05/24 21:12:28 - mmengine - INFO - Epoch(train) [270][200/420]  base_lr: 1.0000e-02 lr: 3.3670e-03  eta: 23:41:40  time: 1.5506  data_time: 0.0075  memory: 10512  grad_norm: 22.4389  loss: 17.7327  loss_cls: 3.6112  loss_bbox: 6.7017  loss_dfl: 7.4198
2025/05/24 21:13:46 - mmengine - INFO - Epoch(train) [270][250/420]  base_lr: 1.0000e-02 lr: 3.3670e-03  eta: 23:40:22  time: 1.5495  data_time: 0.0075  memory: 10421  grad_norm: 23.0076  loss: 17.8653  loss_cls: 3.6264  loss_bbox: 6.7873  loss_dfl: 7.4516
2025/05/24 21:15:03 - mmengine - INFO - Epoch(train) [270][300/420]  base_lr: 1.0000e-02 lr: 3.3670e-03  eta: 23:39:03  time: 1.5492  data_time: 0.0077  memory: 10458  grad_norm: 22.5800  loss: 17.6734  loss_cls: 3.5765  loss_bbox: 6.6890  loss_dfl: 7.4080
2025/05/24 21:16:21 - mmengine - INFO - Epoch(train) [270][350/420]  base_lr: 1.0000e-02 lr: 3.3670e-03  eta: 23:37:45  time: 1.5494  data_time: 0.0076  memory: 10378  grad_norm: 22.7175  loss: 17.7560  loss_cls: 3.5486  loss_bbox: 6.6561  loss_dfl: 7.5513
2025/05/24 21:17:38 - mmengine - INFO - Epoch(train) [270][400/420]  base_lr: 1.0000e-02 lr: 3.3670e-03  eta: 23:36:26  time: 1.5498  data_time: 0.0076  memory: 10496  grad_norm: 23.4181  loss: 17.8690  loss_cls: 3.5824  loss_bbox: 6.7558  loss_dfl: 7.5309
2025/05/24 21:18:09 - mmengine - INFO - Exp name: yolov8_mambatransformer_enhance_20250524_070703
2025/05/24 21:18:09 - mmengine - INFO - Saving checkpoint at 270 epochs
2025/05/24 21:18:17 - mmengine - INFO - Epoch(val) [270][ 50/781]    eta: 0:01:08  time: 0.0936  data_time: 0.0022  memory: 10469  
2025/05/24 21:18:22 - mmengine - INFO - Epoch(val) [270][100/781]    eta: 0:01:03  time: 0.0916  data_time: 0.0005  memory: 1000  
2025/05/24 21:18:26 - mmengine - INFO - Epoch(val) [270][150/781]    eta: 0:00:58  time: 0.0913  data_time: 0.0004  memory: 1000  
2025/05/24 21:18:31 - mmengine - INFO - Epoch(val) [270][200/781]    eta: 0:00:53  time: 0.0912  data_time: 0.0004  memory: 1000  
2025/05/24 21:18:36 - mmengine - INFO - Epoch(val) [270][250/781]    eta: 0:00:48  time: 0.0912  data_time: 0.0004  memory: 1000  
2025/05/24 21:18:40 - mmengine - INFO - Epoch(val) [270][300/781]    eta: 0:00:44  time: 0.0911  data_time: 0.0004  memory: 1000  
2025/05/24 21:18:45 - mmengine - INFO - Epoch(val) [270][350/781]    eta: 0:00:39  time: 0.0910  data_time: 0.0004  memory: 1000  
2025/05/24 21:18:49 - mmengine - INFO - Epoch(val) [270][400/781]    eta: 0:00:34  time: 0.0910  data_time: 0.0005  memory: 1000  
2025/05/24 21:18:54 - mmengine - INFO - Epoch(val) [270][450/781]    eta: 0:00:30  time: 0.0909  data_time: 0.0004  memory: 1000  
2025/05/24 21:18:59 - mmengine - INFO - Epoch(val) [270][500/781]    eta: 0:00:25  time: 0.0909  data_time: 0.0004  memory: 1000  
2025/05/24 21:19:03 - mmengine - INFO - Epoch(val) [270][550/781]    eta: 0:00:21  time: 0.0909  data_time: 0.0004  memory: 1000  
2025/05/24 21:19:08 - mmengine - INFO - Epoch(val) [270][600/781]    eta: 0:00:16  time: 0.0909  data_time: 0.0004  memory: 1000  
2025/05/24 21:19:12 - mmengine - INFO - Epoch(val) [270][650/781]    eta: 0:00:11  time: 0.0910  data_time: 0.0004  memory: 1000  
2025/05/24 21:19:17 - mmengine - INFO - Epoch(val) [270][700/781]    eta: 0:00:07  time: 0.0910  data_time: 0.0004  memory: 1000  
2025/05/24 21:19:22 - mmengine - INFO - Epoch(val) [270][750/781]    eta: 0:00:02  time: 0.0910  data_time: 0.0004  memory: 1000  
2025/05/24 21:19:25 - mmengine - INFO - Evaluating bbox...
2025/05/24 21:19:29 - mmengine - INFO - 
+------------+-------+--------+--------+-------+-------+-------+
| category   | mAP   | mAP_50 | mAP_75 | mAP_s | mAP_m | mAP_l |
+------------+-------+--------+--------+-------+-------+-------+
| Car        | 0.691 | 0.925  | 0.766  | 0.418 | 0.721 | 0.888 |
| Truck      | 0.653 | 0.897  | 0.725  | 0.383 | 0.656 | 0.845 |
| People     | 0.517 | 0.86   | 0.54   | 0.352 | 0.704 | 0.757 |
| Bus        | 0.724 | 0.921  | 0.813  | 0.415 | 0.683 | 0.834 |
| Lamp       | 0.46  | 0.808  | 0.463  | 0.413 | 0.703 | nan   |
| Motorcycle | 0.449 | 0.728  | 0.485  | 0.101 | 0.663 | 0.796 |
+------------+-------+--------+--------+-------+-------+-------+
2025/05/24 21:19:29 - mmengine - INFO - bbox_mAP_copypaste: 0.582 0.856 0.632 0.347 0.688 0.824
2025/05/24 21:19:29 - mmengine - INFO - Epoch(val) [270][781/781]    coco/Car_precision: 0.6910  coco/Truck_precision: 0.6530  coco/People_precision: 0.5170  coco/Bus_precision: 0.7240  coco/Lamp_precision: 0.4600  coco/Motorcycle_precision: 0.4490  coco/bbox_mAP: 0.5820  coco/bbox_mAP_50: 0.8560  coco/bbox_mAP_75: 0.6320  coco/bbox_mAP_s: 0.3470  coco/bbox_mAP_m: 0.6880  coco/bbox_mAP_l: 0.8240  data_time: 0.0005  time: 0.0912
2025/05/24 21:20:48 - mmengine - INFO - Epoch(train) [271][ 50/420]  base_lr: 1.0000e-02 lr: 3.3423e-03  eta: 23:34:39  time: 1.5744  data_time: 0.0469  memory: 10373  grad_norm: 22.7579  loss: 17.4767  loss_cls: 3.4942  loss_bbox: 6.5886  loss_dfl: 7.3939
2025/05/24 21:22:05 - mmengine - INFO - Epoch(train) [271][100/420]  base_lr: 1.0000e-02 lr: 3.3423e-03  eta: 23:33:19  time: 1.5338  data_time: 0.0069  memory: 10411  grad_norm: 22.8970  loss: 17.5795  loss_cls: 3.5870  loss_bbox: 6.6281  loss_dfl: 7.3644
2025/05/24 21:23:22 - mmengine - INFO - Epoch(train) [271][150/420]  base_lr: 1.0000e-02 lr: 3.3423e-03  eta: 23:32:01  time: 1.5567  data_time: 0.0083  memory: 10421  grad_norm: 23.7808  loss: 17.7331  loss_cls: 3.5856  loss_bbox: 6.6916  loss_dfl: 7.4559
2025/05/24 21:24:39 - mmengine - INFO - Epoch(train) [271][200/420]  base_lr: 1.0000e-02 lr: 3.3423e-03  eta: 23:30:41  time: 1.5349  data_time: 0.0069  memory: 10437  grad_norm: 21.8852  loss: 17.6923  loss_cls: 3.5629  loss_bbox: 6.7152  loss_dfl: 7.4142
2025/05/24 21:25:56 - mmengine - INFO - Epoch(train) [271][250/420]  base_lr: 1.0000e-02 lr: 3.3423e-03  eta: 23:29:22  time: 1.5336  data_time: 0.0068  memory: 10522  grad_norm: 21.6578  loss: 17.8557  loss_cls: 3.6069  loss_bbox: 6.7766  loss_dfl: 7.4723
2025/05/24 21:27:13 - mmengine - INFO - Epoch(train) [271][300/420]  base_lr: 1.0000e-02 lr: 3.3423e-03  eta: 23:28:02  time: 1.5359  data_time: 0.0069  memory: 10384  grad_norm: 22.8780  loss: 17.7343  loss_cls: 3.5283  loss_bbox: 6.7198  loss_dfl: 7.4862
2025/05/24 21:28:30 - mmengine - INFO - Epoch(train) [271][350/420]  base_lr: 1.0000e-02 lr: 3.3423e-03  eta: 23:26:44  time: 1.5515  data_time: 0.0075  memory: 10512  grad_norm: 23.1199  loss: 17.7640  loss_cls: 3.5818  loss_bbox: 6.8026  loss_dfl: 7.3797
2025/05/24 21:29:48 - mmengine - INFO - Epoch(train) [271][400/420]  base_lr: 1.0000e-02 lr: 3.3423e-03  eta: 23:25:26  time: 1.5535  data_time: 0.0076  memory: 10411  grad_norm: 23.1162  loss: 17.9036  loss_cls: 3.5822  loss_bbox: 6.8098  loss_dfl: 7.5116
2025/05/24 21:30:19 - mmengine - INFO - Exp name: yolov8_mambatransformer_enhance_20250524_070703
2025/05/24 21:30:19 - mmengine - INFO - Saving checkpoint at 271 epochs
2025/05/24 21:30:26 - mmengine - INFO - Epoch(val) [271][ 50/781]    eta: 0:00:57  time: 0.0783  data_time: 0.0021  memory: 10411  
2025/05/24 21:30:30 - mmengine - INFO - Epoch(val) [271][100/781]    eta: 0:00:52  time: 0.0750  data_time: 0.0005  memory: 1000  
2025/05/24 21:30:34 - mmengine - INFO - Epoch(val) [271][150/781]    eta: 0:00:48  time: 0.0759  data_time: 0.0004  memory: 1000  
2025/05/24 21:30:38 - mmengine - INFO - Epoch(val) [271][200/781]    eta: 0:00:45  time: 0.0870  data_time: 0.0004  memory: 1000  
2025/05/24 21:30:43 - mmengine - INFO - Epoch(val) [271][250/781]    eta: 0:00:43  time: 0.0911  data_time: 0.0004  memory: 1000  
2025/05/24 21:30:48 - mmengine - INFO - Epoch(val) [271][300/781]    eta: 0:00:39  time: 0.0912  data_time: 0.0004  memory: 1000  
2025/05/24 21:30:52 - mmengine - INFO - Epoch(val) [271][350/781]    eta: 0:00:36  time: 0.0912  data_time: 0.0004  memory: 1000  
2025/05/24 21:30:57 - mmengine - INFO - Epoch(val) [271][400/781]    eta: 0:00:32  time: 0.0909  data_time: 0.0004  memory: 1000  
2025/05/24 21:31:01 - mmengine - INFO - Epoch(val) [271][450/781]    eta: 0:00:28  time: 0.0909  data_time: 0.0004  memory: 1000  
2025/05/24 21:31:06 - mmengine - INFO - Epoch(val) [271][500/781]    eta: 0:00:24  time: 0.0910  data_time: 0.0004  memory: 1000  
2025/05/24 21:31:10 - mmengine - INFO - Epoch(val) [271][550/781]    eta: 0:00:20  time: 0.0909  data_time: 0.0004  memory: 1000  
2025/05/24 21:31:15 - mmengine - INFO - Epoch(val) [271][600/781]    eta: 0:00:15  time: 0.0910  data_time: 0.0004  memory: 1000  
2025/05/24 21:31:20 - mmengine - INFO - Epoch(val) [271][650/781]    eta: 0:00:11  time: 0.0909  data_time: 0.0004  memory: 1000  
2025/05/24 21:31:24 - mmengine - INFO - Epoch(val) [271][700/781]    eta: 0:00:07  time: 0.0908  data_time: 0.0004  memory: 1000  
2025/05/24 21:31:29 - mmengine - INFO - Epoch(val) [271][750/781]    eta: 0:00:02  time: 0.0909  data_time: 0.0004  memory: 1000  
2025/05/24 21:31:32 - mmengine - INFO - Evaluating bbox...
2025/05/24 21:31:36 - mmengine - INFO - 
+------------+-------+--------+--------+-------+-------+-------+
| category   | mAP   | mAP_50 | mAP_75 | mAP_s | mAP_m | mAP_l |
+------------+-------+--------+--------+-------+-------+-------+
| Car        | 0.691 | 0.925  | 0.766  | 0.419 | 0.721 | 0.888 |
| Truck      | 0.655 | 0.897  | 0.73   | 0.384 | 0.658 | 0.849 |
| People     | 0.517 | 0.861  | 0.539  | 0.352 | 0.705 | 0.758 |
| Bus        | 0.724 | 0.921  | 0.813  | 0.42  | 0.682 | 0.836 |
| Lamp       | 0.461 | 0.807  | 0.462  | 0.413 | 0.703 | nan   |
| Motorcycle | 0.447 | 0.728  | 0.489  | 0.101 | 0.659 | 0.796 |
+------------+-------+--------+--------+-------+-------+-------+
2025/05/24 21:31:36 - mmengine - INFO - bbox_mAP_copypaste: 0.583 0.856 0.633 0.348 0.688 0.825
2025/05/24 21:31:36 - mmengine - INFO - Epoch(val) [271][781/781]    coco/Car_precision: 0.6910  coco/Truck_precision: 0.6550  coco/People_precision: 0.5170  coco/Bus_precision: 0.7240  coco/Lamp_precision: 0.4610  coco/Motorcycle_precision: 0.4470  coco/bbox_mAP: 0.5830  coco/bbox_mAP_50: 0.8560  coco/bbox_mAP_75: 0.6330  coco/bbox_mAP_s: 0.3480  coco/bbox_mAP_m: 0.6880  coco/bbox_mAP_l: 0.8250  data_time: 0.0005  time: 0.0879
2025/05/24 21:32:56 - mmengine - INFO - Epoch(train) [272][ 50/420]  base_lr: 1.0000e-02 lr: 3.3175e-03  eta: 23:23:40  time: 1.5902  data_time: 0.0447  memory: 10394  grad_norm: 22.6545  loss: 17.4473  loss_cls: 3.4810  loss_bbox: 6.5738  loss_dfl: 7.3925
2025/05/24 21:34:13 - mmengine - INFO - Epoch(train) [272][100/420]  base_lr: 1.0000e-02 lr: 3.3175e-03  eta: 23:22:22  time: 1.5532  data_time: 0.0074  memory: 10416  grad_norm: 24.2770  loss: 17.7901  loss_cls: 3.6307  loss_bbox: 6.6218  loss_dfl: 7.5376
2025/05/24 21:35:31 - mmengine - INFO - Epoch(train) [272][150/420]  base_lr: 1.0000e-02 lr: 3.3175e-03  eta: 23:21:04  time: 1.5518  data_time: 0.0075  memory: 10538  grad_norm: 23.4690  loss: 17.7268  loss_cls: 3.5883  loss_bbox: 6.6813  loss_dfl: 7.4571
2025/05/24 21:36:18 - mmengine - INFO - Exp name: yolov8_mambatransformer_enhance_20250524_070703
2025/05/24 21:36:49 - mmengine - INFO - Epoch(train) [272][200/420]  base_lr: 1.0000e-02 lr: 3.3175e-03  eta: 23:19:46  time: 1.5624  data_time: 0.0085  memory: 10405  grad_norm: 22.5855  loss: 17.6576  loss_cls: 3.5862  loss_bbox: 6.7023  loss_dfl: 7.3691
2025/05/24 21:38:07 - mmengine - INFO - Epoch(train) [272][250/420]  base_lr: 1.0000e-02 lr: 3.3175e-03  eta: 23:18:29  time: 1.5627  data_time: 0.0082  memory: 10442  grad_norm: 22.5859  loss: 17.9184  loss_cls: 3.6428  loss_bbox: 6.8481  loss_dfl: 7.4275
2025/05/24 21:39:25 - mmengine - INFO - Epoch(train) [272][300/420]  base_lr: 1.0000e-02 lr: 3.3175e-03  eta: 23:17:11  time: 1.5511  data_time: 0.0075  memory: 10453  grad_norm: 22.4095  loss: 17.4791  loss_cls: 3.5104  loss_bbox: 6.5832  loss_dfl: 7.3855
2025/05/24 21:40:42 - mmengine - INFO - Epoch(train) [272][350/420]  base_lr: 1.0000e-02 lr: 3.3175e-03  eta: 23:15:53  time: 1.5503  data_time: 0.0075  memory: 10400  grad_norm: 24.3296  loss: 17.9739  loss_cls: 3.6288  loss_bbox: 6.7887  loss_dfl: 7.5563
2025/05/24 21:42:00 - mmengine - INFO - Epoch(train) [272][400/420]  base_lr: 1.0000e-02 lr: 3.3175e-03  eta: 23:14:34  time: 1.5491  data_time: 0.0075  memory: 10426  grad_norm: 21.7325  loss: 17.8135  loss_cls: 3.5671  loss_bbox: 6.7855  loss_dfl: 7.4609
2025/05/24 21:42:31 - mmengine - INFO - Exp name: yolov8_mambatransformer_enhance_20250524_070703
2025/05/24 21:42:31 - mmengine - INFO - Saving checkpoint at 272 epochs
2025/05/24 21:42:39 - mmengine - INFO - Epoch(val) [272][ 50/781]    eta: 0:01:08  time: 0.0935  data_time: 0.0021  memory: 10432  
2025/05/24 21:42:44 - mmengine - INFO - Epoch(val) [272][100/781]    eta: 0:01:02  time: 0.0914  data_time: 0.0004  memory: 1000  
2025/05/24 21:42:48 - mmengine - INFO - Epoch(val) [272][150/781]    eta: 0:00:58  time: 0.0912  data_time: 0.0004  memory: 1000  
2025/05/24 21:42:53 - mmengine - INFO - Epoch(val) [272][200/781]    eta: 0:00:53  time: 0.0910  data_time: 0.0004  memory: 1000  
2025/05/24 21:42:57 - mmengine - INFO - Epoch(val) [272][250/781]    eta: 0:00:48  time: 0.0910  data_time: 0.0004  memory: 1000  
2025/05/24 21:43:02 - mmengine - INFO - Epoch(val) [272][300/781]    eta: 0:00:44  time: 0.0909  data_time: 0.0004  memory: 1000  
2025/05/24 21:43:06 - mmengine - INFO - Epoch(val) [272][350/781]    eta: 0:00:39  time: 0.0909  data_time: 0.0004  memory: 1000  
2025/05/24 21:43:11 - mmengine - INFO - Epoch(val) [272][400/781]    eta: 0:00:34  time: 0.0910  data_time: 0.0004  memory: 1000  
2025/05/24 21:43:16 - mmengine - INFO - Epoch(val) [272][450/781]    eta: 0:00:30  time: 0.0911  data_time: 0.0004  memory: 1000  
2025/05/24 21:43:20 - mmengine - INFO - Epoch(val) [272][500/781]    eta: 0:00:25  time: 0.0911  data_time: 0.0004  memory: 1000  
2025/05/24 21:43:25 - mmengine - INFO - Epoch(val) [272][550/781]    eta: 0:00:21  time: 0.0910  data_time: 0.0004  memory: 1000  
2025/05/24 21:43:29 - mmengine - INFO - Epoch(val) [272][600/781]    eta: 0:00:16  time: 0.0909  data_time: 0.0004  memory: 1000  
2025/05/24 21:43:34 - mmengine - INFO - Epoch(val) [272][650/781]    eta: 0:00:11  time: 0.0910  data_time: 0.0004  memory: 1000  
2025/05/24 21:43:39 - mmengine - INFO - Epoch(val) [272][700/781]    eta: 0:00:07  time: 0.0909  data_time: 0.0004  memory: 1000  
2025/05/24 21:43:43 - mmengine - INFO - Epoch(val) [272][750/781]    eta: 0:00:02  time: 0.0910  data_time: 0.0004  memory: 1000  
2025/05/24 21:43:46 - mmengine - INFO - Evaluating bbox...
2025/05/24 21:43:50 - mmengine - INFO - 
+------------+-------+--------+--------+-------+-------+-------+
| category   | mAP   | mAP_50 | mAP_75 | mAP_s | mAP_m | mAP_l |
+------------+-------+--------+--------+-------+-------+-------+
| Car        | 0.691 | 0.925  | 0.766  | 0.418 | 0.721 | 0.887 |
| Truck      | 0.658 | 0.896  | 0.737  | 0.384 | 0.662 | 0.852 |
| People     | 0.517 | 0.861  | 0.541  | 0.352 | 0.704 | 0.757 |
| Bus        | 0.725 | 0.921  | 0.818  | 0.415 | 0.684 | 0.836 |
| Lamp       | 0.461 | 0.808  | 0.459  | 0.413 | 0.707 | nan   |
| Motorcycle | 0.448 | 0.728  | 0.491  | 0.101 | 0.658 | 0.807 |
+------------+-------+--------+--------+-------+-------+-------+
2025/05/24 21:43:50 - mmengine - INFO - bbox_mAP_copypaste: 0.583 0.856 0.635 0.347 0.689 0.828
2025/05/24 21:43:50 - mmengine - INFO - Epoch(val) [272][781/781]    coco/Car_precision: 0.6910  coco/Truck_precision: 0.6580  coco/People_precision: 0.5170  coco/Bus_precision: 0.7250  coco/Lamp_precision: 0.4610  coco/Motorcycle_precision: 0.4480  coco/bbox_mAP: 0.5830  coco/bbox_mAP_50: 0.8560  coco/bbox_mAP_75: 0.6350  coco/bbox_mAP_s: 0.3470  coco/bbox_mAP_m: 0.6890  coco/bbox_mAP_l: 0.8280  data_time: 0.0005  time: 0.0912
2025/05/24 21:45:10 - mmengine - INFO - Epoch(train) [273][ 50/420]  base_lr: 1.0000e-02 lr: 3.2928e-03  eta: 23:12:48  time: 1.5894  data_time: 0.0469  memory: 10405  grad_norm: 22.0075  loss: 17.4117  loss_cls: 3.5202  loss_bbox: 6.5492  loss_dfl: 7.3423
2025/05/24 21:46:27 - mmengine - INFO - Epoch(train) [273][100/420]  base_lr: 1.0000e-02 lr: 3.2928e-03  eta: 23:11:29  time: 1.5492  data_time: 0.0076  memory: 10373  grad_norm: 24.6108  loss: 17.6379  loss_cls: 3.5661  loss_bbox: 6.6412  loss_dfl: 7.4306
2025/05/24 21:47:45 - mmengine - INFO - Epoch(train) [273][150/420]  base_lr: 1.0000e-02 lr: 3.2928e-03  eta: 23:10:12  time: 1.5545  data_time: 0.0076  memory: 10469  grad_norm: 24.7638  loss: 17.9606  loss_cls: 3.6690  loss_bbox: 6.8327  loss_dfl: 7.4590
2025/05/24 21:49:03 - mmengine - INFO - Epoch(train) [273][200/420]  base_lr: 1.0000e-02 lr: 3.2928e-03  eta: 23:08:53  time: 1.5484  data_time: 0.0076  memory: 10432  grad_norm: 23.4701  loss: 17.5958  loss_cls: 3.5472  loss_bbox: 6.5845  loss_dfl: 7.4641
2025/05/24 21:50:21 - mmengine - INFO - Epoch(train) [273][250/420]  base_lr: 1.0000e-02 lr: 3.2928e-03  eta: 23:07:35  time: 1.5569  data_time: 0.0085  memory: 10437  grad_norm: 22.0748  loss: 17.5743  loss_cls: 3.5683  loss_bbox: 6.6206  loss_dfl: 7.3855
2025/05/24 21:51:38 - mmengine - INFO - Epoch(train) [273][300/420]  base_lr: 1.0000e-02 lr: 3.2928e-03  eta: 23:06:18  time: 1.5574  data_time: 0.0082  memory: 10400  grad_norm: 22.9523  loss: 17.5900  loss_cls: 3.5613  loss_bbox: 6.6423  loss_dfl: 7.3864
2025/05/24 21:52:56 - mmengine - INFO - Epoch(train) [273][350/420]  base_lr: 1.0000e-02 lr: 3.2928e-03  eta: 23:04:59  time: 1.5492  data_time: 0.0076  memory: 10400  grad_norm: 23.0450  loss: 17.6624  loss_cls: 3.5864  loss_bbox: 6.6417  loss_dfl: 7.4344
2025/05/24 21:54:13 - mmengine - INFO - Epoch(train) [273][400/420]  base_lr: 1.0000e-02 lr: 3.2928e-03  eta: 23:03:41  time: 1.5487  data_time: 0.0075  memory: 10442  grad_norm: 24.2692  loss: 17.4448  loss_cls: 3.5435  loss_bbox: 6.4812  loss_dfl: 7.4201
2025/05/24 21:54:44 - mmengine - INFO - Exp name: yolov8_mambatransformer_enhance_20250524_070703
2025/05/24 21:54:44 - mmengine - INFO - Saving checkpoint at 273 epochs
2025/05/24 21:54:52 - mmengine - INFO - Epoch(val) [273][ 50/781]    eta: 0:00:57  time: 0.0784  data_time: 0.0017  memory: 10576  
2025/05/24 21:54:56 - mmengine - INFO - Epoch(val) [273][100/781]    eta: 0:00:56  time: 0.0882  data_time: 0.0004  memory: 1000  
2025/05/24 21:55:01 - mmengine - INFO - Epoch(val) [273][150/781]    eta: 0:00:54  time: 0.0921  data_time: 0.0005  memory: 1000  
2025/05/24 21:55:05 - mmengine - INFO - Epoch(val) [273][200/781]    eta: 0:00:50  time: 0.0915  data_time: 0.0004  memory: 1000  
2025/05/24 21:55:10 - mmengine - INFO - Epoch(val) [273][250/781]    eta: 0:00:46  time: 0.0915  data_time: 0.0004  memory: 1000  
2025/05/24 21:55:15 - mmengine - INFO - Epoch(val) [273][300/781]    eta: 0:00:42  time: 0.0915  data_time: 0.0004  memory: 1000  
2025/05/24 21:55:19 - mmengine - INFO - Epoch(val) [273][350/781]    eta: 0:00:38  time: 0.0917  data_time: 0.0004  memory: 1000  
2025/05/24 21:55:24 - mmengine - INFO - Epoch(val) [273][400/781]    eta: 0:00:34  time: 0.0914  data_time: 0.0004  memory: 1000  
2025/05/24 21:55:29 - mmengine - INFO - Epoch(val) [273][450/781]    eta: 0:00:29  time: 0.0915  data_time: 0.0004  memory: 1000  
2025/05/24 21:55:33 - mmengine - INFO - Epoch(val) [273][500/781]    eta: 0:00:25  time: 0.0915  data_time: 0.0004  memory: 1000  
2025/05/24 21:55:38 - mmengine - INFO - Epoch(val) [273][550/781]    eta: 0:00:20  time: 0.0915  data_time: 0.0004  memory: 1000  
2025/05/24 21:55:42 - mmengine - INFO - Epoch(val) [273][600/781]    eta: 0:00:16  time: 0.0915  data_time: 0.0004  memory: 1000  
2025/05/24 21:55:47 - mmengine - INFO - Epoch(val) [273][650/781]    eta: 0:00:11  time: 0.0915  data_time: 0.0004  memory: 1000  
2025/05/24 21:55:52 - mmengine - INFO - Epoch(val) [273][700/781]    eta: 0:00:07  time: 0.0914  data_time: 0.0004  memory: 1000  
2025/05/24 21:55:56 - mmengine - INFO - Epoch(val) [273][750/781]    eta: 0:00:02  time: 0.0913  data_time: 0.0004  memory: 1000  
2025/05/24 21:55:59 - mmengine - INFO - Evaluating bbox...
2025/05/24 21:56:03 - mmengine - INFO - 
+------------+-------+--------+--------+-------+-------+-------+
| category   | mAP   | mAP_50 | mAP_75 | mAP_s | mAP_m | mAP_l |
+------------+-------+--------+--------+-------+-------+-------+
| Car        | 0.691 | 0.925  | 0.767  | 0.418 | 0.721 | 0.888 |
| Truck      | 0.656 | 0.897  | 0.73   | 0.388 | 0.659 | 0.852 |
| People     | 0.517 | 0.861  | 0.542  | 0.352 | 0.704 | 0.761 |
| Bus        | 0.726 | 0.921  | 0.818  | 0.423 | 0.686 | 0.837 |
| Lamp       | 0.463 | 0.808  | 0.453  | 0.415 | 0.707 | nan   |
| Motorcycle | 0.446 | 0.714  | 0.491  | 0.096 | 0.657 | 0.807 |
+------------+-------+--------+--------+-------+-------+-------+
2025/05/24 21:56:03 - mmengine - INFO - bbox_mAP_copypaste: 0.583 0.854 0.633 0.349 0.689 0.829
2025/05/24 21:56:03 - mmengine - INFO - Epoch(val) [273][781/781]    coco/Car_precision: 0.6910  coco/Truck_precision: 0.6560  coco/People_precision: 0.5170  coco/Bus_precision: 0.7260  coco/Lamp_precision: 0.4630  coco/Motorcycle_precision: 0.4460  coco/bbox_mAP: 0.5830  coco/bbox_mAP_50: 0.8540  coco/bbox_mAP_75: 0.6330  coco/bbox_mAP_s: 0.3490  coco/bbox_mAP_m: 0.6890  coco/bbox_mAP_l: 0.8290  data_time: 0.0005  time: 0.0905
2025/05/24 21:57:23 - mmengine - INFO - Epoch(train) [274][ 50/420]  base_lr: 1.0000e-02 lr: 3.2680e-03  eta: 23:01:55  time: 1.5892  data_time: 0.0473  memory: 10538  grad_norm: 20.9100  loss: 17.3023  loss_cls: 3.5018  loss_bbox: 6.5097  loss_dfl: 7.2908
2025/05/24 21:58:41 - mmengine - INFO - Epoch(train) [274][100/420]  base_lr: 1.0000e-02 lr: 3.2680e-03  eta: 23:00:37  time: 1.5533  data_time: 0.0076  memory: 10368  grad_norm: 23.7092  loss: 17.8314  loss_cls: 3.5946  loss_bbox: 6.7505  loss_dfl: 7.4863
2025/05/24 21:59:58 - mmengine - INFO - Epoch(train) [274][150/420]  base_lr: 1.0000e-02 lr: 3.2680e-03  eta: 22:59:18  time: 1.5495  data_time: 0.0076  memory: 10426  grad_norm: 22.6125  loss: 17.5562  loss_cls: 3.5266  loss_bbox: 6.6309  loss_dfl: 7.3987
2025/05/24 22:01:16 - mmengine - INFO - Epoch(train) [274][200/420]  base_lr: 1.0000e-02 lr: 3.2680e-03  eta: 22:58:00  time: 1.5486  data_time: 0.0076  memory: 10458  grad_norm: 23.1846  loss: 17.3969  loss_cls: 3.4705  loss_bbox: 6.5216  loss_dfl: 7.4047
2025/05/24 22:02:33 - mmengine - INFO - Epoch(train) [274][250/420]  base_lr: 1.0000e-02 lr: 3.2680e-03  eta: 22:56:41  time: 1.5489  data_time: 0.0076  memory: 10416  grad_norm: 23.3589  loss: 17.6608  loss_cls: 3.5796  loss_bbox: 6.6233  loss_dfl: 7.4579
2025/05/24 22:03:51 - mmengine - INFO - Epoch(train) [274][300/420]  base_lr: 1.0000e-02 lr: 3.2680e-03  eta: 22:55:23  time: 1.5490  data_time: 0.0077  memory: 10437  grad_norm: 23.8798  loss: 17.9748  loss_cls: 3.6843  loss_bbox: 6.8559  loss_dfl: 7.4346
2025/05/24 22:04:53 - mmengine - INFO - Exp name: yolov8_mambatransformer_enhance_20250524_070703
2025/05/24 22:05:09 - mmengine - INFO - Epoch(train) [274][350/420]  base_lr: 1.0000e-02 lr: 3.2680e-03  eta: 22:54:06  time: 1.5645  data_time: 0.0087  memory: 10411  grad_norm: 23.5346  loss: 17.8945  loss_cls: 3.6184  loss_bbox: 6.7910  loss_dfl: 7.4850
2025/05/24 22:06:26 - mmengine - INFO - Epoch(train) [274][400/420]  base_lr: 1.0000e-02 lr: 3.2680e-03  eta: 22:52:48  time: 1.5487  data_time: 0.0076  memory: 10426  grad_norm: 23.7546  loss: 17.2902  loss_cls: 3.4914  loss_bbox: 6.3651  loss_dfl: 7.4337
2025/05/24 22:06:57 - mmengine - INFO - Exp name: yolov8_mambatransformer_enhance_20250524_070703
2025/05/24 22:06:57 - mmengine - INFO - Saving checkpoint at 274 epochs
2025/05/24 22:07:05 - mmengine - INFO - Epoch(val) [274][ 50/781]    eta: 0:01:05  time: 0.0900  data_time: 0.0023  memory: 10490  
2025/05/24 22:07:10 - mmengine - INFO - Epoch(val) [274][100/781]    eta: 0:01:01  time: 0.0913  data_time: 0.0004  memory: 1000  
2025/05/24 22:07:14 - mmengine - INFO - Epoch(val) [274][150/781]    eta: 0:00:55  time: 0.0846  data_time: 0.0004  memory: 1000  
2025/05/24 22:07:18 - mmengine - INFO - Epoch(val) [274][200/781]    eta: 0:00:49  time: 0.0731  data_time: 0.0004  memory: 1000  
2025/05/24 22:07:21 - mmengine - INFO - Epoch(val) [274][250/781]    eta: 0:00:43  time: 0.0731  data_time: 0.0004  memory: 1000  
2025/05/24 22:07:25 - mmengine - INFO - Epoch(val) [274][300/781]    eta: 0:00:38  time: 0.0731  data_time: 0.0004  memory: 1000  
2025/05/24 22:07:29 - mmengine - INFO - Epoch(val) [274][350/781]    eta: 0:00:34  time: 0.0731  data_time: 0.0004  memory: 1000  
2025/05/24 22:07:33 - mmengine - INFO - Epoch(val) [274][400/781]    eta: 0:00:30  time: 0.0897  data_time: 0.0004  memory: 1000  
2025/05/24 22:07:38 - mmengine - INFO - Epoch(val) [274][450/781]    eta: 0:00:27  time: 0.0909  data_time: 0.0004  memory: 1000  
2025/05/24 22:07:42 - mmengine - INFO - Epoch(val) [274][500/781]    eta: 0:00:23  time: 0.0909  data_time: 0.0004  memory: 1000  
2025/05/24 22:07:47 - mmengine - INFO - Epoch(val) [274][550/781]    eta: 0:00:19  time: 0.0909  data_time: 0.0004  memory: 1000  
2025/05/24 22:07:52 - mmengine - INFO - Epoch(val) [274][600/781]    eta: 0:00:15  time: 0.0909  data_time: 0.0004  memory: 1000  
2025/05/24 22:07:56 - mmengine - INFO - Epoch(val) [274][650/781]    eta: 0:00:11  time: 0.0909  data_time: 0.0004  memory: 1000  
2025/05/24 22:08:01 - mmengine - INFO - Epoch(val) [274][700/781]    eta: 0:00:06  time: 0.0909  data_time: 0.0004  memory: 1000  
2025/05/24 22:08:05 - mmengine - INFO - Epoch(val) [274][750/781]    eta: 0:00:02  time: 0.0907  data_time: 0.0004  memory: 1000  
2025/05/24 22:08:09 - mmengine - INFO - Evaluating bbox...
2025/05/24 22:08:13 - mmengine - INFO - 
+------------+-------+--------+--------+-------+-------+-------+
| category   | mAP   | mAP_50 | mAP_75 | mAP_s | mAP_m | mAP_l |
+------------+-------+--------+--------+-------+-------+-------+
| Car        | 0.691 | 0.925  | 0.766  | 0.418 | 0.72  | 0.888 |
| Truck      | 0.655 | 0.897  | 0.723  | 0.382 | 0.659 | 0.851 |
| People     | 0.517 | 0.86   | 0.539  | 0.352 | 0.704 | 0.761 |
| Bus        | 0.726 | 0.921  | 0.817  | 0.414 | 0.689 | 0.837 |
| Lamp       | 0.462 | 0.81   | 0.453  | 0.415 | 0.706 | nan   |
| Motorcycle | 0.443 | 0.714  | 0.491  | 0.097 | 0.652 | 0.807 |
+------------+-------+--------+--------+-------+-------+-------+
2025/05/24 22:08:13 - mmengine - INFO - bbox_mAP_copypaste: 0.582 0.855 0.632 0.346 0.688 0.829
2025/05/24 22:08:13 - mmengine - INFO - Epoch(val) [274][781/781]    coco/Car_precision: 0.6910  coco/Truck_precision: 0.6550  coco/People_precision: 0.5170  coco/Bus_precision: 0.7260  coco/Lamp_precision: 0.4620  coco/Motorcycle_precision: 0.4430  coco/bbox_mAP: 0.5820  coco/bbox_mAP_50: 0.8550  coco/bbox_mAP_75: 0.6320  coco/bbox_mAP_s: 0.3460  coco/bbox_mAP_m: 0.6880  coco/bbox_mAP_l: 0.8290  data_time: 0.0005  time: 0.0858
2025/05/24 22:09:32 - mmengine - INFO - Epoch(train) [275][ 50/420]  base_lr: 1.0000e-02 lr: 3.2433e-03  eta: 22:51:01  time: 1.5898  data_time: 0.0468  memory: 10576  grad_norm: 22.5006  loss: 17.4793  loss_cls: 3.5202  loss_bbox: 6.6230  loss_dfl: 7.3361
2025/05/24 22:10:50 - mmengine - INFO - Epoch(train) [275][100/420]  base_lr: 1.0000e-02 lr: 3.2433e-03  eta: 22:49:43  time: 1.5499  data_time: 0.0075  memory: 10496  grad_norm: 22.8459  loss: 17.8570  loss_cls: 3.6149  loss_bbox: 6.7684  loss_dfl: 7.4737
2025/05/24 22:12:07 - mmengine - INFO - Epoch(train) [275][150/420]  base_lr: 1.0000e-02 lr: 3.2433e-03  eta: 22:48:25  time: 1.5513  data_time: 0.0075  memory: 10416  grad_norm: 22.9802  loss: 17.6042  loss_cls: 3.5887  loss_bbox: 6.6178  loss_dfl: 7.3977
2025/05/24 22:13:25 - mmengine - INFO - Epoch(train) [275][200/420]  base_lr: 1.0000e-02 lr: 3.2433e-03  eta: 22:47:06  time: 1.5516  data_time: 0.0075  memory: 10485  grad_norm: 22.2387  loss: 17.7510  loss_cls: 3.6068  loss_bbox: 6.7073  loss_dfl: 7.4369
2025/05/24 22:14:43 - mmengine - INFO - Epoch(train) [275][250/420]  base_lr: 1.0000e-02 lr: 3.2433e-03  eta: 22:45:48  time: 1.5515  data_time: 0.0075  memory: 10421  grad_norm: 22.8759  loss: 17.7888  loss_cls: 3.5573  loss_bbox: 6.6738  loss_dfl: 7.5576
2025/05/24 22:16:00 - mmengine - INFO - Epoch(train) [275][300/420]  base_lr: 1.0000e-02 lr: 3.2433e-03  eta: 22:44:30  time: 1.5521  data_time: 0.0075  memory: 10528  grad_norm: 24.3061  loss: 17.8811  loss_cls: 3.6444  loss_bbox: 6.7777  loss_dfl: 7.4591
2025/05/24 22:17:18 - mmengine - INFO - Epoch(train) [275][350/420]  base_lr: 1.0000e-02 lr: 3.2433e-03  eta: 22:43:12  time: 1.5525  data_time: 0.0077  memory: 10394  grad_norm: 22.8675  loss: 17.4680  loss_cls: 3.5005  loss_bbox: 6.5470  loss_dfl: 7.4205
2025/05/24 22:18:36 - mmengine - INFO - Epoch(train) [275][400/420]  base_lr: 1.0000e-02 lr: 3.2433e-03  eta: 22:41:55  time: 1.5669  data_time: 0.0091  memory: 10368  grad_norm: 23.4830  loss: 17.6667  loss_cls: 3.5210  loss_bbox: 6.6712  loss_dfl: 7.4744
2025/05/24 22:19:07 - mmengine - INFO - Exp name: yolov8_mambatransformer_enhance_20250524_070703
2025/05/24 22:19:07 - mmengine - INFO - Saving checkpoint at 275 epochs
2025/05/24 22:19:16 - mmengine - INFO - Epoch(val) [275][ 50/781]    eta: 0:01:07  time: 0.0927  data_time: 0.0022  memory: 10432  
2025/05/24 22:19:19 - mmengine - INFO - Epoch(val) [275][100/781]    eta: 0:00:56  time: 0.0743  data_time: 0.0004  memory: 1000  
2025/05/24 22:19:23 - mmengine - INFO - Epoch(val) [275][150/781]    eta: 0:00:50  time: 0.0742  data_time: 0.0004  memory: 1000  
2025/05/24 22:19:27 - mmengine - INFO - Epoch(val) [275][200/781]    eta: 0:00:46  time: 0.0759  data_time: 0.0004  memory: 1000  
2025/05/24 22:19:31 - mmengine - INFO - Epoch(val) [275][250/781]    eta: 0:00:41  time: 0.0746  data_time: 0.0004  memory: 1000  
2025/05/24 22:19:35 - mmengine - INFO - Epoch(val) [275][300/781]    eta: 0:00:38  time: 0.0905  data_time: 0.0005  memory: 1000  
2025/05/24 22:19:40 - mmengine - INFO - Epoch(val) [275][350/781]    eta: 0:00:35  time: 0.0913  data_time: 0.0005  memory: 1000  
2025/05/24 22:19:44 - mmengine - INFO - Epoch(val) [275][400/781]    eta: 0:00:31  time: 0.0911  data_time: 0.0004  memory: 1000  
2025/05/24 22:19:49 - mmengine - INFO - Epoch(val) [275][450/781]    eta: 0:00:27  time: 0.0911  data_time: 0.0004  memory: 1000  
2025/05/24 22:19:54 - mmengine - INFO - Epoch(val) [275][500/781]    eta: 0:00:23  time: 0.0912  data_time: 0.0004  memory: 1000  
2025/05/24 22:19:58 - mmengine - INFO - Epoch(val) [275][550/781]    eta: 0:00:19  time: 0.0913  data_time: 0.0004  memory: 1000  
2025/05/24 22:20:03 - mmengine - INFO - Epoch(val) [275][600/781]    eta: 0:00:15  time: 0.0911  data_time: 0.0004  memory: 1000  
2025/05/24 22:20:07 - mmengine - INFO - Epoch(val) [275][650/781]    eta: 0:00:11  time: 0.0911  data_time: 0.0004  memory: 1000  
2025/05/24 22:20:12 - mmengine - INFO - Epoch(val) [275][700/781]    eta: 0:00:07  time: 0.0912  data_time: 0.0004  memory: 1000  
2025/05/24 22:20:17 - mmengine - INFO - Epoch(val) [275][750/781]    eta: 0:00:02  time: 0.0912  data_time: 0.0004  memory: 1000  
2025/05/24 22:20:20 - mmengine - INFO - Evaluating bbox...
2025/05/24 22:20:24 - mmengine - INFO - 
+------------+-------+--------+--------+-------+-------+-------+
| category   | mAP   | mAP_50 | mAP_75 | mAP_s | mAP_m | mAP_l |
+------------+-------+--------+--------+-------+-------+-------+
| Car        | 0.691 | 0.925  | 0.766  | 0.419 | 0.72  | 0.888 |
| Truck      | 0.654 | 0.896  | 0.727  | 0.378 | 0.66  | 0.848 |
| People     | 0.516 | 0.861  | 0.538  | 0.353 | 0.703 | 0.758 |
| Bus        | 0.724 | 0.921  | 0.813  | 0.411 | 0.69  | 0.836 |
| Lamp       | 0.462 | 0.811  | 0.454  | 0.415 | 0.706 | nan   |
| Motorcycle | 0.445 | 0.715  | 0.493  | 0.098 | 0.654 | 0.807 |
+------------+-------+--------+--------+-------+-------+-------+
2025/05/24 22:20:24 - mmengine - INFO - bbox_mAP_copypaste: 0.582 0.855 0.632 0.345 0.689 0.827
2025/05/24 22:20:24 - mmengine - INFO - Epoch(val) [275][781/781]    coco/Car_precision: 0.6910  coco/Truck_precision: 0.6540  coco/People_precision: 0.5160  coco/Bus_precision: 0.7240  coco/Lamp_precision: 0.4620  coco/Motorcycle_precision: 0.4450  coco/bbox_mAP: 0.5820  coco/bbox_mAP_50: 0.8550  coco/bbox_mAP_75: 0.6320  coco/bbox_mAP_s: 0.3450  coco/bbox_mAP_m: 0.6890  coco/bbox_mAP_l: 0.8270  data_time: 0.0005  time: 0.0870
2025/05/24 22:21:43 - mmengine - INFO - Epoch(train) [276][ 50/420]  base_lr: 1.0000e-02 lr: 3.2185e-03  eta: 22:40:09  time: 1.5893  data_time: 0.0462  memory: 10416  grad_norm: 23.1691  loss: 17.5293  loss_cls: 3.5068  loss_bbox: 6.6041  loss_dfl: 7.4183
2025/05/24 22:23:01 - mmengine - INFO - Epoch(train) [276][100/420]  base_lr: 1.0000e-02 lr: 3.2185e-03  eta: 22:38:51  time: 1.5504  data_time: 0.0077  memory: 10416  grad_norm: 22.8182  loss: 17.7604  loss_cls: 3.5374  loss_bbox: 6.7612  loss_dfl: 7.4619
2025/05/24 22:24:19 - mmengine - INFO - Epoch(train) [276][150/420]  base_lr: 1.0000e-02 lr: 3.2185e-03  eta: 22:37:33  time: 1.5534  data_time: 0.0076  memory: 10426  grad_norm: 22.9959  loss: 17.7239  loss_cls: 3.6018  loss_bbox: 6.7276  loss_dfl: 7.3944
2025/05/24 22:25:36 - mmengine - INFO - Epoch(train) [276][200/420]  base_lr: 1.0000e-02 lr: 3.2185e-03  eta: 22:36:14  time: 1.5492  data_time: 0.0076  memory: 10416  grad_norm: 23.8632  loss: 17.6666  loss_cls: 3.5659  loss_bbox: 6.6766  loss_dfl: 7.4241
2025/05/24 22:26:54 - mmengine - INFO - Epoch(train) [276][250/420]  base_lr: 1.0000e-02 lr: 3.2185e-03  eta: 22:34:56  time: 1.5490  data_time: 0.0076  memory: 10346  grad_norm: 22.4145  loss: 17.5376  loss_cls: 3.4723  loss_bbox: 6.6369  loss_dfl: 7.4285
2025/05/24 22:28:11 - mmengine - INFO - Epoch(train) [276][300/420]  base_lr: 1.0000e-02 lr: 3.2185e-03  eta: 22:33:38  time: 1.5497  data_time: 0.0076  memory: 10411  grad_norm: 22.4342  loss: 17.6959  loss_cls: 3.5095  loss_bbox: 6.7203  loss_dfl: 7.4662
2025/05/24 22:29:29 - mmengine - INFO - Epoch(train) [276][350/420]  base_lr: 1.0000e-02 lr: 3.2185e-03  eta: 22:32:19  time: 1.5490  data_time: 0.0076  memory: 10469  grad_norm: 24.4204  loss: 17.6770  loss_cls: 3.5203  loss_bbox: 6.6714  loss_dfl: 7.4853
2025/05/24 22:30:46 - mmengine - INFO - Epoch(train) [276][400/420]  base_lr: 1.0000e-02 lr: 3.2185e-03  eta: 22:31:01  time: 1.5491  data_time: 0.0076  memory: 10442  grad_norm: 21.0809  loss: 17.1961  loss_cls: 3.4522  loss_bbox: 6.4177  loss_dfl: 7.3262
2025/05/24 22:31:17 - mmengine - INFO - Exp name: yolov8_mambatransformer_enhance_20250524_070703
2025/05/24 22:31:17 - mmengine - INFO - Saving checkpoint at 276 epochs
2025/05/24 22:31:28 - mmengine - INFO - Epoch(val) [276][ 50/781]    eta: 0:01:23  time: 0.1138  data_time: 0.0029  memory: 10352  
2025/05/24 22:31:33 - mmengine - INFO - Epoch(val) [276][100/781]    eta: 0:01:16  time: 0.1097  data_time: 0.0005  memory: 1000  
2025/05/24 22:31:39 - mmengine - INFO - Epoch(val) [276][150/781]    eta: 0:01:09  time: 0.1093  data_time: 0.0008  memory: 1000  
2025/05/24 22:31:44 - mmengine - INFO - Epoch(val) [276][200/781]    eta: 0:01:04  time: 0.1098  data_time: 0.0005  memory: 1000  
2025/05/24 22:31:49 - mmengine - INFO - Epoch(val) [276][250/781]    eta: 0:00:57  time: 0.1020  data_time: 0.0010  memory: 1000  
2025/05/24 22:31:55 - mmengine - INFO - Epoch(val) [276][300/781]    eta: 0:00:52  time: 0.1067  data_time: 0.0004  memory: 1000  
2025/05/24 22:32:00 - mmengine - INFO - Epoch(val) [276][350/781]    eta: 0:00:46  time: 0.1054  data_time: 0.0004  memory: 1000  
2025/05/24 22:32:06 - mmengine - INFO - Epoch(val) [276][400/781]    eta: 0:00:41  time: 0.1150  data_time: 0.0017  memory: 1000  
2025/05/24 22:32:11 - mmengine - INFO - Epoch(val) [276][450/781]    eta: 0:00:36  time: 0.1104  data_time: 0.0004  memory: 1000  
2025/05/24 22:32:17 - mmengine - INFO - Epoch(val) [276][500/781]    eta: 0:00:30  time: 0.1096  data_time: 0.0006  memory: 1000  
2025/05/24 22:32:23 - mmengine - INFO - Epoch(val) [276][550/781]    eta: 0:00:25  time: 0.1129  data_time: 0.0004  memory: 1000  
2025/05/24 22:32:28 - mmengine - INFO - Epoch(val) [276][600/781]    eta: 0:00:19  time: 0.1187  data_time: 0.0014  memory: 1000  
2025/05/24 22:32:34 - mmengine - INFO - Epoch(val) [276][650/781]    eta: 0:00:14  time: 0.1048  data_time: 0.0008  memory: 1000  
2025/05/24 22:32:38 - mmengine - INFO - Epoch(val) [276][700/781]    eta: 0:00:08  time: 0.0795  data_time: 0.0004  memory: 1000  
2025/05/24 22:32:42 - mmengine - INFO - Epoch(val) [276][750/781]    eta: 0:00:03  time: 0.0742  data_time: 0.0004  memory: 1000  
2025/05/24 22:32:44 - mmengine - INFO - Evaluating bbox...
2025/05/24 22:32:48 - mmengine - INFO - 
+------------+-------+--------+--------+-------+-------+-------+
| category   | mAP   | mAP_50 | mAP_75 | mAP_s | mAP_m | mAP_l |
+------------+-------+--------+--------+-------+-------+-------+
| Car        | 0.691 | 0.925  | 0.766  | 0.419 | 0.72  | 0.889 |
| Truck      | 0.657 | 0.896  | 0.727  | 0.378 | 0.662 | 0.852 |
| People     | 0.516 | 0.861  | 0.539  | 0.352 | 0.703 | 0.757 |
| Bus        | 0.723 | 0.921  | 0.813  | 0.411 | 0.688 | 0.835 |
| Lamp       | 0.463 | 0.814  | 0.455  | 0.416 | 0.711 | nan   |
| Motorcycle | 0.445 | 0.716  | 0.494  | 0.095 | 0.655 | 0.807 |
+------------+-------+--------+--------+-------+-------+-------+
2025/05/24 22:32:48 - mmengine - INFO - bbox_mAP_copypaste: 0.582 0.855 0.632 0.345 0.690 0.828
2025/05/24 22:32:48 - mmengine - INFO - Epoch(val) [276][781/781]    coco/Car_precision: 0.6910  coco/Truck_precision: 0.6570  coco/People_precision: 0.5160  coco/Bus_precision: 0.7230  coco/Lamp_precision: 0.4630  coco/Motorcycle_precision: 0.4450  coco/bbox_mAP: 0.5820  coco/bbox_mAP_50: 0.8550  coco/bbox_mAP_75: 0.6320  coco/bbox_mAP_s: 0.3450  coco/bbox_mAP_m: 0.6900  coco/bbox_mAP_l: 0.8280  data_time: 0.0008  time: 0.1042
2025/05/24 22:34:08 - mmengine - INFO - Epoch(train) [277][ 50/420]  base_lr: 1.0000e-02 lr: 3.1938e-03  eta: 22:29:15  time: 1.5915  data_time: 0.0482  memory: 10501  grad_norm: 24.2224  loss: 17.5623  loss_cls: 3.5750  loss_bbox: 6.5973  loss_dfl: 7.3900
2025/05/24 22:34:55 - mmengine - INFO - Exp name: yolov8_mambatransformer_enhance_20250524_070703
2025/05/24 22:35:26 - mmengine - INFO - Epoch(train) [277][100/420]  base_lr: 1.0000e-02 lr: 3.1938e-03  eta: 22:27:57  time: 1.5542  data_time: 0.0077  memory: 10485  grad_norm: 23.0198  loss: 17.5225  loss_cls: 3.5212  loss_bbox: 6.6085  loss_dfl: 7.3927
2025/05/24 22:36:43 - mmengine - INFO - Epoch(train) [277][150/420]  base_lr: 1.0000e-02 lr: 3.1938e-03  eta: 22:26:38  time: 1.5496  data_time: 0.0076  memory: 10448  grad_norm: 22.6615  loss: 17.6349  loss_cls: 3.6034  loss_bbox: 6.6943  loss_dfl: 7.3371
2025/05/24 22:38:01 - mmengine - INFO - Epoch(train) [277][200/420]  base_lr: 1.0000e-02 lr: 3.1938e-03  eta: 22:25:20  time: 1.5498  data_time: 0.0076  memory: 10490  grad_norm: 23.1579  loss: 17.6025  loss_cls: 3.5640  loss_bbox: 6.6047  loss_dfl: 7.4338
2025/05/24 22:39:18 - mmengine - INFO - Epoch(train) [277][250/420]  base_lr: 1.0000e-02 lr: 3.1938e-03  eta: 22:24:02  time: 1.5497  data_time: 0.0076  memory: 10411  grad_norm: 22.7037  loss: 17.4962  loss_cls: 3.4634  loss_bbox: 6.6100  loss_dfl: 7.4228
2025/05/24 22:40:36 - mmengine - INFO - Epoch(train) [277][300/420]  base_lr: 1.0000e-02 lr: 3.1938e-03  eta: 22:22:44  time: 1.5514  data_time: 0.0076  memory: 10490  grad_norm: 22.8526  loss: 17.3082  loss_cls: 3.4490  loss_bbox: 6.4835  loss_dfl: 7.3757
2025/05/24 22:41:53 - mmengine - INFO - Epoch(train) [277][350/420]  base_lr: 1.0000e-02 lr: 3.1938e-03  eta: 22:21:25  time: 1.5497  data_time: 0.0076  memory: 10421  grad_norm: 23.4363  loss: 17.3875  loss_cls: 3.5300  loss_bbox: 6.4637  loss_dfl: 7.3938
2025/05/24 22:43:11 - mmengine - INFO - Epoch(train) [277][400/420]  base_lr: 1.0000e-02 lr: 3.1938e-03  eta: 22:20:07  time: 1.5498  data_time: 0.0076  memory: 10400  grad_norm: 22.8482  loss: 17.4792  loss_cls: 3.4972  loss_bbox: 6.5585  loss_dfl: 7.4235
2025/05/24 22:43:42 - mmengine - INFO - Exp name: yolov8_mambatransformer_enhance_20250524_070703
2025/05/24 22:43:42 - mmengine - INFO - Saving checkpoint at 277 epochs
2025/05/24 22:43:50 - mmengine - INFO - Epoch(val) [277][ 50/781]    eta: 0:01:02  time: 0.0856  data_time: 0.0023  memory: 10378  
2025/05/24 22:43:53 - mmengine - INFO - Epoch(val) [277][100/781]    eta: 0:00:54  time: 0.0747  data_time: 0.0004  memory: 1000  
2025/05/24 22:43:57 - mmengine - INFO - Epoch(val) [277][150/781]    eta: 0:00:49  time: 0.0747  data_time: 0.0004  memory: 1000  
2025/05/24 22:44:01 - mmengine - INFO - Epoch(val) [277][200/781]    eta: 0:00:44  time: 0.0744  data_time: 0.0004  memory: 1000  
2025/05/24 22:44:05 - mmengine - INFO - Epoch(val) [277][250/781]    eta: 0:00:40  time: 0.0744  data_time: 0.0004  memory: 1000  
2025/05/24 22:44:08 - mmengine - INFO - Epoch(val) [277][300/781]    eta: 0:00:36  time: 0.0744  data_time: 0.0004  memory: 1000  
2025/05/24 22:44:12 - mmengine - INFO - Epoch(val) [277][350/781]    eta: 0:00:32  time: 0.0745  data_time: 0.0004  memory: 1000  
2025/05/24 22:44:16 - mmengine - INFO - Epoch(val) [277][400/781]    eta: 0:00:28  time: 0.0755  data_time: 0.0004  memory: 1000  
2025/05/24 22:44:20 - mmengine - INFO - Epoch(val) [277][450/781]    eta: 0:00:25  time: 0.0856  data_time: 0.0004  memory: 1000  
2025/05/24 22:44:25 - mmengine - INFO - Epoch(val) [277][500/781]    eta: 0:00:21  time: 0.0858  data_time: 0.0004  memory: 1000  
2025/05/24 22:44:29 - mmengine - INFO - Epoch(val) [277][550/781]    eta: 0:00:18  time: 0.0857  data_time: 0.0004  memory: 1000  
2025/05/24 22:44:33 - mmengine - INFO - Epoch(val) [277][600/781]    eta: 0:00:14  time: 0.0855  data_time: 0.0004  memory: 1000  
2025/05/24 22:44:37 - mmengine - INFO - Epoch(val) [277][650/781]    eta: 0:00:10  time: 0.0851  data_time: 0.0004  memory: 1000  
2025/05/24 22:44:42 - mmengine - INFO - Epoch(val) [277][700/781]    eta: 0:00:06  time: 0.0816  data_time: 0.0004  memory: 1000  
2025/05/24 22:44:46 - mmengine - INFO - Epoch(val) [277][750/781]    eta: 0:00:02  time: 0.0856  data_time: 0.0004  memory: 1000  
2025/05/24 22:44:49 - mmengine - INFO - Evaluating bbox...
2025/05/24 22:44:53 - mmengine - INFO - 
+------------+-------+--------+--------+-------+-------+-------+
| category   | mAP   | mAP_50 | mAP_75 | mAP_s | mAP_m | mAP_l |
+------------+-------+--------+--------+-------+-------+-------+
| Car        | 0.691 | 0.925  | 0.767  | 0.42  | 0.72  | 0.887 |
| Truck      | 0.656 | 0.896  | 0.733  | 0.378 | 0.665 | 0.843 |
| People     | 0.516 | 0.861  | 0.538  | 0.352 | 0.703 | 0.758 |
| Bus        | 0.724 | 0.921  | 0.812  | 0.415 | 0.689 | 0.837 |
| Lamp       | 0.464 | 0.815  | 0.46   | 0.416 | 0.708 | nan   |
| Motorcycle | 0.443 | 0.716  | 0.488  | 0.091 | 0.654 | 0.807 |
+------------+-------+--------+--------+-------+-------+-------+
2025/05/24 22:44:53 - mmengine - INFO - bbox_mAP_copypaste: 0.582 0.856 0.633 0.345 0.690 0.826
2025/05/24 22:44:53 - mmengine - INFO - Epoch(val) [277][781/781]    coco/Car_precision: 0.6910  coco/Truck_precision: 0.6560  coco/People_precision: 0.5160  coco/Bus_precision: 0.7240  coco/Lamp_precision: 0.4640  coco/Motorcycle_precision: 0.4430  coco/bbox_mAP: 0.5820  coco/bbox_mAP_50: 0.8560  coco/bbox_mAP_75: 0.6330  coco/bbox_mAP_s: 0.3450  coco/bbox_mAP_m: 0.6900  coco/bbox_mAP_l: 0.8260  data_time: 0.0005  time: 0.0803
2025/05/24 22:46:13 - mmengine - INFO - Epoch(train) [278][ 50/420]  base_lr: 1.0000e-02 lr: 3.1690e-03  eta: 22:18:22  time: 1.6066  data_time: 0.0473  memory: 10496  grad_norm: 21.8590  loss: 17.2169  loss_cls: 3.3980  loss_bbox: 6.4200  loss_dfl: 7.3988
2025/05/24 22:47:31 - mmengine - INFO - Epoch(train) [278][100/420]  base_lr: 1.0000e-02 lr: 3.1690e-03  eta: 22:17:04  time: 1.5498  data_time: 0.0075  memory: 10464  grad_norm: 22.5845  loss: 17.4399  loss_cls: 3.4887  loss_bbox: 6.5652  loss_dfl: 7.3860
2025/05/24 22:48:48 - mmengine - INFO - Epoch(train) [278][150/420]  base_lr: 1.0000e-02 lr: 3.1690e-03  eta: 22:15:45  time: 1.5490  data_time: 0.0075  memory: 10442  grad_norm: 22.8611  loss: 17.3776  loss_cls: 3.4305  loss_bbox: 6.4986  loss_dfl: 7.4485
2025/05/24 22:50:06 - mmengine - INFO - Epoch(train) [278][200/420]  base_lr: 1.0000e-02 lr: 3.1690e-03  eta: 22:14:27  time: 1.5490  data_time: 0.0075  memory: 10480  grad_norm: 22.8625  loss: 17.5075  loss_cls: 3.4972  loss_bbox: 6.5966  loss_dfl: 7.4136
2025/05/24 22:51:23 - mmengine - INFO - Epoch(train) [278][250/420]  base_lr: 1.0000e-02 lr: 3.1690e-03  eta: 22:13:09  time: 1.5492  data_time: 0.0075  memory: 10400  grad_norm: 23.4807  loss: 17.3926  loss_cls: 3.5113  loss_bbox: 6.4672  loss_dfl: 7.4142
2025/05/24 22:52:41 - mmengine - INFO - Epoch(train) [278][300/420]  base_lr: 1.0000e-02 lr: 3.1690e-03  eta: 22:11:50  time: 1.5493  data_time: 0.0075  memory: 10506  grad_norm: 22.6647  loss: 17.5755  loss_cls: 3.5375  loss_bbox: 6.6743  loss_dfl: 7.3638
2025/05/24 22:53:58 - mmengine - INFO - Epoch(train) [278][350/420]  base_lr: 1.0000e-02 lr: 3.1690e-03  eta: 22:10:32  time: 1.5501  data_time: 0.0075  memory: 10426  grad_norm: 22.2837  loss: 17.4807  loss_cls: 3.4823  loss_bbox: 6.6292  loss_dfl: 7.3692
2025/05/24 22:55:16 - mmengine - INFO - Epoch(train) [278][400/420]  base_lr: 1.0000e-02 lr: 3.1690e-03  eta: 22:09:14  time: 1.5501  data_time: 0.0075  memory: 10458  grad_norm: 24.7975  loss: 17.5822  loss_cls: 3.5631  loss_bbox: 6.5922  loss_dfl: 7.4269
2025/05/24 22:55:47 - mmengine - INFO - Exp name: yolov8_mambatransformer_enhance_20250524_070703
2025/05/24 22:55:47 - mmengine - INFO - Saving checkpoint at 278 epochs
2025/05/24 22:55:54 - mmengine - INFO - Epoch(val) [278][ 50/781]    eta: 0:00:58  time: 0.0799  data_time: 0.0028  memory: 10389  
2025/05/24 22:55:58 - mmengine - INFO - Epoch(val) [278][100/781]    eta: 0:00:52  time: 0.0745  data_time: 0.0004  memory: 1000  
2025/05/24 22:56:02 - mmengine - INFO - Epoch(val) [278][150/781]    eta: 0:00:48  time: 0.0745  data_time: 0.0004  memory: 1000  
2025/05/24 22:56:06 - mmengine - INFO - Epoch(val) [278][200/781]    eta: 0:00:44  time: 0.0744  data_time: 0.0004  memory: 1000  
2025/05/24 22:56:09 - mmengine - INFO - Epoch(val) [278][250/781]    eta: 0:00:40  time: 0.0745  data_time: 0.0004  memory: 1000  
2025/05/24 22:56:13 - mmengine - INFO - Epoch(val) [278][300/781]    eta: 0:00:36  time: 0.0744  data_time: 0.0004  memory: 1000  
2025/05/24 22:56:17 - mmengine - INFO - Epoch(val) [278][350/781]    eta: 0:00:33  time: 0.0844  data_time: 0.0004  memory: 1000  
2025/05/24 22:56:22 - mmengine - INFO - Epoch(val) [278][400/781]    eta: 0:00:29  time: 0.0851  data_time: 0.0004  memory: 1000  
2025/05/24 22:56:26 - mmengine - INFO - Epoch(val) [278][450/781]    eta: 0:00:26  time: 0.0852  data_time: 0.0004  memory: 1000  
2025/05/24 22:56:30 - mmengine - INFO - Epoch(val) [278][500/781]    eta: 0:00:22  time: 0.0851  data_time: 0.0004  memory: 1000  
2025/05/24 22:56:35 - mmengine - INFO - Epoch(val) [278][550/781]    eta: 0:00:18  time: 0.0853  data_time: 0.0004  memory: 1000  
2025/05/24 22:56:39 - mmengine - INFO - Epoch(val) [278][600/781]    eta: 0:00:14  time: 0.0851  data_time: 0.0004  memory: 1000  
2025/05/24 22:56:43 - mmengine - INFO - Epoch(val) [278][650/781]    eta: 0:00:10  time: 0.0852  data_time: 0.0004  memory: 1000  
2025/05/24 22:56:48 - mmengine - INFO - Epoch(val) [278][700/781]    eta: 0:00:06  time: 0.0851  data_time: 0.0004  memory: 1000  
2025/05/24 22:56:52 - mmengine - INFO - Epoch(val) [278][750/781]    eta: 0:00:02  time: 0.0851  data_time: 0.0004  memory: 1000  
2025/05/24 22:56:55 - mmengine - INFO - Evaluating bbox...
2025/05/24 22:56:59 - mmengine - INFO - 
+------------+-------+--------+--------+-------+-------+-------+
| category   | mAP   | mAP_50 | mAP_75 | mAP_s | mAP_m | mAP_l |
+------------+-------+--------+--------+-------+-------+-------+
| Car        | 0.691 | 0.925  | 0.766  | 0.42  | 0.721 | 0.886 |
| Truck      | 0.656 | 0.896  | 0.734  | 0.377 | 0.663 | 0.845 |
| People     | 0.517 | 0.861  | 0.539  | 0.353 | 0.703 | 0.758 |
| Bus        | 0.723 | 0.919  | 0.827  | 0.416 | 0.69  | 0.833 |
| Lamp       | 0.463 | 0.817  | 0.458  | 0.416 | 0.708 | nan   |
| Motorcycle | 0.447 | 0.716  | 0.483  | 0.091 | 0.661 | 0.807 |
+------------+-------+--------+--------+-------+-------+-------+
2025/05/24 22:56:59 - mmengine - INFO - bbox_mAP_copypaste: 0.583 0.856 0.634 0.346 0.691 0.826
2025/05/24 22:56:59 - mmengine - INFO - Epoch(val) [278][781/781]    coco/Car_precision: 0.6910  coco/Truck_precision: 0.6560  coco/People_precision: 0.5170  coco/Bus_precision: 0.7230  coco/Lamp_precision: 0.4630  coco/Motorcycle_precision: 0.4470  coco/bbox_mAP: 0.5830  coco/bbox_mAP_50: 0.8560  coco/bbox_mAP_75: 0.6340  coco/bbox_mAP_s: 0.3460  coco/bbox_mAP_m: 0.6910  coco/bbox_mAP_l: 0.8260  data_time: 0.0005  time: 0.0813
2025/05/24 22:58:18 - mmengine - INFO - Epoch(train) [279][ 50/420]  base_lr: 1.0000e-02 lr: 3.1443e-03  eta: 22:07:27  time: 1.5907  data_time: 0.0443  memory: 10400  grad_norm: 23.7273  loss: 17.2131  loss_cls: 3.3667  loss_bbox: 6.4094  loss_dfl: 7.4371
2025/05/24 22:59:36 - mmengine - INFO - Epoch(train) [279][100/420]  base_lr: 1.0000e-02 lr: 3.1443e-03  eta: 22:06:09  time: 1.5541  data_time: 0.0079  memory: 10474  grad_norm: 23.5720  loss: 17.4292  loss_cls: 3.5312  loss_bbox: 6.4920  loss_dfl: 7.4060
2025/05/24 23:00:54 - mmengine - INFO - Epoch(train) [279][150/420]  base_lr: 1.0000e-02 lr: 3.1443e-03  eta: 22:04:51  time: 1.5499  data_time: 0.0077  memory: 10506  grad_norm: 21.7486  loss: 17.5005  loss_cls: 3.5145  loss_bbox: 6.6158  loss_dfl: 7.3702
2025/05/24 23:02:11 - mmengine - INFO - Epoch(train) [279][200/420]  base_lr: 1.0000e-02 lr: 3.1443e-03  eta: 22:03:33  time: 1.5484  data_time: 0.0077  memory: 10453  grad_norm: 23.2019  loss: 17.7779  loss_cls: 3.5956  loss_bbox: 6.7587  loss_dfl: 7.4236
2025/05/24 23:03:13 - mmengine - INFO - Exp name: yolov8_mambatransformer_enhance_20250524_070703
2025/05/24 23:03:29 - mmengine - INFO - Epoch(train) [279][250/420]  base_lr: 1.0000e-02 lr: 3.1443e-03  eta: 22:02:14  time: 1.5480  data_time: 0.0076  memory: 10480  grad_norm: 22.2707  loss: 17.3949  loss_cls: 3.4906  loss_bbox: 6.5646  loss_dfl: 7.3397
2025/05/24 23:04:46 - mmengine - INFO - Epoch(train) [279][300/420]  base_lr: 1.0000e-02 lr: 3.1443e-03  eta: 22:00:56  time: 1.5480  data_time: 0.0075  memory: 10384  grad_norm: 21.6209  loss: 17.4155  loss_cls: 3.5120  loss_bbox: 6.5241  loss_dfl: 7.3793
2025/05/24 23:06:03 - mmengine - INFO - Epoch(train) [279][350/420]  base_lr: 1.0000e-02 lr: 3.1443e-03  eta: 21:59:38  time: 1.5482  data_time: 0.0076  memory: 10581  grad_norm: 24.0021  loss: 17.6472  loss_cls: 3.5054  loss_bbox: 6.6525  loss_dfl: 7.4893
2025/05/24 23:07:21 - mmengine - INFO - Epoch(train) [279][400/420]  base_lr: 1.0000e-02 lr: 3.1443e-03  eta: 21:58:19  time: 1.5486  data_time: 0.0075  memory: 10490  grad_norm: 24.7003  loss: 17.6730  loss_cls: 3.5776  loss_bbox: 6.7208  loss_dfl: 7.3746
2025/05/24 23:07:52 - mmengine - INFO - Exp name: yolov8_mambatransformer_enhance_20250524_070703
2025/05/24 23:07:52 - mmengine - INFO - Saving checkpoint at 279 epochs
2025/05/24 23:08:00 - mmengine - INFO - Epoch(val) [279][ 50/781]    eta: 0:01:08  time: 0.0930  data_time: 0.0017  memory: 10490  
2025/05/24 23:08:05 - mmengine - INFO - Epoch(val) [279][100/781]    eta: 0:01:02  time: 0.0916  data_time: 0.0004  memory: 1000  
2025/05/24 23:08:09 - mmengine - INFO - Epoch(val) [279][150/781]    eta: 0:00:58  time: 0.0918  data_time: 0.0004  memory: 1000  
2025/05/24 23:08:14 - mmengine - INFO - Epoch(val) [279][200/781]    eta: 0:00:53  time: 0.0915  data_time: 0.0004  memory: 1000  
2025/05/24 23:08:18 - mmengine - INFO - Epoch(val) [279][250/781]    eta: 0:00:48  time: 0.0915  data_time: 0.0004  memory: 1000  
2025/05/24 23:08:23 - mmengine - INFO - Epoch(val) [279][300/781]    eta: 0:00:44  time: 0.0914  data_time: 0.0004  memory: 1000  
2025/05/24 23:08:28 - mmengine - INFO - Epoch(val) [279][350/781]    eta: 0:00:39  time: 0.0913  data_time: 0.0004  memory: 1000  
2025/05/24 23:08:32 - mmengine - INFO - Epoch(val) [279][400/781]    eta: 0:00:34  time: 0.0912  data_time: 0.0004  memory: 1000  
2025/05/24 23:08:37 - mmengine - INFO - Epoch(val) [279][450/781]    eta: 0:00:30  time: 0.0914  data_time: 0.0004  memory: 1000  
2025/05/24 23:08:41 - mmengine - INFO - Epoch(val) [279][500/781]    eta: 0:00:25  time: 0.0914  data_time: 0.0005  memory: 1000  
2025/05/24 23:08:46 - mmengine - INFO - Epoch(val) [279][550/781]    eta: 0:00:21  time: 0.0915  data_time: 0.0004  memory: 1000  
2025/05/24 23:08:51 - mmengine - INFO - Epoch(val) [279][600/781]    eta: 0:00:16  time: 0.0913  data_time: 0.0004  memory: 1000  
2025/05/24 23:08:55 - mmengine - INFO - Epoch(val) [279][650/781]    eta: 0:00:11  time: 0.0913  data_time: 0.0004  memory: 1000  
2025/05/24 23:09:00 - mmengine - INFO - Epoch(val) [279][700/781]    eta: 0:00:07  time: 0.0914  data_time: 0.0004  memory: 1000  
2025/05/24 23:09:04 - mmengine - INFO - Epoch(val) [279][750/781]    eta: 0:00:02  time: 0.0913  data_time: 0.0004  memory: 1000  
2025/05/24 23:09:08 - mmengine - INFO - Evaluating bbox...
2025/05/24 23:09:12 - mmengine - INFO - 
+------------+-------+--------+--------+-------+-------+-------+
| category   | mAP   | mAP_50 | mAP_75 | mAP_s | mAP_m | mAP_l |
+------------+-------+--------+--------+-------+-------+-------+
| Car        | 0.691 | 0.925  | 0.766  | 0.42  | 0.72  | 0.887 |
| Truck      | 0.657 | 0.891  | 0.741  | 0.369 | 0.665 | 0.843 |
| People     | 0.516 | 0.861  | 0.538  | 0.353 | 0.702 | 0.757 |
| Bus        | 0.721 | 0.919  | 0.82   | 0.407 | 0.689 | 0.832 |
| Lamp       | 0.463 | 0.816  | 0.456  | 0.417 | 0.707 | nan   |
| Motorcycle | 0.448 | 0.716  | 0.478  | 0.092 | 0.66  | 0.807 |
+------------+-------+--------+--------+-------+-------+-------+
2025/05/24 23:09:12 - mmengine - INFO - bbox_mAP_copypaste: 0.583 0.855 0.633 0.343 0.691 0.825
2025/05/24 23:09:12 - mmengine - INFO - Epoch(val) [279][781/781]    coco/Car_precision: 0.6910  coco/Truck_precision: 0.6570  coco/People_precision: 0.5160  coco/Bus_precision: 0.7210  coco/Lamp_precision: 0.4630  coco/Motorcycle_precision: 0.4480  coco/bbox_mAP: 0.5830  coco/bbox_mAP_50: 0.8550  coco/bbox_mAP_75: 0.6330  coco/bbox_mAP_s: 0.3430  coco/bbox_mAP_m: 0.6910  coco/bbox_mAP_l: 0.8250  data_time: 0.0005  time: 0.0915
2025/05/24 23:10:31 - mmengine - INFO - Epoch(train) [280][ 50/420]  base_lr: 1.0000e-02 lr: 3.1195e-03  eta: 21:56:33  time: 1.5891  data_time: 0.0463  memory: 10437  grad_norm: 23.4872  loss: 17.4339  loss_cls: 3.4505  loss_bbox: 6.5716  loss_dfl: 7.4119
2025/05/24 23:11:49 - mmengine - INFO - Epoch(train) [280][100/420]  base_lr: 1.0000e-02 lr: 3.1195e-03  eta: 21:55:14  time: 1.5489  data_time: 0.0075  memory: 10384  grad_norm: 22.5350  loss: 17.5809  loss_cls: 3.5415  loss_bbox: 6.6014  loss_dfl: 7.4381
2025/05/24 23:13:07 - mmengine - INFO - Epoch(train) [280][150/420]  base_lr: 1.0000e-02 lr: 3.1195e-03  eta: 21:53:57  time: 1.5667  data_time: 0.0093  memory: 10485  grad_norm: 23.1823  loss: 17.4608  loss_cls: 3.5209  loss_bbox: 6.6382  loss_dfl: 7.3017
2025/05/24 23:14:25 - mmengine - INFO - Epoch(train) [280][200/420]  base_lr: 1.0000e-02 lr: 3.1195e-03  eta: 21:52:40  time: 1.5589  data_time: 0.0086  memory: 10400  grad_norm: 23.8791  loss: 17.6443  loss_cls: 3.5722  loss_bbox: 6.6207  loss_dfl: 7.4513
2025/05/24 23:15:43 - mmengine - INFO - Epoch(train) [280][250/420]  base_lr: 1.0000e-02 lr: 3.1195e-03  eta: 21:51:21  time: 1.5501  data_time: 0.0077  memory: 10437  grad_norm: 23.1528  loss: 17.6374  loss_cls: 3.5484  loss_bbox: 6.6960  loss_dfl: 7.3930
2025/05/24 23:17:00 - mmengine - INFO - Epoch(train) [280][300/420]  base_lr: 1.0000e-02 lr: 3.1195e-03  eta: 21:50:03  time: 1.5491  data_time: 0.0076  memory: 10442  grad_norm: 25.4254  loss: 17.7726  loss_cls: 3.5635  loss_bbox: 6.6986  loss_dfl: 7.5105
2025/05/24 23:18:18 - mmengine - INFO - Epoch(train) [280][350/420]  base_lr: 1.0000e-02 lr: 3.1195e-03  eta: 21:48:45  time: 1.5486  data_time: 0.0075  memory: 10389  grad_norm: 24.5741  loss: 17.5089  loss_cls: 3.4779  loss_bbox: 6.4954  loss_dfl: 7.5355
2025/05/24 23:19:35 - mmengine - INFO - Epoch(train) [280][400/420]  base_lr: 1.0000e-02 lr: 3.1195e-03  eta: 21:47:26  time: 1.5486  data_time: 0.0076  memory: 10426  grad_norm: 24.6127  loss: 17.7226  loss_cls: 3.6282  loss_bbox: 6.6018  loss_dfl: 7.4926
2025/05/24 23:20:06 - mmengine - INFO - Exp name: yolov8_mambatransformer_enhance_20250524_070703
2025/05/24 23:20:06 - mmengine - INFO - Saving checkpoint at 280 epochs
2025/05/24 23:20:13 - mmengine - INFO - Epoch(val) [280][ 50/781]    eta: 0:00:57  time: 0.0785  data_time: 0.0025  memory: 10411  
2025/05/24 23:20:17 - mmengine - INFO - Epoch(val) [280][100/781]    eta: 0:00:54  time: 0.0804  data_time: 0.0004  memory: 1000  
2025/05/24 23:20:22 - mmengine - INFO - Epoch(val) [280][150/781]    eta: 0:00:52  time: 0.0907  data_time: 0.0004  memory: 1000  
2025/05/24 23:20:27 - mmengine - INFO - Epoch(val) [280][200/781]    eta: 0:00:49  time: 0.0906  data_time: 0.0004  memory: 1000  
2025/05/24 23:20:31 - mmengine - INFO - Epoch(val) [280][250/781]    eta: 0:00:45  time: 0.0904  data_time: 0.0004  memory: 1000  
2025/05/24 23:20:36 - mmengine - INFO - Epoch(val) [280][300/781]    eta: 0:00:41  time: 0.0904  data_time: 0.0004  memory: 1000  
2025/05/24 23:20:40 - mmengine - INFO - Epoch(val) [280][350/781]    eta: 0:00:37  time: 0.0905  data_time: 0.0004  memory: 1000  
2025/05/24 23:20:45 - mmengine - INFO - Epoch(val) [280][400/781]    eta: 0:00:33  time: 0.0905  data_time: 0.0004  memory: 1000  
2025/05/24 23:20:49 - mmengine - INFO - Epoch(val) [280][450/781]    eta: 0:00:29  time: 0.0905  data_time: 0.0004  memory: 1000  
2025/05/24 23:20:54 - mmengine - INFO - Epoch(val) [280][500/781]    eta: 0:00:24  time: 0.0905  data_time: 0.0004  memory: 1000  
2025/05/24 23:20:58 - mmengine - INFO - Epoch(val) [280][550/781]    eta: 0:00:20  time: 0.0905  data_time: 0.0004  memory: 1000  
2025/05/24 23:21:03 - mmengine - INFO - Epoch(val) [280][600/781]    eta: 0:00:16  time: 0.0906  data_time: 0.0004  memory: 1000  
2025/05/24 23:21:08 - mmengine - INFO - Epoch(val) [280][650/781]    eta: 0:00:11  time: 0.0907  data_time: 0.0004  memory: 1000  
2025/05/24 23:21:12 - mmengine - INFO - Epoch(val) [280][700/781]    eta: 0:00:07  time: 0.0877  data_time: 0.0004  memory: 1000  
2025/05/24 23:21:16 - mmengine - INFO - Epoch(val) [280][750/781]    eta: 0:00:02  time: 0.0758  data_time: 0.0004  memory: 1000  
2025/05/24 23:21:19 - mmengine - INFO - Evaluating bbox...
2025/05/24 23:21:23 - mmengine - INFO - 
+------------+-------+--------+--------+-------+-------+-------+
| category   | mAP   | mAP_50 | mAP_75 | mAP_s | mAP_m | mAP_l |
+------------+-------+--------+--------+-------+-------+-------+
| Car        | 0.691 | 0.926  | 0.766  | 0.421 | 0.72  | 0.887 |
| Truck      | 0.657 | 0.889  | 0.741  | 0.367 | 0.666 | 0.846 |
| People     | 0.516 | 0.861  | 0.534  | 0.353 | 0.701 | 0.758 |
| Bus        | 0.721 | 0.919  | 0.819  | 0.403 | 0.688 | 0.834 |
| Lamp       | 0.462 | 0.817  | 0.455  | 0.416 | 0.709 | nan   |
| Motorcycle | 0.448 | 0.717  | 0.477  | 0.093 | 0.659 | 0.807 |
+------------+-------+--------+--------+-------+-------+-------+
2025/05/24 23:21:23 - mmengine - INFO - bbox_mAP_copypaste: 0.583 0.855 0.632 0.342 0.691 0.826
2025/05/24 23:21:23 - mmengine - INFO - Epoch(val) [280][781/781]    coco/Car_precision: 0.6910  coco/Truck_precision: 0.6570  coco/People_precision: 0.5160  coco/Bus_precision: 0.7210  coco/Lamp_precision: 0.4620  coco/Motorcycle_precision: 0.4480  coco/bbox_mAP: 0.5830  coco/bbox_mAP_50: 0.8550  coco/bbox_mAP_75: 0.6320  coco/bbox_mAP_s: 0.3420  coco/bbox_mAP_m: 0.6910  coco/bbox_mAP_l: 0.8260  data_time: 0.0005  time: 0.0880
2025/05/24 23:22:43 - mmengine - INFO - Epoch(train) [281][ 50/420]  base_lr: 1.0000e-02 lr: 3.0948e-03  eta: 21:45:40  time: 1.5933  data_time: 0.0455  memory: 10432  grad_norm: 23.3104  loss: 17.4018  loss_cls: 3.4681  loss_bbox: 6.5285  loss_dfl: 7.4052
2025/05/24 23:24:00 - mmengine - INFO - Epoch(train) [281][100/420]  base_lr: 1.0000e-02 lr: 3.0948e-03  eta: 21:44:22  time: 1.5481  data_time: 0.0075  memory: 10373  grad_norm: 23.5661  loss: 17.1119  loss_cls: 3.3674  loss_bbox: 6.3812  loss_dfl: 7.3633
2025/05/24 23:25:18 - mmengine - INFO - Epoch(train) [281][150/420]  base_lr: 1.0000e-02 lr: 3.0948e-03  eta: 21:43:03  time: 1.5488  data_time: 0.0074  memory: 10448  grad_norm: 23.6042  loss: 17.4064  loss_cls: 3.4587  loss_bbox: 6.5169  loss_dfl: 7.4308
2025/05/24 23:26:35 - mmengine - INFO - Epoch(train) [281][200/420]  base_lr: 1.0000e-02 lr: 3.0948e-03  eta: 21:41:45  time: 1.5507  data_time: 0.0078  memory: 10437  grad_norm: 22.4499  loss: 17.4993  loss_cls: 3.5297  loss_bbox: 6.5914  loss_dfl: 7.3782
2025/05/24 23:27:53 - mmengine - INFO - Epoch(train) [281][250/420]  base_lr: 1.0000e-02 lr: 3.0948e-03  eta: 21:40:28  time: 1.5627  data_time: 0.0086  memory: 10411  grad_norm: 23.7602  loss: 17.8279  loss_cls: 3.5813  loss_bbox: 6.8065  loss_dfl: 7.4402
2025/05/24 23:29:11 - mmengine - INFO - Epoch(train) [281][300/420]  base_lr: 1.0000e-02 lr: 3.0948e-03  eta: 21:39:10  time: 1.5491  data_time: 0.0076  memory: 10474  grad_norm: 24.5782  loss: 17.5623  loss_cls: 3.5300  loss_bbox: 6.6167  loss_dfl: 7.4156
2025/05/24 23:30:28 - mmengine - INFO - Epoch(train) [281][350/420]  base_lr: 1.0000e-02 lr: 3.0948e-03  eta: 21:37:51  time: 1.5499  data_time: 0.0075  memory: 10426  grad_norm: 22.8159  loss: 17.4583  loss_cls: 3.4637  loss_bbox: 6.5649  loss_dfl: 7.4298
2025/05/24 23:31:46 - mmengine - INFO - Exp name: yolov8_mambatransformer_enhance_20250524_070703
2025/05/24 23:31:46 - mmengine - INFO - Epoch(train) [281][400/420]  base_lr: 1.0000e-02 lr: 3.0948e-03  eta: 21:36:33  time: 1.5489  data_time: 0.0075  memory: 10570  grad_norm: 23.2107  loss: 17.3221  loss_cls: 3.4513  loss_bbox: 6.4641  loss_dfl: 7.4067
2025/05/24 23:32:17 - mmengine - INFO - Exp name: yolov8_mambatransformer_enhance_20250524_070703
2025/05/24 23:32:17 - mmengine - INFO - Saving checkpoint at 281 epochs
2025/05/24 23:32:25 - mmengine - INFO - Epoch(val) [281][ 50/781]    eta: 0:01:04  time: 0.0882  data_time: 0.0023  memory: 10389  
2025/05/24 23:32:29 - mmengine - INFO - Epoch(val) [281][100/781]    eta: 0:01:00  time: 0.0908  data_time: 0.0004  memory: 1000  
2025/05/24 23:32:34 - mmengine - INFO - Epoch(val) [281][150/781]    eta: 0:00:55  time: 0.0847  data_time: 0.0004  memory: 1000  
2025/05/24 23:32:38 - mmengine - INFO - Epoch(val) [281][200/781]    eta: 0:00:51  time: 0.0915  data_time: 0.0004  memory: 1000  
2025/05/24 23:32:43 - mmengine - INFO - Epoch(val) [281][250/781]    eta: 0:00:47  time: 0.0914  data_time: 0.0004  memory: 1000  
2025/05/24 23:32:47 - mmengine - INFO - Epoch(val) [281][300/781]    eta: 0:00:43  time: 0.0913  data_time: 0.0004  memory: 1000  
2025/05/24 23:32:52 - mmengine - INFO - Epoch(val) [281][350/781]    eta: 0:00:38  time: 0.0910  data_time: 0.0004  memory: 1000  
2025/05/24 23:32:57 - mmengine - INFO - Epoch(val) [281][400/781]    eta: 0:00:34  time: 0.0911  data_time: 0.0004  memory: 1000  
2025/05/24 23:33:01 - mmengine - INFO - Epoch(val) [281][450/781]    eta: 0:00:29  time: 0.0911  data_time: 0.0004  memory: 1000  
2025/05/24 23:33:06 - mmengine - INFO - Epoch(val) [281][500/781]    eta: 0:00:25  time: 0.0912  data_time: 0.0004  memory: 1000  
2025/05/24 23:33:10 - mmengine - INFO - Epoch(val) [281][550/781]    eta: 0:00:20  time: 0.0911  data_time: 0.0004  memory: 1000  
2025/05/24 23:33:15 - mmengine - INFO - Epoch(val) [281][600/781]    eta: 0:00:16  time: 0.0911  data_time: 0.0004  memory: 1000  
2025/05/24 23:33:20 - mmengine - INFO - Epoch(val) [281][650/781]    eta: 0:00:11  time: 0.0911  data_time: 0.0004  memory: 1000  
2025/05/24 23:33:24 - mmengine - INFO - Epoch(val) [281][700/781]    eta: 0:00:07  time: 0.0909  data_time: 0.0004  memory: 1000  
2025/05/24 23:33:29 - mmengine - INFO - Epoch(val) [281][750/781]    eta: 0:00:02  time: 0.0910  data_time: 0.0004  memory: 1000  
2025/05/24 23:33:32 - mmengine - INFO - Evaluating bbox...
2025/05/24 23:33:36 - mmengine - INFO - 
+------------+-------+--------+--------+-------+-------+-------+
| category   | mAP   | mAP_50 | mAP_75 | mAP_s | mAP_m | mAP_l |
+------------+-------+--------+--------+-------+-------+-------+
| Car        | 0.692 | 0.926  | 0.766  | 0.421 | 0.721 | 0.889 |
| Truck      | 0.658 | 0.89   | 0.745  | 0.369 | 0.664 | 0.847 |
| People     | 0.517 | 0.861  | 0.537  | 0.354 | 0.702 | 0.757 |
| Bus        | 0.721 | 0.92   | 0.82   | 0.402 | 0.689 | 0.834 |
| Lamp       | 0.464 | 0.818  | 0.467  | 0.417 | 0.713 | nan   |
| Motorcycle | 0.45  | 0.717  | 0.484  | 0.094 | 0.666 | 0.807 |
+------------+-------+--------+--------+-------+-------+-------+
2025/05/24 23:33:36 - mmengine - INFO - bbox_mAP_copypaste: 0.584 0.855 0.636 0.343 0.692 0.827
2025/05/24 23:33:36 - mmengine - INFO - Epoch(val) [281][781/781]    coco/Car_precision: 0.6920  coco/Truck_precision: 0.6580  coco/People_precision: 0.5170  coco/Bus_precision: 0.7210  coco/Lamp_precision: 0.4640  coco/Motorcycle_precision: 0.4500  coco/bbox_mAP: 0.5840  coco/bbox_mAP_50: 0.8550  coco/bbox_mAP_75: 0.6360  coco/bbox_mAP_s: 0.3430  coco/bbox_mAP_m: 0.6920  coco/bbox_mAP_l: 0.8270  data_time: 0.0005  time: 0.0905
2025/05/24 23:34:55 - mmengine - INFO - Epoch(train) [282][ 50/420]  base_lr: 1.0000e-02 lr: 3.0700e-03  eta: 21:34:45  time: 1.5724  data_time: 0.0451  memory: 10421  grad_norm: 24.0448  loss: 17.2821  loss_cls: 3.4668  loss_bbox: 6.4983  loss_dfl: 7.3170
2025/05/24 23:36:12 - mmengine - INFO - Epoch(train) [282][100/420]  base_lr: 1.0000e-02 lr: 3.0700e-03  eta: 21:33:26  time: 1.5337  data_time: 0.0068  memory: 10512  grad_norm: 24.5124  loss: 17.5259  loss_cls: 3.5260  loss_bbox: 6.5813  loss_dfl: 7.4186
2025/05/24 23:37:28 - mmengine - INFO - Epoch(train) [282][150/420]  base_lr: 1.0000e-02 lr: 3.0700e-03  eta: 21:32:06  time: 1.5339  data_time: 0.0068  memory: 10421  grad_norm: 23.0785  loss: 17.4689  loss_cls: 3.4459  loss_bbox: 6.6271  loss_dfl: 7.3960
2025/05/24 23:38:45 - mmengine - INFO - Epoch(train) [282][200/420]  base_lr: 1.0000e-02 lr: 3.0700e-03  eta: 21:30:47  time: 1.5333  data_time: 0.0067  memory: 10416  grad_norm: 24.0569  loss: 17.6151  loss_cls: 3.5018  loss_bbox: 6.6209  loss_dfl: 7.4924
2025/05/24 23:40:02 - mmengine - INFO - Epoch(train) [282][250/420]  base_lr: 1.0000e-02 lr: 3.0700e-03  eta: 21:29:28  time: 1.5375  data_time: 0.0072  memory: 10416  grad_norm: 22.9526  loss: 17.5946  loss_cls: 3.5372  loss_bbox: 6.6438  loss_dfl: 7.4136
2025/05/24 23:41:20 - mmengine - INFO - Epoch(train) [282][300/420]  base_lr: 1.0000e-02 lr: 3.0700e-03  eta: 21:28:11  time: 1.5663  data_time: 0.0089  memory: 10416  grad_norm: 23.1665  loss: 17.4441  loss_cls: 3.5081  loss_bbox: 6.5905  loss_dfl: 7.3454
2025/05/24 23:42:38 - mmengine - INFO - Epoch(train) [282][350/420]  base_lr: 1.0000e-02 lr: 3.0700e-03  eta: 21:26:53  time: 1.5521  data_time: 0.0079  memory: 10405  grad_norm: 23.5803  loss: 17.3720  loss_cls: 3.4640  loss_bbox: 6.4979  loss_dfl: 7.4101
2025/05/24 23:43:55 - mmengine - INFO - Epoch(train) [282][400/420]  base_lr: 1.0000e-02 lr: 3.0700e-03  eta: 21:25:34  time: 1.5481  data_time: 0.0075  memory: 10378  grad_norm: 23.8620  loss: 17.5329  loss_cls: 3.5227  loss_bbox: 6.5646  loss_dfl: 7.4456
2025/05/24 23:44:26 - mmengine - INFO - Exp name: yolov8_mambatransformer_enhance_20250524_070703
2025/05/24 23:44:26 - mmengine - INFO - Saving checkpoint at 282 epochs
2025/05/24 23:44:34 - mmengine - INFO - Epoch(val) [282][ 50/781]    eta: 0:00:59  time: 0.0811  data_time: 0.0022  memory: 10357  
2025/05/24 23:44:38 - mmengine - INFO - Epoch(val) [282][100/781]    eta: 0:00:52  time: 0.0742  data_time: 0.0004  memory: 1000  
2025/05/24 23:44:41 - mmengine - INFO - Epoch(val) [282][150/781]    eta: 0:00:48  time: 0.0746  data_time: 0.0004  memory: 1000  
2025/05/24 23:44:45 - mmengine - INFO - Epoch(val) [282][200/781]    eta: 0:00:44  time: 0.0746  data_time: 0.0004  memory: 1000  
2025/05/24 23:44:49 - mmengine - INFO - Epoch(val) [282][250/781]    eta: 0:00:40  time: 0.0745  data_time: 0.0004  memory: 1000  
2025/05/24 23:44:53 - mmengine - INFO - Epoch(val) [282][300/781]    eta: 0:00:36  time: 0.0746  data_time: 0.0004  memory: 1000  
2025/05/24 23:44:56 - mmengine - INFO - Epoch(val) [282][350/781]    eta: 0:00:32  time: 0.0746  data_time: 0.0004  memory: 1000  
2025/05/24 23:45:00 - mmengine - INFO - Epoch(val) [282][400/781]    eta: 0:00:28  time: 0.0744  data_time: 0.0004  memory: 1000  
2025/05/24 23:45:04 - mmengine - INFO - Epoch(val) [282][450/781]    eta: 0:00:24  time: 0.0744  data_time: 0.0004  memory: 1000  
2025/05/24 23:45:08 - mmengine - INFO - Epoch(val) [282][500/781]    eta: 0:00:21  time: 0.0744  data_time: 0.0004  memory: 1000  
2025/05/24 23:45:11 - mmengine - INFO - Epoch(val) [282][550/781]    eta: 0:00:17  time: 0.0745  data_time: 0.0004  memory: 1000  
2025/05/24 23:45:15 - mmengine - INFO - Epoch(val) [282][600/781]    eta: 0:00:13  time: 0.0745  data_time: 0.0004  memory: 1000  
2025/05/24 23:45:19 - mmengine - INFO - Epoch(val) [282][650/781]    eta: 0:00:09  time: 0.0745  data_time: 0.0004  memory: 1000  
2025/05/24 23:45:23 - mmengine - INFO - Epoch(val) [282][700/781]    eta: 0:00:06  time: 0.0744  data_time: 0.0004  memory: 1000  
2025/05/24 23:45:26 - mmengine - INFO - Epoch(val) [282][750/781]    eta: 0:00:02  time: 0.0743  data_time: 0.0004  memory: 1000  
2025/05/24 23:45:29 - mmengine - INFO - Evaluating bbox...
2025/05/24 23:45:33 - mmengine - INFO - 
+------------+-------+--------+--------+-------+-------+-------+
| category   | mAP   | mAP_50 | mAP_75 | mAP_s | mAP_m | mAP_l |
+------------+-------+--------+--------+-------+-------+-------+
| Car        | 0.692 | 0.926  | 0.765  | 0.421 | 0.722 | 0.887 |
| Truck      | 0.656 | 0.889  | 0.74   | 0.365 | 0.664 | 0.847 |
| People     | 0.516 | 0.861  | 0.537  | 0.353 | 0.703 | 0.756 |
| Bus        | 0.726 | 0.92   | 0.82   | 0.408 | 0.688 | 0.839 |
| Lamp       | 0.465 | 0.818  | 0.467  | 0.417 | 0.713 | nan   |
| Motorcycle | 0.453 | 0.732  | 0.484  | 0.102 | 0.667 | 0.807 |
+------------+-------+--------+--------+-------+-------+-------+
2025/05/24 23:45:33 - mmengine - INFO - bbox_mAP_copypaste: 0.585 0.858 0.636 0.345 0.693 0.827
2025/05/24 23:45:33 - mmengine - INFO - Epoch(val) [282][781/781]    coco/Car_precision: 0.6920  coco/Truck_precision: 0.6560  coco/People_precision: 0.5160  coco/Bus_precision: 0.7260  coco/Lamp_precision: 0.4650  coco/Motorcycle_precision: 0.4530  coco/bbox_mAP: 0.5850  coco/bbox_mAP_50: 0.8580  coco/bbox_mAP_75: 0.6360  coco/bbox_mAP_s: 0.3450  coco/bbox_mAP_m: 0.6930  coco/bbox_mAP_l: 0.8270  data_time: 0.0005  time: 0.0749
2025/05/24 23:46:53 - mmengine - INFO - Epoch(train) [283][ 50/420]  base_lr: 1.0000e-02 lr: 3.0452e-03  eta: 21:23:48  time: 1.5907  data_time: 0.0493  memory: 10533  grad_norm: 23.2004  loss: 17.2852  loss_cls: 3.3926  loss_bbox: 6.5503  loss_dfl: 7.3424
2025/05/24 23:48:10 - mmengine - INFO - Epoch(train) [283][100/420]  base_lr: 1.0000e-02 lr: 3.0452e-03  eta: 21:22:29  time: 1.5484  data_time: 0.0075  memory: 10469  grad_norm: 23.1790  loss: 17.4412  loss_cls: 3.4490  loss_bbox: 6.6032  loss_dfl: 7.3891
2025/05/24 23:49:28 - mmengine - INFO - Epoch(train) [283][150/420]  base_lr: 1.0000e-02 lr: 3.0452e-03  eta: 21:21:11  time: 1.5473  data_time: 0.0075  memory: 10490  grad_norm: 24.1310  loss: 17.5678  loss_cls: 3.4856  loss_bbox: 6.6715  loss_dfl: 7.4106
2025/05/24 23:50:45 - mmengine - INFO - Epoch(train) [283][200/420]  base_lr: 1.0000e-02 lr: 3.0452e-03  eta: 21:19:52  time: 1.5473  data_time: 0.0075  memory: 10400  grad_norm: 23.3913  loss: 17.7095  loss_cls: 3.5748  loss_bbox: 6.6977  loss_dfl: 7.4370
2025/05/24 23:52:03 - mmengine - INFO - Epoch(train) [283][250/420]  base_lr: 1.0000e-02 lr: 3.0452e-03  eta: 21:18:34  time: 1.5473  data_time: 0.0075  memory: 10405  grad_norm: 23.7087  loss: 17.3286  loss_cls: 3.4610  loss_bbox: 6.4723  loss_dfl: 7.3953
2025/05/24 23:53:20 - mmengine - INFO - Epoch(train) [283][300/420]  base_lr: 1.0000e-02 lr: 3.0452e-03  eta: 21:17:16  time: 1.5473  data_time: 0.0075  memory: 10378  grad_norm: 23.6810  loss: 17.5711  loss_cls: 3.5621  loss_bbox: 6.6374  loss_dfl: 7.3716
2025/05/24 23:54:38 - mmengine - INFO - Epoch(train) [283][350/420]  base_lr: 1.0000e-02 lr: 3.0452e-03  eta: 21:15:58  time: 1.5534  data_time: 0.0081  memory: 10389  grad_norm: 22.8966  loss: 17.2959  loss_cls: 3.4687  loss_bbox: 6.4345  loss_dfl: 7.3928
2025/05/24 23:55:56 - mmengine - INFO - Epoch(train) [283][400/420]  base_lr: 1.0000e-02 lr: 3.0452e-03  eta: 21:14:40  time: 1.5605  data_time: 0.0082  memory: 10458  grad_norm: 24.1933  loss: 17.3068  loss_cls: 3.4373  loss_bbox: 6.4348  loss_dfl: 7.4348
2025/05/24 23:56:27 - mmengine - INFO - Exp name: yolov8_mambatransformer_enhance_20250524_070703
2025/05/24 23:56:27 - mmengine - INFO - Saving checkpoint at 283 epochs
2025/05/24 23:56:34 - mmengine - INFO - Epoch(val) [283][ 50/781]    eta: 0:01:01  time: 0.0835  data_time: 0.0023  memory: 10528  
2025/05/24 23:56:39 - mmengine - INFO - Epoch(val) [283][100/781]    eta: 0:00:57  time: 0.0857  data_time: 0.0004  memory: 1000  
2025/05/24 23:56:43 - mmengine - INFO - Epoch(val) [283][150/781]    eta: 0:00:53  time: 0.0852  data_time: 0.0004  memory: 1000  
2025/05/24 23:56:47 - mmengine - INFO - Epoch(val) [283][200/781]    eta: 0:00:49  time: 0.0853  data_time: 0.0004  memory: 1000  
2025/05/24 23:56:52 - mmengine - INFO - Epoch(val) [283][250/781]    eta: 0:00:45  time: 0.0858  data_time: 0.0004  memory: 1000  
2025/05/24 23:56:56 - mmengine - INFO - Epoch(val) [283][300/781]    eta: 0:00:41  time: 0.0906  data_time: 0.0005  memory: 1000  
2025/05/24 23:57:01 - mmengine - INFO - Epoch(val) [283][350/781]    eta: 0:00:37  time: 0.0909  data_time: 0.0004  memory: 1000  
2025/05/24 23:57:05 - mmengine - INFO - Epoch(val) [283][400/781]    eta: 0:00:33  time: 0.0908  data_time: 0.0004  memory: 1000  
2025/05/24 23:57:10 - mmengine - INFO - Epoch(val) [283][450/781]    eta: 0:00:29  time: 0.0909  data_time: 0.0004  memory: 1000  
2025/05/24 23:57:15 - mmengine - INFO - Epoch(val) [283][500/781]    eta: 0:00:24  time: 0.0907  data_time: 0.0004  memory: 1000  
2025/05/24 23:57:19 - mmengine - INFO - Epoch(val) [283][550/781]    eta: 0:00:20  time: 0.0909  data_time: 0.0004  memory: 1000  
2025/05/24 23:57:24 - mmengine - INFO - Epoch(val) [283][600/781]    eta: 0:00:16  time: 0.0910  data_time: 0.0004  memory: 1000  
2025/05/24 23:57:28 - mmengine - INFO - Epoch(val) [283][650/781]    eta: 0:00:11  time: 0.0753  data_time: 0.0005  memory: 1000  
2025/05/24 23:57:32 - mmengine - INFO - Epoch(val) [283][700/781]    eta: 0:00:07  time: 0.0816  data_time: 0.0004  memory: 1000  
2025/05/24 23:57:35 - mmengine - INFO - Epoch(val) [283][750/781]    eta: 0:00:02  time: 0.0733  data_time: 0.0004  memory: 1000  
2025/05/24 23:57:38 - mmengine - INFO - Evaluating bbox...
2025/05/24 23:57:42 - mmengine - INFO - 
+------------+-------+--------+--------+-------+-------+-------+
| category   | mAP   | mAP_50 | mAP_75 | mAP_s | mAP_m | mAP_l |
+------------+-------+--------+--------+-------+-------+-------+
| Car        | 0.691 | 0.926  | 0.766  | 0.422 | 0.721 | 0.886 |
| Truck      | 0.657 | 0.89   | 0.737  | 0.369 | 0.665 | 0.843 |
| People     | 0.517 | 0.861  | 0.537  | 0.354 | 0.703 | 0.754 |
| Bus        | 0.725 | 0.92   | 0.82   | 0.404 | 0.685 | 0.841 |
| Lamp       | 0.465 | 0.818  | 0.465  | 0.418 | 0.712 | nan   |
| Motorcycle | 0.452 | 0.732  | 0.486  | 0.102 | 0.662 | 0.807 |
+------------+-------+--------+--------+-------+-------+-------+
2025/05/24 23:57:42 - mmengine - INFO - bbox_mAP_copypaste: 0.585 0.858 0.635 0.345 0.692 0.826
2025/05/24 23:57:42 - mmengine - INFO - Epoch(val) [283][781/781]    coco/Car_precision: 0.6910  coco/Truck_precision: 0.6570  coco/People_precision: 0.5170  coco/Bus_precision: 0.7250  coco/Lamp_precision: 0.4650  coco/Motorcycle_precision: 0.4520  coco/bbox_mAP: 0.5850  coco/bbox_mAP_50: 0.8580  coco/bbox_mAP_75: 0.6350  coco/bbox_mAP_s: 0.3450  coco/bbox_mAP_m: 0.6920  coco/bbox_mAP_l: 0.8260  data_time: 0.0005  time: 0.0856
2025/05/24 23:59:01 - mmengine - INFO - Epoch(train) [284][ 50/420]  base_lr: 1.0000e-02 lr: 3.0205e-03  eta: 21:12:53  time: 1.5863  data_time: 0.0460  memory: 10613  grad_norm: 23.0280  loss: 17.3192  loss_cls: 3.4680  loss_bbox: 6.4952  loss_dfl: 7.3560
2025/05/25 00:00:19 - mmengine - INFO - Epoch(train) [284][100/420]  base_lr: 1.0000e-02 lr: 3.0205e-03  eta: 21:11:35  time: 1.5473  data_time: 0.0074  memory: 10432  grad_norm: 22.7675  loss: 17.2840  loss_cls: 3.4307  loss_bbox: 6.5230  loss_dfl: 7.3303
2025/05/25 00:01:21 - mmengine - INFO - Exp name: yolov8_mambatransformer_enhance_20250524_070703
2025/05/25 00:01:36 - mmengine - INFO - Epoch(train) [284][150/420]  base_lr: 1.0000e-02 lr: 3.0205e-03  eta: 21:10:17  time: 1.5477  data_time: 0.0075  memory: 10389  grad_norm: 24.4395  loss: 17.4125  loss_cls: 3.4812  loss_bbox: 6.5240  loss_dfl: 7.4073
2025/05/25 00:02:54 - mmengine - INFO - Epoch(train) [284][200/420]  base_lr: 1.0000e-02 lr: 3.0205e-03  eta: 21:08:58  time: 1.5472  data_time: 0.0075  memory: 10378  grad_norm: 22.9702  loss: 17.4865  loss_cls: 3.4768  loss_bbox: 6.6277  loss_dfl: 7.3821
2025/05/25 00:04:11 - mmengine - INFO - Epoch(train) [284][250/420]  base_lr: 1.0000e-02 lr: 3.0205e-03  eta: 21:07:40  time: 1.5482  data_time: 0.0076  memory: 10469  grad_norm: 23.4702  loss: 17.5347  loss_cls: 3.5001  loss_bbox: 6.5635  loss_dfl: 7.4711
2025/05/25 00:05:29 - mmengine - INFO - Epoch(train) [284][300/420]  base_lr: 1.0000e-02 lr: 3.0205e-03  eta: 21:06:22  time: 1.5477  data_time: 0.0075  memory: 10554  grad_norm: 24.7370  loss: 17.6003  loss_cls: 3.5179  loss_bbox: 6.6630  loss_dfl: 7.4193
2025/05/25 00:06:46 - mmengine - INFO - Epoch(train) [284][350/420]  base_lr: 1.0000e-02 lr: 3.0205e-03  eta: 21:05:03  time: 1.5475  data_time: 0.0075  memory: 10357  grad_norm: 22.7577  loss: 17.4243  loss_cls: 3.4944  loss_bbox: 6.5464  loss_dfl: 7.3836
2025/05/25 00:08:04 - mmengine - INFO - Epoch(train) [284][400/420]  base_lr: 1.0000e-02 lr: 3.0205e-03  eta: 21:03:46  time: 1.5566  data_time: 0.0084  memory: 10416  grad_norm: 23.4574  loss: 17.4261  loss_cls: 3.4631  loss_bbox: 6.5411  loss_dfl: 7.4219
2025/05/25 00:08:35 - mmengine - INFO - Exp name: yolov8_mambatransformer_enhance_20250524_070703
2025/05/25 00:08:35 - mmengine - INFO - Saving checkpoint at 284 epochs
2025/05/25 00:08:44 - mmengine - INFO - Epoch(val) [284][ 50/781]    eta: 0:01:22  time: 0.1135  data_time: 0.0037  memory: 10357  
2025/05/25 00:08:50 - mmengine - INFO - Epoch(val) [284][100/781]    eta: 0:01:16  time: 0.1115  data_time: 0.0025  memory: 1000  
2025/05/25 00:08:55 - mmengine - INFO - Epoch(val) [284][150/781]    eta: 0:01:09  time: 0.1071  data_time: 0.0023  memory: 1000  
2025/05/25 00:09:00 - mmengine - INFO - Epoch(val) [284][200/781]    eta: 0:01:01  time: 0.0915  data_time: 0.0004  memory: 1000  
2025/05/25 00:09:04 - mmengine - INFO - Epoch(val) [284][250/781]    eta: 0:00:54  time: 0.0911  data_time: 0.0004  memory: 1000  
2025/05/25 00:09:09 - mmengine - INFO - Epoch(val) [284][300/781]    eta: 0:00:48  time: 0.0916  data_time: 0.0004  memory: 1000  
2025/05/25 00:09:14 - mmengine - INFO - Epoch(val) [284][350/781]    eta: 0:00:42  time: 0.0916  data_time: 0.0004  memory: 1000  
2025/05/25 00:09:18 - mmengine - INFO - Epoch(val) [284][400/781]    eta: 0:00:37  time: 0.0919  data_time: 0.0004  memory: 1000  
2025/05/25 00:09:23 - mmengine - INFO - Epoch(val) [284][450/781]    eta: 0:00:32  time: 0.0916  data_time: 0.0004  memory: 1000  
2025/05/25 00:09:28 - mmengine - INFO - Epoch(val) [284][500/781]    eta: 0:00:27  time: 0.0915  data_time: 0.0004  memory: 1000  
2025/05/25 00:09:32 - mmengine - INFO - Epoch(val) [284][550/781]    eta: 0:00:22  time: 0.0916  data_time: 0.0004  memory: 1000  
2025/05/25 00:09:37 - mmengine - INFO - Epoch(val) [284][600/781]    eta: 0:00:17  time: 0.0918  data_time: 0.0004  memory: 1000  
2025/05/25 00:09:41 - mmengine - INFO - Epoch(val) [284][650/781]    eta: 0:00:12  time: 0.0917  data_time: 0.0004  memory: 1000  
2025/05/25 00:09:46 - mmengine - INFO - Epoch(val) [284][700/781]    eta: 0:00:07  time: 0.0915  data_time: 0.0004  memory: 1000  
2025/05/25 00:09:51 - mmengine - INFO - Epoch(val) [284][750/781]    eta: 0:00:02  time: 0.0915  data_time: 0.0004  memory: 1000  
2025/05/25 00:09:54 - mmengine - INFO - Evaluating bbox...
2025/05/25 00:09:58 - mmengine - INFO - 
+------------+-------+--------+--------+-------+-------+-------+
| category   | mAP   | mAP_50 | mAP_75 | mAP_s | mAP_m | mAP_l |
+------------+-------+--------+--------+-------+-------+-------+
| Car        | 0.692 | 0.926  | 0.766  | 0.423 | 0.722 | 0.886 |
| Truck      | 0.656 | 0.886  | 0.737  | 0.37  | 0.663 | 0.842 |
| People     | 0.517 | 0.861  | 0.537  | 0.353 | 0.704 | 0.755 |
| Bus        | 0.719 | 0.907  | 0.806  | 0.408 | 0.689 | 0.83  |
| Lamp       | 0.467 | 0.818  | 0.468  | 0.42  | 0.714 | nan   |
| Motorcycle | 0.452 | 0.732  | 0.486  | 0.106 | 0.659 | 0.807 |
+------------+-------+--------+--------+-------+-------+-------+
2025/05/25 00:09:58 - mmengine - INFO - bbox_mAP_copypaste: 0.584 0.855 0.633 0.347 0.692 0.824
2025/05/25 00:09:58 - mmengine - INFO - Epoch(val) [284][781/781]    coco/Car_precision: 0.6920  coco/Truck_precision: 0.6560  coco/People_precision: 0.5170  coco/Bus_precision: 0.7190  coco/Lamp_precision: 0.4670  coco/Motorcycle_precision: 0.4520  coco/bbox_mAP: 0.5840  coco/bbox_mAP_50: 0.8550  coco/bbox_mAP_75: 0.6330  coco/bbox_mAP_s: 0.3470  coco/bbox_mAP_m: 0.6920  coco/bbox_mAP_l: 0.8240  data_time: 0.0009  time: 0.0952
2025/05/25 00:11:17 - mmengine - INFO - Epoch(train) [285][ 50/420]  base_lr: 1.0000e-02 lr: 2.9957e-03  eta: 21:01:59  time: 1.5877  data_time: 0.0462  memory: 10442  grad_norm: 23.4720  loss: 17.0456  loss_cls: 3.3530  loss_bbox: 6.3410  loss_dfl: 7.3516
2025/05/25 00:12:35 - mmengine - INFO - Epoch(train) [285][100/420]  base_lr: 1.0000e-02 lr: 2.9957e-03  eta: 21:00:40  time: 1.5474  data_time: 0.0075  memory: 10394  grad_norm: 23.7336  loss: 17.3152  loss_cls: 3.4344  loss_bbox: 6.5203  loss_dfl: 7.3606
2025/05/25 00:13:52 - mmengine - INFO - Epoch(train) [285][150/420]  base_lr: 1.0000e-02 lr: 2.9957e-03  eta: 20:59:22  time: 1.5474  data_time: 0.0074  memory: 10437  grad_norm: 23.8624  loss: 17.4637  loss_cls: 3.4950  loss_bbox: 6.5327  loss_dfl: 7.4360
2025/05/25 00:15:10 - mmengine - INFO - Epoch(train) [285][200/420]  base_lr: 1.0000e-02 lr: 2.9957e-03  eta: 20:58:03  time: 1.5479  data_time: 0.0075  memory: 10453  grad_norm: 24.5836  loss: 17.7799  loss_cls: 3.5521  loss_bbox: 6.7418  loss_dfl: 7.4860
2025/05/25 00:16:27 - mmengine - INFO - Epoch(train) [285][250/420]  base_lr: 1.0000e-02 lr: 2.9957e-03  eta: 20:56:45  time: 1.5478  data_time: 0.0074  memory: 10453  grad_norm: 24.0687  loss: 17.6029  loss_cls: 3.5142  loss_bbox: 6.6303  loss_dfl: 7.4585
2025/05/25 00:17:44 - mmengine - INFO - Epoch(train) [285][300/420]  base_lr: 1.0000e-02 lr: 2.9957e-03  eta: 20:55:27  time: 1.5475  data_time: 0.0074  memory: 10373  grad_norm: 24.0267  loss: 17.3856  loss_cls: 3.4685  loss_bbox: 6.5105  loss_dfl: 7.4066
2025/05/25 00:19:02 - mmengine - INFO - Epoch(train) [285][350/420]  base_lr: 1.0000e-02 lr: 2.9957e-03  eta: 20:54:08  time: 1.5478  data_time: 0.0074  memory: 10533  grad_norm: 23.5205  loss: 17.4852  loss_cls: 3.4732  loss_bbox: 6.5576  loss_dfl: 7.4544
2025/05/25 00:20:19 - mmengine - INFO - Epoch(train) [285][400/420]  base_lr: 1.0000e-02 lr: 2.9957e-03  eta: 20:52:50  time: 1.5473  data_time: 0.0075  memory: 10432  grad_norm: 24.5619  loss: 17.7105  loss_cls: 3.5259  loss_bbox: 6.7409  loss_dfl: 7.4436
2025/05/25 00:20:50 - mmengine - INFO - Exp name: yolov8_mambatransformer_enhance_20250524_070703
2025/05/25 00:20:50 - mmengine - INFO - Saving checkpoint at 285 epochs
2025/05/25 00:20:58 - mmengine - INFO - Epoch(val) [285][ 50/781]    eta: 0:01:08  time: 0.0934  data_time: 0.0023  memory: 10341  
2025/05/25 00:21:02 - mmengine - INFO - Epoch(val) [285][100/781]    eta: 0:00:58  time: 0.0790  data_time: 0.0004  memory: 1000  
2025/05/25 00:21:06 - mmengine - INFO - Epoch(val) [285][150/781]    eta: 0:00:51  time: 0.0737  data_time: 0.0004  memory: 1000  
2025/05/25 00:21:10 - mmengine - INFO - Epoch(val) [285][200/781]    eta: 0:00:46  time: 0.0739  data_time: 0.0004  memory: 1000  
2025/05/25 00:21:13 - mmengine - INFO - Epoch(val) [285][250/781]    eta: 0:00:41  time: 0.0737  data_time: 0.0004  memory: 1000  
2025/05/25 00:21:17 - mmengine - INFO - Epoch(val) [285][300/781]    eta: 0:00:37  time: 0.0747  data_time: 0.0004  memory: 1000  
2025/05/25 00:21:21 - mmengine - INFO - Epoch(val) [285][350/781]    eta: 0:00:33  time: 0.0749  data_time: 0.0004  memory: 1000  
2025/05/25 00:21:25 - mmengine - INFO - Epoch(val) [285][400/781]    eta: 0:00:29  time: 0.0744  data_time: 0.0004  memory: 1000  
2025/05/25 00:21:30 - mmengine - INFO - Epoch(val) [285][450/781]    eta: 0:00:26  time: 0.0958  data_time: 0.0014  memory: 1000  
2025/05/25 00:21:35 - mmengine - INFO - Epoch(val) [285][500/781]    eta: 0:00:23  time: 0.1122  data_time: 0.0014  memory: 1000  
2025/05/25 00:21:41 - mmengine - INFO - Epoch(val) [285][550/781]    eta: 0:00:19  time: 0.1115  data_time: 0.0004  memory: 1000  
2025/05/25 00:21:47 - mmengine - INFO - Epoch(val) [285][600/781]    eta: 0:00:16  time: 0.1273  data_time: 0.0055  memory: 1000  
2025/05/25 00:21:53 - mmengine - INFO - Epoch(val) [285][650/781]    eta: 0:00:11  time: 0.1224  data_time: 0.0025  memory: 1000  
2025/05/25 00:21:59 - mmengine - INFO - Epoch(val) [285][700/781]    eta: 0:00:07  time: 0.1050  data_time: 0.0010  memory: 1000  
2025/05/25 00:22:04 - mmengine - INFO - Epoch(val) [285][750/781]    eta: 0:00:02  time: 0.1107  data_time: 0.0004  memory: 1000  
2025/05/25 00:22:08 - mmengine - INFO - Evaluating bbox...
2025/05/25 00:22:13 - mmengine - INFO - 
+------------+-------+--------+--------+-------+-------+-------+
| category   | mAP   | mAP_50 | mAP_75 | mAP_s | mAP_m | mAP_l |
+------------+-------+--------+--------+-------+-------+-------+
| Car        | 0.692 | 0.926  | 0.766  | 0.423 | 0.722 | 0.886 |
| Truck      | 0.656 | 0.885  | 0.735  | 0.372 | 0.663 | 0.845 |
| People     | 0.516 | 0.862  | 0.539  | 0.354 | 0.703 | 0.752 |
| Bus        | 0.719 | 0.906  | 0.81   | 0.409 | 0.685 | 0.831 |
| Lamp       | 0.467 | 0.82   | 0.469  | 0.42  | 0.715 | nan   |
| Motorcycle | 0.452 | 0.732  | 0.487  | 0.105 | 0.658 | 0.807 |
+------------+-------+--------+--------+-------+-------+-------+
2025/05/25 00:22:13 - mmengine - INFO - bbox_mAP_copypaste: 0.584 0.855 0.634 0.347 0.691 0.824
2025/05/25 00:22:13 - mmengine - INFO - Epoch(val) [285][781/781]    coco/Car_precision: 0.6920  coco/Truck_precision: 0.6560  coco/People_precision: 0.5160  coco/Bus_precision: 0.7190  coco/Lamp_precision: 0.4670  coco/Motorcycle_precision: 0.4520  coco/bbox_mAP: 0.5840  coco/bbox_mAP_50: 0.8550  coco/bbox_mAP_75: 0.6340  coco/bbox_mAP_s: 0.3470  coco/bbox_mAP_m: 0.6910  coco/bbox_mAP_l: 0.8240  data_time: 0.0012  time: 0.0944
2025/05/25 00:23:33 - mmengine - INFO - Epoch(train) [286][ 50/420]  base_lr: 1.0000e-02 lr: 2.9710e-03  eta: 20:51:04  time: 1.6056  data_time: 0.0514  memory: 10384  grad_norm: 22.9795  loss: 17.0192  loss_cls: 3.3534  loss_bbox: 6.2445  loss_dfl: 7.4213
2025/05/25 00:24:51 - mmengine - INFO - Epoch(train) [286][100/420]  base_lr: 1.0000e-02 lr: 2.9710e-03  eta: 20:49:46  time: 1.5491  data_time: 0.0076  memory: 10384  grad_norm: 22.7518  loss: 17.5270  loss_cls: 3.4880  loss_bbox: 6.6925  loss_dfl: 7.3465
2025/05/25 00:26:08 - mmengine - INFO - Epoch(train) [286][150/420]  base_lr: 1.0000e-02 lr: 2.9710e-03  eta: 20:48:28  time: 1.5491  data_time: 0.0075  memory: 10389  grad_norm: 23.9193  loss: 17.1960  loss_cls: 3.4228  loss_bbox: 6.4026  loss_dfl: 7.3706
2025/05/25 00:27:26 - mmengine - INFO - Epoch(train) [286][200/420]  base_lr: 1.0000e-02 lr: 2.9710e-03  eta: 20:47:10  time: 1.5494  data_time: 0.0075  memory: 10554  grad_norm: 22.2716  loss: 17.6159  loss_cls: 3.5121  loss_bbox: 6.6587  loss_dfl: 7.4451
2025/05/25 00:28:43 - mmengine - INFO - Epoch(train) [286][250/420]  base_lr: 1.0000e-02 lr: 2.9710e-03  eta: 20:45:51  time: 1.5480  data_time: 0.0075  memory: 10442  grad_norm: 24.8605  loss: 17.5374  loss_cls: 3.4656  loss_bbox: 6.6475  loss_dfl: 7.4242
2025/05/25 00:30:00 - mmengine - INFO - Exp name: yolov8_mambatransformer_enhance_20250524_070703
2025/05/25 00:30:00 - mmengine - INFO - Epoch(train) [286][300/420]  base_lr: 1.0000e-02 lr: 2.9710e-03  eta: 20:44:33  time: 1.5480  data_time: 0.0076  memory: 10384  grad_norm: 23.4954  loss: 17.3183  loss_cls: 3.4622  loss_bbox: 6.4793  loss_dfl: 7.3768
2025/05/25 00:31:18 - mmengine - INFO - Epoch(train) [286][350/420]  base_lr: 1.0000e-02 lr: 2.9710e-03  eta: 20:43:15  time: 1.5476  data_time: 0.0075  memory: 10378  grad_norm: 23.6929  loss: 17.7131  loss_cls: 3.4884  loss_bbox: 6.7304  loss_dfl: 7.4944
2025/05/25 00:32:35 - mmengine - INFO - Epoch(train) [286][400/420]  base_lr: 1.0000e-02 lr: 2.9710e-03  eta: 20:41:56  time: 1.5477  data_time: 0.0076  memory: 10469  grad_norm: 24.7344  loss: 17.8223  loss_cls: 3.6088  loss_bbox: 6.7072  loss_dfl: 7.5063
2025/05/25 00:33:06 - mmengine - INFO - Exp name: yolov8_mambatransformer_enhance_20250524_070703
2025/05/25 00:33:06 - mmengine - INFO - Saving checkpoint at 286 epochs
2025/05/25 00:33:14 - mmengine - INFO - Epoch(val) [286][ 50/781]    eta: 0:01:08  time: 0.0934  data_time: 0.0021  memory: 10437  
2025/05/25 00:33:18 - mmengine - INFO - Epoch(val) [286][100/781]    eta: 0:00:58  time: 0.0776  data_time: 0.0004  memory: 1000  
2025/05/25 00:33:23 - mmengine - INFO - Epoch(val) [286][150/781]    eta: 0:00:55  time: 0.0914  data_time: 0.0004  memory: 1000  
2025/05/25 00:33:27 - mmengine - INFO - Epoch(val) [286][200/781]    eta: 0:00:51  time: 0.0915  data_time: 0.0004  memory: 1000  
2025/05/25 00:33:32 - mmengine - INFO - Epoch(val) [286][250/781]    eta: 0:00:47  time: 0.0910  data_time: 0.0004  memory: 1000  
2025/05/25 00:33:37 - mmengine - INFO - Epoch(val) [286][300/781]    eta: 0:00:42  time: 0.0907  data_time: 0.0004  memory: 1000  
2025/05/25 00:33:41 - mmengine - INFO - Epoch(val) [286][350/781]    eta: 0:00:38  time: 0.0908  data_time: 0.0004  memory: 1000  
2025/05/25 00:33:46 - mmengine - INFO - Epoch(val) [286][400/781]    eta: 0:00:34  time: 0.0909  data_time: 0.0004  memory: 1000  
2025/05/25 00:33:50 - mmengine - INFO - Epoch(val) [286][450/781]    eta: 0:00:29  time: 0.0908  data_time: 0.0004  memory: 1000  
2025/05/25 00:33:55 - mmengine - INFO - Epoch(val) [286][500/781]    eta: 0:00:25  time: 0.0909  data_time: 0.0004  memory: 1000  
2025/05/25 00:33:59 - mmengine - INFO - Epoch(val) [286][550/781]    eta: 0:00:20  time: 0.0910  data_time: 0.0004  memory: 1000  
2025/05/25 00:34:04 - mmengine - INFO - Epoch(val) [286][600/781]    eta: 0:00:16  time: 0.0909  data_time: 0.0004  memory: 1000  
2025/05/25 00:34:09 - mmengine - INFO - Epoch(val) [286][650/781]    eta: 0:00:11  time: 0.0908  data_time: 0.0004  memory: 1000  
2025/05/25 00:34:13 - mmengine - INFO - Epoch(val) [286][700/781]    eta: 0:00:07  time: 0.0908  data_time: 0.0004  memory: 1000  
2025/05/25 00:34:18 - mmengine - INFO - Epoch(val) [286][750/781]    eta: 0:00:02  time: 0.0908  data_time: 0.0004  memory: 1000  
2025/05/25 00:34:21 - mmengine - INFO - Evaluating bbox...
2025/05/25 00:34:25 - mmengine - INFO - 
+------------+-------+--------+--------+-------+-------+-------+
| category   | mAP   | mAP_50 | mAP_75 | mAP_s | mAP_m | mAP_l |
+------------+-------+--------+--------+-------+-------+-------+
| Car        | 0.692 | 0.927  | 0.766  | 0.425 | 0.721 | 0.886 |
| Truck      | 0.656 | 0.886  | 0.743  | 0.373 | 0.661 | 0.846 |
| People     | 0.517 | 0.862  | 0.542  | 0.353 | 0.704 | 0.755 |
| Bus        | 0.717 | 0.905  | 0.805  | 0.403 | 0.682 | 0.831 |
| Lamp       | 0.468 | 0.82   | 0.471  | 0.421 | 0.717 | nan   |
| Motorcycle | 0.453 | 0.738  | 0.487  | 0.105 | 0.659 | 0.807 |
+------------+-------+--------+--------+-------+-------+-------+
2025/05/25 00:34:25 - mmengine - INFO - bbox_mAP_copypaste: 0.584 0.856 0.636 0.347 0.691 0.825
2025/05/25 00:34:25 - mmengine - INFO - Epoch(val) [286][781/781]    coco/Car_precision: 0.6920  coco/Truck_precision: 0.6560  coco/People_precision: 0.5170  coco/Bus_precision: 0.7170  coco/Lamp_precision: 0.4680  coco/Motorcycle_precision: 0.4530  coco/bbox_mAP: 0.5840  coco/bbox_mAP_50: 0.8560  coco/bbox_mAP_75: 0.6360  coco/bbox_mAP_s: 0.3470  coco/bbox_mAP_m: 0.6910  coco/bbox_mAP_l: 0.8250  data_time: 0.0005  time: 0.0902
2025/05/25 00:35:45 - mmengine - INFO - Epoch(train) [287][ 50/420]  base_lr: 1.0000e-02 lr: 2.9462e-03  eta: 20:40:09  time: 1.5890  data_time: 0.0459  memory: 10538  grad_norm: 22.2947  loss: 16.9059  loss_cls: 3.3290  loss_bbox: 6.3162  loss_dfl: 7.2607
2025/05/25 00:37:03 - mmengine - INFO - Epoch(train) [287][100/420]  base_lr: 1.0000e-02 lr: 2.9462e-03  eta: 20:38:52  time: 1.5642  data_time: 0.0087  memory: 10400  grad_norm: 24.6922  loss: 17.3354  loss_cls: 3.4769  loss_bbox: 6.4630  loss_dfl: 7.3955
2025/05/25 00:38:20 - mmengine - INFO - Epoch(train) [287][150/420]  base_lr: 1.0000e-02 lr: 2.9462e-03  eta: 20:37:34  time: 1.5491  data_time: 0.0074  memory: 10416  grad_norm: 23.8817  loss: 17.4603  loss_cls: 3.4906  loss_bbox: 6.6061  loss_dfl: 7.3636
2025/05/25 00:39:38 - mmengine - INFO - Epoch(train) [287][200/420]  base_lr: 1.0000e-02 lr: 2.9462e-03  eta: 20:36:16  time: 1.5488  data_time: 0.0074  memory: 10416  grad_norm: 25.5575  loss: 17.5693  loss_cls: 3.6016  loss_bbox: 6.5489  loss_dfl: 7.4189
2025/05/25 00:40:55 - mmengine - INFO - Epoch(train) [287][250/420]  base_lr: 1.0000e-02 lr: 2.9462e-03  eta: 20:34:57  time: 1.5484  data_time: 0.0074  memory: 10442  grad_norm: 22.3836  loss: 17.2439  loss_cls: 3.4011  loss_bbox: 6.5195  loss_dfl: 7.3232
2025/05/25 00:42:13 - mmengine - INFO - Epoch(train) [287][300/420]  base_lr: 1.0000e-02 lr: 2.9462e-03  eta: 20:33:39  time: 1.5486  data_time: 0.0073  memory: 10474  grad_norm: 23.6112  loss: 17.4811  loss_cls: 3.5209  loss_bbox: 6.5502  loss_dfl: 7.4100
2025/05/25 00:43:30 - mmengine - INFO - Epoch(train) [287][350/420]  base_lr: 1.0000e-02 lr: 2.9462e-03  eta: 20:32:21  time: 1.5469  data_time: 0.0074  memory: 10421  grad_norm: 24.9150  loss: 17.2038  loss_cls: 3.3827  loss_bbox: 6.4211  loss_dfl: 7.4000
2025/05/25 00:44:48 - mmengine - INFO - Epoch(train) [287][400/420]  base_lr: 1.0000e-02 lr: 2.9462e-03  eta: 20:31:03  time: 1.5484  data_time: 0.0074  memory: 10416  grad_norm: 24.4114  loss: 17.6188  loss_cls: 3.5257  loss_bbox: 6.6270  loss_dfl: 7.4661
2025/05/25 00:45:19 - mmengine - INFO - Exp name: yolov8_mambatransformer_enhance_20250524_070703
2025/05/25 00:45:19 - mmengine - INFO - Saving checkpoint at 287 epochs
2025/05/25 00:45:26 - mmengine - INFO - Epoch(val) [287][ 50/781]    eta: 0:01:01  time: 0.0835  data_time: 0.0021  memory: 10336  
2025/05/25 00:45:30 - mmengine - INFO - Epoch(val) [287][100/781]    eta: 0:00:53  time: 0.0736  data_time: 0.0004  memory: 1000  
2025/05/25 00:45:34 - mmengine - INFO - Epoch(val) [287][150/781]    eta: 0:00:48  time: 0.0734  data_time: 0.0004  memory: 1000  
2025/05/25 00:45:38 - mmengine - INFO - Epoch(val) [287][200/781]    eta: 0:00:46  time: 0.0868  data_time: 0.0004  memory: 1000  
2025/05/25 00:45:43 - mmengine - INFO - Epoch(val) [287][250/781]    eta: 0:00:43  time: 0.0910  data_time: 0.0004  memory: 1000  
2025/05/25 00:45:47 - mmengine - INFO - Epoch(val) [287][300/781]    eta: 0:00:40  time: 0.0908  data_time: 0.0004  memory: 1000  
2025/05/25 00:45:52 - mmengine - INFO - Epoch(val) [287][350/781]    eta: 0:00:36  time: 0.0910  data_time: 0.0004  memory: 1000  
2025/05/25 00:45:56 - mmengine - INFO - Epoch(val) [287][400/781]    eta: 0:00:32  time: 0.0909  data_time: 0.0004  memory: 1000  
2025/05/25 00:46:01 - mmengine - INFO - Epoch(val) [287][450/781]    eta: 0:00:28  time: 0.0911  data_time: 0.0004  memory: 1000  
2025/05/25 00:46:05 - mmengine - INFO - Epoch(val) [287][500/781]    eta: 0:00:24  time: 0.0909  data_time: 0.0004  memory: 1000  
2025/05/25 00:46:10 - mmengine - INFO - Epoch(val) [287][550/781]    eta: 0:00:20  time: 0.0909  data_time: 0.0004  memory: 1000  
2025/05/25 00:46:15 - mmengine - INFO - Epoch(val) [287][600/781]    eta: 0:00:15  time: 0.0910  data_time: 0.0004  memory: 1000  
2025/05/25 00:46:19 - mmengine - INFO - Epoch(val) [287][650/781]    eta: 0:00:11  time: 0.0909  data_time: 0.0004  memory: 1000  
2025/05/25 00:46:24 - mmengine - INFO - Epoch(val) [287][700/781]    eta: 0:00:07  time: 0.0910  data_time: 0.0004  memory: 1000  
2025/05/25 00:46:28 - mmengine - INFO - Epoch(val) [287][750/781]    eta: 0:00:02  time: 0.0911  data_time: 0.0004  memory: 1000  
2025/05/25 00:46:32 - mmengine - INFO - Evaluating bbox...
2025/05/25 00:46:35 - mmengine - INFO - 
+------------+-------+--------+--------+-------+-------+-------+
| category   | mAP   | mAP_50 | mAP_75 | mAP_s | mAP_m | mAP_l |
+------------+-------+--------+--------+-------+-------+-------+
| Car        | 0.693 | 0.926  | 0.77   | 0.425 | 0.721 | 0.885 |
| Truck      | 0.655 | 0.885  | 0.742  | 0.373 | 0.662 | 0.843 |
| People     | 0.517 | 0.862  | 0.545  | 0.354 | 0.704 | 0.755 |
| Bus        | 0.717 | 0.906  | 0.801  | 0.404 | 0.679 | 0.83  |
| Lamp       | 0.467 | 0.82   | 0.472  | 0.42  | 0.717 | nan   |
| Motorcycle | 0.453 | 0.737  | 0.488  | 0.104 | 0.663 | 0.807 |
+------------+-------+--------+--------+-------+-------+-------+
2025/05/25 00:46:35 - mmengine - INFO - bbox_mAP_copypaste: 0.584 0.856 0.636 0.347 0.691 0.824
2025/05/25 00:46:36 - mmengine - INFO - Epoch(val) [287][781/781]    coco/Car_precision: 0.6930  coco/Truck_precision: 0.6550  coco/People_precision: 0.5170  coco/Bus_precision: 0.7170  coco/Lamp_precision: 0.4670  coco/Motorcycle_precision: 0.4530  coco/bbox_mAP: 0.5840  coco/bbox_mAP_50: 0.8560  coco/bbox_mAP_75: 0.6360  coco/bbox_mAP_s: 0.3470  coco/bbox_mAP_m: 0.6910  coco/bbox_mAP_l: 0.8240  data_time: 0.0005  time: 0.0880
2025/05/25 00:47:55 - mmengine - INFO - Epoch(train) [288][ 50/420]  base_lr: 1.0000e-02 lr: 2.9215e-03  eta: 20:29:16  time: 1.5918  data_time: 0.0489  memory: 10442  grad_norm: 23.6120  loss: 16.9672  loss_cls: 3.3699  loss_bbox: 6.2929  loss_dfl: 7.3044
2025/05/25 00:49:13 - mmengine - INFO - Epoch(train) [288][100/420]  base_lr: 1.0000e-02 lr: 2.9215e-03  eta: 20:27:58  time: 1.5540  data_time: 0.0075  memory: 10394  grad_norm: 24.5158  loss: 17.5974  loss_cls: 3.5001  loss_bbox: 6.7068  loss_dfl: 7.3904
2025/05/25 00:50:31 - mmengine - INFO - Epoch(train) [288][150/420]  base_lr: 1.0000e-02 lr: 2.9215e-03  eta: 20:26:40  time: 1.5614  data_time: 0.0082  memory: 10421  grad_norm: 23.6952  loss: 17.3393  loss_cls: 3.4368  loss_bbox: 6.4916  loss_dfl: 7.4109
2025/05/25 00:51:49 - mmengine - INFO - Epoch(train) [288][200/420]  base_lr: 1.0000e-02 lr: 2.9215e-03  eta: 20:25:22  time: 1.5516  data_time: 0.0076  memory: 10458  grad_norm: 24.2685  loss: 17.6692  loss_cls: 3.5058  loss_bbox: 6.7256  loss_dfl: 7.4378
2025/05/25 00:53:06 - mmengine - INFO - Epoch(train) [288][250/420]  base_lr: 1.0000e-02 lr: 2.9215e-03  eta: 20:24:04  time: 1.5480  data_time: 0.0075  memory: 10389  grad_norm: 23.1103  loss: 17.1840  loss_cls: 3.3866  loss_bbox: 6.4438  loss_dfl: 7.3536
2025/05/25 00:54:23 - mmengine - INFO - Epoch(train) [288][300/420]  base_lr: 1.0000e-02 lr: 2.9215e-03  eta: 20:22:46  time: 1.5478  data_time: 0.0075  memory: 10400  grad_norm: 23.4232  loss: 17.5208  loss_cls: 3.4331  loss_bbox: 6.6413  loss_dfl: 7.4465
2025/05/25 00:55:41 - mmengine - INFO - Epoch(train) [288][350/420]  base_lr: 1.0000e-02 lr: 2.9215e-03  eta: 20:21:27  time: 1.5479  data_time: 0.0074  memory: 10506  grad_norm: 23.1328  loss: 17.5671  loss_cls: 3.4744  loss_bbox: 6.6633  loss_dfl: 7.4294
2025/05/25 00:56:58 - mmengine - INFO - Epoch(train) [288][400/420]  base_lr: 1.0000e-02 lr: 2.9215e-03  eta: 20:20:09  time: 1.5483  data_time: 0.0075  memory: 10432  grad_norm: 22.8884  loss: 17.1461  loss_cls: 3.3923  loss_bbox: 6.3555  loss_dfl: 7.3983
2025/05/25 00:57:29 - mmengine - INFO - Exp name: yolov8_mambatransformer_enhance_20250524_070703
2025/05/25 00:57:29 - mmengine - INFO - Saving checkpoint at 288 epochs
2025/05/25 00:57:37 - mmengine - INFO - Epoch(val) [288][ 50/781]    eta: 0:01:04  time: 0.0889  data_time: 0.0022  memory: 10453  
2025/05/25 00:57:42 - mmengine - INFO - Epoch(val) [288][100/781]    eta: 0:01:01  time: 0.0921  data_time: 0.0004  memory: 1000  
2025/05/25 00:57:46 - mmengine - INFO - Epoch(val) [288][150/781]    eta: 0:00:57  time: 0.0917  data_time: 0.0004  memory: 1000  
2025/05/25 00:57:51 - mmengine - INFO - Epoch(val) [288][200/781]    eta: 0:00:52  time: 0.0915  data_time: 0.0004  memory: 1000  
2025/05/25 00:57:56 - mmengine - INFO - Epoch(val) [288][250/781]    eta: 0:00:48  time: 0.0914  data_time: 0.0004  memory: 1000  
2025/05/25 00:58:00 - mmengine - INFO - Epoch(val) [288][300/781]    eta: 0:00:43  time: 0.0913  data_time: 0.0004  memory: 1000  
2025/05/25 00:58:05 - mmengine - INFO - Epoch(val) [288][350/781]    eta: 0:00:39  time: 0.0912  data_time: 0.0004  memory: 1000  
2025/05/25 00:58:09 - mmengine - INFO - Epoch(val) [288][400/781]    eta: 0:00:34  time: 0.0912  data_time: 0.0004  memory: 1000  
2025/05/25 00:58:14 - mmengine - INFO - Epoch(val) [288][450/781]    eta: 0:00:30  time: 0.0912  data_time: 0.0004  memory: 1000  
2025/05/25 00:58:19 - mmengine - INFO - Epoch(val) [288][500/781]    eta: 0:00:25  time: 0.0912  data_time: 0.0004  memory: 1000  
2025/05/25 00:58:23 - mmengine - INFO - Epoch(val) [288][550/781]    eta: 0:00:21  time: 0.0911  data_time: 0.0004  memory: 1000  
2025/05/25 00:58:28 - mmengine - INFO - Epoch(val) [288][600/781]    eta: 0:00:16  time: 0.0911  data_time: 0.0004  memory: 1000  
2025/05/25 00:58:32 - mmengine - INFO - Epoch(val) [288][650/781]    eta: 0:00:11  time: 0.0912  data_time: 0.0004  memory: 1000  
2025/05/25 00:58:37 - mmengine - INFO - Epoch(val) [288][700/781]    eta: 0:00:07  time: 0.0912  data_time: 0.0004  memory: 1000  
2025/05/25 00:58:42 - mmengine - INFO - Epoch(val) [288][750/781]    eta: 0:00:02  time: 0.0912  data_time: 0.0004  memory: 1000  
2025/05/25 00:58:45 - mmengine - INFO - Evaluating bbox...
2025/05/25 00:58:49 - mmengine - INFO - 
+------------+-------+--------+--------+-------+-------+-------+
| category   | mAP   | mAP_50 | mAP_75 | mAP_s | mAP_m | mAP_l |
+------------+-------+--------+--------+-------+-------+-------+
| Car        | 0.693 | 0.926  | 0.77   | 0.425 | 0.722 | 0.887 |
| Truck      | 0.656 | 0.886  | 0.743  | 0.38  | 0.662 | 0.844 |
| People     | 0.517 | 0.861  | 0.543  | 0.354 | 0.703 | 0.753 |
| Bus        | 0.717 | 0.906  | 0.801  | 0.409 | 0.679 | 0.83  |
| Lamp       | 0.467 | 0.822  | 0.475  | 0.421 | 0.719 | nan   |
| Motorcycle | 0.454 | 0.746  | 0.488  | 0.108 | 0.661 | 0.807 |
+------------+-------+--------+--------+-------+-------+-------+
2025/05/25 00:58:49 - mmengine - INFO - bbox_mAP_copypaste: 0.584 0.858 0.637 0.349 0.691 0.824
2025/05/25 00:58:49 - mmengine - INFO - Epoch(val) [288][781/781]    coco/Car_precision: 0.6930  coco/Truck_precision: 0.6560  coco/People_precision: 0.5170  coco/Bus_precision: 0.7170  coco/Lamp_precision: 0.4670  coco/Motorcycle_precision: 0.4540  coco/bbox_mAP: 0.5840  coco/bbox_mAP_50: 0.8580  coco/bbox_mAP_75: 0.6370  coco/bbox_mAP_s: 0.3490  coco/bbox_mAP_m: 0.6910  coco/bbox_mAP_l: 0.8240  data_time: 0.0005  time: 0.0912
2025/05/25 00:59:53 - mmengine - INFO - Exp name: yolov8_mambatransformer_enhance_20250524_070703
2025/05/25 01:00:08 - mmengine - INFO - Epoch(train) [289][ 50/420]  base_lr: 1.0000e-02 lr: 2.8967e-03  eta: 20:18:22  time: 1.5933  data_time: 0.0464  memory: 10442  grad_norm: 23.0687  loss: 17.2902  loss_cls: 3.3836  loss_bbox: 6.5528  loss_dfl: 7.3537
2025/05/25 01:01:26 - mmengine - INFO - Epoch(train) [289][100/420]  base_lr: 1.0000e-02 lr: 2.8967e-03  eta: 20:17:04  time: 1.5503  data_time: 0.0076  memory: 10458  grad_norm: 23.0198  loss: 16.9977  loss_cls: 3.3527  loss_bbox: 6.3727  loss_dfl: 7.2723
2025/05/25 01:02:44 - mmengine - INFO - Epoch(train) [289][150/420]  base_lr: 1.0000e-02 lr: 2.8967e-03  eta: 20:15:46  time: 1.5497  data_time: 0.0076  memory: 10490  grad_norm: 23.4629  loss: 17.3963  loss_cls: 3.4820  loss_bbox: 6.5597  loss_dfl: 7.3545
2025/05/25 01:04:01 - mmengine - INFO - Epoch(train) [289][200/420]  base_lr: 1.0000e-02 lr: 2.8967e-03  eta: 20:14:28  time: 1.5502  data_time: 0.0080  memory: 10474  grad_norm: 24.3705  loss: 17.2594  loss_cls: 3.4597  loss_bbox: 6.4718  loss_dfl: 7.3278
2025/05/25 01:05:19 - mmengine - INFO - Epoch(train) [289][250/420]  base_lr: 1.0000e-02 lr: 2.8967e-03  eta: 20:13:11  time: 1.5620  data_time: 0.0087  memory: 10416  grad_norm: 22.7870  loss: 17.0337  loss_cls: 3.3545  loss_bbox: 6.4128  loss_dfl: 7.2664
2025/05/25 01:06:37 - mmengine - INFO - Epoch(train) [289][300/420]  base_lr: 1.0000e-02 lr: 2.8967e-03  eta: 20:11:52  time: 1.5477  data_time: 0.0076  memory: 10437  grad_norm: 24.5978  loss: 17.2645  loss_cls: 3.4016  loss_bbox: 6.4929  loss_dfl: 7.3700
2025/05/25 01:07:54 - mmengine - INFO - Epoch(train) [289][350/420]  base_lr: 1.0000e-02 lr: 2.8967e-03  eta: 20:10:34  time: 1.5473  data_time: 0.0075  memory: 10421  grad_norm: 23.6794  loss: 17.4421  loss_cls: 3.4757  loss_bbox: 6.5769  loss_dfl: 7.3895
2025/05/25 01:09:11 - mmengine - INFO - Epoch(train) [289][400/420]  base_lr: 1.0000e-02 lr: 2.8967e-03  eta: 20:09:16  time: 1.5472  data_time: 0.0075  memory: 10464  grad_norm: 24.1996  loss: 17.5791  loss_cls: 3.5714  loss_bbox: 6.6865  loss_dfl: 7.3213
2025/05/25 01:09:42 - mmengine - INFO - Exp name: yolov8_mambatransformer_enhance_20250524_070703
2025/05/25 01:09:42 - mmengine - INFO - Saving checkpoint at 289 epochs
2025/05/25 01:09:51 - mmengine - INFO - Epoch(val) [289][ 50/781]    eta: 0:01:09  time: 0.0946  data_time: 0.0028  memory: 10528  
2025/05/25 01:09:55 - mmengine - INFO - Epoch(val) [289][100/781]    eta: 0:01:03  time: 0.0915  data_time: 0.0004  memory: 1000  
2025/05/25 01:10:00 - mmengine - INFO - Epoch(val) [289][150/781]    eta: 0:00:58  time: 0.0912  data_time: 0.0004  memory: 1000  
2025/05/25 01:10:04 - mmengine - INFO - Epoch(val) [289][200/781]    eta: 0:00:53  time: 0.0917  data_time: 0.0004  memory: 1000  
2025/05/25 01:10:09 - mmengine - INFO - Epoch(val) [289][250/781]    eta: 0:00:48  time: 0.0911  data_time: 0.0004  memory: 1000  
2025/05/25 01:10:14 - mmengine - INFO - Epoch(val) [289][300/781]    eta: 0:00:44  time: 0.0914  data_time: 0.0004  memory: 1000  
2025/05/25 01:10:18 - mmengine - INFO - Epoch(val) [289][350/781]    eta: 0:00:39  time: 0.0911  data_time: 0.0004  memory: 1000  
2025/05/25 01:10:23 - mmengine - INFO - Epoch(val) [289][400/781]    eta: 0:00:34  time: 0.0911  data_time: 0.0004  memory: 1000  
2025/05/25 01:10:27 - mmengine - INFO - Epoch(val) [289][450/781]    eta: 0:00:30  time: 0.0911  data_time: 0.0004  memory: 1000  
2025/05/25 01:10:32 - mmengine - INFO - Epoch(val) [289][500/781]    eta: 0:00:25  time: 0.0914  data_time: 0.0004  memory: 1000  
2025/05/25 01:10:37 - mmengine - INFO - Epoch(val) [289][550/781]    eta: 0:00:21  time: 0.0912  data_time: 0.0004  memory: 1000  
2025/05/25 01:10:41 - mmengine - INFO - Epoch(val) [289][600/781]    eta: 0:00:16  time: 0.0910  data_time: 0.0004  memory: 1000  
2025/05/25 01:10:45 - mmengine - INFO - Epoch(val) [289][650/781]    eta: 0:00:11  time: 0.0799  data_time: 0.0004  memory: 1000  
2025/05/25 01:10:49 - mmengine - INFO - Epoch(val) [289][700/781]    eta: 0:00:07  time: 0.0815  data_time: 0.0004  memory: 1000  
2025/05/25 01:10:54 - mmengine - INFO - Epoch(val) [289][750/781]    eta: 0:00:02  time: 0.0911  data_time: 0.0004  memory: 1000  
2025/05/25 01:10:57 - mmengine - INFO - Evaluating bbox...
2025/05/25 01:11:01 - mmengine - INFO - 
+------------+-------+--------+--------+-------+-------+-------+
| category   | mAP   | mAP_50 | mAP_75 | mAP_s | mAP_m | mAP_l |
+------------+-------+--------+--------+-------+-------+-------+
| Car        | 0.693 | 0.926  | 0.767  | 0.425 | 0.721 | 0.887 |
| Truck      | 0.655 | 0.886  | 0.732  | 0.376 | 0.662 | 0.847 |
| People     | 0.516 | 0.862  | 0.543  | 0.353 | 0.703 | 0.753 |
| Bus        | 0.726 | 0.918  | 0.802  | 0.415 | 0.683 | 0.841 |
| Lamp       | 0.468 | 0.822  | 0.479  | 0.421 | 0.719 | nan   |
| Motorcycle | 0.454 | 0.747  | 0.488  | 0.108 | 0.661 | 0.807 |
+------------+-------+--------+--------+-------+-------+-------+
2025/05/25 01:11:01 - mmengine - INFO - bbox_mAP_copypaste: 0.586 0.860 0.635 0.350 0.691 0.827
2025/05/25 01:11:01 - mmengine - INFO - Epoch(val) [289][781/781]    coco/Car_precision: 0.6930  coco/Truck_precision: 0.6550  coco/People_precision: 0.5160  coco/Bus_precision: 0.7260  coco/Lamp_precision: 0.4680  coco/Motorcycle_precision: 0.4540  coco/bbox_mAP: 0.5860  coco/bbox_mAP_50: 0.8600  coco/bbox_mAP_75: 0.6350  coco/bbox_mAP_s: 0.3500  coco/bbox_mAP_m: 0.6910  coco/bbox_mAP_l: 0.8270  data_time: 0.0006  time: 0.0901
2025/05/25 01:11:01 - mmengine - INFO - The previous best checkpoint /data/nl/Mamba2Spectral/work_dirs/M3FD/2025_05_10/yolov8_mambatransformer_enhance/best_coco_bbox_mAP_50_epoch_201.pth is removed
2025/05/25 01:11:04 - mmengine - INFO - The best checkpoint with 0.8600 coco/bbox_mAP_50 at 289 epoch is saved to best_coco_bbox_mAP_50_epoch_289.pth.
2025/05/25 01:12:28 - mmengine - INFO - Epoch(train) [290][ 50/420]  base_lr: 1.0000e-02 lr: 2.8720e-03  eta: 20:07:29  time: 1.5895  data_time: 0.0473  memory: 10474  grad_norm: 23.6835  loss: 17.3192  loss_cls: 3.4180  loss_bbox: 6.5096  loss_dfl: 7.3916
2025/05/25 01:13:46 - mmengine - INFO - Epoch(train) [290][100/420]  base_lr: 1.0000e-02 lr: 2.8720e-03  eta: 20:06:10  time: 1.5490  data_time: 0.0075  memory: 10442  grad_norm: 23.8929  loss: 17.2619  loss_cls: 3.3784  loss_bbox: 6.4981  loss_dfl: 7.3854
2025/05/25 01:15:03 - mmengine - INFO - Epoch(train) [290][150/420]  base_lr: 1.0000e-02 lr: 2.8720e-03  eta: 20:04:52  time: 1.5482  data_time: 0.0075  memory: 10474  grad_norm: 25.4094  loss: 17.5418  loss_cls: 3.5386  loss_bbox: 6.5653  loss_dfl: 7.4379
2025/05/25 01:16:21 - mmengine - INFO - Epoch(train) [290][200/420]  base_lr: 1.0000e-02 lr: 2.8720e-03  eta: 20:03:34  time: 1.5482  data_time: 0.0075  memory: 10469  grad_norm: 24.9644  loss: 17.2550  loss_cls: 3.4209  loss_bbox: 6.4208  loss_dfl: 7.4134
2025/05/25 01:17:38 - mmengine - INFO - Epoch(train) [290][250/420]  base_lr: 1.0000e-02 lr: 2.8720e-03  eta: 20:02:16  time: 1.5519  data_time: 0.0078  memory: 10373  grad_norm: 24.0431  loss: 17.2798  loss_cls: 3.4359  loss_bbox: 6.5151  loss_dfl: 7.3287
2025/05/25 01:18:57 - mmengine - INFO - Epoch(train) [290][300/420]  base_lr: 1.0000e-02 lr: 2.8720e-03  eta: 20:00:59  time: 1.5633  data_time: 0.0087  memory: 10394  grad_norm: 23.3215  loss: 16.9890  loss_cls: 3.3445  loss_bbox: 6.3140  loss_dfl: 7.3305
2025/05/25 01:20:14 - mmengine - INFO - Epoch(train) [290][350/420]  base_lr: 1.0000e-02 lr: 2.8720e-03  eta: 19:59:40  time: 1.5495  data_time: 0.0077  memory: 10421  grad_norm: 24.4446  loss: 17.5371  loss_cls: 3.4703  loss_bbox: 6.6299  loss_dfl: 7.4369
2025/05/25 01:21:32 - mmengine - INFO - Epoch(train) [290][400/420]  base_lr: 1.0000e-02 lr: 2.8720e-03  eta: 19:58:22  time: 1.5487  data_time: 0.0075  memory: 10384  grad_norm: 24.1129  loss: 17.5889  loss_cls: 3.4890  loss_bbox: 6.6449  loss_dfl: 7.4551
2025/05/25 01:22:03 - mmengine - INFO - Exp name: yolov8_mambatransformer_enhance_20250524_070703
2025/05/25 01:22:03 - mmengine - INFO - Saving checkpoint at 290 epochs
2025/05/25 01:22:10 - mmengine - INFO - Epoch(val) [290][ 50/781]    eta: 0:01:00  time: 0.0834  data_time: 0.0022  memory: 10346  
2025/05/25 01:22:15 - mmengine - INFO - Epoch(val) [290][100/781]    eta: 0:00:59  time: 0.0916  data_time: 0.0004  memory: 1000  
2025/05/25 01:22:20 - mmengine - INFO - Epoch(val) [290][150/781]    eta: 0:00:56  time: 0.0915  data_time: 0.0004  memory: 1000  
2025/05/25 01:22:24 - mmengine - INFO - Epoch(val) [290][200/781]    eta: 0:00:52  time: 0.0916  data_time: 0.0004  memory: 1000  
2025/05/25 01:22:29 - mmengine - INFO - Epoch(val) [290][250/781]    eta: 0:00:47  time: 0.0915  data_time: 0.0004  memory: 1000  
2025/05/25 01:22:33 - mmengine - INFO - Epoch(val) [290][300/781]    eta: 0:00:43  time: 0.0914  data_time: 0.0004  memory: 1000  
2025/05/25 01:22:38 - mmengine - INFO - Epoch(val) [290][350/781]    eta: 0:00:38  time: 0.0913  data_time: 0.0004  memory: 1000  
2025/05/25 01:22:43 - mmengine - INFO - Epoch(val) [290][400/781]    eta: 0:00:34  time: 0.0914  data_time: 0.0004  memory: 1000  
2025/05/25 01:22:47 - mmengine - INFO - Epoch(val) [290][450/781]    eta: 0:00:29  time: 0.0914  data_time: 0.0004  memory: 1000  
2025/05/25 01:22:52 - mmengine - INFO - Epoch(val) [290][500/781]    eta: 0:00:25  time: 0.0913  data_time: 0.0004  memory: 1000  
2025/05/25 01:22:56 - mmengine - INFO - Epoch(val) [290][550/781]    eta: 0:00:20  time: 0.0913  data_time: 0.0004  memory: 1000  
2025/05/25 01:23:01 - mmengine - INFO - Epoch(val) [290][600/781]    eta: 0:00:16  time: 0.0912  data_time: 0.0004  memory: 1000  
2025/05/25 01:23:06 - mmengine - INFO - Epoch(val) [290][650/781]    eta: 0:00:11  time: 0.0913  data_time: 0.0004  memory: 1000  
2025/05/25 01:23:10 - mmengine - INFO - Epoch(val) [290][700/781]    eta: 0:00:07  time: 0.0913  data_time: 0.0004  memory: 1000  
2025/05/25 01:23:15 - mmengine - INFO - Epoch(val) [290][750/781]    eta: 0:00:02  time: 0.0913  data_time: 0.0004  memory: 1000  
2025/05/25 01:23:18 - mmengine - INFO - Evaluating bbox...
2025/05/25 01:23:22 - mmengine - INFO - 
+------------+-------+--------+--------+-------+-------+-------+
| category   | mAP   | mAP_50 | mAP_75 | mAP_s | mAP_m | mAP_l |
+------------+-------+--------+--------+-------+-------+-------+
| Car        | 0.693 | 0.926  | 0.766  | 0.424 | 0.721 | 0.887 |
| Truck      | 0.658 | 0.887  | 0.737  | 0.385 | 0.663 | 0.847 |
| People     | 0.517 | 0.862  | 0.542  | 0.353 | 0.703 | 0.752 |
| Bus        | 0.728 | 0.918  | 0.809  | 0.42  | 0.684 | 0.841 |
| Lamp       | 0.468 | 0.822  | 0.477  | 0.421 | 0.72  | nan   |
| Motorcycle | 0.455 | 0.746  | 0.487  | 0.108 | 0.664 | 0.796 |
+------------+-------+--------+--------+-------+-------+-------+
2025/05/25 01:23:22 - mmengine - INFO - bbox_mAP_copypaste: 0.586 0.860 0.636 0.352 0.692 0.825
2025/05/25 01:23:22 - mmengine - INFO - Epoch(val) [290][781/781]    coco/Car_precision: 0.6930  coco/Truck_precision: 0.6580  coco/People_precision: 0.5170  coco/Bus_precision: 0.7280  coco/Lamp_precision: 0.4680  coco/Motorcycle_precision: 0.4550  coco/bbox_mAP: 0.5860  coco/bbox_mAP_50: 0.8600  coco/bbox_mAP_75: 0.6360  coco/bbox_mAP_s: 0.3520  coco/bbox_mAP_m: 0.6920  coco/bbox_mAP_l: 0.8250  data_time: 0.0005  time: 0.0909
2025/05/25 01:24:41 - mmengine - INFO - Epoch(train) [291][ 50/420]  base_lr: 1.0000e-02 lr: 2.8472e-03  eta: 19:56:35  time: 1.5869  data_time: 0.0447  memory: 10405  grad_norm: 24.2982  loss: 17.3729  loss_cls: 3.4880  loss_bbox: 6.5179  loss_dfl: 7.3671
2025/05/25 01:25:59 - mmengine - INFO - Epoch(train) [291][100/420]  base_lr: 1.0000e-02 lr: 2.8472e-03  eta: 19:55:17  time: 1.5494  data_time: 0.0075  memory: 10405  grad_norm: 25.1322  loss: 17.5592  loss_cls: 3.5310  loss_bbox: 6.5806  loss_dfl: 7.4476
2025/05/25 01:27:16 - mmengine - INFO - Epoch(train) [291][150/420]  base_lr: 1.0000e-02 lr: 2.8472e-03  eta: 19:53:59  time: 1.5491  data_time: 0.0075  memory: 10416  grad_norm: 21.7184  loss: 16.9566  loss_cls: 3.3345  loss_bbox: 6.3236  loss_dfl: 7.2985
2025/05/25 01:28:34 - mmengine - INFO - Exp name: yolov8_mambatransformer_enhance_20250524_070703
2025/05/25 01:28:34 - mmengine - INFO - Epoch(train) [291][200/420]  base_lr: 1.0000e-02 lr: 2.8472e-03  eta: 19:52:40  time: 1.5483  data_time: 0.0075  memory: 10405  grad_norm: 25.2047  loss: 17.2217  loss_cls: 3.3975  loss_bbox: 6.4706  loss_dfl: 7.3537
2025/05/25 01:29:51 - mmengine - INFO - Epoch(train) [291][250/420]  base_lr: 1.0000e-02 lr: 2.8472e-03  eta: 19:51:22  time: 1.5491  data_time: 0.0075  memory: 10421  grad_norm: 23.2973  loss: 17.3758  loss_cls: 3.4010  loss_bbox: 6.5323  loss_dfl: 7.4425
2025/05/25 01:31:09 - mmengine - INFO - Epoch(train) [291][300/420]  base_lr: 1.0000e-02 lr: 2.8472e-03  eta: 19:50:04  time: 1.5494  data_time: 0.0079  memory: 10448  grad_norm: 24.5797  loss: 17.4118  loss_cls: 3.4550  loss_bbox: 6.5339  loss_dfl: 7.4228
2025/05/25 01:32:26 - mmengine - INFO - Epoch(train) [291][350/420]  base_lr: 1.0000e-02 lr: 2.8472e-03  eta: 19:48:46  time: 1.5515  data_time: 0.0085  memory: 10389  grad_norm: 25.3950  loss: 17.3757  loss_cls: 3.4503  loss_bbox: 6.5161  loss_dfl: 7.4093
2025/05/25 01:33:44 - mmengine - INFO - Epoch(train) [291][400/420]  base_lr: 1.0000e-02 lr: 2.8472e-03  eta: 19:47:28  time: 1.5494  data_time: 0.0080  memory: 10378  grad_norm: 23.4728  loss: 17.2207  loss_cls: 3.4048  loss_bbox: 6.4237  loss_dfl: 7.3922
2025/05/25 01:34:15 - mmengine - INFO - Exp name: yolov8_mambatransformer_enhance_20250524_070703
2025/05/25 01:34:15 - mmengine - INFO - Saving checkpoint at 291 epochs
2025/05/25 01:34:23 - mmengine - INFO - Epoch(val) [291][ 50/781]    eta: 0:01:00  time: 0.0825  data_time: 0.0022  memory: 10421  
2025/05/25 01:34:27 - mmengine - INFO - Epoch(val) [291][100/781]    eta: 0:00:57  time: 0.0849  data_time: 0.0004  memory: 1000  
2025/05/25 01:34:31 - mmengine - INFO - Epoch(val) [291][150/781]    eta: 0:00:54  time: 0.0913  data_time: 0.0004  memory: 1000  
2025/05/25 01:34:36 - mmengine - INFO - Epoch(val) [291][200/781]    eta: 0:00:49  time: 0.0833  data_time: 0.0004  memory: 1000  
2025/05/25 01:34:40 - mmengine - INFO - Epoch(val) [291][250/781]    eta: 0:00:46  time: 0.0915  data_time: 0.0004  memory: 1000  
2025/05/25 01:34:45 - mmengine - INFO - Epoch(val) [291][300/781]    eta: 0:00:42  time: 0.0915  data_time: 0.0004  memory: 1000  
2025/05/25 01:34:50 - mmengine - INFO - Epoch(val) [291][350/781]    eta: 0:00:37  time: 0.0918  data_time: 0.0004  memory: 1000  
2025/05/25 01:34:54 - mmengine - INFO - Epoch(val) [291][400/781]    eta: 0:00:33  time: 0.0915  data_time: 0.0004  memory: 1000  
2025/05/25 01:34:59 - mmengine - INFO - Epoch(val) [291][450/781]    eta: 0:00:29  time: 0.0915  data_time: 0.0004  memory: 1000  
2025/05/25 01:35:03 - mmengine - INFO - Epoch(val) [291][500/781]    eta: 0:00:25  time: 0.0915  data_time: 0.0004  memory: 1000  
2025/05/25 01:35:08 - mmengine - INFO - Epoch(val) [291][550/781]    eta: 0:00:20  time: 0.0918  data_time: 0.0004  memory: 1000  
2025/05/25 01:35:13 - mmengine - INFO - Epoch(val) [291][600/781]    eta: 0:00:16  time: 0.0915  data_time: 0.0004  memory: 1000  
2025/05/25 01:35:17 - mmengine - INFO - Epoch(val) [291][650/781]    eta: 0:00:11  time: 0.0915  data_time: 0.0004  memory: 1000  
2025/05/25 01:35:22 - mmengine - INFO - Epoch(val) [291][700/781]    eta: 0:00:07  time: 0.0914  data_time: 0.0004  memory: 1000  
2025/05/25 01:35:26 - mmengine - INFO - Epoch(val) [291][750/781]    eta: 0:00:02  time: 0.0916  data_time: 0.0004  memory: 1000  
2025/05/25 01:35:30 - mmengine - INFO - Evaluating bbox...
2025/05/25 01:35:34 - mmengine - INFO - 
+------------+-------+--------+--------+-------+-------+-------+
| category   | mAP   | mAP_50 | mAP_75 | mAP_s | mAP_m | mAP_l |
+------------+-------+--------+--------+-------+-------+-------+
| Car        | 0.693 | 0.926  | 0.766  | 0.425 | 0.722 | 0.887 |
| Truck      | 0.66  | 0.893  | 0.738  | 0.391 | 0.667 | 0.842 |
| People     | 0.517 | 0.862  | 0.544  | 0.353 | 0.703 | 0.755 |
| Bus        | 0.728 | 0.918  | 0.808  | 0.419 | 0.685 | 0.842 |
| Lamp       | 0.469 | 0.823  | 0.476  | 0.422 | 0.719 | nan   |
| Motorcycle | 0.456 | 0.746  | 0.486  | 0.109 | 0.662 | 0.807 |
+------------+-------+--------+--------+-------+-------+-------+
2025/05/25 01:35:34 - mmengine - INFO - bbox_mAP_copypaste: 0.587 0.861 0.636 0.353 0.693 0.826
2025/05/25 01:35:34 - mmengine - INFO - Epoch(val) [291][781/781]    coco/Car_precision: 0.6930  coco/Truck_precision: 0.6600  coco/People_precision: 0.5170  coco/Bus_precision: 0.7280  coco/Lamp_precision: 0.4690  coco/Motorcycle_precision: 0.4560  coco/bbox_mAP: 0.5870  coco/bbox_mAP_50: 0.8610  coco/bbox_mAP_75: 0.6360  coco/bbox_mAP_s: 0.3530  coco/bbox_mAP_m: 0.6930  coco/bbox_mAP_l: 0.8260  data_time: 0.0005  time: 0.0900
2025/05/25 01:35:34 - mmengine - INFO - The previous best checkpoint /data/nl/Mamba2Spectral/work_dirs/M3FD/2025_05_10/yolov8_mambatransformer_enhance/best_coco_bbox_mAP_50_epoch_289.pth is removed
2025/05/25 01:35:36 - mmengine - INFO - The best checkpoint with 0.8610 coco/bbox_mAP_50 at 291 epoch is saved to best_coco_bbox_mAP_50_epoch_291.pth.
2025/05/25 01:37:01 - mmengine - INFO - Epoch(train) [292][ 50/420]  base_lr: 1.0000e-02 lr: 2.8225e-03  eta: 19:45:41  time: 1.5891  data_time: 0.0457  memory: 10400  grad_norm: 23.5062  loss: 17.2225  loss_cls: 3.4004  loss_bbox: 6.4574  loss_dfl: 7.3648
2025/05/25 01:38:19 - mmengine - INFO - Epoch(train) [292][100/420]  base_lr: 1.0000e-02 lr: 2.8225e-03  eta: 19:44:23  time: 1.5507  data_time: 0.0075  memory: 10448  grad_norm: 25.0171  loss: 17.1264  loss_cls: 3.3645  loss_bbox: 6.4156  loss_dfl: 7.3464
2025/05/25 01:39:36 - mmengine - INFO - Epoch(train) [292][150/420]  base_lr: 1.0000e-02 lr: 2.8225e-03  eta: 19:43:04  time: 1.5504  data_time: 0.0075  memory: 10421  grad_norm: 23.8068  loss: 17.2963  loss_cls: 3.3986  loss_bbox: 6.4919  loss_dfl: 7.4057
2025/05/25 01:40:54 - mmengine - INFO - Epoch(train) [292][200/420]  base_lr: 1.0000e-02 lr: 2.8225e-03  eta: 19:41:46  time: 1.5497  data_time: 0.0075  memory: 10448  grad_norm: 24.5312  loss: 17.2488  loss_cls: 3.3832  loss_bbox: 6.4608  loss_dfl: 7.4048
2025/05/25 01:42:11 - mmengine - INFO - Epoch(train) [292][250/420]  base_lr: 1.0000e-02 lr: 2.8225e-03  eta: 19:40:28  time: 1.5509  data_time: 0.0074  memory: 10533  grad_norm: 23.9127  loss: 17.1534  loss_cls: 3.4213  loss_bbox: 6.4495  loss_dfl: 7.2826
2025/05/25 01:43:29 - mmengine - INFO - Epoch(train) [292][300/420]  base_lr: 1.0000e-02 lr: 2.8225e-03  eta: 19:39:10  time: 1.5487  data_time: 0.0075  memory: 10421  grad_norm: 24.9034  loss: 17.1958  loss_cls: 3.3543  loss_bbox: 6.4162  loss_dfl: 7.4253
2025/05/25 01:44:46 - mmengine - INFO - Epoch(train) [292][350/420]  base_lr: 1.0000e-02 lr: 2.8225e-03  eta: 19:37:52  time: 1.5492  data_time: 0.0075  memory: 10416  grad_norm: 23.1361  loss: 17.1855  loss_cls: 3.3899  loss_bbox: 6.4230  loss_dfl: 7.3725
2025/05/25 01:46:04 - mmengine - INFO - Epoch(train) [292][400/420]  base_lr: 1.0000e-02 lr: 2.8225e-03  eta: 19:36:34  time: 1.5617  data_time: 0.0085  memory: 10528  grad_norm: 24.6934  loss: 17.2363  loss_cls: 3.4793  loss_bbox: 6.3828  loss_dfl: 7.3741
2025/05/25 01:46:36 - mmengine - INFO - Exp name: yolov8_mambatransformer_enhance_20250524_070703
2025/05/25 01:46:36 - mmengine - INFO - Saving checkpoint at 292 epochs
2025/05/25 01:46:44 - mmengine - INFO - Epoch(val) [292][ 50/781]    eta: 0:01:08  time: 0.0939  data_time: 0.0023  memory: 10357  
2025/05/25 01:46:48 - mmengine - INFO - Epoch(val) [292][100/781]    eta: 0:01:03  time: 0.0915  data_time: 0.0004  memory: 1000  
2025/05/25 01:46:53 - mmengine - INFO - Epoch(val) [292][150/781]    eta: 0:00:58  time: 0.0914  data_time: 0.0004  memory: 1000  
2025/05/25 01:46:58 - mmengine - INFO - Epoch(val) [292][200/781]    eta: 0:00:53  time: 0.0913  data_time: 0.0004  memory: 1000  
2025/05/25 01:47:02 - mmengine - INFO - Epoch(val) [292][250/781]    eta: 0:00:48  time: 0.0915  data_time: 0.0005  memory: 1000  
2025/05/25 01:47:07 - mmengine - INFO - Epoch(val) [292][300/781]    eta: 0:00:44  time: 0.0912  data_time: 0.0004  memory: 1000  
2025/05/25 01:47:11 - mmengine - INFO - Epoch(val) [292][350/781]    eta: 0:00:39  time: 0.0911  data_time: 0.0004  memory: 1000  
2025/05/25 01:47:16 - mmengine - INFO - Epoch(val) [292][400/781]    eta: 0:00:34  time: 0.0911  data_time: 0.0004  memory: 1000  
2025/05/25 01:47:21 - mmengine - INFO - Epoch(val) [292][450/781]    eta: 0:00:30  time: 0.0913  data_time: 0.0004  memory: 1000  
2025/05/25 01:47:25 - mmengine - INFO - Epoch(val) [292][500/781]    eta: 0:00:25  time: 0.0913  data_time: 0.0004  memory: 1000  
2025/05/25 01:47:30 - mmengine - INFO - Epoch(val) [292][550/781]    eta: 0:00:21  time: 0.0912  data_time: 0.0004  memory: 1000  
2025/05/25 01:47:34 - mmengine - INFO - Epoch(val) [292][600/781]    eta: 0:00:16  time: 0.0911  data_time: 0.0004  memory: 1000  
2025/05/25 01:47:39 - mmengine - INFO - Epoch(val) [292][650/781]    eta: 0:00:11  time: 0.0914  data_time: 0.0004  memory: 1000  
2025/05/25 01:47:44 - mmengine - INFO - Epoch(val) [292][700/781]    eta: 0:00:07  time: 0.0911  data_time: 0.0004  memory: 1000  
2025/05/25 01:47:48 - mmengine - INFO - Epoch(val) [292][750/781]    eta: 0:00:02  time: 0.0912  data_time: 0.0004  memory: 1000  
2025/05/25 01:47:52 - mmengine - INFO - Evaluating bbox...
2025/05/25 01:47:55 - mmengine - INFO - 
+------------+-------+--------+--------+-------+-------+-------+
| category   | mAP   | mAP_50 | mAP_75 | mAP_s | mAP_m | mAP_l |
+------------+-------+--------+--------+-------+-------+-------+
| Car        | 0.693 | 0.926  | 0.766  | 0.425 | 0.722 | 0.889 |
| Truck      | 0.661 | 0.893  | 0.739  | 0.393 | 0.668 | 0.841 |
| People     | 0.516 | 0.862  | 0.542  | 0.352 | 0.701 | 0.755 |
| Bus        | 0.728 | 0.918  | 0.808  | 0.416 | 0.685 | 0.842 |
| Lamp       | 0.47  | 0.823  | 0.483  | 0.423 | 0.718 | nan   |
| Motorcycle | 0.455 | 0.745  | 0.486  | 0.11  | 0.661 | 0.807 |
+------------+-------+--------+--------+-------+-------+-------+
2025/05/25 01:47:55 - mmengine - INFO - bbox_mAP_copypaste: 0.587 0.861 0.637 0.353 0.693 0.827
2025/05/25 01:47:55 - mmengine - INFO - Epoch(val) [292][781/781]    coco/Car_precision: 0.6930  coco/Truck_precision: 0.6610  coco/People_precision: 0.5160  coco/Bus_precision: 0.7280  coco/Lamp_precision: 0.4700  coco/Motorcycle_precision: 0.4550  coco/bbox_mAP: 0.5870  coco/bbox_mAP_50: 0.8610  coco/bbox_mAP_75: 0.6370  coco/bbox_mAP_s: 0.3530  coco/bbox_mAP_m: 0.6930  coco/bbox_mAP_l: 0.8270  data_time: 0.0005  time: 0.0914
2025/05/25 01:49:15 - mmengine - INFO - Epoch(train) [293][ 50/420]  base_lr: 1.0000e-02 lr: 2.7977e-03  eta: 19:34:48  time: 1.5933  data_time: 0.0463  memory: 10394  grad_norm: 22.7947  loss: 17.3784  loss_cls: 3.4802  loss_bbox: 6.5820  loss_dfl: 7.3162
2025/05/25 01:50:33 - mmengine - INFO - Epoch(train) [293][100/420]  base_lr: 1.0000e-02 lr: 2.7977e-03  eta: 19:33:30  time: 1.5496  data_time: 0.0076  memory: 10512  grad_norm: 22.9732  loss: 17.0633  loss_cls: 3.3885  loss_bbox: 6.3526  loss_dfl: 7.3223
2025/05/25 01:51:50 - mmengine - INFO - Epoch(train) [293][150/420]  base_lr: 1.0000e-02 lr: 2.7977e-03  eta: 19:32:11  time: 1.5493  data_time: 0.0075  memory: 10485  grad_norm: 24.1610  loss: 17.1253  loss_cls: 3.3519  loss_bbox: 6.3887  loss_dfl: 7.3847
2025/05/25 01:53:08 - mmengine - INFO - Epoch(train) [293][200/420]  base_lr: 1.0000e-02 lr: 2.7977e-03  eta: 19:30:53  time: 1.5496  data_time: 0.0075  memory: 10474  grad_norm: 24.9853  loss: 17.6574  loss_cls: 3.4978  loss_bbox: 6.6586  loss_dfl: 7.5010
2025/05/25 01:54:25 - mmengine - INFO - Epoch(train) [293][250/420]  base_lr: 1.0000e-02 lr: 2.7977e-03  eta: 19:29:35  time: 1.5493  data_time: 0.0075  memory: 10442  grad_norm: 25.2210  loss: 17.2921  loss_cls: 3.4762  loss_bbox: 6.4238  loss_dfl: 7.3920
2025/05/25 01:55:43 - mmengine - INFO - Epoch(train) [293][300/420]  base_lr: 1.0000e-02 lr: 2.7977e-03  eta: 19:28:17  time: 1.5499  data_time: 0.0076  memory: 10501  grad_norm: 24.3215  loss: 17.1507  loss_cls: 3.3786  loss_bbox: 6.4565  loss_dfl: 7.3155
2025/05/25 01:57:00 - mmengine - INFO - Epoch(train) [293][350/420]  base_lr: 1.0000e-02 lr: 2.7977e-03  eta: 19:26:59  time: 1.5495  data_time: 0.0075  memory: 10421  grad_norm: 24.6506  loss: 17.2079  loss_cls: 3.4524  loss_bbox: 6.4135  loss_dfl: 7.3419
2025/05/25 01:57:16 - mmengine - INFO - Exp name: yolov8_mambatransformer_enhance_20250524_070703
2025/05/25 01:58:18 - mmengine - INFO - Epoch(train) [293][400/420]  base_lr: 1.0000e-02 lr: 2.7977e-03  eta: 19:25:41  time: 1.5493  data_time: 0.0075  memory: 10416  grad_norm: 24.0321  loss: 17.4871  loss_cls: 3.4234  loss_bbox: 6.6516  loss_dfl: 7.4120
2025/05/25 01:58:48 - mmengine - INFO - Exp name: yolov8_mambatransformer_enhance_20250524_070703
2025/05/25 01:58:48 - mmengine - INFO - Saving checkpoint at 293 epochs
2025/05/25 01:58:57 - mmengine - INFO - Epoch(val) [293][ 50/781]    eta: 0:01:07  time: 0.0926  data_time: 0.0022  memory: 10336  
2025/05/25 01:59:02 - mmengine - INFO - Epoch(val) [293][100/781]    eta: 0:01:10  time: 0.1149  data_time: 0.0018  memory: 1000  
2025/05/25 01:59:09 - mmengine - INFO - Epoch(val) [293][150/781]    eta: 0:01:09  time: 0.1225  data_time: 0.0046  memory: 1000  
2025/05/25 01:59:15 - mmengine - INFO - Epoch(val) [293][200/781]    eta: 0:01:05  time: 0.1232  data_time: 0.0030  memory: 1000  
2025/05/25 01:59:20 - mmengine - INFO - Epoch(val) [293][250/781]    eta: 0:00:59  time: 0.1080  data_time: 0.0019  memory: 1000  
2025/05/25 01:59:26 - mmengine - INFO - Epoch(val) [293][300/781]    eta: 0:00:53  time: 0.1101  data_time: 0.0020  memory: 1000  
2025/05/25 01:59:31 - mmengine - INFO - Epoch(val) [293][350/781]    eta: 0:00:48  time: 0.1129  data_time: 0.0023  memory: 1000  
2025/05/25 01:59:37 - mmengine - INFO - Epoch(val) [293][400/781]    eta: 0:00:42  time: 0.1149  data_time: 0.0021  memory: 1000  
2025/05/25 01:59:43 - mmengine - INFO - Epoch(val) [293][450/781]    eta: 0:00:37  time: 0.1145  data_time: 0.0008  memory: 1000  
2025/05/25 01:59:48 - mmengine - INFO - Epoch(val) [293][500/781]    eta: 0:00:31  time: 0.1068  data_time: 0.0005  memory: 1000  
2025/05/25 01:59:55 - mmengine - INFO - Epoch(val) [293][550/781]    eta: 0:00:26  time: 0.1229  data_time: 0.0040  memory: 1000  
2025/05/25 02:00:00 - mmengine - INFO - Epoch(val) [293][600/781]    eta: 0:00:20  time: 0.1138  data_time: 0.0022  memory: 1000  
2025/05/25 02:00:05 - mmengine - INFO - Epoch(val) [293][650/781]    eta: 0:00:14  time: 0.1000  data_time: 0.0004  memory: 1000  
2025/05/25 02:00:10 - mmengine - INFO - Epoch(val) [293][700/781]    eta: 0:00:09  time: 0.1029  data_time: 0.0004  memory: 1000  
2025/05/25 02:00:15 - mmengine - INFO - Epoch(val) [293][750/781]    eta: 0:00:03  time: 0.0991  data_time: 0.0007  memory: 1000  
2025/05/25 02:00:19 - mmengine - INFO - Evaluating bbox...
2025/05/25 02:00:24 - mmengine - INFO - 
+------------+-------+--------+--------+-------+-------+-------+
| category   | mAP   | mAP_50 | mAP_75 | mAP_s | mAP_m | mAP_l |
+------------+-------+--------+--------+-------+-------+-------+
| Car        | 0.693 | 0.926  | 0.766  | 0.425 | 0.721 | 0.887 |
| Truck      | 0.66  | 0.893  | 0.739  | 0.387 | 0.668 | 0.839 |
| People     | 0.516 | 0.861  | 0.543  | 0.353 | 0.702 | 0.753 |
| Bus        | 0.723 | 0.918  | 0.795  | 0.418 | 0.678 | 0.84  |
| Lamp       | 0.47  | 0.82   | 0.483  | 0.423 | 0.72  | nan   |
| Motorcycle | 0.464 | 0.737  | 0.494  | 0.112 | 0.677 | 0.807 |
+------------+-------+--------+--------+-------+-------+-------+
2025/05/25 02:00:24 - mmengine - INFO - bbox_mAP_copypaste: 0.588 0.859 0.637 0.353 0.694 0.825
2025/05/25 02:00:24 - mmengine - INFO - Epoch(val) [293][781/781]    coco/Car_precision: 0.6930  coco/Truck_precision: 0.6600  coco/People_precision: 0.5160  coco/Bus_precision: 0.7230  coco/Lamp_precision: 0.4700  coco/Motorcycle_precision: 0.4640  coco/bbox_mAP: 0.5880  coco/bbox_mAP_50: 0.8590  coco/bbox_mAP_75: 0.6370  coco/bbox_mAP_s: 0.3530  coco/bbox_mAP_m: 0.6940  coco/bbox_mAP_l: 0.8250  data_time: 0.0020  time: 0.1106
2025/05/25 02:01:44 - mmengine - INFO - Epoch(train) [294][ 50/420]  base_lr: 1.0000e-02 lr: 2.7730e-03  eta: 19:23:55  time: 1.6067  data_time: 0.0650  memory: 10448  grad_norm: 25.2650  loss: 17.2561  loss_cls: 3.4233  loss_bbox: 6.4746  loss_dfl: 7.3581
2025/05/25 02:03:02 - mmengine - INFO - Epoch(train) [294][100/420]  base_lr: 1.0000e-02 lr: 2.7730e-03  eta: 19:22:37  time: 1.5536  data_time: 0.0074  memory: 10506  grad_norm: 23.5878  loss: 17.2969  loss_cls: 3.3823  loss_bbox: 6.5997  loss_dfl: 7.3149
2025/05/25 02:04:19 - mmengine - INFO - Epoch(train) [294][150/420]  base_lr: 1.0000e-02 lr: 2.7730e-03  eta: 19:21:18  time: 1.5483  data_time: 0.0074  memory: 10442  grad_norm: 23.9808  loss: 17.3325  loss_cls: 3.4120  loss_bbox: 6.4991  loss_dfl: 7.4214
2025/05/25 02:05:37 - mmengine - INFO - Epoch(train) [294][200/420]  base_lr: 1.0000e-02 lr: 2.7730e-03  eta: 19:20:00  time: 1.5477  data_time: 0.0074  memory: 10416  grad_norm: 24.9440  loss: 17.0720  loss_cls: 3.3861  loss_bbox: 6.3691  loss_dfl: 7.3169
2025/05/25 02:06:54 - mmengine - INFO - Epoch(train) [294][250/420]  base_lr: 1.0000e-02 lr: 2.7730e-03  eta: 19:18:42  time: 1.5480  data_time: 0.0074  memory: 10432  grad_norm: 23.5783  loss: 17.2154  loss_cls: 3.3722  loss_bbox: 6.5264  loss_dfl: 7.3167
2025/05/25 02:08:11 - mmengine - INFO - Epoch(train) [294][300/420]  base_lr: 1.0000e-02 lr: 2.7730e-03  eta: 19:17:24  time: 1.5482  data_time: 0.0074  memory: 10512  grad_norm: 24.1147  loss: 17.2607  loss_cls: 3.3985  loss_bbox: 6.5054  loss_dfl: 7.3568
2025/05/25 02:09:29 - mmengine - INFO - Epoch(train) [294][350/420]  base_lr: 1.0000e-02 lr: 2.7730e-03  eta: 19:16:05  time: 1.5476  data_time: 0.0074  memory: 10373  grad_norm: 25.1646  loss: 17.3873  loss_cls: 3.4180  loss_bbox: 6.5501  loss_dfl: 7.4191
2025/05/25 02:10:46 - mmengine - INFO - Epoch(train) [294][400/420]  base_lr: 1.0000e-02 lr: 2.7730e-03  eta: 19:14:47  time: 1.5486  data_time: 0.0074  memory: 10464  grad_norm: 23.5743  loss: 17.2593  loss_cls: 3.3793  loss_bbox: 6.4256  loss_dfl: 7.4544
2025/05/25 02:11:17 - mmengine - INFO - Exp name: yolov8_mambatransformer_enhance_20250524_070703
2025/05/25 02:11:17 - mmengine - INFO - Saving checkpoint at 294 epochs
2025/05/25 02:11:25 - mmengine - INFO - Epoch(val) [294][ 50/781]    eta: 0:00:56  time: 0.0776  data_time: 0.0016  memory: 10378  
2025/05/25 02:11:28 - mmengine - INFO - Epoch(val) [294][100/781]    eta: 0:00:51  time: 0.0740  data_time: 0.0004  memory: 1000  
2025/05/25 02:11:32 - mmengine - INFO - Epoch(val) [294][150/781]    eta: 0:00:47  time: 0.0742  data_time: 0.0004  memory: 1000  
2025/05/25 02:11:36 - mmengine - INFO - Epoch(val) [294][200/781]    eta: 0:00:43  time: 0.0740  data_time: 0.0004  memory: 1000  
2025/05/25 02:11:40 - mmengine - INFO - Epoch(val) [294][250/781]    eta: 0:00:40  time: 0.0796  data_time: 0.0004  memory: 1000  
2025/05/25 02:11:44 - mmengine - INFO - Epoch(val) [294][300/781]    eta: 0:00:37  time: 0.0908  data_time: 0.0004  memory: 1000  
2025/05/25 02:11:49 - mmengine - INFO - Epoch(val) [294][350/781]    eta: 0:00:34  time: 0.0909  data_time: 0.0004  memory: 1000  
2025/05/25 02:11:54 - mmengine - INFO - Epoch(val) [294][400/781]    eta: 0:00:31  time: 0.0911  data_time: 0.0004  memory: 1000  
2025/05/25 02:11:58 - mmengine - INFO - Epoch(val) [294][450/781]    eta: 0:00:27  time: 0.0911  data_time: 0.0004  memory: 1000  
2025/05/25 02:12:03 - mmengine - INFO - Epoch(val) [294][500/781]    eta: 0:00:23  time: 0.0910  data_time: 0.0004  memory: 1000  
2025/05/25 02:12:07 - mmengine - INFO - Epoch(val) [294][550/781]    eta: 0:00:19  time: 0.0910  data_time: 0.0004  memory: 1000  
2025/05/25 02:12:12 - mmengine - INFO - Epoch(val) [294][600/781]    eta: 0:00:15  time: 0.0910  data_time: 0.0004  memory: 1000  
2025/05/25 02:12:17 - mmengine - INFO - Epoch(val) [294][650/781]    eta: 0:00:11  time: 0.0913  data_time: 0.0004  memory: 1000  
2025/05/25 02:12:21 - mmengine - INFO - Epoch(val) [294][700/781]    eta: 0:00:06  time: 0.0910  data_time: 0.0004  memory: 1000  
2025/05/25 02:12:26 - mmengine - INFO - Epoch(val) [294][750/781]    eta: 0:00:02  time: 0.0909  data_time: 0.0004  memory: 1000  
2025/05/25 02:12:29 - mmengine - INFO - Evaluating bbox...
2025/05/25 02:12:33 - mmengine - INFO - 
+------------+-------+--------+--------+-------+-------+-------+
| category   | mAP   | mAP_50 | mAP_75 | mAP_s | mAP_m | mAP_l |
+------------+-------+--------+--------+-------+-------+-------+
| Car        | 0.694 | 0.926  | 0.766  | 0.425 | 0.721 | 0.888 |
| Truck      | 0.661 | 0.893  | 0.741  | 0.388 | 0.669 | 0.838 |
| People     | 0.516 | 0.857  | 0.542  | 0.353 | 0.702 | 0.755 |
| Bus        | 0.722 | 0.917  | 0.792  | 0.416 | 0.677 | 0.837 |
| Lamp       | 0.47  | 0.82   | 0.489  | 0.423 | 0.72  | nan   |
| Motorcycle | 0.465 | 0.736  | 0.494  | 0.111 | 0.68  | 0.807 |
+------------+-------+--------+--------+-------+-------+-------+
2025/05/25 02:12:33 - mmengine - INFO - bbox_mAP_copypaste: 0.588 0.858 0.637 0.353 0.695 0.825
2025/05/25 02:12:33 - mmengine - INFO - Epoch(val) [294][781/781]    coco/Car_precision: 0.6940  coco/Truck_precision: 0.6610  coco/People_precision: 0.5160  coco/Bus_precision: 0.7220  coco/Lamp_precision: 0.4700  coco/Motorcycle_precision: 0.4650  coco/bbox_mAP: 0.5880  coco/bbox_mAP_50: 0.8580  coco/bbox_mAP_75: 0.6370  coco/bbox_mAP_s: 0.3530  coco/bbox_mAP_m: 0.6950  coco/bbox_mAP_l: 0.8250  data_time: 0.0005  time: 0.0862
2025/05/25 02:13:53 - mmengine - INFO - Epoch(train) [295][ 50/420]  base_lr: 1.0000e-02 lr: 2.7482e-03  eta: 19:13:01  time: 1.6036  data_time: 0.0464  memory: 10437  grad_norm: 24.5542  loss: 17.0277  loss_cls: 3.3819  loss_bbox: 6.3211  loss_dfl: 7.3247
2025/05/25 02:15:11 - mmengine - INFO - Epoch(train) [295][100/420]  base_lr: 1.0000e-02 lr: 2.7482e-03  eta: 19:11:43  time: 1.5563  data_time: 0.0083  memory: 10469  grad_norm: 25.3246  loss: 17.2134  loss_cls: 3.3908  loss_bbox: 6.4261  loss_dfl: 7.3965
2025/05/25 02:16:28 - mmengine - INFO - Epoch(train) [295][150/420]  base_lr: 1.0000e-02 lr: 2.7482e-03  eta: 19:10:25  time: 1.5480  data_time: 0.0075  memory: 10485  grad_norm: 24.5999  loss: 17.3577  loss_cls: 3.4564  loss_bbox: 6.5393  loss_dfl: 7.3621
2025/05/25 02:17:46 - mmengine - INFO - Epoch(train) [295][200/420]  base_lr: 1.0000e-02 lr: 2.7482e-03  eta: 19:09:07  time: 1.5477  data_time: 0.0075  memory: 10378  grad_norm: 26.6568  loss: 17.2955  loss_cls: 3.4559  loss_bbox: 6.4717  loss_dfl: 7.3679
2025/05/25 02:19:03 - mmengine - INFO - Epoch(train) [295][250/420]  base_lr: 1.0000e-02 lr: 2.7482e-03  eta: 19:07:48  time: 1.5484  data_time: 0.0075  memory: 10469  grad_norm: 24.5883  loss: 17.4330  loss_cls: 3.4578  loss_bbox: 6.5658  loss_dfl: 7.4094
2025/05/25 02:20:21 - mmengine - INFO - Epoch(train) [295][300/420]  base_lr: 1.0000e-02 lr: 2.7482e-03  eta: 19:06:30  time: 1.5481  data_time: 0.0075  memory: 10426  grad_norm: 26.1017  loss: 17.3320  loss_cls: 3.5037  loss_bbox: 6.4161  loss_dfl: 7.4122
2025/05/25 02:21:38 - mmengine - INFO - Epoch(train) [295][350/420]  base_lr: 1.0000e-02 lr: 2.7482e-03  eta: 19:05:12  time: 1.5471  data_time: 0.0074  memory: 10394  grad_norm: 25.4309  loss: 17.4332  loss_cls: 3.4634  loss_bbox: 6.5914  loss_dfl: 7.3784
2025/05/25 02:22:55 - mmengine - INFO - Epoch(train) [295][400/420]  base_lr: 1.0000e-02 lr: 2.7482e-03  eta: 19:03:54  time: 1.5475  data_time: 0.0075  memory: 10426  grad_norm: 24.3966  loss: 17.2691  loss_cls: 3.3895  loss_bbox: 6.5017  loss_dfl: 7.3780
2025/05/25 02:23:26 - mmengine - INFO - Exp name: yolov8_mambatransformer_enhance_20250524_070703
2025/05/25 02:23:26 - mmengine - INFO - Saving checkpoint at 295 epochs
2025/05/25 02:23:34 - mmengine - INFO - Epoch(val) [295][ 50/781]    eta: 0:01:08  time: 0.0932  data_time: 0.0021  memory: 10325  
2025/05/25 02:23:39 - mmengine - INFO - Epoch(val) [295][100/781]    eta: 0:01:01  time: 0.0886  data_time: 0.0004  memory: 1000  
2025/05/25 02:23:43 - mmengine - INFO - Epoch(val) [295][150/781]    eta: 0:00:56  time: 0.0855  data_time: 0.0004  memory: 1000  
2025/05/25 02:23:47 - mmengine - INFO - Epoch(val) [295][200/781]    eta: 0:00:51  time: 0.0863  data_time: 0.0004  memory: 1000  
2025/05/25 02:23:52 - mmengine - INFO - Epoch(val) [295][250/781]    eta: 0:00:46  time: 0.0853  data_time: 0.0004  memory: 1000  
2025/05/25 02:23:56 - mmengine - INFO - Epoch(val) [295][300/781]    eta: 0:00:42  time: 0.0908  data_time: 0.0004  memory: 1000  
2025/05/25 02:24:01 - mmengine - INFO - Epoch(val) [295][350/781]    eta: 0:00:38  time: 0.0910  data_time: 0.0004  memory: 1000  
2025/05/25 02:24:06 - mmengine - INFO - Epoch(val) [295][400/781]    eta: 0:00:33  time: 0.0912  data_time: 0.0005  memory: 1000  
2025/05/25 02:24:10 - mmengine - INFO - Epoch(val) [295][450/781]    eta: 0:00:29  time: 0.0909  data_time: 0.0004  memory: 1000  
2025/05/25 02:24:15 - mmengine - INFO - Epoch(val) [295][500/781]    eta: 0:00:25  time: 0.0909  data_time: 0.0004  memory: 1000  
2025/05/25 02:24:19 - mmengine - INFO - Epoch(val) [295][550/781]    eta: 0:00:20  time: 0.0910  data_time: 0.0004  memory: 1000  
2025/05/25 02:24:24 - mmengine - INFO - Epoch(val) [295][600/781]    eta: 0:00:16  time: 0.0910  data_time: 0.0004  memory: 1000  
2025/05/25 02:24:28 - mmengine - INFO - Epoch(val) [295][650/781]    eta: 0:00:11  time: 0.0909  data_time: 0.0004  memory: 1000  
2025/05/25 02:24:33 - mmengine - INFO - Epoch(val) [295][700/781]    eta: 0:00:07  time: 0.0908  data_time: 0.0004  memory: 1000  
2025/05/25 02:24:38 - mmengine - INFO - Epoch(val) [295][750/781]    eta: 0:00:02  time: 0.0909  data_time: 0.0004  memory: 1000  
2025/05/25 02:24:41 - mmengine - INFO - Evaluating bbox...
2025/05/25 02:24:45 - mmengine - INFO - 
+------------+-------+--------+--------+-------+-------+-------+
| category   | mAP   | mAP_50 | mAP_75 | mAP_s | mAP_m | mAP_l |
+------------+-------+--------+--------+-------+-------+-------+
| Car        | 0.693 | 0.926  | 0.764  | 0.424 | 0.721 | 0.888 |
| Truck      | 0.661 | 0.893  | 0.747  | 0.387 | 0.669 | 0.839 |
| People     | 0.516 | 0.856  | 0.543  | 0.353 | 0.704 | 0.751 |
| Bus        | 0.722 | 0.918  | 0.796  | 0.419 | 0.674 | 0.838 |
| Lamp       | 0.47  | 0.824  | 0.488  | 0.423 | 0.718 | nan   |
| Motorcycle | 0.464 | 0.737  | 0.491  | 0.111 | 0.678 | 0.796 |
+------------+-------+--------+--------+-------+-------+-------+
2025/05/25 02:24:45 - mmengine - INFO - bbox_mAP_copypaste: 0.588 0.859 0.638 0.353 0.694 0.822
2025/05/25 02:24:45 - mmengine - INFO - Epoch(val) [295][781/781]    coco/Car_precision: 0.6930  coco/Truck_precision: 0.6610  coco/People_precision: 0.5160  coco/Bus_precision: 0.7220  coco/Lamp_precision: 0.4700  coco/Motorcycle_precision: 0.4640  coco/bbox_mAP: 0.5880  coco/bbox_mAP_50: 0.8590  coco/bbox_mAP_75: 0.6380  coco/bbox_mAP_s: 0.3530  coco/bbox_mAP_m: 0.6940  coco/bbox_mAP_l: 0.8220  data_time: 0.0005  time: 0.0900
2025/05/25 02:26:04 - mmengine - INFO - Epoch(train) [296][ 50/420]  base_lr: 1.0000e-02 lr: 2.7235e-03  eta: 19:02:06  time: 1.5738  data_time: 0.0461  memory: 10437  grad_norm: 23.2114  loss: 17.1103  loss_cls: 3.3922  loss_bbox: 6.3630  loss_dfl: 7.3552
2025/05/25 02:27:21 - mmengine - INFO - Exp name: yolov8_mambatransformer_enhance_20250524_070703
2025/05/25 02:27:21 - mmengine - INFO - Epoch(train) [296][100/420]  base_lr: 1.0000e-02 lr: 2.7235e-03  eta: 19:00:47  time: 1.5453  data_time: 0.0078  memory: 10416  grad_norm: 25.5372  loss: 17.4152  loss_cls: 3.4739  loss_bbox: 6.5284  loss_dfl: 7.4128
2025/05/25 02:28:39 - mmengine - INFO - Epoch(train) [296][150/420]  base_lr: 1.0000e-02 lr: 2.7235e-03  eta: 18:59:30  time: 1.5623  data_time: 0.0088  memory: 10480  grad_norm: 24.7374  loss: 17.0848  loss_cls: 3.3465  loss_bbox: 6.4173  loss_dfl: 7.3209
2025/05/25 02:29:57 - mmengine - INFO - Epoch(train) [296][200/420]  base_lr: 1.0000e-02 lr: 2.7235e-03  eta: 18:58:12  time: 1.5484  data_time: 0.0076  memory: 10373  grad_norm: 23.7327  loss: 16.9203  loss_cls: 3.3043  loss_bbox: 6.2449  loss_dfl: 7.3711
2025/05/25 02:31:14 - mmengine - INFO - Epoch(train) [296][250/420]  base_lr: 1.0000e-02 lr: 2.7235e-03  eta: 18:56:54  time: 1.5493  data_time: 0.0076  memory: 10442  grad_norm: 25.1008  loss: 17.7000  loss_cls: 3.5740  loss_bbox: 6.7199  loss_dfl: 7.4061
2025/05/25 02:32:32 - mmengine - INFO - Epoch(train) [296][300/420]  base_lr: 1.0000e-02 lr: 2.7235e-03  eta: 18:55:35  time: 1.5486  data_time: 0.0076  memory: 10389  grad_norm: 24.6501  loss: 17.1760  loss_cls: 3.3683  loss_bbox: 6.4385  loss_dfl: 7.3692
2025/05/25 02:33:49 - mmengine - INFO - Epoch(train) [296][350/420]  base_lr: 1.0000e-02 lr: 2.7235e-03  eta: 18:54:17  time: 1.5488  data_time: 0.0076  memory: 10469  grad_norm: 24.4975  loss: 17.0719  loss_cls: 3.3617  loss_bbox: 6.4184  loss_dfl: 7.2918
2025/05/25 02:35:07 - mmengine - INFO - Epoch(train) [296][400/420]  base_lr: 1.0000e-02 lr: 2.7235e-03  eta: 18:52:59  time: 1.5484  data_time: 0.0076  memory: 10464  grad_norm: 24.3964  loss: 17.4035  loss_cls: 3.5064  loss_bbox: 6.5464  loss_dfl: 7.3507
2025/05/25 02:35:38 - mmengine - INFO - Exp name: yolov8_mambatransformer_enhance_20250524_070703
2025/05/25 02:35:38 - mmengine - INFO - Saving checkpoint at 296 epochs
2025/05/25 02:35:46 - mmengine - INFO - Epoch(val) [296][ 50/781]    eta: 0:01:04  time: 0.0879  data_time: 0.0019  memory: 10378  
2025/05/25 02:35:50 - mmengine - INFO - Epoch(val) [296][100/781]    eta: 0:01:01  time: 0.0915  data_time: 0.0004  memory: 1000  
2025/05/25 02:35:55 - mmengine - INFO - Epoch(val) [296][150/781]    eta: 0:00:57  time: 0.0916  data_time: 0.0005  memory: 1000  
2025/05/25 02:35:59 - mmengine - INFO - Epoch(val) [296][200/781]    eta: 0:00:52  time: 0.0912  data_time: 0.0004  memory: 1000  
2025/05/25 02:36:04 - mmengine - INFO - Epoch(val) [296][250/781]    eta: 0:00:48  time: 0.0911  data_time: 0.0004  memory: 1000  
2025/05/25 02:36:09 - mmengine - INFO - Epoch(val) [296][300/781]    eta: 0:00:43  time: 0.0914  data_time: 0.0004  memory: 1000  
2025/05/25 02:36:13 - mmengine - INFO - Epoch(val) [296][350/781]    eta: 0:00:39  time: 0.0911  data_time: 0.0004  memory: 1000  
2025/05/25 02:36:18 - mmengine - INFO - Epoch(val) [296][400/781]    eta: 0:00:34  time: 0.0912  data_time: 0.0004  memory: 1000  
2025/05/25 02:36:22 - mmengine - INFO - Epoch(val) [296][450/781]    eta: 0:00:30  time: 0.0916  data_time: 0.0005  memory: 1000  
2025/05/25 02:36:27 - mmengine - INFO - Epoch(val) [296][500/781]    eta: 0:00:25  time: 0.0912  data_time: 0.0004  memory: 1000  
2025/05/25 02:36:32 - mmengine - INFO - Epoch(val) [296][550/781]    eta: 0:00:21  time: 0.0912  data_time: 0.0004  memory: 1000  
2025/05/25 02:36:36 - mmengine - INFO - Epoch(val) [296][600/781]    eta: 0:00:16  time: 0.0913  data_time: 0.0004  memory: 1000  
2025/05/25 02:36:41 - mmengine - INFO - Epoch(val) [296][650/781]    eta: 0:00:11  time: 0.0913  data_time: 0.0004  memory: 1000  
2025/05/25 02:36:45 - mmengine - INFO - Epoch(val) [296][700/781]    eta: 0:00:07  time: 0.0912  data_time: 0.0004  memory: 1000  
2025/05/25 02:36:50 - mmengine - INFO - Epoch(val) [296][750/781]    eta: 0:00:02  time: 0.0911  data_time: 0.0004  memory: 1000  
2025/05/25 02:36:53 - mmengine - INFO - Evaluating bbox...
2025/05/25 02:36:57 - mmengine - INFO - 
+------------+-------+--------+--------+-------+-------+-------+
| category   | mAP   | mAP_50 | mAP_75 | mAP_s | mAP_m | mAP_l |
+------------+-------+--------+--------+-------+-------+-------+
| Car        | 0.694 | 0.926  | 0.764  | 0.424 | 0.722 | 0.889 |
| Truck      | 0.661 | 0.893  | 0.748  | 0.378 | 0.669 | 0.84  |
| People     | 0.517 | 0.856  | 0.543  | 0.353 | 0.704 | 0.75  |
| Bus        | 0.721 | 0.918  | 0.792  | 0.416 | 0.669 | 0.839 |
| Lamp       | 0.469 | 0.824  | 0.481  | 0.423 | 0.716 | nan   |
| Motorcycle | 0.465 | 0.738  | 0.491  | 0.109 | 0.679 | 0.799 |
+------------+-------+--------+--------+-------+-------+-------+
2025/05/25 02:36:57 - mmengine - INFO - bbox_mAP_copypaste: 0.588 0.859 0.636 0.350 0.693 0.823
2025/05/25 02:36:57 - mmengine - INFO - Epoch(val) [296][781/781]    coco/Car_precision: 0.6940  coco/Truck_precision: 0.6610  coco/People_precision: 0.5170  coco/Bus_precision: 0.7210  coco/Lamp_precision: 0.4690  coco/Motorcycle_precision: 0.4650  coco/bbox_mAP: 0.5880  coco/bbox_mAP_50: 0.8590  coco/bbox_mAP_75: 0.6360  coco/bbox_mAP_s: 0.3500  coco/bbox_mAP_m: 0.6930  coco/bbox_mAP_l: 0.8230  data_time: 0.0005  time: 0.0911
2025/05/25 02:38:17 - mmengine - INFO - Epoch(train) [297][ 50/420]  base_lr: 1.0000e-02 lr: 2.6987e-03  eta: 18:51:12  time: 1.5896  data_time: 0.0477  memory: 10437  grad_norm: 24.1111  loss: 17.3739  loss_cls: 3.4526  loss_bbox: 6.5428  loss_dfl: 7.3786
2025/05/25 02:39:34 - mmengine - INFO - Epoch(train) [297][100/420]  base_lr: 1.0000e-02 lr: 2.6987e-03  eta: 18:49:54  time: 1.5491  data_time: 0.0076  memory: 10411  grad_norm: 25.5090  loss: 17.1247  loss_cls: 3.4570  loss_bbox: 6.3064  loss_dfl: 7.3613
2025/05/25 02:40:52 - mmengine - INFO - Epoch(train) [297][150/420]  base_lr: 1.0000e-02 lr: 2.6987e-03  eta: 18:48:36  time: 1.5514  data_time: 0.0075  memory: 10469  grad_norm: 25.3809  loss: 17.1768  loss_cls: 3.4083  loss_bbox: 6.4171  loss_dfl: 7.3514
2025/05/25 02:42:10 - mmengine - INFO - Epoch(train) [297][200/420]  base_lr: 1.0000e-02 lr: 2.6987e-03  eta: 18:47:18  time: 1.5649  data_time: 0.0087  memory: 10378  grad_norm: 25.0604  loss: 16.9242  loss_cls: 3.3055  loss_bbox: 6.2586  loss_dfl: 7.3600
2025/05/25 02:43:28 - mmengine - INFO - Epoch(train) [297][250/420]  base_lr: 1.0000e-02 lr: 2.6987e-03  eta: 18:46:00  time: 1.5499  data_time: 0.0076  memory: 10442  grad_norm: 24.2710  loss: 17.1229  loss_cls: 3.3878  loss_bbox: 6.4467  loss_dfl: 7.2884
2025/05/25 02:44:45 - mmengine - INFO - Epoch(train) [297][300/420]  base_lr: 1.0000e-02 lr: 2.6987e-03  eta: 18:44:42  time: 1.5481  data_time: 0.0074  memory: 10506  grad_norm: 22.9027  loss: 16.8287  loss_cls: 3.2938  loss_bbox: 6.2305  loss_dfl: 7.3044
2025/05/25 02:46:02 - mmengine - INFO - Epoch(train) [297][350/420]  base_lr: 1.0000e-02 lr: 2.6987e-03  eta: 18:43:24  time: 1.5480  data_time: 0.0074  memory: 10442  grad_norm: 24.6141  loss: 17.2657  loss_cls: 3.3927  loss_bbox: 6.5136  loss_dfl: 7.3594
2025/05/25 02:47:20 - mmengine - INFO - Epoch(train) [297][400/420]  base_lr: 1.0000e-02 lr: 2.6987e-03  eta: 18:42:06  time: 1.5473  data_time: 0.0074  memory: 10490  grad_norm: 26.7403  loss: 17.4820  loss_cls: 3.4758  loss_bbox: 6.5618  loss_dfl: 7.4444
2025/05/25 02:47:51 - mmengine - INFO - Exp name: yolov8_mambatransformer_enhance_20250524_070703
2025/05/25 02:47:51 - mmengine - INFO - Saving checkpoint at 297 epochs
2025/05/25 02:47:59 - mmengine - INFO - Epoch(val) [297][ 50/781]    eta: 0:01:08  time: 0.0937  data_time: 0.0021  memory: 10453  
2025/05/25 02:48:03 - mmengine - INFO - Epoch(val) [297][100/781]    eta: 0:01:02  time: 0.0913  data_time: 0.0004  memory: 1000  
2025/05/25 02:48:08 - mmengine - INFO - Epoch(val) [297][150/781]    eta: 0:00:58  time: 0.0912  data_time: 0.0004  memory: 1000  
2025/05/25 02:48:12 - mmengine - INFO - Epoch(val) [297][200/781]    eta: 0:00:52  time: 0.0850  data_time: 0.0004  memory: 1000  
2025/05/25 02:48:16 - mmengine - INFO - Epoch(val) [297][250/781]    eta: 0:00:46  time: 0.0741  data_time: 0.0004  memory: 1000  
2025/05/25 02:48:20 - mmengine - INFO - Epoch(val) [297][300/781]    eta: 0:00:40  time: 0.0741  data_time: 0.0004  memory: 1000  
2025/05/25 02:48:24 - mmengine - INFO - Epoch(val) [297][350/781]    eta: 0:00:36  time: 0.0816  data_time: 0.0004  memory: 1000  
2025/05/25 02:48:29 - mmengine - INFO - Epoch(val) [297][400/781]    eta: 0:00:32  time: 0.0911  data_time: 0.0004  memory: 1000  
2025/05/25 02:48:33 - mmengine - INFO - Epoch(val) [297][450/781]    eta: 0:00:28  time: 0.0910  data_time: 0.0004  memory: 1000  
2025/05/25 02:48:38 - mmengine - INFO - Epoch(val) [297][500/781]    eta: 0:00:24  time: 0.0910  data_time: 0.0004  memory: 1000  
2025/05/25 02:48:42 - mmengine - INFO - Epoch(val) [297][550/781]    eta: 0:00:20  time: 0.0910  data_time: 0.0004  memory: 1000  
2025/05/25 02:48:47 - mmengine - INFO - Epoch(val) [297][600/781]    eta: 0:00:15  time: 0.0911  data_time: 0.0004  memory: 1000  
2025/05/25 02:48:52 - mmengine - INFO - Epoch(val) [297][650/781]    eta: 0:00:11  time: 0.0911  data_time: 0.0004  memory: 1000  
2025/05/25 02:48:55 - mmengine - INFO - Epoch(val) [297][700/781]    eta: 0:00:07  time: 0.0788  data_time: 0.0004  memory: 1000  
2025/05/25 02:48:59 - mmengine - INFO - Epoch(val) [297][750/781]    eta: 0:00:02  time: 0.0744  data_time: 0.0004  memory: 1000  
2025/05/25 02:49:02 - mmengine - INFO - Evaluating bbox...
2025/05/25 02:49:06 - mmengine - INFO - 
+------------+-------+--------+--------+-------+-------+-------+
| category   | mAP   | mAP_50 | mAP_75 | mAP_s | mAP_m | mAP_l |
+------------+-------+--------+--------+-------+-------+-------+
| Car        | 0.694 | 0.927  | 0.765  | 0.424 | 0.722 | 0.888 |
| Truck      | 0.66  | 0.893  | 0.751  | 0.378 | 0.67  | 0.839 |
| People     | 0.516 | 0.857  | 0.542  | 0.353 | 0.705 | 0.75  |
| Bus        | 0.722 | 0.916  | 0.792  | 0.411 | 0.672 | 0.842 |
| Lamp       | 0.469 | 0.823  | 0.479  | 0.422 | 0.716 | nan   |
| Motorcycle | 0.471 | 0.738  | 0.497  | 0.112 | 0.69  | 0.799 |
+------------+-------+--------+--------+-------+-------+-------+
2025/05/25 02:49:06 - mmengine - INFO - bbox_mAP_copypaste: 0.589 0.859 0.638 0.350 0.696 0.824
2025/05/25 02:49:06 - mmengine - INFO - Epoch(val) [297][781/781]    coco/Car_precision: 0.6940  coco/Truck_precision: 0.6600  coco/People_precision: 0.5160  coco/Bus_precision: 0.7220  coco/Lamp_precision: 0.4690  coco/Motorcycle_precision: 0.4710  coco/bbox_mAP: 0.5890  coco/bbox_mAP_50: 0.8590  coco/bbox_mAP_75: 0.6380  coco/bbox_mAP_s: 0.3500  coco/bbox_mAP_m: 0.6960  coco/bbox_mAP_l: 0.8240  data_time: 0.0005  time: 0.0856
2025/05/25 02:50:25 - mmengine - INFO - Epoch(train) [298][ 50/420]  base_lr: 1.0000e-02 lr: 2.6740e-03  eta: 18:40:18  time: 1.5890  data_time: 0.0462  memory: 10490  grad_norm: 24.6319  loss: 17.1439  loss_cls: 3.3613  loss_bbox: 6.4293  loss_dfl: 7.3533
2025/05/25 02:51:43 - mmengine - INFO - Epoch(train) [298][100/420]  base_lr: 1.0000e-02 lr: 2.6740e-03  eta: 18:39:00  time: 1.5501  data_time: 0.0076  memory: 10464  grad_norm: 23.8206  loss: 17.0357  loss_cls: 3.3698  loss_bbox: 6.2861  loss_dfl: 7.3799
2025/05/25 02:53:00 - mmengine - INFO - Epoch(train) [298][150/420]  base_lr: 1.0000e-02 lr: 2.6740e-03  eta: 18:37:42  time: 1.5488  data_time: 0.0076  memory: 10389  grad_norm: 24.2532  loss: 17.0416  loss_cls: 3.3359  loss_bbox: 6.4085  loss_dfl: 7.2971
2025/05/25 02:54:18 - mmengine - INFO - Epoch(train) [298][200/420]  base_lr: 1.0000e-02 lr: 2.6740e-03  eta: 18:36:24  time: 1.5530  data_time: 0.0076  memory: 10453  grad_norm: 23.4641  loss: 16.9356  loss_cls: 3.3409  loss_bbox: 6.3179  loss_dfl: 7.2769
2025/05/25 02:55:36 - mmengine - INFO - Epoch(train) [298][250/420]  base_lr: 1.0000e-02 lr: 2.6740e-03  eta: 18:35:07  time: 1.5628  data_time: 0.0090  memory: 10437  grad_norm: 25.9132  loss: 17.0879  loss_cls: 3.3723  loss_bbox: 6.3451  loss_dfl: 7.3705
2025/05/25 02:55:52 - mmengine - INFO - Exp name: yolov8_mambatransformer_enhance_20250524_070703
2025/05/25 02:56:54 - mmengine - INFO - Epoch(train) [298][300/420]  base_lr: 1.0000e-02 lr: 2.6740e-03  eta: 18:33:49  time: 1.5512  data_time: 0.0078  memory: 10400  grad_norm: 24.6524  loss: 17.2030  loss_cls: 3.4506  loss_bbox: 6.4071  loss_dfl: 7.3452
2025/05/25 02:58:11 - mmengine - INFO - Epoch(train) [298][350/420]  base_lr: 1.0000e-02 lr: 2.6740e-03  eta: 18:32:31  time: 1.5482  data_time: 0.0076  memory: 10336  grad_norm: 23.7467  loss: 17.1179  loss_cls: 3.3486  loss_bbox: 6.3822  loss_dfl: 7.3871
2025/05/25 02:59:29 - mmengine - INFO - Epoch(train) [298][400/420]  base_lr: 1.0000e-02 lr: 2.6740e-03  eta: 18:31:13  time: 1.5523  data_time: 0.0077  memory: 10474  grad_norm: 24.8795  loss: 17.1542  loss_cls: 3.3408  loss_bbox: 6.3871  loss_dfl: 7.4264
2025/05/25 03:00:00 - mmengine - INFO - Exp name: yolov8_mambatransformer_enhance_20250524_070703
2025/05/25 03:00:00 - mmengine - INFO - Saving checkpoint at 298 epochs
2025/05/25 03:00:07 - mmengine - INFO - Epoch(val) [298][ 50/781]    eta: 0:00:59  time: 0.0813  data_time: 0.0022  memory: 10394  
2025/05/25 03:00:11 - mmengine - INFO - Epoch(val) [298][100/781]    eta: 0:00:54  time: 0.0787  data_time: 0.0004  memory: 1000  
2025/05/25 03:00:16 - mmengine - INFO - Epoch(val) [298][150/781]    eta: 0:00:52  time: 0.0911  data_time: 0.0004  memory: 1000  
2025/05/25 03:00:21 - mmengine - INFO - Epoch(val) [298][200/781]    eta: 0:00:49  time: 0.0911  data_time: 0.0004  memory: 1000  
2025/05/25 03:00:25 - mmengine - INFO - Epoch(val) [298][250/781]    eta: 0:00:46  time: 0.0910  data_time: 0.0004  memory: 1000  
2025/05/25 03:00:30 - mmengine - INFO - Epoch(val) [298][300/781]    eta: 0:00:42  time: 0.0910  data_time: 0.0004  memory: 1000  
2025/05/25 03:00:34 - mmengine - INFO - Epoch(val) [298][350/781]    eta: 0:00:37  time: 0.0910  data_time: 0.0004  memory: 1000  
2025/05/25 03:00:39 - mmengine - INFO - Epoch(val) [298][400/781]    eta: 0:00:33  time: 0.0914  data_time: 0.0005  memory: 1000  
2025/05/25 03:00:44 - mmengine - INFO - Epoch(val) [298][450/781]    eta: 0:00:29  time: 0.0913  data_time: 0.0004  memory: 1000  
2025/05/25 03:00:48 - mmengine - INFO - Epoch(val) [298][500/781]    eta: 0:00:24  time: 0.0910  data_time: 0.0004  memory: 1000  
2025/05/25 03:00:53 - mmengine - INFO - Epoch(val) [298][550/781]    eta: 0:00:20  time: 0.0912  data_time: 0.0004  memory: 1000  
2025/05/25 03:00:57 - mmengine - INFO - Epoch(val) [298][600/781]    eta: 0:00:16  time: 0.0911  data_time: 0.0004  memory: 1000  
2025/05/25 03:01:02 - mmengine - INFO - Epoch(val) [298][650/781]    eta: 0:00:11  time: 0.0909  data_time: 0.0004  memory: 1000  
2025/05/25 03:01:07 - mmengine - INFO - Epoch(val) [298][700/781]    eta: 0:00:07  time: 0.0911  data_time: 0.0004  memory: 1000  
2025/05/25 03:01:11 - mmengine - INFO - Epoch(val) [298][750/781]    eta: 0:00:02  time: 0.0911  data_time: 0.0004  memory: 1000  
2025/05/25 03:01:14 - mmengine - INFO - Evaluating bbox...
2025/05/25 03:01:18 - mmengine - INFO - 
+------------+-------+--------+--------+-------+-------+-------+
| category   | mAP   | mAP_50 | mAP_75 | mAP_s | mAP_m | mAP_l |
+------------+-------+--------+--------+-------+-------+-------+
| Car        | 0.694 | 0.927  | 0.766  | 0.424 | 0.722 | 0.888 |
| Truck      | 0.662 | 0.889  | 0.75   | 0.384 | 0.672 | 0.839 |
| People     | 0.517 | 0.857  | 0.543  | 0.354 | 0.706 | 0.749 |
| Bus        | 0.714 | 0.91   | 0.779  | 0.405 | 0.675 | 0.831 |
| Lamp       | 0.469 | 0.823  | 0.48   | 0.423 | 0.716 | nan   |
| Motorcycle | 0.471 | 0.736  | 0.499  | 0.108 | 0.694 | 0.799 |
+------------+-------+--------+--------+-------+-------+-------+
2025/05/25 03:01:18 - mmengine - INFO - bbox_mAP_copypaste: 0.588 0.857 0.636 0.350 0.698 0.821
2025/05/25 03:01:18 - mmengine - INFO - Epoch(val) [298][781/781]    coco/Car_precision: 0.6940  coco/Truck_precision: 0.6620  coco/People_precision: 0.5170  coco/Bus_precision: 0.7140  coco/Lamp_precision: 0.4690  coco/Motorcycle_precision: 0.4710  coco/bbox_mAP: 0.5880  coco/bbox_mAP_50: 0.8570  coco/bbox_mAP_75: 0.6360  coco/bbox_mAP_s: 0.3500  coco/bbox_mAP_m: 0.6980  coco/bbox_mAP_l: 0.8210  data_time: 0.0005  time: 0.0896
2025/05/25 03:02:38 - mmengine - INFO - Epoch(train) [299][ 50/420]  base_lr: 1.0000e-02 lr: 2.6492e-03  eta: 18:29:25  time: 1.5886  data_time: 0.0460  memory: 10416  grad_norm: 24.3109  loss: 17.1426  loss_cls: 3.3687  loss_bbox: 6.4204  loss_dfl: 7.3534
2025/05/25 03:03:55 - mmengine - INFO - Epoch(train) [299][100/420]  base_lr: 1.0000e-02 lr: 2.6492e-03  eta: 18:28:07  time: 1.5481  data_time: 0.0076  memory: 10405  grad_norm: 25.9168  loss: 17.4268  loss_cls: 3.4645  loss_bbox: 6.5371  loss_dfl: 7.4252
2025/05/25 03:05:13 - mmengine - INFO - Epoch(train) [299][150/420]  base_lr: 1.0000e-02 lr: 2.6492e-03  eta: 18:26:49  time: 1.5484  data_time: 0.0075  memory: 10480  grad_norm: 23.7771  loss: 17.1501  loss_cls: 3.3865  loss_bbox: 6.4707  loss_dfl: 7.2929
2025/05/25 03:06:30 - mmengine - INFO - Epoch(train) [299][200/420]  base_lr: 1.0000e-02 lr: 2.6492e-03  eta: 18:25:31  time: 1.5536  data_time: 0.0075  memory: 10506  grad_norm: 24.2471  loss: 17.1441  loss_cls: 3.3685  loss_bbox: 6.4214  loss_dfl: 7.3543
2025/05/25 03:07:48 - mmengine - INFO - Epoch(train) [299][250/420]  base_lr: 1.0000e-02 lr: 2.6492e-03  eta: 18:24:13  time: 1.5484  data_time: 0.0075  memory: 10458  grad_norm: 23.6373  loss: 17.0392  loss_cls: 3.3192  loss_bbox: 6.3493  loss_dfl: 7.3706
2025/05/25 03:09:06 - mmengine - INFO - Epoch(train) [299][300/420]  base_lr: 1.0000e-02 lr: 2.6492e-03  eta: 18:22:55  time: 1.5536  data_time: 0.0079  memory: 10464  grad_norm: 24.1721  loss: 17.2902  loss_cls: 3.3645  loss_bbox: 6.5317  loss_dfl: 7.3940
2025/05/25 03:10:24 - mmengine - INFO - Epoch(train) [299][350/420]  base_lr: 1.0000e-02 lr: 2.6492e-03  eta: 18:21:38  time: 1.5660  data_time: 0.0088  memory: 10496  grad_norm: 24.6297  loss: 17.2375  loss_cls: 3.3984  loss_bbox: 6.5287  loss_dfl: 7.3104
2025/05/25 03:11:41 - mmengine - INFO - Epoch(train) [299][400/420]  base_lr: 1.0000e-02 lr: 2.6492e-03  eta: 18:20:20  time: 1.5494  data_time: 0.0075  memory: 10458  grad_norm: 23.9224  loss: 17.0689  loss_cls: 3.3223  loss_bbox: 6.3956  loss_dfl: 7.3511
2025/05/25 03:12:12 - mmengine - INFO - Exp name: yolov8_mambatransformer_enhance_20250524_070703
2025/05/25 03:12:12 - mmengine - INFO - Saving checkpoint at 299 epochs
2025/05/25 03:12:20 - mmengine - INFO - Epoch(val) [299][ 50/781]    eta: 0:00:56  time: 0.0777  data_time: 0.0017  memory: 10405  
2025/05/25 03:12:23 - mmengine - INFO - Epoch(val) [299][100/781]    eta: 0:00:52  time: 0.0757  data_time: 0.0004  memory: 1000  
2025/05/25 03:12:28 - mmengine - INFO - Epoch(val) [299][150/781]    eta: 0:00:51  time: 0.0909  data_time: 0.0004  memory: 1000  
2025/05/25 03:12:32 - mmengine - INFO - Epoch(val) [299][200/781]    eta: 0:00:47  time: 0.0800  data_time: 0.0004  memory: 1000  
2025/05/25 03:12:36 - mmengine - INFO - Epoch(val) [299][250/781]    eta: 0:00:43  time: 0.0884  data_time: 0.0004  memory: 1000  
2025/05/25 03:12:41 - mmengine - INFO - Epoch(val) [299][300/781]    eta: 0:00:40  time: 0.0909  data_time: 0.0004  memory: 1000  
2025/05/25 03:12:46 - mmengine - INFO - Epoch(val) [299][350/781]    eta: 0:00:36  time: 0.0911  data_time: 0.0004  memory: 1000  
2025/05/25 03:12:50 - mmengine - INFO - Epoch(val) [299][400/781]    eta: 0:00:32  time: 0.0908  data_time: 0.0004  memory: 1000  
2025/05/25 03:12:55 - mmengine - INFO - Epoch(val) [299][450/781]    eta: 0:00:28  time: 0.0911  data_time: 0.0004  memory: 1000  
2025/05/25 03:12:59 - mmengine - INFO - Epoch(val) [299][500/781]    eta: 0:00:24  time: 0.0910  data_time: 0.0004  memory: 1000  
2025/05/25 03:13:04 - mmengine - INFO - Epoch(val) [299][550/781]    eta: 0:00:20  time: 0.0910  data_time: 0.0004  memory: 1000  
2025/05/25 03:13:09 - mmengine - INFO - Epoch(val) [299][600/781]    eta: 0:00:15  time: 0.0900  data_time: 0.0004  memory: 1000  
2025/05/25 03:13:13 - mmengine - INFO - Epoch(val) [299][650/781]    eta: 0:00:11  time: 0.0913  data_time: 0.0004  memory: 1000  
2025/05/25 03:13:18 - mmengine - INFO - Epoch(val) [299][700/781]    eta: 0:00:07  time: 0.0909  data_time: 0.0004  memory: 1000  
2025/05/25 03:13:22 - mmengine - INFO - Epoch(val) [299][750/781]    eta: 0:00:02  time: 0.0910  data_time: 0.0004  memory: 1000  
2025/05/25 03:13:25 - mmengine - INFO - Evaluating bbox...
2025/05/25 03:13:29 - mmengine - INFO - 
+------------+-------+--------+--------+-------+-------+-------+
| category   | mAP   | mAP_50 | mAP_75 | mAP_s | mAP_m | mAP_l |
+------------+-------+--------+--------+-------+-------+-------+
| Car        | 0.694 | 0.927  | 0.766  | 0.424 | 0.722 | 0.889 |
| Truck      | 0.661 | 0.889  | 0.748  | 0.379 | 0.671 | 0.844 |
| People     | 0.517 | 0.86   | 0.541  | 0.353 | 0.706 | 0.748 |
| Bus        | 0.715 | 0.909  | 0.78   | 0.411 | 0.675 | 0.83  |
| Lamp       | 0.468 | 0.823  | 0.478  | 0.422 | 0.715 | nan   |
| Motorcycle | 0.467 | 0.736  | 0.499  | 0.11  | 0.686 | 0.799 |
+------------+-------+--------+--------+-------+-------+-------+
2025/05/25 03:13:29 - mmengine - INFO - bbox_mAP_copypaste: 0.587 0.857 0.635 0.350 0.696 0.822
2025/05/25 03:13:29 - mmengine - INFO - Epoch(val) [299][781/781]    coco/Car_precision: 0.6940  coco/Truck_precision: 0.6610  coco/People_precision: 0.5170  coco/Bus_precision: 0.7150  coco/Lamp_precision: 0.4680  coco/Motorcycle_precision: 0.4670  coco/bbox_mAP: 0.5870  coco/bbox_mAP_50: 0.8570  coco/bbox_mAP_75: 0.6350  coco/bbox_mAP_s: 0.3500  coco/bbox_mAP_m: 0.6960  coco/bbox_mAP_l: 0.8220  data_time: 0.0005  time: 0.0882
2025/05/25 03:14:49 - mmengine - INFO - Epoch(train) [300][ 50/420]  base_lr: 1.0000e-02 lr: 2.6245e-03  eta: 18:18:32  time: 1.5886  data_time: 0.0469  memory: 10570  grad_norm: 24.3995  loss: 17.2279  loss_cls: 3.4598  loss_bbox: 6.4498  loss_dfl: 7.3182
2025/05/25 03:16:06 - mmengine - INFO - Epoch(train) [300][100/420]  base_lr: 1.0000e-02 lr: 2.6245e-03  eta: 18:17:14  time: 1.5474  data_time: 0.0075  memory: 10432  grad_norm: 23.8001  loss: 17.0396  loss_cls: 3.3330  loss_bbox: 6.3847  loss_dfl: 7.3219
2025/05/25 03:17:24 - mmengine - INFO - Epoch(train) [300][150/420]  base_lr: 1.0000e-02 lr: 2.6245e-03  eta: 18:15:56  time: 1.5478  data_time: 0.0076  memory: 10400  grad_norm: 25.4484  loss: 17.3396  loss_cls: 3.4090  loss_bbox: 6.5152  loss_dfl: 7.4154
2025/05/25 03:18:41 - mmengine - INFO - Epoch(train) [300][200/420]  base_lr: 1.0000e-02 lr: 2.6245e-03  eta: 18:14:38  time: 1.5523  data_time: 0.0075  memory: 10405  grad_norm: 25.4198  loss: 17.1201  loss_cls: 3.3938  loss_bbox: 6.4512  loss_dfl: 7.2751
2025/05/25 03:19:59 - mmengine - INFO - Epoch(train) [300][250/420]  base_lr: 1.0000e-02 lr: 2.6245e-03  eta: 18:13:20  time: 1.5480  data_time: 0.0075  memory: 10437  grad_norm: 24.7261  loss: 16.9409  loss_cls: 3.2799  loss_bbox: 6.2633  loss_dfl: 7.3977
2025/05/25 03:21:16 - mmengine - INFO - Epoch(train) [300][300/420]  base_lr: 1.0000e-02 lr: 2.6245e-03  eta: 18:12:01  time: 1.5479  data_time: 0.0075  memory: 10485  grad_norm: 26.2122  loss: 17.2636  loss_cls: 3.4506  loss_bbox: 6.4737  loss_dfl: 7.3393
2025/05/25 03:22:34 - mmengine - INFO - Epoch(train) [300][350/420]  base_lr: 1.0000e-02 lr: 2.6245e-03  eta: 18:10:43  time: 1.5476  data_time: 0.0076  memory: 10426  grad_norm: 25.0736  loss: 17.1575  loss_cls: 3.4246  loss_bbox: 6.3668  loss_dfl: 7.3662
2025/05/25 03:23:52 - mmengine - INFO - Epoch(train) [300][400/420]  base_lr: 1.0000e-02 lr: 2.6245e-03  eta: 18:09:26  time: 1.5628  data_time: 0.0087  memory: 10496  grad_norm: 24.7365  loss: 17.1060  loss_cls: 3.4129  loss_bbox: 6.3830  loss_dfl: 7.3102
2025/05/25 03:24:23 - mmengine - INFO - Exp name: yolov8_mambatransformer_enhance_20250524_070703
2025/05/25 03:24:23 - mmengine - INFO - Saving checkpoint at 300 epochs
2025/05/25 03:24:31 - mmengine - INFO - Epoch(val) [300][ 50/781]    eta: 0:01:08  time: 0.0936  data_time: 0.0022  memory: 10394  
2025/05/25 03:24:36 - mmengine - INFO - Epoch(val) [300][100/781]    eta: 0:01:02  time: 0.0913  data_time: 0.0004  memory: 1000  
2025/05/25 03:24:40 - mmengine - INFO - Epoch(val) [300][150/781]    eta: 0:00:58  time: 0.0913  data_time: 0.0004  memory: 1000  
2025/05/25 03:24:44 - mmengine - INFO - Epoch(val) [300][200/781]    eta: 0:00:51  time: 0.0795  data_time: 0.0004  memory: 1000  
2025/05/25 03:24:48 - mmengine - INFO - Epoch(val) [300][250/781]    eta: 0:00:45  time: 0.0750  data_time: 0.0004  memory: 1000  
2025/05/25 03:24:52 - mmengine - INFO - Epoch(val) [300][300/781]    eta: 0:00:40  time: 0.0745  data_time: 0.0004  memory: 1000  
2025/05/25 03:24:55 - mmengine - INFO - Epoch(val) [300][350/781]    eta: 0:00:35  time: 0.0736  data_time: 0.0004  memory: 1000  
2025/05/25 03:24:59 - mmengine - INFO - Epoch(val) [300][400/781]    eta: 0:00:31  time: 0.0741  data_time: 0.0004  memory: 1000  
2025/05/25 03:25:03 - mmengine - INFO - Epoch(val) [300][450/781]    eta: 0:00:26  time: 0.0734  data_time: 0.0004  memory: 1000  
2025/05/25 03:25:07 - mmengine - INFO - Epoch(val) [300][500/781]    eta: 0:00:22  time: 0.0734  data_time: 0.0004  memory: 1000  
2025/05/25 03:25:10 - mmengine - INFO - Epoch(val) [300][550/781]    eta: 0:00:18  time: 0.0735  data_time: 0.0004  memory: 1000  
2025/05/25 03:25:14 - mmengine - INFO - Epoch(val) [300][600/781]    eta: 0:00:14  time: 0.0733  data_time: 0.0004  memory: 1000  
2025/05/25 03:25:18 - mmengine - INFO - Epoch(val) [300][650/781]    eta: 0:00:10  time: 0.0733  data_time: 0.0004  memory: 1000  
2025/05/25 03:25:22 - mmengine - INFO - Epoch(val) [300][700/781]    eta: 0:00:06  time: 0.0757  data_time: 0.0004  memory: 1000  
2025/05/25 03:25:26 - mmengine - INFO - Epoch(val) [300][750/781]    eta: 0:00:02  time: 0.0852  data_time: 0.0004  memory: 1000  
2025/05/25 03:25:29 - mmengine - INFO - Evaluating bbox...
2025/05/25 03:25:33 - mmengine - INFO - 
+------------+-------+--------+--------+-------+-------+-------+
| category   | mAP   | mAP_50 | mAP_75 | mAP_s | mAP_m | mAP_l |
+------------+-------+--------+--------+-------+-------+-------+
| Car        | 0.693 | 0.927  | 0.765  | 0.424 | 0.721 | 0.888 |
| Truck      | 0.661 | 0.888  | 0.748  | 0.382 | 0.67  | 0.842 |
| People     | 0.517 | 0.86   | 0.542  | 0.353 | 0.705 | 0.754 |
| Bus        | 0.715 | 0.91   | 0.777  | 0.408 | 0.674 | 0.83  |
| Lamp       | 0.469 | 0.823  | 0.479  | 0.423 | 0.716 | nan   |
| Motorcycle | 0.466 | 0.737  | 0.499  | 0.107 | 0.685 | 0.799 |
+------------+-------+--------+--------+-------+-------+-------+
2025/05/25 03:25:33 - mmengine - INFO - bbox_mAP_copypaste: 0.587 0.857 0.635 0.349 0.695 0.823
2025/05/25 03:25:33 - mmengine - INFO - Epoch(val) [300][781/781]    coco/Car_precision: 0.6930  coco/Truck_precision: 0.6610  coco/People_precision: 0.5170  coco/Bus_precision: 0.7150  coco/Lamp_precision: 0.4690  coco/Motorcycle_precision: 0.4660  coco/bbox_mAP: 0.5870  coco/bbox_mAP_50: 0.8570  coco/bbox_mAP_75: 0.6350  coco/bbox_mAP_s: 0.3490  coco/bbox_mAP_m: 0.6950  coco/bbox_mAP_l: 0.8230  data_time: 0.0005  time: 0.0789
2025/05/25 03:26:52 - mmengine - INFO - Epoch(train) [301][ 50/420]  base_lr: 1.0000e-02 lr: 2.5997e-03  eta: 18:07:38  time: 1.5865  data_time: 0.0456  memory: 10373  grad_norm: 25.9456  loss: 17.0955  loss_cls: 3.3848  loss_bbox: 6.3868  loss_dfl: 7.3239
2025/05/25 03:28:09 - mmengine - INFO - Epoch(train) [301][100/420]  base_lr: 1.0000e-02 lr: 2.5997e-03  eta: 18:06:20  time: 1.5476  data_time: 0.0075  memory: 10464  grad_norm: 24.8022  loss: 16.8183  loss_cls: 3.3067  loss_bbox: 6.2099  loss_dfl: 7.3017
2025/05/25 03:29:27 - mmengine - INFO - Epoch(train) [301][150/420]  base_lr: 1.0000e-02 lr: 2.5997e-03  eta: 18:05:02  time: 1.5483  data_time: 0.0075  memory: 10437  grad_norm: 23.2514  loss: 16.7259  loss_cls: 3.2676  loss_bbox: 6.1826  loss_dfl: 7.2757
2025/05/25 03:30:44 - mmengine - INFO - Epoch(train) [301][200/420]  base_lr: 1.0000e-02 lr: 2.5997e-03  eta: 18:03:44  time: 1.5511  data_time: 0.0075  memory: 10373  grad_norm: 25.0693  loss: 17.1394  loss_cls: 3.3363  loss_bbox: 6.4442  loss_dfl: 7.3589
2025/05/25 03:32:02 - mmengine - INFO - Epoch(train) [301][250/420]  base_lr: 1.0000e-02 lr: 2.5997e-03  eta: 18:02:26  time: 1.5483  data_time: 0.0075  memory: 10394  grad_norm: 23.0612  loss: 16.8339  loss_cls: 3.2071  loss_bbox: 6.2951  loss_dfl: 7.3317
2025/05/25 03:33:19 - mmengine - INFO - Epoch(train) [301][300/420]  base_lr: 1.0000e-02 lr: 2.5997e-03  eta: 18:01:08  time: 1.5483  data_time: 0.0076  memory: 10453  grad_norm: 24.8970  loss: 17.0245  loss_cls: 3.3793  loss_bbox: 6.3644  loss_dfl: 7.2808
2025/05/25 03:34:37 - mmengine - INFO - Epoch(train) [301][350/420]  base_lr: 1.0000e-02 lr: 2.5997e-03  eta: 17:59:50  time: 1.5480  data_time: 0.0076  memory: 10474  grad_norm: 23.7927  loss: 17.0273  loss_cls: 3.3065  loss_bbox: 6.3577  loss_dfl: 7.3631
2025/05/25 03:35:54 - mmengine - INFO - Epoch(train) [301][400/420]  base_lr: 1.0000e-02 lr: 2.5997e-03  eta: 17:58:31  time: 1.5486  data_time: 0.0076  memory: 10437  grad_norm: 24.2451  loss: 16.9787  loss_cls: 3.2950  loss_bbox: 6.3965  loss_dfl: 7.2872
2025/05/25 03:36:25 - mmengine - INFO - Exp name: yolov8_mambatransformer_enhance_20250524_070703
2025/05/25 03:36:25 - mmengine - INFO - Saving checkpoint at 301 epochs
2025/05/25 03:36:36 - mmengine - INFO - Epoch(val) [301][ 50/781]    eta: 0:01:29  time: 0.1219  data_time: 0.0046  memory: 10400  
2025/05/25 03:36:42 - mmengine - INFO - Epoch(val) [301][100/781]    eta: 0:01:19  time: 0.1103  data_time: 0.0008  memory: 1000  
2025/05/25 03:36:48 - mmengine - INFO - Epoch(val) [301][150/781]    eta: 0:01:13  time: 0.1162  data_time: 0.0009  memory: 1000  
2025/05/25 03:36:54 - mmengine - INFO - Epoch(val) [301][200/781]    eta: 0:01:07  time: 0.1171  data_time: 0.0013  memory: 1000  
2025/05/25 03:36:59 - mmengine - INFO - Epoch(val) [301][250/781]    eta: 0:00:59  time: 0.0989  data_time: 0.0005  memory: 1000  
2025/05/25 03:37:04 - mmengine - INFO - Epoch(val) [301][300/781]    eta: 0:00:54  time: 0.1103  data_time: 0.0021  memory: 1000  
2025/05/25 03:37:10 - mmengine - INFO - Epoch(val) [301][350/781]    eta: 0:00:48  time: 0.1203  data_time: 0.0034  memory: 1000  
2025/05/25 03:37:16 - mmengine - INFO - Epoch(val) [301][400/781]    eta: 0:00:42  time: 0.1061  data_time: 0.0012  memory: 1000  
2025/05/25 03:37:21 - mmengine - INFO - Epoch(val) [301][450/781]    eta: 0:00:37  time: 0.1062  data_time: 0.0018  memory: 1000  
2025/05/25 03:37:26 - mmengine - INFO - Epoch(val) [301][500/781]    eta: 0:00:31  time: 0.1060  data_time: 0.0008  memory: 1000  
2025/05/25 03:37:32 - mmengine - INFO - Epoch(val) [301][550/781]    eta: 0:00:25  time: 0.1073  data_time: 0.0007  memory: 1000  
2025/05/25 03:37:37 - mmengine - INFO - Epoch(val) [301][600/781]    eta: 0:00:20  time: 0.1099  data_time: 0.0007  memory: 1000  
2025/05/25 03:37:43 - mmengine - INFO - Epoch(val) [301][650/781]    eta: 0:00:14  time: 0.1199  data_time: 0.0037  memory: 1000  
2025/05/25 03:37:48 - mmengine - INFO - Epoch(val) [301][700/781]    eta: 0:00:08  time: 0.0979  data_time: 0.0005  memory: 1000  
2025/05/25 03:37:53 - mmengine - INFO - Epoch(val) [301][750/781]    eta: 0:00:03  time: 0.0915  data_time: 0.0004  memory: 1000  
2025/05/25 03:37:56 - mmengine - INFO - Evaluating bbox...
2025/05/25 03:38:00 - mmengine - INFO - 
+------------+-------+--------+--------+-------+-------+-------+
| category   | mAP   | mAP_50 | mAP_75 | mAP_s | mAP_m | mAP_l |
+------------+-------+--------+--------+-------+-------+-------+
| Car        | 0.693 | 0.927  | 0.766  | 0.424 | 0.722 | 0.89  |
| Truck      | 0.666 | 0.888  | 0.77   | 0.391 | 0.673 | 0.844 |
| People     | 0.517 | 0.856  | 0.542  | 0.353 | 0.705 | 0.754 |
| Bus        | 0.715 | 0.91   | 0.777  | 0.406 | 0.676 | 0.831 |
| Lamp       | 0.47  | 0.824  | 0.473  | 0.424 | 0.715 | nan   |
| Motorcycle | 0.467 | 0.736  | 0.5    | 0.11  | 0.683 | 0.799 |
+------------+-------+--------+--------+-------+-------+-------+
2025/05/25 03:38:00 - mmengine - INFO - bbox_mAP_copypaste: 0.588 0.857 0.638 0.351 0.695 0.824
2025/05/25 03:38:00 - mmengine - INFO - Epoch(val) [301][781/781]    coco/Car_precision: 0.6930  coco/Truck_precision: 0.6660  coco/People_precision: 0.5170  coco/Bus_precision: 0.7150  coco/Lamp_precision: 0.4700  coco/Motorcycle_precision: 0.4670  coco/bbox_mAP: 0.5880  coco/bbox_mAP_50: 0.8570  coco/bbox_mAP_75: 0.6380  coco/bbox_mAP_s: 0.3510  coco/bbox_mAP_m: 0.6950  coco/bbox_mAP_l: 0.8240  data_time: 0.0015  time: 0.1085
2025/05/25 03:39:20 - mmengine - INFO - Epoch(train) [302][ 50/420]  base_lr: 1.0000e-02 lr: 2.5750e-03  eta: 17:56:44  time: 1.5908  data_time: 0.0484  memory: 10448  grad_norm: 24.5738  loss: 16.8098  loss_cls: 3.2825  loss_bbox: 6.2997  loss_dfl: 7.2276
2025/05/25 03:40:37 - mmengine - INFO - Epoch(train) [302][100/420]  base_lr: 1.0000e-02 lr: 2.5750e-03  eta: 17:55:26  time: 1.5497  data_time: 0.0076  memory: 10368  grad_norm: 25.6255  loss: 17.2388  loss_cls: 3.3898  loss_bbox: 6.4992  loss_dfl: 7.3497
2025/05/25 03:41:55 - mmengine - INFO - Epoch(train) [302][150/420]  base_lr: 1.0000e-02 lr: 2.5750e-03  eta: 17:54:08  time: 1.5490  data_time: 0.0076  memory: 10384  grad_norm: 23.5592  loss: 16.5129  loss_cls: 3.2248  loss_bbox: 5.9918  loss_dfl: 7.2962
2025/05/25 03:43:12 - mmengine - INFO - Epoch(train) [302][200/420]  base_lr: 1.0000e-02 lr: 2.5750e-03  eta: 17:52:50  time: 1.5545  data_time: 0.0075  memory: 10426  grad_norm: 23.8996  loss: 16.6369  loss_cls: 3.2385  loss_bbox: 6.1152  loss_dfl: 7.2831
2025/05/25 03:44:30 - mmengine - INFO - Epoch(train) [302][250/420]  base_lr: 1.0000e-02 lr: 2.5750e-03  eta: 17:51:32  time: 1.5482  data_time: 0.0075  memory: 10485  grad_norm: 24.4804  loss: 16.5851  loss_cls: 3.2549  loss_bbox: 6.0959  loss_dfl: 7.2344
2025/05/25 03:45:47 - mmengine - INFO - Epoch(train) [302][300/420]  base_lr: 1.0000e-02 lr: 2.5750e-03  eta: 17:50:14  time: 1.5483  data_time: 0.0075  memory: 10421  grad_norm: 24.7279  loss: 16.9210  loss_cls: 3.2828  loss_bbox: 6.2771  loss_dfl: 7.3611
2025/05/25 03:47:05 - mmengine - INFO - Epoch(train) [302][350/420]  base_lr: 1.0000e-02 lr: 2.5750e-03  eta: 17:48:56  time: 1.5476  data_time: 0.0074  memory: 10357  grad_norm: 25.0269  loss: 16.9857  loss_cls: 3.3015  loss_bbox: 6.3553  loss_dfl: 7.3288
2025/05/25 03:48:22 - mmengine - INFO - Epoch(train) [302][400/420]  base_lr: 1.0000e-02 lr: 2.5750e-03  eta: 17:47:38  time: 1.5481  data_time: 0.0075  memory: 10448  grad_norm: 23.9817  loss: 16.9190  loss_cls: 3.3568  loss_bbox: 6.3015  loss_dfl: 7.2607
2025/05/25 03:48:53 - mmengine - INFO - Exp name: yolov8_mambatransformer_enhance_20250524_070703
2025/05/25 03:48:53 - mmengine - INFO - Saving checkpoint at 302 epochs
2025/05/25 03:49:01 - mmengine - INFO - Epoch(val) [302][ 50/781]    eta: 0:01:03  time: 0.0871  data_time: 0.0023  memory: 10437  
2025/05/25 03:49:05 - mmengine - INFO - Epoch(val) [302][100/781]    eta: 0:00:58  time: 0.0838  data_time: 0.0004  memory: 1000  
2025/05/25 03:49:10 - mmengine - INFO - Epoch(val) [302][150/781]    eta: 0:00:55  time: 0.0917  data_time: 0.0004  memory: 1000  
2025/05/25 03:49:14 - mmengine - INFO - Epoch(val) [302][200/781]    eta: 0:00:51  time: 0.0920  data_time: 0.0004  memory: 1000  
2025/05/25 03:49:19 - mmengine - INFO - Epoch(val) [302][250/781]    eta: 0:00:47  time: 0.0917  data_time: 0.0004  memory: 1000  
2025/05/25 03:49:24 - mmengine - INFO - Epoch(val) [302][300/781]    eta: 0:00:43  time: 0.0916  data_time: 0.0004  memory: 1000  
2025/05/25 03:49:28 - mmengine - INFO - Epoch(val) [302][350/781]    eta: 0:00:38  time: 0.0915  data_time: 0.0004  memory: 1000  
2025/05/25 03:49:33 - mmengine - INFO - Epoch(val) [302][400/781]    eta: 0:00:34  time: 0.0916  data_time: 0.0004  memory: 1000  
2025/05/25 03:49:37 - mmengine - INFO - Epoch(val) [302][450/781]    eta: 0:00:29  time: 0.0917  data_time: 0.0004  memory: 1000  
2025/05/25 03:49:42 - mmengine - INFO - Epoch(val) [302][500/781]    eta: 0:00:25  time: 0.0918  data_time: 0.0004  memory: 1000  
2025/05/25 03:49:46 - mmengine - INFO - Epoch(val) [302][550/781]    eta: 0:00:20  time: 0.0842  data_time: 0.0004  memory: 1000  
2025/05/25 03:49:50 - mmengine - INFO - Epoch(val) [302][600/781]    eta: 0:00:16  time: 0.0733  data_time: 0.0004  memory: 1000  
2025/05/25 03:49:54 - mmengine - INFO - Epoch(val) [302][650/781]    eta: 0:00:11  time: 0.0733  data_time: 0.0004  memory: 1000  
2025/05/25 03:49:57 - mmengine - INFO - Epoch(val) [302][700/781]    eta: 0:00:06  time: 0.0740  data_time: 0.0004  memory: 1000  
2025/05/25 03:50:02 - mmengine - INFO - Epoch(val) [302][750/781]    eta: 0:00:02  time: 0.0817  data_time: 0.0004  memory: 1000  
2025/05/25 03:50:04 - mmengine - INFO - Evaluating bbox...
2025/05/25 03:50:08 - mmengine - INFO - 
+------------+-------+--------+--------+-------+-------+-------+
| category   | mAP   | mAP_50 | mAP_75 | mAP_s | mAP_m | mAP_l |
+------------+-------+--------+--------+-------+-------+-------+
| Car        | 0.693 | 0.927  | 0.767  | 0.424 | 0.721 | 0.89  |
| Truck      | 0.665 | 0.895  | 0.763  | 0.386 | 0.674 | 0.842 |
| People     | 0.517 | 0.856  | 0.543  | 0.354 | 0.705 | 0.754 |
| Bus        | 0.713 | 0.91   | 0.777  | 0.402 | 0.677 | 0.829 |
| Lamp       | 0.47  | 0.825  | 0.476  | 0.423 | 0.717 | nan   |
| Motorcycle | 0.467 | 0.737  | 0.509  | 0.111 | 0.682 | 0.796 |
+------------+-------+--------+--------+-------+-------+-------+
2025/05/25 03:50:08 - mmengine - INFO - bbox_mAP_copypaste: 0.588 0.858 0.639 0.350 0.696 0.822
2025/05/25 03:50:08 - mmengine - INFO - Epoch(val) [302][781/781]    coco/Car_precision: 0.6930  coco/Truck_precision: 0.6650  coco/People_precision: 0.5170  coco/Bus_precision: 0.7130  coco/Lamp_precision: 0.4700  coco/Motorcycle_precision: 0.4670  coco/bbox_mAP: 0.5880  coco/bbox_mAP_50: 0.8580  coco/bbox_mAP_75: 0.6390  coco/bbox_mAP_s: 0.3500  coco/bbox_mAP_m: 0.6960  coco/bbox_mAP_l: 0.8220  data_time: 0.0005  time: 0.0856
2025/05/25 03:51:28 - mmengine - INFO - Epoch(train) [303][ 50/420]  base_lr: 1.0000e-02 lr: 2.5503e-03  eta: 17:45:51  time: 1.6037  data_time: 0.0471  memory: 10469  grad_norm: 24.8847  loss: 17.1735  loss_cls: 3.3523  loss_bbox: 6.4800  loss_dfl: 7.3412
2025/05/25 03:52:46 - mmengine - INFO - Epoch(train) [303][100/420]  base_lr: 1.0000e-02 lr: 2.5503e-03  eta: 17:44:33  time: 1.5553  data_time: 0.0078  memory: 10416  grad_norm: 25.0583  loss: 17.0473  loss_cls: 3.3714  loss_bbox: 6.3369  loss_dfl: 7.3389
2025/05/25 03:54:04 - mmengine - INFO - Epoch(train) [303][150/420]  base_lr: 1.0000e-02 lr: 2.5503e-03  eta: 17:43:15  time: 1.5488  data_time: 0.0074  memory: 10421  grad_norm: 25.2798  loss: 17.2812  loss_cls: 3.4009  loss_bbox: 6.4424  loss_dfl: 7.4379
2025/05/25 03:54:19 - mmengine - INFO - Exp name: yolov8_mambatransformer_enhance_20250524_070703
2025/05/25 03:55:21 - mmengine - INFO - Epoch(train) [303][200/420]  base_lr: 1.0000e-02 lr: 2.5503e-03  eta: 17:41:57  time: 1.5514  data_time: 0.0074  memory: 10512  grad_norm: 24.0690  loss: 16.7831  loss_cls: 3.2883  loss_bbox: 6.2789  loss_dfl: 7.2159
2025/05/25 03:56:39 - mmengine - INFO - Epoch(train) [303][250/420]  base_lr: 1.0000e-02 lr: 2.5503e-03  eta: 17:40:39  time: 1.5498  data_time: 0.0073  memory: 10474  grad_norm: 24.7201  loss: 17.0725  loss_cls: 3.3872  loss_bbox: 6.3318  loss_dfl: 7.3535
2025/05/25 03:57:56 - mmengine - INFO - Epoch(train) [303][300/420]  base_lr: 1.0000e-02 lr: 2.5503e-03  eta: 17:39:21  time: 1.5526  data_time: 0.0074  memory: 10448  grad_norm: 25.0025  loss: 17.0126  loss_cls: 3.3641  loss_bbox: 6.3514  loss_dfl: 7.2971
2025/05/25 03:59:14 - mmengine - INFO - Epoch(train) [303][350/420]  base_lr: 1.0000e-02 lr: 2.5503e-03  eta: 17:38:03  time: 1.5501  data_time: 0.0074  memory: 10421  grad_norm: 25.4010  loss: 17.1874  loss_cls: 3.3561  loss_bbox: 6.3876  loss_dfl: 7.4436
2025/05/25 04:00:31 - mmengine - INFO - Epoch(train) [303][400/420]  base_lr: 1.0000e-02 lr: 2.5503e-03  eta: 17:36:45  time: 1.5488  data_time: 0.0074  memory: 10448  grad_norm: 23.8943  loss: 16.6913  loss_cls: 3.2537  loss_bbox: 6.1669  loss_dfl: 7.2706
2025/05/25 04:01:02 - mmengine - INFO - Exp name: yolov8_mambatransformer_enhance_20250524_070703
2025/05/25 04:01:02 - mmengine - INFO - Saving checkpoint at 303 epochs
2025/05/25 04:01:10 - mmengine - INFO - Epoch(val) [303][ 50/781]    eta: 0:01:00  time: 0.0828  data_time: 0.0022  memory: 10496  
2025/05/25 04:01:14 - mmengine - INFO - Epoch(val) [303][100/781]    eta: 0:00:53  time: 0.0744  data_time: 0.0004  memory: 1000  
2025/05/25 04:01:17 - mmengine - INFO - Epoch(val) [303][150/781]    eta: 0:00:48  time: 0.0743  data_time: 0.0004  memory: 1000  
2025/05/25 04:01:21 - mmengine - INFO - Epoch(val) [303][200/781]    eta: 0:00:44  time: 0.0740  data_time: 0.0004  memory: 1000  
2025/05/25 04:01:25 - mmengine - INFO - Epoch(val) [303][250/781]    eta: 0:00:40  time: 0.0737  data_time: 0.0004  memory: 1000  
2025/05/25 04:01:29 - mmengine - INFO - Epoch(val) [303][300/781]    eta: 0:00:36  time: 0.0739  data_time: 0.0004  memory: 1000  
2025/05/25 04:01:32 - mmengine - INFO - Epoch(val) [303][350/781]    eta: 0:00:32  time: 0.0740  data_time: 0.0005  memory: 1000  
2025/05/25 04:01:36 - mmengine - INFO - Epoch(val) [303][400/781]    eta: 0:00:28  time: 0.0737  data_time: 0.0004  memory: 1000  
2025/05/25 04:01:40 - mmengine - INFO - Epoch(val) [303][450/781]    eta: 0:00:24  time: 0.0737  data_time: 0.0004  memory: 1000  
2025/05/25 04:01:43 - mmengine - INFO - Epoch(val) [303][500/781]    eta: 0:00:21  time: 0.0737  data_time: 0.0004  memory: 1000  
2025/05/25 04:01:47 - mmengine - INFO - Epoch(val) [303][550/781]    eta: 0:00:17  time: 0.0739  data_time: 0.0004  memory: 1000  
2025/05/25 04:01:51 - mmengine - INFO - Epoch(val) [303][600/781]    eta: 0:00:13  time: 0.0737  data_time: 0.0004  memory: 1000  
2025/05/25 04:01:55 - mmengine - INFO - Epoch(val) [303][650/781]    eta: 0:00:09  time: 0.0739  data_time: 0.0004  memory: 1000  
2025/05/25 04:01:58 - mmengine - INFO - Epoch(val) [303][700/781]    eta: 0:00:06  time: 0.0737  data_time: 0.0004  memory: 1000  
2025/05/25 04:02:02 - mmengine - INFO - Epoch(val) [303][750/781]    eta: 0:00:02  time: 0.0736  data_time: 0.0004  memory: 1000  
2025/05/25 04:02:05 - mmengine - INFO - Evaluating bbox...
2025/05/25 04:02:09 - mmengine - INFO - 
+------------+-------+--------+--------+-------+-------+-------+
| category   | mAP   | mAP_50 | mAP_75 | mAP_s | mAP_m | mAP_l |
+------------+-------+--------+--------+-------+-------+-------+
| Car        | 0.694 | 0.927  | 0.771  | 0.424 | 0.722 | 0.89  |
| Truck      | 0.665 | 0.895  | 0.766  | 0.389 | 0.673 | 0.841 |
| People     | 0.518 | 0.857  | 0.544  | 0.355 | 0.706 | 0.755 |
| Bus        | 0.713 | 0.91   | 0.773  | 0.402 | 0.677 | 0.828 |
| Lamp       | 0.469 | 0.826  | 0.472  | 0.424 | 0.714 | nan   |
| Motorcycle | 0.467 | 0.738  | 0.509  | 0.11  | 0.682 | 0.796 |
+------------+-------+--------+--------+-------+-------+-------+
2025/05/25 04:02:09 - mmengine - INFO - bbox_mAP_copypaste: 0.588 0.859 0.639 0.351 0.696 0.822
2025/05/25 04:02:09 - mmengine - INFO - Epoch(val) [303][781/781]    coco/Car_precision: 0.6940  coco/Truck_precision: 0.6650  coco/People_precision: 0.5180  coco/Bus_precision: 0.7130  coco/Lamp_precision: 0.4690  coco/Motorcycle_precision: 0.4670  coco/bbox_mAP: 0.5880  coco/bbox_mAP_50: 0.8590  coco/bbox_mAP_75: 0.6390  coco/bbox_mAP_s: 0.3510  coco/bbox_mAP_m: 0.6960  coco/bbox_mAP_l: 0.8220  data_time: 0.0005  time: 0.0744
2025/05/25 04:03:28 - mmengine - INFO - Epoch(train) [304][ 50/420]  base_lr: 1.0000e-02 lr: 2.5255e-03  eta: 17:34:57  time: 1.5862  data_time: 0.0452  memory: 10432  grad_norm: 25.0145  loss: 16.8156  loss_cls: 3.2655  loss_bbox: 6.2493  loss_dfl: 7.3008
2025/05/25 04:04:46 - mmengine - INFO - Epoch(train) [304][100/420]  base_lr: 1.0000e-02 lr: 2.5255e-03  eta: 17:33:39  time: 1.5581  data_time: 0.0085  memory: 10512  grad_norm: 24.8429  loss: 17.1962  loss_cls: 3.4051  loss_bbox: 6.4407  loss_dfl: 7.3504
2025/05/25 04:06:04 - mmengine - INFO - Epoch(train) [304][150/420]  base_lr: 1.0000e-02 lr: 2.5255e-03  eta: 17:32:22  time: 1.5649  data_time: 0.0088  memory: 10400  grad_norm: 25.8497  loss: 17.3901  loss_cls: 3.4306  loss_bbox: 6.5092  loss_dfl: 7.4503
2025/05/25 04:07:22 - mmengine - INFO - Epoch(train) [304][200/420]  base_lr: 1.0000e-02 lr: 2.5255e-03  eta: 17:31:04  time: 1.5537  data_time: 0.0076  memory: 10474  grad_norm: 25.2270  loss: 16.9553  loss_cls: 3.3749  loss_bbox: 6.2681  loss_dfl: 7.3122
2025/05/25 04:08:39 - mmengine - INFO - Epoch(train) [304][250/420]  base_lr: 1.0000e-02 lr: 2.5255e-03  eta: 17:29:46  time: 1.5486  data_time: 0.0076  memory: 10554  grad_norm: 25.2785  loss: 16.8901  loss_cls: 3.3004  loss_bbox: 6.2392  loss_dfl: 7.3505
2025/05/25 04:09:57 - mmengine - INFO - Epoch(train) [304][300/420]  base_lr: 1.0000e-02 lr: 2.5255e-03  eta: 17:28:28  time: 1.5486  data_time: 0.0075  memory: 10352  grad_norm: 26.2480  loss: 17.1697  loss_cls: 3.4230  loss_bbox: 6.3524  loss_dfl: 7.3943
2025/05/25 04:11:14 - mmengine - INFO - Epoch(train) [304][350/420]  base_lr: 1.0000e-02 lr: 2.5255e-03  eta: 17:27:10  time: 1.5487  data_time: 0.0075  memory: 10421  grad_norm: 26.1288  loss: 17.0677  loss_cls: 3.3604  loss_bbox: 6.3586  loss_dfl: 7.3488
2025/05/25 04:12:32 - mmengine - INFO - Epoch(train) [304][400/420]  base_lr: 1.0000e-02 lr: 2.5255e-03  eta: 17:25:52  time: 1.5493  data_time: 0.0075  memory: 10458  grad_norm: 25.0714  loss: 17.0783  loss_cls: 3.3374  loss_bbox: 6.4362  loss_dfl: 7.3047
2025/05/25 04:13:03 - mmengine - INFO - Exp name: yolov8_mambatransformer_enhance_20250524_070703
2025/05/25 04:13:03 - mmengine - INFO - Saving checkpoint at 304 epochs
2025/05/25 04:13:10 - mmengine - INFO - Epoch(val) [304][ 50/781]    eta: 0:00:59  time: 0.0813  data_time: 0.0021  memory: 10368  
2025/05/25 04:13:14 - mmengine - INFO - Epoch(val) [304][100/781]    eta: 0:00:52  time: 0.0742  data_time: 0.0004  memory: 1000  
2025/05/25 04:13:18 - mmengine - INFO - Epoch(val) [304][150/781]    eta: 0:00:48  time: 0.0740  data_time: 0.0004  memory: 1000  
2025/05/25 04:13:21 - mmengine - INFO - Epoch(val) [304][200/781]    eta: 0:00:44  time: 0.0743  data_time: 0.0004  memory: 1000  
2025/05/25 04:13:25 - mmengine - INFO - Epoch(val) [304][250/781]    eta: 0:00:40  time: 0.0778  data_time: 0.0004  memory: 1000  
2025/05/25 04:13:30 - mmengine - INFO - Epoch(val) [304][300/781]    eta: 0:00:37  time: 0.0915  data_time: 0.0004  memory: 1000  
2025/05/25 04:13:35 - mmengine - INFO - Epoch(val) [304][350/781]    eta: 0:00:34  time: 0.0913  data_time: 0.0004  memory: 1000  
2025/05/25 04:13:39 - mmengine - INFO - Epoch(val) [304][400/781]    eta: 0:00:31  time: 0.0918  data_time: 0.0005  memory: 1000  
2025/05/25 04:13:44 - mmengine - INFO - Epoch(val) [304][450/781]    eta: 0:00:27  time: 0.0915  data_time: 0.0004  memory: 1000  
2025/05/25 04:13:48 - mmengine - INFO - Epoch(val) [304][500/781]    eta: 0:00:23  time: 0.0915  data_time: 0.0004  memory: 1000  
2025/05/25 04:13:53 - mmengine - INFO - Epoch(val) [304][550/781]    eta: 0:00:19  time: 0.0915  data_time: 0.0004  memory: 1000  
2025/05/25 04:13:58 - mmengine - INFO - Epoch(val) [304][600/781]    eta: 0:00:15  time: 0.0916  data_time: 0.0004  memory: 1000  
2025/05/25 04:14:02 - mmengine - INFO - Epoch(val) [304][650/781]    eta: 0:00:11  time: 0.0916  data_time: 0.0004  memory: 1000  
2025/05/25 04:14:07 - mmengine - INFO - Epoch(val) [304][700/781]    eta: 0:00:06  time: 0.0913  data_time: 0.0004  memory: 1000  
2025/05/25 04:14:12 - mmengine - INFO - Epoch(val) [304][750/781]    eta: 0:00:02  time: 0.0914  data_time: 0.0004  memory: 1000  
2025/05/25 04:14:15 - mmengine - INFO - Evaluating bbox...
2025/05/25 04:14:19 - mmengine - INFO - 
+------------+-------+--------+--------+-------+-------+-------+
| category   | mAP   | mAP_50 | mAP_75 | mAP_s | mAP_m | mAP_l |
+------------+-------+--------+--------+-------+-------+-------+
| Car        | 0.694 | 0.927  | 0.77   | 0.424 | 0.722 | 0.89  |
| Truck      | 0.665 | 0.896  | 0.76   | 0.391 | 0.673 | 0.844 |
| People     | 0.518 | 0.857  | 0.545  | 0.355 | 0.706 | 0.755 |
| Bus        | 0.711 | 0.91   | 0.772  | 0.402 | 0.676 | 0.825 |
| Lamp       | 0.469 | 0.826  | 0.474  | 0.423 | 0.714 | nan   |
| Motorcycle | 0.469 | 0.738  | 0.509  | 0.11  | 0.685 | 0.799 |
+------------+-------+--------+--------+-------+-------+-------+
2025/05/25 04:14:19 - mmengine - INFO - bbox_mAP_copypaste: 0.588 0.859 0.638 0.351 0.696 0.822
2025/05/25 04:14:19 - mmengine - INFO - Epoch(val) [304][781/781]    coco/Car_precision: 0.6940  coco/Truck_precision: 0.6650  coco/People_precision: 0.5180  coco/Bus_precision: 0.7110  coco/Lamp_precision: 0.4690  coco/Motorcycle_precision: 0.4690  coco/bbox_mAP: 0.5880  coco/bbox_mAP_50: 0.8590  coco/bbox_mAP_75: 0.6380  coco/bbox_mAP_s: 0.3510  coco/bbox_mAP_m: 0.6960  coco/bbox_mAP_l: 0.8220  data_time: 0.0005  time: 0.0866
2025/05/25 04:15:38 - mmengine - INFO - Epoch(train) [305][ 50/420]  base_lr: 1.0000e-02 lr: 2.5008e-03  eta: 17:24:04  time: 1.5893  data_time: 0.0472  memory: 10480  grad_norm: 24.9831  loss: 16.9370  loss_cls: 3.2780  loss_bbox: 6.3015  loss_dfl: 7.3575
2025/05/25 04:16:56 - mmengine - INFO - Epoch(train) [305][100/420]  base_lr: 1.0000e-02 lr: 2.5008e-03  eta: 17:22:46  time: 1.5481  data_time: 0.0076  memory: 10416  grad_norm: 25.2818  loss: 17.4312  loss_cls: 3.4304  loss_bbox: 6.5975  loss_dfl: 7.4033
2025/05/25 04:18:13 - mmengine - INFO - Epoch(train) [305][150/420]  base_lr: 1.0000e-02 lr: 2.5008e-03  eta: 17:21:28  time: 1.5508  data_time: 0.0076  memory: 10448  grad_norm: 23.6586  loss: 16.8398  loss_cls: 3.3436  loss_bbox: 6.2640  loss_dfl: 7.2322
2025/05/25 04:19:32 - mmengine - INFO - Epoch(train) [305][200/420]  base_lr: 1.0000e-02 lr: 2.5008e-03  eta: 17:20:11  time: 1.5716  data_time: 0.0088  memory: 10389  grad_norm: 23.5873  loss: 16.7851  loss_cls: 3.2271  loss_bbox: 6.1913  loss_dfl: 7.3667
2025/05/25 04:20:49 - mmengine - INFO - Epoch(train) [305][250/420]  base_lr: 1.0000e-02 lr: 2.5008e-03  eta: 17:18:53  time: 1.5406  data_time: 0.0074  memory: 10453  grad_norm: 24.3096  loss: 16.6722  loss_cls: 3.2691  loss_bbox: 6.1609  loss_dfl: 7.2423
2025/05/25 04:22:05 - mmengine - INFO - Epoch(train) [305][300/420]  base_lr: 1.0000e-02 lr: 2.5008e-03  eta: 17:17:34  time: 1.5331  data_time: 0.0068  memory: 10426  grad_norm: 26.2315  loss: 17.1285  loss_cls: 3.3963  loss_bbox: 6.3522  loss_dfl: 7.3799
2025/05/25 04:22:36 - mmengine - INFO - Exp name: yolov8_mambatransformer_enhance_20250524_070703
2025/05/25 04:23:22 - mmengine - INFO - Epoch(train) [305][350/420]  base_lr: 1.0000e-02 lr: 2.5008e-03  eta: 17:16:15  time: 1.5332  data_time: 0.0068  memory: 10432  grad_norm: 25.2362  loss: 17.0895  loss_cls: 3.3492  loss_bbox: 6.4188  loss_dfl: 7.3215
2025/05/25 04:24:39 - mmengine - INFO - Epoch(train) [305][400/420]  base_lr: 1.0000e-02 lr: 2.5008e-03  eta: 17:14:56  time: 1.5334  data_time: 0.0068  memory: 10442  grad_norm: 24.2216  loss: 16.9079  loss_cls: 3.3210  loss_bbox: 6.3707  loss_dfl: 7.2162
2025/05/25 04:25:09 - mmengine - INFO - Exp name: yolov8_mambatransformer_enhance_20250524_070703
2025/05/25 04:25:09 - mmengine - INFO - Saving checkpoint at 305 epochs
2025/05/25 04:25:17 - mmengine - INFO - Epoch(val) [305][ 50/781]    eta: 0:00:57  time: 0.0789  data_time: 0.0021  memory: 10336  
2025/05/25 04:25:21 - mmengine - INFO - Epoch(val) [305][100/781]    eta: 0:00:52  time: 0.0747  data_time: 0.0004  memory: 1000  
2025/05/25 04:25:24 - mmengine - INFO - Epoch(val) [305][150/781]    eta: 0:00:47  time: 0.0744  data_time: 0.0004  memory: 1000  
2025/05/25 04:25:28 - mmengine - INFO - Epoch(val) [305][200/781]    eta: 0:00:43  time: 0.0745  data_time: 0.0004  memory: 1000  
2025/05/25 04:25:32 - mmengine - INFO - Epoch(val) [305][250/781]    eta: 0:00:40  time: 0.0743  data_time: 0.0004  memory: 1000  
2025/05/25 04:25:36 - mmengine - INFO - Epoch(val) [305][300/781]    eta: 0:00:36  time: 0.0739  data_time: 0.0004  memory: 1000  
2025/05/25 04:25:39 - mmengine - INFO - Epoch(val) [305][350/781]    eta: 0:00:32  time: 0.0739  data_time: 0.0004  memory: 1000  
2025/05/25 04:25:43 - mmengine - INFO - Epoch(val) [305][400/781]    eta: 0:00:28  time: 0.0739  data_time: 0.0004  memory: 1000  
2025/05/25 04:25:47 - mmengine - INFO - Epoch(val) [305][450/781]    eta: 0:00:24  time: 0.0739  data_time: 0.0004  memory: 1000  
2025/05/25 04:25:51 - mmengine - INFO - Epoch(val) [305][500/781]    eta: 0:00:20  time: 0.0738  data_time: 0.0004  memory: 1000  
2025/05/25 04:25:54 - mmengine - INFO - Epoch(val) [305][550/781]    eta: 0:00:17  time: 0.0738  data_time: 0.0004  memory: 1000  
2025/05/25 04:25:58 - mmengine - INFO - Epoch(val) [305][600/781]    eta: 0:00:13  time: 0.0738  data_time: 0.0004  memory: 1000  
2025/05/25 04:26:02 - mmengine - INFO - Epoch(val) [305][650/781]    eta: 0:00:09  time: 0.0739  data_time: 0.0004  memory: 1000  
2025/05/25 04:26:05 - mmengine - INFO - Epoch(val) [305][700/781]    eta: 0:00:06  time: 0.0739  data_time: 0.0004  memory: 1000  
2025/05/25 04:26:09 - mmengine - INFO - Epoch(val) [305][750/781]    eta: 0:00:02  time: 0.0737  data_time: 0.0004  memory: 1000  
2025/05/25 04:26:12 - mmengine - INFO - Evaluating bbox...
2025/05/25 04:26:16 - mmengine - INFO - 
+------------+-------+--------+--------+-------+-------+-------+
| category   | mAP   | mAP_50 | mAP_75 | mAP_s | mAP_m | mAP_l |
+------------+-------+--------+--------+-------+-------+-------+
| Car        | 0.694 | 0.927  | 0.767  | 0.423 | 0.721 | 0.89  |
| Truck      | 0.666 | 0.896  | 0.769  | 0.399 | 0.672 | 0.846 |
| People     | 0.518 | 0.858  | 0.545  | 0.355 | 0.706 | 0.754 |
| Bus        | 0.714 | 0.911  | 0.775  | 0.409 | 0.676 | 0.829 |
| Lamp       | 0.469 | 0.826  | 0.474  | 0.424 | 0.712 | nan   |
| Motorcycle | 0.469 | 0.738  | 0.508  | 0.111 | 0.684 | 0.799 |
+------------+-------+--------+--------+-------+-------+-------+
2025/05/25 04:26:16 - mmengine - INFO - bbox_mAP_copypaste: 0.588 0.859 0.640 0.354 0.695 0.824
2025/05/25 04:26:16 - mmengine - INFO - Epoch(val) [305][781/781]    coco/Car_precision: 0.6940  coco/Truck_precision: 0.6660  coco/People_precision: 0.5180  coco/Bus_precision: 0.7140  coco/Lamp_precision: 0.4690  coco/Motorcycle_precision: 0.4690  coco/bbox_mAP: 0.5880  coco/bbox_mAP_50: 0.8590  coco/bbox_mAP_75: 0.6400  coco/bbox_mAP_s: 0.3540  coco/bbox_mAP_m: 0.6950  coco/bbox_mAP_l: 0.8240  data_time: 0.0005  time: 0.0743
2025/05/25 04:27:34 - mmengine - INFO - Epoch(train) [306][ 50/420]  base_lr: 1.0000e-02 lr: 2.4760e-03  eta: 17:13:08  time: 1.5712  data_time: 0.0440  memory: 10474  grad_norm: 25.0371  loss: 17.3528  loss_cls: 3.4333  loss_bbox: 6.5395  loss_dfl: 7.3800
2025/05/25 04:28:51 - mmengine - INFO - Epoch(train) [306][100/420]  base_lr: 1.0000e-02 lr: 2.4760e-03  eta: 17:11:49  time: 1.5337  data_time: 0.0069  memory: 10517  grad_norm: 25.4054  loss: 17.1132  loss_cls: 3.3472  loss_bbox: 6.4724  loss_dfl: 7.2937
2025/05/25 04:30:08 - mmengine - INFO - Epoch(train) [306][150/420]  base_lr: 1.0000e-02 lr: 2.4760e-03  eta: 17:10:30  time: 1.5337  data_time: 0.0068  memory: 10426  grad_norm: 25.2256  loss: 17.0754  loss_cls: 3.3310  loss_bbox: 6.3853  loss_dfl: 7.3592
2025/05/25 04:31:25 - mmengine - INFO - Epoch(train) [306][200/420]  base_lr: 1.0000e-02 lr: 2.4760e-03  eta: 17:09:12  time: 1.5378  data_time: 0.0068  memory: 10448  grad_norm: 26.2428  loss: 16.9632  loss_cls: 3.3822  loss_bbox: 6.2656  loss_dfl: 7.3154
2025/05/25 04:32:42 - mmengine - INFO - Epoch(train) [306][250/420]  base_lr: 1.0000e-02 lr: 2.4760e-03  eta: 17:07:53  time: 1.5493  data_time: 0.0086  memory: 10485  grad_norm: 25.0075  loss: 16.7969  loss_cls: 3.2746  loss_bbox: 6.2587  loss_dfl: 7.2636
2025/05/25 04:34:00 - mmengine - INFO - Epoch(train) [306][300/420]  base_lr: 1.0000e-02 lr: 2.4760e-03  eta: 17:06:36  time: 1.5603  data_time: 0.0088  memory: 10405  grad_norm: 25.2405  loss: 17.0744  loss_cls: 3.3805  loss_bbox: 6.3792  loss_dfl: 7.3147
2025/05/25 04:35:18 - mmengine - INFO - Epoch(train) [306][350/420]  base_lr: 1.0000e-02 lr: 2.4760e-03  eta: 17:05:18  time: 1.5488  data_time: 0.0075  memory: 10501  grad_norm: 24.3168  loss: 16.9269  loss_cls: 3.3147  loss_bbox: 6.3506  loss_dfl: 7.2616
2025/05/25 04:36:35 - mmengine - INFO - Epoch(train) [306][400/420]  base_lr: 1.0000e-02 lr: 2.4760e-03  eta: 17:04:00  time: 1.5489  data_time: 0.0075  memory: 10496  grad_norm: 25.3770  loss: 16.9950  loss_cls: 3.2980  loss_bbox: 6.3246  loss_dfl: 7.3723
2025/05/25 04:37:06 - mmengine - INFO - Exp name: yolov8_mambatransformer_enhance_20250524_070703
2025/05/25 04:37:06 - mmengine - INFO - Saving checkpoint at 306 epochs
2025/05/25 04:37:14 - mmengine - INFO - Epoch(val) [306][ 50/781]    eta: 0:01:02  time: 0.0852  data_time: 0.0022  memory: 10469  
2025/05/25 04:37:18 - mmengine - INFO - Epoch(val) [306][100/781]    eta: 0:01:00  time: 0.0921  data_time: 0.0004  memory: 1000  
2025/05/25 04:37:23 - mmengine - INFO - Epoch(val) [306][150/781]    eta: 0:00:56  time: 0.0917  data_time: 0.0004  memory: 1000  
2025/05/25 04:37:28 - mmengine - INFO - Epoch(val) [306][200/781]    eta: 0:00:52  time: 0.0916  data_time: 0.0004  memory: 1000  
2025/05/25 04:37:32 - mmengine - INFO - Epoch(val) [306][250/781]    eta: 0:00:48  time: 0.0917  data_time: 0.0005  memory: 1000  
2025/05/25 04:37:37 - mmengine - INFO - Epoch(val) [306][300/781]    eta: 0:00:43  time: 0.0915  data_time: 0.0004  memory: 1000  
2025/05/25 04:37:41 - mmengine - INFO - Epoch(val) [306][350/781]    eta: 0:00:39  time: 0.0914  data_time: 0.0004  memory: 1000  
2025/05/25 04:37:46 - mmengine - INFO - Epoch(val) [306][400/781]    eta: 0:00:34  time: 0.0915  data_time: 0.0004  memory: 1000  
2025/05/25 04:37:51 - mmengine - INFO - Epoch(val) [306][450/781]    eta: 0:00:30  time: 0.0916  data_time: 0.0004  memory: 1000  
2025/05/25 04:37:55 - mmengine - INFO - Epoch(val) [306][500/781]    eta: 0:00:25  time: 0.0917  data_time: 0.0004  memory: 1000  
2025/05/25 04:38:00 - mmengine - INFO - Epoch(val) [306][550/781]    eta: 0:00:21  time: 0.0914  data_time: 0.0004  memory: 1000  
2025/05/25 04:38:04 - mmengine - INFO - Epoch(val) [306][600/781]    eta: 0:00:16  time: 0.0914  data_time: 0.0004  memory: 1000  
2025/05/25 04:38:09 - mmengine - INFO - Epoch(val) [306][650/781]    eta: 0:00:11  time: 0.0855  data_time: 0.0004  memory: 1000  
2025/05/25 04:38:13 - mmengine - INFO - Epoch(val) [306][700/781]    eta: 0:00:07  time: 0.0746  data_time: 0.0004  memory: 1000  
2025/05/25 04:38:17 - mmengine - INFO - Epoch(val) [306][750/781]    eta: 0:00:02  time: 0.0881  data_time: 0.0005  memory: 1000  
2025/05/25 04:38:20 - mmengine - INFO - Evaluating bbox...
2025/05/25 04:38:24 - mmengine - INFO - 
+------------+-------+--------+--------+-------+-------+-------+
| category   | mAP   | mAP_50 | mAP_75 | mAP_s | mAP_m | mAP_l |
+------------+-------+--------+--------+-------+-------+-------+
| Car        | 0.694 | 0.927  | 0.77   | 0.422 | 0.722 | 0.89  |
| Truck      | 0.664 | 0.892  | 0.769  | 0.395 | 0.67  | 0.846 |
| People     | 0.518 | 0.858  | 0.544  | 0.355 | 0.706 | 0.755 |
| Bus        | 0.71  | 0.911  | 0.776  | 0.402 | 0.673 | 0.826 |
| Lamp       | 0.469 | 0.826  | 0.475  | 0.423 | 0.709 | nan   |
| Motorcycle | 0.467 | 0.721  | 0.508  | 0.106 | 0.685 | 0.799 |
+------------+-------+--------+--------+-------+-------+-------+
2025/05/25 04:38:24 - mmengine - INFO - bbox_mAP_copypaste: 0.587 0.856 0.640 0.351 0.694 0.823
2025/05/25 04:38:24 - mmengine - INFO - Epoch(val) [306][781/781]    coco/Car_precision: 0.6940  coco/Truck_precision: 0.6640  coco/People_precision: 0.5180  coco/Bus_precision: 0.7100  coco/Lamp_precision: 0.4690  coco/Motorcycle_precision: 0.4670  coco/bbox_mAP: 0.5870  coco/bbox_mAP_50: 0.8560  coco/bbox_mAP_75: 0.6400  coco/bbox_mAP_s: 0.3510  coco/bbox_mAP_m: 0.6940  coco/bbox_mAP_l: 0.8230  data_time: 0.0005  time: 0.0895
2025/05/25 04:39:44 - mmengine - INFO - Epoch(train) [307][ 50/420]  base_lr: 1.0000e-02 lr: 2.4513e-03  eta: 17:02:12  time: 1.5942  data_time: 0.0479  memory: 10474  grad_norm: 24.4198  loss: 16.9642  loss_cls: 3.2808  loss_bbox: 6.3502  loss_dfl: 7.3331
2025/05/25 04:42:09 - mmengine - INFO - Epoch(train) [307][100/420]  base_lr: 1.0000e-02 lr: 2.4513e-03  eta: 17:01:54  time: 2.9057  data_time: 0.0077  memory: 10474  grad_norm: 24.7493  loss: 16.9461  loss_cls: 3.2897  loss_bbox: 6.3105  loss_dfl: 7.3459
2025/05/25 04:44:57 - mmengine - INFO - Epoch(train) [307][150/420]  base_lr: 1.0000e-02 lr: 2.4513e-03  eta: 17:01:56  time: 3.3597  data_time: 0.0075  memory: 10442  grad_norm: 23.9857  loss: 16.7974  loss_cls: 3.2404  loss_bbox: 6.2269  loss_dfl: 7.3301
2025/05/25 04:47:45 - mmengine - INFO - Epoch(train) [307][200/420]  base_lr: 1.0000e-02 lr: 2.4513e-03  eta: 17:01:57  time: 3.3531  data_time: 0.0077  memory: 10480  grad_norm: 24.7097  loss: 17.2016  loss_cls: 3.3836  loss_bbox: 6.4401  loss_dfl: 7.3779
2025/05/25 04:50:33 - mmengine - INFO - Epoch(train) [307][250/420]  base_lr: 1.0000e-02 lr: 2.4513e-03  eta: 17:01:57  time: 3.3545  data_time: 0.0068  memory: 10416  grad_norm: 24.8650  loss: 16.8855  loss_cls: 3.2801  loss_bbox: 6.2895  loss_dfl: 7.3159
2025/05/25 04:53:21 - mmengine - INFO - Epoch(train) [307][300/420]  base_lr: 1.0000e-02 lr: 2.4513e-03  eta: 17:01:57  time: 3.3549  data_time: 0.0069  memory: 10432  grad_norm: 24.0925  loss: 16.8802  loss_cls: 3.2766  loss_bbox: 6.2945  loss_dfl: 7.3091
2025/05/25 04:56:08 - mmengine - INFO - Epoch(train) [307][350/420]  base_lr: 1.0000e-02 lr: 2.4513e-03  eta: 17:01:57  time: 3.3546  data_time: 0.0069  memory: 10432  grad_norm: 24.7934  loss: 16.8381  loss_cls: 3.2604  loss_bbox: 6.2796  loss_dfl: 7.2981
2025/05/25 04:58:56 - mmengine - INFO - Epoch(train) [307][400/420]  base_lr: 1.0000e-02 lr: 2.4513e-03  eta: 17:01:57  time: 3.3574  data_time: 0.0074  memory: 10560  grad_norm: 25.0837  loss: 17.2437  loss_cls: 3.4368  loss_bbox: 6.5002  loss_dfl: 7.3067
2025/05/25 05:00:04 - mmengine - INFO - Exp name: yolov8_mambatransformer_enhance_20250524_070703
2025/05/25 05:00:04 - mmengine - INFO - Saving checkpoint at 307 epochs
2025/05/25 05:00:16 - mmengine - INFO - Epoch(val) [307][ 50/781]    eta: 0:01:41  time: 0.1394  data_time: 0.0045  memory: 10325  
2025/05/25 05:00:23 - mmengine - INFO - Epoch(val) [307][100/781]    eta: 0:01:35  time: 0.1422  data_time: 0.0020  memory: 1000  
2025/05/25 05:00:30 - mmengine - INFO - Epoch(val) [307][150/781]    eta: 0:01:26  time: 0.1316  data_time: 0.0005  memory: 1000  
2025/05/25 05:00:37 - mmengine - INFO - Epoch(val) [307][200/781]    eta: 0:01:20  time: 0.1431  data_time: 0.0012  memory: 1000  
2025/05/25 05:00:43 - mmengine - INFO - Epoch(val) [307][250/781]    eta: 0:01:12  time: 0.1290  data_time: 0.0005  memory: 1000  
2025/05/25 05:00:50 - mmengine - INFO - Epoch(val) [307][300/781]    eta: 0:01:06  time: 0.1396  data_time: 0.0009  memory: 1000  
2025/05/25 05:00:57 - mmengine - INFO - Epoch(val) [307][350/781]    eta: 0:00:59  time: 0.1360  data_time: 0.0013  memory: 1000  
2025/05/25 05:01:04 - mmengine - INFO - Epoch(val) [307][400/781]    eta: 0:00:52  time: 0.1428  data_time: 0.0036  memory: 1000  
2025/05/25 05:01:11 - mmengine - INFO - Epoch(val) [307][450/781]    eta: 0:00:45  time: 0.1360  data_time: 0.0005  memory: 1000  
2025/05/25 05:01:18 - mmengine - INFO - Epoch(val) [307][500/781]    eta: 0:00:38  time: 0.1298  data_time: 0.0005  memory: 1000  
2025/05/25 05:01:24 - mmengine - INFO - Epoch(val) [307][550/781]    eta: 0:00:31  time: 0.1252  data_time: 0.0005  memory: 1000  
2025/05/25 05:01:31 - mmengine - INFO - Epoch(val) [307][600/781]    eta: 0:00:24  time: 0.1350  data_time: 0.0010  memory: 1000  
2025/05/25 05:01:37 - mmengine - INFO - Epoch(val) [307][650/781]    eta: 0:00:17  time: 0.1284  data_time: 0.0004  memory: 1000  
2025/05/25 05:01:44 - mmengine - INFO - Epoch(val) [307][700/781]    eta: 0:00:10  time: 0.1394  data_time: 0.0014  memory: 1000  
2025/05/25 05:01:50 - mmengine - INFO - Epoch(val) [307][750/781]    eta: 0:00:04  time: 0.1082  data_time: 0.0004  memory: 1000  
2025/05/25 05:01:53 - mmengine - INFO - Evaluating bbox...
2025/05/25 05:01:57 - mmengine - INFO - 
+------------+-------+--------+--------+-------+-------+-------+
| category   | mAP   | mAP_50 | mAP_75 | mAP_s | mAP_m | mAP_l |
+------------+-------+--------+--------+-------+-------+-------+
| Car        | 0.694 | 0.927  | 0.766  | 0.423 | 0.722 | 0.89  |
| Truck      | 0.663 | 0.891  | 0.759  | 0.394 | 0.669 | 0.836 |
| People     | 0.518 | 0.857  | 0.546  | 0.354 | 0.706 | 0.755 |
| Bus        | 0.71  | 0.911  | 0.78   | 0.403 | 0.674 | 0.827 |
| Lamp       | 0.47  | 0.826  | 0.476  | 0.425 | 0.711 | nan   |
| Motorcycle | 0.468 | 0.721  | 0.508  | 0.106 | 0.686 | 0.799 |
+------------+-------+--------+--------+-------+-------+-------+
2025/05/25 05:01:57 - mmengine - INFO - bbox_mAP_copypaste: 0.587 0.856 0.639 0.351 0.694 0.821
2025/05/25 05:01:57 - mmengine - INFO - Epoch(val) [307][781/781]    coco/Car_precision: 0.6940  coco/Truck_precision: 0.6630  coco/People_precision: 0.5180  coco/Bus_precision: 0.7100  coco/Lamp_precision: 0.4700  coco/Motorcycle_precision: 0.4680  coco/bbox_mAP: 0.5870  coco/bbox_mAP_50: 0.8560  coco/bbox_mAP_75: 0.6390  coco/bbox_mAP_s: 0.3510  coco/bbox_mAP_m: 0.6940  coco/bbox_mAP_l: 0.8210  data_time: 0.0012  time: 0.1323
2025/05/25 05:03:50 - mmengine - INFO - Epoch(train) [308][ 50/420]  base_lr: 1.0000e-02 lr: 2.4265e-03  eta: 17:01:08  time: 2.2652  data_time: 0.0461  memory: 10405  grad_norm: 25.3098  loss: 16.8931  loss_cls: 3.3172  loss_bbox: 6.2622  loss_dfl: 7.3137
2025/05/25 05:04:06 - mmengine - INFO - Exp name: yolov8_mambatransformer_enhance_20250524_070703
2025/05/25 05:06:08 - mmengine - INFO - Epoch(train) [308][100/420]  base_lr: 1.0000e-02 lr: 2.4265e-03  eta: 17:00:40  time: 2.7432  data_time: 0.0074  memory: 10405  grad_norm: 25.9899  loss: 17.0094  loss_cls: 3.2968  loss_bbox: 6.3425  loss_dfl: 7.3701
2025/05/25 05:08:55 - mmengine - INFO - Epoch(train) [308][150/420]  base_lr: 1.0000e-02 lr: 2.4265e-03  eta: 17:00:39  time: 3.3582  data_time: 0.0078  memory: 10442  grad_norm: 24.8219  loss: 16.8109  loss_cls: 3.2649  loss_bbox: 6.2233  loss_dfl: 7.3226
2025/05/25 05:11:43 - mmengine - INFO - Epoch(train) [308][200/420]  base_lr: 1.0000e-02 lr: 2.4265e-03  eta: 17:00:37  time: 3.3576  data_time: 0.0075  memory: 10416  grad_norm: 24.5864  loss: 16.5489  loss_cls: 3.2078  loss_bbox: 6.0580  loss_dfl: 7.2831
2025/05/25 05:14:31 - mmengine - INFO - Epoch(train) [308][250/420]  base_lr: 1.0000e-02 lr: 2.4265e-03  eta: 17:00:34  time: 3.3568  data_time: 0.0074  memory: 10400  grad_norm: 26.5262  loss: 17.2474  loss_cls: 3.3965  loss_bbox: 6.4702  loss_dfl: 7.3807
2025/05/25 05:17:19 - mmengine - INFO - Epoch(train) [308][300/420]  base_lr: 1.0000e-02 lr: 2.4265e-03  eta: 17:00:32  time: 3.3564  data_time: 0.0078  memory: 10437  grad_norm: 25.6281  loss: 16.9202  loss_cls: 3.3317  loss_bbox: 6.2971  loss_dfl: 7.2915
2025/05/25 05:20:07 - mmengine - INFO - Epoch(train) [308][350/420]  base_lr: 1.0000e-02 lr: 2.4265e-03  eta: 17:00:29  time: 3.3581  data_time: 0.0078  memory: 10373  grad_norm: 26.1835  loss: 16.9179  loss_cls: 3.2587  loss_bbox: 6.2603  loss_dfl: 7.3989
2025/05/25 05:22:55 - mmengine - INFO - Epoch(train) [308][400/420]  base_lr: 1.0000e-02 lr: 2.4265e-03  eta: 17:00:25  time: 3.3579  data_time: 0.0075  memory: 10453  grad_norm: 25.1785  loss: 16.7341  loss_cls: 3.2702  loss_bbox: 6.1984  loss_dfl: 7.2656
2025/05/25 05:24:02 - mmengine - INFO - Exp name: yolov8_mambatransformer_enhance_20250524_070703
2025/05/25 05:24:02 - mmengine - INFO - Saving checkpoint at 308 epochs
2025/05/25 05:24:11 - mmengine - INFO - Epoch(val) [308][ 50/781]    eta: 0:01:17  time: 0.1054  data_time: 0.0017  memory: 10352  
2025/05/25 05:24:16 - mmengine - INFO - Epoch(val) [308][100/781]    eta: 0:01:08  time: 0.0972  data_time: 0.0004  memory: 1000  
2025/05/25 05:24:21 - mmengine - INFO - Epoch(val) [308][150/781]    eta: 0:01:02  time: 0.0962  data_time: 0.0004  memory: 1000  
2025/05/25 05:24:25 - mmengine - INFO - Epoch(val) [308][200/781]    eta: 0:00:57  time: 0.0942  data_time: 0.0004  memory: 1000  
2025/05/25 05:24:30 - mmengine - INFO - Epoch(val) [308][250/781]    eta: 0:00:51  time: 0.0922  data_time: 0.0004  memory: 1000  
2025/05/25 05:24:35 - mmengine - INFO - Epoch(val) [308][300/781]    eta: 0:00:46  time: 0.1003  data_time: 0.0004  memory: 1000  
2025/05/25 05:24:41 - mmengine - INFO - Epoch(val) [308][350/781]    eta: 0:00:42  time: 0.1094  data_time: 0.0004  memory: 1000  
2025/05/25 05:24:46 - mmengine - INFO - Epoch(val) [308][400/781]    eta: 0:00:38  time: 0.1112  data_time: 0.0004  memory: 1000  
2025/05/25 05:24:52 - mmengine - INFO - Epoch(val) [308][450/781]    eta: 0:00:33  time: 0.1098  data_time: 0.0004  memory: 1000  
2025/05/25 05:24:57 - mmengine - INFO - Epoch(val) [308][500/781]    eta: 0:00:28  time: 0.1083  data_time: 0.0004  memory: 1000  
2025/05/25 05:25:03 - mmengine - INFO - Epoch(val) [308][550/781]    eta: 0:00:23  time: 0.1106  data_time: 0.0004  memory: 1000  
2025/05/25 05:25:08 - mmengine - INFO - Epoch(val) [308][600/781]    eta: 0:00:18  time: 0.1089  data_time: 0.0004  memory: 1000  
2025/05/25 05:25:14 - mmengine - INFO - Epoch(val) [308][650/781]    eta: 0:00:13  time: 0.1085  data_time: 0.0004  memory: 1000  
2025/05/25 05:25:19 - mmengine - INFO - Epoch(val) [308][700/781]    eta: 0:00:08  time: 0.1111  data_time: 0.0004  memory: 1000  
2025/05/25 05:25:25 - mmengine - INFO - Epoch(val) [308][750/781]    eta: 0:00:03  time: 0.1099  data_time: 0.0004  memory: 1000  
2025/05/25 05:25:29 - mmengine - INFO - Evaluating bbox...
2025/05/25 05:25:33 - mmengine - INFO - 
+------------+-------+--------+--------+-------+-------+-------+
| category   | mAP   | mAP_50 | mAP_75 | mAP_s | mAP_m | mAP_l |
+------------+-------+--------+--------+-------+-------+-------+
| Car        | 0.694 | 0.928  | 0.766  | 0.423 | 0.722 | 0.889 |
| Truck      | 0.663 | 0.89   | 0.759  | 0.391 | 0.671 | 0.833 |
| People     | 0.517 | 0.857  | 0.548  | 0.354 | 0.705 | 0.758 |
| Bus        | 0.709 | 0.911  | 0.779  | 0.404 | 0.677 | 0.822 |
| Lamp       | 0.471 | 0.826  | 0.479  | 0.425 | 0.712 | nan   |
| Motorcycle | 0.469 | 0.721  | 0.509  | 0.107 | 0.688 | 0.799 |
+------------+-------+--------+--------+-------+-------+-------+
2025/05/25 05:25:33 - mmengine - INFO - bbox_mAP_copypaste: 0.587 0.856 0.640 0.351 0.696 0.820
2025/05/25 05:25:33 - mmengine - INFO - Epoch(val) [308][781/781]    coco/Car_precision: 0.6940  coco/Truck_precision: 0.6630  coco/People_precision: 0.5170  coco/Bus_precision: 0.7090  coco/Lamp_precision: 0.4710  coco/Motorcycle_precision: 0.4690  coco/bbox_mAP: 0.5870  coco/bbox_mAP_50: 0.8560  coco/bbox_mAP_75: 0.6400  coco/bbox_mAP_s: 0.3510  coco/bbox_mAP_m: 0.6960  coco/bbox_mAP_l: 0.8200  data_time: 0.0005  time: 0.1050
2025/05/25 05:27:46 - mmengine - INFO - Epoch(train) [309][ 50/420]  base_lr: 1.0000e-02 lr: 2.4018e-03  eta: 16:59:50  time: 2.6574  data_time: 0.0474  memory: 10437  grad_norm: 24.4469  loss: 16.7682  loss_cls: 3.2616  loss_bbox: 6.1700  loss_dfl: 7.3367
2025/05/25 05:29:35 - mmengine - INFO - Epoch(train) [309][100/420]  base_lr: 1.0000e-02 lr: 2.4018e-03  eta: 16:58:57  time: 2.1925  data_time: 0.0086  memory: 10458  grad_norm: 24.5490  loss: 16.6818  loss_cls: 3.2658  loss_bbox: 6.1436  loss_dfl: 7.2724
2025/05/25 05:32:23 - mmengine - INFO - Epoch(train) [309][150/420]  base_lr: 1.0000e-02 lr: 2.4018e-03  eta: 16:58:52  time: 3.3588  data_time: 0.0076  memory: 10458  grad_norm: 25.0088  loss: 16.6315  loss_cls: 3.2748  loss_bbox: 6.1255  loss_dfl: 7.2311
2025/05/25 05:35:11 - mmengine - INFO - Epoch(train) [309][200/420]  base_lr: 1.0000e-02 lr: 2.4018e-03  eta: 16:58:48  time: 3.3590  data_time: 0.0076  memory: 10411  grad_norm: 24.8000  loss: 16.6971  loss_cls: 3.2846  loss_bbox: 6.1869  loss_dfl: 7.2256
2025/05/25 05:37:59 - mmengine - INFO - Epoch(train) [309][250/420]  base_lr: 1.0000e-02 lr: 2.4018e-03  eta: 16:58:43  time: 3.3595  data_time: 0.0075  memory: 10416  grad_norm: 25.0247  loss: 16.7743  loss_cls: 3.2673  loss_bbox: 6.1996  loss_dfl: 7.3074
2025/05/25 05:40:47 - mmengine - INFO - Epoch(train) [309][300/420]  base_lr: 1.0000e-02 lr: 2.4018e-03  eta: 16:58:37  time: 3.3586  data_time: 0.0080  memory: 10453  grad_norm: 24.9644  loss: 16.6836  loss_cls: 3.2454  loss_bbox: 6.1356  loss_dfl: 7.3027
2025/05/25 05:43:35 - mmengine - INFO - Epoch(train) [309][350/420]  base_lr: 1.0000e-02 lr: 2.4018e-03  eta: 16:58:31  time: 3.3574  data_time: 0.0076  memory: 10474  grad_norm: 25.6640  loss: 16.6112  loss_cls: 3.2543  loss_bbox: 6.1332  loss_dfl: 7.2237
