2025/05/20 14:19:45 - mmengine - INFO - 
------------------------------------------------------------
System environment:
    sys.platform: linux
    Python: 3.10.16 (main, Dec 11 2024, 16:24:50) [GCC 11.2.0]
    CUDA available: True
    MUSA available: False
    numpy_random_seed: 328532950
    GPU 0: NVIDIA A40
    CUDA_HOME: /usr/local/cuda
    NVCC: Cuda compilation tools, release 12.0, V12.0.76
    GCC: gcc (Ubuntu 9.4.0-1ubuntu1~20.04.2) 9.4.0
    PyTorch: 2.3.1
    PyTorch compiling details: PyTorch built with:
  - GCC 9.3
  - C++ Version: 201703
  - Intel(R) oneAPI Math Kernel Library Version 2023.1-Product Build 20230303 for Intel(R) 64 architecture applications
  - Intel(R) MKL-DNN v3.3.6 (Git Hash 86e6af5974177e513fd3fee58425e1063e7f1361)
  - OpenMP 201511 (a.k.a. OpenMP 4.5)
  - LAPACK is enabled (usually provided by MKL)
  - NNPACK is enabled
  - CPU capability usage: AVX512
  - CUDA Runtime 12.1
  - NVCC architecture flags: -gencode;arch=compute_50,code=sm_50;-gencode;arch=compute_60,code=sm_60;-gencode;arch=compute_61,code=sm_61;-gencode;arch=compute_70,code=sm_70;-gencode;arch=compute_75,code=sm_75;-gencode;arch=compute_80,code=sm_80;-gencode;arch=compute_86,code=sm_86;-gencode;arch=compute_90,code=sm_90
  - CuDNN 8.9.2
  - Magma 2.6.1
  - Build settings: BLAS_INFO=mkl, BUILD_TYPE=Release, CUDA_VERSION=12.1, CUDNN_VERSION=8.9.2, CXX_COMPILER=/opt/rh/devtoolset-9/root/usr/bin/c++, CXX_FLAGS= -D_GLIBCXX_USE_CXX11_ABI=0 -fabi-version=11 -fvisibility-inlines-hidden -DUSE_PTHREADPOOL -DNDEBUG -DUSE_KINETO -DLIBKINETO_NOROCTRACER -DUSE_FBGEMM -DUSE_QNNPACK -DUSE_PYTORCH_QNNPACK -DUSE_XNNPACK -DSYMBOLICATE_MOBILE_DEBUG_HANDLE -O2 -fPIC -Wall -Wextra -Werror=return-type -Werror=non-virtual-dtor -Werror=bool-operation -Wnarrowing -Wno-missing-field-initializers -Wno-type-limits -Wno-array-bounds -Wno-unknown-pragmas -Wno-unused-parameter -Wno-unused-function -Wno-unused-result -Wno-strict-overflow -Wno-strict-aliasing -Wno-stringop-overflow -Wsuggest-override -Wno-psabi -Wno-error=pedantic -Wno-error=old-style-cast -Wno-missing-braces -fdiagnostics-color=always -faligned-new -Wno-unused-but-set-variable -Wno-maybe-uninitialized -fno-math-errno -fno-trapping-math -Werror=format -Wno-stringop-overflow, LAPACK_INFO=mkl, PERF_WITH_AVX=1, PERF_WITH_AVX2=1, PERF_WITH_AVX512=1, TORCH_VERSION=2.3.1, USE_CUDA=ON, USE_CUDNN=ON, USE_CUSPARSELT=1, USE_EXCEPTION_PTR=1, USE_GFLAGS=OFF, USE_GLOG=OFF, USE_GLOO=ON, USE_MKL=ON, USE_MKLDNN=ON, USE_MPI=OFF, USE_NCCL=ON, USE_NNPACK=ON, USE_OPENMP=ON, USE_ROCM=OFF, USE_ROCM_KERNEL_ASSERT=OFF, 

    TorchVision: 0.18.1
    OpenCV: 4.11.0
    MMEngine: 0.10.7

Runtime environment:
    cudnn_benchmark: True
    mp_cfg: {'mp_start_method': 'fork', 'opencv_num_threads': 0}
    dist_cfg: {'backend': 'nccl'}
    seed: 328532950
    Distributed launcher: none
    Distributed training: False
    GPU number: 1
------------------------------------------------------------

2025/05/20 14:19:46 - mmengine - INFO - Config:
_backend_args = None
_multiscale_resize_transforms = [
    dict(
        transforms=[
            dict(scale=(
                640,
                640,
            ), type='YOLOv5KeepRatioResize'),
            dict(
                allow_scale_up=False,
                pad_val=dict(img=114),
                scale=(
                    640,
                    640,
                ),
                type='LetterResize'),
        ],
        type='Compose'),
    dict(
        transforms=[
            dict(scale=(
                320,
                320,
            ), type='YOLOv5KeepRatioResize'),
            dict(
                allow_scale_up=False,
                pad_val=dict(img=114),
                scale=(
                    320,
                    320,
                ),
                type='LetterResize'),
        ],
        type='Compose'),
    dict(
        transforms=[
            dict(scale=(
                960,
                960,
            ), type='YOLOv5KeepRatioResize'),
            dict(
                allow_scale_up=False,
                pad_val=dict(img=114),
                scale=(
                    960,
                    960,
                ),
                type='LetterResize'),
        ],
        type='Compose'),
]
affine_scale = 0.5
after_pre_transformer = [
    dict(
        border=(
            -320,
            -256,
        ),
        border_val=(
            114,
            114,
            114,
        ),
        max_aspect_ratio=100,
        max_rotate_degree=0.0,
        max_shear_degree=0.0,
        scaling_ratio_range=(
            0.5,
            1.5,
        ),
        type='YOLOv5RandomAffine'),
]
albu_train_transforms = [
    dict(p=0.01, type='Blur'),
    dict(p=0.01, type='MedianBlur'),
    dict(p=0.01, type='ToGray'),
    dict(p=0.01, type='CLAHE'),
]
backend_args = None
base_lr = 0.01
batch_shapes_cfg = None
before_last_transformer = [
    dict(type='YOLOv5HSVRandomAug'),
    dict(prob=0.5, type='mmdet.RandomFlip'),
]
class_name = (
    'car',
    'person',
    'bicycle',
)
classes = (
    'Car',
    'Truck',
    'People',
    'Bus',
    'Lamp',
    'Motorcycle',
)
close_mosaic_epochs = 10
custom_hooks = [
    dict(
        ema_type='ExpMomentumEMA',
        momentum=0.0001,
        priority=49,
        strict_load=False,
        type='EMAHook',
        update_buffers=True),
    dict(
        switch_epoch=190,
        switch_pipeline=[
            dict(backend_args=None, type='LoadImageFromFile'),
            dict(backend_args=None, type='LoadImageFromFile2'),
            dict(type='LoadAnnotations', with_bbox=True, with_mask=False),
            dict(
                transforms=[
                    dict(scale=(
                        640,
                        512,
                    ), type='YOLOv5KeepRatioResize'),
                    dict(
                        _scope_='mmdet',
                        pad_val=dict(img=(
                            114,
                            114,
                            114,
                        )),
                        size=(
                            640,
                            512,
                        ),
                        type='Pad'),
                    dict(
                        border_val=(
                            114,
                            114,
                            114,
                        ),
                        max_aspect_ratio=100,
                        max_rotate_degree=0.0,
                        max_shear_degree=0.0,
                        scaling_ratio_range=(
                            0.5,
                            1.5,
                        ),
                        type='YOLOv5RandomAffine'),
                ],
                type='Image2Broadcaster'),
            dict(
                bbox_params=dict(
                    format='pascal_voc',
                    label_fields=[
                        'gt_bboxes_labels',
                        'gt_ignore_flags',
                    ],
                    type='BboxParams'),
                keymap=dict(gt_bboxes='bboxes', img='image'),
                transforms=[
                    dict(p=0.01, type='Blur'),
                    dict(p=0.01, type='MedianBlur'),
                    dict(p=0.01, type='ToGray'),
                    dict(p=0.01, type='CLAHE'),
                ],
                type='Dual_Albu'),
            dict(
                transforms=[
                    dict(type='YOLOv5HSVRandomAug'),
                    dict(prob=0.5, type='mmdet.RandomFlip'),
                ],
                type='Image2Broadcaster'),
            dict(
                meta_keys=(
                    'img_id',
                    'img_path',
                    'ori_shape',
                    'img_shape',
                    'img_path2',
                    'ori_shape2',
                    'img_shape2',
                    'scale_factor',
                ),
                type='DoublePackDetInputs'),
        ],
        type='mmdet.PipelineSwitchHook'),
]
data_root = '/data/nl/mmdet2spectral/data/M3FD/'
dataset_type = 'DualStreamCocoDataset'
deepen_factor = 0.67
default_hooks = dict(
    checkpoint=dict(
        interval=1,
        max_keep_ckpts=3,
        save_best='coco/bbox_mAP_50',
        type='CheckpointHook'),
    logger=dict(interval=50, type='LoggerHook'),
    param_scheduler=dict(
        lr_factor=0.01,
        max_epochs=200,
        scheduler_type='linear',
        type='YOLOv5ParamSchedulerHook'),
    sampler_seed=dict(type='DistSamplerSeedHook'),
    timer=dict(type='IterTimerHook'),
    visualization=dict(type='mmdet.DetVisualizationHook'))
default_scope = 'mmyolo'
env_cfg = dict(
    cudnn_benchmark=True,
    dist_cfg=dict(backend='nccl'),
    mp_cfg=dict(mp_start_method='fork', opencv_num_threads=0))
img_scale = (
    640,
    512,
)
img_scales = [
    (
        640,
        640,
    ),
    (
        320,
        320,
    ),
    (
        960,
        960,
    ),
]
last_stage_out_channels = 1024
last_transform = [
    dict(
        bbox_params=dict(
            format='pascal_voc',
            label_fields=[
                'gt_bboxes_labels',
                'gt_ignore_flags',
            ],
            type='BboxParams'),
        keymap=dict(gt_bboxes='bboxes', img='image'),
        transforms=[
            dict(p=0.01, type='Blur'),
            dict(p=0.01, type='MedianBlur'),
            dict(p=0.01, type='ToGray'),
            dict(p=0.01, type='CLAHE'),
        ],
        type='Dual_Albu'),
    dict(
        transforms=[
            dict(type='YOLOv5HSVRandomAug'),
            dict(prob=0.5, type='mmdet.RandomFlip'),
        ],
        type='Image2Broadcaster'),
    dict(
        meta_keys=(
            'img_id',
            'img_path',
            'ori_shape',
            'img_shape',
            'img_path2',
            'ori_shape2',
            'img_shape2',
            'scale_factor',
        ),
        type='DoublePackDetInputs'),
]
launcher = 'none'
load_from = None
log_level = 'INFO'
log_processor = dict(by_epoch=True, type='LogProcessor', window_size=50)
loss_bbox_weight = 7.5
loss_cls_weight = 0.5
loss_dfl_weight = 0.375
lr_factor = 0.01
max_aspect_ratio = 100
max_epochs = 200
max_keep_ckpts = 3
metainfo = dict(
    classes=(
        'Car',
        'Truck',
        'People',
        'Bus',
        'Lamp',
        'Motorcycle',
    ),
    palette=[
        (
            20,
            220,
            60,
        ),
        (
            119,
            11,
            32,
        ),
        (
            0,
            0,
            142,
        ),
        (
            106,
            0,
            228,
        ),
        (
            0,
            60,
            100,
        ),
        (
            0,
            80,
            100,
        ),
    ])
model = dict(
    backbone=dict(
        act_cfg=dict(inplace=True, type='SiLU'),
        deepen_factor=0.67,
        fusion_block=dict(
            in_channels=[
                128,
                256,
                512,
            ],
            mamba_bi=[
                False,
                False,
                False,
            ],
            mamba_size=[
                (
                    128,
                    160,
                ),
                (
                    64,
                    80,
                ),
                (
                    32,
                    40,
                ),
            ],
            transformer_fusion=True,
            transformer_horz_anchor=[
                16,
                10,
                8,
            ],
            transformer_loops_num=1,
            transformer_mod_weight=True,
            transformer_vert_anchor=[
                16,
                10,
                8,
            ],
            type='MambaTransformerBlock'),
        fusion_flag=True,
        fusion_indices=(
            2,
            3,
            4,
        ),
        fusion_module=dict(in_channels=[
            128,
            256,
            512,
        ], type='BaseFusion'),
        head_input_module=dict(
            in_channels=[
                256,
                512,
                1024,
            ], type='BaseFusion'),
        input_channels=3,
        norm_cfg=dict(eps=0.001, momentum=0.03, type='BN'),
        out_indices=(
            2,
            3,
            4,
        ),
        stages=dict(
            settings=dict(
                act_cfg=dict(inplace=True, type='SiLU'),
                add_identity=[
                    True,
                    True,
                    True,
                    True,
                ],
                deepen_factor=0.67,
                in_channels=[
                    64,
                    128,
                    256,
                    512,
                ],
                norm_cfg=dict(eps=0.001, momentum=0.03, type='BN'),
                num_blocks=[
                    3,
                    6,
                    6,
                    3,
                ],
                out_channels=[
                    128,
                    256,
                    512,
                    1024,
                ],
                use_spp=[
                    False,
                    False,
                    False,
                    True,
                ],
                widen_factor=0.75),
            type='yoloV8CSPDarknet'),
        stem_block=dict(
            act_cfg=dict(inplace=True, type='SiLU'),
            in_channels=3,
            kernel_size=3,
            norm_cfg=dict(eps=0.001, momentum=0.03, type='BN'),
            out_channels=64,
            padding=1,
            stride=2,
            type='ConvStem',
            widen_factor=0.75),
        type='GeneralDualBackbone',
        widen_factor=0.75),
    bbox_head=dict(
        bbox_coder=dict(type='DistancePointBBoxCoder'),
        head_module=dict(
            act_cfg=dict(inplace=True, type='SiLU'),
            featmap_strides=[
                8,
                16,
                32,
            ],
            in_channels=[
                256,
                512,
                1024,
            ],
            norm_cfg=dict(eps=0.001, momentum=0.03, type='BN'),
            num_classes=6,
            reg_max=16,
            type='YOLOv8HeadModule',
            widen_factor=0.75),
        loss_bbox=dict(
            bbox_format='xyxy',
            iou_mode='ciou',
            loss_weight=7.5,
            reduction='sum',
            return_iou=False,
            type='IoULoss'),
        loss_cls=dict(
            loss_weight=0.5,
            reduction='none',
            type='mmdet.CrossEntropyLoss',
            use_sigmoid=True),
        loss_dfl=dict(
            loss_weight=0.375,
            reduction='mean',
            type='mmdet.DistributionFocalLoss'),
        prior_generator=dict(
            offset=0.5, strides=[
                8,
                16,
                32,
            ], type='mmdet.MlvlPointGenerator'),
        type='YOLOv8Head'),
    data_preprocessor=dict(
        bgr_to_rgb=True,
        mean=[
            123.675,
            116.28,
            103.53,
        ],
        std=[
            58.395,
            57.12,
            57.375,
        ],
        type='DualInputDetDataPreprocessor'),
    neck=dict(
        act_cfg=dict(inplace=True, type='SiLU'),
        deepen_factor=0.67,
        in_channels=[
            256,
            512,
            1024,
        ],
        norm_cfg=dict(eps=0.001, momentum=0.03, type='BN'),
        num_csp_blocks=3,
        out_channels=[
            256,
            512,
            1024,
        ],
        type='YOLOv8PAFPN',
        widen_factor=0.75),
    test_cfg=dict(
        max_per_img=300,
        multi_label=True,
        nms=dict(iou_threshold=0.7, type='nms'),
        nms_pre=30000,
        score_thr=0.001),
    train_cfg=dict(
        assigner=dict(
            alpha=0.5,
            beta=6.0,
            eps=1e-09,
            num_classes=6,
            topk=10,
            type='BatchTaskAlignedAssigner',
            use_ciou=True)),
    type='YOLODualNeckDetector')
model_test_cfg = dict(
    max_per_img=300,
    multi_label=True,
    nms=dict(iou_threshold=0.7, type='nms'),
    nms_pre=30000,
    score_thr=0.001)
norm_cfg = dict(eps=0.001, momentum=0.03, type='BN')
num_classes = 6
num_det_layers = 3
optim_wrapper = dict(
    clip_grad=dict(max_norm=10.0),
    constructor='YOLOv5OptimizerConstructor',
    optimizer=dict(
        batch_size_per_gpu=8,
        lr=0.01,
        momentum=0.937,
        nesterov=True,
        type='SGD',
        weight_decay=0.0005),
    type='OptimWrapper')
param_scheduler = None
persistent_workers = True
pre_transform = [
    dict(backend_args=None, type='LoadImageFromFile'),
    dict(backend_args=None, type='LoadImageFromFile2'),
    dict(type='LoadAnnotations', with_bbox=True, with_mask=False),
]
resume = True
save_epoch_intervals = 1
strides = [
    8,
    16,
    32,
]
tal_alpha = 0.5
tal_beta = 6.0
tal_topk = 10
test_cfg = dict(type='TestLoop')
test_dataloader = dict(
    batch_size=1,
    dataset=dict(
        ann_file='val_partion.json',
        batch_shapes_cfg=None,
        data_prefix=dict(img='val/low/rgb'),
        data_root='/data/nl/mmdet2spectral/data/M3FD/',
        metainfo=dict(
            classes=(
                'Car',
                'Truck',
                'People',
                'Bus',
                'Lamp',
                'Motorcycle',
            ),
            palette=[
                (
                    20,
                    220,
                    60,
                ),
                (
                    119,
                    11,
                    32,
                ),
                (
                    0,
                    0,
                    142,
                ),
                (
                    106,
                    0,
                    228,
                ),
                (
                    0,
                    60,
                    100,
                ),
                (
                    0,
                    80,
                    100,
                ),
            ]),
        pipeline=[
            dict(backend_args=None, type='LoadImageFromFile'),
            dict(backend_args=None, type='LoadImageFromFile2'),
            dict(_scope_='mmdet', type='LoadAnnotations', with_bbox=True),
            dict(
                transforms=[
                    dict(scale=(
                        640,
                        512,
                    ), type='YOLOv5KeepRatioResize'),
                    dict(
                        _scope_='mmdet',
                        pad_val=dict(img=(
                            114,
                            114,
                            114,
                        )),
                        size=(
                            640,
                            512,
                        ),
                        type='Pad'),
                ],
                type='Image2Broadcaster'),
            dict(
                meta_keys=(
                    'img_id',
                    'img_path',
                    'ori_shape',
                    'img_shape',
                    'img_path2',
                    'ori_shape2',
                    'img_shape2',
                    'scale_factor',
                ),
                type='DoublePackDetInputs'),
        ],
        test_mode=True,
        type='DualStreamCocoDataset'),
    drop_last=False,
    num_workers=2,
    persistent_workers=True,
    pin_memory=True,
    sampler=dict(shuffle=False, type='DefaultSampler'))
test_evaluator = dict(
    ann_file='/data/nl/mmdet2spectral/data/M3FD/val_partion.json',
    classwise=True,
    metric='bbox',
    proposal_nums=(
        100,
        1,
        10,
    ),
    type='mmdet.CocoMetric')
test_pipeline = [
    dict(backend_args=None, type='LoadImageFromFile'),
    dict(backend_args=None, type='LoadImageFromFile2'),
    dict(_scope_='mmdet', type='LoadAnnotations', with_bbox=True),
    dict(
        transforms=[
            dict(scale=(
                640,
                512,
            ), type='YOLOv5KeepRatioResize'),
            dict(
                _scope_='mmdet',
                pad_val=dict(img=(
                    114,
                    114,
                    114,
                )),
                size=(
                    640,
                    512,
                ),
                type='Pad'),
        ],
        type='Image2Broadcaster'),
    dict(
        meta_keys=(
            'img_id',
            'img_path',
            'ori_shape',
            'img_shape',
            'img_path2',
            'ori_shape2',
            'img_shape2',
            'scale_factor',
        ),
        type='DoublePackDetInputs'),
]
test_transformer = [
    dict(scale=(
        640,
        512,
    ), type='YOLOv5KeepRatioResize'),
    dict(
        _scope_='mmdet',
        pad_val=dict(img=(
            114,
            114,
            114,
        )),
        size=(
            640,
            512,
        ),
        type='Pad'),
]
train_ann_file = 'train.json'
train_batch_size_per_gpu = 8
train_cfg = dict(
    dynamic_intervals=[
        (
            190,
            1,
        ),
    ],
    max_epochs=200,
    type='EpochBasedTrainLoop',
    val_interval=1)
train_data_prefix = 'train/low/rgb'
train_dataloader = dict(
    batch_size=8,
    collate_fn=dict(type='dual_yolo_collate'),
    dataset=dict(
        ann_file='train.json',
        data_prefix=dict(img='train/low/rgb'),
        data_root='/data/nl/mmdet2spectral/data/M3FD/',
        filter_cfg=dict(filter_empty_gt=False, min_size=32),
        metainfo=dict(
            classes=(
                'Car',
                'Truck',
                'People',
                'Bus',
                'Lamp',
                'Motorcycle',
            ),
            palette=[
                (
                    20,
                    220,
                    60,
                ),
                (
                    119,
                    11,
                    32,
                ),
                (
                    0,
                    0,
                    142,
                ),
                (
                    106,
                    0,
                    228,
                ),
                (
                    0,
                    60,
                    100,
                ),
                (
                    0,
                    80,
                    100,
                ),
            ]),
        pipeline=[
            dict(backend_args=None, type='LoadImageFromFile'),
            dict(backend_args=None, type='LoadImageFromFile2'),
            dict(type='LoadAnnotations', with_bbox=True, with_mask=False),
            dict(
                img_scale=(
                    640,
                    512,
                ),
                pad_val=114.0,
                pre_transform=[
                    dict(backend_args=None, type='LoadImageFromFile'),
                    dict(backend_args=None, type='LoadImageFromFile2'),
                    dict(
                        type='LoadAnnotations',
                        with_bbox=True,
                        with_mask=False),
                ],
                type='Dual_Mosaic',
                use_cached=False),
            dict(
                transforms=[
                    dict(
                        border=(
                            -320,
                            -256,
                        ),
                        border_val=(
                            114,
                            114,
                            114,
                        ),
                        max_aspect_ratio=100,
                        max_rotate_degree=0.0,
                        max_shear_degree=0.0,
                        scaling_ratio_range=(
                            0.5,
                            1.5,
                        ),
                        type='YOLOv5RandomAffine'),
                ],
                type='Image2Broadcaster'),
            dict(
                bbox_params=dict(
                    format='pascal_voc',
                    label_fields=[
                        'gt_bboxes_labels',
                        'gt_ignore_flags',
                    ],
                    type='BboxParams'),
                keymap=dict(gt_bboxes='bboxes', img='image'),
                transforms=[
                    dict(p=0.01, type='Blur'),
                    dict(p=0.01, type='MedianBlur'),
                    dict(p=0.01, type='ToGray'),
                    dict(p=0.01, type='CLAHE'),
                ],
                type='Dual_Albu'),
            dict(
                transforms=[
                    dict(type='YOLOv5HSVRandomAug'),
                    dict(prob=0.5, type='mmdet.RandomFlip'),
                ],
                type='Image2Broadcaster'),
            dict(
                meta_keys=(
                    'img_id',
                    'img_path',
                    'ori_shape',
                    'img_shape',
                    'img_path2',
                    'ori_shape2',
                    'img_shape2',
                    'scale_factor',
                ),
                type='DoublePackDetInputs'),
        ],
        type='DualStreamCocoDataset'),
    num_workers=8,
    persistent_workers=True,
    pin_memory=True,
    sampler=dict(shuffle=True, type='DefaultSampler'))
train_num_workers = 8
train_pipeline = [
    dict(backend_args=None, type='LoadImageFromFile'),
    dict(backend_args=None, type='LoadImageFromFile2'),
    dict(type='LoadAnnotations', with_bbox=True, with_mask=False),
    dict(
        img_scale=(
            640,
            512,
        ),
        pad_val=114.0,
        pre_transform=[
            dict(backend_args=None, type='LoadImageFromFile'),
            dict(backend_args=None, type='LoadImageFromFile2'),
            dict(type='LoadAnnotations', with_bbox=True, with_mask=False),
        ],
        type='Dual_Mosaic',
        use_cached=False),
    dict(
        transforms=[
            dict(
                border=(
                    -320,
                    -256,
                ),
                border_val=(
                    114,
                    114,
                    114,
                ),
                max_aspect_ratio=100,
                max_rotate_degree=0.0,
                max_shear_degree=0.0,
                scaling_ratio_range=(
                    0.5,
                    1.5,
                ),
                type='YOLOv5RandomAffine'),
        ],
        type='Image2Broadcaster'),
    dict(
        bbox_params=dict(
            format='pascal_voc',
            label_fields=[
                'gt_bboxes_labels',
                'gt_ignore_flags',
            ],
            type='BboxParams'),
        keymap=dict(gt_bboxes='bboxes', img='image'),
        transforms=[
            dict(p=0.01, type='Blur'),
            dict(p=0.01, type='MedianBlur'),
            dict(p=0.01, type='ToGray'),
            dict(p=0.01, type='CLAHE'),
        ],
        type='Dual_Albu'),
    dict(
        transforms=[
            dict(type='YOLOv5HSVRandomAug'),
            dict(prob=0.5, type='mmdet.RandomFlip'),
        ],
        type='Image2Broadcaster'),
    dict(
        meta_keys=(
            'img_id',
            'img_path',
            'ori_shape',
            'img_shape',
            'img_path2',
            'ori_shape2',
            'img_shape2',
            'scale_factor',
        ),
        type='DoublePackDetInputs'),
]
train_pipeline_stage2 = [
    dict(backend_args=None, type='LoadImageFromFile'),
    dict(backend_args=None, type='LoadImageFromFile2'),
    dict(type='LoadAnnotations', with_bbox=True, with_mask=False),
    dict(
        transforms=[
            dict(scale=(
                640,
                512,
            ), type='YOLOv5KeepRatioResize'),
            dict(
                _scope_='mmdet',
                pad_val=dict(img=(
                    114,
                    114,
                    114,
                )),
                size=(
                    640,
                    512,
                ),
                type='Pad'),
            dict(
                border_val=(
                    114,
                    114,
                    114,
                ),
                max_aspect_ratio=100,
                max_rotate_degree=0.0,
                max_shear_degree=0.0,
                scaling_ratio_range=(
                    0.5,
                    1.5,
                ),
                type='YOLOv5RandomAffine'),
        ],
        type='Image2Broadcaster'),
    dict(
        bbox_params=dict(
            format='pascal_voc',
            label_fields=[
                'gt_bboxes_labels',
                'gt_ignore_flags',
            ],
            type='BboxParams'),
        keymap=dict(gt_bboxes='bboxes', img='image'),
        transforms=[
            dict(p=0.01, type='Blur'),
            dict(p=0.01, type='MedianBlur'),
            dict(p=0.01, type='ToGray'),
            dict(p=0.01, type='CLAHE'),
        ],
        type='Dual_Albu'),
    dict(
        transforms=[
            dict(type='YOLOv5HSVRandomAug'),
            dict(prob=0.5, type='mmdet.RandomFlip'),
        ],
        type='Image2Broadcaster'),
    dict(
        meta_keys=(
            'img_id',
            'img_path',
            'ori_shape',
            'img_shape',
            'img_path2',
            'ori_shape2',
            'img_shape2',
            'scale_factor',
        ),
        type='DoublePackDetInputs'),
]
train_stage2_transformer = [
    dict(scale=(
        640,
        512,
    ), type='YOLOv5KeepRatioResize'),
    dict(
        _scope_='mmdet',
        pad_val=dict(img=(
            114,
            114,
            114,
        )),
        size=(
            640,
            512,
        ),
        type='Pad'),
    dict(
        border_val=(
            114,
            114,
            114,
        ),
        max_aspect_ratio=100,
        max_rotate_degree=0.0,
        max_shear_degree=0.0,
        scaling_ratio_range=(
            0.5,
            1.5,
        ),
        type='YOLOv5RandomAffine'),
]
tta_model = dict(
    tta_cfg=dict(max_per_img=300, nms=dict(iou_threshold=0.65, type='nms')),
    type='mmdet.DetTTAModel')
tta_pipeline = [
    dict(backend_args=None, type='LoadImageFromFile'),
    dict(
        transforms=[
            [
                dict(
                    transforms=[
                        dict(scale=(
                            640,
                            640,
                        ), type='YOLOv5KeepRatioResize'),
                        dict(
                            allow_scale_up=False,
                            pad_val=dict(img=114),
                            scale=(
                                640,
                                640,
                            ),
                            type='LetterResize'),
                    ],
                    type='Compose'),
                dict(
                    transforms=[
                        dict(scale=(
                            320,
                            320,
                        ), type='YOLOv5KeepRatioResize'),
                        dict(
                            allow_scale_up=False,
                            pad_val=dict(img=114),
                            scale=(
                                320,
                                320,
                            ),
                            type='LetterResize'),
                    ],
                    type='Compose'),
                dict(
                    transforms=[
                        dict(scale=(
                            960,
                            960,
                        ), type='YOLOv5KeepRatioResize'),
                        dict(
                            allow_scale_up=False,
                            pad_val=dict(img=114),
                            scale=(
                                960,
                                960,
                            ),
                            type='LetterResize'),
                    ],
                    type='Compose'),
            ],
            [
                dict(prob=1.0, type='mmdet.RandomFlip'),
                dict(prob=0.0, type='mmdet.RandomFlip'),
            ],
            [
                dict(type='mmdet.LoadAnnotations', with_bbox=True),
            ],
            [
                dict(
                    meta_keys=(
                        'img_id',
                        'img_path',
                        'ori_shape',
                        'img_shape',
                        'scale_factor',
                        'pad_param',
                        'flip',
                        'flip_direction',
                    ),
                    type='mmdet.PackDetInputs'),
            ],
        ],
        type='TestTimeAug'),
]
val_ann_file = 'val_partion.json'
val_batch_size_per_gpu = 1
val_cfg = dict(type='ValLoop')
val_data_prefix = 'val/low/rgb'
val_dataloader = dict(
    batch_size=1,
    dataset=dict(
        ann_file='val_partion.json',
        batch_shapes_cfg=None,
        data_prefix=dict(img='val/low/rgb'),
        data_root='/data/nl/mmdet2spectral/data/M3FD/',
        metainfo=dict(
            classes=(
                'Car',
                'Truck',
                'People',
                'Bus',
                'Lamp',
                'Motorcycle',
            ),
            palette=[
                (
                    20,
                    220,
                    60,
                ),
                (
                    119,
                    11,
                    32,
                ),
                (
                    0,
                    0,
                    142,
                ),
                (
                    106,
                    0,
                    228,
                ),
                (
                    0,
                    60,
                    100,
                ),
                (
                    0,
                    80,
                    100,
                ),
            ]),
        pipeline=[
            dict(backend_args=None, type='LoadImageFromFile'),
            dict(backend_args=None, type='LoadImageFromFile2'),
            dict(_scope_='mmdet', type='LoadAnnotations', with_bbox=True),
            dict(
                transforms=[
                    dict(scale=(
                        640,
                        512,
                    ), type='YOLOv5KeepRatioResize'),
                    dict(
                        _scope_='mmdet',
                        pad_val=dict(img=(
                            114,
                            114,
                            114,
                        )),
                        size=(
                            640,
                            512,
                        ),
                        type='Pad'),
                ],
                type='Image2Broadcaster'),
            dict(
                meta_keys=(
                    'img_id',
                    'img_path',
                    'ori_shape',
                    'img_shape',
                    'img_path2',
                    'ori_shape2',
                    'img_shape2',
                    'scale_factor',
                ),
                type='DoublePackDetInputs'),
        ],
        test_mode=True,
        type='DualStreamCocoDataset'),
    drop_last=False,
    num_workers=2,
    persistent_workers=True,
    pin_memory=True,
    sampler=dict(shuffle=False, type='DefaultSampler'))
val_evaluator = dict(
    ann_file='/data/nl/mmdet2spectral/data/M3FD/val_partion.json',
    classwise=True,
    metric='bbox',
    proposal_nums=(
        100,
        1,
        10,
    ),
    type='mmdet.CocoMetric')
val_interval_stage2 = 1
val_num_workers = 2
vis_backends = [
    dict(type='LocalVisBackend'),
]
visualizer = dict(
    name='visualizer',
    type='mmdet.DetLocalVisualizer',
    vis_backends=[
        dict(type='LocalVisBackend'),
    ])
weight_decay = 0.0005
widen_factor = 0.75
work_dir = './work_dirs/yolov8_mambatransformer'

2025/05/20 14:19:49 - mmengine - INFO - Distributed training is not used, all SyncBatchNorm (SyncBN) layers in the model will be automatically reverted to BatchNormXd layers if they are used.
2025/05/20 14:19:49 - mmengine - INFO - Hooks will be executed in the following order:
before_run:
(VERY_HIGH   ) RuntimeInfoHook                    
(49          ) EMAHook                            
(BELOW_NORMAL) LoggerHook                         
 -------------------- 
after_load_checkpoint:
(49          ) EMAHook                            
 -------------------- 
before_train:
(9           ) YOLOv5ParamSchedulerHook           
(VERY_HIGH   ) RuntimeInfoHook                    
(49          ) EMAHook                            
(NORMAL      ) IterTimerHook                      
(VERY_LOW    ) CheckpointHook                     
 -------------------- 
before_train_epoch:
(VERY_HIGH   ) RuntimeInfoHook                    
(NORMAL      ) IterTimerHook                      
(NORMAL      ) DistSamplerSeedHook                
(NORMAL      ) PipelineSwitchHook                 
 -------------------- 
before_train_iter:
(9           ) YOLOv5ParamSchedulerHook           
(VERY_HIGH   ) RuntimeInfoHook                    
(NORMAL      ) IterTimerHook                      
 -------------------- 
after_train_iter:
(9           ) YOLOv5ParamSchedulerHook           
(VERY_HIGH   ) RuntimeInfoHook                    
(49          ) EMAHook                            
(NORMAL      ) IterTimerHook                      
(BELOW_NORMAL) LoggerHook                         
(VERY_LOW    ) CheckpointHook                     
 -------------------- 
after_train_epoch:
(9           ) YOLOv5ParamSchedulerHook           
(NORMAL      ) IterTimerHook                      
(VERY_LOW    ) CheckpointHook                     
 -------------------- 
before_val:
(VERY_HIGH   ) RuntimeInfoHook                    
 -------------------- 
before_val_epoch:
(49          ) EMAHook                            
(NORMAL      ) IterTimerHook                      
 -------------------- 
before_val_iter:
(NORMAL      ) IterTimerHook                      
 -------------------- 
after_val_iter:
(NORMAL      ) IterTimerHook                      
(NORMAL      ) DetVisualizationHook               
(BELOW_NORMAL) LoggerHook                         
 -------------------- 
after_val_epoch:
(9           ) YOLOv5ParamSchedulerHook           
(VERY_HIGH   ) RuntimeInfoHook                    
(49          ) EMAHook                            
(NORMAL      ) IterTimerHook                      
(BELOW_NORMAL) LoggerHook                         
(VERY_LOW    ) CheckpointHook                     
 -------------------- 
after_val:
(VERY_HIGH   ) RuntimeInfoHook                    
 -------------------- 
before_save_checkpoint:
(49          ) EMAHook                            
 -------------------- 
after_train:
(VERY_HIGH   ) RuntimeInfoHook                    
(VERY_LOW    ) CheckpointHook                     
 -------------------- 
before_test:
(VERY_HIGH   ) RuntimeInfoHook                    
 -------------------- 
before_test_epoch:
(49          ) EMAHook                            
(NORMAL      ) IterTimerHook                      
 -------------------- 
before_test_iter:
(NORMAL      ) IterTimerHook                      
 -------------------- 
after_test_iter:
(NORMAL      ) IterTimerHook                      
(NORMAL      ) DetVisualizationHook               
(BELOW_NORMAL) LoggerHook                         
 -------------------- 
after_test_epoch:
(VERY_HIGH   ) RuntimeInfoHook                    
(49          ) EMAHook                            
(NORMAL      ) IterTimerHook                      
(BELOW_NORMAL) LoggerHook                         
 -------------------- 
after_test:
(VERY_HIGH   ) RuntimeInfoHook                    
 -------------------- 
after_run:
(BELOW_NORMAL) LoggerHook                         
 -------------------- 
2025/05/20 14:19:52 - mmengine - INFO - Optimizer groups: 227 .bias, 224 conv.weight, 128 other
Name of parameter - Initialization information

backbone.stem_1.conv.conv.weight - torch.Size([48, 3, 3, 3]): 
Initialized by user-defined `init_weights` in ConvModule  

backbone.stem_1.conv.bn.weight - torch.Size([48]): 
The value is the same before and after calling `init_weights` of YOLODualNeckDetector  

backbone.stem_1.conv.bn.bias - torch.Size([48]): 
The value is the same before and after calling `init_weights` of YOLODualNeckDetector  

backbone.stem_2.conv.conv.weight - torch.Size([48, 3, 3, 3]): 
Initialized by user-defined `init_weights` in ConvModule  

backbone.stem_2.conv.bn.weight - torch.Size([48]): 
The value is the same before and after calling `init_weights` of YOLODualNeckDetector  

backbone.stem_2.conv.bn.bias - torch.Size([48]): 
The value is the same before and after calling `init_weights` of YOLODualNeckDetector  

backbone.stage1_1.0.conv.weight - torch.Size([96, 48, 3, 3]): 
The value is the same before and after calling `init_weights` of YOLODualNeckDetector  

backbone.stage1_1.0.bn.weight - torch.Size([96]): 
The value is the same before and after calling `init_weights` of YOLODualNeckDetector  

backbone.stage1_1.0.bn.bias - torch.Size([96]): 
The value is the same before and after calling `init_weights` of YOLODualNeckDetector  

backbone.stage1_1.1.main_conv.conv.weight - torch.Size([96, 96, 1, 1]): 
The value is the same before and after calling `init_weights` of YOLODualNeckDetector  

backbone.stage1_1.1.main_conv.bn.weight - torch.Size([96]): 
The value is the same before and after calling `init_weights` of YOLODualNeckDetector  

backbone.stage1_1.1.main_conv.bn.bias - torch.Size([96]): 
The value is the same before and after calling `init_weights` of YOLODualNeckDetector  

backbone.stage1_1.1.final_conv.conv.weight - torch.Size([96, 192, 1, 1]): 
The value is the same before and after calling `init_weights` of YOLODualNeckDetector  

backbone.stage1_1.1.final_conv.bn.weight - torch.Size([96]): 
The value is the same before and after calling `init_weights` of YOLODualNeckDetector  

backbone.stage1_1.1.final_conv.bn.bias - torch.Size([96]): 
The value is the same before and after calling `init_weights` of YOLODualNeckDetector  

backbone.stage1_1.1.blocks.0.conv1.conv.weight - torch.Size([48, 48, 3, 3]): 
The value is the same before and after calling `init_weights` of YOLODualNeckDetector  

backbone.stage1_1.1.blocks.0.conv1.bn.weight - torch.Size([48]): 
The value is the same before and after calling `init_weights` of YOLODualNeckDetector  

backbone.stage1_1.1.blocks.0.conv1.bn.bias - torch.Size([48]): 
The value is the same before and after calling `init_weights` of YOLODualNeckDetector  

backbone.stage1_1.1.blocks.0.conv2.conv.weight - torch.Size([48, 48, 3, 3]): 
The value is the same before and after calling `init_weights` of YOLODualNeckDetector  

backbone.stage1_1.1.blocks.0.conv2.bn.weight - torch.Size([48]): 
The value is the same before and after calling `init_weights` of YOLODualNeckDetector  

backbone.stage1_1.1.blocks.0.conv2.bn.bias - torch.Size([48]): 
The value is the same before and after calling `init_weights` of YOLODualNeckDetector  

backbone.stage1_1.1.blocks.1.conv1.conv.weight - torch.Size([48, 48, 3, 3]): 
The value is the same before and after calling `init_weights` of YOLODualNeckDetector  

backbone.stage1_1.1.blocks.1.conv1.bn.weight - torch.Size([48]): 
The value is the same before and after calling `init_weights` of YOLODualNeckDetector  

backbone.stage1_1.1.blocks.1.conv1.bn.bias - torch.Size([48]): 
The value is the same before and after calling `init_weights` of YOLODualNeckDetector  

backbone.stage1_1.1.blocks.1.conv2.conv.weight - torch.Size([48, 48, 3, 3]): 
The value is the same before and after calling `init_weights` of YOLODualNeckDetector  

backbone.stage1_1.1.blocks.1.conv2.bn.weight - torch.Size([48]): 
The value is the same before and after calling `init_weights` of YOLODualNeckDetector  

backbone.stage1_1.1.blocks.1.conv2.bn.bias - torch.Size([48]): 
The value is the same before and after calling `init_weights` of YOLODualNeckDetector  

backbone.stage1_2.0.conv.weight - torch.Size([96, 48, 3, 3]): 
The value is the same before and after calling `init_weights` of YOLODualNeckDetector  

backbone.stage1_2.0.bn.weight - torch.Size([96]): 
The value is the same before and after calling `init_weights` of YOLODualNeckDetector  

backbone.stage1_2.0.bn.bias - torch.Size([96]): 
The value is the same before and after calling `init_weights` of YOLODualNeckDetector  

backbone.stage1_2.1.main_conv.conv.weight - torch.Size([96, 96, 1, 1]): 
The value is the same before and after calling `init_weights` of YOLODualNeckDetector  

backbone.stage1_2.1.main_conv.bn.weight - torch.Size([96]): 
The value is the same before and after calling `init_weights` of YOLODualNeckDetector  

backbone.stage1_2.1.main_conv.bn.bias - torch.Size([96]): 
The value is the same before and after calling `init_weights` of YOLODualNeckDetector  

backbone.stage1_2.1.final_conv.conv.weight - torch.Size([96, 192, 1, 1]): 
The value is the same before and after calling `init_weights` of YOLODualNeckDetector  

backbone.stage1_2.1.final_conv.bn.weight - torch.Size([96]): 
The value is the same before and after calling `init_weights` of YOLODualNeckDetector  

backbone.stage1_2.1.final_conv.bn.bias - torch.Size([96]): 
The value is the same before and after calling `init_weights` of YOLODualNeckDetector  

backbone.stage1_2.1.blocks.0.conv1.conv.weight - torch.Size([48, 48, 3, 3]): 
The value is the same before and after calling `init_weights` of YOLODualNeckDetector  

backbone.stage1_2.1.blocks.0.conv1.bn.weight - torch.Size([48]): 
The value is the same before and after calling `init_weights` of YOLODualNeckDetector  

backbone.stage1_2.1.blocks.0.conv1.bn.bias - torch.Size([48]): 
The value is the same before and after calling `init_weights` of YOLODualNeckDetector  

backbone.stage1_2.1.blocks.0.conv2.conv.weight - torch.Size([48, 48, 3, 3]): 
The value is the same before and after calling `init_weights` of YOLODualNeckDetector  

backbone.stage1_2.1.blocks.0.conv2.bn.weight - torch.Size([48]): 
The value is the same before and after calling `init_weights` of YOLODualNeckDetector  

backbone.stage1_2.1.blocks.0.conv2.bn.bias - torch.Size([48]): 
The value is the same before and after calling `init_weights` of YOLODualNeckDetector  

backbone.stage1_2.1.blocks.1.conv1.conv.weight - torch.Size([48, 48, 3, 3]): 
The value is the same before and after calling `init_weights` of YOLODualNeckDetector  

backbone.stage1_2.1.blocks.1.conv1.bn.weight - torch.Size([48]): 
The value is the same before and after calling `init_weights` of YOLODualNeckDetector  

backbone.stage1_2.1.blocks.1.conv1.bn.bias - torch.Size([48]): 
The value is the same before and after calling `init_weights` of YOLODualNeckDetector  

backbone.stage1_2.1.blocks.1.conv2.conv.weight - torch.Size([48, 48, 3, 3]): 
The value is the same before and after calling `init_weights` of YOLODualNeckDetector  

backbone.stage1_2.1.blocks.1.conv2.bn.weight - torch.Size([48]): 
The value is the same before and after calling `init_weights` of YOLODualNeckDetector  

backbone.stage1_2.1.blocks.1.conv2.bn.bias - torch.Size([48]): 
The value is the same before and after calling `init_weights` of YOLODualNeckDetector  

backbone.stage2_1.0.conv.weight - torch.Size([192, 96, 3, 3]): 
The value is the same before and after calling `init_weights` of YOLODualNeckDetector  

backbone.stage2_1.0.bn.weight - torch.Size([192]): 
The value is the same before and after calling `init_weights` of YOLODualNeckDetector  

backbone.stage2_1.0.bn.bias - torch.Size([192]): 
The value is the same before and after calling `init_weights` of YOLODualNeckDetector  

backbone.stage2_1.1.main_conv.conv.weight - torch.Size([192, 192, 1, 1]): 
The value is the same before and after calling `init_weights` of YOLODualNeckDetector  

backbone.stage2_1.1.main_conv.bn.weight - torch.Size([192]): 
The value is the same before and after calling `init_weights` of YOLODualNeckDetector  

backbone.stage2_1.1.main_conv.bn.bias - torch.Size([192]): 
The value is the same before and after calling `init_weights` of YOLODualNeckDetector  

backbone.stage2_1.1.final_conv.conv.weight - torch.Size([192, 576, 1, 1]): 
The value is the same before and after calling `init_weights` of YOLODualNeckDetector  

backbone.stage2_1.1.final_conv.bn.weight - torch.Size([192]): 
The value is the same before and after calling `init_weights` of YOLODualNeckDetector  

backbone.stage2_1.1.final_conv.bn.bias - torch.Size([192]): 
The value is the same before and after calling `init_weights` of YOLODualNeckDetector  

backbone.stage2_1.1.blocks.0.conv1.conv.weight - torch.Size([96, 96, 3, 3]): 
The value is the same before and after calling `init_weights` of YOLODualNeckDetector  

backbone.stage2_1.1.blocks.0.conv1.bn.weight - torch.Size([96]): 
The value is the same before and after calling `init_weights` of YOLODualNeckDetector  

backbone.stage2_1.1.blocks.0.conv1.bn.bias - torch.Size([96]): 
The value is the same before and after calling `init_weights` of YOLODualNeckDetector  

backbone.stage2_1.1.blocks.0.conv2.conv.weight - torch.Size([96, 96, 3, 3]): 
The value is the same before and after calling `init_weights` of YOLODualNeckDetector  

backbone.stage2_1.1.blocks.0.conv2.bn.weight - torch.Size([96]): 
The value is the same before and after calling `init_weights` of YOLODualNeckDetector  

backbone.stage2_1.1.blocks.0.conv2.bn.bias - torch.Size([96]): 
The value is the same before and after calling `init_weights` of YOLODualNeckDetector  

backbone.stage2_1.1.blocks.1.conv1.conv.weight - torch.Size([96, 96, 3, 3]): 
The value is the same before and after calling `init_weights` of YOLODualNeckDetector  

backbone.stage2_1.1.blocks.1.conv1.bn.weight - torch.Size([96]): 
The value is the same before and after calling `init_weights` of YOLODualNeckDetector  

backbone.stage2_1.1.blocks.1.conv1.bn.bias - torch.Size([96]): 
The value is the same before and after calling `init_weights` of YOLODualNeckDetector  

backbone.stage2_1.1.blocks.1.conv2.conv.weight - torch.Size([96, 96, 3, 3]): 
The value is the same before and after calling `init_weights` of YOLODualNeckDetector  

backbone.stage2_1.1.blocks.1.conv2.bn.weight - torch.Size([96]): 
The value is the same before and after calling `init_weights` of YOLODualNeckDetector  

backbone.stage2_1.1.blocks.1.conv2.bn.bias - torch.Size([96]): 
The value is the same before and after calling `init_weights` of YOLODualNeckDetector  

backbone.stage2_1.1.blocks.2.conv1.conv.weight - torch.Size([96, 96, 3, 3]): 
The value is the same before and after calling `init_weights` of YOLODualNeckDetector  

backbone.stage2_1.1.blocks.2.conv1.bn.weight - torch.Size([96]): 
The value is the same before and after calling `init_weights` of YOLODualNeckDetector  

backbone.stage2_1.1.blocks.2.conv1.bn.bias - torch.Size([96]): 
The value is the same before and after calling `init_weights` of YOLODualNeckDetector  

backbone.stage2_1.1.blocks.2.conv2.conv.weight - torch.Size([96, 96, 3, 3]): 
The value is the same before and after calling `init_weights` of YOLODualNeckDetector  

backbone.stage2_1.1.blocks.2.conv2.bn.weight - torch.Size([96]): 
The value is the same before and after calling `init_weights` of YOLODualNeckDetector  

backbone.stage2_1.1.blocks.2.conv2.bn.bias - torch.Size([96]): 
The value is the same before and after calling `init_weights` of YOLODualNeckDetector  

backbone.stage2_1.1.blocks.3.conv1.conv.weight - torch.Size([96, 96, 3, 3]): 
The value is the same before and after calling `init_weights` of YOLODualNeckDetector  

backbone.stage2_1.1.blocks.3.conv1.bn.weight - torch.Size([96]): 
The value is the same before and after calling `init_weights` of YOLODualNeckDetector  

backbone.stage2_1.1.blocks.3.conv1.bn.bias - torch.Size([96]): 
The value is the same before and after calling `init_weights` of YOLODualNeckDetector  

backbone.stage2_1.1.blocks.3.conv2.conv.weight - torch.Size([96, 96, 3, 3]): 
The value is the same before and after calling `init_weights` of YOLODualNeckDetector  

backbone.stage2_1.1.blocks.3.conv2.bn.weight - torch.Size([96]): 
The value is the same before and after calling `init_weights` of YOLODualNeckDetector  

backbone.stage2_1.1.blocks.3.conv2.bn.bias - torch.Size([96]): 
The value is the same before and after calling `init_weights` of YOLODualNeckDetector  

backbone.stage2_2.0.conv.weight - torch.Size([192, 96, 3, 3]): 
The value is the same before and after calling `init_weights` of YOLODualNeckDetector  

backbone.stage2_2.0.bn.weight - torch.Size([192]): 
The value is the same before and after calling `init_weights` of YOLODualNeckDetector  

backbone.stage2_2.0.bn.bias - torch.Size([192]): 
The value is the same before and after calling `init_weights` of YOLODualNeckDetector  

backbone.stage2_2.1.main_conv.conv.weight - torch.Size([192, 192, 1, 1]): 
The value is the same before and after calling `init_weights` of YOLODualNeckDetector  

backbone.stage2_2.1.main_conv.bn.weight - torch.Size([192]): 
The value is the same before and after calling `init_weights` of YOLODualNeckDetector  

backbone.stage2_2.1.main_conv.bn.bias - torch.Size([192]): 
The value is the same before and after calling `init_weights` of YOLODualNeckDetector  

backbone.stage2_2.1.final_conv.conv.weight - torch.Size([192, 576, 1, 1]): 
The value is the same before and after calling `init_weights` of YOLODualNeckDetector  

backbone.stage2_2.1.final_conv.bn.weight - torch.Size([192]): 
The value is the same before and after calling `init_weights` of YOLODualNeckDetector  

backbone.stage2_2.1.final_conv.bn.bias - torch.Size([192]): 
The value is the same before and after calling `init_weights` of YOLODualNeckDetector  

backbone.stage2_2.1.blocks.0.conv1.conv.weight - torch.Size([96, 96, 3, 3]): 
The value is the same before and after calling `init_weights` of YOLODualNeckDetector  

backbone.stage2_2.1.blocks.0.conv1.bn.weight - torch.Size([96]): 
The value is the same before and after calling `init_weights` of YOLODualNeckDetector  

backbone.stage2_2.1.blocks.0.conv1.bn.bias - torch.Size([96]): 
The value is the same before and after calling `init_weights` of YOLODualNeckDetector  

backbone.stage2_2.1.blocks.0.conv2.conv.weight - torch.Size([96, 96, 3, 3]): 
The value is the same before and after calling `init_weights` of YOLODualNeckDetector  

backbone.stage2_2.1.blocks.0.conv2.bn.weight - torch.Size([96]): 
The value is the same before and after calling `init_weights` of YOLODualNeckDetector  

backbone.stage2_2.1.blocks.0.conv2.bn.bias - torch.Size([96]): 
The value is the same before and after calling `init_weights` of YOLODualNeckDetector  

backbone.stage2_2.1.blocks.1.conv1.conv.weight - torch.Size([96, 96, 3, 3]): 
The value is the same before and after calling `init_weights` of YOLODualNeckDetector  

backbone.stage2_2.1.blocks.1.conv1.bn.weight - torch.Size([96]): 
The value is the same before and after calling `init_weights` of YOLODualNeckDetector  

backbone.stage2_2.1.blocks.1.conv1.bn.bias - torch.Size([96]): 
The value is the same before and after calling `init_weights` of YOLODualNeckDetector  

backbone.stage2_2.1.blocks.1.conv2.conv.weight - torch.Size([96, 96, 3, 3]): 
The value is the same before and after calling `init_weights` of YOLODualNeckDetector  

backbone.stage2_2.1.blocks.1.conv2.bn.weight - torch.Size([96]): 
The value is the same before and after calling `init_weights` of YOLODualNeckDetector  

backbone.stage2_2.1.blocks.1.conv2.bn.bias - torch.Size([96]): 
The value is the same before and after calling `init_weights` of YOLODualNeckDetector  

backbone.stage2_2.1.blocks.2.conv1.conv.weight - torch.Size([96, 96, 3, 3]): 
The value is the same before and after calling `init_weights` of YOLODualNeckDetector  

backbone.stage2_2.1.blocks.2.conv1.bn.weight - torch.Size([96]): 
The value is the same before and after calling `init_weights` of YOLODualNeckDetector  

backbone.stage2_2.1.blocks.2.conv1.bn.bias - torch.Size([96]): 
The value is the same before and after calling `init_weights` of YOLODualNeckDetector  

backbone.stage2_2.1.blocks.2.conv2.conv.weight - torch.Size([96, 96, 3, 3]): 
The value is the same before and after calling `init_weights` of YOLODualNeckDetector  

backbone.stage2_2.1.blocks.2.conv2.bn.weight - torch.Size([96]): 
The value is the same before and after calling `init_weights` of YOLODualNeckDetector  

backbone.stage2_2.1.blocks.2.conv2.bn.bias - torch.Size([96]): 
The value is the same before and after calling `init_weights` of YOLODualNeckDetector  

backbone.stage2_2.1.blocks.3.conv1.conv.weight - torch.Size([96, 96, 3, 3]): 
The value is the same before and after calling `init_weights` of YOLODualNeckDetector  

backbone.stage2_2.1.blocks.3.conv1.bn.weight - torch.Size([96]): 
The value is the same before and after calling `init_weights` of YOLODualNeckDetector  

backbone.stage2_2.1.blocks.3.conv1.bn.bias - torch.Size([96]): 
The value is the same before and after calling `init_weights` of YOLODualNeckDetector  

backbone.stage2_2.1.blocks.3.conv2.conv.weight - torch.Size([96, 96, 3, 3]): 
The value is the same before and after calling `init_weights` of YOLODualNeckDetector  

backbone.stage2_2.1.blocks.3.conv2.bn.weight - torch.Size([96]): 
The value is the same before and after calling `init_weights` of YOLODualNeckDetector  

backbone.stage2_2.1.blocks.3.conv2.bn.bias - torch.Size([96]): 
The value is the same before and after calling `init_weights` of YOLODualNeckDetector  

backbone.fusion_block2.pos_embed_r - torch.Size([1, 64, 96]): 
The value is the same before and after calling `init_weights` of YOLODualNeckDetector  

backbone.fusion_block2.pos_embed_t - torch.Size([1, 64, 96]): 
The value is the same before and after calling `init_weights` of YOLODualNeckDetector  

backbone.fusion_block2.patch_embed.proj.weight - torch.Size([96, 96, 16, 20]): 
The value is the same before and after calling `init_weights` of YOLODualNeckDetector  

backbone.fusion_block2.patch_embed.proj.bias - torch.Size([96]): 
The value is the same before and after calling `init_weights` of YOLODualNeckDetector  

backbone.fusion_block2.mamba_fusion_stage.in_proj_r.weight - torch.Size([384, 96]): 
The value is the same before and after calling `init_weights` of YOLODualNeckDetector  

backbone.fusion_block2.mamba_fusion_stage.in_proj_t.weight - torch.Size([384, 96]): 
The value is the same before and after calling `init_weights` of YOLODualNeckDetector  

backbone.fusion_block2.mamba_fusion_stage.conv2d_r.0.weight - torch.Size([192, 1, 3, 3]): 
The value is the same before and after calling `init_weights` of YOLODualNeckDetector  

backbone.fusion_block2.mamba_fusion_stage.conv2d_r.0.bias - torch.Size([192]): 
The value is the same before and after calling `init_weights` of YOLODualNeckDetector  

backbone.fusion_block2.mamba_fusion_stage.conv2d_r.1.weight - torch.Size([192]): 
The value is the same before and after calling `init_weights` of YOLODualNeckDetector  

backbone.fusion_block2.mamba_fusion_stage.conv2d_r.1.bias - torch.Size([192]): 
The value is the same before and after calling `init_weights` of YOLODualNeckDetector  

backbone.fusion_block2.mamba_fusion_stage.conv2d_t.0.weight - torch.Size([192, 1, 3, 3]): 
The value is the same before and after calling `init_weights` of YOLODualNeckDetector  

backbone.fusion_block2.mamba_fusion_stage.conv2d_t.0.bias - torch.Size([192]): 
The value is the same before and after calling `init_weights` of YOLODualNeckDetector  

backbone.fusion_block2.mamba_fusion_stage.conv2d_t.1.weight - torch.Size([192]): 
The value is the same before and after calling `init_weights` of YOLODualNeckDetector  

backbone.fusion_block2.mamba_fusion_stage.conv2d_t.1.bias - torch.Size([192]): 
The value is the same before and after calling `init_weights` of YOLODualNeckDetector  

backbone.fusion_block2.mamba_fusion_stage.SSM_r_f.A_log - torch.Size([192, 32]): 
The value is the same before and after calling `init_weights` of YOLODualNeckDetector  

backbone.fusion_block2.mamba_fusion_stage.SSM_r_f.D - torch.Size([192]): 
The value is the same before and after calling `init_weights` of YOLODualNeckDetector  

backbone.fusion_block2.mamba_fusion_stage.SSM_r_f.x_proj.weight - torch.Size([76, 192]): 
The value is the same before and after calling `init_weights` of YOLODualNeckDetector  

backbone.fusion_block2.mamba_fusion_stage.SSM_r_f.dt_proj.weight - torch.Size([192, 12]): 
The value is the same before and after calling `init_weights` of YOLODualNeckDetector  

backbone.fusion_block2.mamba_fusion_stage.SSM_r_f.dt_proj.bias - torch.Size([192]): 
The value is the same before and after calling `init_weights` of YOLODualNeckDetector  

backbone.fusion_block2.mamba_fusion_stage.SSM_r_f.out_norm.weight - torch.Size([192]): 
The value is the same before and after calling `init_weights` of YOLODualNeckDetector  

backbone.fusion_block2.mamba_fusion_stage.SSM_r_f.out_norm.bias - torch.Size([192]): 
The value is the same before and after calling `init_weights` of YOLODualNeckDetector  

backbone.fusion_block2.mamba_fusion_stage.SSM_t_f.A_log - torch.Size([192, 32]): 
The value is the same before and after calling `init_weights` of YOLODualNeckDetector  

backbone.fusion_block2.mamba_fusion_stage.SSM_t_f.D - torch.Size([192]): 
The value is the same before and after calling `init_weights` of YOLODualNeckDetector  

backbone.fusion_block2.mamba_fusion_stage.SSM_t_f.x_proj.weight - torch.Size([76, 192]): 
The value is the same before and after calling `init_weights` of YOLODualNeckDetector  

backbone.fusion_block2.mamba_fusion_stage.SSM_t_f.dt_proj.weight - torch.Size([192, 12]): 
The value is the same before and after calling `init_weights` of YOLODualNeckDetector  

backbone.fusion_block2.mamba_fusion_stage.SSM_t_f.dt_proj.bias - torch.Size([192]): 
The value is the same before and after calling `init_weights` of YOLODualNeckDetector  

backbone.fusion_block2.mamba_fusion_stage.SSM_t_f.out_norm.weight - torch.Size([192]): 
The value is the same before and after calling `init_weights` of YOLODualNeckDetector  

backbone.fusion_block2.mamba_fusion_stage.SSM_t_f.out_norm.bias - torch.Size([192]): 
The value is the same before and after calling `init_weights` of YOLODualNeckDetector  

backbone.fusion_block2.mamba_fusion_stage.out_proj.weight - torch.Size([96, 192]): 
The value is the same before and after calling `init_weights` of YOLODualNeckDetector  

backbone.fusion_block2.transformer_fusion_stage.block.pos_emb_vis - torch.Size([1, 256, 96]): 
The value is the same before and after calling `init_weights` of YOLODualNeckDetector  

backbone.fusion_block2.transformer_fusion_stage.block.pos_emb_ir - torch.Size([1, 256, 96]): 
The value is the same before and after calling `init_weights` of YOLODualNeckDetector  

backbone.fusion_block2.transformer_fusion_stage.block.vis_pool_weights.w1 - torch.Size([1]): 
The value is the same before and after calling `init_weights` of YOLODualNeckDetector  

backbone.fusion_block2.transformer_fusion_stage.block.vis_pool_weights.w2 - torch.Size([1]): 
The value is the same before and after calling `init_weights` of YOLODualNeckDetector  

backbone.fusion_block2.transformer_fusion_stage.block.ir_pool_weights.w1 - torch.Size([1]): 
The value is the same before and after calling `init_weights` of YOLODualNeckDetector  

backbone.fusion_block2.transformer_fusion_stage.block.ir_pool_weights.w2 - torch.Size([1]): 
The value is the same before and after calling `init_weights` of YOLODualNeckDetector  

backbone.fusion_block2.transformer_fusion_stage.block.crosstransformer.0.ln1_vis.weight - torch.Size([96]): 
The value is the same before and after calling `init_weights` of YOLODualNeckDetector  

backbone.fusion_block2.transformer_fusion_stage.block.crosstransformer.0.ln1_vis.bias - torch.Size([96]): 
The value is the same before and after calling `init_weights` of YOLODualNeckDetector  

backbone.fusion_block2.transformer_fusion_stage.block.crosstransformer.0.ln1_ir.weight - torch.Size([96]): 
The value is the same before and after calling `init_weights` of YOLODualNeckDetector  

backbone.fusion_block2.transformer_fusion_stage.block.crosstransformer.0.ln1_ir.bias - torch.Size([96]): 
The value is the same before and after calling `init_weights` of YOLODualNeckDetector  

backbone.fusion_block2.transformer_fusion_stage.block.crosstransformer.0.que_proj_vis.weight - torch.Size([96, 96]): 
The value is the same before and after calling `init_weights` of YOLODualNeckDetector  

backbone.fusion_block2.transformer_fusion_stage.block.crosstransformer.0.que_proj_vis.bias - torch.Size([96]): 
The value is the same before and after calling `init_weights` of YOLODualNeckDetector  

backbone.fusion_block2.transformer_fusion_stage.block.crosstransformer.0.key_proj_vis.weight - torch.Size([96, 96]): 
The value is the same before and after calling `init_weights` of YOLODualNeckDetector  

backbone.fusion_block2.transformer_fusion_stage.block.crosstransformer.0.key_proj_vis.bias - torch.Size([96]): 
The value is the same before and after calling `init_weights` of YOLODualNeckDetector  

backbone.fusion_block2.transformer_fusion_stage.block.crosstransformer.0.val_proj_vis.weight - torch.Size([96, 96]): 
The value is the same before and after calling `init_weights` of YOLODualNeckDetector  

backbone.fusion_block2.transformer_fusion_stage.block.crosstransformer.0.val_proj_vis.bias - torch.Size([96]): 
The value is the same before and after calling `init_weights` of YOLODualNeckDetector  

backbone.fusion_block2.transformer_fusion_stage.block.crosstransformer.0.que_proj_ir.weight - torch.Size([96, 96]): 
The value is the same before and after calling `init_weights` of YOLODualNeckDetector  

backbone.fusion_block2.transformer_fusion_stage.block.crosstransformer.0.que_proj_ir.bias - torch.Size([96]): 
The value is the same before and after calling `init_weights` of YOLODualNeckDetector  

backbone.fusion_block2.transformer_fusion_stage.block.crosstransformer.0.key_proj_ir.weight - torch.Size([96, 96]): 
The value is the same before and after calling `init_weights` of YOLODualNeckDetector  

backbone.fusion_block2.transformer_fusion_stage.block.crosstransformer.0.key_proj_ir.bias - torch.Size([96]): 
The value is the same before and after calling `init_weights` of YOLODualNeckDetector  

backbone.fusion_block2.transformer_fusion_stage.block.crosstransformer.0.val_proj_ir.weight - torch.Size([96, 96]): 
The value is the same before and after calling `init_weights` of YOLODualNeckDetector  

backbone.fusion_block2.transformer_fusion_stage.block.crosstransformer.0.val_proj_ir.bias - torch.Size([96]): 
The value is the same before and after calling `init_weights` of YOLODualNeckDetector  

backbone.fusion_block2.transformer_fusion_stage.block.crosstransformer.0.crossatt.out_proj_vis.weight - torch.Size([96, 96]): 
The value is the same before and after calling `init_weights` of YOLODualNeckDetector  

backbone.fusion_block2.transformer_fusion_stage.block.crosstransformer.0.crossatt.out_proj_vis.bias - torch.Size([96]): 
The value is the same before and after calling `init_weights` of YOLODualNeckDetector  

backbone.fusion_block2.transformer_fusion_stage.block.crosstransformer.0.crossatt.out_proj_ir.weight - torch.Size([96, 96]): 
The value is the same before and after calling `init_weights` of YOLODualNeckDetector  

backbone.fusion_block2.transformer_fusion_stage.block.crosstransformer.0.crossatt.out_proj_ir.bias - torch.Size([96]): 
The value is the same before and after calling `init_weights` of YOLODualNeckDetector  

backbone.fusion_block2.transformer_fusion_stage.block.crosstransformer.0.ln2_vis.weight - torch.Size([96]): 
The value is the same before and after calling `init_weights` of YOLODualNeckDetector  

backbone.fusion_block2.transformer_fusion_stage.block.crosstransformer.0.ln2_vis.bias - torch.Size([96]): 
The value is the same before and after calling `init_weights` of YOLODualNeckDetector  

backbone.fusion_block2.transformer_fusion_stage.block.crosstransformer.0.ln2_ir.weight - torch.Size([96]): 
The value is the same before and after calling `init_weights` of YOLODualNeckDetector  

backbone.fusion_block2.transformer_fusion_stage.block.crosstransformer.0.ln2_ir.bias - torch.Size([96]): 
The value is the same before and after calling `init_weights` of YOLODualNeckDetector  

backbone.fusion_block2.transformer_fusion_stage.block.crosstransformer.0.mlp_vis.0.weight - torch.Size([384, 96]): 
The value is the same before and after calling `init_weights` of YOLODualNeckDetector  

backbone.fusion_block2.transformer_fusion_stage.block.crosstransformer.0.mlp_vis.0.bias - torch.Size([384]): 
The value is the same before and after calling `init_weights` of YOLODualNeckDetector  

backbone.fusion_block2.transformer_fusion_stage.block.crosstransformer.0.mlp_vis.2.weight - torch.Size([96, 384]): 
The value is the same before and after calling `init_weights` of YOLODualNeckDetector  

backbone.fusion_block2.transformer_fusion_stage.block.crosstransformer.0.mlp_vis.2.bias - torch.Size([96]): 
The value is the same before and after calling `init_weights` of YOLODualNeckDetector  

backbone.fusion_block2.transformer_fusion_stage.block.crosstransformer.0.mlp_ir.0.weight - torch.Size([384, 96]): 
The value is the same before and after calling `init_weights` of YOLODualNeckDetector  

backbone.fusion_block2.transformer_fusion_stage.block.crosstransformer.0.mlp_ir.0.bias - torch.Size([384]): 
The value is the same before and after calling `init_weights` of YOLODualNeckDetector  

backbone.fusion_block2.transformer_fusion_stage.block.crosstransformer.0.mlp_ir.2.weight - torch.Size([96, 384]): 
The value is the same before and after calling `init_weights` of YOLODualNeckDetector  

backbone.fusion_block2.transformer_fusion_stage.block.crosstransformer.0.mlp_ir.2.bias - torch.Size([96]): 
The value is the same before and after calling `init_weights` of YOLODualNeckDetector  

backbone.fusion_block2.transformer_fusion_stage.block.crosstransformer.0.coef_att_vis.bias - torch.Size([1]): 
The value is the same before and after calling `init_weights` of YOLODualNeckDetector  

backbone.fusion_block2.transformer_fusion_stage.block.crosstransformer.0.coef_mlp_vis.bias - torch.Size([1]): 
The value is the same before and after calling `init_weights` of YOLODualNeckDetector  

backbone.fusion_block2.transformer_fusion_stage.block.crosstransformer.0.coef_att_ir.bias - torch.Size([1]): 
The value is the same before and after calling `init_weights` of YOLODualNeckDetector  

backbone.fusion_block2.transformer_fusion_stage.block.crosstransformer.0.coef_mlp_ir.bias - torch.Size([1]): 
The value is the same before and after calling `init_weights` of YOLODualNeckDetector  

backbone.fusion_block2.transformer_fusion_stage.block.out_fusion_module.conv1x1_out.conv.weight - torch.Size([96, 192, 1, 1]): 
The value is the same before and after calling `init_weights` of YOLODualNeckDetector  

backbone.fusion_block2.transformer_fusion_stage.block.out_fusion_module.conv1x1_out.bn.weight - torch.Size([96]): 
The value is the same before and after calling `init_weights` of YOLODualNeckDetector  

backbone.fusion_block2.transformer_fusion_stage.block.out_fusion_module.conv1x1_out.bn.bias - torch.Size([96]): 
The value is the same before and after calling `init_weights` of YOLODualNeckDetector  

backbone.fusion_block2.transformer_fusion_stage.mw.fc1.weight - torch.Size([6, 192, 1, 1]): 
The value is the same before and after calling `init_weights` of YOLODualNeckDetector  

backbone.fusion_block2.transformer_fusion_stage.mw.fc1.bias - torch.Size([6]): 
The value is the same before and after calling `init_weights` of YOLODualNeckDetector  

backbone.fusion_block2.transformer_fusion_stage.mw.fc2.weight - torch.Size([192, 6, 1, 1]): 
The value is the same before and after calling `init_weights` of YOLODualNeckDetector  

backbone.fusion_block2.transformer_fusion_stage.mw.fc2.bias - torch.Size([192]): 
The value is the same before and after calling `init_weights` of YOLODualNeckDetector  

backbone.fusion_block2.out_fusion_module.conv1x1_out.conv.weight - torch.Size([96, 192, 1, 1]): 
The value is the same before and after calling `init_weights` of YOLODualNeckDetector  

backbone.fusion_block2.out_fusion_module.conv1x1_out.bn.weight - torch.Size([96]): 
The value is the same before and after calling `init_weights` of YOLODualNeckDetector  

backbone.fusion_block2.out_fusion_module.conv1x1_out.bn.bias - torch.Size([96]): 
The value is the same before and after calling `init_weights` of YOLODualNeckDetector  

backbone.fusion_block2.mw.fc1.weight - torch.Size([6, 192, 1, 1]): 
The value is the same before and after calling `init_weights` of YOLODualNeckDetector  

backbone.fusion_block2.mw.fc1.bias - torch.Size([6]): 
The value is the same before and after calling `init_weights` of YOLODualNeckDetector  

backbone.fusion_block2.mw.fc2.weight - torch.Size([192, 6, 1, 1]): 
The value is the same before and after calling `init_weights` of YOLODualNeckDetector  

backbone.fusion_block2.mw.fc2.bias - torch.Size([192]): 
The value is the same before and after calling `init_weights` of YOLODualNeckDetector  

backbone.stage3_1.0.conv.weight - torch.Size([384, 192, 3, 3]): 
The value is the same before and after calling `init_weights` of YOLODualNeckDetector  

backbone.stage3_1.0.bn.weight - torch.Size([384]): 
The value is the same before and after calling `init_weights` of YOLODualNeckDetector  

backbone.stage3_1.0.bn.bias - torch.Size([384]): 
The value is the same before and after calling `init_weights` of YOLODualNeckDetector  

backbone.stage3_1.1.main_conv.conv.weight - torch.Size([384, 384, 1, 1]): 
The value is the same before and after calling `init_weights` of YOLODualNeckDetector  

backbone.stage3_1.1.main_conv.bn.weight - torch.Size([384]): 
The value is the same before and after calling `init_weights` of YOLODualNeckDetector  

backbone.stage3_1.1.main_conv.bn.bias - torch.Size([384]): 
The value is the same before and after calling `init_weights` of YOLODualNeckDetector  

backbone.stage3_1.1.final_conv.conv.weight - torch.Size([384, 1152, 1, 1]): 
The value is the same before and after calling `init_weights` of YOLODualNeckDetector  

backbone.stage3_1.1.final_conv.bn.weight - torch.Size([384]): 
The value is the same before and after calling `init_weights` of YOLODualNeckDetector  

backbone.stage3_1.1.final_conv.bn.bias - torch.Size([384]): 
The value is the same before and after calling `init_weights` of YOLODualNeckDetector  

backbone.stage3_1.1.blocks.0.conv1.conv.weight - torch.Size([192, 192, 3, 3]): 
The value is the same before and after calling `init_weights` of YOLODualNeckDetector  

backbone.stage3_1.1.blocks.0.conv1.bn.weight - torch.Size([192]): 
The value is the same before and after calling `init_weights` of YOLODualNeckDetector  

backbone.stage3_1.1.blocks.0.conv1.bn.bias - torch.Size([192]): 
The value is the same before and after calling `init_weights` of YOLODualNeckDetector  

backbone.stage3_1.1.blocks.0.conv2.conv.weight - torch.Size([192, 192, 3, 3]): 
The value is the same before and after calling `init_weights` of YOLODualNeckDetector  

backbone.stage3_1.1.blocks.0.conv2.bn.weight - torch.Size([192]): 
The value is the same before and after calling `init_weights` of YOLODualNeckDetector  

backbone.stage3_1.1.blocks.0.conv2.bn.bias - torch.Size([192]): 
The value is the same before and after calling `init_weights` of YOLODualNeckDetector  

backbone.stage3_1.1.blocks.1.conv1.conv.weight - torch.Size([192, 192, 3, 3]): 
The value is the same before and after calling `init_weights` of YOLODualNeckDetector  

backbone.stage3_1.1.blocks.1.conv1.bn.weight - torch.Size([192]): 
The value is the same before and after calling `init_weights` of YOLODualNeckDetector  

backbone.stage3_1.1.blocks.1.conv1.bn.bias - torch.Size([192]): 
The value is the same before and after calling `init_weights` of YOLODualNeckDetector  

backbone.stage3_1.1.blocks.1.conv2.conv.weight - torch.Size([192, 192, 3, 3]): 
The value is the same before and after calling `init_weights` of YOLODualNeckDetector  

backbone.stage3_1.1.blocks.1.conv2.bn.weight - torch.Size([192]): 
The value is the same before and after calling `init_weights` of YOLODualNeckDetector  

backbone.stage3_1.1.blocks.1.conv2.bn.bias - torch.Size([192]): 
The value is the same before and after calling `init_weights` of YOLODualNeckDetector  

backbone.stage3_1.1.blocks.2.conv1.conv.weight - torch.Size([192, 192, 3, 3]): 
The value is the same before and after calling `init_weights` of YOLODualNeckDetector  

backbone.stage3_1.1.blocks.2.conv1.bn.weight - torch.Size([192]): 
The value is the same before and after calling `init_weights` of YOLODualNeckDetector  

backbone.stage3_1.1.blocks.2.conv1.bn.bias - torch.Size([192]): 
The value is the same before and after calling `init_weights` of YOLODualNeckDetector  

backbone.stage3_1.1.blocks.2.conv2.conv.weight - torch.Size([192, 192, 3, 3]): 
The value is the same before and after calling `init_weights` of YOLODualNeckDetector  

backbone.stage3_1.1.blocks.2.conv2.bn.weight - torch.Size([192]): 
The value is the same before and after calling `init_weights` of YOLODualNeckDetector  

backbone.stage3_1.1.blocks.2.conv2.bn.bias - torch.Size([192]): 
The value is the same before and after calling `init_weights` of YOLODualNeckDetector  

backbone.stage3_1.1.blocks.3.conv1.conv.weight - torch.Size([192, 192, 3, 3]): 
The value is the same before and after calling `init_weights` of YOLODualNeckDetector  

backbone.stage3_1.1.blocks.3.conv1.bn.weight - torch.Size([192]): 
The value is the same before and after calling `init_weights` of YOLODualNeckDetector  

backbone.stage3_1.1.blocks.3.conv1.bn.bias - torch.Size([192]): 
The value is the same before and after calling `init_weights` of YOLODualNeckDetector  

backbone.stage3_1.1.blocks.3.conv2.conv.weight - torch.Size([192, 192, 3, 3]): 
The value is the same before and after calling `init_weights` of YOLODualNeckDetector  

backbone.stage3_1.1.blocks.3.conv2.bn.weight - torch.Size([192]): 
The value is the same before and after calling `init_weights` of YOLODualNeckDetector  

backbone.stage3_1.1.blocks.3.conv2.bn.bias - torch.Size([192]): 
The value is the same before and after calling `init_weights` of YOLODualNeckDetector  

backbone.stage3_2.0.conv.weight - torch.Size([384, 192, 3, 3]): 
The value is the same before and after calling `init_weights` of YOLODualNeckDetector  

backbone.stage3_2.0.bn.weight - torch.Size([384]): 
The value is the same before and after calling `init_weights` of YOLODualNeckDetector  

backbone.stage3_2.0.bn.bias - torch.Size([384]): 
The value is the same before and after calling `init_weights` of YOLODualNeckDetector  

backbone.stage3_2.1.main_conv.conv.weight - torch.Size([384, 384, 1, 1]): 
The value is the same before and after calling `init_weights` of YOLODualNeckDetector  

backbone.stage3_2.1.main_conv.bn.weight - torch.Size([384]): 
The value is the same before and after calling `init_weights` of YOLODualNeckDetector  

backbone.stage3_2.1.main_conv.bn.bias - torch.Size([384]): 
The value is the same before and after calling `init_weights` of YOLODualNeckDetector  

backbone.stage3_2.1.final_conv.conv.weight - torch.Size([384, 1152, 1, 1]): 
The value is the same before and after calling `init_weights` of YOLODualNeckDetector  

backbone.stage3_2.1.final_conv.bn.weight - torch.Size([384]): 
The value is the same before and after calling `init_weights` of YOLODualNeckDetector  

backbone.stage3_2.1.final_conv.bn.bias - torch.Size([384]): 
The value is the same before and after calling `init_weights` of YOLODualNeckDetector  

backbone.stage3_2.1.blocks.0.conv1.conv.weight - torch.Size([192, 192, 3, 3]): 
The value is the same before and after calling `init_weights` of YOLODualNeckDetector  

backbone.stage3_2.1.blocks.0.conv1.bn.weight - torch.Size([192]): 
The value is the same before and after calling `init_weights` of YOLODualNeckDetector  

backbone.stage3_2.1.blocks.0.conv1.bn.bias - torch.Size([192]): 
The value is the same before and after calling `init_weights` of YOLODualNeckDetector  

backbone.stage3_2.1.blocks.0.conv2.conv.weight - torch.Size([192, 192, 3, 3]): 
The value is the same before and after calling `init_weights` of YOLODualNeckDetector  

backbone.stage3_2.1.blocks.0.conv2.bn.weight - torch.Size([192]): 
The value is the same before and after calling `init_weights` of YOLODualNeckDetector  

backbone.stage3_2.1.blocks.0.conv2.bn.bias - torch.Size([192]): 
The value is the same before and after calling `init_weights` of YOLODualNeckDetector  

backbone.stage3_2.1.blocks.1.conv1.conv.weight - torch.Size([192, 192, 3, 3]): 
The value is the same before and after calling `init_weights` of YOLODualNeckDetector  

backbone.stage3_2.1.blocks.1.conv1.bn.weight - torch.Size([192]): 
The value is the same before and after calling `init_weights` of YOLODualNeckDetector  

backbone.stage3_2.1.blocks.1.conv1.bn.bias - torch.Size([192]): 
The value is the same before and after calling `init_weights` of YOLODualNeckDetector  

backbone.stage3_2.1.blocks.1.conv2.conv.weight - torch.Size([192, 192, 3, 3]): 
The value is the same before and after calling `init_weights` of YOLODualNeckDetector  

backbone.stage3_2.1.blocks.1.conv2.bn.weight - torch.Size([192]): 
The value is the same before and after calling `init_weights` of YOLODualNeckDetector  

backbone.stage3_2.1.blocks.1.conv2.bn.bias - torch.Size([192]): 
The value is the same before and after calling `init_weights` of YOLODualNeckDetector  

backbone.stage3_2.1.blocks.2.conv1.conv.weight - torch.Size([192, 192, 3, 3]): 
The value is the same before and after calling `init_weights` of YOLODualNeckDetector  

backbone.stage3_2.1.blocks.2.conv1.bn.weight - torch.Size([192]): 
The value is the same before and after calling `init_weights` of YOLODualNeckDetector  

backbone.stage3_2.1.blocks.2.conv1.bn.bias - torch.Size([192]): 
The value is the same before and after calling `init_weights` of YOLODualNeckDetector  

backbone.stage3_2.1.blocks.2.conv2.conv.weight - torch.Size([192, 192, 3, 3]): 
The value is the same before and after calling `init_weights` of YOLODualNeckDetector  

backbone.stage3_2.1.blocks.2.conv2.bn.weight - torch.Size([192]): 
The value is the same before and after calling `init_weights` of YOLODualNeckDetector  

backbone.stage3_2.1.blocks.2.conv2.bn.bias - torch.Size([192]): 
The value is the same before and after calling `init_weights` of YOLODualNeckDetector  

backbone.stage3_2.1.blocks.3.conv1.conv.weight - torch.Size([192, 192, 3, 3]): 
The value is the same before and after calling `init_weights` of YOLODualNeckDetector  

backbone.stage3_2.1.blocks.3.conv1.bn.weight - torch.Size([192]): 
The value is the same before and after calling `init_weights` of YOLODualNeckDetector  

backbone.stage3_2.1.blocks.3.conv1.bn.bias - torch.Size([192]): 
The value is the same before and after calling `init_weights` of YOLODualNeckDetector  

backbone.stage3_2.1.blocks.3.conv2.conv.weight - torch.Size([192, 192, 3, 3]): 
The value is the same before and after calling `init_weights` of YOLODualNeckDetector  

backbone.stage3_2.1.blocks.3.conv2.bn.weight - torch.Size([192]): 
The value is the same before and after calling `init_weights` of YOLODualNeckDetector  

backbone.stage3_2.1.blocks.3.conv2.bn.bias - torch.Size([192]): 
The value is the same before and after calling `init_weights` of YOLODualNeckDetector  

backbone.fusion_block3.pos_embed_r - torch.Size([1, 64, 192]): 
The value is the same before and after calling `init_weights` of YOLODualNeckDetector  

backbone.fusion_block3.pos_embed_t - torch.Size([1, 64, 192]): 
The value is the same before and after calling `init_weights` of YOLODualNeckDetector  

backbone.fusion_block3.patch_embed.proj.weight - torch.Size([192, 192, 8, 10]): 
The value is the same before and after calling `init_weights` of YOLODualNeckDetector  

backbone.fusion_block3.patch_embed.proj.bias - torch.Size([192]): 
The value is the same before and after calling `init_weights` of YOLODualNeckDetector  

backbone.fusion_block3.mamba_fusion_stage.in_proj_r.weight - torch.Size([768, 192]): 
The value is the same before and after calling `init_weights` of YOLODualNeckDetector  

backbone.fusion_block3.mamba_fusion_stage.in_proj_t.weight - torch.Size([768, 192]): 
The value is the same before and after calling `init_weights` of YOLODualNeckDetector  

backbone.fusion_block3.mamba_fusion_stage.conv2d_r.0.weight - torch.Size([384, 1, 3, 3]): 
The value is the same before and after calling `init_weights` of YOLODualNeckDetector  

backbone.fusion_block3.mamba_fusion_stage.conv2d_r.0.bias - torch.Size([384]): 
The value is the same before and after calling `init_weights` of YOLODualNeckDetector  

backbone.fusion_block3.mamba_fusion_stage.conv2d_r.1.weight - torch.Size([384]): 
The value is the same before and after calling `init_weights` of YOLODualNeckDetector  

backbone.fusion_block3.mamba_fusion_stage.conv2d_r.1.bias - torch.Size([384]): 
The value is the same before and after calling `init_weights` of YOLODualNeckDetector  

backbone.fusion_block3.mamba_fusion_stage.conv2d_t.0.weight - torch.Size([384, 1, 3, 3]): 
The value is the same before and after calling `init_weights` of YOLODualNeckDetector  

backbone.fusion_block3.mamba_fusion_stage.conv2d_t.0.bias - torch.Size([384]): 
The value is the same before and after calling `init_weights` of YOLODualNeckDetector  

backbone.fusion_block3.mamba_fusion_stage.conv2d_t.1.weight - torch.Size([384]): 
The value is the same before and after calling `init_weights` of YOLODualNeckDetector  

backbone.fusion_block3.mamba_fusion_stage.conv2d_t.1.bias - torch.Size([384]): 
The value is the same before and after calling `init_weights` of YOLODualNeckDetector  

backbone.fusion_block3.mamba_fusion_stage.SSM_r_f.A_log - torch.Size([384, 64]): 
The value is the same before and after calling `init_weights` of YOLODualNeckDetector  

backbone.fusion_block3.mamba_fusion_stage.SSM_r_f.D - torch.Size([384]): 
The value is the same before and after calling `init_weights` of YOLODualNeckDetector  

backbone.fusion_block3.mamba_fusion_stage.SSM_r_f.x_proj.weight - torch.Size([152, 384]): 
The value is the same before and after calling `init_weights` of YOLODualNeckDetector  

backbone.fusion_block3.mamba_fusion_stage.SSM_r_f.dt_proj.weight - torch.Size([384, 24]): 
The value is the same before and after calling `init_weights` of YOLODualNeckDetector  

backbone.fusion_block3.mamba_fusion_stage.SSM_r_f.dt_proj.bias - torch.Size([384]): 
The value is the same before and after calling `init_weights` of YOLODualNeckDetector  

backbone.fusion_block3.mamba_fusion_stage.SSM_r_f.out_norm.weight - torch.Size([384]): 
The value is the same before and after calling `init_weights` of YOLODualNeckDetector  

backbone.fusion_block3.mamba_fusion_stage.SSM_r_f.out_norm.bias - torch.Size([384]): 
The value is the same before and after calling `init_weights` of YOLODualNeckDetector  

backbone.fusion_block3.mamba_fusion_stage.SSM_t_f.A_log - torch.Size([384, 64]): 
The value is the same before and after calling `init_weights` of YOLODualNeckDetector  

backbone.fusion_block3.mamba_fusion_stage.SSM_t_f.D - torch.Size([384]): 
The value is the same before and after calling `init_weights` of YOLODualNeckDetector  

backbone.fusion_block3.mamba_fusion_stage.SSM_t_f.x_proj.weight - torch.Size([152, 384]): 
The value is the same before and after calling `init_weights` of YOLODualNeckDetector  

backbone.fusion_block3.mamba_fusion_stage.SSM_t_f.dt_proj.weight - torch.Size([384, 24]): 
The value is the same before and after calling `init_weights` of YOLODualNeckDetector  

backbone.fusion_block3.mamba_fusion_stage.SSM_t_f.dt_proj.bias - torch.Size([384]): 
The value is the same before and after calling `init_weights` of YOLODualNeckDetector  

backbone.fusion_block3.mamba_fusion_stage.SSM_t_f.out_norm.weight - torch.Size([384]): 
The value is the same before and after calling `init_weights` of YOLODualNeckDetector  

backbone.fusion_block3.mamba_fusion_stage.SSM_t_f.out_norm.bias - torch.Size([384]): 
The value is the same before and after calling `init_weights` of YOLODualNeckDetector  

backbone.fusion_block3.mamba_fusion_stage.out_proj.weight - torch.Size([192, 384]): 
The value is the same before and after calling `init_weights` of YOLODualNeckDetector  

backbone.fusion_block3.transformer_fusion_stage.block.pos_emb_vis - torch.Size([1, 100, 192]): 
The value is the same before and after calling `init_weights` of YOLODualNeckDetector  

backbone.fusion_block3.transformer_fusion_stage.block.pos_emb_ir - torch.Size([1, 100, 192]): 
The value is the same before and after calling `init_weights` of YOLODualNeckDetector  

backbone.fusion_block3.transformer_fusion_stage.block.vis_pool_weights.w1 - torch.Size([1]): 
The value is the same before and after calling `init_weights` of YOLODualNeckDetector  

backbone.fusion_block3.transformer_fusion_stage.block.vis_pool_weights.w2 - torch.Size([1]): 
The value is the same before and after calling `init_weights` of YOLODualNeckDetector  

backbone.fusion_block3.transformer_fusion_stage.block.ir_pool_weights.w1 - torch.Size([1]): 
The value is the same before and after calling `init_weights` of YOLODualNeckDetector  

backbone.fusion_block3.transformer_fusion_stage.block.ir_pool_weights.w2 - torch.Size([1]): 
The value is the same before and after calling `init_weights` of YOLODualNeckDetector  

backbone.fusion_block3.transformer_fusion_stage.block.crosstransformer.0.ln1_vis.weight - torch.Size([192]): 
The value is the same before and after calling `init_weights` of YOLODualNeckDetector  

backbone.fusion_block3.transformer_fusion_stage.block.crosstransformer.0.ln1_vis.bias - torch.Size([192]): 
The value is the same before and after calling `init_weights` of YOLODualNeckDetector  

backbone.fusion_block3.transformer_fusion_stage.block.crosstransformer.0.ln1_ir.weight - torch.Size([192]): 
The value is the same before and after calling `init_weights` of YOLODualNeckDetector  

backbone.fusion_block3.transformer_fusion_stage.block.crosstransformer.0.ln1_ir.bias - torch.Size([192]): 
The value is the same before and after calling `init_weights` of YOLODualNeckDetector  

backbone.fusion_block3.transformer_fusion_stage.block.crosstransformer.0.que_proj_vis.weight - torch.Size([192, 192]): 
The value is the same before and after calling `init_weights` of YOLODualNeckDetector  

backbone.fusion_block3.transformer_fusion_stage.block.crosstransformer.0.que_proj_vis.bias - torch.Size([192]): 
The value is the same before and after calling `init_weights` of YOLODualNeckDetector  

backbone.fusion_block3.transformer_fusion_stage.block.crosstransformer.0.key_proj_vis.weight - torch.Size([192, 192]): 
The value is the same before and after calling `init_weights` of YOLODualNeckDetector  

backbone.fusion_block3.transformer_fusion_stage.block.crosstransformer.0.key_proj_vis.bias - torch.Size([192]): 
The value is the same before and after calling `init_weights` of YOLODualNeckDetector  

backbone.fusion_block3.transformer_fusion_stage.block.crosstransformer.0.val_proj_vis.weight - torch.Size([192, 192]): 
The value is the same before and after calling `init_weights` of YOLODualNeckDetector  

backbone.fusion_block3.transformer_fusion_stage.block.crosstransformer.0.val_proj_vis.bias - torch.Size([192]): 
The value is the same before and after calling `init_weights` of YOLODualNeckDetector  

backbone.fusion_block3.transformer_fusion_stage.block.crosstransformer.0.que_proj_ir.weight - torch.Size([192, 192]): 
The value is the same before and after calling `init_weights` of YOLODualNeckDetector  

backbone.fusion_block3.transformer_fusion_stage.block.crosstransformer.0.que_proj_ir.bias - torch.Size([192]): 
The value is the same before and after calling `init_weights` of YOLODualNeckDetector  

backbone.fusion_block3.transformer_fusion_stage.block.crosstransformer.0.key_proj_ir.weight - torch.Size([192, 192]): 
The value is the same before and after calling `init_weights` of YOLODualNeckDetector  

backbone.fusion_block3.transformer_fusion_stage.block.crosstransformer.0.key_proj_ir.bias - torch.Size([192]): 
The value is the same before and after calling `init_weights` of YOLODualNeckDetector  

backbone.fusion_block3.transformer_fusion_stage.block.crosstransformer.0.val_proj_ir.weight - torch.Size([192, 192]): 
The value is the same before and after calling `init_weights` of YOLODualNeckDetector  

backbone.fusion_block3.transformer_fusion_stage.block.crosstransformer.0.val_proj_ir.bias - torch.Size([192]): 
The value is the same before and after calling `init_weights` of YOLODualNeckDetector  

backbone.fusion_block3.transformer_fusion_stage.block.crosstransformer.0.crossatt.out_proj_vis.weight - torch.Size([192, 192]): 
The value is the same before and after calling `init_weights` of YOLODualNeckDetector  

backbone.fusion_block3.transformer_fusion_stage.block.crosstransformer.0.crossatt.out_proj_vis.bias - torch.Size([192]): 
The value is the same before and after calling `init_weights` of YOLODualNeckDetector  

backbone.fusion_block3.transformer_fusion_stage.block.crosstransformer.0.crossatt.out_proj_ir.weight - torch.Size([192, 192]): 
The value is the same before and after calling `init_weights` of YOLODualNeckDetector  

backbone.fusion_block3.transformer_fusion_stage.block.crosstransformer.0.crossatt.out_proj_ir.bias - torch.Size([192]): 
The value is the same before and after calling `init_weights` of YOLODualNeckDetector  

backbone.fusion_block3.transformer_fusion_stage.block.crosstransformer.0.ln2_vis.weight - torch.Size([192]): 
The value is the same before and after calling `init_weights` of YOLODualNeckDetector  

backbone.fusion_block3.transformer_fusion_stage.block.crosstransformer.0.ln2_vis.bias - torch.Size([192]): 
The value is the same before and after calling `init_weights` of YOLODualNeckDetector  

backbone.fusion_block3.transformer_fusion_stage.block.crosstransformer.0.ln2_ir.weight - torch.Size([192]): 
The value is the same before and after calling `init_weights` of YOLODualNeckDetector  

backbone.fusion_block3.transformer_fusion_stage.block.crosstransformer.0.ln2_ir.bias - torch.Size([192]): 
The value is the same before and after calling `init_weights` of YOLODualNeckDetector  

backbone.fusion_block3.transformer_fusion_stage.block.crosstransformer.0.mlp_vis.0.weight - torch.Size([768, 192]): 
The value is the same before and after calling `init_weights` of YOLODualNeckDetector  

backbone.fusion_block3.transformer_fusion_stage.block.crosstransformer.0.mlp_vis.0.bias - torch.Size([768]): 
The value is the same before and after calling `init_weights` of YOLODualNeckDetector  

backbone.fusion_block3.transformer_fusion_stage.block.crosstransformer.0.mlp_vis.2.weight - torch.Size([192, 768]): 
The value is the same before and after calling `init_weights` of YOLODualNeckDetector  

backbone.fusion_block3.transformer_fusion_stage.block.crosstransformer.0.mlp_vis.2.bias - torch.Size([192]): 
The value is the same before and after calling `init_weights` of YOLODualNeckDetector  

backbone.fusion_block3.transformer_fusion_stage.block.crosstransformer.0.mlp_ir.0.weight - torch.Size([768, 192]): 
The value is the same before and after calling `init_weights` of YOLODualNeckDetector  

backbone.fusion_block3.transformer_fusion_stage.block.crosstransformer.0.mlp_ir.0.bias - torch.Size([768]): 
The value is the same before and after calling `init_weights` of YOLODualNeckDetector  

backbone.fusion_block3.transformer_fusion_stage.block.crosstransformer.0.mlp_ir.2.weight - torch.Size([192, 768]): 
The value is the same before and after calling `init_weights` of YOLODualNeckDetector  

backbone.fusion_block3.transformer_fusion_stage.block.crosstransformer.0.mlp_ir.2.bias - torch.Size([192]): 
The value is the same before and after calling `init_weights` of YOLODualNeckDetector  

backbone.fusion_block3.transformer_fusion_stage.block.crosstransformer.0.coef_att_vis.bias - torch.Size([1]): 
The value is the same before and after calling `init_weights` of YOLODualNeckDetector  

backbone.fusion_block3.transformer_fusion_stage.block.crosstransformer.0.coef_mlp_vis.bias - torch.Size([1]): 
The value is the same before and after calling `init_weights` of YOLODualNeckDetector  

backbone.fusion_block3.transformer_fusion_stage.block.crosstransformer.0.coef_att_ir.bias - torch.Size([1]): 
The value is the same before and after calling `init_weights` of YOLODualNeckDetector  

backbone.fusion_block3.transformer_fusion_stage.block.crosstransformer.0.coef_mlp_ir.bias - torch.Size([1]): 
The value is the same before and after calling `init_weights` of YOLODualNeckDetector  

backbone.fusion_block3.transformer_fusion_stage.block.out_fusion_module.conv1x1_out.conv.weight - torch.Size([192, 384, 1, 1]): 
The value is the same before and after calling `init_weights` of YOLODualNeckDetector  

backbone.fusion_block3.transformer_fusion_stage.block.out_fusion_module.conv1x1_out.bn.weight - torch.Size([192]): 
The value is the same before and after calling `init_weights` of YOLODualNeckDetector  

backbone.fusion_block3.transformer_fusion_stage.block.out_fusion_module.conv1x1_out.bn.bias - torch.Size([192]): 
The value is the same before and after calling `init_weights` of YOLODualNeckDetector  

backbone.fusion_block3.transformer_fusion_stage.mw.fc1.weight - torch.Size([12, 384, 1, 1]): 
The value is the same before and after calling `init_weights` of YOLODualNeckDetector  

backbone.fusion_block3.transformer_fusion_stage.mw.fc1.bias - torch.Size([12]): 
The value is the same before and after calling `init_weights` of YOLODualNeckDetector  

backbone.fusion_block3.transformer_fusion_stage.mw.fc2.weight - torch.Size([384, 12, 1, 1]): 
The value is the same before and after calling `init_weights` of YOLODualNeckDetector  

backbone.fusion_block3.transformer_fusion_stage.mw.fc2.bias - torch.Size([384]): 
The value is the same before and after calling `init_weights` of YOLODualNeckDetector  

backbone.fusion_block3.out_fusion_module.conv1x1_out.conv.weight - torch.Size([192, 384, 1, 1]): 
The value is the same before and after calling `init_weights` of YOLODualNeckDetector  

backbone.fusion_block3.out_fusion_module.conv1x1_out.bn.weight - torch.Size([192]): 
The value is the same before and after calling `init_weights` of YOLODualNeckDetector  

backbone.fusion_block3.out_fusion_module.conv1x1_out.bn.bias - torch.Size([192]): 
The value is the same before and after calling `init_weights` of YOLODualNeckDetector  

backbone.fusion_block3.mw.fc1.weight - torch.Size([12, 384, 1, 1]): 
The value is the same before and after calling `init_weights` of YOLODualNeckDetector  

backbone.fusion_block3.mw.fc1.bias - torch.Size([12]): 
The value is the same before and after calling `init_weights` of YOLODualNeckDetector  

backbone.fusion_block3.mw.fc2.weight - torch.Size([384, 12, 1, 1]): 
The value is the same before and after calling `init_weights` of YOLODualNeckDetector  

backbone.fusion_block3.mw.fc2.bias - torch.Size([384]): 
The value is the same before and after calling `init_weights` of YOLODualNeckDetector  

backbone.stage4_1.0.conv.weight - torch.Size([768, 384, 3, 3]): 
The value is the same before and after calling `init_weights` of YOLODualNeckDetector  

backbone.stage4_1.0.bn.weight - torch.Size([768]): 
The value is the same before and after calling `init_weights` of YOLODualNeckDetector  

backbone.stage4_1.0.bn.bias - torch.Size([768]): 
The value is the same before and after calling `init_weights` of YOLODualNeckDetector  

backbone.stage4_1.1.main_conv.conv.weight - torch.Size([768, 768, 1, 1]): 
The value is the same before and after calling `init_weights` of YOLODualNeckDetector  

backbone.stage4_1.1.main_conv.bn.weight - torch.Size([768]): 
The value is the same before and after calling `init_weights` of YOLODualNeckDetector  

backbone.stage4_1.1.main_conv.bn.bias - torch.Size([768]): 
The value is the same before and after calling `init_weights` of YOLODualNeckDetector  

backbone.stage4_1.1.final_conv.conv.weight - torch.Size([768, 1536, 1, 1]): 
The value is the same before and after calling `init_weights` of YOLODualNeckDetector  

backbone.stage4_1.1.final_conv.bn.weight - torch.Size([768]): 
The value is the same before and after calling `init_weights` of YOLODualNeckDetector  

backbone.stage4_1.1.final_conv.bn.bias - torch.Size([768]): 
The value is the same before and after calling `init_weights` of YOLODualNeckDetector  

backbone.stage4_1.1.blocks.0.conv1.conv.weight - torch.Size([384, 384, 3, 3]): 
The value is the same before and after calling `init_weights` of YOLODualNeckDetector  

backbone.stage4_1.1.blocks.0.conv1.bn.weight - torch.Size([384]): 
The value is the same before and after calling `init_weights` of YOLODualNeckDetector  

backbone.stage4_1.1.blocks.0.conv1.bn.bias - torch.Size([384]): 
The value is the same before and after calling `init_weights` of YOLODualNeckDetector  

backbone.stage4_1.1.blocks.0.conv2.conv.weight - torch.Size([384, 384, 3, 3]): 
The value is the same before and after calling `init_weights` of YOLODualNeckDetector  

backbone.stage4_1.1.blocks.0.conv2.bn.weight - torch.Size([384]): 
The value is the same before and after calling `init_weights` of YOLODualNeckDetector  

backbone.stage4_1.1.blocks.0.conv2.bn.bias - torch.Size([384]): 
The value is the same before and after calling `init_weights` of YOLODualNeckDetector  

backbone.stage4_1.1.blocks.1.conv1.conv.weight - torch.Size([384, 384, 3, 3]): 
The value is the same before and after calling `init_weights` of YOLODualNeckDetector  

backbone.stage4_1.1.blocks.1.conv1.bn.weight - torch.Size([384]): 
The value is the same before and after calling `init_weights` of YOLODualNeckDetector  

backbone.stage4_1.1.blocks.1.conv1.bn.bias - torch.Size([384]): 
The value is the same before and after calling `init_weights` of YOLODualNeckDetector  

backbone.stage4_1.1.blocks.1.conv2.conv.weight - torch.Size([384, 384, 3, 3]): 
The value is the same before and after calling `init_weights` of YOLODualNeckDetector  

backbone.stage4_1.1.blocks.1.conv2.bn.weight - torch.Size([384]): 
The value is the same before and after calling `init_weights` of YOLODualNeckDetector  

backbone.stage4_1.1.blocks.1.conv2.bn.bias - torch.Size([384]): 
The value is the same before and after calling `init_weights` of YOLODualNeckDetector  

backbone.stage4_1.2.conv1.conv.weight - torch.Size([384, 768, 1, 1]): 
The value is the same before and after calling `init_weights` of YOLODualNeckDetector  

backbone.stage4_1.2.conv1.bn.weight - torch.Size([384]): 
The value is the same before and after calling `init_weights` of YOLODualNeckDetector  

backbone.stage4_1.2.conv1.bn.bias - torch.Size([384]): 
The value is the same before and after calling `init_weights` of YOLODualNeckDetector  

backbone.stage4_1.2.conv2.conv.weight - torch.Size([768, 1536, 1, 1]): 
The value is the same before and after calling `init_weights` of YOLODualNeckDetector  

backbone.stage4_1.2.conv2.bn.weight - torch.Size([768]): 
The value is the same before and after calling `init_weights` of YOLODualNeckDetector  

backbone.stage4_1.2.conv2.bn.bias - torch.Size([768]): 
The value is the same before and after calling `init_weights` of YOLODualNeckDetector  

backbone.stage4_2.0.conv.weight - torch.Size([768, 384, 3, 3]): 
The value is the same before and after calling `init_weights` of YOLODualNeckDetector  

backbone.stage4_2.0.bn.weight - torch.Size([768]): 
The value is the same before and after calling `init_weights` of YOLODualNeckDetector  

backbone.stage4_2.0.bn.bias - torch.Size([768]): 
The value is the same before and after calling `init_weights` of YOLODualNeckDetector  

backbone.stage4_2.1.main_conv.conv.weight - torch.Size([768, 768, 1, 1]): 
The value is the same before and after calling `init_weights` of YOLODualNeckDetector  

backbone.stage4_2.1.main_conv.bn.weight - torch.Size([768]): 
The value is the same before and after calling `init_weights` of YOLODualNeckDetector  

backbone.stage4_2.1.main_conv.bn.bias - torch.Size([768]): 
The value is the same before and after calling `init_weights` of YOLODualNeckDetector  

backbone.stage4_2.1.final_conv.conv.weight - torch.Size([768, 1536, 1, 1]): 
The value is the same before and after calling `init_weights` of YOLODualNeckDetector  

backbone.stage4_2.1.final_conv.bn.weight - torch.Size([768]): 
The value is the same before and after calling `init_weights` of YOLODualNeckDetector  

backbone.stage4_2.1.final_conv.bn.bias - torch.Size([768]): 
The value is the same before and after calling `init_weights` of YOLODualNeckDetector  

backbone.stage4_2.1.blocks.0.conv1.conv.weight - torch.Size([384, 384, 3, 3]): 
The value is the same before and after calling `init_weights` of YOLODualNeckDetector  

backbone.stage4_2.1.blocks.0.conv1.bn.weight - torch.Size([384]): 
The value is the same before and after calling `init_weights` of YOLODualNeckDetector  

backbone.stage4_2.1.blocks.0.conv1.bn.bias - torch.Size([384]): 
The value is the same before and after calling `init_weights` of YOLODualNeckDetector  

backbone.stage4_2.1.blocks.0.conv2.conv.weight - torch.Size([384, 384, 3, 3]): 
The value is the same before and after calling `init_weights` of YOLODualNeckDetector  

backbone.stage4_2.1.blocks.0.conv2.bn.weight - torch.Size([384]): 
The value is the same before and after calling `init_weights` of YOLODualNeckDetector  

backbone.stage4_2.1.blocks.0.conv2.bn.bias - torch.Size([384]): 
The value is the same before and after calling `init_weights` of YOLODualNeckDetector  

backbone.stage4_2.1.blocks.1.conv1.conv.weight - torch.Size([384, 384, 3, 3]): 
The value is the same before and after calling `init_weights` of YOLODualNeckDetector  

backbone.stage4_2.1.blocks.1.conv1.bn.weight - torch.Size([384]): 
The value is the same before and after calling `init_weights` of YOLODualNeckDetector  

backbone.stage4_2.1.blocks.1.conv1.bn.bias - torch.Size([384]): 
The value is the same before and after calling `init_weights` of YOLODualNeckDetector  

backbone.stage4_2.1.blocks.1.conv2.conv.weight - torch.Size([384, 384, 3, 3]): 
The value is the same before and after calling `init_weights` of YOLODualNeckDetector  

backbone.stage4_2.1.blocks.1.conv2.bn.weight - torch.Size([384]): 
The value is the same before and after calling `init_weights` of YOLODualNeckDetector  

backbone.stage4_2.1.blocks.1.conv2.bn.bias - torch.Size([384]): 
The value is the same before and after calling `init_weights` of YOLODualNeckDetector  

backbone.stage4_2.2.conv1.conv.weight - torch.Size([384, 768, 1, 1]): 
The value is the same before and after calling `init_weights` of YOLODualNeckDetector  

backbone.stage4_2.2.conv1.bn.weight - torch.Size([384]): 
The value is the same before and after calling `init_weights` of YOLODualNeckDetector  

backbone.stage4_2.2.conv1.bn.bias - torch.Size([384]): 
The value is the same before and after calling `init_weights` of YOLODualNeckDetector  

backbone.stage4_2.2.conv2.conv.weight - torch.Size([768, 1536, 1, 1]): 
The value is the same before and after calling `init_weights` of YOLODualNeckDetector  

backbone.stage4_2.2.conv2.bn.weight - torch.Size([768]): 
The value is the same before and after calling `init_weights` of YOLODualNeckDetector  

backbone.stage4_2.2.conv2.bn.bias - torch.Size([768]): 
The value is the same before and after calling `init_weights` of YOLODualNeckDetector  

backbone.fusion_block4.pos_embed_r - torch.Size([1, 64, 384]): 
The value is the same before and after calling `init_weights` of YOLODualNeckDetector  

backbone.fusion_block4.pos_embed_t - torch.Size([1, 64, 384]): 
The value is the same before and after calling `init_weights` of YOLODualNeckDetector  

backbone.fusion_block4.patch_embed.proj.weight - torch.Size([384, 384, 4, 5]): 
The value is the same before and after calling `init_weights` of YOLODualNeckDetector  

backbone.fusion_block4.patch_embed.proj.bias - torch.Size([384]): 
The value is the same before and after calling `init_weights` of YOLODualNeckDetector  

backbone.fusion_block4.mamba_fusion_stage.in_proj_r.weight - torch.Size([1536, 384]): 
The value is the same before and after calling `init_weights` of YOLODualNeckDetector  

backbone.fusion_block4.mamba_fusion_stage.in_proj_t.weight - torch.Size([1536, 384]): 
The value is the same before and after calling `init_weights` of YOLODualNeckDetector  

backbone.fusion_block4.mamba_fusion_stage.conv2d_r.0.weight - torch.Size([768, 1, 3, 3]): 
The value is the same before and after calling `init_weights` of YOLODualNeckDetector  

backbone.fusion_block4.mamba_fusion_stage.conv2d_r.0.bias - torch.Size([768]): 
The value is the same before and after calling `init_weights` of YOLODualNeckDetector  

backbone.fusion_block4.mamba_fusion_stage.conv2d_r.1.weight - torch.Size([768]): 
The value is the same before and after calling `init_weights` of YOLODualNeckDetector  

backbone.fusion_block4.mamba_fusion_stage.conv2d_r.1.bias - torch.Size([768]): 
The value is the same before and after calling `init_weights` of YOLODualNeckDetector  

backbone.fusion_block4.mamba_fusion_stage.conv2d_t.0.weight - torch.Size([768, 1, 3, 3]): 
The value is the same before and after calling `init_weights` of YOLODualNeckDetector  

backbone.fusion_block4.mamba_fusion_stage.conv2d_t.0.bias - torch.Size([768]): 
The value is the same before and after calling `init_weights` of YOLODualNeckDetector  

backbone.fusion_block4.mamba_fusion_stage.conv2d_t.1.weight - torch.Size([768]): 
The value is the same before and after calling `init_weights` of YOLODualNeckDetector  

backbone.fusion_block4.mamba_fusion_stage.conv2d_t.1.bias - torch.Size([768]): 
The value is the same before and after calling `init_weights` of YOLODualNeckDetector  

backbone.fusion_block4.mamba_fusion_stage.SSM_r_f.A_log - torch.Size([768, 128]): 
The value is the same before and after calling `init_weights` of YOLODualNeckDetector  

backbone.fusion_block4.mamba_fusion_stage.SSM_r_f.D - torch.Size([768]): 
The value is the same before and after calling `init_weights` of YOLODualNeckDetector  

backbone.fusion_block4.mamba_fusion_stage.SSM_r_f.x_proj.weight - torch.Size([304, 768]): 
The value is the same before and after calling `init_weights` of YOLODualNeckDetector  

backbone.fusion_block4.mamba_fusion_stage.SSM_r_f.dt_proj.weight - torch.Size([768, 48]): 
The value is the same before and after calling `init_weights` of YOLODualNeckDetector  

backbone.fusion_block4.mamba_fusion_stage.SSM_r_f.dt_proj.bias - torch.Size([768]): 
The value is the same before and after calling `init_weights` of YOLODualNeckDetector  

backbone.fusion_block4.mamba_fusion_stage.SSM_r_f.out_norm.weight - torch.Size([768]): 
The value is the same before and after calling `init_weights` of YOLODualNeckDetector  

backbone.fusion_block4.mamba_fusion_stage.SSM_r_f.out_norm.bias - torch.Size([768]): 
The value is the same before and after calling `init_weights` of YOLODualNeckDetector  

backbone.fusion_block4.mamba_fusion_stage.SSM_t_f.A_log - torch.Size([768, 128]): 
The value is the same before and after calling `init_weights` of YOLODualNeckDetector  

backbone.fusion_block4.mamba_fusion_stage.SSM_t_f.D - torch.Size([768]): 
The value is the same before and after calling `init_weights` of YOLODualNeckDetector  

backbone.fusion_block4.mamba_fusion_stage.SSM_t_f.x_proj.weight - torch.Size([304, 768]): 
The value is the same before and after calling `init_weights` of YOLODualNeckDetector  

backbone.fusion_block4.mamba_fusion_stage.SSM_t_f.dt_proj.weight - torch.Size([768, 48]): 
The value is the same before and after calling `init_weights` of YOLODualNeckDetector  

backbone.fusion_block4.mamba_fusion_stage.SSM_t_f.dt_proj.bias - torch.Size([768]): 
The value is the same before and after calling `init_weights` of YOLODualNeckDetector  

backbone.fusion_block4.mamba_fusion_stage.SSM_t_f.out_norm.weight - torch.Size([768]): 
The value is the same before and after calling `init_weights` of YOLODualNeckDetector  

backbone.fusion_block4.mamba_fusion_stage.SSM_t_f.out_norm.bias - torch.Size([768]): 
The value is the same before and after calling `init_weights` of YOLODualNeckDetector  

backbone.fusion_block4.mamba_fusion_stage.out_proj.weight - torch.Size([384, 768]): 
The value is the same before and after calling `init_weights` of YOLODualNeckDetector  

backbone.fusion_block4.transformer_fusion_stage.block.pos_emb_vis - torch.Size([1, 64, 384]): 
The value is the same before and after calling `init_weights` of YOLODualNeckDetector  

backbone.fusion_block4.transformer_fusion_stage.block.pos_emb_ir - torch.Size([1, 64, 384]): 
The value is the same before and after calling `init_weights` of YOLODualNeckDetector  

backbone.fusion_block4.transformer_fusion_stage.block.vis_pool_weights.w1 - torch.Size([1]): 
The value is the same before and after calling `init_weights` of YOLODualNeckDetector  

backbone.fusion_block4.transformer_fusion_stage.block.vis_pool_weights.w2 - torch.Size([1]): 
The value is the same before and after calling `init_weights` of YOLODualNeckDetector  

backbone.fusion_block4.transformer_fusion_stage.block.ir_pool_weights.w1 - torch.Size([1]): 
The value is the same before and after calling `init_weights` of YOLODualNeckDetector  

backbone.fusion_block4.transformer_fusion_stage.block.ir_pool_weights.w2 - torch.Size([1]): 
The value is the same before and after calling `init_weights` of YOLODualNeckDetector  

backbone.fusion_block4.transformer_fusion_stage.block.crosstransformer.0.ln1_vis.weight - torch.Size([384]): 
The value is the same before and after calling `init_weights` of YOLODualNeckDetector  

backbone.fusion_block4.transformer_fusion_stage.block.crosstransformer.0.ln1_vis.bias - torch.Size([384]): 
The value is the same before and after calling `init_weights` of YOLODualNeckDetector  

backbone.fusion_block4.transformer_fusion_stage.block.crosstransformer.0.ln1_ir.weight - torch.Size([384]): 
The value is the same before and after calling `init_weights` of YOLODualNeckDetector  

backbone.fusion_block4.transformer_fusion_stage.block.crosstransformer.0.ln1_ir.bias - torch.Size([384]): 
The value is the same before and after calling `init_weights` of YOLODualNeckDetector  

backbone.fusion_block4.transformer_fusion_stage.block.crosstransformer.0.que_proj_vis.weight - torch.Size([384, 384]): 
The value is the same before and after calling `init_weights` of YOLODualNeckDetector  

backbone.fusion_block4.transformer_fusion_stage.block.crosstransformer.0.que_proj_vis.bias - torch.Size([384]): 
The value is the same before and after calling `init_weights` of YOLODualNeckDetector  

backbone.fusion_block4.transformer_fusion_stage.block.crosstransformer.0.key_proj_vis.weight - torch.Size([384, 384]): 
The value is the same before and after calling `init_weights` of YOLODualNeckDetector  

backbone.fusion_block4.transformer_fusion_stage.block.crosstransformer.0.key_proj_vis.bias - torch.Size([384]): 
The value is the same before and after calling `init_weights` of YOLODualNeckDetector  

backbone.fusion_block4.transformer_fusion_stage.block.crosstransformer.0.val_proj_vis.weight - torch.Size([384, 384]): 
The value is the same before and after calling `init_weights` of YOLODualNeckDetector  

backbone.fusion_block4.transformer_fusion_stage.block.crosstransformer.0.val_proj_vis.bias - torch.Size([384]): 
The value is the same before and after calling `init_weights` of YOLODualNeckDetector  

backbone.fusion_block4.transformer_fusion_stage.block.crosstransformer.0.que_proj_ir.weight - torch.Size([384, 384]): 
The value is the same before and after calling `init_weights` of YOLODualNeckDetector  

backbone.fusion_block4.transformer_fusion_stage.block.crosstransformer.0.que_proj_ir.bias - torch.Size([384]): 
The value is the same before and after calling `init_weights` of YOLODualNeckDetector  

backbone.fusion_block4.transformer_fusion_stage.block.crosstransformer.0.key_proj_ir.weight - torch.Size([384, 384]): 
The value is the same before and after calling `init_weights` of YOLODualNeckDetector  

backbone.fusion_block4.transformer_fusion_stage.block.crosstransformer.0.key_proj_ir.bias - torch.Size([384]): 
The value is the same before and after calling `init_weights` of YOLODualNeckDetector  

backbone.fusion_block4.transformer_fusion_stage.block.crosstransformer.0.val_proj_ir.weight - torch.Size([384, 384]): 
The value is the same before and after calling `init_weights` of YOLODualNeckDetector  

backbone.fusion_block4.transformer_fusion_stage.block.crosstransformer.0.val_proj_ir.bias - torch.Size([384]): 
The value is the same before and after calling `init_weights` of YOLODualNeckDetector  

backbone.fusion_block4.transformer_fusion_stage.block.crosstransformer.0.crossatt.out_proj_vis.weight - torch.Size([384, 384]): 
The value is the same before and after calling `init_weights` of YOLODualNeckDetector  

backbone.fusion_block4.transformer_fusion_stage.block.crosstransformer.0.crossatt.out_proj_vis.bias - torch.Size([384]): 
The value is the same before and after calling `init_weights` of YOLODualNeckDetector  

backbone.fusion_block4.transformer_fusion_stage.block.crosstransformer.0.crossatt.out_proj_ir.weight - torch.Size([384, 384]): 
The value is the same before and after calling `init_weights` of YOLODualNeckDetector  

backbone.fusion_block4.transformer_fusion_stage.block.crosstransformer.0.crossatt.out_proj_ir.bias - torch.Size([384]): 
The value is the same before and after calling `init_weights` of YOLODualNeckDetector  

backbone.fusion_block4.transformer_fusion_stage.block.crosstransformer.0.ln2_vis.weight - torch.Size([384]): 
The value is the same before and after calling `init_weights` of YOLODualNeckDetector  

backbone.fusion_block4.transformer_fusion_stage.block.crosstransformer.0.ln2_vis.bias - torch.Size([384]): 
The value is the same before and after calling `init_weights` of YOLODualNeckDetector  

backbone.fusion_block4.transformer_fusion_stage.block.crosstransformer.0.ln2_ir.weight - torch.Size([384]): 
The value is the same before and after calling `init_weights` of YOLODualNeckDetector  

backbone.fusion_block4.transformer_fusion_stage.block.crosstransformer.0.ln2_ir.bias - torch.Size([384]): 
The value is the same before and after calling `init_weights` of YOLODualNeckDetector  

backbone.fusion_block4.transformer_fusion_stage.block.crosstransformer.0.mlp_vis.0.weight - torch.Size([1536, 384]): 
The value is the same before and after calling `init_weights` of YOLODualNeckDetector  

backbone.fusion_block4.transformer_fusion_stage.block.crosstransformer.0.mlp_vis.0.bias - torch.Size([1536]): 
The value is the same before and after calling `init_weights` of YOLODualNeckDetector  

backbone.fusion_block4.transformer_fusion_stage.block.crosstransformer.0.mlp_vis.2.weight - torch.Size([384, 1536]): 
The value is the same before and after calling `init_weights` of YOLODualNeckDetector  

backbone.fusion_block4.transformer_fusion_stage.block.crosstransformer.0.mlp_vis.2.bias - torch.Size([384]): 
The value is the same before and after calling `init_weights` of YOLODualNeckDetector  

backbone.fusion_block4.transformer_fusion_stage.block.crosstransformer.0.mlp_ir.0.weight - torch.Size([1536, 384]): 
The value is the same before and after calling `init_weights` of YOLODualNeckDetector  

backbone.fusion_block4.transformer_fusion_stage.block.crosstransformer.0.mlp_ir.0.bias - torch.Size([1536]): 
The value is the same before and after calling `init_weights` of YOLODualNeckDetector  

backbone.fusion_block4.transformer_fusion_stage.block.crosstransformer.0.mlp_ir.2.weight - torch.Size([384, 1536]): 
The value is the same before and after calling `init_weights` of YOLODualNeckDetector  

backbone.fusion_block4.transformer_fusion_stage.block.crosstransformer.0.mlp_ir.2.bias - torch.Size([384]): 
The value is the same before and after calling `init_weights` of YOLODualNeckDetector  

backbone.fusion_block4.transformer_fusion_stage.block.crosstransformer.0.coef_att_vis.bias - torch.Size([1]): 
The value is the same before and after calling `init_weights` of YOLODualNeckDetector  

backbone.fusion_block4.transformer_fusion_stage.block.crosstransformer.0.coef_mlp_vis.bias - torch.Size([1]): 
The value is the same before and after calling `init_weights` of YOLODualNeckDetector  

backbone.fusion_block4.transformer_fusion_stage.block.crosstransformer.0.coef_att_ir.bias - torch.Size([1]): 
The value is the same before and after calling `init_weights` of YOLODualNeckDetector  

backbone.fusion_block4.transformer_fusion_stage.block.crosstransformer.0.coef_mlp_ir.bias - torch.Size([1]): 
The value is the same before and after calling `init_weights` of YOLODualNeckDetector  

backbone.fusion_block4.transformer_fusion_stage.block.out_fusion_module.conv1x1_out.conv.weight - torch.Size([384, 768, 1, 1]): 
The value is the same before and after calling `init_weights` of YOLODualNeckDetector  

backbone.fusion_block4.transformer_fusion_stage.block.out_fusion_module.conv1x1_out.bn.weight - torch.Size([384]): 
The value is the same before and after calling `init_weights` of YOLODualNeckDetector  

backbone.fusion_block4.transformer_fusion_stage.block.out_fusion_module.conv1x1_out.bn.bias - torch.Size([384]): 
The value is the same before and after calling `init_weights` of YOLODualNeckDetector  

backbone.fusion_block4.transformer_fusion_stage.mw.fc1.weight - torch.Size([24, 768, 1, 1]): 
The value is the same before and after calling `init_weights` of YOLODualNeckDetector  

backbone.fusion_block4.transformer_fusion_stage.mw.fc1.bias - torch.Size([24]): 
The value is the same before and after calling `init_weights` of YOLODualNeckDetector  

backbone.fusion_block4.transformer_fusion_stage.mw.fc2.weight - torch.Size([768, 24, 1, 1]): 
The value is the same before and after calling `init_weights` of YOLODualNeckDetector  

backbone.fusion_block4.transformer_fusion_stage.mw.fc2.bias - torch.Size([768]): 
The value is the same before and after calling `init_weights` of YOLODualNeckDetector  

backbone.fusion_block4.out_fusion_module.conv1x1_out.conv.weight - torch.Size([384, 768, 1, 1]): 
The value is the same before and after calling `init_weights` of YOLODualNeckDetector  

backbone.fusion_block4.out_fusion_module.conv1x1_out.bn.weight - torch.Size([384]): 
The value is the same before and after calling `init_weights` of YOLODualNeckDetector  

backbone.fusion_block4.out_fusion_module.conv1x1_out.bn.bias - torch.Size([384]): 
The value is the same before and after calling `init_weights` of YOLODualNeckDetector  

backbone.fusion_block4.mw.fc1.weight - torch.Size([24, 768, 1, 1]): 
The value is the same before and after calling `init_weights` of YOLODualNeckDetector  

backbone.fusion_block4.mw.fc1.bias - torch.Size([24]): 
The value is the same before and after calling `init_weights` of YOLODualNeckDetector  

backbone.fusion_block4.mw.fc2.weight - torch.Size([768, 24, 1, 1]): 
The value is the same before and after calling `init_weights` of YOLODualNeckDetector  

backbone.fusion_block4.mw.fc2.bias - torch.Size([768]): 
The value is the same before and after calling `init_weights` of YOLODualNeckDetector  

neck.top_down_layers.0.main_conv.conv.weight - torch.Size([384, 1152, 1, 1]): 
Initialized by user-defined `init_weights` in YOLOv8PAFPN  

neck.top_down_layers.0.main_conv.bn.weight - torch.Size([384]): 
The value is the same before and after calling `init_weights` of YOLODualNeckDetector  

neck.top_down_layers.0.main_conv.bn.bias - torch.Size([384]): 
The value is the same before and after calling `init_weights` of YOLODualNeckDetector  

neck.top_down_layers.0.final_conv.conv.weight - torch.Size([384, 768, 1, 1]): 
Initialized by user-defined `init_weights` in YOLOv8PAFPN  

neck.top_down_layers.0.final_conv.bn.weight - torch.Size([384]): 
The value is the same before and after calling `init_weights` of YOLODualNeckDetector  

neck.top_down_layers.0.final_conv.bn.bias - torch.Size([384]): 
The value is the same before and after calling `init_weights` of YOLODualNeckDetector  

neck.top_down_layers.0.blocks.0.conv1.conv.weight - torch.Size([192, 192, 3, 3]): 
Initialized by user-defined `init_weights` in YOLOv8PAFPN  

neck.top_down_layers.0.blocks.0.conv1.bn.weight - torch.Size([192]): 
The value is the same before and after calling `init_weights` of YOLODualNeckDetector  

neck.top_down_layers.0.blocks.0.conv1.bn.bias - torch.Size([192]): 
The value is the same before and after calling `init_weights` of YOLODualNeckDetector  

neck.top_down_layers.0.blocks.0.conv2.conv.weight - torch.Size([192, 192, 3, 3]): 
Initialized by user-defined `init_weights` in YOLOv8PAFPN  

neck.top_down_layers.0.blocks.0.conv2.bn.weight - torch.Size([192]): 
The value is the same before and after calling `init_weights` of YOLODualNeckDetector  

neck.top_down_layers.0.blocks.0.conv2.bn.bias - torch.Size([192]): 
The value is the same before and after calling `init_weights` of YOLODualNeckDetector  

neck.top_down_layers.0.blocks.1.conv1.conv.weight - torch.Size([192, 192, 3, 3]): 
Initialized by user-defined `init_weights` in YOLOv8PAFPN  

neck.top_down_layers.0.blocks.1.conv1.bn.weight - torch.Size([192]): 
The value is the same before and after calling `init_weights` of YOLODualNeckDetector  

neck.top_down_layers.0.blocks.1.conv1.bn.bias - torch.Size([192]): 
The value is the same before and after calling `init_weights` of YOLODualNeckDetector  

neck.top_down_layers.0.blocks.1.conv2.conv.weight - torch.Size([192, 192, 3, 3]): 
Initialized by user-defined `init_weights` in YOLOv8PAFPN  

neck.top_down_layers.0.blocks.1.conv2.bn.weight - torch.Size([192]): 
The value is the same before and after calling `init_weights` of YOLODualNeckDetector  

neck.top_down_layers.0.blocks.1.conv2.bn.bias - torch.Size([192]): 
The value is the same before and after calling `init_weights` of YOLODualNeckDetector  

neck.top_down_layers.1.main_conv.conv.weight - torch.Size([192, 576, 1, 1]): 
Initialized by user-defined `init_weights` in YOLOv8PAFPN  

neck.top_down_layers.1.main_conv.bn.weight - torch.Size([192]): 
The value is the same before and after calling `init_weights` of YOLODualNeckDetector  

neck.top_down_layers.1.main_conv.bn.bias - torch.Size([192]): 
The value is the same before and after calling `init_weights` of YOLODualNeckDetector  

neck.top_down_layers.1.final_conv.conv.weight - torch.Size([192, 384, 1, 1]): 
Initialized by user-defined `init_weights` in YOLOv8PAFPN  

neck.top_down_layers.1.final_conv.bn.weight - torch.Size([192]): 
The value is the same before and after calling `init_weights` of YOLODualNeckDetector  

neck.top_down_layers.1.final_conv.bn.bias - torch.Size([192]): 
The value is the same before and after calling `init_weights` of YOLODualNeckDetector  

neck.top_down_layers.1.blocks.0.conv1.conv.weight - torch.Size([96, 96, 3, 3]): 
Initialized by user-defined `init_weights` in YOLOv8PAFPN  

neck.top_down_layers.1.blocks.0.conv1.bn.weight - torch.Size([96]): 
The value is the same before and after calling `init_weights` of YOLODualNeckDetector  

neck.top_down_layers.1.blocks.0.conv1.bn.bias - torch.Size([96]): 
The value is the same before and after calling `init_weights` of YOLODualNeckDetector  

neck.top_down_layers.1.blocks.0.conv2.conv.weight - torch.Size([96, 96, 3, 3]): 
Initialized by user-defined `init_weights` in YOLOv8PAFPN  

neck.top_down_layers.1.blocks.0.conv2.bn.weight - torch.Size([96]): 
The value is the same before and after calling `init_weights` of YOLODualNeckDetector  

neck.top_down_layers.1.blocks.0.conv2.bn.bias - torch.Size([96]): 
The value is the same before and after calling `init_weights` of YOLODualNeckDetector  

neck.top_down_layers.1.blocks.1.conv1.conv.weight - torch.Size([96, 96, 3, 3]): 
Initialized by user-defined `init_weights` in YOLOv8PAFPN  

neck.top_down_layers.1.blocks.1.conv1.bn.weight - torch.Size([96]): 
The value is the same before and after calling `init_weights` of YOLODualNeckDetector  

neck.top_down_layers.1.blocks.1.conv1.bn.bias - torch.Size([96]): 
The value is the same before and after calling `init_weights` of YOLODualNeckDetector  

neck.top_down_layers.1.blocks.1.conv2.conv.weight - torch.Size([96, 96, 3, 3]): 
Initialized by user-defined `init_weights` in YOLOv8PAFPN  

neck.top_down_layers.1.blocks.1.conv2.bn.weight - torch.Size([96]): 
The value is the same before and after calling `init_weights` of YOLODualNeckDetector  

neck.top_down_layers.1.blocks.1.conv2.bn.bias - torch.Size([96]): 
The value is the same before and after calling `init_weights` of YOLODualNeckDetector  

neck.downsample_layers.0.conv.weight - torch.Size([192, 192, 3, 3]): 
Initialized by user-defined `init_weights` in YOLOv8PAFPN  

neck.downsample_layers.0.bn.weight - torch.Size([192]): 
The value is the same before and after calling `init_weights` of YOLODualNeckDetector  

neck.downsample_layers.0.bn.bias - torch.Size([192]): 
The value is the same before and after calling `init_weights` of YOLODualNeckDetector  

neck.downsample_layers.1.conv.weight - torch.Size([384, 384, 3, 3]): 
Initialized by user-defined `init_weights` in YOLOv8PAFPN  

neck.downsample_layers.1.bn.weight - torch.Size([384]): 
The value is the same before and after calling `init_weights` of YOLODualNeckDetector  

neck.downsample_layers.1.bn.bias - torch.Size([384]): 
The value is the same before and after calling `init_weights` of YOLODualNeckDetector  

neck.bottom_up_layers.0.main_conv.conv.weight - torch.Size([384, 576, 1, 1]): 
Initialized by user-defined `init_weights` in YOLOv8PAFPN  

neck.bottom_up_layers.0.main_conv.bn.weight - torch.Size([384]): 
The value is the same before and after calling `init_weights` of YOLODualNeckDetector  

neck.bottom_up_layers.0.main_conv.bn.bias - torch.Size([384]): 
The value is the same before and after calling `init_weights` of YOLODualNeckDetector  

neck.bottom_up_layers.0.final_conv.conv.weight - torch.Size([384, 768, 1, 1]): 
Initialized by user-defined `init_weights` in YOLOv8PAFPN  

neck.bottom_up_layers.0.final_conv.bn.weight - torch.Size([384]): 
The value is the same before and after calling `init_weights` of YOLODualNeckDetector  

neck.bottom_up_layers.0.final_conv.bn.bias - torch.Size([384]): 
The value is the same before and after calling `init_weights` of YOLODualNeckDetector  

neck.bottom_up_layers.0.blocks.0.conv1.conv.weight - torch.Size([192, 192, 3, 3]): 
Initialized by user-defined `init_weights` in YOLOv8PAFPN  

neck.bottom_up_layers.0.blocks.0.conv1.bn.weight - torch.Size([192]): 
The value is the same before and after calling `init_weights` of YOLODualNeckDetector  

neck.bottom_up_layers.0.blocks.0.conv1.bn.bias - torch.Size([192]): 
The value is the same before and after calling `init_weights` of YOLODualNeckDetector  

neck.bottom_up_layers.0.blocks.0.conv2.conv.weight - torch.Size([192, 192, 3, 3]): 
Initialized by user-defined `init_weights` in YOLOv8PAFPN  

neck.bottom_up_layers.0.blocks.0.conv2.bn.weight - torch.Size([192]): 
The value is the same before and after calling `init_weights` of YOLODualNeckDetector  

neck.bottom_up_layers.0.blocks.0.conv2.bn.bias - torch.Size([192]): 
The value is the same before and after calling `init_weights` of YOLODualNeckDetector  

neck.bottom_up_layers.0.blocks.1.conv1.conv.weight - torch.Size([192, 192, 3, 3]): 
Initialized by user-defined `init_weights` in YOLOv8PAFPN  

neck.bottom_up_layers.0.blocks.1.conv1.bn.weight - torch.Size([192]): 
The value is the same before and after calling `init_weights` of YOLODualNeckDetector  

neck.bottom_up_layers.0.blocks.1.conv1.bn.bias - torch.Size([192]): 
The value is the same before and after calling `init_weights` of YOLODualNeckDetector  

neck.bottom_up_layers.0.blocks.1.conv2.conv.weight - torch.Size([192, 192, 3, 3]): 
Initialized by user-defined `init_weights` in YOLOv8PAFPN  

neck.bottom_up_layers.0.blocks.1.conv2.bn.weight - torch.Size([192]): 
The value is the same before and after calling `init_weights` of YOLODualNeckDetector  

neck.bottom_up_layers.0.blocks.1.conv2.bn.bias - torch.Size([192]): 
The value is the same before and after calling `init_weights` of YOLODualNeckDetector  

neck.bottom_up_layers.1.main_conv.conv.weight - torch.Size([768, 1152, 1, 1]): 
Initialized by user-defined `init_weights` in YOLOv8PAFPN  

neck.bottom_up_layers.1.main_conv.bn.weight - torch.Size([768]): 
The value is the same before and after calling `init_weights` of YOLODualNeckDetector  

neck.bottom_up_layers.1.main_conv.bn.bias - torch.Size([768]): 
The value is the same before and after calling `init_weights` of YOLODualNeckDetector  

neck.bottom_up_layers.1.final_conv.conv.weight - torch.Size([768, 1536, 1, 1]): 
Initialized by user-defined `init_weights` in YOLOv8PAFPN  

neck.bottom_up_layers.1.final_conv.bn.weight - torch.Size([768]): 
The value is the same before and after calling `init_weights` of YOLODualNeckDetector  

neck.bottom_up_layers.1.final_conv.bn.bias - torch.Size([768]): 
The value is the same before and after calling `init_weights` of YOLODualNeckDetector  

neck.bottom_up_layers.1.blocks.0.conv1.conv.weight - torch.Size([384, 384, 3, 3]): 
Initialized by user-defined `init_weights` in YOLOv8PAFPN  

neck.bottom_up_layers.1.blocks.0.conv1.bn.weight - torch.Size([384]): 
The value is the same before and after calling `init_weights` of YOLODualNeckDetector  

neck.bottom_up_layers.1.blocks.0.conv1.bn.bias - torch.Size([384]): 
The value is the same before and after calling `init_weights` of YOLODualNeckDetector  

neck.bottom_up_layers.1.blocks.0.conv2.conv.weight - torch.Size([384, 384, 3, 3]): 
Initialized by user-defined `init_weights` in YOLOv8PAFPN  

neck.bottom_up_layers.1.blocks.0.conv2.bn.weight - torch.Size([384]): 
The value is the same before and after calling `init_weights` of YOLODualNeckDetector  

neck.bottom_up_layers.1.blocks.0.conv2.bn.bias - torch.Size([384]): 
The value is the same before and after calling `init_weights` of YOLODualNeckDetector  

neck.bottom_up_layers.1.blocks.1.conv1.conv.weight - torch.Size([384, 384, 3, 3]): 
Initialized by user-defined `init_weights` in YOLOv8PAFPN  

neck.bottom_up_layers.1.blocks.1.conv1.bn.weight - torch.Size([384]): 
The value is the same before and after calling `init_weights` of YOLODualNeckDetector  

neck.bottom_up_layers.1.blocks.1.conv1.bn.bias - torch.Size([384]): 
The value is the same before and after calling `init_weights` of YOLODualNeckDetector  

neck.bottom_up_layers.1.blocks.1.conv2.conv.weight - torch.Size([384, 384, 3, 3]): 
Initialized by user-defined `init_weights` in YOLOv8PAFPN  

neck.bottom_up_layers.1.blocks.1.conv2.bn.weight - torch.Size([384]): 
The value is the same before and after calling `init_weights` of YOLODualNeckDetector  

neck.bottom_up_layers.1.blocks.1.conv2.bn.bias - torch.Size([384]): 
The value is the same before and after calling `init_weights` of YOLODualNeckDetector  

bbox_head.head_module.cls_preds.0.0.conv.weight - torch.Size([192, 192, 3, 3]): 
The value is the same before and after calling `init_weights` of YOLODualNeckDetector  

bbox_head.head_module.cls_preds.0.0.bn.weight - torch.Size([192]): 
The value is the same before and after calling `init_weights` of YOLODualNeckDetector  

bbox_head.head_module.cls_preds.0.0.bn.bias - torch.Size([192]): 
The value is the same before and after calling `init_weights` of YOLODualNeckDetector  

bbox_head.head_module.cls_preds.0.1.conv.weight - torch.Size([192, 192, 3, 3]): 
The value is the same before and after calling `init_weights` of YOLODualNeckDetector  

bbox_head.head_module.cls_preds.0.1.bn.weight - torch.Size([192]): 
The value is the same before and after calling `init_weights` of YOLODualNeckDetector  

bbox_head.head_module.cls_preds.0.1.bn.bias - torch.Size([192]): 
The value is the same before and after calling `init_weights` of YOLODualNeckDetector  

bbox_head.head_module.cls_preds.0.2.weight - torch.Size([6, 192, 1, 1]): 
The value is the same before and after calling `init_weights` of YOLODualNeckDetector  

bbox_head.head_module.cls_preds.0.2.bias - torch.Size([6]): 
Initialized by user-defined `init_weights` in YOLOv8HeadModule  

bbox_head.head_module.cls_preds.1.0.conv.weight - torch.Size([192, 384, 3, 3]): 
The value is the same before and after calling `init_weights` of YOLODualNeckDetector  

bbox_head.head_module.cls_preds.1.0.bn.weight - torch.Size([192]): 
The value is the same before and after calling `init_weights` of YOLODualNeckDetector  

bbox_head.head_module.cls_preds.1.0.bn.bias - torch.Size([192]): 
The value is the same before and after calling `init_weights` of YOLODualNeckDetector  

bbox_head.head_module.cls_preds.1.1.conv.weight - torch.Size([192, 192, 3, 3]): 
The value is the same before and after calling `init_weights` of YOLODualNeckDetector  

bbox_head.head_module.cls_preds.1.1.bn.weight - torch.Size([192]): 
The value is the same before and after calling `init_weights` of YOLODualNeckDetector  

bbox_head.head_module.cls_preds.1.1.bn.bias - torch.Size([192]): 
The value is the same before and after calling `init_weights` of YOLODualNeckDetector  

bbox_head.head_module.cls_preds.1.2.weight - torch.Size([6, 192, 1, 1]): 
The value is the same before and after calling `init_weights` of YOLODualNeckDetector  

bbox_head.head_module.cls_preds.1.2.bias - torch.Size([6]): 
Initialized by user-defined `init_weights` in YOLOv8HeadModule  

bbox_head.head_module.cls_preds.2.0.conv.weight - torch.Size([192, 768, 3, 3]): 
The value is the same before and after calling `init_weights` of YOLODualNeckDetector  

bbox_head.head_module.cls_preds.2.0.bn.weight - torch.Size([192]): 
The value is the same before and after calling `init_weights` of YOLODualNeckDetector  

bbox_head.head_module.cls_preds.2.0.bn.bias - torch.Size([192]): 
The value is the same before and after calling `init_weights` of YOLODualNeckDetector  

bbox_head.head_module.cls_preds.2.1.conv.weight - torch.Size([192, 192, 3, 3]): 
The value is the same before and after calling `init_weights` of YOLODualNeckDetector  

bbox_head.head_module.cls_preds.2.1.bn.weight - torch.Size([192]): 
The value is the same before and after calling `init_weights` of YOLODualNeckDetector  

bbox_head.head_module.cls_preds.2.1.bn.bias - torch.Size([192]): 
The value is the same before and after calling `init_weights` of YOLODualNeckDetector  

bbox_head.head_module.cls_preds.2.2.weight - torch.Size([6, 192, 1, 1]): 
The value is the same before and after calling `init_weights` of YOLODualNeckDetector  

bbox_head.head_module.cls_preds.2.2.bias - torch.Size([6]): 
Initialized by user-defined `init_weights` in YOLOv8HeadModule  

bbox_head.head_module.reg_preds.0.0.conv.weight - torch.Size([64, 192, 3, 3]): 
The value is the same before and after calling `init_weights` of YOLODualNeckDetector  

bbox_head.head_module.reg_preds.0.0.bn.weight - torch.Size([64]): 
The value is the same before and after calling `init_weights` of YOLODualNeckDetector  

bbox_head.head_module.reg_preds.0.0.bn.bias - torch.Size([64]): 
The value is the same before and after calling `init_weights` of YOLODualNeckDetector  

bbox_head.head_module.reg_preds.0.1.conv.weight - torch.Size([64, 64, 3, 3]): 
The value is the same before and after calling `init_weights` of YOLODualNeckDetector  

bbox_head.head_module.reg_preds.0.1.bn.weight - torch.Size([64]): 
The value is the same before and after calling `init_weights` of YOLODualNeckDetector  

bbox_head.head_module.reg_preds.0.1.bn.bias - torch.Size([64]): 
The value is the same before and after calling `init_weights` of YOLODualNeckDetector  

bbox_head.head_module.reg_preds.0.2.weight - torch.Size([64, 64, 1, 1]): 
The value is the same before and after calling `init_weights` of YOLODualNeckDetector  

bbox_head.head_module.reg_preds.0.2.bias - torch.Size([64]): 
Initialized by user-defined `init_weights` in YOLOv8HeadModule  

bbox_head.head_module.reg_preds.1.0.conv.weight - torch.Size([64, 384, 3, 3]): 
The value is the same before and after calling `init_weights` of YOLODualNeckDetector  

bbox_head.head_module.reg_preds.1.0.bn.weight - torch.Size([64]): 
The value is the same before and after calling `init_weights` of YOLODualNeckDetector  

bbox_head.head_module.reg_preds.1.0.bn.bias - torch.Size([64]): 
The value is the same before and after calling `init_weights` of YOLODualNeckDetector  

bbox_head.head_module.reg_preds.1.1.conv.weight - torch.Size([64, 64, 3, 3]): 
The value is the same before and after calling `init_weights` of YOLODualNeckDetector  

bbox_head.head_module.reg_preds.1.1.bn.weight - torch.Size([64]): 
The value is the same before and after calling `init_weights` of YOLODualNeckDetector  

bbox_head.head_module.reg_preds.1.1.bn.bias - torch.Size([64]): 
The value is the same before and after calling `init_weights` of YOLODualNeckDetector  

bbox_head.head_module.reg_preds.1.2.weight - torch.Size([64, 64, 1, 1]): 
The value is the same before and after calling `init_weights` of YOLODualNeckDetector  

bbox_head.head_module.reg_preds.1.2.bias - torch.Size([64]): 
Initialized by user-defined `init_weights` in YOLOv8HeadModule  

bbox_head.head_module.reg_preds.2.0.conv.weight - torch.Size([64, 768, 3, 3]): 
The value is the same before and after calling `init_weights` of YOLODualNeckDetector  

bbox_head.head_module.reg_preds.2.0.bn.weight - torch.Size([64]): 
The value is the same before and after calling `init_weights` of YOLODualNeckDetector  

bbox_head.head_module.reg_preds.2.0.bn.bias - torch.Size([64]): 
The value is the same before and after calling `init_weights` of YOLODualNeckDetector  

bbox_head.head_module.reg_preds.2.1.conv.weight - torch.Size([64, 64, 3, 3]): 
The value is the same before and after calling `init_weights` of YOLODualNeckDetector  

bbox_head.head_module.reg_preds.2.1.bn.weight - torch.Size([64]): 
The value is the same before and after calling `init_weights` of YOLODualNeckDetector  

bbox_head.head_module.reg_preds.2.1.bn.bias - torch.Size([64]): 
The value is the same before and after calling `init_weights` of YOLODualNeckDetector  

bbox_head.head_module.reg_preds.2.2.weight - torch.Size([64, 64, 1, 1]): 
The value is the same before and after calling `init_weights` of YOLODualNeckDetector  

bbox_head.head_module.reg_preds.2.2.bias - torch.Size([64]): 
Initialized by user-defined `init_weights` in YOLOv8HeadModule  
2025/05/20 14:19:54 - mmengine - INFO - Auto resumed from the latest checkpoint /data/nl/Mamba2Spectral/work_dirs/yolov8_mambatransformer/epoch_159.pth.
2025/05/20 14:19:56 - mmengine - INFO - Load checkpoint from /data/nl/Mamba2Spectral/work_dirs/yolov8_mambatransformer/epoch_159.pth
2025/05/20 14:19:56 - mmengine - WARNING - `resume_param_scheduler` is True but `self.param_schedulers` is None, so skip resuming parameter schedulers
2025/05/20 14:19:56 - mmengine - INFO - resumed epoch: 159, iter: 66780
2025/05/20 14:19:56 - mmengine - WARNING - "FileClient" will be deprecated in future. Please use io functions in https://mmengine.readthedocs.io/en/latest/api/fileio.html#file-io
2025/05/20 14:19:56 - mmengine - WARNING - "HardDiskBackend" is the alias of "LocalBackend" and the former will be deprecated in future.
2025/05/20 14:19:56 - mmengine - INFO - Checkpoints will be saved to /data/nl/Mamba2Spectral/work_dirs/yolov8_mambatransformer.
2025/05/20 14:21:20 - mmengine - INFO - Epoch(train) [160][ 50/420]  base_lr: 1.0000e-02 lr: 2.1790e-03  eta: 7:58:13  time: 1.6711  data_time: 0.0503  memory: 18616  grad_norm: 21.7362  loss: 17.4097  loss_cls: 3.4967  loss_bbox: 6.5873  loss_dfl: 7.3256
2025/05/20 14:22:38 - mmengine - INFO - Epoch(train) [160][100/420]  base_lr: 1.0000e-02 lr: 2.1790e-03  eta: 7:39:34  time: 1.5502  data_time: 0.0074  memory: 10447  grad_norm: 22.7158  loss: 17.7197  loss_cls: 3.5459  loss_bbox: 6.7088  loss_dfl: 7.4650
2025/05/20 14:23:55 - mmengine - INFO - Epoch(train) [160][150/420]  base_lr: 1.0000e-02 lr: 2.1790e-03  eta: 7:32:30  time: 1.5503  data_time: 0.0074  memory: 10372  grad_norm: 21.6302  loss: 17.3705  loss_cls: 3.4861  loss_bbox: 6.5865  loss_dfl: 7.2979
2025/05/20 14:25:13 - mmengine - INFO - Epoch(train) [160][200/420]  base_lr: 1.0000e-02 lr: 2.1790e-03  eta: 7:28:22  time: 1.5509  data_time: 0.0074  memory: 10447  grad_norm: 21.5895  loss: 17.5902  loss_cls: 3.5291  loss_bbox: 6.6749  loss_dfl: 7.3862
2025/05/20 14:25:44 - mmengine - INFO - Exp name: yolov8_mambatransformer_20250520_141944
2025/05/20 14:26:31 - mmengine - INFO - Epoch(train) [160][250/420]  base_lr: 1.0000e-02 lr: 2.1790e-03  eta: 7:25:39  time: 1.5558  data_time: 0.0074  memory: 10399  grad_norm: 22.8489  loss: 17.6532  loss_cls: 3.4832  loss_bbox: 6.7192  loss_dfl: 7.4508
2025/05/20 14:27:48 - mmengine - INFO - Epoch(train) [160][300/420]  base_lr: 1.0000e-02 lr: 2.1790e-03  eta: 7:23:06  time: 1.5495  data_time: 0.0073  memory: 10361  grad_norm: 22.0066  loss: 17.3770  loss_cls: 3.5174  loss_bbox: 6.5035  loss_dfl: 7.3561
2025/05/20 14:29:05 - mmengine - INFO - Epoch(train) [160][350/420]  base_lr: 1.0000e-02 lr: 2.1790e-03  eta: 7:20:54  time: 1.5491  data_time: 0.0073  memory: 10463  grad_norm: 21.0393  loss: 17.2518  loss_cls: 3.4006  loss_bbox: 6.5551  loss_dfl: 7.2962
2025/05/20 14:30:23 - mmengine - INFO - Epoch(train) [160][400/420]  base_lr: 1.0000e-02 lr: 2.1790e-03  eta: 7:18:56  time: 1.5493  data_time: 0.0073  memory: 10383  grad_norm: 20.9924  loss: 17.2132  loss_cls: 3.3986  loss_bbox: 6.4853  loss_dfl: 7.3292
2025/05/20 14:30:54 - mmengine - INFO - Exp name: yolov8_mambatransformer_20250520_141944
2025/05/20 14:30:54 - mmengine - INFO - Saving checkpoint at 160 epochs
2025/05/20 14:30:56 - mmengine - WARNING - `save_param_scheduler` is True but `self.param_schedulers` is None, so skip saving parameter schedulers
2025/05/20 14:31:03 - mmengine - INFO - Epoch(val) [160][ 50/781]    eta: 0:01:27  time: 0.1196  data_time: 0.0042  memory: 10335  
2025/05/20 14:31:08 - mmengine - INFO - Epoch(val) [160][100/781]    eta: 0:01:13  time: 0.0975  data_time: 0.0004  memory: 998  
2025/05/20 14:31:13 - mmengine - INFO - Epoch(val) [160][150/781]    eta: 0:01:05  time: 0.0929  data_time: 0.0004  memory: 998  
2025/05/20 14:31:18 - mmengine - INFO - Epoch(val) [160][200/781]    eta: 0:00:58  time: 0.0938  data_time: 0.0004  memory: 998  
2025/05/20 14:31:22 - mmengine - INFO - Epoch(val) [160][250/781]    eta: 0:00:52  time: 0.0926  data_time: 0.0005  memory: 998  
2025/05/20 14:31:27 - mmengine - INFO - Epoch(val) [160][300/781]    eta: 0:00:47  time: 0.0924  data_time: 0.0004  memory: 998  
2025/05/20 14:31:31 - mmengine - INFO - Epoch(val) [160][350/781]    eta: 0:00:41  time: 0.0894  data_time: 0.0004  memory: 998  
2025/05/20 14:31:36 - mmengine - INFO - Epoch(val) [160][400/781]    eta: 0:00:36  time: 0.0900  data_time: 0.0004  memory: 998  
2025/05/20 14:31:40 - mmengine - INFO - Epoch(val) [160][450/781]    eta: 0:00:31  time: 0.0890  data_time: 0.0004  memory: 998  
2025/05/20 14:31:45 - mmengine - INFO - Epoch(val) [160][500/781]    eta: 0:00:26  time: 0.0904  data_time: 0.0004  memory: 998  
2025/05/20 14:31:50 - mmengine - INFO - Epoch(val) [160][550/781]    eta: 0:00:21  time: 0.0920  data_time: 0.0005  memory: 998  
2025/05/20 14:31:54 - mmengine - INFO - Epoch(val) [160][600/781]    eta: 0:00:17  time: 0.0912  data_time: 0.0004  memory: 998  
2025/05/20 14:31:59 - mmengine - INFO - Epoch(val) [160][650/781]    eta: 0:00:12  time: 0.0916  data_time: 0.0004  memory: 998  
2025/05/20 14:32:04 - mmengine - INFO - Epoch(val) [160][700/781]    eta: 0:00:07  time: 0.0940  data_time: 0.0005  memory: 998  
2025/05/20 14:32:08 - mmengine - INFO - Epoch(val) [160][750/781]    eta: 0:00:02  time: 0.0927  data_time: 0.0005  memory: 998  
2025/05/20 14:32:11 - mmengine - INFO - Evaluating bbox...
2025/05/20 14:32:16 - mmengine - INFO - 
+------------+-------+--------+--------+-------+-------+-------+
| category   | mAP   | mAP_50 | mAP_75 | mAP_s | mAP_m | mAP_l |
+------------+-------+--------+--------+-------+-------+-------+
| Car        | 0.682 | 0.916  | 0.754  | 0.403 | 0.713 | 0.885 |
| Truck      | 0.619 | 0.865  | 0.681  | 0.326 | 0.636 | 0.798 |
| People     | 0.499 | 0.841  | 0.503  | 0.327 | 0.688 | 0.757 |
| Bus        | 0.717 | 0.901  | 0.769  | 0.361 | 0.675 | 0.838 |
| Lamp       | 0.428 | 0.775  | 0.428  | 0.375 | 0.709 | nan   |
| Motorcycle | 0.41  | 0.692  | 0.43   | 0.095 | 0.611 | 0.807 |
+------------+-------+--------+--------+-------+-------+-------+
2025/05/20 14:32:16 - mmengine - INFO - bbox_mAP_copypaste: 0.559 0.832 0.594 0.315 0.672 0.817
2025/05/20 14:32:16 - mmengine - INFO - Epoch(val) [160][781/781]    coco/Car_precision: 0.6820  coco/Truck_precision: 0.6190  coco/People_precision: 0.4990  coco/Bus_precision: 0.7170  coco/Lamp_precision: 0.4280  coco/Motorcycle_precision: 0.4100  coco/bbox_mAP: 0.5590  coco/bbox_mAP_50: 0.8320  coco/bbox_mAP_75: 0.5940  coco/bbox_mAP_s: 0.3150  coco/bbox_mAP_m: 0.6720  coco/bbox_mAP_l: 0.8170  data_time: 0.0007  time: 0.0933
2025/05/20 14:32:16 - mmengine - INFO - The previous best checkpoint /data/nl/Mamba2Spectral/work_dirs/yolov8_mambatransformer/best_coco_bbox_mAP_50_epoch_159.pth is removed
2025/05/20 14:32:19 - mmengine - INFO - The best checkpoint with 0.8320 coco/bbox_mAP_50 at 160 epoch is saved to best_coco_bbox_mAP_50_epoch_160.pth.
2025/05/20 14:33:43 - mmengine - INFO - Epoch(train) [161][ 50/420]  base_lr: 1.0000e-02 lr: 2.1295e-03  eta: 7:17:22  time: 1.5854  data_time: 0.0410  memory: 10421  grad_norm: 21.3002  loss: 17.4987  loss_cls: 3.5453  loss_bbox: 6.5686  loss_dfl: 7.3848
2025/05/20 14:35:01 - mmengine - INFO - Epoch(train) [161][100/420]  base_lr: 1.0000e-02 lr: 2.1295e-03  eta: 7:15:36  time: 1.5498  data_time: 0.0070  memory: 10421  grad_norm: 22.1398  loss: 17.4331  loss_cls: 3.5030  loss_bbox: 6.6315  loss_dfl: 7.2986
2025/05/20 14:36:18 - mmengine - INFO - Epoch(train) [161][150/420]  base_lr: 1.0000e-02 lr: 2.1295e-03  eta: 7:13:56  time: 1.5503  data_time: 0.0070  memory: 10421  grad_norm: 22.3546  loss: 17.3238  loss_cls: 3.4419  loss_bbox: 6.5337  loss_dfl: 7.3482
2025/05/20 14:37:36 - mmengine - INFO - Epoch(train) [161][200/420]  base_lr: 1.0000e-02 lr: 2.1295e-03  eta: 7:12:22  time: 1.5517  data_time: 0.0071  memory: 10480  grad_norm: 21.2941  loss: 17.2216  loss_cls: 3.4294  loss_bbox: 6.4626  loss_dfl: 7.3297
2025/05/20 14:38:53 - mmengine - INFO - Epoch(train) [161][250/420]  base_lr: 1.0000e-02 lr: 2.1295e-03  eta: 7:10:48  time: 1.5502  data_time: 0.0072  memory: 10507  grad_norm: 21.6762  loss: 17.5619  loss_cls: 3.5176  loss_bbox: 6.6756  loss_dfl: 7.3687
2025/05/20 14:40:11 - mmengine - INFO - Epoch(train) [161][300/420]  base_lr: 1.0000e-02 lr: 2.1295e-03  eta: 7:09:14  time: 1.5479  data_time: 0.0072  memory: 10555  grad_norm: 20.9590  loss: 17.3813  loss_cls: 3.4460  loss_bbox: 6.6011  loss_dfl: 7.3342
2025/05/20 14:41:28 - mmengine - INFO - Epoch(train) [161][350/420]  base_lr: 1.0000e-02 lr: 2.1295e-03  eta: 7:07:44  time: 1.5496  data_time: 0.0072  memory: 10593  grad_norm: 21.6035  loss: 17.0842  loss_cls: 3.3796  loss_bbox: 6.3811  loss_dfl: 7.3235
2025/05/20 14:42:46 - mmengine - INFO - Epoch(train) [161][400/420]  base_lr: 1.0000e-02 lr: 2.1295e-03  eta: 7:06:16  time: 1.5503  data_time: 0.0071  memory: 10448  grad_norm: 20.5975  loss: 17.4078  loss_cls: 3.4591  loss_bbox: 6.5050  loss_dfl: 7.4437
2025/05/20 14:43:16 - mmengine - INFO - Exp name: yolov8_mambatransformer_20250520_141944
2025/05/20 14:43:16 - mmengine - INFO - Saving checkpoint at 161 epochs
2025/05/20 14:43:26 - mmengine - INFO - Epoch(val) [161][ 50/781]    eta: 0:01:18  time: 0.1071  data_time: 0.0029  memory: 10426  
2025/05/20 14:43:31 - mmengine - INFO - Epoch(val) [161][100/781]    eta: 0:01:11  time: 0.1031  data_time: 0.0004  memory: 1000  
2025/05/20 14:43:36 - mmengine - INFO - Epoch(val) [161][150/781]    eta: 0:01:06  time: 0.1083  data_time: 0.0013  memory: 1000  
2025/05/20 14:43:42 - mmengine - INFO - Epoch(val) [161][200/781]    eta: 0:01:01  time: 0.1073  data_time: 0.0024  memory: 1000  
2025/05/20 14:43:47 - mmengine - INFO - Epoch(val) [161][250/781]    eta: 0:00:56  time: 0.1024  data_time: 0.0004  memory: 1000  
2025/05/20 14:43:52 - mmengine - INFO - Epoch(val) [161][300/781]    eta: 0:00:50  time: 0.0993  data_time: 0.0010  memory: 1000  
2025/05/20 14:43:56 - mmengine - INFO - Epoch(val) [161][350/781]    eta: 0:00:44  time: 0.0915  data_time: 0.0004  memory: 1000  
2025/05/20 14:44:01 - mmengine - INFO - Epoch(val) [161][400/781]    eta: 0:00:38  time: 0.0930  data_time: 0.0005  memory: 1000  
2025/05/20 14:44:05 - mmengine - INFO - Epoch(val) [161][450/781]    eta: 0:00:32  time: 0.0829  data_time: 0.0004  memory: 1000  
2025/05/20 14:44:10 - mmengine - INFO - Epoch(val) [161][500/781]    eta: 0:00:27  time: 0.0912  data_time: 0.0004  memory: 1000  
2025/05/20 14:44:14 - mmengine - INFO - Epoch(val) [161][550/781]    eta: 0:00:22  time: 0.0914  data_time: 0.0004  memory: 1000  
2025/05/20 14:44:19 - mmengine - INFO - Epoch(val) [161][600/781]    eta: 0:00:17  time: 0.0860  data_time: 0.0004  memory: 1000  
2025/05/20 14:44:23 - mmengine - INFO - Epoch(val) [161][650/781]    eta: 0:00:12  time: 0.0915  data_time: 0.0004  memory: 1000  
2025/05/20 14:44:27 - mmengine - INFO - Epoch(val) [161][700/781]    eta: 0:00:07  time: 0.0774  data_time: 0.0004  memory: 1000  
2025/05/20 14:44:32 - mmengine - INFO - Epoch(val) [161][750/781]    eta: 0:00:02  time: 0.0914  data_time: 0.0004  memory: 1000  
2025/05/20 14:44:35 - mmengine - INFO - Evaluating bbox...
2025/05/20 14:44:39 - mmengine - INFO - 
+------------+-------+--------+--------+-------+-------+-------+
| category   | mAP   | mAP_50 | mAP_75 | mAP_s | mAP_m | mAP_l |
+------------+-------+--------+--------+-------+-------+-------+
| Car        | 0.682 | 0.917  | 0.752  | 0.402 | 0.713 | 0.885 |
| Truck      | 0.618 | 0.865  | 0.68   | 0.33  | 0.634 | 0.799 |
| People     | 0.5   | 0.842  | 0.503  | 0.328 | 0.688 | 0.757 |
| Bus        | 0.717 | 0.902  | 0.77   | 0.362 | 0.677 | 0.838 |
| Lamp       | 0.429 | 0.776  | 0.425  | 0.375 | 0.707 | nan   |
| Motorcycle | 0.409 | 0.692  | 0.438  | 0.095 | 0.61  | 0.807 |
+------------+-------+--------+--------+-------+-------+-------+
2025/05/20 14:44:39 - mmengine - INFO - bbox_mAP_copypaste: 0.559 0.832 0.595 0.315 0.672 0.817
2025/05/20 14:44:39 - mmengine - INFO - Epoch(val) [161][781/781]    coco/Car_precision: 0.6820  coco/Truck_precision: 0.6180  coco/People_precision: 0.5000  coco/Bus_precision: 0.7170  coco/Lamp_precision: 0.4290  coco/Motorcycle_precision: 0.4090  coco/bbox_mAP: 0.5590  coco/bbox_mAP_50: 0.8320  coco/bbox_mAP_75: 0.5950  coco/bbox_mAP_s: 0.3150  coco/bbox_mAP_m: 0.6720  coco/bbox_mAP_l: 0.8170  data_time: 0.0008  time: 0.0940
2025/05/20 14:45:58 - mmengine - INFO - Epoch(train) [162][ 50/420]  base_lr: 1.0000e-02 lr: 2.0800e-03  eta: 7:04:39  time: 1.5814  data_time: 0.0375  memory: 10474  grad_norm: 20.7399  loss: 17.5434  loss_cls: 3.5198  loss_bbox: 6.6891  loss_dfl: 7.3345
2025/05/20 14:47:16 - mmengine - INFO - Epoch(train) [162][100/420]  base_lr: 1.0000e-02 lr: 2.0800e-03  eta: 7:03:13  time: 1.5508  data_time: 0.0071  memory: 10490  grad_norm: 23.0945  loss: 17.4780  loss_cls: 3.5271  loss_bbox: 6.5942  loss_dfl: 7.3568
2025/05/20 14:48:33 - mmengine - INFO - Epoch(train) [162][150/420]  base_lr: 1.0000e-02 lr: 2.0800e-03  eta: 7:01:44  time: 1.5469  data_time: 0.0071  memory: 10384  grad_norm: 21.0436  loss: 17.2707  loss_cls: 3.4416  loss_bbox: 6.4807  loss_dfl: 7.3484
2025/05/20 14:49:50 - mmengine - INFO - Epoch(train) [162][200/420]  base_lr: 1.0000e-02 lr: 2.0800e-03  eta: 7:00:18  time: 1.5481  data_time: 0.0071  memory: 10362  grad_norm: 22.5355  loss: 17.0381  loss_cls: 3.3903  loss_bbox: 6.3300  loss_dfl: 7.3177
2025/05/20 14:51:08 - mmengine - INFO - Epoch(train) [162][250/420]  base_lr: 1.0000e-02 lr: 2.0800e-03  eta: 6:58:51  time: 1.5472  data_time: 0.0071  memory: 10555  grad_norm: 21.4759  loss: 17.3414  loss_cls: 3.4333  loss_bbox: 6.5391  loss_dfl: 7.3689
2025/05/20 14:52:25 - mmengine - INFO - Epoch(train) [162][300/420]  base_lr: 1.0000e-02 lr: 2.0800e-03  eta: 6:57:27  time: 1.5486  data_time: 0.0071  memory: 10507  grad_norm: 22.1517  loss: 17.3567  loss_cls: 3.5093  loss_bbox: 6.5747  loss_dfl: 7.2727
2025/05/20 14:53:43 - mmengine - INFO - Epoch(train) [162][350/420]  base_lr: 1.0000e-02 lr: 2.0800e-03  eta: 6:56:02  time: 1.5471  data_time: 0.0071  memory: 10432  grad_norm: 21.6477  loss: 17.3533  loss_cls: 3.5178  loss_bbox: 6.4484  loss_dfl: 7.3872
2025/05/20 14:54:29 - mmengine - INFO - Exp name: yolov8_mambatransformer_20250520_141944
2025/05/20 14:55:00 - mmengine - INFO - Epoch(train) [162][400/420]  base_lr: 1.0000e-02 lr: 2.0800e-03  eta: 6:54:38  time: 1.5489  data_time: 0.0070  memory: 10448  grad_norm: 21.5985  loss: 17.2660  loss_cls: 3.4096  loss_bbox: 6.5745  loss_dfl: 7.2820
2025/05/20 14:55:31 - mmengine - INFO - Exp name: yolov8_mambatransformer_20250520_141944
2025/05/20 14:55:31 - mmengine - INFO - Saving checkpoint at 162 epochs
2025/05/20 14:55:40 - mmengine - INFO - Epoch(val) [162][ 50/781]    eta: 0:01:24  time: 0.1161  data_time: 0.0018  memory: 10378  
2025/05/20 14:55:46 - mmengine - INFO - Epoch(val) [162][100/781]    eta: 0:01:16  time: 0.1084  data_time: 0.0005  memory: 1000  
2025/05/20 14:55:51 - mmengine - INFO - Epoch(val) [162][150/781]    eta: 0:01:10  time: 0.1091  data_time: 0.0016  memory: 1000  
2025/05/20 14:55:57 - mmengine - INFO - Epoch(val) [162][200/781]    eta: 0:01:05  time: 0.1160  data_time: 0.0019  memory: 1000  
2025/05/20 14:56:03 - mmengine - INFO - Epoch(val) [162][250/781]    eta: 0:00:59  time: 0.1140  data_time: 0.0023  memory: 1000  
2025/05/20 14:56:08 - mmengine - INFO - Epoch(val) [162][300/781]    eta: 0:00:53  time: 0.1050  data_time: 0.0004  memory: 1000  
2025/05/20 14:56:13 - mmengine - INFO - Epoch(val) [162][350/781]    eta: 0:00:46  time: 0.0912  data_time: 0.0004  memory: 1000  
2025/05/20 14:56:17 - mmengine - INFO - Epoch(val) [162][400/781]    eta: 0:00:40  time: 0.0923  data_time: 0.0004  memory: 1000  
2025/05/20 14:56:22 - mmengine - INFO - Epoch(val) [162][450/781]    eta: 0:00:34  time: 0.0915  data_time: 0.0004  memory: 1000  
2025/05/20 14:56:27 - mmengine - INFO - Epoch(val) [162][500/781]    eta: 0:00:29  time: 0.0906  data_time: 0.0004  memory: 1000  
2025/05/20 14:56:31 - mmengine - INFO - Epoch(val) [162][550/781]    eta: 0:00:23  time: 0.0910  data_time: 0.0004  memory: 1000  
2025/05/20 14:56:35 - mmengine - INFO - Epoch(val) [162][600/781]    eta: 0:00:18  time: 0.0797  data_time: 0.0004  memory: 1000  
2025/05/20 14:56:39 - mmengine - INFO - Epoch(val) [162][650/781]    eta: 0:00:12  time: 0.0732  data_time: 0.0004  memory: 1000  
2025/05/20 14:56:43 - mmengine - INFO - Epoch(val) [162][700/781]    eta: 0:00:07  time: 0.0729  data_time: 0.0004  memory: 1000  
2025/05/20 14:56:46 - mmengine - INFO - Epoch(val) [162][750/781]    eta: 0:00:02  time: 0.0734  data_time: 0.0004  memory: 1000  
2025/05/20 14:56:49 - mmengine - INFO - Evaluating bbox...
2025/05/20 14:56:53 - mmengine - INFO - 
+------------+-------+--------+--------+-------+-------+-------+
| category   | mAP   | mAP_50 | mAP_75 | mAP_s | mAP_m | mAP_l |
+------------+-------+--------+--------+-------+-------+-------+
| Car        | 0.682 | 0.917  | 0.752  | 0.403 | 0.714 | 0.883 |
| Truck      | 0.62  | 0.865  | 0.686  | 0.335 | 0.637 | 0.794 |
| People     | 0.5   | 0.842  | 0.503  | 0.328 | 0.688 | 0.758 |
| Bus        | 0.717 | 0.902  | 0.77   | 0.364 | 0.675 | 0.838 |
| Lamp       | 0.43  | 0.777  | 0.429  | 0.376 | 0.707 | nan   |
| Motorcycle | 0.415 | 0.692  | 0.453  | 0.1   | 0.614 | 0.807 |
+------------+-------+--------+--------+-------+-------+-------+
2025/05/20 14:56:53 - mmengine - INFO - bbox_mAP_copypaste: 0.561 0.832 0.599 0.318 0.673 0.816
2025/05/20 14:56:53 - mmengine - INFO - Epoch(val) [162][781/781]    coco/Car_precision: 0.6820  coco/Truck_precision: 0.6200  coco/People_precision: 0.5000  coco/Bus_precision: 0.7170  coco/Lamp_precision: 0.4300  coco/Motorcycle_precision: 0.4150  coco/bbox_mAP: 0.5610  coco/bbox_mAP_50: 0.8320  coco/bbox_mAP_75: 0.5990  coco/bbox_mAP_s: 0.3180  coco/bbox_mAP_m: 0.6730  coco/bbox_mAP_l: 0.8160  data_time: 0.0008  time: 0.0941
2025/05/20 14:58:12 - mmengine - INFO - Epoch(train) [163][ 50/420]  base_lr: 1.0000e-02 lr: 2.0305e-03  eta: 6:52:58  time: 1.5787  data_time: 0.0371  memory: 10464  grad_norm: 21.6095  loss: 17.1246  loss_cls: 3.4254  loss_bbox: 6.4316  loss_dfl: 7.2676
2025/05/20 14:59:29 - mmengine - INFO - Epoch(train) [163][100/420]  base_lr: 1.0000e-02 lr: 2.0305e-03  eta: 6:51:34  time: 1.5470  data_time: 0.0071  memory: 10469  grad_norm: 22.9269  loss: 17.4967  loss_cls: 3.4974  loss_bbox: 6.6343  loss_dfl: 7.3650
2025/05/20 15:00:47 - mmengine - INFO - Epoch(train) [163][150/420]  base_lr: 1.0000e-02 lr: 2.0305e-03  eta: 6:50:11  time: 1.5472  data_time: 0.0071  memory: 10421  grad_norm: 22.3651  loss: 17.2655  loss_cls: 3.3776  loss_bbox: 6.5178  loss_dfl: 7.3701
2025/05/20 15:02:04 - mmengine - INFO - Epoch(train) [163][200/420]  base_lr: 1.0000e-02 lr: 2.0305e-03  eta: 6:48:47  time: 1.5465  data_time: 0.0071  memory: 10490  grad_norm: 22.0199  loss: 17.1201  loss_cls: 3.3969  loss_bbox: 6.4003  loss_dfl: 7.3229
2025/05/20 15:03:22 - mmengine - INFO - Epoch(train) [163][250/420]  base_lr: 1.0000e-02 lr: 2.0305e-03  eta: 6:47:25  time: 1.5471  data_time: 0.0071  memory: 10469  grad_norm: 21.5911  loss: 17.2219  loss_cls: 3.4626  loss_bbox: 6.4670  loss_dfl: 7.2923
2025/05/20 15:04:39 - mmengine - INFO - Epoch(train) [163][300/420]  base_lr: 1.0000e-02 lr: 2.0305e-03  eta: 6:46:02  time: 1.5465  data_time: 0.0071  memory: 10533  grad_norm: 21.7288  loss: 17.3471  loss_cls: 3.4897  loss_bbox: 6.5498  loss_dfl: 7.3077
2025/05/20 15:05:56 - mmengine - INFO - Epoch(train) [163][350/420]  base_lr: 1.0000e-02 lr: 2.0305e-03  eta: 6:44:40  time: 1.5464  data_time: 0.0071  memory: 10522  grad_norm: 21.7311  loss: 17.2065  loss_cls: 3.4178  loss_bbox: 6.5022  loss_dfl: 7.2865
2025/05/20 15:07:14 - mmengine - INFO - Epoch(train) [163][400/420]  base_lr: 1.0000e-02 lr: 2.0305e-03  eta: 6:43:20  time: 1.5512  data_time: 0.0072  memory: 10480  grad_norm: 21.2188  loss: 17.1158  loss_cls: 3.3619  loss_bbox: 6.4908  loss_dfl: 7.2632
2025/05/20 15:07:45 - mmengine - INFO - Exp name: yolov8_mambatransformer_20250520_141944
2025/05/20 15:07:45 - mmengine - INFO - Saving checkpoint at 163 epochs
2025/05/20 15:07:54 - mmengine - INFO - Epoch(val) [163][ 50/781]    eta: 0:01:21  time: 0.1113  data_time: 0.0034  memory: 10421  
2025/05/20 15:08:00 - mmengine - INFO - Epoch(val) [163][100/781]    eta: 0:01:15  time: 0.1112  data_time: 0.0004  memory: 1000  
2025/05/20 15:08:05 - mmengine - INFO - Epoch(val) [163][150/781]    eta: 0:01:10  time: 0.1124  data_time: 0.0004  memory: 1000  
2025/05/20 15:08:11 - mmengine - INFO - Epoch(val) [163][200/781]    eta: 0:01:05  time: 0.1132  data_time: 0.0007  memory: 1000  
2025/05/20 15:08:17 - mmengine - INFO - Epoch(val) [163][250/781]    eta: 0:00:59  time: 0.1149  data_time: 0.0027  memory: 1000  
2025/05/20 15:08:22 - mmengine - INFO - Epoch(val) [163][300/781]    eta: 0:00:53  time: 0.1102  data_time: 0.0007  memory: 1000  
2025/05/20 15:08:27 - mmengine - INFO - Epoch(val) [163][350/781]    eta: 0:00:47  time: 0.0908  data_time: 0.0004  memory: 1000  
2025/05/20 15:08:32 - mmengine - INFO - Epoch(val) [163][400/781]    eta: 0:00:40  time: 0.0910  data_time: 0.0004  memory: 1000  
2025/05/20 15:08:36 - mmengine - INFO - Epoch(val) [163][450/781]    eta: 0:00:34  time: 0.0908  data_time: 0.0004  memory: 1000  
2025/05/20 15:08:41 - mmengine - INFO - Epoch(val) [163][500/781]    eta: 0:00:29  time: 0.0912  data_time: 0.0004  memory: 1000  
2025/05/20 15:08:45 - mmengine - INFO - Epoch(val) [163][550/781]    eta: 0:00:23  time: 0.0919  data_time: 0.0004  memory: 1000  
2025/05/20 15:08:50 - mmengine - INFO - Epoch(val) [163][600/781]    eta: 0:00:18  time: 0.0913  data_time: 0.0004  memory: 1000  
2025/05/20 15:08:54 - mmengine - INFO - Epoch(val) [163][650/781]    eta: 0:00:13  time: 0.0912  data_time: 0.0004  memory: 1000  
2025/05/20 15:08:59 - mmengine - INFO - Epoch(val) [163][700/781]    eta: 0:00:08  time: 0.0912  data_time: 0.0004  memory: 1000  
2025/05/20 15:09:04 - mmengine - INFO - Epoch(val) [163][750/781]    eta: 0:00:03  time: 0.0912  data_time: 0.0004  memory: 1000  
2025/05/20 15:09:07 - mmengine - INFO - Evaluating bbox...
2025/05/20 15:09:11 - mmengine - INFO - 
+------------+-------+--------+--------+-------+-------+-------+
| category   | mAP   | mAP_50 | mAP_75 | mAP_s | mAP_m | mAP_l |
+------------+-------+--------+--------+-------+-------+-------+
| Car        | 0.683 | 0.92   | 0.752  | 0.404 | 0.714 | 0.885 |
| Truck      | 0.617 | 0.865  | 0.682  | 0.334 | 0.635 | 0.789 |
| People     | 0.501 | 0.842  | 0.504  | 0.328 | 0.688 | 0.759 |
| Bus        | 0.717 | 0.903  | 0.774  | 0.362 | 0.676 | 0.838 |
| Lamp       | 0.431 | 0.777  | 0.434  | 0.377 | 0.706 | nan   |
| Motorcycle | 0.413 | 0.691  | 0.454  | 0.1   | 0.61  | 0.807 |
+------------+-------+--------+--------+-------+-------+-------+
2025/05/20 15:09:11 - mmengine - INFO - bbox_mAP_copypaste: 0.560 0.833 0.600 0.317 0.672 0.816
2025/05/20 15:09:11 - mmengine - INFO - Epoch(val) [163][781/781]    coco/Car_precision: 0.6830  coco/Truck_precision: 0.6170  coco/People_precision: 0.5010  coco/Bus_precision: 0.7170  coco/Lamp_precision: 0.4310  coco/Motorcycle_precision: 0.4130  coco/bbox_mAP: 0.5600  coco/bbox_mAP_50: 0.8330  coco/bbox_mAP_75: 0.6000  coco/bbox_mAP_s: 0.3170  coco/bbox_mAP_m: 0.6720  coco/bbox_mAP_l: 0.8160  data_time: 0.0008  time: 0.0992
2025/05/20 15:09:11 - mmengine - INFO - The previous best checkpoint /data/nl/Mamba2Spectral/work_dirs/yolov8_mambatransformer/best_coco_bbox_mAP_50_epoch_160.pth is removed
2025/05/20 15:09:14 - mmengine - INFO - The best checkpoint with 0.8330 coco/bbox_mAP_50 at 163 epoch is saved to best_coco_bbox_mAP_50_epoch_163.pth.
2025/05/20 15:10:38 - mmengine - INFO - Epoch(train) [164][ 50/420]  base_lr: 1.0000e-02 lr: 1.9810e-03  eta: 6:41:39  time: 1.5782  data_time: 0.0396  memory: 10517  grad_norm: 21.6008  loss: 17.0333  loss_cls: 3.3712  loss_bbox: 6.3741  loss_dfl: 7.2879
2025/05/20 15:11:55 - mmengine - INFO - Epoch(train) [164][100/420]  base_lr: 1.0000e-02 lr: 1.9810e-03  eta: 6:40:17  time: 1.5460  data_time: 0.0070  memory: 10453  grad_norm: 22.5920  loss: 17.2075  loss_cls: 3.4027  loss_bbox: 6.4439  loss_dfl: 7.3610
2025/05/20 15:13:13 - mmengine - INFO - Epoch(train) [164][150/420]  base_lr: 1.0000e-02 lr: 1.9810e-03  eta: 6:38:55  time: 1.5459  data_time: 0.0070  memory: 10368  grad_norm: 22.8258  loss: 17.0910  loss_cls: 3.3838  loss_bbox: 6.3543  loss_dfl: 7.3529
2025/05/20 15:14:30 - mmengine - INFO - Epoch(train) [164][200/420]  base_lr: 1.0000e-02 lr: 1.9810e-03  eta: 6:37:34  time: 1.5455  data_time: 0.0070  memory: 10426  grad_norm: 22.1619  loss: 17.1030  loss_cls: 3.4155  loss_bbox: 6.3846  loss_dfl: 7.3029
2025/05/20 15:15:47 - mmengine - INFO - Epoch(train) [164][250/420]  base_lr: 1.0000e-02 lr: 1.9810e-03  eta: 6:36:12  time: 1.5457  data_time: 0.0070  memory: 10426  grad_norm: 22.6165  loss: 17.1392  loss_cls: 3.3913  loss_bbox: 6.4196  loss_dfl: 7.3284
2025/05/20 15:17:04 - mmengine - INFO - Epoch(train) [164][300/420]  base_lr: 1.0000e-02 lr: 1.9810e-03  eta: 6:34:51  time: 1.5454  data_time: 0.0070  memory: 10416  grad_norm: 21.9550  loss: 17.2243  loss_cls: 3.4003  loss_bbox: 6.4970  loss_dfl: 7.3270
2025/05/20 15:18:22 - mmengine - INFO - Epoch(train) [164][350/420]  base_lr: 1.0000e-02 lr: 1.9810e-03  eta: 6:33:30  time: 1.5465  data_time: 0.0070  memory: 10432  grad_norm: 21.5723  loss: 16.8397  loss_cls: 3.2881  loss_bbox: 6.2890  loss_dfl: 7.2626
2025/05/20 15:19:39 - mmengine - INFO - Epoch(train) [164][400/420]  base_lr: 1.0000e-02 lr: 1.9810e-03  eta: 6:32:10  time: 1.5467  data_time: 0.0070  memory: 10507  grad_norm: 22.5749  loss: 16.9621  loss_cls: 3.3410  loss_bbox: 6.3225  loss_dfl: 7.2986
2025/05/20 15:20:10 - mmengine - INFO - Exp name: yolov8_mambatransformer_20250520_141944
2025/05/20 15:20:10 - mmengine - INFO - Saving checkpoint at 164 epochs
2025/05/20 15:20:21 - mmengine - INFO - Epoch(val) [164][ 50/781]    eta: 0:01:22  time: 0.1130  data_time: 0.0018  memory: 10378  
2025/05/20 15:20:27 - mmengine - INFO - Epoch(val) [164][100/781]    eta: 0:01:17  time: 0.1143  data_time: 0.0010  memory: 1000  
2025/05/20 15:20:32 - mmengine - INFO - Epoch(val) [164][150/781]    eta: 0:01:11  time: 0.1131  data_time: 0.0004  memory: 1000  
2025/05/20 15:20:38 - mmengine - INFO - Epoch(val) [164][200/781]    eta: 0:01:05  time: 0.1131  data_time: 0.0004  memory: 1000  
2025/05/20 15:20:44 - mmengine - INFO - Epoch(val) [164][250/781]    eta: 0:01:00  time: 0.1143  data_time: 0.0004  memory: 1000  
2025/05/20 15:20:49 - mmengine - INFO - Epoch(val) [164][300/781]    eta: 0:00:54  time: 0.1139  data_time: 0.0004  memory: 1000  
2025/05/20 15:20:55 - mmengine - INFO - Epoch(val) [164][350/781]    eta: 0:00:48  time: 0.1137  data_time: 0.0015  memory: 1000  
2025/05/20 15:21:00 - mmengine - INFO - Epoch(val) [164][400/781]    eta: 0:00:42  time: 0.1056  data_time: 0.0004  memory: 1000  
2025/05/20 15:21:05 - mmengine - INFO - Epoch(val) [164][450/781]    eta: 0:00:36  time: 0.0871  data_time: 0.0004  memory: 1000  
2025/05/20 15:21:09 - mmengine - INFO - Epoch(val) [164][500/781]    eta: 0:00:29  time: 0.0782  data_time: 0.0004  memory: 1000  
2025/05/20 15:21:12 - mmengine - INFO - Epoch(val) [164][550/781]    eta: 0:00:23  time: 0.0737  data_time: 0.0004  memory: 1000  
2025/05/20 15:21:16 - mmengine - INFO - Epoch(val) [164][600/781]    eta: 0:00:18  time: 0.0795  data_time: 0.0004  memory: 1000  
2025/05/20 15:21:21 - mmengine - INFO - Epoch(val) [164][650/781]    eta: 0:00:13  time: 0.0912  data_time: 0.0004  memory: 1000  
2025/05/20 15:21:26 - mmengine - INFO - Epoch(val) [164][700/781]    eta: 0:00:08  time: 0.0912  data_time: 0.0004  memory: 1000  
2025/05/20 15:21:30 - mmengine - INFO - Epoch(val) [164][750/781]    eta: 0:00:03  time: 0.0915  data_time: 0.0004  memory: 1000  
2025/05/20 15:21:34 - mmengine - INFO - Evaluating bbox...
2025/05/20 15:21:38 - mmengine - INFO - 
+------------+-------+--------+--------+-------+-------+-------+
| category   | mAP   | mAP_50 | mAP_75 | mAP_s | mAP_m | mAP_l |
+------------+-------+--------+--------+-------+-------+-------+
| Car        | 0.683 | 0.921  | 0.752  | 0.404 | 0.715 | 0.885 |
| Truck      | 0.618 | 0.865  | 0.675  | 0.334 | 0.635 | 0.789 |
| People     | 0.501 | 0.843  | 0.507  | 0.33  | 0.689 | 0.759 |
| Bus        | 0.717 | 0.903  | 0.772  | 0.367 | 0.677 | 0.838 |
| Lamp       | 0.431 | 0.777  | 0.433  | 0.378 | 0.706 | nan   |
| Motorcycle | 0.412 | 0.691  | 0.455  | 0.098 | 0.61  | 0.807 |
+------------+-------+--------+--------+-------+-------+-------+
2025/05/20 15:21:38 - mmengine - INFO - bbox_mAP_copypaste: 0.560 0.833 0.599 0.318 0.672 0.816
2025/05/20 15:21:38 - mmengine - INFO - Epoch(val) [164][781/781]    coco/Car_precision: 0.6830  coco/Truck_precision: 0.6180  coco/People_precision: 0.5010  coco/Bus_precision: 0.7170  coco/Lamp_precision: 0.4310  coco/Motorcycle_precision: 0.4120  coco/bbox_mAP: 0.5600  coco/bbox_mAP_50: 0.8330  coco/bbox_mAP_75: 0.5990  coco/bbox_mAP_s: 0.3180  coco/bbox_mAP_m: 0.6720  coco/bbox_mAP_l: 0.8160  data_time: 0.0006  time: 0.0992
2025/05/20 15:22:57 - mmengine - INFO - Epoch(train) [165][ 50/420]  base_lr: 1.0000e-02 lr: 1.9315e-03  eta: 6:30:29  time: 1.5777  data_time: 0.0378  memory: 10507  grad_norm: 21.0956  loss: 16.7758  loss_cls: 3.2961  loss_bbox: 6.1917  loss_dfl: 7.2880
2025/05/20 15:24:14 - mmengine - INFO - Epoch(train) [165][100/420]  base_lr: 1.0000e-02 lr: 1.9315e-03  eta: 6:29:09  time: 1.5472  data_time: 0.0070  memory: 10416  grad_norm: 21.3760  loss: 16.8910  loss_cls: 3.3080  loss_bbox: 6.3010  loss_dfl: 7.2820
2025/05/20 15:24:45 - mmengine - INFO - Exp name: yolov8_mambatransformer_20250520_141944
2025/05/20 15:25:31 - mmengine - INFO - Epoch(train) [165][150/420]  base_lr: 1.0000e-02 lr: 1.9315e-03  eta: 6:27:49  time: 1.5468  data_time: 0.0070  memory: 10373  grad_norm: 24.4815  loss: 17.2882  loss_cls: 3.4850  loss_bbox: 6.4373  loss_dfl: 7.3659
2025/05/20 15:26:49 - mmengine - INFO - Epoch(train) [165][200/420]  base_lr: 1.0000e-02 lr: 1.9315e-03  eta: 6:26:29  time: 1.5477  data_time: 0.0070  memory: 10458  grad_norm: 22.5782  loss: 16.9350  loss_cls: 3.3095  loss_bbox: 6.3057  loss_dfl: 7.3198
2025/05/20 15:28:06 - mmengine - INFO - Epoch(train) [165][250/420]  base_lr: 1.0000e-02 lr: 1.9315e-03  eta: 6:25:09  time: 1.5479  data_time: 0.0070  memory: 10416  grad_norm: 22.2092  loss: 17.1166  loss_cls: 3.4104  loss_bbox: 6.4283  loss_dfl: 7.2780
2025/05/20 15:29:24 - mmengine - INFO - Epoch(train) [165][300/420]  base_lr: 1.0000e-02 lr: 1.9315e-03  eta: 6:23:49  time: 1.5479  data_time: 0.0070  memory: 10507  grad_norm: 22.6173  loss: 17.4456  loss_cls: 3.4969  loss_bbox: 6.6282  loss_dfl: 7.3205
2025/05/20 15:30:41 - mmengine - INFO - Epoch(train) [165][350/420]  base_lr: 1.0000e-02 lr: 1.9315e-03  eta: 6:22:30  time: 1.5484  data_time: 0.0071  memory: 10400  grad_norm: 21.8000  loss: 17.2021  loss_cls: 3.3767  loss_bbox: 6.5109  loss_dfl: 7.3145
2025/05/20 15:31:59 - mmengine - INFO - Epoch(train) [165][400/420]  base_lr: 1.0000e-02 lr: 1.9315e-03  eta: 6:21:11  time: 1.5505  data_time: 0.0071  memory: 10480  grad_norm: 22.8133  loss: 17.0516  loss_cls: 3.3289  loss_bbox: 6.3394  loss_dfl: 7.3834
2025/05/20 15:32:30 - mmengine - INFO - Exp name: yolov8_mambatransformer_20250520_141944
2025/05/20 15:32:30 - mmengine - INFO - Saving checkpoint at 165 epochs
2025/05/20 15:32:39 - mmengine - INFO - Epoch(val) [165][ 50/781]    eta: 0:01:23  time: 0.1149  data_time: 0.0028  memory: 10410  
2025/05/20 15:32:45 - mmengine - INFO - Epoch(val) [165][100/781]    eta: 0:01:17  time: 0.1139  data_time: 0.0011  memory: 1000  
2025/05/20 15:32:52 - mmengine - INFO - Epoch(val) [165][150/781]    eta: 0:01:15  time: 0.1317  data_time: 0.0008  memory: 1000  
2025/05/20 15:32:59 - mmengine - INFO - Epoch(val) [165][200/781]    eta: 0:01:13  time: 0.1466  data_time: 0.0011  memory: 1000  
2025/05/20 15:33:06 - mmengine - INFO - Epoch(val) [165][250/781]    eta: 0:01:09  time: 0.1497  data_time: 0.0007  memory: 1000  
2025/05/20 15:33:12 - mmengine - INFO - Epoch(val) [165][300/781]    eta: 0:01:01  time: 0.1118  data_time: 0.0005  memory: 1000  
2025/05/20 15:33:18 - mmengine - INFO - Epoch(val) [165][350/781]    eta: 0:00:54  time: 0.1199  data_time: 0.0038  memory: 1000  
2025/05/20 15:33:24 - mmengine - INFO - Epoch(val) [165][400/781]    eta: 0:00:47  time: 0.1149  data_time: 0.0010  memory: 1000  
2025/05/20 15:33:30 - mmengine - INFO - Epoch(val) [165][450/781]    eta: 0:00:41  time: 0.1216  data_time: 0.0005  memory: 1000  
2025/05/20 15:33:35 - mmengine - INFO - Epoch(val) [165][500/781]    eta: 0:00:34  time: 0.0914  data_time: 0.0004  memory: 1000  
2025/05/20 15:33:39 - mmengine - INFO - Epoch(val) [165][550/781]    eta: 0:00:27  time: 0.0929  data_time: 0.0005  memory: 1000  
2025/05/20 15:33:44 - mmengine - INFO - Epoch(val) [165][600/781]    eta: 0:00:21  time: 0.0928  data_time: 0.0005  memory: 1000  
2025/05/20 15:33:49 - mmengine - INFO - Epoch(val) [165][650/781]    eta: 0:00:15  time: 0.0926  data_time: 0.0005  memory: 1000  
2025/05/20 15:33:54 - mmengine - INFO - Epoch(val) [165][700/781]    eta: 0:00:09  time: 0.1055  data_time: 0.0004  memory: 1000  
2025/05/20 15:33:59 - mmengine - INFO - Epoch(val) [165][750/781]    eta: 0:00:03  time: 0.1051  data_time: 0.0004  memory: 1000  
2025/05/20 15:34:03 - mmengine - INFO - Evaluating bbox...
2025/05/20 15:34:07 - mmengine - INFO - 
+------------+-------+--------+--------+-------+-------+-------+
| category   | mAP   | mAP_50 | mAP_75 | mAP_s | mAP_m | mAP_l |
+------------+-------+--------+--------+-------+-------+-------+
| Car        | 0.683 | 0.92   | 0.754  | 0.405 | 0.714 | 0.886 |
| Truck      | 0.619 | 0.865  | 0.678  | 0.335 | 0.636 | 0.789 |
| People     | 0.502 | 0.844  | 0.507  | 0.331 | 0.689 | 0.758 |
| Bus        | 0.715 | 0.902  | 0.771  | 0.366 | 0.677 | 0.833 |
| Lamp       | 0.433 | 0.777  | 0.437  | 0.379 | 0.707 | nan   |
| Motorcycle | 0.413 | 0.691  | 0.455  | 0.096 | 0.613 | 0.807 |
+------------+-------+--------+--------+-------+-------+-------+
2025/05/20 15:34:07 - mmengine - INFO - bbox_mAP_copypaste: 0.561 0.833 0.600 0.319 0.673 0.814
2025/05/20 15:34:07 - mmengine - INFO - Epoch(val) [165][781/781]    coco/Car_precision: 0.6830  coco/Truck_precision: 0.6190  coco/People_precision: 0.5020  coco/Bus_precision: 0.7150  coco/Lamp_precision: 0.4330  coco/Motorcycle_precision: 0.4130  coco/bbox_mAP: 0.5610  coco/bbox_mAP_50: 0.8330  coco/bbox_mAP_75: 0.6000  coco/bbox_mAP_s: 0.3190  coco/bbox_mAP_m: 0.6730  coco/bbox_mAP_l: 0.8140  data_time: 0.0010  time: 0.1129
2025/05/20 15:35:26 - mmengine - INFO - Epoch(train) [166][ 50/420]  base_lr: 1.0000e-02 lr: 1.8820e-03  eta: 6:19:31  time: 1.5834  data_time: 0.0388  memory: 10400  grad_norm: 22.5319  loss: 17.3202  loss_cls: 3.4375  loss_bbox: 6.4807  loss_dfl: 7.4020
2025/05/20 15:36:44 - mmengine - INFO - Epoch(train) [166][100/420]  base_lr: 1.0000e-02 lr: 1.8820e-03  eta: 6:18:13  time: 1.5516  data_time: 0.0072  memory: 10448  grad_norm: 22.0409  loss: 17.0069  loss_cls: 3.3733  loss_bbox: 6.3361  loss_dfl: 7.2975
2025/05/20 15:38:01 - mmengine - INFO - Epoch(train) [166][150/420]  base_lr: 1.0000e-02 lr: 1.8820e-03  eta: 6:16:54  time: 1.5502  data_time: 0.0071  memory: 10448  grad_norm: 22.7056  loss: 17.2240  loss_cls: 3.3879  loss_bbox: 6.4494  loss_dfl: 7.3868
2025/05/20 15:39:19 - mmengine - INFO - Epoch(train) [166][200/420]  base_lr: 1.0000e-02 lr: 1.8820e-03  eta: 6:15:35  time: 1.5506  data_time: 0.0071  memory: 10426  grad_norm: 23.1595  loss: 17.2833  loss_cls: 3.4364  loss_bbox: 6.5037  loss_dfl: 7.3432
2025/05/20 15:40:36 - mmengine - INFO - Epoch(train) [166][250/420]  base_lr: 1.0000e-02 lr: 1.8820e-03  eta: 6:14:16  time: 1.5506  data_time: 0.0071  memory: 10389  grad_norm: 22.9230  loss: 17.2561  loss_cls: 3.4298  loss_bbox: 6.4691  loss_dfl: 7.3572
2025/05/20 15:41:54 - mmengine - INFO - Epoch(train) [166][300/420]  base_lr: 1.0000e-02 lr: 1.8820e-03  eta: 6:12:57  time: 1.5484  data_time: 0.0072  memory: 10453  grad_norm: 22.3535  loss: 17.2247  loss_cls: 3.3924  loss_bbox: 6.4926  loss_dfl: 7.3397
2025/05/20 15:43:11 - mmengine - INFO - Epoch(train) [166][350/420]  base_lr: 1.0000e-02 lr: 1.8820e-03  eta: 6:11:38  time: 1.5477  data_time: 0.0072  memory: 10469  grad_norm: 23.1987  loss: 17.2133  loss_cls: 3.4289  loss_bbox: 6.3994  loss_dfl: 7.3850
2025/05/20 15:44:29 - mmengine - INFO - Epoch(train) [166][400/420]  base_lr: 1.0000e-02 lr: 1.8820e-03  eta: 6:10:19  time: 1.5476  data_time: 0.0072  memory: 10469  grad_norm: 23.4312  loss: 17.4943  loss_cls: 3.4810  loss_bbox: 6.6595  loss_dfl: 7.3538
2025/05/20 15:44:59 - mmengine - INFO - Exp name: yolov8_mambatransformer_20250520_141944
2025/05/20 15:44:59 - mmengine - INFO - Saving checkpoint at 166 epochs
2025/05/20 15:45:09 - mmengine - INFO - Epoch(val) [166][ 50/781]    eta: 0:01:21  time: 0.1113  data_time: 0.0018  memory: 10336  
2025/05/20 15:45:15 - mmengine - INFO - Epoch(val) [166][100/781]    eta: 0:01:18  time: 0.1197  data_time: 0.0027  memory: 1000  
2025/05/20 15:45:20 - mmengine - INFO - Epoch(val) [166][150/781]    eta: 0:01:11  time: 0.1093  data_time: 0.0004  memory: 1000  
2025/05/20 15:45:26 - mmengine - INFO - Epoch(val) [166][200/781]    eta: 0:01:05  time: 0.1115  data_time: 0.0005  memory: 1000  
2025/05/20 15:45:31 - mmengine - INFO - Epoch(val) [166][250/781]    eta: 0:00:59  time: 0.1095  data_time: 0.0004  memory: 1000  
2025/05/20 15:45:37 - mmengine - INFO - Epoch(val) [166][300/781]    eta: 0:00:53  time: 0.1094  data_time: 0.0004  memory: 1000  
2025/05/20 15:45:43 - mmengine - INFO - Epoch(val) [166][350/781]    eta: 0:00:48  time: 0.1183  data_time: 0.0026  memory: 1000  
2025/05/20 15:45:49 - mmengine - INFO - Epoch(val) [166][400/781]    eta: 0:00:42  time: 0.1132  data_time: 0.0016  memory: 1000  
2025/05/20 15:45:54 - mmengine - INFO - Epoch(val) [166][450/781]    eta: 0:00:37  time: 0.1041  data_time: 0.0007  memory: 1000  
2025/05/20 15:45:58 - mmengine - INFO - Epoch(val) [166][500/781]    eta: 0:00:30  time: 0.0911  data_time: 0.0004  memory: 1000  
2025/05/20 15:46:03 - mmengine - INFO - Epoch(val) [166][550/781]    eta: 0:00:24  time: 0.0911  data_time: 0.0004  memory: 1000  
2025/05/20 15:46:07 - mmengine - INFO - Epoch(val) [166][600/781]    eta: 0:00:19  time: 0.0910  data_time: 0.0004  memory: 1000  
2025/05/20 15:46:12 - mmengine - INFO - Epoch(val) [166][650/781]    eta: 0:00:13  time: 0.0909  data_time: 0.0004  memory: 1000  
2025/05/20 15:46:17 - mmengine - INFO - Epoch(val) [166][700/781]    eta: 0:00:08  time: 0.0909  data_time: 0.0004  memory: 1000  
2025/05/20 15:46:21 - mmengine - INFO - Epoch(val) [166][750/781]    eta: 0:00:03  time: 0.0910  data_time: 0.0004  memory: 1000  
2025/05/20 15:46:25 - mmengine - INFO - Evaluating bbox...
2025/05/20 15:46:29 - mmengine - INFO - 
+------------+-------+--------+--------+-------+-------+-------+
| category   | mAP   | mAP_50 | mAP_75 | mAP_s | mAP_m | mAP_l |
+------------+-------+--------+--------+-------+-------+-------+
| Car        | 0.683 | 0.921  | 0.755  | 0.405 | 0.715 | 0.885 |
| Truck      | 0.618 | 0.865  | 0.678  | 0.326 | 0.636 | 0.789 |
| People     | 0.503 | 0.844  | 0.51   | 0.331 | 0.689 | 0.758 |
| Bus        | 0.715 | 0.902  | 0.763  | 0.366 | 0.676 | 0.833 |
| Lamp       | 0.433 | 0.778  | 0.442  | 0.379 | 0.707 | nan   |
| Motorcycle | 0.411 | 0.692  | 0.455  | 0.096 | 0.61  | 0.807 |
+------------+-------+--------+--------+-------+-------+-------+
2025/05/20 15:46:29 - mmengine - INFO - bbox_mAP_copypaste: 0.560 0.834 0.600 0.318 0.672 0.814
2025/05/20 15:46:29 - mmengine - INFO - Epoch(val) [166][781/781]    coco/Car_precision: 0.6830  coco/Truck_precision: 0.6180  coco/People_precision: 0.5030  coco/Bus_precision: 0.7150  coco/Lamp_precision: 0.4330  coco/Motorcycle_precision: 0.4110  coco/bbox_mAP: 0.5600  coco/bbox_mAP_50: 0.8340  coco/bbox_mAP_75: 0.6000  coco/bbox_mAP_s: 0.3180  coco/bbox_mAP_m: 0.6720  coco/bbox_mAP_l: 0.8140  data_time: 0.0009  time: 0.1030
2025/05/20 15:46:29 - mmengine - INFO - The previous best checkpoint /data/nl/Mamba2Spectral/work_dirs/yolov8_mambatransformer/best_coco_bbox_mAP_50_epoch_163.pth is removed
2025/05/20 15:46:31 - mmengine - INFO - The best checkpoint with 0.8340 coco/bbox_mAP_50 at 166 epoch is saved to best_coco_bbox_mAP_50_epoch_166.pth.
2025/05/20 15:47:56 - mmengine - INFO - Epoch(train) [167][ 50/420]  base_lr: 1.0000e-02 lr: 1.8325e-03  eta: 6:08:35  time: 1.5808  data_time: 0.0387  memory: 10480  grad_norm: 20.9521  loss: 17.0224  loss_cls: 3.3849  loss_bbox: 6.3879  loss_dfl: 7.2495
2025/05/20 15:49:13 - mmengine - INFO - Epoch(train) [167][100/420]  base_lr: 1.0000e-02 lr: 1.8325e-03  eta: 6:07:16  time: 1.5490  data_time: 0.0071  memory: 10421  grad_norm: 22.5823  loss: 17.1691  loss_cls: 3.3783  loss_bbox: 6.4473  loss_dfl: 7.3435
2025/05/20 15:50:31 - mmengine - INFO - Epoch(train) [167][150/420]  base_lr: 1.0000e-02 lr: 1.8325e-03  eta: 6:05:57  time: 1.5485  data_time: 0.0070  memory: 10400  grad_norm: 21.8599  loss: 17.4023  loss_cls: 3.4402  loss_bbox: 6.5581  loss_dfl: 7.4040
2025/05/20 15:51:48 - mmengine - INFO - Epoch(train) [167][200/420]  base_lr: 1.0000e-02 lr: 1.8325e-03  eta: 6:04:38  time: 1.5486  data_time: 0.0070  memory: 10400  grad_norm: 22.5793  loss: 16.8733  loss_cls: 3.3083  loss_bbox: 6.2839  loss_dfl: 7.2811
2025/05/20 15:53:06 - mmengine - INFO - Epoch(train) [167][250/420]  base_lr: 1.0000e-02 lr: 1.8325e-03  eta: 6:03:20  time: 1.5519  data_time: 0.0070  memory: 10426  grad_norm: 23.1630  loss: 17.3172  loss_cls: 3.4792  loss_bbox: 6.5504  loss_dfl: 7.2876
2025/05/20 15:53:52 - mmengine - INFO - Exp name: yolov8_mambatransformer_20250520_141944
2025/05/20 15:54:23 - mmengine - INFO - Epoch(train) [167][300/420]  base_lr: 1.0000e-02 lr: 1.8325e-03  eta: 6:02:01  time: 1.5482  data_time: 0.0070  memory: 10458  grad_norm: 22.5160  loss: 17.3548  loss_cls: 3.4199  loss_bbox: 6.6043  loss_dfl: 7.3306
2025/05/20 15:55:41 - mmengine - INFO - Epoch(train) [167][350/420]  base_lr: 1.0000e-02 lr: 1.8325e-03  eta: 6:00:42  time: 1.5481  data_time: 0.0070  memory: 10453  grad_norm: 23.1557  loss: 16.9774  loss_cls: 3.3744  loss_bbox: 6.3012  loss_dfl: 7.3018
2025/05/20 15:56:58 - mmengine - INFO - Epoch(train) [167][400/420]  base_lr: 1.0000e-02 lr: 1.8325e-03  eta: 5:59:24  time: 1.5497  data_time: 0.0071  memory: 10421  grad_norm: 22.6696  loss: 17.0074  loss_cls: 3.3313  loss_bbox: 6.4029  loss_dfl: 7.2731
2025/05/20 15:57:30 - mmengine - INFO - Exp name: yolov8_mambatransformer_20250520_141944
2025/05/20 15:57:30 - mmengine - INFO - Saving checkpoint at 167 epochs
2025/05/20 15:57:40 - mmengine - INFO - Epoch(val) [167][ 50/781]    eta: 0:01:23  time: 0.1137  data_time: 0.0018  memory: 10421  
2025/05/20 15:57:46 - mmengine - INFO - Epoch(val) [167][100/781]    eta: 0:01:15  time: 0.1095  data_time: 0.0007  memory: 1000  
2025/05/20 15:57:51 - mmengine - INFO - Epoch(val) [167][150/781]    eta: 0:01:08  time: 0.1044  data_time: 0.0004  memory: 1000  
2025/05/20 15:57:56 - mmengine - INFO - Epoch(val) [167][200/781]    eta: 0:01:02  time: 0.1059  data_time: 0.0004  memory: 1000  
2025/05/20 15:58:01 - mmengine - INFO - Epoch(val) [167][250/781]    eta: 0:00:56  time: 0.1013  data_time: 0.0004  memory: 1000  
2025/05/20 15:58:06 - mmengine - INFO - Epoch(val) [167][300/781]    eta: 0:00:50  time: 0.0898  data_time: 0.0004  memory: 1000  
2025/05/20 15:58:10 - mmengine - INFO - Epoch(val) [167][350/781]    eta: 0:00:43  time: 0.0747  data_time: 0.0003  memory: 1000  
2025/05/20 15:58:14 - mmengine - INFO - Epoch(val) [167][400/781]    eta: 0:00:37  time: 0.0778  data_time: 0.0004  memory: 1000  
2025/05/20 15:58:18 - mmengine - INFO - Epoch(val) [167][450/781]    eta: 0:00:31  time: 0.0912  data_time: 0.0004  memory: 1000  
2025/05/20 15:58:23 - mmengine - INFO - Epoch(val) [167][500/781]    eta: 0:00:26  time: 0.0913  data_time: 0.0004  memory: 1000  
2025/05/20 15:58:27 - mmengine - INFO - Epoch(val) [167][550/781]    eta: 0:00:22  time: 0.0912  data_time: 0.0004  memory: 1000  
2025/05/20 15:58:32 - mmengine - INFO - Epoch(val) [167][600/781]    eta: 0:00:17  time: 0.0912  data_time: 0.0004  memory: 1000  
2025/05/20 15:58:36 - mmengine - INFO - Epoch(val) [167][650/781]    eta: 0:00:12  time: 0.0912  data_time: 0.0004  memory: 1000  
2025/05/20 15:58:41 - mmengine - INFO - Epoch(val) [167][700/781]    eta: 0:00:07  time: 0.0914  data_time: 0.0004  memory: 1000  
2025/05/20 15:58:46 - mmengine - INFO - Epoch(val) [167][750/781]    eta: 0:00:02  time: 0.0912  data_time: 0.0004  memory: 1000  
2025/05/20 15:58:49 - mmengine - INFO - Evaluating bbox...
2025/05/20 15:58:53 - mmengine - INFO - 
+------------+-------+--------+--------+-------+-------+-------+
| category   | mAP   | mAP_50 | mAP_75 | mAP_s | mAP_m | mAP_l |
+------------+-------+--------+--------+-------+-------+-------+
| Car        | 0.684 | 0.921  | 0.755  | 0.406 | 0.715 | 0.886 |
| Truck      | 0.619 | 0.864  | 0.677  | 0.327 | 0.638 | 0.79  |
| People     | 0.503 | 0.844  | 0.51   | 0.332 | 0.689 | 0.757 |
| Bus        | 0.716 | 0.903  | 0.765  | 0.366 | 0.68  | 0.833 |
| Lamp       | 0.433 | 0.778  | 0.439  | 0.379 | 0.709 | nan   |
| Motorcycle | 0.409 | 0.693  | 0.455  | 0.094 | 0.606 | 0.807 |
+------------+-------+--------+--------+-------+-------+-------+
2025/05/20 15:58:53 - mmengine - INFO - bbox_mAP_copypaste: 0.561 0.834 0.600 0.317 0.673 0.815
2025/05/20 15:58:53 - mmengine - INFO - Epoch(val) [167][781/781]    coco/Car_precision: 0.6840  coco/Truck_precision: 0.6190  coco/People_precision: 0.5030  coco/Bus_precision: 0.7160  coco/Lamp_precision: 0.4330  coco/Motorcycle_precision: 0.4090  coco/bbox_mAP: 0.5610  coco/bbox_mAP_50: 0.8340  coco/bbox_mAP_75: 0.6000  coco/bbox_mAP_s: 0.3170  coco/bbox_mAP_m: 0.6730  coco/bbox_mAP_l: 0.8150  data_time: 0.0005  time: 0.0942
2025/05/20 16:00:12 - mmengine - INFO - Epoch(train) [168][ 50/420]  base_lr: 1.0000e-02 lr: 1.7830e-03  eta: 5:57:40  time: 1.5760  data_time: 0.0388  memory: 10410  grad_norm: 22.7928  loss: 16.9320  loss_cls: 3.3286  loss_bbox: 6.3189  loss_dfl: 7.2846
2025/05/20 16:01:29 - mmengine - INFO - Epoch(train) [168][100/420]  base_lr: 1.0000e-02 lr: 1.7830e-03  eta: 5:56:21  time: 1.5455  data_time: 0.0070  memory: 10512  grad_norm: 21.6335  loss: 16.9130  loss_cls: 3.3137  loss_bbox: 6.3693  loss_dfl: 7.2300
2025/05/20 16:02:47 - mmengine - INFO - Epoch(train) [168][150/420]  base_lr: 1.0000e-02 lr: 1.7830e-03  eta: 5:55:03  time: 1.5515  data_time: 0.0070  memory: 10581  grad_norm: 23.6838  loss: 17.1583  loss_cls: 3.3848  loss_bbox: 6.4078  loss_dfl: 7.3657
2025/05/20 16:04:05 - mmengine - INFO - Epoch(train) [168][200/420]  base_lr: 1.0000e-02 lr: 1.7830e-03  eta: 5:53:45  time: 1.5513  data_time: 0.0069  memory: 10533  grad_norm: 21.6516  loss: 16.8233  loss_cls: 3.3077  loss_bbox: 6.2669  loss_dfl: 7.2487
2025/05/20 16:05:22 - mmengine - INFO - Epoch(train) [168][250/420]  base_lr: 1.0000e-02 lr: 1.7830e-03  eta: 5:52:26  time: 1.5480  data_time: 0.0070  memory: 10549  grad_norm: 22.1777  loss: 16.8625  loss_cls: 3.2977  loss_bbox: 6.2946  loss_dfl: 7.2702
2025/05/20 16:06:40 - mmengine - INFO - Epoch(train) [168][300/420]  base_lr: 1.0000e-02 lr: 1.7830e-03  eta: 5:51:07  time: 1.5502  data_time: 0.0070  memory: 10507  grad_norm: 21.9367  loss: 17.1112  loss_cls: 3.3773  loss_bbox: 6.4457  loss_dfl: 7.2882
2025/05/20 16:07:57 - mmengine - INFO - Epoch(train) [168][350/420]  base_lr: 1.0000e-02 lr: 1.7830e-03  eta: 5:49:49  time: 1.5519  data_time: 0.0070  memory: 10437  grad_norm: 23.1732  loss: 17.0160  loss_cls: 3.3092  loss_bbox: 6.3831  loss_dfl: 7.3236
2025/05/20 16:09:15 - mmengine - INFO - Epoch(train) [168][400/420]  base_lr: 1.0000e-02 lr: 1.7830e-03  eta: 5:48:32  time: 1.5533  data_time: 0.0073  memory: 10480  grad_norm: 23.0184  loss: 17.2181  loss_cls: 3.4138  loss_bbox: 6.4730  loss_dfl: 7.3313
2025/05/20 16:09:46 - mmengine - INFO - Exp name: yolov8_mambatransformer_20250520_141944
2025/05/20 16:09:46 - mmengine - INFO - Saving checkpoint at 168 epochs
2025/05/20 16:09:57 - mmengine - INFO - Epoch(val) [168][ 50/781]    eta: 0:01:19  time: 0.1094  data_time: 0.0024  memory: 10421  
2025/05/20 16:10:02 - mmengine - INFO - Epoch(val) [168][100/781]    eta: 0:01:12  time: 0.1030  data_time: 0.0017  memory: 1000  
2025/05/20 16:10:07 - mmengine - INFO - Epoch(val) [168][150/781]    eta: 0:01:06  time: 0.1025  data_time: 0.0013  memory: 1000  
2025/05/20 16:10:12 - mmengine - INFO - Epoch(val) [168][200/781]    eta: 0:00:59  time: 0.0971  data_time: 0.0004  memory: 1000  
2025/05/20 16:10:16 - mmengine - INFO - Epoch(val) [168][250/781]    eta: 0:00:53  time: 0.0911  data_time: 0.0004  memory: 1000  
2025/05/20 16:10:21 - mmengine - INFO - Epoch(val) [168][300/781]    eta: 0:00:47  time: 0.0910  data_time: 0.0004  memory: 1000  
2025/05/20 16:10:25 - mmengine - INFO - Epoch(val) [168][350/781]    eta: 0:00:42  time: 0.0914  data_time: 0.0004  memory: 1000  
2025/05/20 16:10:30 - mmengine - INFO - Epoch(val) [168][400/781]    eta: 0:00:36  time: 0.0853  data_time: 0.0004  memory: 1000  
2025/05/20 16:10:34 - mmengine - INFO - Epoch(val) [168][450/781]    eta: 0:00:31  time: 0.0905  data_time: 0.0004  memory: 1000  
2025/05/20 16:10:39 - mmengine - INFO - Epoch(val) [168][500/781]    eta: 0:00:26  time: 0.0909  data_time: 0.0004  memory: 1000  
2025/05/20 16:10:43 - mmengine - INFO - Epoch(val) [168][550/781]    eta: 0:00:21  time: 0.0909  data_time: 0.0004  memory: 1000  
2025/05/20 16:10:48 - mmengine - INFO - Epoch(val) [168][600/781]    eta: 0:00:17  time: 0.0908  data_time: 0.0004  memory: 1000  
2025/05/20 16:10:53 - mmengine - INFO - Epoch(val) [168][650/781]    eta: 0:00:12  time: 0.0909  data_time: 0.0004  memory: 1000  
2025/05/20 16:10:57 - mmengine - INFO - Epoch(val) [168][700/781]    eta: 0:00:07  time: 0.0909  data_time: 0.0004  memory: 1000  
2025/05/20 16:11:02 - mmengine - INFO - Epoch(val) [168][750/781]    eta: 0:00:02  time: 0.0910  data_time: 0.0004  memory: 1000  
2025/05/20 16:11:05 - mmengine - INFO - Evaluating bbox...
2025/05/20 16:11:09 - mmengine - INFO - 
+------------+-------+--------+--------+-------+-------+-------+
| category   | mAP   | mAP_50 | mAP_75 | mAP_s | mAP_m | mAP_l |
+------------+-------+--------+--------+-------+-------+-------+
| Car        | 0.684 | 0.921  | 0.756  | 0.407 | 0.715 | 0.886 |
| Truck      | 0.618 | 0.864  | 0.677  | 0.326 | 0.638 | 0.788 |
| People     | 0.503 | 0.845  | 0.511  | 0.333 | 0.689 | 0.756 |
| Bus        | 0.716 | 0.903  | 0.762  | 0.367 | 0.68  | 0.834 |
| Lamp       | 0.433 | 0.778  | 0.439  | 0.379 | 0.71  | nan   |
| Motorcycle | 0.408 | 0.692  | 0.454  | 0.093 | 0.606 | 0.807 |
+------------+-------+--------+--------+-------+-------+-------+
2025/05/20 16:11:09 - mmengine - INFO - bbox_mAP_copypaste: 0.560 0.834 0.600 0.317 0.673 0.814
2025/05/20 16:11:09 - mmengine - INFO - Epoch(val) [168][781/781]    coco/Car_precision: 0.6840  coco/Truck_precision: 0.6180  coco/People_precision: 0.5030  coco/Bus_precision: 0.7160  coco/Lamp_precision: 0.4330  coco/Motorcycle_precision: 0.4080  coco/bbox_mAP: 0.5600  coco/bbox_mAP_50: 0.8340  coco/bbox_mAP_75: 0.6000  coco/bbox_mAP_s: 0.3170  coco/bbox_mAP_m: 0.6730  coco/bbox_mAP_l: 0.8140  data_time: 0.0007  time: 0.0936
2025/05/20 16:12:28 - mmengine - INFO - Epoch(train) [169][ 50/420]  base_lr: 1.0000e-02 lr: 1.7335e-03  eta: 5:46:48  time: 1.5794  data_time: 0.0376  memory: 10512  grad_norm: 21.9238  loss: 17.0555  loss_cls: 3.3685  loss_bbox: 6.4283  loss_dfl: 7.2587
2025/05/20 16:13:45 - mmengine - INFO - Epoch(train) [169][100/420]  base_lr: 1.0000e-02 lr: 1.7335e-03  eta: 5:45:29  time: 1.5466  data_time: 0.0071  memory: 10448  grad_norm: 22.2481  loss: 17.0558  loss_cls: 3.3578  loss_bbox: 6.3824  loss_dfl: 7.3156
2025/05/20 16:15:03 - mmengine - INFO - Epoch(train) [169][150/420]  base_lr: 1.0000e-02 lr: 1.7335e-03  eta: 5:44:11  time: 1.5505  data_time: 0.0071  memory: 10507  grad_norm: 21.8645  loss: 16.9144  loss_cls: 3.2801  loss_bbox: 6.3270  loss_dfl: 7.3073
2025/05/20 16:16:20 - mmengine - INFO - Epoch(train) [169][200/420]  base_lr: 1.0000e-02 lr: 1.7335e-03  eta: 5:42:52  time: 1.5465  data_time: 0.0070  memory: 10490  grad_norm: 23.8516  loss: 17.2476  loss_cls: 3.4135  loss_bbox: 6.4518  loss_dfl: 7.3822
2025/05/20 16:17:38 - mmengine - INFO - Epoch(train) [169][250/420]  base_lr: 1.0000e-02 lr: 1.7335e-03  eta: 5:41:33  time: 1.5475  data_time: 0.0071  memory: 10528  grad_norm: 22.5217  loss: 17.2870  loss_cls: 3.4119  loss_bbox: 6.5819  loss_dfl: 7.2932
2025/05/20 16:18:55 - mmengine - INFO - Epoch(train) [169][300/420]  base_lr: 1.0000e-02 lr: 1.7335e-03  eta: 5:40:14  time: 1.5462  data_time: 0.0071  memory: 10458  grad_norm: 23.2226  loss: 16.6085  loss_cls: 3.2365  loss_bbox: 6.1134  loss_dfl: 7.2587
2025/05/20 16:20:12 - mmengine - INFO - Epoch(train) [169][350/420]  base_lr: 1.0000e-02 lr: 1.7335e-03  eta: 5:38:55  time: 1.5469  data_time: 0.0071  memory: 10480  grad_norm: 22.4063  loss: 17.0538  loss_cls: 3.3686  loss_bbox: 6.3967  loss_dfl: 7.2885
2025/05/20 16:21:30 - mmengine - INFO - Epoch(train) [169][400/420]  base_lr: 1.0000e-02 lr: 1.7335e-03  eta: 5:37:37  time: 1.5487  data_time: 0.0071  memory: 10507  grad_norm: 23.3044  loss: 17.1890  loss_cls: 3.4028  loss_bbox: 6.4602  loss_dfl: 7.3260
2025/05/20 16:22:01 - mmengine - INFO - Exp name: yolov8_mambatransformer_20250520_141944
2025/05/20 16:22:01 - mmengine - INFO - Saving checkpoint at 169 epochs
2025/05/20 16:22:12 - mmengine - INFO - Epoch(val) [169][ 50/781]    eta: 0:01:19  time: 0.1092  data_time: 0.0019  memory: 10448  
2025/05/20 16:22:17 - mmengine - INFO - Epoch(val) [169][100/781]    eta: 0:01:14  time: 0.1100  data_time: 0.0007  memory: 1000  
2025/05/20 16:22:23 - mmengine - INFO - Epoch(val) [169][150/781]    eta: 0:01:12  time: 0.1238  data_time: 0.0053  memory: 1000  
2025/05/20 16:22:29 - mmengine - INFO - Epoch(val) [169][200/781]    eta: 0:01:07  time: 0.1207  data_time: 0.0042  memory: 1000  
2025/05/20 16:22:36 - mmengine - INFO - Epoch(val) [169][250/781]    eta: 0:01:02  time: 0.1275  data_time: 0.0071  memory: 1000  
2025/05/20 16:22:40 - mmengine - INFO - Epoch(val) [169][300/781]    eta: 0:00:54  time: 0.0844  data_time: 0.0027  memory: 1000  
2025/05/20 16:22:45 - mmengine - INFO - Epoch(val) [169][350/781]    eta: 0:00:47  time: 0.0913  data_time: 0.0005  memory: 1000  
2025/05/20 16:22:50 - mmengine - INFO - Epoch(val) [169][400/781]    eta: 0:00:41  time: 0.0962  data_time: 0.0005  memory: 1000  
2025/05/20 16:22:54 - mmengine - INFO - Epoch(val) [169][450/781]    eta: 0:00:35  time: 0.0911  data_time: 0.0004  memory: 1000  
2025/05/20 16:22:59 - mmengine - INFO - Epoch(val) [169][500/781]    eta: 0:00:29  time: 0.0911  data_time: 0.0004  memory: 1000  
2025/05/20 16:23:03 - mmengine - INFO - Epoch(val) [169][550/781]    eta: 0:00:23  time: 0.0911  data_time: 0.0004  memory: 1000  
2025/05/20 16:23:08 - mmengine - INFO - Epoch(val) [169][600/781]    eta: 0:00:18  time: 0.0911  data_time: 0.0004  memory: 1000  
2025/05/20 16:23:12 - mmengine - INFO - Epoch(val) [169][650/781]    eta: 0:00:13  time: 0.0911  data_time: 0.0004  memory: 1000  
2025/05/20 16:23:17 - mmengine - INFO - Epoch(val) [169][700/781]    eta: 0:00:08  time: 0.0911  data_time: 0.0004  memory: 1000  
2025/05/20 16:23:22 - mmengine - INFO - Epoch(val) [169][750/781]    eta: 0:00:03  time: 0.0913  data_time: 0.0004  memory: 1000  
2025/05/20 16:23:25 - mmengine - INFO - Evaluating bbox...
2025/05/20 16:23:29 - mmengine - INFO - 
+------------+-------+--------+--------+-------+-------+-------+
| category   | mAP   | mAP_50 | mAP_75 | mAP_s | mAP_m | mAP_l |
+------------+-------+--------+--------+-------+-------+-------+
| Car        | 0.684 | 0.921  | 0.755  | 0.408 | 0.715 | 0.886 |
| Truck      | 0.618 | 0.863  | 0.676  | 0.328 | 0.637 | 0.789 |
| People     | 0.503 | 0.845  | 0.511  | 0.333 | 0.689 | 0.756 |
| Bus        | 0.717 | 0.904  | 0.767  | 0.369 | 0.68  | 0.836 |
| Lamp       | 0.434 | 0.774  | 0.449  | 0.38  | 0.713 | nan   |
| Motorcycle | 0.409 | 0.692  | 0.455  | 0.093 | 0.607 | 0.807 |
+------------+-------+--------+--------+-------+-------+-------+
2025/05/20 16:23:29 - mmengine - INFO - bbox_mAP_copypaste: 0.561 0.833 0.602 0.318 0.674 0.815
2025/05/20 16:23:29 - mmengine - INFO - Epoch(val) [169][781/781]    coco/Car_precision: 0.6840  coco/Truck_precision: 0.6180  coco/People_precision: 0.5030  coco/Bus_precision: 0.7170  coco/Lamp_precision: 0.4340  coco/Motorcycle_precision: 0.4090  coco/bbox_mAP: 0.5610  coco/bbox_mAP_50: 0.8330  coco/bbox_mAP_75: 0.6020  coco/bbox_mAP_s: 0.3180  coco/bbox_mAP_m: 0.6740  coco/bbox_mAP_l: 0.8150  data_time: 0.0017  time: 0.0997
2025/05/20 16:24:02 - mmengine - INFO - Exp name: yolov8_mambatransformer_20250520_141944
2025/05/20 16:24:48 - mmengine - INFO - Epoch(train) [170][ 50/420]  base_lr: 1.0000e-02 lr: 1.6840e-03  eta: 5:35:53  time: 1.5797  data_time: 0.0372  memory: 10490  grad_norm: 22.1620  loss: 16.8681  loss_cls: 3.3199  loss_bbox: 6.2823  loss_dfl: 7.2659
2025/05/20 16:26:05 - mmengine - INFO - Epoch(train) [170][100/420]  base_lr: 1.0000e-02 lr: 1.6840e-03  eta: 5:34:34  time: 1.5477  data_time: 0.0070  memory: 10485  grad_norm: 23.4095  loss: 16.9420  loss_cls: 3.3042  loss_bbox: 6.3107  loss_dfl: 7.3271
2025/05/20 16:27:23 - mmengine - INFO - Epoch(train) [170][150/420]  base_lr: 1.0000e-02 lr: 1.6840e-03  eta: 5:33:16  time: 1.5480  data_time: 0.0071  memory: 10389  grad_norm: 23.1484  loss: 16.8208  loss_cls: 3.2299  loss_bbox: 6.2245  loss_dfl: 7.3664
2025/05/20 16:28:40 - mmengine - INFO - Epoch(train) [170][200/420]  base_lr: 1.0000e-02 lr: 1.6840e-03  eta: 5:31:58  time: 1.5503  data_time: 0.0070  memory: 10442  grad_norm: 22.0424  loss: 17.0684  loss_cls: 3.3757  loss_bbox: 6.4182  loss_dfl: 7.2745
2025/05/20 16:29:58 - mmengine - INFO - Epoch(train) [170][250/420]  base_lr: 1.0000e-02 lr: 1.6840e-03  eta: 5:30:39  time: 1.5464  data_time: 0.0071  memory: 10469  grad_norm: 23.2604  loss: 17.0844  loss_cls: 3.3518  loss_bbox: 6.4166  loss_dfl: 7.3160
2025/05/20 16:31:15 - mmengine - INFO - Epoch(train) [170][300/420]  base_lr: 1.0000e-02 lr: 1.6840e-03  eta: 5:29:20  time: 1.5459  data_time: 0.0070  memory: 10426  grad_norm: 20.9869  loss: 16.3865  loss_cls: 3.1620  loss_bbox: 5.9948  loss_dfl: 7.2297
2025/05/20 16:32:32 - mmengine - INFO - Epoch(train) [170][350/420]  base_lr: 1.0000e-02 lr: 1.6840e-03  eta: 5:28:02  time: 1.5482  data_time: 0.0070  memory: 10469  grad_norm: 21.7761  loss: 16.9626  loss_cls: 3.3169  loss_bbox: 6.3585  loss_dfl: 7.2871
2025/05/20 16:33:50 - mmengine - INFO - Epoch(train) [170][400/420]  base_lr: 1.0000e-02 lr: 1.6840e-03  eta: 5:26:43  time: 1.5483  data_time: 0.0071  memory: 10485  grad_norm: 23.1090  loss: 16.8909  loss_cls: 3.3543  loss_bbox: 6.3151  loss_dfl: 7.2214
2025/05/20 16:34:21 - mmengine - INFO - Exp name: yolov8_mambatransformer_20250520_141944
2025/05/20 16:34:21 - mmengine - INFO - Saving checkpoint at 170 epochs
2025/05/20 16:34:32 - mmengine - INFO - Epoch(val) [170][ 50/781]    eta: 0:01:17  time: 0.1063  data_time: 0.0018  memory: 10474  
2025/05/20 16:34:37 - mmengine - INFO - Epoch(val) [170][100/781]    eta: 0:01:10  time: 0.1018  data_time: 0.0004  memory: 1000  
2025/05/20 16:34:42 - mmengine - INFO - Epoch(val) [170][150/781]    eta: 0:01:05  time: 0.1026  data_time: 0.0004  memory: 1000  
2025/05/20 16:34:47 - mmengine - INFO - Epoch(val) [170][200/781]    eta: 0:01:00  time: 0.1035  data_time: 0.0009  memory: 1000  
2025/05/20 16:34:51 - mmengine - INFO - Epoch(val) [170][250/781]    eta: 0:00:52  time: 0.0758  data_time: 0.0004  memory: 1000  
2025/05/20 16:34:54 - mmengine - INFO - Epoch(val) [170][300/781]    eta: 0:00:45  time: 0.0732  data_time: 0.0003  memory: 1000  
2025/05/20 16:34:58 - mmengine - INFO - Epoch(val) [170][350/781]    eta: 0:00:39  time: 0.0731  data_time: 0.0003  memory: 1000  
2025/05/20 16:35:02 - mmengine - INFO - Epoch(val) [170][400/781]    eta: 0:00:34  time: 0.0821  data_time: 0.0004  memory: 1000  
2025/05/20 16:35:07 - mmengine - INFO - Epoch(val) [170][450/781]    eta: 0:00:29  time: 0.0916  data_time: 0.0004  memory: 1000  
2025/05/20 16:35:11 - mmengine - INFO - Epoch(val) [170][500/781]    eta: 0:00:25  time: 0.0917  data_time: 0.0004  memory: 1000  
2025/05/20 16:35:16 - mmengine - INFO - Epoch(val) [170][550/781]    eta: 0:00:20  time: 0.0916  data_time: 0.0004  memory: 1000  
2025/05/20 16:35:21 - mmengine - INFO - Epoch(val) [170][600/781]    eta: 0:00:16  time: 0.0916  data_time: 0.0004  memory: 1000  
2025/05/20 16:35:25 - mmengine - INFO - Epoch(val) [170][650/781]    eta: 0:00:11  time: 0.0917  data_time: 0.0004  memory: 1000  
2025/05/20 16:35:30 - mmengine - INFO - Epoch(val) [170][700/781]    eta: 0:00:07  time: 0.0916  data_time: 0.0004  memory: 1000  
2025/05/20 16:35:35 - mmengine - INFO - Epoch(val) [170][750/781]    eta: 0:00:02  time: 0.0917  data_time: 0.0004  memory: 1000  
2025/05/20 16:35:38 - mmengine - INFO - Evaluating bbox...
2025/05/20 16:35:42 - mmengine - INFO - 
+------------+-------+--------+--------+-------+-------+-------+
| category   | mAP   | mAP_50 | mAP_75 | mAP_s | mAP_m | mAP_l |
+------------+-------+--------+--------+-------+-------+-------+
| Car        | 0.685 | 0.921  | 0.755  | 0.408 | 0.717 | 0.886 |
| Truck      | 0.619 | 0.864  | 0.682  | 0.328 | 0.637 | 0.791 |
| People     | 0.503 | 0.844  | 0.511  | 0.332 | 0.688 | 0.757 |
| Bus        | 0.718 | 0.903  | 0.767  | 0.37  | 0.68  | 0.837 |
| Lamp       | 0.434 | 0.777  | 0.448  | 0.38  | 0.715 | nan   |
| Motorcycle | 0.41  | 0.689  | 0.455  | 0.093 | 0.611 | 0.807 |
+------------+-------+--------+--------+-------+-------+-------+
2025/05/20 16:35:42 - mmengine - INFO - bbox_mAP_copypaste: 0.562 0.833 0.603 0.318 0.675 0.816
2025/05/20 16:35:42 - mmengine - INFO - Epoch(val) [170][781/781]    coco/Car_precision: 0.6850  coco/Truck_precision: 0.6190  coco/People_precision: 0.5030  coco/Bus_precision: 0.7180  coco/Lamp_precision: 0.4340  coco/Motorcycle_precision: 0.4100  coco/bbox_mAP: 0.5620  coco/bbox_mAP_50: 0.8330  coco/bbox_mAP_75: 0.6030  coco/bbox_mAP_s: 0.3180  coco/bbox_mAP_m: 0.6750  coco/bbox_mAP_l: 0.8160  data_time: 0.0005  time: 0.0907
2025/05/20 16:37:01 - mmengine - INFO - Epoch(train) [171][ 50/420]  base_lr: 1.0000e-02 lr: 1.6345e-03  eta: 5:24:59  time: 1.5790  data_time: 0.0388  memory: 10464  grad_norm: 22.5548  loss: 16.9051  loss_cls: 3.3033  loss_bbox: 6.2875  loss_dfl: 7.3143
2025/05/20 16:38:18 - mmengine - INFO - Epoch(train) [171][100/420]  base_lr: 1.0000e-02 lr: 1.6345e-03  eta: 5:23:40  time: 1.5478  data_time: 0.0071  memory: 10501  grad_norm: 23.9260  loss: 17.3302  loss_cls: 3.4184  loss_bbox: 6.5775  loss_dfl: 7.3343
2025/05/20 16:39:36 - mmengine - INFO - Epoch(train) [171][150/420]  base_lr: 1.0000e-02 lr: 1.6345e-03  eta: 5:22:21  time: 1.5461  data_time: 0.0071  memory: 10426  grad_norm: 22.1294  loss: 16.8331  loss_cls: 3.2565  loss_bbox: 6.3294  loss_dfl: 7.2472
2025/05/20 16:40:53 - mmengine - INFO - Epoch(train) [171][200/420]  base_lr: 1.0000e-02 lr: 1.6345e-03  eta: 5:21:03  time: 1.5468  data_time: 0.0071  memory: 10533  grad_norm: 21.7401  loss: 16.9748  loss_cls: 3.2907  loss_bbox: 6.3459  loss_dfl: 7.3383
2025/05/20 16:42:11 - mmengine - INFO - Epoch(train) [171][250/420]  base_lr: 1.0000e-02 lr: 1.6345e-03  eta: 5:19:44  time: 1.5478  data_time: 0.0071  memory: 10485  grad_norm: 22.5618  loss: 17.0633  loss_cls: 3.4043  loss_bbox: 6.4011  loss_dfl: 7.2580
2025/05/20 16:43:28 - mmengine - INFO - Epoch(train) [171][300/420]  base_lr: 1.0000e-02 lr: 1.6345e-03  eta: 5:18:26  time: 1.5472  data_time: 0.0072  memory: 10538  grad_norm: 22.8268  loss: 17.0158  loss_cls: 3.3285  loss_bbox: 6.3329  loss_dfl: 7.3544
2025/05/20 16:44:45 - mmengine - INFO - Epoch(train) [171][350/420]  base_lr: 1.0000e-02 lr: 1.6345e-03  eta: 5:17:08  time: 1.5469  data_time: 0.0071  memory: 10442  grad_norm: 22.0484  loss: 17.0186  loss_cls: 3.3245  loss_bbox: 6.3954  loss_dfl: 7.2987
2025/05/20 16:46:03 - mmengine - INFO - Epoch(train) [171][400/420]  base_lr: 1.0000e-02 lr: 1.6345e-03  eta: 5:15:49  time: 1.5472  data_time: 0.0072  memory: 10458  grad_norm: 22.4021  loss: 17.0799  loss_cls: 3.3375  loss_bbox: 6.4188  loss_dfl: 7.3236
2025/05/20 16:46:34 - mmengine - INFO - Exp name: yolov8_mambatransformer_20250520_141944
2025/05/20 16:46:34 - mmengine - INFO - Saving checkpoint at 171 epochs
2025/05/20 16:46:44 - mmengine - INFO - Epoch(val) [171][ 50/781]    eta: 0:01:37  time: 0.1330  data_time: 0.0040  memory: 10432  
2025/05/20 16:46:50 - mmengine - INFO - Epoch(val) [171][100/781]    eta: 0:01:24  time: 0.1164  data_time: 0.0007  memory: 1000  
2025/05/20 16:46:56 - mmengine - INFO - Epoch(val) [171][150/781]    eta: 0:01:16  time: 0.1157  data_time: 0.0006  memory: 1000  
2025/05/20 16:47:02 - mmengine - INFO - Epoch(val) [171][200/781]    eta: 0:01:09  time: 0.1148  data_time: 0.0004  memory: 1000  
2025/05/20 16:47:08 - mmengine - INFO - Epoch(val) [171][250/781]    eta: 0:01:03  time: 0.1218  data_time: 0.0023  memory: 1000  
2025/05/20 16:47:13 - mmengine - INFO - Epoch(val) [171][300/781]    eta: 0:00:57  time: 0.1122  data_time: 0.0004  memory: 1000  
2025/05/20 16:47:19 - mmengine - INFO - Epoch(val) [171][350/781]    eta: 0:00:50  time: 0.1142  data_time: 0.0007  memory: 1000  
2025/05/20 16:47:23 - mmengine - INFO - Epoch(val) [171][400/781]    eta: 0:00:43  time: 0.0808  data_time: 0.0004  memory: 1000  
2025/05/20 16:47:27 - mmengine - INFO - Epoch(val) [171][450/781]    eta: 0:00:36  time: 0.0781  data_time: 0.0004  memory: 1000  
2025/05/20 16:47:31 - mmengine - INFO - Epoch(val) [171][500/781]    eta: 0:00:29  time: 0.0752  data_time: 0.0004  memory: 1000  
2025/05/20 16:47:35 - mmengine - INFO - Epoch(val) [171][550/781]    eta: 0:00:23  time: 0.0750  data_time: 0.0004  memory: 1000  
2025/05/20 16:47:39 - mmengine - INFO - Epoch(val) [171][600/781]    eta: 0:00:18  time: 0.0750  data_time: 0.0003  memory: 1000  
2025/05/20 16:47:42 - mmengine - INFO - Epoch(val) [171][650/781]    eta: 0:00:12  time: 0.0749  data_time: 0.0003  memory: 1000  
2025/05/20 16:47:46 - mmengine - INFO - Epoch(val) [171][700/781]    eta: 0:00:07  time: 0.0749  data_time: 0.0003  memory: 1000  
2025/05/20 16:47:50 - mmengine - INFO - Epoch(val) [171][750/781]    eta: 0:00:02  time: 0.0750  data_time: 0.0004  memory: 1000  
2025/05/20 16:47:52 - mmengine - INFO - Evaluating bbox...
2025/05/20 16:47:57 - mmengine - INFO - 
+------------+-------+--------+--------+-------+-------+-------+
| category   | mAP   | mAP_50 | mAP_75 | mAP_s | mAP_m | mAP_l |
+------------+-------+--------+--------+-------+-------+-------+
| Car        | 0.686 | 0.921  | 0.756  | 0.409 | 0.717 | 0.887 |
| Truck      | 0.618 | 0.864  | 0.677  | 0.326 | 0.637 | 0.792 |
| People     | 0.503 | 0.845  | 0.512  | 0.333 | 0.688 | 0.758 |
| Bus        | 0.718 | 0.903  | 0.773  | 0.371 | 0.679 | 0.837 |
| Lamp       | 0.434 | 0.775  | 0.447  | 0.381 | 0.712 | nan   |
| Motorcycle | 0.41  | 0.688  | 0.456  | 0.092 | 0.611 | 0.807 |
+------------+-------+--------+--------+-------+-------+-------+
2025/05/20 16:47:57 - mmengine - INFO - bbox_mAP_copypaste: 0.562 0.833 0.603 0.319 0.674 0.816
2025/05/20 16:47:57 - mmengine - INFO - Epoch(val) [171][781/781]    coco/Car_precision: 0.6860  coco/Truck_precision: 0.6180  coco/People_precision: 0.5030  coco/Bus_precision: 0.7180  coco/Lamp_precision: 0.4340  coco/Motorcycle_precision: 0.4100  coco/bbox_mAP: 0.5620  coco/bbox_mAP_50: 0.8330  coco/bbox_mAP_75: 0.6030  coco/bbox_mAP_s: 0.3190  coco/bbox_mAP_m: 0.6740  coco/bbox_mAP_l: 0.8160  data_time: 0.0008  time: 0.0949
2025/05/20 16:49:16 - mmengine - INFO - Epoch(train) [172][ 50/420]  base_lr: 1.0000e-02 lr: 1.5850e-03  eta: 5:14:04  time: 1.5785  data_time: 0.0382  memory: 10437  grad_norm: 25.0121  loss: 17.2053  loss_cls: 3.3581  loss_bbox: 6.4883  loss_dfl: 7.3589
2025/05/20 16:50:33 - mmengine - INFO - Epoch(train) [172][100/420]  base_lr: 1.0000e-02 lr: 1.5850e-03  eta: 5:12:45  time: 1.5479  data_time: 0.0071  memory: 10490  grad_norm: 23.6903  loss: 17.0912  loss_cls: 3.3482  loss_bbox: 6.3850  loss_dfl: 7.3580
2025/05/20 16:51:50 - mmengine - INFO - Epoch(train) [172][150/420]  base_lr: 1.0000e-02 lr: 1.5850e-03  eta: 5:11:27  time: 1.5487  data_time: 0.0072  memory: 10400  grad_norm: 22.6758  loss: 16.5685  loss_cls: 3.2023  loss_bbox: 6.1532  loss_dfl: 7.2130
2025/05/20 16:52:37 - mmengine - INFO - Exp name: yolov8_mambatransformer_20250520_141944
2025/05/20 16:53:08 - mmengine - INFO - Epoch(train) [172][200/420]  base_lr: 1.0000e-02 lr: 1.5850e-03  eta: 5:10:09  time: 1.5479  data_time: 0.0072  memory: 10432  grad_norm: 22.4129  loss: 16.6210  loss_cls: 3.2402  loss_bbox: 6.1758  loss_dfl: 7.2050
2025/05/20 16:54:25 - mmengine - INFO - Epoch(train) [172][250/420]  base_lr: 1.0000e-02 lr: 1.5850e-03  eta: 5:08:50  time: 1.5477  data_time: 0.0071  memory: 10480  grad_norm: 23.8176  loss: 16.9712  loss_cls: 3.3002  loss_bbox: 6.3485  loss_dfl: 7.3225
2025/05/20 16:55:43 - mmengine - INFO - Epoch(train) [172][300/420]  base_lr: 1.0000e-02 lr: 1.5850e-03  eta: 5:07:32  time: 1.5507  data_time: 0.0071  memory: 10405  grad_norm: 22.6777  loss: 16.8395  loss_cls: 3.2994  loss_bbox: 6.2673  loss_dfl: 7.2728
2025/05/20 16:57:00 - mmengine - INFO - Epoch(train) [172][350/420]  base_lr: 1.0000e-02 lr: 1.5850e-03  eta: 5:06:14  time: 1.5476  data_time: 0.0071  memory: 10448  grad_norm: 23.8775  loss: 16.8778  loss_cls: 3.3323  loss_bbox: 6.3129  loss_dfl: 7.2326
2025/05/20 16:58:18 - mmengine - INFO - Epoch(train) [172][400/420]  base_lr: 1.0000e-02 lr: 1.5850e-03  eta: 5:04:56  time: 1.5478  data_time: 0.0072  memory: 10400  grad_norm: 22.7096  loss: 16.7739  loss_cls: 3.2412  loss_bbox: 6.1777  loss_dfl: 7.3551
2025/05/20 16:58:49 - mmengine - INFO - Exp name: yolov8_mambatransformer_20250520_141944
2025/05/20 16:58:49 - mmengine - INFO - Saving checkpoint at 172 epochs
2025/05/20 16:58:58 - mmengine - INFO - Epoch(val) [172][ 50/781]    eta: 0:01:19  time: 0.1090  data_time: 0.0015  memory: 10464  
2025/05/20 16:59:03 - mmengine - INFO - Epoch(val) [172][100/781]    eta: 0:01:15  time: 0.1130  data_time: 0.0005  memory: 1000  
2025/05/20 16:59:09 - mmengine - INFO - Epoch(val) [172][150/781]    eta: 0:01:10  time: 0.1144  data_time: 0.0028  memory: 1000  
2025/05/20 16:59:15 - mmengine - INFO - Epoch(val) [172][200/781]    eta: 0:01:05  time: 0.1172  data_time: 0.0007  memory: 1000  
2025/05/20 16:59:21 - mmengine - INFO - Epoch(val) [172][250/781]    eta: 0:01:00  time: 0.1167  data_time: 0.0010  memory: 1000  
2025/05/20 16:59:26 - mmengine - INFO - Epoch(val) [172][300/781]    eta: 0:00:54  time: 0.1083  data_time: 0.0012  memory: 1000  
2025/05/20 16:59:32 - mmengine - INFO - Epoch(val) [172][350/781]    eta: 0:00:48  time: 0.1170  data_time: 0.0012  memory: 1000  
2025/05/20 16:59:38 - mmengine - INFO - Epoch(val) [172][400/781]    eta: 0:00:43  time: 0.1139  data_time: 0.0005  memory: 1000  
2025/05/20 16:59:42 - mmengine - INFO - Epoch(val) [172][450/781]    eta: 0:00:36  time: 0.0867  data_time: 0.0004  memory: 1000  
2025/05/20 16:59:47 - mmengine - INFO - Epoch(val) [172][500/781]    eta: 0:00:30  time: 0.0890  data_time: 0.0004  memory: 1000  
2025/05/20 16:59:51 - mmengine - INFO - Epoch(val) [172][550/781]    eta: 0:00:24  time: 0.0833  data_time: 0.0004  memory: 1000  
2025/05/20 16:59:56 - mmengine - INFO - Epoch(val) [172][600/781]    eta: 0:00:19  time: 0.0912  data_time: 0.0004  memory: 1000  
2025/05/20 17:00:00 - mmengine - INFO - Epoch(val) [172][650/781]    eta: 0:00:13  time: 0.0913  data_time: 0.0004  memory: 1000  
2025/05/20 17:00:05 - mmengine - INFO - Epoch(val) [172][700/781]    eta: 0:00:08  time: 0.0912  data_time: 0.0004  memory: 1000  
2025/05/20 17:00:09 - mmengine - INFO - Epoch(val) [172][750/781]    eta: 0:00:03  time: 0.0913  data_time: 0.0004  memory: 1000  
2025/05/20 17:00:13 - mmengine - INFO - Evaluating bbox...
2025/05/20 17:00:17 - mmengine - INFO - 
+------------+-------+--------+--------+-------+-------+-------+
| category   | mAP   | mAP_50 | mAP_75 | mAP_s | mAP_m | mAP_l |
+------------+-------+--------+--------+-------+-------+-------+
| Car        | 0.686 | 0.921  | 0.756  | 0.41  | 0.718 | 0.888 |
| Truck      | 0.618 | 0.864  | 0.677  | 0.33  | 0.637 | 0.789 |
| People     | 0.504 | 0.845  | 0.512  | 0.334 | 0.688 | 0.759 |
| Bus        | 0.717 | 0.904  | 0.776  | 0.374 | 0.679 | 0.834 |
| Lamp       | 0.436 | 0.781  | 0.448  | 0.383 | 0.712 | nan   |
| Motorcycle | 0.409 | 0.689  | 0.455  | 0.092 | 0.609 | 0.807 |
+------------+-------+--------+--------+-------+-------+-------+
2025/05/20 17:00:17 - mmengine - INFO - bbox_mAP_copypaste: 0.562 0.834 0.604 0.320 0.674 0.815
2025/05/20 17:00:17 - mmengine - INFO - Epoch(val) [172][781/781]    coco/Car_precision: 0.6860  coco/Truck_precision: 0.6180  coco/People_precision: 0.5040  coco/Bus_precision: 0.7170  coco/Lamp_precision: 0.4360  coco/Motorcycle_precision: 0.4090  coco/bbox_mAP: 0.5620  coco/bbox_mAP_50: 0.8340  coco/bbox_mAP_75: 0.6040  coco/bbox_mAP_s: 0.3200  coco/bbox_mAP_m: 0.6740  coco/bbox_mAP_l: 0.8150  data_time: 0.0008  time: 0.1018
2025/05/20 17:01:36 - mmengine - INFO - Epoch(train) [173][ 50/420]  base_lr: 1.0000e-02 lr: 1.5355e-03  eta: 5:03:10  time: 1.5784  data_time: 0.0379  memory: 10474  grad_norm: 23.3164  loss: 16.7210  loss_cls: 3.2778  loss_bbox: 6.2082  loss_dfl: 7.2351
2025/05/20 17:02:53 - mmengine - INFO - Epoch(train) [173][100/420]  base_lr: 1.0000e-02 lr: 1.5355e-03  eta: 5:01:51  time: 1.5496  data_time: 0.0071  memory: 10405  grad_norm: 23.0275  loss: 16.8048  loss_cls: 3.2253  loss_bbox: 6.3268  loss_dfl: 7.2526
2025/05/20 17:04:11 - mmengine - INFO - Epoch(train) [173][150/420]  base_lr: 1.0000e-02 lr: 1.5355e-03  eta: 5:00:33  time: 1.5493  data_time: 0.0072  memory: 10501  grad_norm: 23.0068  loss: 16.5993  loss_cls: 3.1829  loss_bbox: 6.1157  loss_dfl: 7.3007
2025/05/20 17:05:28 - mmengine - INFO - Epoch(train) [173][200/420]  base_lr: 1.0000e-02 lr: 1.5355e-03  eta: 4:59:16  time: 1.5526  data_time: 0.0070  memory: 10352  grad_norm: 22.5263  loss: 16.8083  loss_cls: 3.2567  loss_bbox: 6.2530  loss_dfl: 7.2985
2025/05/20 17:06:46 - mmengine - INFO - Epoch(train) [173][250/420]  base_lr: 1.0000e-02 lr: 1.5355e-03  eta: 4:57:57  time: 1.5481  data_time: 0.0071  memory: 10405  grad_norm: 24.0757  loss: 16.8706  loss_cls: 3.2854  loss_bbox: 6.2441  loss_dfl: 7.3411
2025/05/20 17:08:03 - mmengine - INFO - Epoch(train) [173][300/420]  base_lr: 1.0000e-02 lr: 1.5355e-03  eta: 4:56:39  time: 1.5486  data_time: 0.0071  memory: 10458  grad_norm: 23.0356  loss: 16.9082  loss_cls: 3.3611  loss_bbox: 6.2938  loss_dfl: 7.2533
2025/05/20 17:09:21 - mmengine - INFO - Epoch(train) [173][350/420]  base_lr: 1.0000e-02 lr: 1.5355e-03  eta: 4:55:21  time: 1.5483  data_time: 0.0071  memory: 10426  grad_norm: 22.8820  loss: 16.6611  loss_cls: 3.2393  loss_bbox: 6.1316  loss_dfl: 7.2902
2025/05/20 17:10:38 - mmengine - INFO - Epoch(train) [173][400/420]  base_lr: 1.0000e-02 lr: 1.5355e-03  eta: 4:54:03  time: 1.5489  data_time: 0.0071  memory: 10442  grad_norm: 23.3276  loss: 16.9108  loss_cls: 3.3281  loss_bbox: 6.3096  loss_dfl: 7.2732
2025/05/20 17:11:09 - mmengine - INFO - Exp name: yolov8_mambatransformer_20250520_141944
2025/05/20 17:11:09 - mmengine - INFO - Saving checkpoint at 173 epochs
2025/05/20 17:11:18 - mmengine - INFO - Epoch(val) [173][ 50/781]    eta: 0:01:23  time: 0.1143  data_time: 0.0032  memory: 10400  
2025/05/20 17:11:24 - mmengine - INFO - Epoch(val) [173][100/781]    eta: 0:01:14  time: 0.1046  data_time: 0.0004  memory: 1000  
2025/05/20 17:11:29 - mmengine - INFO - Epoch(val) [173][150/781]    eta: 0:01:10  time: 0.1145  data_time: 0.0007  memory: 1000  
2025/05/20 17:11:35 - mmengine - INFO - Epoch(val) [173][200/781]    eta: 0:01:05  time: 0.1199  data_time: 0.0018  memory: 1000  
2025/05/20 17:11:41 - mmengine - INFO - Epoch(val) [173][250/781]    eta: 0:01:00  time: 0.1134  data_time: 0.0004  memory: 1000  
2025/05/20 17:11:47 - mmengine - INFO - Epoch(val) [173][300/781]    eta: 0:00:54  time: 0.1104  data_time: 0.0006  memory: 1000  
2025/05/20 17:11:51 - mmengine - INFO - Epoch(val) [173][350/781]    eta: 0:00:47  time: 0.0941  data_time: 0.0004  memory: 1000  
2025/05/20 17:11:56 - mmengine - INFO - Epoch(val) [173][400/781]    eta: 0:00:41  time: 0.0911  data_time: 0.0004  memory: 1000  
2025/05/20 17:12:00 - mmengine - INFO - Epoch(val) [173][450/781]    eta: 0:00:34  time: 0.0868  data_time: 0.0004  memory: 1000  
2025/05/20 17:12:04 - mmengine - INFO - Epoch(val) [173][500/781]    eta: 0:00:28  time: 0.0742  data_time: 0.0003  memory: 1000  
2025/05/20 17:12:08 - mmengine - INFO - Epoch(val) [173][550/781]    eta: 0:00:23  time: 0.0732  data_time: 0.0003  memory: 1000  
2025/05/20 17:12:11 - mmengine - INFO - Epoch(val) [173][600/781]    eta: 0:00:17  time: 0.0732  data_time: 0.0003  memory: 1000  
2025/05/20 17:12:15 - mmengine - INFO - Epoch(val) [173][650/781]    eta: 0:00:12  time: 0.0733  data_time: 0.0003  memory: 1000  
2025/05/20 17:12:19 - mmengine - INFO - Epoch(val) [173][700/781]    eta: 0:00:07  time: 0.0733  data_time: 0.0003  memory: 1000  
2025/05/20 17:12:22 - mmengine - INFO - Epoch(val) [173][750/781]    eta: 0:00:02  time: 0.0731  data_time: 0.0003  memory: 1000  
2025/05/20 17:12:25 - mmengine - INFO - Evaluating bbox...
2025/05/20 17:12:29 - mmengine - INFO - 
+------------+-------+--------+--------+-------+-------+-------+
| category   | mAP   | mAP_50 | mAP_75 | mAP_s | mAP_m | mAP_l |
+------------+-------+--------+--------+-------+-------+-------+
| Car        | 0.687 | 0.921  | 0.76   | 0.41  | 0.718 | 0.888 |
| Truck      | 0.617 | 0.864  | 0.675  | 0.33  | 0.637 | 0.789 |
| People     | 0.504 | 0.845  | 0.512  | 0.333 | 0.688 | 0.76  |
| Bus        | 0.719 | 0.904  | 0.778  | 0.375 | 0.681 | 0.835 |
| Lamp       | 0.435 | 0.779  | 0.445  | 0.382 | 0.714 | nan   |
| Motorcycle | 0.411 | 0.689  | 0.456  | 0.092 | 0.611 | 0.807 |
+------------+-------+--------+--------+-------+-------+-------+
2025/05/20 17:12:29 - mmengine - INFO - bbox_mAP_copypaste: 0.562 0.834 0.604 0.320 0.675 0.816
2025/05/20 17:12:29 - mmengine - INFO - Epoch(val) [173][781/781]    coco/Car_precision: 0.6870  coco/Truck_precision: 0.6170  coco/People_precision: 0.5040  coco/Bus_precision: 0.7190  coco/Lamp_precision: 0.4350  coco/Motorcycle_precision: 0.4110  coco/bbox_mAP: 0.5620  coco/bbox_mAP_50: 0.8340  coco/bbox_mAP_75: 0.6040  coco/bbox_mAP_s: 0.3200  coco/bbox_mAP_m: 0.6750  coco/bbox_mAP_l: 0.8160  data_time: 0.0007  time: 0.0918
2025/05/20 17:13:48 - mmengine - INFO - Epoch(train) [174][ 50/420]  base_lr: 1.0000e-02 lr: 1.4860e-03  eta: 4:52:17  time: 1.5822  data_time: 0.0379  memory: 10416  grad_norm: 23.4053  loss: 16.7697  loss_cls: 3.2841  loss_bbox: 6.2485  loss_dfl: 7.2372
2025/05/20 17:15:06 - mmengine - INFO - Epoch(train) [174][100/420]  base_lr: 1.0000e-02 lr: 1.4860e-03  eta: 4:50:59  time: 1.5480  data_time: 0.0071  memory: 10448  grad_norm: 23.3021  loss: 16.9382  loss_cls: 3.3002  loss_bbox: 6.3454  loss_dfl: 7.2927
2025/05/20 17:16:23 - mmengine - INFO - Epoch(train) [174][150/420]  base_lr: 1.0000e-02 lr: 1.4860e-03  eta: 4:49:40  time: 1.5477  data_time: 0.0071  memory: 10448  grad_norm: 22.8792  loss: 16.6192  loss_cls: 3.2329  loss_bbox: 6.1281  loss_dfl: 7.2581
2025/05/20 17:17:40 - mmengine - INFO - Epoch(train) [174][200/420]  base_lr: 1.0000e-02 lr: 1.4860e-03  eta: 4:48:22  time: 1.5478  data_time: 0.0071  memory: 10453  grad_norm: 22.9094  loss: 16.8467  loss_cls: 3.2783  loss_bbox: 6.2929  loss_dfl: 7.2755
2025/05/20 17:18:58 - mmengine - INFO - Epoch(train) [174][250/420]  base_lr: 1.0000e-02 lr: 1.4860e-03  eta: 4:47:04  time: 1.5490  data_time: 0.0072  memory: 10389  grad_norm: 23.4999  loss: 16.7285  loss_cls: 3.2642  loss_bbox: 6.2210  loss_dfl: 7.2433
2025/05/20 17:20:15 - mmengine - INFO - Epoch(train) [174][300/420]  base_lr: 1.0000e-02 lr: 1.4860e-03  eta: 4:45:46  time: 1.5468  data_time: 0.0071  memory: 10421  grad_norm: 24.4714  loss: 16.7200  loss_cls: 3.2300  loss_bbox: 6.2153  loss_dfl: 7.2747
2025/05/20 17:21:17 - mmengine - INFO - Exp name: yolov8_mambatransformer_20250520_141944
2025/05/20 17:21:33 - mmengine - INFO - Epoch(train) [174][350/420]  base_lr: 1.0000e-02 lr: 1.4860e-03  eta: 4:44:28  time: 1.5471  data_time: 0.0071  memory: 10416  grad_norm: 24.9465  loss: 16.8258  loss_cls: 3.3135  loss_bbox: 6.2529  loss_dfl: 7.2595
2025/05/20 17:22:50 - mmengine - INFO - Epoch(train) [174][400/420]  base_lr: 1.0000e-02 lr: 1.4860e-03  eta: 4:43:10  time: 1.5482  data_time: 0.0071  memory: 10410  grad_norm: 23.2733  loss: 16.6934  loss_cls: 3.2438  loss_bbox: 6.1843  loss_dfl: 7.2653
2025/05/20 17:23:21 - mmengine - INFO - Exp name: yolov8_mambatransformer_20250520_141944
2025/05/20 17:23:21 - mmengine - INFO - Saving checkpoint at 174 epochs
2025/05/20 17:23:31 - mmengine - INFO - Epoch(val) [174][ 50/781]    eta: 0:01:28  time: 0.1206  data_time: 0.0046  memory: 10432  
2025/05/20 17:23:36 - mmengine - INFO - Epoch(val) [174][100/781]    eta: 0:01:18  time: 0.1106  data_time: 0.0018  memory: 1000  
2025/05/20 17:23:42 - mmengine - INFO - Epoch(val) [174][150/781]    eta: 0:01:12  time: 0.1137  data_time: 0.0018  memory: 1000  
2025/05/20 17:23:48 - mmengine - INFO - Epoch(val) [174][200/781]    eta: 0:01:06  time: 0.1141  data_time: 0.0011  memory: 1000  
2025/05/20 17:23:54 - mmengine - INFO - Epoch(val) [174][250/781]    eta: 0:01:01  time: 0.1166  data_time: 0.0021  memory: 1000  
2025/05/20 17:23:58 - mmengine - INFO - Epoch(val) [174][300/781]    eta: 0:00:53  time: 0.0880  data_time: 0.0007  memory: 1000  
2025/05/20 17:24:02 - mmengine - INFO - Epoch(val) [174][350/781]    eta: 0:00:45  time: 0.0753  data_time: 0.0003  memory: 1000  
2025/05/20 17:24:05 - mmengine - INFO - Epoch(val) [174][400/781]    eta: 0:00:38  time: 0.0737  data_time: 0.0003  memory: 1000  
2025/05/20 17:24:09 - mmengine - INFO - Epoch(val) [174][450/781]    eta: 0:00:32  time: 0.0774  data_time: 0.0004  memory: 1000  
2025/05/20 17:24:14 - mmengine - INFO - Epoch(val) [174][500/781]    eta: 0:00:27  time: 0.0855  data_time: 0.0004  memory: 1000  
2025/05/20 17:24:17 - mmengine - INFO - Epoch(val) [174][550/781]    eta: 0:00:22  time: 0.0736  data_time: 0.0003  memory: 1000  
2025/05/20 17:24:21 - mmengine - INFO - Epoch(val) [174][600/781]    eta: 0:00:16  time: 0.0736  data_time: 0.0003  memory: 1000  
2025/05/20 17:24:25 - mmengine - INFO - Epoch(val) [174][650/781]    eta: 0:00:12  time: 0.0747  data_time: 0.0003  memory: 1000  
2025/05/20 17:24:29 - mmengine - INFO - Epoch(val) [174][700/781]    eta: 0:00:07  time: 0.0747  data_time: 0.0003  memory: 1000  
2025/05/20 17:24:32 - mmengine - INFO - Epoch(val) [174][750/781]    eta: 0:00:02  time: 0.0747  data_time: 0.0003  memory: 1000  
2025/05/20 17:24:35 - mmengine - INFO - Evaluating bbox...
2025/05/20 17:24:39 - mmengine - INFO - 
+------------+-------+--------+--------+-------+-------+-------+
| category   | mAP   | mAP_50 | mAP_75 | mAP_s | mAP_m | mAP_l |
+------------+-------+--------+--------+-------+-------+-------+
| Car        | 0.686 | 0.922  | 0.761  | 0.411 | 0.717 | 0.888 |
| Truck      | 0.617 | 0.866  | 0.674  | 0.328 | 0.637 | 0.787 |
| People     | 0.504 | 0.846  | 0.513  | 0.334 | 0.688 | 0.758 |
| Bus        | 0.72  | 0.904  | 0.778  | 0.376 | 0.682 | 0.836 |
| Lamp       | 0.438 | 0.781  | 0.454  | 0.385 | 0.714 | nan   |
| Motorcycle | 0.411 | 0.69   | 0.457  | 0.093 | 0.611 | 0.807 |
+------------+-------+--------+--------+-------+-------+-------+
2025/05/20 17:24:39 - mmengine - INFO - bbox_mAP_copypaste: 0.563 0.835 0.606 0.321 0.675 0.815
2025/05/20 17:24:39 - mmengine - INFO - Epoch(val) [174][781/781]    coco/Car_precision: 0.6860  coco/Truck_precision: 0.6170  coco/People_precision: 0.5040  coco/Bus_precision: 0.7200  coco/Lamp_precision: 0.4380  coco/Motorcycle_precision: 0.4110  coco/bbox_mAP: 0.5630  coco/bbox_mAP_50: 0.8350  coco/bbox_mAP_75: 0.6060  coco/bbox_mAP_s: 0.3210  coco/bbox_mAP_m: 0.6750  coco/bbox_mAP_l: 0.8150  data_time: 0.0010  time: 0.0891
2025/05/20 17:24:39 - mmengine - INFO - The previous best checkpoint /data/nl/Mamba2Spectral/work_dirs/yolov8_mambatransformer/best_coco_bbox_mAP_50_epoch_166.pth is removed
2025/05/20 17:24:42 - mmengine - INFO - The best checkpoint with 0.8350 coco/bbox_mAP_50 at 174 epoch is saved to best_coco_bbox_mAP_50_epoch_174.pth.
2025/05/20 17:26:06 - mmengine - INFO - Epoch(train) [175][ 50/420]  base_lr: 1.0000e-02 lr: 1.4365e-03  eta: 4:41:23  time: 1.5818  data_time: 0.0369  memory: 10507  grad_norm: 23.3627  loss: 16.9253  loss_cls: 3.3120  loss_bbox: 6.3743  loss_dfl: 7.2391
2025/05/20 17:27:24 - mmengine - INFO - Epoch(train) [175][100/420]  base_lr: 1.0000e-02 lr: 1.4365e-03  eta: 4:40:05  time: 1.5509  data_time: 0.0070  memory: 10458  grad_norm: 22.9665  loss: 16.8830  loss_cls: 3.3022  loss_bbox: 6.2984  loss_dfl: 7.2824
2025/05/20 17:28:41 - mmengine - INFO - Epoch(train) [175][150/420]  base_lr: 1.0000e-02 lr: 1.4365e-03  eta: 4:38:47  time: 1.5489  data_time: 0.0070  memory: 10442  grad_norm: 23.1615  loss: 16.5256  loss_cls: 3.2214  loss_bbox: 6.0924  loss_dfl: 7.2119
2025/05/20 17:29:59 - mmengine - INFO - Epoch(train) [175][200/420]  base_lr: 1.0000e-02 lr: 1.4365e-03  eta: 4:37:29  time: 1.5487  data_time: 0.0070  memory: 10373  grad_norm: 22.4019  loss: 16.4785  loss_cls: 3.1660  loss_bbox: 6.0886  loss_dfl: 7.2239
2025/05/20 17:31:16 - mmengine - INFO - Epoch(train) [175][250/420]  base_lr: 1.0000e-02 lr: 1.4365e-03  eta: 4:36:11  time: 1.5493  data_time: 0.0071  memory: 10442  grad_norm: 22.3229  loss: 16.4172  loss_cls: 3.1578  loss_bbox: 6.0313  loss_dfl: 7.2281
2025/05/20 17:32:33 - mmengine - INFO - Epoch(train) [175][300/420]  base_lr: 1.0000e-02 lr: 1.4365e-03  eta: 4:34:53  time: 1.5486  data_time: 0.0070  memory: 10410  grad_norm: 23.2593  loss: 16.6831  loss_cls: 3.2533  loss_bbox: 6.1688  loss_dfl: 7.2610
2025/05/20 17:33:51 - mmengine - INFO - Epoch(train) [175][350/420]  base_lr: 1.0000e-02 lr: 1.4365e-03  eta: 4:33:35  time: 1.5502  data_time: 0.0072  memory: 10586  grad_norm: 23.1312  loss: 16.7747  loss_cls: 3.2565  loss_bbox: 6.2356  loss_dfl: 7.2825
2025/05/20 17:35:09 - mmengine - INFO - Epoch(train) [175][400/420]  base_lr: 1.0000e-02 lr: 1.4365e-03  eta: 4:32:17  time: 1.5501  data_time: 0.0070  memory: 10400  grad_norm: 22.8176  loss: 16.9767  loss_cls: 3.3003  loss_bbox: 6.3622  loss_dfl: 7.3143
2025/05/20 17:35:40 - mmengine - INFO - Exp name: yolov8_mambatransformer_20250520_141944
2025/05/20 17:35:40 - mmengine - INFO - Saving checkpoint at 175 epochs
2025/05/20 17:35:51 - mmengine - INFO - Epoch(val) [175][ 50/781]    eta: 0:01:26  time: 0.1185  data_time: 0.0028  memory: 10453  
2025/05/20 17:35:56 - mmengine - INFO - Epoch(val) [175][100/781]    eta: 0:01:18  time: 0.1125  data_time: 0.0032  memory: 1000  
2025/05/20 17:36:02 - mmengine - INFO - Epoch(val) [175][150/781]    eta: 0:01:13  time: 0.1206  data_time: 0.0043  memory: 1000  
2025/05/20 17:36:08 - mmengine - INFO - Epoch(val) [175][200/781]    eta: 0:01:07  time: 0.1139  data_time: 0.0013  memory: 1000  
2025/05/20 17:36:14 - mmengine - INFO - Epoch(val) [175][250/781]    eta: 0:01:01  time: 0.1165  data_time: 0.0016  memory: 1000  
2025/05/20 17:36:20 - mmengine - INFO - Epoch(val) [175][300/781]    eta: 0:00:55  time: 0.1128  data_time: 0.0012  memory: 1000  
2025/05/20 17:36:25 - mmengine - INFO - Epoch(val) [175][350/781]    eta: 0:00:49  time: 0.1043  data_time: 0.0020  memory: 1000  
2025/05/20 17:36:29 - mmengine - INFO - Epoch(val) [175][400/781]    eta: 0:00:41  time: 0.0731  data_time: 0.0004  memory: 1000  
2025/05/20 17:36:32 - mmengine - INFO - Epoch(val) [175][450/781]    eta: 0:00:34  time: 0.0732  data_time: 0.0004  memory: 1000  
2025/05/20 17:36:36 - mmengine - INFO - Epoch(val) [175][500/781]    eta: 0:00:28  time: 0.0794  data_time: 0.0004  memory: 1000  
2025/05/20 17:36:41 - mmengine - INFO - Epoch(val) [175][550/781]    eta: 0:00:23  time: 0.0913  data_time: 0.0004  memory: 1000  
2025/05/20 17:36:46 - mmengine - INFO - Epoch(val) [175][600/781]    eta: 0:00:18  time: 0.0913  data_time: 0.0004  memory: 1000  
2025/05/20 17:36:50 - mmengine - INFO - Epoch(val) [175][650/781]    eta: 0:00:13  time: 0.0914  data_time: 0.0004  memory: 1000  
2025/05/20 17:36:55 - mmengine - INFO - Epoch(val) [175][700/781]    eta: 0:00:08  time: 0.0915  data_time: 0.0004  memory: 1000  
2025/05/20 17:36:59 - mmengine - INFO - Epoch(val) [175][750/781]    eta: 0:00:03  time: 0.0913  data_time: 0.0004  memory: 1000  
2025/05/20 17:37:03 - mmengine - INFO - Evaluating bbox...
2025/05/20 17:37:06 - mmengine - INFO - 
+------------+-------+--------+--------+-------+-------+-------+
| category   | mAP   | mAP_50 | mAP_75 | mAP_s | mAP_m | mAP_l |
+------------+-------+--------+--------+-------+-------+-------+
| Car        | 0.687 | 0.922  | 0.762  | 0.41  | 0.717 | 0.888 |
| Truck      | 0.615 | 0.865  | 0.674  | 0.33  | 0.633 | 0.788 |
| People     | 0.504 | 0.846  | 0.515  | 0.334 | 0.689 | 0.758 |
| Bus        | 0.719 | 0.905  | 0.773  | 0.375 | 0.68  | 0.836 |
| Lamp       | 0.438 | 0.782  | 0.455  | 0.385 | 0.714 | nan   |
| Motorcycle | 0.412 | 0.691  | 0.458  | 0.093 | 0.612 | 0.807 |
+------------+-------+--------+--------+-------+-------+-------+
2025/05/20 17:37:06 - mmengine - INFO - bbox_mAP_copypaste: 0.562 0.835 0.606 0.321 0.674 0.816
2025/05/20 17:37:07 - mmengine - INFO - Epoch(val) [175][781/781]    coco/Car_precision: 0.6870  coco/Truck_precision: 0.6150  coco/People_precision: 0.5040  coco/Bus_precision: 0.7190  coco/Lamp_precision: 0.4380  coco/Motorcycle_precision: 0.4120  coco/bbox_mAP: 0.5620  coco/bbox_mAP_50: 0.8350  coco/bbox_mAP_75: 0.6060  coco/bbox_mAP_s: 0.3210  coco/bbox_mAP_m: 0.6740  coco/bbox_mAP_l: 0.8160  data_time: 0.0013  time: 0.0985
2025/05/20 17:38:26 - mmengine - INFO - Epoch(train) [176][ 50/420]  base_lr: 1.0000e-02 lr: 1.3870e-03  eta: 4:30:31  time: 1.5823  data_time: 0.0376  memory: 10512  grad_norm: 23.9404  loss: 16.7349  loss_cls: 3.2889  loss_bbox: 6.2025  loss_dfl: 7.2434
2025/05/20 17:39:43 - mmengine - INFO - Epoch(train) [176][100/420]  base_lr: 1.0000e-02 lr: 1.3870e-03  eta: 4:29:13  time: 1.5510  data_time: 0.0070  memory: 10400  grad_norm: 22.1899  loss: 16.5466  loss_cls: 3.2085  loss_bbox: 6.1236  loss_dfl: 7.2145
2025/05/20 17:41:01 - mmengine - INFO - Epoch(train) [176][150/420]  base_lr: 1.0000e-02 lr: 1.3870e-03  eta: 4:27:55  time: 1.5511  data_time: 0.0070  memory: 10416  grad_norm: 24.2355  loss: 16.6565  loss_cls: 3.1960  loss_bbox: 6.1597  loss_dfl: 7.3008
2025/05/20 17:42:18 - mmengine - INFO - Epoch(train) [176][200/420]  base_lr: 1.0000e-02 lr: 1.3870e-03  eta: 4:26:37  time: 1.5470  data_time: 0.0071  memory: 10480  grad_norm: 22.4365  loss: 16.4569  loss_cls: 3.1649  loss_bbox: 6.0757  loss_dfl: 7.2162
2025/05/20 17:43:36 - mmengine - INFO - Epoch(train) [176][250/420]  base_lr: 1.0000e-02 lr: 1.3870e-03  eta: 4:25:19  time: 1.5463  data_time: 0.0071  memory: 10416  grad_norm: 22.7982  loss: 16.6042  loss_cls: 3.2225  loss_bbox: 6.1602  loss_dfl: 7.2215
2025/05/20 17:44:53 - mmengine - INFO - Epoch(train) [176][300/420]  base_lr: 1.0000e-02 lr: 1.3870e-03  eta: 4:24:01  time: 1.5468  data_time: 0.0071  memory: 10368  grad_norm: 23.8336  loss: 16.7910  loss_cls: 3.2483  loss_bbox: 6.2947  loss_dfl: 7.2479
2025/05/20 17:46:10 - mmengine - INFO - Epoch(train) [176][350/420]  base_lr: 1.0000e-02 lr: 1.3870e-03  eta: 4:22:43  time: 1.5466  data_time: 0.0071  memory: 10448  grad_norm: 23.1736  loss: 16.7579  loss_cls: 3.2591  loss_bbox: 6.3026  loss_dfl: 7.1963
2025/05/20 17:47:28 - mmengine - INFO - Epoch(train) [176][400/420]  base_lr: 1.0000e-02 lr: 1.3870e-03  eta: 4:21:25  time: 1.5468  data_time: 0.0071  memory: 10378  grad_norm: 22.4195  loss: 16.5269  loss_cls: 3.1712  loss_bbox: 6.1195  loss_dfl: 7.2362
2025/05/20 17:47:59 - mmengine - INFO - Exp name: yolov8_mambatransformer_20250520_141944
2025/05/20 17:47:59 - mmengine - INFO - Saving checkpoint at 176 epochs
2025/05/20 17:48:09 - mmengine - INFO - Epoch(val) [176][ 50/781]    eta: 0:01:30  time: 0.1235  data_time: 0.0037  memory: 10576  
2025/05/20 17:48:14 - mmengine - INFO - Epoch(val) [176][100/781]    eta: 0:01:19  time: 0.1088  data_time: 0.0015  memory: 1000  
2025/05/20 17:48:20 - mmengine - INFO - Epoch(val) [176][150/781]    eta: 0:01:13  time: 0.1184  data_time: 0.0025  memory: 1000  
2025/05/20 17:48:26 - mmengine - INFO - Epoch(val) [176][200/781]    eta: 0:01:08  time: 0.1193  data_time: 0.0017  memory: 1000  
2025/05/20 17:48:32 - mmengine - INFO - Epoch(val) [176][250/781]    eta: 0:01:01  time: 0.1096  data_time: 0.0004  memory: 1000  
2025/05/20 17:48:37 - mmengine - INFO - Epoch(val) [176][300/781]    eta: 0:00:55  time: 0.1134  data_time: 0.0005  memory: 1000  
2025/05/20 17:48:43 - mmengine - INFO - Epoch(val) [176][350/781]    eta: 0:00:49  time: 0.1164  data_time: 0.0004  memory: 1000  
2025/05/20 17:48:48 - mmengine - INFO - Epoch(val) [176][400/781]    eta: 0:00:43  time: 0.1042  data_time: 0.0004  memory: 1000  
2025/05/20 17:48:52 - mmengine - INFO - Epoch(val) [176][450/781]    eta: 0:00:36  time: 0.0810  data_time: 0.0004  memory: 1000  
2025/05/20 17:48:56 - mmengine - INFO - Epoch(val) [176][500/781]    eta: 0:00:30  time: 0.0743  data_time: 0.0004  memory: 1000  
2025/05/20 17:49:00 - mmengine - INFO - Epoch(val) [176][550/781]    eta: 0:00:24  time: 0.0743  data_time: 0.0003  memory: 1000  
2025/05/20 17:49:04 - mmengine - INFO - Epoch(val) [176][600/781]    eta: 0:00:18  time: 0.0743  data_time: 0.0003  memory: 1000  
2025/05/20 17:49:07 - mmengine - INFO - Epoch(val) [176][650/781]    eta: 0:00:13  time: 0.0736  data_time: 0.0003  memory: 1000  
2025/05/20 17:49:11 - mmengine - INFO - Epoch(val) [176][700/781]    eta: 0:00:07  time: 0.0734  data_time: 0.0003  memory: 1000  
2025/05/20 17:49:15 - mmengine - INFO - Epoch(val) [176][750/781]    eta: 0:00:02  time: 0.0734  data_time: 0.0003  memory: 1000  
2025/05/20 17:49:17 - mmengine - INFO - Evaluating bbox...
2025/05/20 17:49:21 - mmengine - INFO - 
+------------+-------+--------+--------+-------+-------+-------+
| category   | mAP   | mAP_50 | mAP_75 | mAP_s | mAP_m | mAP_l |
+------------+-------+--------+--------+-------+-------+-------+
| Car        | 0.687 | 0.922  | 0.763  | 0.411 | 0.718 | 0.887 |
| Truck      | 0.617 | 0.866  | 0.674  | 0.337 | 0.634 | 0.789 |
| People     | 0.503 | 0.846  | 0.516  | 0.334 | 0.689 | 0.755 |
| Bus        | 0.72  | 0.906  | 0.772  | 0.372 | 0.683 | 0.839 |
| Lamp       | 0.439 | 0.781  | 0.452  | 0.386 | 0.712 | nan   |
| Motorcycle | 0.411 | 0.691  | 0.459  | 0.093 | 0.613 | 0.807 |
+------------+-------+--------+--------+-------+-------+-------+
2025/05/20 17:49:21 - mmengine - INFO - bbox_mAP_copypaste: 0.563 0.835 0.606 0.322 0.675 0.815
2025/05/20 17:49:21 - mmengine - INFO - Epoch(val) [176][781/781]    coco/Car_precision: 0.6870  coco/Truck_precision: 0.6170  coco/People_precision: 0.5030  coco/Bus_precision: 0.7200  coco/Lamp_precision: 0.4390  coco/Motorcycle_precision: 0.4110  coco/bbox_mAP: 0.5630  coco/bbox_mAP_50: 0.8350  coco/bbox_mAP_75: 0.6060  coco/bbox_mAP_s: 0.3220  coco/bbox_mAP_m: 0.6750  coco/bbox_mAP_l: 0.8150  data_time: 0.0009  time: 0.0949
2025/05/20 17:50:39 - mmengine - INFO - Epoch(train) [177][ 50/420]  base_lr: 1.0000e-02 lr: 1.3375e-03  eta: 4:19:36  time: 1.5600  data_time: 0.0357  memory: 10400  grad_norm: 23.4968  loss: 17.1073  loss_cls: 3.3746  loss_bbox: 6.4603  loss_dfl: 7.2724
2025/05/20 17:51:25 - mmengine - INFO - Exp name: yolov8_mambatransformer_20250520_141944
2025/05/20 17:51:56 - mmengine - INFO - Epoch(train) [177][100/420]  base_lr: 1.0000e-02 lr: 1.3375e-03  eta: 4:18:17  time: 1.5294  data_time: 0.0061  memory: 10437  grad_norm: 23.0844  loss: 16.5986  loss_cls: 3.2190  loss_bbox: 6.1929  loss_dfl: 7.1867
2025/05/20 17:53:12 - mmengine - INFO - Epoch(train) [177][150/420]  base_lr: 1.0000e-02 lr: 1.3375e-03  eta: 4:16:58  time: 1.5296  data_time: 0.0061  memory: 10437  grad_norm: 23.6901  loss: 16.3026  loss_cls: 3.1853  loss_bbox: 5.9732  loss_dfl: 7.1440
2025/05/20 17:54:29 - mmengine - INFO - Epoch(train) [177][200/420]  base_lr: 1.0000e-02 lr: 1.3375e-03  eta: 4:15:39  time: 1.5295  data_time: 0.0061  memory: 10469  grad_norm: 23.3501  loss: 16.6863  loss_cls: 3.2174  loss_bbox: 6.2328  loss_dfl: 7.2361
2025/05/20 17:55:47 - mmengine - INFO - Epoch(train) [177][250/420]  base_lr: 1.0000e-02 lr: 1.3375e-03  eta: 4:14:21  time: 1.5583  data_time: 0.0070  memory: 10555  grad_norm: 23.0084  loss: 16.4816  loss_cls: 3.2165  loss_bbox: 6.0951  loss_dfl: 7.1700
2025/05/20 17:57:05 - mmengine - INFO - Epoch(train) [177][300/420]  base_lr: 1.0000e-02 lr: 1.3375e-03  eta: 4:13:04  time: 1.5608  data_time: 0.0071  memory: 10400  grad_norm: 24.1190  loss: 16.7396  loss_cls: 3.2215  loss_bbox: 6.2475  loss_dfl: 7.2706
2025/05/20 17:58:23 - mmengine - INFO - Epoch(train) [177][350/420]  base_lr: 1.0000e-02 lr: 1.3375e-03  eta: 4:11:47  time: 1.5598  data_time: 0.0071  memory: 10437  grad_norm: 22.8184  loss: 16.1185  loss_cls: 3.0472  loss_bbox: 5.8917  loss_dfl: 7.1796
2025/05/20 17:59:41 - mmengine - INFO - Epoch(train) [177][400/420]  base_lr: 1.0000e-02 lr: 1.3375e-03  eta: 4:10:30  time: 1.5616  data_time: 0.0072  memory: 10464  grad_norm: 23.2228  loss: 16.5819  loss_cls: 3.1887  loss_bbox: 6.1745  loss_dfl: 7.2187
2025/05/20 18:00:12 - mmengine - INFO - Exp name: yolov8_mambatransformer_20250520_141944
2025/05/20 18:00:12 - mmengine - INFO - Saving checkpoint at 177 epochs
2025/05/20 18:00:22 - mmengine - INFO - Epoch(val) [177][ 50/781]    eta: 0:01:26  time: 0.1179  data_time: 0.0016  memory: 10410  
2025/05/20 18:00:28 - mmengine - INFO - Epoch(val) [177][100/781]    eta: 0:01:21  time: 0.1228  data_time: 0.0018  memory: 1000  
2025/05/20 18:00:34 - mmengine - INFO - Epoch(val) [177][150/781]    eta: 0:01:16  time: 0.1210  data_time: 0.0030  memory: 1000  
2025/05/20 18:00:40 - mmengine - INFO - Epoch(val) [177][200/781]    eta: 0:01:08  time: 0.1121  data_time: 0.0007  memory: 1000  
2025/05/20 18:00:46 - mmengine - INFO - Epoch(val) [177][250/781]    eta: 0:01:02  time: 0.1144  data_time: 0.0005  memory: 1000  
2025/05/20 18:00:52 - mmengine - INFO - Epoch(val) [177][300/781]    eta: 0:00:56  time: 0.1212  data_time: 0.0033  memory: 1000  
2025/05/20 18:00:57 - mmengine - INFO - Epoch(val) [177][350/781]    eta: 0:00:50  time: 0.1134  data_time: 0.0011  memory: 1000  
2025/05/20 18:01:03 - mmengine - INFO - Epoch(val) [177][400/781]    eta: 0:00:44  time: 0.1173  data_time: 0.0026  memory: 1000  
2025/05/20 18:01:09 - mmengine - INFO - Epoch(val) [177][450/781]    eta: 0:00:39  time: 0.1220  data_time: 0.0030  memory: 1000  
2025/05/20 18:01:13 - mmengine - INFO - Epoch(val) [177][500/781]    eta: 0:00:31  time: 0.0743  data_time: 0.0003  memory: 1000  
2025/05/20 18:01:17 - mmengine - INFO - Epoch(val) [177][550/781]    eta: 0:00:25  time: 0.0735  data_time: 0.0003  memory: 1000  
2025/05/20 18:01:21 - mmengine - INFO - Epoch(val) [177][600/781]    eta: 0:00:19  time: 0.0736  data_time: 0.0003  memory: 1000  
2025/05/20 18:01:24 - mmengine - INFO - Epoch(val) [177][650/781]    eta: 0:00:13  time: 0.0736  data_time: 0.0004  memory: 1000  
2025/05/20 18:01:28 - mmengine - INFO - Epoch(val) [177][700/781]    eta: 0:00:08  time: 0.0738  data_time: 0.0003  memory: 1000  
2025/05/20 18:01:32 - mmengine - INFO - Epoch(val) [177][750/781]    eta: 0:00:03  time: 0.0739  data_time: 0.0003  memory: 1000  
2025/05/20 18:01:34 - mmengine - INFO - Evaluating bbox...
2025/05/20 18:01:38 - mmengine - INFO - 
+------------+-------+--------+--------+-------+-------+-------+
| category   | mAP   | mAP_50 | mAP_75 | mAP_s | mAP_m | mAP_l |
+------------+-------+--------+--------+-------+-------+-------+
| Car        | 0.687 | 0.922  | 0.763  | 0.411 | 0.717 | 0.887 |
| Truck      | 0.615 | 0.865  | 0.673  | 0.337 | 0.63  | 0.791 |
| People     | 0.504 | 0.845  | 0.519  | 0.335 | 0.689 | 0.755 |
| Bus        | 0.72  | 0.907  | 0.773  | 0.373 | 0.683 | 0.84  |
| Lamp       | 0.439 | 0.782  | 0.454  | 0.386 | 0.71  | nan   |
| Motorcycle | 0.412 | 0.692  | 0.46   | 0.093 | 0.614 | 0.807 |
+------------+-------+--------+--------+-------+-------+-------+
2025/05/20 18:01:38 - mmengine - INFO - bbox_mAP_copypaste: 0.563 0.836 0.607 0.323 0.674 0.816
2025/05/20 18:01:38 - mmengine - INFO - Epoch(val) [177][781/781]    coco/Car_precision: 0.6870  coco/Truck_precision: 0.6150  coco/People_precision: 0.5040  coco/Bus_precision: 0.7200  coco/Lamp_precision: 0.4390  coco/Motorcycle_precision: 0.4120  coco/bbox_mAP: 0.5630  coco/bbox_mAP_50: 0.8360  coco/bbox_mAP_75: 0.6070  coco/bbox_mAP_s: 0.3230  coco/bbox_mAP_m: 0.6740  coco/bbox_mAP_l: 0.8160  data_time: 0.0013  time: 0.0992
2025/05/20 18:01:38 - mmengine - INFO - The previous best checkpoint /data/nl/Mamba2Spectral/work_dirs/yolov8_mambatransformer/best_coco_bbox_mAP_50_epoch_174.pth is removed
2025/05/20 18:01:41 - mmengine - INFO - The best checkpoint with 0.8360 coco/bbox_mAP_50 at 177 epoch is saved to best_coco_bbox_mAP_50_epoch_177.pth.
2025/05/20 18:03:05 - mmengine - INFO - Epoch(train) [178][ 50/420]  base_lr: 1.0000e-02 lr: 1.2880e-03  eta: 4:08:43  time: 1.5749  data_time: 0.0382  memory: 10528  grad_norm: 22.8576  loss: 16.6580  loss_cls: 3.2004  loss_bbox: 6.2218  loss_dfl: 7.2358
2025/05/20 18:04:22 - mmengine - INFO - Epoch(train) [178][100/420]  base_lr: 1.0000e-02 lr: 1.2880e-03  eta: 4:07:25  time: 1.5467  data_time: 0.0071  memory: 10517  grad_norm: 22.6059  loss: 16.3958  loss_cls: 3.1344  loss_bbox: 6.0564  loss_dfl: 7.2050
2025/05/20 18:05:40 - mmengine - INFO - Epoch(train) [178][150/420]  base_lr: 1.0000e-02 lr: 1.2880e-03  eta: 4:06:07  time: 1.5472  data_time: 0.0071  memory: 10378  grad_norm: 23.8493  loss: 16.5818  loss_cls: 3.1756  loss_bbox: 6.1488  loss_dfl: 7.2574
2025/05/20 18:06:57 - mmengine - INFO - Epoch(train) [178][200/420]  base_lr: 1.0000e-02 lr: 1.2880e-03  eta: 4:04:49  time: 1.5488  data_time: 0.0070  memory: 10384  grad_norm: 23.8561  loss: 16.5884  loss_cls: 3.1954  loss_bbox: 6.1065  loss_dfl: 7.2866
2025/05/20 18:08:15 - mmengine - INFO - Epoch(train) [178][250/420]  base_lr: 1.0000e-02 lr: 1.2880e-03  eta: 4:03:31  time: 1.5500  data_time: 0.0070  memory: 10432  grad_norm: 23.1240  loss: 16.4604  loss_cls: 3.1502  loss_bbox: 6.1463  loss_dfl: 7.1639
2025/05/20 18:09:32 - mmengine - INFO - Epoch(train) [178][300/420]  base_lr: 1.0000e-02 lr: 1.2880e-03  eta: 4:02:14  time: 1.5486  data_time: 0.0070  memory: 10426  grad_norm: 23.9499  loss: 16.5138  loss_cls: 3.1989  loss_bbox: 6.0495  loss_dfl: 7.2653
2025/05/20 18:10:50 - mmengine - INFO - Epoch(train) [178][350/420]  base_lr: 1.0000e-02 lr: 1.2880e-03  eta: 4:00:56  time: 1.5471  data_time: 0.0071  memory: 10426  grad_norm: 24.3756  loss: 16.4092  loss_cls: 3.1857  loss_bbox: 6.0224  loss_dfl: 7.2012
2025/05/20 18:12:07 - mmengine - INFO - Epoch(train) [178][400/420]  base_lr: 1.0000e-02 lr: 1.2880e-03  eta: 3:59:38  time: 1.5471  data_time: 0.0071  memory: 10384  grad_norm: 24.2670  loss: 16.6348  loss_cls: 3.2464  loss_bbox: 6.1604  loss_dfl: 7.2280
2025/05/20 18:12:38 - mmengine - INFO - Exp name: yolov8_mambatransformer_20250520_141944
2025/05/20 18:12:38 - mmengine - INFO - Saving checkpoint at 178 epochs
2025/05/20 18:12:47 - mmengine - INFO - Epoch(val) [178][ 50/781]    eta: 0:01:23  time: 0.1140  data_time: 0.0024  memory: 10400  
2025/05/20 18:12:53 - mmengine - INFO - Epoch(val) [178][100/781]    eta: 0:01:18  time: 0.1167  data_time: 0.0007  memory: 1000  
2025/05/20 18:12:59 - mmengine - INFO - Epoch(val) [178][150/781]    eta: 0:01:12  time: 0.1129  data_time: 0.0018  memory: 1000  
2025/05/20 18:13:05 - mmengine - INFO - Epoch(val) [178][200/781]    eta: 0:01:05  time: 0.1094  data_time: 0.0004  memory: 1000  
2025/05/20 18:13:10 - mmengine - INFO - Epoch(val) [178][250/781]    eta: 0:01:00  time: 0.1161  data_time: 0.0018  memory: 1000  
2025/05/20 18:13:16 - mmengine - INFO - Epoch(val) [178][300/781]    eta: 0:00:54  time: 0.1124  data_time: 0.0012  memory: 1000  
2025/05/20 18:13:22 - mmengine - INFO - Epoch(val) [178][350/781]    eta: 0:00:49  time: 0.1154  data_time: 0.0004  memory: 1000  
2025/05/20 18:13:27 - mmengine - INFO - Epoch(val) [178][400/781]    eta: 0:00:42  time: 0.0978  data_time: 0.0004  memory: 1000  
2025/05/20 18:13:31 - mmengine - INFO - Epoch(val) [178][450/781]    eta: 0:00:36  time: 0.0911  data_time: 0.0004  memory: 1000  
2025/05/20 18:13:36 - mmengine - INFO - Epoch(val) [178][500/781]    eta: 0:00:30  time: 0.0910  data_time: 0.0004  memory: 1000  
2025/05/20 18:13:40 - mmengine - INFO - Epoch(val) [178][550/781]    eta: 0:00:24  time: 0.0911  data_time: 0.0004  memory: 1000  
2025/05/20 18:13:45 - mmengine - INFO - Epoch(val) [178][600/781]    eta: 0:00:18  time: 0.0909  data_time: 0.0004  memory: 1000  
2025/05/20 18:13:50 - mmengine - INFO - Epoch(val) [178][650/781]    eta: 0:00:13  time: 0.0909  data_time: 0.0004  memory: 1000  
2025/05/20 18:13:54 - mmengine - INFO - Epoch(val) [178][700/781]    eta: 0:00:08  time: 0.0912  data_time: 0.0004  memory: 1000  
2025/05/20 18:13:59 - mmengine - INFO - Epoch(val) [178][750/781]    eta: 0:00:03  time: 0.0910  data_time: 0.0004  memory: 1000  
2025/05/20 18:14:02 - mmengine - INFO - Evaluating bbox...
2025/05/20 18:14:06 - mmengine - INFO - 
+------------+-------+--------+--------+-------+-------+-------+
| category   | mAP   | mAP_50 | mAP_75 | mAP_s | mAP_m | mAP_l |
+------------+-------+--------+--------+-------+-------+-------+
| Car        | 0.687 | 0.922  | 0.762  | 0.411 | 0.717 | 0.887 |
| Truck      | 0.616 | 0.865  | 0.673  | 0.338 | 0.633 | 0.79  |
| People     | 0.504 | 0.846  | 0.522  | 0.335 | 0.691 | 0.755 |
| Bus        | 0.718 | 0.907  | 0.773  | 0.375 | 0.68  | 0.839 |
| Lamp       | 0.44  | 0.782  | 0.455  | 0.387 | 0.71  | nan   |
| Motorcycle | 0.415 | 0.693  | 0.46   | 0.096 | 0.617 | 0.807 |
+------------+-------+--------+--------+-------+-------+-------+
2025/05/20 18:14:06 - mmengine - INFO - bbox_mAP_copypaste: 0.563 0.836 0.608 0.324 0.674 0.816
2025/05/20 18:14:06 - mmengine - INFO - Epoch(val) [178][781/781]    coco/Car_precision: 0.6870  coco/Truck_precision: 0.6160  coco/People_precision: 0.5040  coco/Bus_precision: 0.7180  coco/Lamp_precision: 0.4400  coco/Motorcycle_precision: 0.4150  coco/bbox_mAP: 0.5630  coco/bbox_mAP_50: 0.8360  coco/bbox_mAP_75: 0.6080  coco/bbox_mAP_s: 0.3240  coco/bbox_mAP_m: 0.6740  coco/bbox_mAP_l: 0.8160  data_time: 0.0008  time: 0.1016
2025/05/20 18:15:25 - mmengine - INFO - Epoch(train) [179][ 50/420]  base_lr: 1.0000e-02 lr: 1.2385e-03  eta: 3:57:50  time: 1.5796  data_time: 0.0386  memory: 10485  grad_norm: 24.2351  loss: 16.3697  loss_cls: 3.1734  loss_bbox: 5.9931  loss_dfl: 7.2032
2025/05/20 18:16:42 - mmengine - INFO - Epoch(train) [179][100/420]  base_lr: 1.0000e-02 lr: 1.2385e-03  eta: 3:56:32  time: 1.5466  data_time: 0.0071  memory: 10757  grad_norm: 23.6320  loss: 16.8342  loss_cls: 3.3401  loss_bbox: 6.2915  loss_dfl: 7.2025
2025/05/20 18:18:00 - mmengine - INFO - Epoch(train) [179][150/420]  base_lr: 1.0000e-02 lr: 1.2385e-03  eta: 3:55:14  time: 1.5472  data_time: 0.0071  memory: 10405  grad_norm: 23.8150  loss: 16.4227  loss_cls: 3.1331  loss_bbox: 6.0696  loss_dfl: 7.2199
2025/05/20 18:19:17 - mmengine - INFO - Epoch(train) [179][200/420]  base_lr: 1.0000e-02 lr: 1.2385e-03  eta: 3:53:56  time: 1.5466  data_time: 0.0071  memory: 10378  grad_norm: 23.3265  loss: 16.5235  loss_cls: 3.1663  loss_bbox: 6.1515  loss_dfl: 7.2058
2025/05/20 18:20:19 - mmengine - INFO - Exp name: yolov8_mambatransformer_20250520_141944
2025/05/20 18:20:34 - mmengine - INFO - Epoch(train) [179][250/420]  base_lr: 1.0000e-02 lr: 1.2385e-03  eta: 3:52:38  time: 1.5473  data_time: 0.0071  memory: 10576  grad_norm: 23.1923  loss: 16.4560  loss_cls: 3.1634  loss_bbox: 6.0690  loss_dfl: 7.2237
2025/05/20 18:21:52 - mmengine - INFO - Epoch(train) [179][300/420]  base_lr: 1.0000e-02 lr: 1.2385e-03  eta: 3:51:20  time: 1.5463  data_time: 0.0071  memory: 10469  grad_norm: 23.8145  loss: 16.5220  loss_cls: 3.1900  loss_bbox: 6.0922  loss_dfl: 7.2398
2025/05/20 18:23:09 - mmengine - INFO - Epoch(train) [179][350/420]  base_lr: 1.0000e-02 lr: 1.2385e-03  eta: 3:50:03  time: 1.5494  data_time: 0.0072  memory: 10394  grad_norm: 24.4258  loss: 16.7325  loss_cls: 3.2673  loss_bbox: 6.1500  loss_dfl: 7.3153
2025/05/20 18:24:27 - mmengine - INFO - Epoch(train) [179][400/420]  base_lr: 1.0000e-02 lr: 1.2385e-03  eta: 3:48:45  time: 1.5489  data_time: 0.0073  memory: 10410  grad_norm: 24.9660  loss: 16.4460  loss_cls: 3.1776  loss_bbox: 6.0607  loss_dfl: 7.2078
2025/05/20 18:24:58 - mmengine - INFO - Exp name: yolov8_mambatransformer_20250520_141944
2025/05/20 18:24:58 - mmengine - INFO - Saving checkpoint at 179 epochs
2025/05/20 18:25:07 - mmengine - INFO - Epoch(val) [179][ 50/781]    eta: 0:01:24  time: 0.1154  data_time: 0.0025  memory: 10346  
2025/05/20 18:25:13 - mmengine - INFO - Epoch(val) [179][100/781]    eta: 0:01:20  time: 0.1217  data_time: 0.0008  memory: 1000  
2025/05/20 18:25:19 - mmengine - INFO - Epoch(val) [179][150/781]    eta: 0:01:12  time: 0.1080  data_time: 0.0004  memory: 1000  
2025/05/20 18:25:25 - mmengine - INFO - Epoch(val) [179][200/781]    eta: 0:01:07  time: 0.1201  data_time: 0.0029  memory: 1000  
2025/05/20 18:25:30 - mmengine - INFO - Epoch(val) [179][250/781]    eta: 0:01:00  time: 0.1018  data_time: 0.0014  memory: 1000  
2025/05/20 18:25:34 - mmengine - INFO - Epoch(val) [179][300/781]    eta: 0:00:51  time: 0.0736  data_time: 0.0004  memory: 1000  
2025/05/20 18:25:37 - mmengine - INFO - Epoch(val) [179][350/781]    eta: 0:00:43  time: 0.0739  data_time: 0.0004  memory: 1000  
2025/05/20 18:25:41 - mmengine - INFO - Epoch(val) [179][400/781]    eta: 0:00:37  time: 0.0741  data_time: 0.0004  memory: 1000  
2025/05/20 18:25:45 - mmengine - INFO - Epoch(val) [179][450/781]    eta: 0:00:31  time: 0.0739  data_time: 0.0004  memory: 1000  
2025/05/20 18:25:49 - mmengine - INFO - Epoch(val) [179][500/781]    eta: 0:00:26  time: 0.0738  data_time: 0.0004  memory: 1000  
2025/05/20 18:25:52 - mmengine - INFO - Epoch(val) [179][550/781]    eta: 0:00:21  time: 0.0738  data_time: 0.0004  memory: 1000  
2025/05/20 18:25:56 - mmengine - INFO - Epoch(val) [179][600/781]    eta: 0:00:16  time: 0.0738  data_time: 0.0004  memory: 1000  
2025/05/20 18:26:00 - mmengine - INFO - Epoch(val) [179][650/781]    eta: 0:00:11  time: 0.0738  data_time: 0.0004  memory: 1000  
2025/05/20 18:26:03 - mmengine - INFO - Epoch(val) [179][700/781]    eta: 0:00:07  time: 0.0738  data_time: 0.0004  memory: 1000  
2025/05/20 18:26:07 - mmengine - INFO - Epoch(val) [179][750/781]    eta: 0:00:02  time: 0.0738  data_time: 0.0004  memory: 1000  
2025/05/20 18:26:10 - mmengine - INFO - Evaluating bbox...
2025/05/20 18:26:14 - mmengine - INFO - 
+------------+-------+--------+--------+-------+-------+-------+
| category   | mAP   | mAP_50 | mAP_75 | mAP_s | mAP_m | mAP_l |
+------------+-------+--------+--------+-------+-------+-------+
| Car        | 0.687 | 0.922  | 0.761  | 0.411 | 0.717 | 0.888 |
| Truck      | 0.617 | 0.865  | 0.678  | 0.337 | 0.633 | 0.789 |
| People     | 0.505 | 0.848  | 0.523  | 0.335 | 0.692 | 0.756 |
| Bus        | 0.719 | 0.907  | 0.773  | 0.375 | 0.683 | 0.838 |
| Lamp       | 0.439 | 0.782  | 0.454  | 0.386 | 0.708 | nan   |
| Motorcycle | 0.415 | 0.694  | 0.461  | 0.096 | 0.618 | 0.807 |
+------------+-------+--------+--------+-------+-------+-------+
2025/05/20 18:26:14 - mmengine - INFO - bbox_mAP_copypaste: 0.563 0.836 0.608 0.324 0.675 0.815
2025/05/20 18:26:14 - mmengine - INFO - Epoch(val) [179][781/781]    coco/Car_precision: 0.6870  coco/Truck_precision: 0.6170  coco/People_precision: 0.5050  coco/Bus_precision: 0.7190  coco/Lamp_precision: 0.4390  coco/Motorcycle_precision: 0.4150  coco/bbox_mAP: 0.5630  coco/bbox_mAP_50: 0.8360  coco/bbox_mAP_75: 0.6080  coco/bbox_mAP_s: 0.3240  coco/bbox_mAP_m: 0.6750  coco/bbox_mAP_l: 0.8150  data_time: 0.0008  time: 0.0865
2025/05/20 18:27:33 - mmengine - INFO - Epoch(train) [180][ 50/420]  base_lr: 1.0000e-02 lr: 1.1890e-03  eta: 3:46:57  time: 1.5809  data_time: 0.0359  memory: 10416  grad_norm: 22.9750  loss: 16.4674  loss_cls: 3.1634  loss_bbox: 6.0997  loss_dfl: 7.2044
2025/05/20 18:28:50 - mmengine - INFO - Epoch(train) [180][100/420]  base_lr: 1.0000e-02 lr: 1.1890e-03  eta: 3:45:40  time: 1.5520  data_time: 0.0071  memory: 10437  grad_norm: 23.8815  loss: 16.6037  loss_cls: 3.1986  loss_bbox: 6.1723  loss_dfl: 7.2328
2025/05/20 18:30:08 - mmengine - INFO - Epoch(train) [180][150/420]  base_lr: 1.0000e-02 lr: 1.1890e-03  eta: 3:44:22  time: 1.5473  data_time: 0.0071  memory: 10432  grad_norm: 24.7661  loss: 16.3468  loss_cls: 3.1190  loss_bbox: 6.0222  loss_dfl: 7.2056
2025/05/20 18:31:25 - mmengine - INFO - Epoch(train) [180][200/420]  base_lr: 1.0000e-02 lr: 1.1890e-03  eta: 3:43:04  time: 1.5476  data_time: 0.0071  memory: 10421  grad_norm: 23.4313  loss: 16.3760  loss_cls: 3.1232  loss_bbox: 6.0940  loss_dfl: 7.1588
2025/05/20 18:32:43 - mmengine - INFO - Epoch(train) [180][250/420]  base_lr: 1.0000e-02 lr: 1.1890e-03  eta: 3:41:46  time: 1.5541  data_time: 0.0071  memory: 10597  grad_norm: 23.6742  loss: 16.6154  loss_cls: 3.1868  loss_bbox: 6.2285  loss_dfl: 7.2001
2025/05/20 18:34:00 - mmengine - INFO - Epoch(train) [180][300/420]  base_lr: 1.0000e-02 lr: 1.1890e-03  eta: 3:40:28  time: 1.5471  data_time: 0.0071  memory: 10448  grad_norm: 23.6355  loss: 16.5316  loss_cls: 3.1805  loss_bbox: 6.1364  loss_dfl: 7.2147
2025/05/20 18:35:18 - mmengine - INFO - Epoch(train) [180][350/420]  base_lr: 1.0000e-02 lr: 1.1890e-03  eta: 3:39:11  time: 1.5473  data_time: 0.0071  memory: 10437  grad_norm: 23.8807  loss: 16.4432  loss_cls: 3.1851  loss_bbox: 6.0505  loss_dfl: 7.2076
2025/05/20 18:36:35 - mmengine - INFO - Epoch(train) [180][400/420]  base_lr: 1.0000e-02 lr: 1.1890e-03  eta: 3:37:53  time: 1.5463  data_time: 0.0071  memory: 10421  grad_norm: 25.3577  loss: 16.8263  loss_cls: 3.2646  loss_bbox: 6.2890  loss_dfl: 7.2728
2025/05/20 18:37:06 - mmengine - INFO - Exp name: yolov8_mambatransformer_20250520_141944
2025/05/20 18:37:06 - mmengine - INFO - Saving checkpoint at 180 epochs
2025/05/20 18:37:16 - mmengine - INFO - Epoch(val) [180][ 50/781]    eta: 0:01:27  time: 0.1194  data_time: 0.0029  memory: 10384  
2025/05/20 18:37:22 - mmengine - INFO - Epoch(val) [180][100/781]    eta: 0:01:20  time: 0.1172  data_time: 0.0010  memory: 1000  
2025/05/20 18:37:28 - mmengine - INFO - Epoch(val) [180][150/781]    eta: 0:01:15  time: 0.1223  data_time: 0.0028  memory: 1000  
2025/05/20 18:37:34 - mmengine - INFO - Epoch(val) [180][200/781]    eta: 0:01:09  time: 0.1184  data_time: 0.0024  memory: 1000  
2025/05/20 18:37:39 - mmengine - INFO - Epoch(val) [180][250/781]    eta: 0:01:02  time: 0.1086  data_time: 0.0004  memory: 1000  
2025/05/20 18:37:45 - mmengine - INFO - Epoch(val) [180][300/781]    eta: 0:00:56  time: 0.1144  data_time: 0.0004  memory: 1000  
2025/05/20 18:37:51 - mmengine - INFO - Epoch(val) [180][350/781]    eta: 0:00:50  time: 0.1175  data_time: 0.0015  memory: 1000  
2025/05/20 18:37:57 - mmengine - INFO - Epoch(val) [180][400/781]    eta: 0:00:44  time: 0.1141  data_time: 0.0007  memory: 1000  
2025/05/20 18:38:02 - mmengine - INFO - Epoch(val) [180][450/781]    eta: 0:00:38  time: 0.1082  data_time: 0.0007  memory: 1000  
2025/05/20 18:38:07 - mmengine - INFO - Epoch(val) [180][500/781]    eta: 0:00:31  time: 0.0913  data_time: 0.0004  memory: 1000  
2025/05/20 18:38:11 - mmengine - INFO - Epoch(val) [180][550/781]    eta: 0:00:25  time: 0.0874  data_time: 0.0004  memory: 1000  
2025/05/20 18:38:15 - mmengine - INFO - Epoch(val) [180][600/781]    eta: 0:00:19  time: 0.0742  data_time: 0.0003  memory: 1000  
2025/05/20 18:38:18 - mmengine - INFO - Epoch(val) [180][650/781]    eta: 0:00:13  time: 0.0737  data_time: 0.0003  memory: 1000  
2025/05/20 18:38:22 - mmengine - INFO - Epoch(val) [180][700/781]    eta: 0:00:08  time: 0.0736  data_time: 0.0003  memory: 1000  
2025/05/20 18:38:26 - mmengine - INFO - Epoch(val) [180][750/781]    eta: 0:00:03  time: 0.0736  data_time: 0.0003  memory: 1000  
2025/05/20 18:38:28 - mmengine - INFO - Evaluating bbox...
2025/05/20 18:38:32 - mmengine - INFO - 
+------------+-------+--------+--------+-------+-------+-------+
| category   | mAP   | mAP_50 | mAP_75 | mAP_s | mAP_m | mAP_l |
+------------+-------+--------+--------+-------+-------+-------+
| Car        | 0.688 | 0.922  | 0.761  | 0.412 | 0.718 | 0.888 |
| Truck      | 0.617 | 0.865  | 0.678  | 0.344 | 0.634 | 0.788 |
| People     | 0.505 | 0.847  | 0.523  | 0.336 | 0.691 | 0.757 |
| Bus        | 0.719 | 0.908  | 0.773  | 0.374 | 0.685 | 0.838 |
| Lamp       | 0.439 | 0.782  | 0.455  | 0.387 | 0.707 | nan   |
| Motorcycle | 0.416 | 0.695  | 0.462  | 0.096 | 0.618 | 0.807 |
+------------+-------+--------+--------+-------+-------+-------+
2025/05/20 18:38:32 - mmengine - INFO - bbox_mAP_copypaste: 0.564 0.837 0.609 0.325 0.676 0.816
2025/05/20 18:38:33 - mmengine - INFO - Epoch(val) [180][781/781]    coco/Car_precision: 0.6880  coco/Truck_precision: 0.6170  coco/People_precision: 0.5050  coco/Bus_precision: 0.7190  coco/Lamp_precision: 0.4390  coco/Motorcycle_precision: 0.4160  coco/bbox_mAP: 0.5640  coco/bbox_mAP_50: 0.8370  coco/bbox_mAP_75: 0.6090  coco/bbox_mAP_s: 0.3250  coco/bbox_mAP_m: 0.6760  coco/bbox_mAP_l: 0.8160  data_time: 0.0010  time: 0.0998
2025/05/20 18:38:33 - mmengine - INFO - The previous best checkpoint /data/nl/Mamba2Spectral/work_dirs/yolov8_mambatransformer/best_coco_bbox_mAP_50_epoch_177.pth is removed
2025/05/20 18:38:35 - mmengine - INFO - The best checkpoint with 0.8370 coco/bbox_mAP_50 at 180 epoch is saved to best_coco_bbox_mAP_50_epoch_180.pth.
2025/05/20 18:40:00 - mmengine - INFO - Epoch(train) [181][ 50/420]  base_lr: 1.0000e-02 lr: 1.1395e-03  eta: 3:36:05  time: 1.5830  data_time: 0.0381  memory: 10384  grad_norm: 24.2620  loss: 16.4551  loss_cls: 3.1387  loss_bbox: 6.0462  loss_dfl: 7.2703
2025/05/20 18:41:17 - mmengine - INFO - Epoch(train) [181][100/420]  base_lr: 1.0000e-02 lr: 1.1395e-03  eta: 3:34:47  time: 1.5535  data_time: 0.0071  memory: 10501  grad_norm: 23.8682  loss: 16.2839  loss_cls: 3.1266  loss_bbox: 5.9687  loss_dfl: 7.1886
2025/05/20 18:42:35 - mmengine - INFO - Epoch(train) [181][150/420]  base_lr: 1.0000e-02 lr: 1.1395e-03  eta: 3:33:30  time: 1.5479  data_time: 0.0073  memory: 10421  grad_norm: 25.0424  loss: 16.5668  loss_cls: 3.2742  loss_bbox: 6.0972  loss_dfl: 7.1955
2025/05/20 18:43:52 - mmengine - INFO - Epoch(train) [181][200/420]  base_lr: 1.0000e-02 lr: 1.1395e-03  eta: 3:32:12  time: 1.5478  data_time: 0.0071  memory: 10346  grad_norm: 22.0919  loss: 16.2915  loss_cls: 3.1048  loss_bbox: 6.0003  loss_dfl: 7.1865
2025/05/20 18:45:09 - mmengine - INFO - Epoch(train) [181][250/420]  base_lr: 1.0000e-02 lr: 1.1395e-03  eta: 3:30:54  time: 1.5481  data_time: 0.0071  memory: 10522  grad_norm: 21.8636  loss: 16.2066  loss_cls: 3.1035  loss_bbox: 5.9784  loss_dfl: 7.1247
2025/05/20 18:46:27 - mmengine - INFO - Epoch(train) [181][300/420]  base_lr: 1.0000e-02 lr: 1.1395e-03  eta: 3:29:36  time: 1.5470  data_time: 0.0071  memory: 10555  grad_norm: 24.5523  loss: 16.6996  loss_cls: 3.2373  loss_bbox: 6.2172  loss_dfl: 7.2451
2025/05/20 18:47:44 - mmengine - INFO - Epoch(train) [181][350/420]  base_lr: 1.0000e-02 lr: 1.1395e-03  eta: 3:28:18  time: 1.5476  data_time: 0.0072  memory: 10458  grad_norm: 23.7967  loss: 16.2679  loss_cls: 3.0936  loss_bbox: 5.9369  loss_dfl: 7.2374
2025/05/20 18:49:02 - mmengine - INFO - Exp name: yolov8_mambatransformer_20250520_141944
2025/05/20 18:49:02 - mmengine - INFO - Epoch(train) [181][400/420]  base_lr: 1.0000e-02 lr: 1.1395e-03  eta: 3:27:00  time: 1.5473  data_time: 0.0071  memory: 10490  grad_norm: 22.7162  loss: 16.2924  loss_cls: 3.1146  loss_bbox: 6.0177  loss_dfl: 7.1601
2025/05/20 18:49:33 - mmengine - INFO - Exp name: yolov8_mambatransformer_20250520_141944
2025/05/20 18:49:33 - mmengine - INFO - Saving checkpoint at 181 epochs
2025/05/20 18:49:42 - mmengine - INFO - Epoch(val) [181][ 50/781]    eta: 0:01:17  time: 0.1058  data_time: 0.0018  memory: 10538  
2025/05/20 18:49:48 - mmengine - INFO - Epoch(val) [181][100/781]    eta: 0:01:14  time: 0.1136  data_time: 0.0014  memory: 1000  
2025/05/20 18:49:53 - mmengine - INFO - Epoch(val) [181][150/781]    eta: 0:01:10  time: 0.1138  data_time: 0.0004  memory: 1000  
2025/05/20 18:49:59 - mmengine - INFO - Epoch(val) [181][200/781]    eta: 0:01:05  time: 0.1209  data_time: 0.0039  memory: 1000  
2025/05/20 18:50:05 - mmengine - INFO - Epoch(val) [181][250/781]    eta: 0:01:00  time: 0.1146  data_time: 0.0009  memory: 1000  
2025/05/20 18:50:11 - mmengine - INFO - Epoch(val) [181][300/781]    eta: 0:00:54  time: 0.1115  data_time: 0.0004  memory: 1000  
2025/05/20 18:50:17 - mmengine - INFO - Epoch(val) [181][350/781]    eta: 0:00:49  time: 0.1189  data_time: 0.0039  memory: 1000  
2025/05/20 18:50:21 - mmengine - INFO - Epoch(val) [181][400/781]    eta: 0:00:42  time: 0.0842  data_time: 0.0004  memory: 1000  
2025/05/20 18:50:25 - mmengine - INFO - Epoch(val) [181][450/781]    eta: 0:00:35  time: 0.0752  data_time: 0.0004  memory: 1000  
2025/05/20 18:50:28 - mmengine - INFO - Epoch(val) [181][500/781]    eta: 0:00:29  time: 0.0750  data_time: 0.0004  memory: 1000  
2025/05/20 18:50:32 - mmengine - INFO - Epoch(val) [181][550/781]    eta: 0:00:23  time: 0.0732  data_time: 0.0003  memory: 1000  
2025/05/20 18:50:36 - mmengine - INFO - Epoch(val) [181][600/781]    eta: 0:00:17  time: 0.0724  data_time: 0.0003  memory: 1000  
2025/05/20 18:50:39 - mmengine - INFO - Epoch(val) [181][650/781]    eta: 0:00:12  time: 0.0735  data_time: 0.0003  memory: 1000  
2025/05/20 18:50:43 - mmengine - INFO - Epoch(val) [181][700/781]    eta: 0:00:07  time: 0.0734  data_time: 0.0003  memory: 1000  
2025/05/20 18:50:47 - mmengine - INFO - Epoch(val) [181][750/781]    eta: 0:00:02  time: 0.0734  data_time: 0.0003  memory: 1000  
2025/05/20 18:50:50 - mmengine - INFO - Evaluating bbox...
2025/05/20 18:50:54 - mmengine - INFO - 
+------------+-------+--------+--------+-------+-------+-------+
| category   | mAP   | mAP_50 | mAP_75 | mAP_s | mAP_m | mAP_l |
+------------+-------+--------+--------+-------+-------+-------+
| Car        | 0.687 | 0.922  | 0.761  | 0.412 | 0.717 | 0.888 |
| Truck      | 0.615 | 0.865  | 0.682  | 0.332 | 0.634 | 0.785 |
| People     | 0.505 | 0.848  | 0.523  | 0.337 | 0.69  | 0.755 |
| Bus        | 0.72  | 0.908  | 0.773  | 0.374 | 0.685 | 0.838 |
| Lamp       | 0.44  | 0.782  | 0.459  | 0.389 | 0.708 | nan   |
| Motorcycle | 0.416 | 0.696  | 0.452  | 0.096 | 0.622 | 0.807 |
+------------+-------+--------+--------+-------+-------+-------+
2025/05/20 18:50:54 - mmengine - INFO - bbox_mAP_copypaste: 0.564 0.837 0.608 0.323 0.676 0.815
2025/05/20 18:50:54 - mmengine - INFO - Epoch(val) [181][781/781]    coco/Car_precision: 0.6870  coco/Truck_precision: 0.6150  coco/People_precision: 0.5050  coco/Bus_precision: 0.7200  coco/Lamp_precision: 0.4400  coco/Motorcycle_precision: 0.4160  coco/bbox_mAP: 0.5640  coco/bbox_mAP_50: 0.8370  coco/bbox_mAP_75: 0.6080  coco/bbox_mAP_s: 0.3230  coco/bbox_mAP_m: 0.6760  coco/bbox_mAP_l: 0.8150  data_time: 0.0010  time: 0.0925
2025/05/20 18:52:13 - mmengine - INFO - Epoch(train) [182][ 50/420]  base_lr: 1.0000e-02 lr: 1.0900e-03  eta: 3:25:13  time: 1.5785  data_time: 0.0379  memory: 10426  grad_norm: 24.4538  loss: 16.3694  loss_cls: 3.1296  loss_bbox: 6.0631  loss_dfl: 7.1768
2025/05/20 18:53:30 - mmengine - INFO - Epoch(train) [182][100/420]  base_lr: 1.0000e-02 lr: 1.0900e-03  eta: 3:23:55  time: 1.5480  data_time: 0.0071  memory: 10405  grad_norm: 23.1909  loss: 16.2063  loss_cls: 3.0670  loss_bbox: 5.8882  loss_dfl: 7.2512
2025/05/20 18:54:47 - mmengine - INFO - Epoch(train) [182][150/420]  base_lr: 1.0000e-02 lr: 1.0900e-03  eta: 3:22:37  time: 1.5473  data_time: 0.0071  memory: 10400  grad_norm: 24.7132  loss: 16.6217  loss_cls: 3.1808  loss_bbox: 6.0929  loss_dfl: 7.3480
2025/05/20 18:56:05 - mmengine - INFO - Epoch(train) [182][200/420]  base_lr: 1.0000e-02 lr: 1.0900e-03  eta: 3:21:19  time: 1.5478  data_time: 0.0071  memory: 10549  grad_norm: 25.2122  loss: 16.4116  loss_cls: 3.1445  loss_bbox: 6.0559  loss_dfl: 7.2112
2025/05/20 18:57:22 - mmengine - INFO - Epoch(train) [182][250/420]  base_lr: 1.0000e-02 lr: 1.0900e-03  eta: 3:20:01  time: 1.5476  data_time: 0.0071  memory: 10544  grad_norm: 22.6537  loss: 16.4641  loss_cls: 3.1548  loss_bbox: 6.1238  loss_dfl: 7.1854
2025/05/20 18:58:40 - mmengine - INFO - Epoch(train) [182][300/420]  base_lr: 1.0000e-02 lr: 1.0900e-03  eta: 3:18:44  time: 1.5479  data_time: 0.0071  memory: 10416  grad_norm: 24.2361  loss: 16.6129  loss_cls: 3.1566  loss_bbox: 6.1864  loss_dfl: 7.2698
2025/05/20 18:59:57 - mmengine - INFO - Epoch(train) [182][350/420]  base_lr: 1.0000e-02 lr: 1.0900e-03  eta: 3:17:26  time: 1.5483  data_time: 0.0071  memory: 10426  grad_norm: 22.0893  loss: 16.2488  loss_cls: 3.0937  loss_bbox: 6.0153  loss_dfl: 7.1399
2025/05/20 19:01:15 - mmengine - INFO - Epoch(train) [182][400/420]  base_lr: 1.0000e-02 lr: 1.0900e-03  eta: 3:16:08  time: 1.5486  data_time: 0.0071  memory: 10496  grad_norm: 23.0507  loss: 16.3174  loss_cls: 3.0941  loss_bbox: 6.0675  loss_dfl: 7.1558
2025/05/20 19:01:45 - mmengine - INFO - Exp name: yolov8_mambatransformer_20250520_141944
2025/05/20 19:01:45 - mmengine - INFO - Saving checkpoint at 182 epochs
2025/05/20 19:01:55 - mmengine - INFO - Epoch(val) [182][ 50/781]    eta: 0:01:24  time: 0.1151  data_time: 0.0035  memory: 10320  
2025/05/20 19:02:00 - mmengine - INFO - Epoch(val) [182][100/781]    eta: 0:01:14  time: 0.1035  data_time: 0.0004  memory: 1000  
2025/05/20 19:02:06 - mmengine - INFO - Epoch(val) [182][150/781]    eta: 0:01:08  time: 0.1091  data_time: 0.0023  memory: 1000  
2025/05/20 19:02:11 - mmengine - INFO - Epoch(val) [182][200/781]    eta: 0:01:02  time: 0.1025  data_time: 0.0017  memory: 1000  
2025/05/20 19:02:15 - mmengine - INFO - Epoch(val) [182][250/781]    eta: 0:00:55  time: 0.0914  data_time: 0.0003  memory: 1000  
2025/05/20 19:02:20 - mmengine - INFO - Epoch(val) [182][300/781]    eta: 0:00:50  time: 0.1032  data_time: 0.0004  memory: 1000  
2025/05/20 19:02:26 - mmengine - INFO - Epoch(val) [182][350/781]    eta: 0:00:44  time: 0.1017  data_time: 0.0006  memory: 1000  
2025/05/20 19:02:31 - mmengine - INFO - Epoch(val) [182][400/781]    eta: 0:00:39  time: 0.1008  data_time: 0.0012  memory: 1000  
2025/05/20 19:02:35 - mmengine - INFO - Epoch(val) [182][450/781]    eta: 0:00:33  time: 0.0805  data_time: 0.0003  memory: 1000  
2025/05/20 19:02:38 - mmengine - INFO - Epoch(val) [182][500/781]    eta: 0:00:27  time: 0.0733  data_time: 0.0003  memory: 1000  
2025/05/20 19:02:42 - mmengine - INFO - Epoch(val) [182][550/781]    eta: 0:00:22  time: 0.0784  data_time: 0.0003  memory: 1000  
2025/05/20 19:02:47 - mmengine - INFO - Epoch(val) [182][600/781]    eta: 0:00:17  time: 0.0842  data_time: 0.0003  memory: 1000  
2025/05/20 19:02:51 - mmengine - INFO - Epoch(val) [182][650/781]    eta: 0:00:12  time: 0.0824  data_time: 0.0003  memory: 1000  
2025/05/20 19:02:54 - mmengine - INFO - Epoch(val) [182][700/781]    eta: 0:00:07  time: 0.0758  data_time: 0.0003  memory: 1000  
2025/05/20 19:02:59 - mmengine - INFO - Epoch(val) [182][750/781]    eta: 0:00:02  time: 0.0839  data_time: 0.0003  memory: 1000  
2025/05/20 19:03:02 - mmengine - INFO - Evaluating bbox...
2025/05/20 19:03:06 - mmengine - INFO - 
+------------+-------+--------+--------+-------+-------+-------+
| category   | mAP   | mAP_50 | mAP_75 | mAP_s | mAP_m | mAP_l |
+------------+-------+--------+--------+-------+-------+-------+
| Car        | 0.687 | 0.923  | 0.76   | 0.412 | 0.716 | 0.887 |
| Truck      | 0.616 | 0.864  | 0.687  | 0.336 | 0.633 | 0.786 |
| People     | 0.505 | 0.848  | 0.523  | 0.337 | 0.69  | 0.755 |
| Bus        | 0.718 | 0.908  | 0.774  | 0.371 | 0.684 | 0.838 |
| Lamp       | 0.441 | 0.783  | 0.46   | 0.389 | 0.708 | nan   |
| Motorcycle | 0.417 | 0.696  | 0.452  | 0.095 | 0.623 | 0.807 |
+------------+-------+--------+--------+-------+-------+-------+
2025/05/20 19:03:06 - mmengine - INFO - bbox_mAP_copypaste: 0.564 0.837 0.609 0.323 0.676 0.814
2025/05/20 19:03:06 - mmengine - INFO - Epoch(val) [182][781/781]    coco/Car_precision: 0.6870  coco/Truck_precision: 0.6160  coco/People_precision: 0.5050  coco/Bus_precision: 0.7180  coco/Lamp_precision: 0.4410  coco/Motorcycle_precision: 0.4170  coco/bbox_mAP: 0.5640  coco/bbox_mAP_50: 0.8370  coco/bbox_mAP_75: 0.6090  coco/bbox_mAP_s: 0.3230  coco/bbox_mAP_m: 0.6760  coco/bbox_mAP_l: 0.8140  data_time: 0.0008  time: 0.0919
2025/05/20 19:04:25 - mmengine - INFO - Epoch(train) [183][ 50/420]  base_lr: 1.0000e-02 lr: 1.0405e-03  eta: 3:14:20  time: 1.5838  data_time: 0.0415  memory: 10448  grad_norm: 23.5593  loss: 16.3372  loss_cls: 3.1066  loss_bbox: 6.0176  loss_dfl: 7.2130
2025/05/20 19:05:43 - mmengine - INFO - Epoch(train) [183][100/420]  base_lr: 1.0000e-02 lr: 1.0405e-03  eta: 3:13:03  time: 1.5543  data_time: 0.0114  memory: 10485  grad_norm: 23.9577  loss: 16.3050  loss_cls: 3.1512  loss_bbox: 5.9850  loss_dfl: 7.1688
2025/05/20 19:07:00 - mmengine - INFO - Epoch(train) [183][150/420]  base_lr: 1.0000e-02 lr: 1.0405e-03  eta: 3:11:45  time: 1.5541  data_time: 0.0115  memory: 10432  grad_norm: 24.5455  loss: 16.3389  loss_cls: 3.1169  loss_bbox: 6.0040  loss_dfl: 7.2181
2025/05/20 19:08:18 - mmengine - INFO - Epoch(train) [183][200/420]  base_lr: 1.0000e-02 lr: 1.0405e-03  eta: 3:10:28  time: 1.5537  data_time: 0.0115  memory: 10464  grad_norm: 23.3506  loss: 16.2146  loss_cls: 3.0815  loss_bbox: 5.9511  loss_dfl: 7.1820
2025/05/20 19:09:36 - mmengine - INFO - Epoch(train) [183][250/420]  base_lr: 1.0000e-02 lr: 1.0405e-03  eta: 3:09:10  time: 1.5559  data_time: 0.0116  memory: 10368  grad_norm: 24.3252  loss: 16.6898  loss_cls: 3.2156  loss_bbox: 6.2291  loss_dfl: 7.2451
2025/05/20 19:10:54 - mmengine - INFO - Epoch(train) [183][300/420]  base_lr: 1.0000e-02 lr: 1.0405e-03  eta: 3:07:53  time: 1.5557  data_time: 0.0114  memory: 10384  grad_norm: 23.2791  loss: 16.3185  loss_cls: 3.1190  loss_bbox: 6.0259  loss_dfl: 7.1736
2025/05/20 19:12:12 - mmengine - INFO - Epoch(train) [183][350/420]  base_lr: 1.0000e-02 lr: 1.0405e-03  eta: 3:06:35  time: 1.5558  data_time: 0.0115  memory: 10437  grad_norm: 23.3635  loss: 16.1095  loss_cls: 3.0536  loss_bbox: 5.8566  loss_dfl: 7.1993
2025/05/20 19:13:29 - mmengine - INFO - Epoch(train) [183][400/420]  base_lr: 1.0000e-02 lr: 1.0405e-03  eta: 3:05:17  time: 1.5556  data_time: 0.0115  memory: 10362  grad_norm: 24.4809  loss: 16.1562  loss_cls: 3.0561  loss_bbox: 5.9469  loss_dfl: 7.1532
2025/05/20 19:14:00 - mmengine - INFO - Exp name: yolov8_mambatransformer_20250520_141944
2025/05/20 19:14:00 - mmengine - INFO - Saving checkpoint at 183 epochs
2025/05/20 19:14:08 - mmengine - INFO - Epoch(val) [183][ 50/781]    eta: 0:01:06  time: 0.0912  data_time: 0.0021  memory: 10442  
2025/05/20 19:14:13 - mmengine - INFO - Epoch(val) [183][100/781]    eta: 0:00:59  time: 0.0830  data_time: 0.0003  memory: 1000  
2025/05/20 19:14:17 - mmengine - INFO - Epoch(val) [183][150/781]    eta: 0:00:54  time: 0.0831  data_time: 0.0003  memory: 1000  
2025/05/20 19:14:21 - mmengine - INFO - Epoch(val) [183][200/781]    eta: 0:00:49  time: 0.0830  data_time: 0.0004  memory: 1000  
2025/05/20 19:14:25 - mmengine - INFO - Epoch(val) [183][250/781]    eta: 0:00:45  time: 0.0835  data_time: 0.0003  memory: 1000  
2025/05/20 19:14:29 - mmengine - INFO - Epoch(val) [183][300/781]    eta: 0:00:40  time: 0.0840  data_time: 0.0003  memory: 1000  
2025/05/20 19:14:34 - mmengine - INFO - Epoch(val) [183][350/781]    eta: 0:00:36  time: 0.0837  data_time: 0.0004  memory: 1000  
2025/05/20 19:14:38 - mmengine - INFO - Epoch(val) [183][400/781]    eta: 0:00:32  time: 0.0832  data_time: 0.0003  memory: 1000  
2025/05/20 19:14:42 - mmengine - INFO - Epoch(val) [183][450/781]    eta: 0:00:27  time: 0.0838  data_time: 0.0003  memory: 1000  
2025/05/20 19:14:46 - mmengine - INFO - Epoch(val) [183][500/781]    eta: 0:00:23  time: 0.0834  data_time: 0.0003  memory: 1000  
2025/05/20 19:14:50 - mmengine - INFO - Epoch(val) [183][550/781]    eta: 0:00:19  time: 0.0835  data_time: 0.0003  memory: 1000  
2025/05/20 19:14:55 - mmengine - INFO - Epoch(val) [183][600/781]    eta: 0:00:15  time: 0.0835  data_time: 0.0004  memory: 1000  
2025/05/20 19:14:59 - mmengine - INFO - Epoch(val) [183][650/781]    eta: 0:00:11  time: 0.0835  data_time: 0.0004  memory: 1000  
2025/05/20 19:15:03 - mmengine - INFO - Epoch(val) [183][700/781]    eta: 0:00:06  time: 0.0834  data_time: 0.0004  memory: 1000  
2025/05/20 19:15:07 - mmengine - INFO - Epoch(val) [183][750/781]    eta: 0:00:02  time: 0.0834  data_time: 0.0003  memory: 1000  
2025/05/20 19:15:10 - mmengine - INFO - Evaluating bbox...
2025/05/20 19:15:14 - mmengine - INFO - 
+------------+-------+--------+--------+-------+-------+-------+
| category   | mAP   | mAP_50 | mAP_75 | mAP_s | mAP_m | mAP_l |
+------------+-------+--------+--------+-------+-------+-------+
| Car        | 0.688 | 0.923  | 0.761  | 0.412 | 0.716 | 0.888 |
| Truck      | 0.617 | 0.865  | 0.689  | 0.345 | 0.633 | 0.79  |
| People     | 0.506 | 0.848  | 0.523  | 0.338 | 0.691 | 0.755 |
| Bus        | 0.718 | 0.909  | 0.774  | 0.372 | 0.683 | 0.839 |
| Lamp       | 0.442 | 0.784  | 0.464  | 0.39  | 0.708 | nan   |
| Motorcycle | 0.418 | 0.696  | 0.452  | 0.095 | 0.624 | 0.807 |
+------------+-------+--------+--------+-------+-------+-------+
2025/05/20 19:15:14 - mmengine - INFO - bbox_mAP_copypaste: 0.565 0.838 0.610 0.325 0.676 0.816
2025/05/20 19:15:14 - mmengine - INFO - Epoch(val) [183][781/781]    coco/Car_precision: 0.6880  coco/Truck_precision: 0.6170  coco/People_precision: 0.5060  coco/Bus_precision: 0.7180  coco/Lamp_precision: 0.4420  coco/Motorcycle_precision: 0.4180  coco/bbox_mAP: 0.5650  coco/bbox_mAP_50: 0.8380  coco/bbox_mAP_75: 0.6100  coco/bbox_mAP_s: 0.3250  coco/bbox_mAP_m: 0.6760  coco/bbox_mAP_l: 0.8160  data_time: 0.0005  time: 0.0838
2025/05/20 19:15:14 - mmengine - INFO - The previous best checkpoint /data/nl/Mamba2Spectral/work_dirs/yolov8_mambatransformer/best_coco_bbox_mAP_50_epoch_180.pth is removed
2025/05/20 19:15:17 - mmengine - INFO - The best checkpoint with 0.8380 coco/bbox_mAP_50 at 183 epoch is saved to best_coco_bbox_mAP_50_epoch_183.pth.
2025/05/20 19:16:41 - mmengine - INFO - Epoch(train) [184][ 50/420]  base_lr: 1.0000e-02 lr: 9.9100e-04  eta: 3:03:30  time: 1.5871  data_time: 0.0409  memory: 10442  grad_norm: 23.8863  loss: 16.1094  loss_cls: 3.0889  loss_bbox: 5.8308  loss_dfl: 7.1896
2025/05/20 19:17:59 - mmengine - INFO - Epoch(train) [184][100/420]  base_lr: 1.0000e-02 lr: 9.9100e-04  eta: 3:02:12  time: 1.5578  data_time: 0.0104  memory: 10474  grad_norm: 24.3939  loss: 16.3684  loss_cls: 3.0950  loss_bbox: 6.1100  loss_dfl: 7.1634
2025/05/20 19:19:01 - mmengine - INFO - Exp name: yolov8_mambatransformer_20250520_141944
2025/05/20 19:19:17 - mmengine - INFO - Epoch(train) [184][150/420]  base_lr: 1.0000e-02 lr: 9.9100e-04  eta: 3:00:55  time: 1.5576  data_time: 0.0103  memory: 10426  grad_norm: 24.3857  loss: 16.3598  loss_cls: 3.1223  loss_bbox: 6.0239  loss_dfl: 7.2137
2025/05/20 19:20:35 - mmengine - INFO - Epoch(train) [184][200/420]  base_lr: 1.0000e-02 lr: 9.9100e-04  eta: 2:59:37  time: 1.5567  data_time: 0.0104  memory: 10432  grad_norm: 24.1410  loss: 16.4782  loss_cls: 3.1506  loss_bbox: 6.1508  loss_dfl: 7.1769
2025/05/20 19:21:53 - mmengine - INFO - Epoch(train) [184][250/420]  base_lr: 1.0000e-02 lr: 9.9100e-04  eta: 2:58:20  time: 1.5567  data_time: 0.0101  memory: 10421  grad_norm: 23.6211  loss: 16.2643  loss_cls: 3.0943  loss_bbox: 5.9495  loss_dfl: 7.2205
2025/05/20 19:23:10 - mmengine - INFO - Epoch(train) [184][300/420]  base_lr: 1.0000e-02 lr: 9.9100e-04  eta: 2:57:02  time: 1.5548  data_time: 0.0099  memory: 10389  grad_norm: 24.8766  loss: 16.2158  loss_cls: 3.1030  loss_bbox: 5.9550  loss_dfl: 7.1579
2025/05/20 19:24:28 - mmengine - INFO - Epoch(train) [184][350/420]  base_lr: 1.0000e-02 lr: 9.9100e-04  eta: 2:55:45  time: 1.5579  data_time: 0.0106  memory: 10405  grad_norm: 22.9454  loss: 16.1515  loss_cls: 3.0671  loss_bbox: 5.9280  loss_dfl: 7.1564
2025/05/20 19:25:46 - mmengine - INFO - Epoch(train) [184][400/420]  base_lr: 1.0000e-02 lr: 9.9100e-04  eta: 2:54:27  time: 1.5584  data_time: 0.0105  memory: 10453  grad_norm: 23.9987  loss: 16.0232  loss_cls: 3.0440  loss_bbox: 5.8608  loss_dfl: 7.1183
2025/05/20 19:26:17 - mmengine - INFO - Exp name: yolov8_mambatransformer_20250520_141944
2025/05/20 19:26:17 - mmengine - INFO - Saving checkpoint at 184 epochs
2025/05/20 19:26:25 - mmengine - INFO - Epoch(val) [184][ 50/781]    eta: 0:01:03  time: 0.0876  data_time: 0.0024  memory: 10320  
2025/05/20 19:26:29 - mmengine - INFO - Epoch(val) [184][100/781]    eta: 0:00:55  time: 0.0751  data_time: 0.0003  memory: 1000  
2025/05/20 19:26:33 - mmengine - INFO - Epoch(val) [184][150/781]    eta: 0:00:49  time: 0.0739  data_time: 0.0003  memory: 1000  
2025/05/20 19:26:37 - mmengine - INFO - Epoch(val) [184][200/781]    eta: 0:00:45  time: 0.0736  data_time: 0.0003  memory: 1000  
2025/05/20 19:26:40 - mmengine - INFO - Epoch(val) [184][250/781]    eta: 0:00:40  time: 0.0736  data_time: 0.0003  memory: 1000  
2025/05/20 19:26:44 - mmengine - INFO - Epoch(val) [184][300/781]    eta: 0:00:36  time: 0.0736  data_time: 0.0003  memory: 1000  
2025/05/20 19:26:48 - mmengine - INFO - Epoch(val) [184][350/781]    eta: 0:00:32  time: 0.0736  data_time: 0.0003  memory: 1000  
2025/05/20 19:26:51 - mmengine - INFO - Epoch(val) [184][400/781]    eta: 0:00:28  time: 0.0747  data_time: 0.0003  memory: 1000  
2025/05/20 19:26:55 - mmengine - INFO - Epoch(val) [184][450/781]    eta: 0:00:24  time: 0.0734  data_time: 0.0003  memory: 1000  
2025/05/20 19:26:59 - mmengine - INFO - Epoch(val) [184][500/781]    eta: 0:00:21  time: 0.0733  data_time: 0.0003  memory: 1000  
2025/05/20 19:27:03 - mmengine - INFO - Epoch(val) [184][550/781]    eta: 0:00:17  time: 0.0739  data_time: 0.0003  memory: 1000  
2025/05/20 19:27:06 - mmengine - INFO - Epoch(val) [184][600/781]    eta: 0:00:13  time: 0.0739  data_time: 0.0003  memory: 1000  
2025/05/20 19:27:10 - mmengine - INFO - Epoch(val) [184][650/781]    eta: 0:00:09  time: 0.0733  data_time: 0.0003  memory: 1000  
2025/05/20 19:27:14 - mmengine - INFO - Epoch(val) [184][700/781]    eta: 0:00:06  time: 0.0735  data_time: 0.0003  memory: 1000  
2025/05/20 19:27:17 - mmengine - INFO - Epoch(val) [184][750/781]    eta: 0:00:02  time: 0.0733  data_time: 0.0003  memory: 1000  
2025/05/20 19:27:20 - mmengine - INFO - Evaluating bbox...
2025/05/20 19:27:24 - mmengine - INFO - 
+------------+-------+--------+--------+-------+-------+-------+
| category   | mAP   | mAP_50 | mAP_75 | mAP_s | mAP_m | mAP_l |
+------------+-------+--------+--------+-------+-------+-------+
| Car        | 0.688 | 0.923  | 0.761  | 0.412 | 0.717 | 0.887 |
| Truck      | 0.617 | 0.865  | 0.689  | 0.345 | 0.633 | 0.79  |
| People     | 0.506 | 0.848  | 0.522  | 0.339 | 0.691 | 0.755 |
| Bus        | 0.719 | 0.91   | 0.775  | 0.373 | 0.684 | 0.839 |
| Lamp       | 0.443 | 0.784  | 0.466  | 0.391 | 0.709 | nan   |
| Motorcycle | 0.419 | 0.697  | 0.451  | 0.096 | 0.626 | 0.807 |
+------------+-------+--------+--------+-------+-------+-------+
2025/05/20 19:27:24 - mmengine - INFO - bbox_mAP_copypaste: 0.565 0.838 0.611 0.326 0.677 0.816
2025/05/20 19:27:24 - mmengine - INFO - Epoch(val) [184][781/781]    coco/Car_precision: 0.6880  coco/Truck_precision: 0.6170  coco/People_precision: 0.5060  coco/Bus_precision: 0.7190  coco/Lamp_precision: 0.4430  coco/Motorcycle_precision: 0.4190  coco/bbox_mAP: 0.5650  coco/bbox_mAP_50: 0.8380  coco/bbox_mAP_75: 0.6110  coco/bbox_mAP_s: 0.3260  coco/bbox_mAP_m: 0.6770  coco/bbox_mAP_l: 0.8160  data_time: 0.0005  time: 0.0746
2025/05/20 19:28:43 - mmengine - INFO - Epoch(train) [185][ 50/420]  base_lr: 1.0000e-02 lr: 9.4150e-04  eta: 2:52:40  time: 1.5845  data_time: 0.0395  memory: 10458  grad_norm: 24.0739  loss: 16.2551  loss_cls: 3.1140  loss_bbox: 5.9986  loss_dfl: 7.1425
2025/05/20 19:30:01 - mmengine - INFO - Epoch(train) [185][100/420]  base_lr: 1.0000e-02 lr: 9.4150e-04  eta: 2:51:22  time: 1.5545  data_time: 0.0097  memory: 10469  grad_norm: 23.7781  loss: 16.1398  loss_cls: 3.0578  loss_bbox: 5.9432  loss_dfl: 7.1387
2025/05/20 19:31:19 - mmengine - INFO - Epoch(train) [185][150/420]  base_lr: 1.0000e-02 lr: 9.4150e-04  eta: 2:50:04  time: 1.5533  data_time: 0.0097  memory: 10501  grad_norm: 23.2104  loss: 16.0833  loss_cls: 3.0677  loss_bbox: 5.8695  loss_dfl: 7.1461
2025/05/20 19:32:37 - mmengine - INFO - Epoch(train) [185][200/420]  base_lr: 1.0000e-02 lr: 9.4150e-04  eta: 2:48:47  time: 1.5566  data_time: 0.0101  memory: 10384  grad_norm: 24.8351  loss: 16.1032  loss_cls: 3.0404  loss_bbox: 5.8635  loss_dfl: 7.1993
2025/05/20 19:33:54 - mmengine - INFO - Epoch(train) [185][250/420]  base_lr: 1.0000e-02 lr: 9.4150e-04  eta: 2:47:29  time: 1.5565  data_time: 0.0098  memory: 10507  grad_norm: 23.4990  loss: 15.9715  loss_cls: 3.0034  loss_bbox: 5.8303  loss_dfl: 7.1379
2025/05/20 19:35:12 - mmengine - INFO - Epoch(train) [185][300/420]  base_lr: 1.0000e-02 lr: 9.4150e-04  eta: 2:46:12  time: 1.5571  data_time: 0.0096  memory: 10421  grad_norm: 24.3223  loss: 16.2406  loss_cls: 3.1039  loss_bbox: 6.0142  loss_dfl: 7.1225
2025/05/20 19:36:30 - mmengine - INFO - Epoch(train) [185][350/420]  base_lr: 1.0000e-02 lr: 9.4150e-04  eta: 2:44:54  time: 1.5572  data_time: 0.0097  memory: 10400  grad_norm: 23.7139  loss: 16.0793  loss_cls: 3.0366  loss_bbox: 5.8566  loss_dfl: 7.1861
2025/05/20 19:37:48 - mmengine - INFO - Epoch(train) [185][400/420]  base_lr: 1.0000e-02 lr: 9.4150e-04  eta: 2:43:37  time: 1.5581  data_time: 0.0100  memory: 10426  grad_norm: 24.4890  loss: 16.3262  loss_cls: 3.1373  loss_bbox: 5.9886  loss_dfl: 7.2004
2025/05/20 19:38:19 - mmengine - INFO - Exp name: yolov8_mambatransformer_20250520_141944
2025/05/20 19:38:19 - mmengine - INFO - Saving checkpoint at 185 epochs
2025/05/20 19:38:27 - mmengine - INFO - Epoch(val) [185][ 50/781]    eta: 0:01:04  time: 0.0876  data_time: 0.0014  memory: 10394  
2025/05/20 19:38:31 - mmengine - INFO - Epoch(val) [185][100/781]    eta: 0:00:55  time: 0.0748  data_time: 0.0003  memory: 1000  
2025/05/20 19:38:35 - mmengine - INFO - Epoch(val) [185][150/781]    eta: 0:00:50  time: 0.0759  data_time: 0.0003  memory: 1000  
2025/05/20 19:38:38 - mmengine - INFO - Epoch(val) [185][200/781]    eta: 0:00:45  time: 0.0763  data_time: 0.0003  memory: 1000  
2025/05/20 19:38:42 - mmengine - INFO - Epoch(val) [185][250/781]    eta: 0:00:41  time: 0.0745  data_time: 0.0003  memory: 1000  
2025/05/20 19:38:46 - mmengine - INFO - Epoch(val) [185][300/781]    eta: 0:00:37  time: 0.0753  data_time: 0.0003  memory: 1000  
2025/05/20 19:38:50 - mmengine - INFO - Epoch(val) [185][350/781]    eta: 0:00:33  time: 0.0764  data_time: 0.0003  memory: 1000  
2025/05/20 19:38:54 - mmengine - INFO - Epoch(val) [185][400/781]    eta: 0:00:29  time: 0.0738  data_time: 0.0003  memory: 1000  
2025/05/20 19:38:57 - mmengine - INFO - Epoch(val) [185][450/781]    eta: 0:00:25  time: 0.0731  data_time: 0.0003  memory: 1000  
2025/05/20 19:39:01 - mmengine - INFO - Epoch(val) [185][500/781]    eta: 0:00:21  time: 0.0738  data_time: 0.0003  memory: 1000  
2025/05/20 19:39:05 - mmengine - INFO - Epoch(val) [185][550/781]    eta: 0:00:17  time: 0.0739  data_time: 0.0003  memory: 1000  
2025/05/20 19:39:08 - mmengine - INFO - Epoch(val) [185][600/781]    eta: 0:00:13  time: 0.0735  data_time: 0.0003  memory: 1000  
2025/05/20 19:39:12 - mmengine - INFO - Epoch(val) [185][650/781]    eta: 0:00:09  time: 0.0731  data_time: 0.0003  memory: 1000  
2025/05/20 19:39:16 - mmengine - INFO - Epoch(val) [185][700/781]    eta: 0:00:06  time: 0.0732  data_time: 0.0003  memory: 1000  
2025/05/20 19:39:19 - mmengine - INFO - Epoch(val) [185][750/781]    eta: 0:00:02  time: 0.0730  data_time: 0.0003  memory: 1000  
2025/05/20 19:39:22 - mmengine - INFO - Evaluating bbox...
2025/05/20 19:39:26 - mmengine - INFO - 
+------------+-------+--------+--------+-------+-------+-------+
| category   | mAP   | mAP_50 | mAP_75 | mAP_s | mAP_m | mAP_l |
+------------+-------+--------+--------+-------+-------+-------+
| Car        | 0.688 | 0.923  | 0.761  | 0.412 | 0.718 | 0.887 |
| Truck      | 0.617 | 0.865  | 0.685  | 0.353 | 0.634 | 0.786 |
| People     | 0.507 | 0.849  | 0.522  | 0.339 | 0.691 | 0.754 |
| Bus        | 0.721 | 0.911  | 0.778  | 0.379 | 0.681 | 0.844 |
| Lamp       | 0.444 | 0.784  | 0.467  | 0.391 | 0.711 | nan   |
| Motorcycle | 0.419 | 0.7    | 0.452  | 0.095 | 0.626 | 0.816 |
+------------+-------+--------+--------+-------+-------+-------+
2025/05/20 19:39:26 - mmengine - INFO - bbox_mAP_copypaste: 0.566 0.839 0.611 0.328 0.677 0.817
2025/05/20 19:39:26 - mmengine - INFO - Epoch(val) [185][781/781]    coco/Car_precision: 0.6880  coco/Truck_precision: 0.6170  coco/People_precision: 0.5070  coco/Bus_precision: 0.7210  coco/Lamp_precision: 0.4440  coco/Motorcycle_precision: 0.4190  coco/bbox_mAP: 0.5660  coco/bbox_mAP_50: 0.8390  coco/bbox_mAP_75: 0.6110  coco/bbox_mAP_s: 0.3280  coco/bbox_mAP_m: 0.6770  coco/bbox_mAP_l: 0.8170  data_time: 0.0004  time: 0.0751
2025/05/20 19:39:26 - mmengine - INFO - The previous best checkpoint /data/nl/Mamba2Spectral/work_dirs/yolov8_mambatransformer/best_coco_bbox_mAP_50_epoch_183.pth is removed
2025/05/20 19:39:29 - mmengine - INFO - The best checkpoint with 0.8390 coco/bbox_mAP_50 at 185 epoch is saved to best_coco_bbox_mAP_50_epoch_185.pth.
2025/05/20 19:40:53 - mmengine - INFO - Epoch(train) [186][ 50/420]  base_lr: 1.0000e-02 lr: 8.9200e-04  eta: 2:41:49  time: 1.5857  data_time: 0.0394  memory: 10522  grad_norm: 23.6363  loss: 16.1707  loss_cls: 3.0494  loss_bbox: 5.9839  loss_dfl: 7.1374
2025/05/20 19:42:11 - mmengine - INFO - Epoch(train) [186][100/420]  base_lr: 1.0000e-02 lr: 8.9200e-04  eta: 2:40:31  time: 1.5563  data_time: 0.0094  memory: 10453  grad_norm: 23.6157  loss: 16.1937  loss_cls: 3.0859  loss_bbox: 5.9632  loss_dfl: 7.1445
2025/05/20 19:43:29 - mmengine - INFO - Epoch(train) [186][150/420]  base_lr: 1.0000e-02 lr: 8.9200e-04  eta: 2:39:14  time: 1.5569  data_time: 0.0093  memory: 10469  grad_norm: 24.2985  loss: 15.9910  loss_cls: 3.0083  loss_bbox: 5.8313  loss_dfl: 7.1513
2025/05/20 19:44:47 - mmengine - INFO - Epoch(train) [186][200/420]  base_lr: 1.0000e-02 lr: 8.9200e-04  eta: 2:37:56  time: 1.5563  data_time: 0.0089  memory: 10533  grad_norm: 24.3638  loss: 16.3417  loss_cls: 3.1313  loss_bbox: 6.0311  loss_dfl: 7.1793
2025/05/20 19:46:04 - mmengine - INFO - Epoch(train) [186][250/420]  base_lr: 1.0000e-02 lr: 8.9200e-04  eta: 2:36:38  time: 1.5548  data_time: 0.0092  memory: 10405  grad_norm: 24.3756  loss: 16.0137  loss_cls: 3.0353  loss_bbox: 5.8747  loss_dfl: 7.1037
2025/05/20 19:47:22 - mmengine - INFO - Exp name: yolov8_mambatransformer_20250520_141944
2025/05/20 19:47:22 - mmengine - INFO - Epoch(train) [186][300/420]  base_lr: 1.0000e-02 lr: 8.9200e-04  eta: 2:35:21  time: 1.5555  data_time: 0.0097  memory: 10538  grad_norm: 23.2116  loss: 16.1655  loss_cls: 3.0689  loss_bbox: 5.9945  loss_dfl: 7.1021
2025/05/20 19:48:40 - mmengine - INFO - Epoch(train) [186][350/420]  base_lr: 1.0000e-02 lr: 8.9200e-04  eta: 2:34:03  time: 1.5548  data_time: 0.0098  memory: 10448  grad_norm: 24.6810  loss: 15.8407  loss_cls: 2.9563  loss_bbox: 5.7171  loss_dfl: 7.1673
2025/05/20 19:49:58 - mmengine - INFO - Epoch(train) [186][400/420]  base_lr: 1.0000e-02 lr: 8.9200e-04  eta: 2:32:45  time: 1.5551  data_time: 0.0099  memory: 10410  grad_norm: 24.0238  loss: 16.4659  loss_cls: 3.1547  loss_bbox: 6.1108  loss_dfl: 7.2003
2025/05/20 19:50:29 - mmengine - INFO - Exp name: yolov8_mambatransformer_20250520_141944
2025/05/20 19:50:29 - mmengine - INFO - Saving checkpoint at 186 epochs
2025/05/20 19:50:36 - mmengine - INFO - Epoch(val) [186][ 50/781]    eta: 0:00:56  time: 0.0779  data_time: 0.0018  memory: 10453  
2025/05/20 19:50:40 - mmengine - INFO - Epoch(val) [186][100/781]    eta: 0:00:51  time: 0.0737  data_time: 0.0004  memory: 1000  
2025/05/20 19:50:44 - mmengine - INFO - Epoch(val) [186][150/781]    eta: 0:00:47  time: 0.0741  data_time: 0.0004  memory: 1000  
2025/05/20 19:50:47 - mmengine - INFO - Epoch(val) [186][200/781]    eta: 0:00:43  time: 0.0740  data_time: 0.0004  memory: 1000  
2025/05/20 19:50:51 - mmengine - INFO - Epoch(val) [186][250/781]    eta: 0:00:39  time: 0.0733  data_time: 0.0003  memory: 1000  
2025/05/20 19:50:55 - mmengine - INFO - Epoch(val) [186][300/781]    eta: 0:00:35  time: 0.0733  data_time: 0.0004  memory: 1000  
2025/05/20 19:50:58 - mmengine - INFO - Epoch(val) [186][350/781]    eta: 0:00:32  time: 0.0737  data_time: 0.0004  memory: 1000  
2025/05/20 19:51:02 - mmengine - INFO - Epoch(val) [186][400/781]    eta: 0:00:28  time: 0.0746  data_time: 0.0004  memory: 1000  
2025/05/20 19:51:06 - mmengine - INFO - Epoch(val) [186][450/781]    eta: 0:00:24  time: 0.0732  data_time: 0.0004  memory: 1000  
2025/05/20 19:51:10 - mmengine - INFO - Epoch(val) [186][500/781]    eta: 0:00:20  time: 0.0735  data_time: 0.0004  memory: 1000  
2025/05/20 19:51:13 - mmengine - INFO - Epoch(val) [186][550/781]    eta: 0:00:17  time: 0.0734  data_time: 0.0004  memory: 1000  
2025/05/20 19:51:17 - mmengine - INFO - Epoch(val) [186][600/781]    eta: 0:00:13  time: 0.0733  data_time: 0.0004  memory: 1000  
2025/05/20 19:51:21 - mmengine - INFO - Epoch(val) [186][650/781]    eta: 0:00:09  time: 0.0733  data_time: 0.0004  memory: 1000  
2025/05/20 19:51:24 - mmengine - INFO - Epoch(val) [186][700/781]    eta: 0:00:05  time: 0.0733  data_time: 0.0004  memory: 1000  
2025/05/20 19:51:28 - mmengine - INFO - Epoch(val) [186][750/781]    eta: 0:00:02  time: 0.0732  data_time: 0.0003  memory: 1000  
2025/05/20 19:51:31 - mmengine - INFO - Evaluating bbox...
2025/05/20 19:51:34 - mmengine - INFO - 
+------------+-------+--------+--------+-------+-------+-------+
| category   | mAP   | mAP_50 | mAP_75 | mAP_s | mAP_m | mAP_l |
+------------+-------+--------+--------+-------+-------+-------+
| Car        | 0.689 | 0.923  | 0.762  | 0.413 | 0.718 | 0.888 |
| Truck      | 0.618 | 0.866  | 0.686  | 0.354 | 0.635 | 0.786 |
| People     | 0.507 | 0.848  | 0.524  | 0.339 | 0.692 | 0.756 |
| Bus        | 0.72  | 0.911  | 0.778  | 0.379 | 0.682 | 0.843 |
| Lamp       | 0.444 | 0.784  | 0.467  | 0.391 | 0.711 | nan   |
| Motorcycle | 0.423 | 0.702  | 0.452  | 0.095 | 0.635 | 0.816 |
+------------+-------+--------+--------+-------+-------+-------+
2025/05/20 19:51:34 - mmengine - INFO - bbox_mAP_copypaste: 0.567 0.839 0.612 0.328 0.679 0.818
2025/05/20 19:51:35 - mmengine - INFO - Epoch(val) [186][781/781]    coco/Car_precision: 0.6890  coco/Truck_precision: 0.6180  coco/People_precision: 0.5070  coco/Bus_precision: 0.7200  coco/Lamp_precision: 0.4440  coco/Motorcycle_precision: 0.4230  coco/bbox_mAP: 0.5670  coco/bbox_mAP_50: 0.8390  coco/bbox_mAP_75: 0.6120  coco/bbox_mAP_s: 0.3280  coco/bbox_mAP_m: 0.6790  coco/bbox_mAP_l: 0.8180  data_time: 0.0004  time: 0.0738
2025/05/20 19:52:54 - mmengine - INFO - Epoch(train) [187][ 50/420]  base_lr: 1.0000e-02 lr: 8.4250e-04  eta: 2:30:58  time: 1.5863  data_time: 0.0388  memory: 10464  grad_norm: 23.2575  loss: 16.2378  loss_cls: 3.0443  loss_bbox: 6.0142  loss_dfl: 7.1793
2025/05/20 19:54:12 - mmengine - INFO - Epoch(train) [187][100/420]  base_lr: 1.0000e-02 lr: 8.4250e-04  eta: 2:29:40  time: 1.5546  data_time: 0.0095  memory: 10512  grad_norm: 24.4128  loss: 16.0009  loss_cls: 3.0304  loss_bbox: 5.8320  loss_dfl: 7.1386
2025/05/20 19:55:29 - mmengine - INFO - Epoch(train) [187][150/420]  base_lr: 1.0000e-02 lr: 8.4250e-04  eta: 2:28:22  time: 1.5550  data_time: 0.0096  memory: 10410  grad_norm: 24.0488  loss: 16.0960  loss_cls: 3.0640  loss_bbox: 5.9394  loss_dfl: 7.0927
2025/05/20 19:56:47 - mmengine - INFO - Epoch(train) [187][200/420]  base_lr: 1.0000e-02 lr: 8.4250e-04  eta: 2:27:04  time: 1.5529  data_time: 0.0091  memory: 10432  grad_norm: 24.8681  loss: 16.2256  loss_cls: 3.0875  loss_bbox: 5.9186  loss_dfl: 7.2195
2025/05/20 19:58:05 - mmengine - INFO - Epoch(train) [187][250/420]  base_lr: 1.0000e-02 lr: 8.4250e-04  eta: 2:25:47  time: 1.5532  data_time: 0.0090  memory: 10522  grad_norm: 23.3773  loss: 16.3449  loss_cls: 3.1476  loss_bbox: 6.0081  loss_dfl: 7.1892
2025/05/20 19:59:22 - mmengine - INFO - Epoch(train) [187][300/420]  base_lr: 1.0000e-02 lr: 8.4250e-04  eta: 2:24:29  time: 1.5527  data_time: 0.0090  memory: 10448  grad_norm: 24.4321  loss: 16.1035  loss_cls: 3.0700  loss_bbox: 5.8911  loss_dfl: 7.1423
2025/05/20 20:00:40 - mmengine - INFO - Epoch(train) [187][350/420]  base_lr: 1.0000e-02 lr: 8.4250e-04  eta: 2:23:11  time: 1.5513  data_time: 0.0091  memory: 10432  grad_norm: 24.7551  loss: 16.2154  loss_cls: 3.0834  loss_bbox: 5.9251  loss_dfl: 7.2068
2025/05/20 20:01:58 - mmengine - INFO - Epoch(train) [187][400/420]  base_lr: 1.0000e-02 lr: 8.4250e-04  eta: 2:21:54  time: 1.5535  data_time: 0.0096  memory: 10421  grad_norm: 24.2681  loss: 15.9946  loss_cls: 3.0165  loss_bbox: 5.8693  loss_dfl: 7.1088
2025/05/20 20:02:28 - mmengine - INFO - Exp name: yolov8_mambatransformer_20250520_141944
2025/05/20 20:02:28 - mmengine - INFO - Saving checkpoint at 187 epochs
2025/05/20 20:02:36 - mmengine - INFO - Epoch(val) [187][ 50/781]    eta: 0:01:00  time: 0.0824  data_time: 0.0018  memory: 10410  
2025/05/20 20:02:40 - mmengine - INFO - Epoch(val) [187][100/781]    eta: 0:00:53  time: 0.0737  data_time: 0.0004  memory: 1000  
2025/05/20 20:02:43 - mmengine - INFO - Epoch(val) [187][150/781]    eta: 0:00:48  time: 0.0733  data_time: 0.0004  memory: 1000  
2025/05/20 20:02:47 - mmengine - INFO - Epoch(val) [187][200/781]    eta: 0:00:44  time: 0.0738  data_time: 0.0003  memory: 1000  
2025/05/20 20:02:51 - mmengine - INFO - Epoch(val) [187][250/781]    eta: 0:00:39  time: 0.0733  data_time: 0.0004  memory: 1000  
2025/05/20 20:02:54 - mmengine - INFO - Epoch(val) [187][300/781]    eta: 0:00:36  time: 0.0730  data_time: 0.0004  memory: 1000  
2025/05/20 20:02:58 - mmengine - INFO - Epoch(val) [187][350/781]    eta: 0:00:32  time: 0.0733  data_time: 0.0003  memory: 1000  
2025/05/20 20:03:02 - mmengine - INFO - Epoch(val) [187][400/781]    eta: 0:00:28  time: 0.0731  data_time: 0.0003  memory: 1000  
2025/05/20 20:03:06 - mmengine - INFO - Epoch(val) [187][450/781]    eta: 0:00:24  time: 0.0730  data_time: 0.0003  memory: 1000  
2025/05/20 20:03:09 - mmengine - INFO - Epoch(val) [187][500/781]    eta: 0:00:20  time: 0.0731  data_time: 0.0003  memory: 1000  
2025/05/20 20:03:13 - mmengine - INFO - Epoch(val) [187][550/781]    eta: 0:00:17  time: 0.0730  data_time: 0.0003  memory: 1000  
2025/05/20 20:03:17 - mmengine - INFO - Epoch(val) [187][600/781]    eta: 0:00:13  time: 0.0731  data_time: 0.0003  memory: 1000  
2025/05/20 20:03:20 - mmengine - INFO - Epoch(val) [187][650/781]    eta: 0:00:09  time: 0.0733  data_time: 0.0003  memory: 1000  
2025/05/20 20:03:24 - mmengine - INFO - Epoch(val) [187][700/781]    eta: 0:00:05  time: 0.0730  data_time: 0.0003  memory: 1000  
2025/05/20 20:03:28 - mmengine - INFO - Epoch(val) [187][750/781]    eta: 0:00:02  time: 0.0730  data_time: 0.0003  memory: 1000  
2025/05/20 20:03:30 - mmengine - INFO - Evaluating bbox...
2025/05/20 20:03:34 - mmengine - INFO - 
+------------+-------+--------+--------+-------+-------+-------+
| category   | mAP   | mAP_50 | mAP_75 | mAP_s | mAP_m | mAP_l |
+------------+-------+--------+--------+-------+-------+-------+
| Car        | 0.689 | 0.922  | 0.763  | 0.413 | 0.718 | 0.888 |
| Truck      | 0.618 | 0.866  | 0.687  | 0.351 | 0.635 | 0.788 |
| People     | 0.507 | 0.848  | 0.525  | 0.339 | 0.692 | 0.757 |
| Bus        | 0.721 | 0.911  | 0.778  | 0.378 | 0.68  | 0.844 |
| Lamp       | 0.444 | 0.785  | 0.472  | 0.391 | 0.713 | nan   |
| Motorcycle | 0.422 | 0.703  | 0.453  | 0.095 | 0.633 | 0.817 |
+------------+-------+--------+--------+-------+-------+-------+
2025/05/20 20:03:34 - mmengine - INFO - bbox_mAP_copypaste: 0.567 0.839 0.613 0.328 0.678 0.819
2025/05/20 20:03:34 - mmengine - INFO - Epoch(val) [187][781/781]    coco/Car_precision: 0.6890  coco/Truck_precision: 0.6180  coco/People_precision: 0.5070  coco/Bus_precision: 0.7210  coco/Lamp_precision: 0.4440  coco/Motorcycle_precision: 0.4220  coco/bbox_mAP: 0.5670  coco/bbox_mAP_50: 0.8390  coco/bbox_mAP_75: 0.6130  coco/bbox_mAP_s: 0.3280  coco/bbox_mAP_m: 0.6780  coco/bbox_mAP_l: 0.8190  data_time: 0.0004  time: 0.0738
2025/05/20 20:04:54 - mmengine - INFO - Epoch(train) [188][ 50/420]  base_lr: 1.0000e-02 lr: 7.9300e-04  eta: 2:20:06  time: 1.5882  data_time: 0.0377  memory: 10410  grad_norm: 24.6719  loss: 15.8415  loss_cls: 2.9562  loss_bbox: 5.7688  loss_dfl: 7.1166
2025/05/20 20:06:11 - mmengine - INFO - Epoch(train) [188][100/420]  base_lr: 1.0000e-02 lr: 7.9300e-04  eta: 2:18:48  time: 1.5556  data_time: 0.0099  memory: 10426  grad_norm: 23.5950  loss: 15.9701  loss_cls: 2.9730  loss_bbox: 5.8296  loss_dfl: 7.1676
2025/05/20 20:07:29 - mmengine - INFO - Epoch(train) [188][150/420]  base_lr: 1.0000e-02 lr: 7.9300e-04  eta: 2:17:30  time: 1.5571  data_time: 0.0100  memory: 10400  grad_norm: 23.7206  loss: 15.9763  loss_cls: 2.9997  loss_bbox: 5.8245  loss_dfl: 7.1522
2025/05/20 20:08:47 - mmengine - INFO - Epoch(train) [188][200/420]  base_lr: 1.0000e-02 lr: 7.9300e-04  eta: 2:16:13  time: 1.5566  data_time: 0.0098  memory: 10528  grad_norm: 24.1450  loss: 16.1217  loss_cls: 3.0111  loss_bbox: 5.9392  loss_dfl: 7.1715
2025/05/20 20:10:05 - mmengine - INFO - Epoch(train) [188][250/420]  base_lr: 1.0000e-02 lr: 7.9300e-04  eta: 2:14:55  time: 1.5563  data_time: 0.0096  memory: 10517  grad_norm: 24.0280  loss: 16.0541  loss_cls: 3.0137  loss_bbox: 5.8956  loss_dfl: 7.1449
2025/05/20 20:11:23 - mmengine - INFO - Epoch(train) [188][300/420]  base_lr: 1.0000e-02 lr: 7.9300e-04  eta: 2:13:37  time: 1.5546  data_time: 0.0087  memory: 10485  grad_norm: 23.8232  loss: 15.8796  loss_cls: 2.9902  loss_bbox: 5.7498  loss_dfl: 7.1396
2025/05/20 20:12:40 - mmengine - INFO - Epoch(train) [188][350/420]  base_lr: 1.0000e-02 lr: 7.9300e-04  eta: 2:12:20  time: 1.5545  data_time: 0.0087  memory: 10496  grad_norm: 24.3155  loss: 16.2746  loss_cls: 3.0333  loss_bbox: 6.0667  loss_dfl: 7.1746
2025/05/20 20:13:58 - mmengine - INFO - Epoch(train) [188][400/420]  base_lr: 1.0000e-02 lr: 7.9300e-04  eta: 2:11:02  time: 1.5543  data_time: 0.0089  memory: 10405  grad_norm: 24.1687  loss: 16.3150  loss_cls: 3.0556  loss_bbox: 6.0899  loss_dfl: 7.1695
2025/05/20 20:14:29 - mmengine - INFO - Exp name: yolov8_mambatransformer_20250520_141944
2025/05/20 20:14:29 - mmengine - INFO - Saving checkpoint at 188 epochs
2025/05/20 20:14:37 - mmengine - INFO - Epoch(val) [188][ 50/781]    eta: 0:01:06  time: 0.0906  data_time: 0.0019  memory: 10394  
2025/05/20 20:14:41 - mmengine - INFO - Epoch(val) [188][100/781]    eta: 0:00:59  time: 0.0834  data_time: 0.0003  memory: 1000  
2025/05/20 20:14:45 - mmengine - INFO - Epoch(val) [188][150/781]    eta: 0:00:52  time: 0.0747  data_time: 0.0003  memory: 1000  
2025/05/20 20:14:49 - mmengine - INFO - Epoch(val) [188][200/781]    eta: 0:00:46  time: 0.0745  data_time: 0.0003  memory: 1000  
2025/05/20 20:14:53 - mmengine - INFO - Epoch(val) [188][250/781]    eta: 0:00:42  time: 0.0741  data_time: 0.0003  memory: 1000  
2025/05/20 20:14:56 - mmengine - INFO - Epoch(val) [188][300/781]    eta: 0:00:37  time: 0.0737  data_time: 0.0003  memory: 1000  
2025/05/20 20:15:00 - mmengine - INFO - Epoch(val) [188][350/781]    eta: 0:00:33  time: 0.0736  data_time: 0.0003  memory: 1000  
2025/05/20 20:15:04 - mmengine - INFO - Epoch(val) [188][400/781]    eta: 0:00:29  time: 0.0735  data_time: 0.0003  memory: 1000  
2025/05/20 20:15:07 - mmengine - INFO - Epoch(val) [188][450/781]    eta: 0:00:25  time: 0.0735  data_time: 0.0003  memory: 1000  
2025/05/20 20:15:11 - mmengine - INFO - Epoch(val) [188][500/781]    eta: 0:00:21  time: 0.0736  data_time: 0.0003  memory: 1000  
2025/05/20 20:15:15 - mmengine - INFO - Epoch(val) [188][550/781]    eta: 0:00:17  time: 0.0738  data_time: 0.0004  memory: 1000  
2025/05/20 20:15:19 - mmengine - INFO - Epoch(val) [188][600/781]    eta: 0:00:13  time: 0.0741  data_time: 0.0004  memory: 1000  
2025/05/20 20:15:22 - mmengine - INFO - Epoch(val) [188][650/781]    eta: 0:00:09  time: 0.0734  data_time: 0.0003  memory: 1000  
2025/05/20 20:15:26 - mmengine - INFO - Epoch(val) [188][700/781]    eta: 0:00:06  time: 0.0734  data_time: 0.0003  memory: 1000  
2025/05/20 20:15:30 - mmengine - INFO - Epoch(val) [188][750/781]    eta: 0:00:02  time: 0.0734  data_time: 0.0003  memory: 1000  
2025/05/20 20:15:32 - mmengine - INFO - Evaluating bbox...
2025/05/20 20:15:36 - mmengine - INFO - 
+------------+-------+--------+--------+-------+-------+-------+
| category   | mAP   | mAP_50 | mAP_75 | mAP_s | mAP_m | mAP_l |
+------------+-------+--------+--------+-------+-------+-------+
| Car        | 0.688 | 0.923  | 0.763  | 0.413 | 0.718 | 0.888 |
| Truck      | 0.617 | 0.865  | 0.687  | 0.351 | 0.633 | 0.784 |
| People     | 0.507 | 0.849  | 0.526  | 0.339 | 0.691 | 0.757 |
| Bus        | 0.72  | 0.911  | 0.778  | 0.372 | 0.681 | 0.842 |
| Lamp       | 0.445 | 0.786  | 0.471  | 0.393 | 0.714 | nan   |
| Motorcycle | 0.422 | 0.703  | 0.453  | 0.095 | 0.633 | 0.817 |
+------------+-------+--------+--------+-------+-------+-------+
2025/05/20 20:15:36 - mmengine - INFO - bbox_mAP_copypaste: 0.567 0.839 0.613 0.327 0.678 0.818
2025/05/20 20:15:36 - mmengine - INFO - Epoch(val) [188][781/781]    coco/Car_precision: 0.6880  coco/Truck_precision: 0.6170  coco/People_precision: 0.5070  coco/Bus_precision: 0.7200  coco/Lamp_precision: 0.4450  coco/Motorcycle_precision: 0.4220  coco/bbox_mAP: 0.5670  coco/bbox_mAP_50: 0.8390  coco/bbox_mAP_75: 0.6130  coco/bbox_mAP_s: 0.3270  coco/bbox_mAP_m: 0.6780  coco/bbox_mAP_l: 0.8180  data_time: 0.0004  time: 0.0754
2025/05/20 20:16:40 - mmengine - INFO - Exp name: yolov8_mambatransformer_20250520_141944
2025/05/20 20:16:56 - mmengine - INFO - Epoch(train) [189][ 50/420]  base_lr: 1.0000e-02 lr: 7.4350e-04  eta: 2:09:14  time: 1.5875  data_time: 0.0381  memory: 10421  grad_norm: 23.4877  loss: 15.8888  loss_cls: 2.9967  loss_bbox: 5.7750  loss_dfl: 7.1171
2025/05/20 20:18:13 - mmengine - INFO - Epoch(train) [189][100/420]  base_lr: 1.0000e-02 lr: 7.4350e-04  eta: 2:07:56  time: 1.5554  data_time: 0.0093  memory: 10432  grad_norm: 23.9925  loss: 16.4771  loss_cls: 3.0886  loss_bbox: 6.1670  loss_dfl: 7.2215
2025/05/20 20:19:31 - mmengine - INFO - Epoch(train) [189][150/420]  base_lr: 1.0000e-02 lr: 7.4350e-04  eta: 2:06:38  time: 1.5531  data_time: 0.0087  memory: 10490  grad_norm: 24.7046  loss: 15.9531  loss_cls: 3.0031  loss_bbox: 5.8228  loss_dfl: 7.1272
2025/05/20 20:20:49 - mmengine - INFO - Epoch(train) [189][200/420]  base_lr: 1.0000e-02 lr: 7.4350e-04  eta: 2:05:21  time: 1.5526  data_time: 0.0085  memory: 10544  grad_norm: 23.7091  loss: 16.2714  loss_cls: 3.0789  loss_bbox: 6.0460  loss_dfl: 7.1465
2025/05/20 20:22:06 - mmengine - INFO - Epoch(train) [189][250/420]  base_lr: 1.0000e-02 lr: 7.4350e-04  eta: 2:04:03  time: 1.5551  data_time: 0.0092  memory: 10405  grad_norm: 24.9807  loss: 16.0918  loss_cls: 3.0437  loss_bbox: 5.8894  loss_dfl: 7.1587
2025/05/20 20:23:24 - mmengine - INFO - Epoch(train) [189][300/420]  base_lr: 1.0000e-02 lr: 7.4350e-04  eta: 2:02:45  time: 1.5558  data_time: 0.0095  memory: 10432  grad_norm: 25.7783  loss: 16.1762  loss_cls: 3.0346  loss_bbox: 5.9395  loss_dfl: 7.2021
2025/05/20 20:24:42 - mmengine - INFO - Epoch(train) [189][350/420]  base_lr: 1.0000e-02 lr: 7.4350e-04  eta: 2:01:28  time: 1.5544  data_time: 0.0098  memory: 10437  grad_norm: 25.7739  loss: 15.9286  loss_cls: 2.9259  loss_bbox: 5.7440  loss_dfl: 7.2587
2025/05/20 20:26:00 - mmengine - INFO - Epoch(train) [189][400/420]  base_lr: 1.0000e-02 lr: 7.4350e-04  eta: 2:00:10  time: 1.5531  data_time: 0.0092  memory: 10442  grad_norm: 25.1853  loss: 16.0546  loss_cls: 3.0003  loss_bbox: 5.8660  loss_dfl: 7.1883
2025/05/20 20:26:31 - mmengine - INFO - Exp name: yolov8_mambatransformer_20250520_141944
2025/05/20 20:26:31 - mmengine - INFO - Saving checkpoint at 189 epochs
2025/05/20 20:26:39 - mmengine - INFO - Epoch(val) [189][ 50/781]    eta: 0:01:04  time: 0.0878  data_time: 0.0018  memory: 10426  
2025/05/20 20:26:42 - mmengine - INFO - Epoch(val) [189][100/781]    eta: 0:00:55  time: 0.0738  data_time: 0.0003  memory: 1000  
2025/05/20 20:26:46 - mmengine - INFO - Epoch(val) [189][150/781]    eta: 0:00:49  time: 0.0735  data_time: 0.0003  memory: 1000  
2025/05/20 20:26:50 - mmengine - INFO - Epoch(val) [189][200/781]    eta: 0:00:44  time: 0.0734  data_time: 0.0003  memory: 1000  
2025/05/20 20:26:53 - mmengine - INFO - Epoch(val) [189][250/781]    eta: 0:00:40  time: 0.0734  data_time: 0.0003  memory: 1000  
2025/05/20 20:26:57 - mmengine - INFO - Epoch(val) [189][300/781]    eta: 0:00:36  time: 0.0733  data_time: 0.0003  memory: 1000  
2025/05/20 20:27:01 - mmengine - INFO - Epoch(val) [189][350/781]    eta: 0:00:32  time: 0.0734  data_time: 0.0003  memory: 1000  
2025/05/20 20:27:04 - mmengine - INFO - Epoch(val) [189][400/781]    eta: 0:00:28  time: 0.0734  data_time: 0.0003  memory: 1000  
2025/05/20 20:27:08 - mmengine - INFO - Epoch(val) [189][450/781]    eta: 0:00:24  time: 0.0733  data_time: 0.0003  memory: 1000  
2025/05/20 20:27:12 - mmengine - INFO - Epoch(val) [189][500/781]    eta: 0:00:21  time: 0.0734  data_time: 0.0003  memory: 1000  
2025/05/20 20:27:16 - mmengine - INFO - Epoch(val) [189][550/781]    eta: 0:00:17  time: 0.0742  data_time: 0.0003  memory: 1000  
2025/05/20 20:27:19 - mmengine - INFO - Epoch(val) [189][600/781]    eta: 0:00:13  time: 0.0733  data_time: 0.0004  memory: 1000  
2025/05/20 20:27:23 - mmengine - INFO - Epoch(val) [189][650/781]    eta: 0:00:09  time: 0.0738  data_time: 0.0003  memory: 1000  
2025/05/20 20:27:27 - mmengine - INFO - Epoch(val) [189][700/781]    eta: 0:00:06  time: 0.0738  data_time: 0.0003  memory: 1000  
2025/05/20 20:27:30 - mmengine - INFO - Epoch(val) [189][750/781]    eta: 0:00:02  time: 0.0738  data_time: 0.0003  memory: 1000  
2025/05/20 20:27:33 - mmengine - INFO - Evaluating bbox...
2025/05/20 20:27:37 - mmengine - INFO - 
+------------+-------+--------+--------+-------+-------+-------+
| category   | mAP   | mAP_50 | mAP_75 | mAP_s | mAP_m | mAP_l |
+------------+-------+--------+--------+-------+-------+-------+
| Car        | 0.689 | 0.922  | 0.763  | 0.414 | 0.718 | 0.888 |
| Truck      | 0.617 | 0.865  | 0.689  | 0.351 | 0.634 | 0.785 |
| People     | 0.507 | 0.849  | 0.527  | 0.339 | 0.692 | 0.758 |
| Bus        | 0.723 | 0.911  | 0.785  | 0.38  | 0.685 | 0.843 |
| Lamp       | 0.445 | 0.785  | 0.461  | 0.391 | 0.715 | nan   |
| Motorcycle | 0.422 | 0.702  | 0.454  | 0.095 | 0.632 | 0.817 |
+------------+-------+--------+--------+-------+-------+-------+
2025/05/20 20:27:37 - mmengine - INFO - bbox_mAP_copypaste: 0.567 0.839 0.613 0.328 0.680 0.818
2025/05/20 20:27:37 - mmengine - INFO - Epoch(val) [189][781/781]    coco/Car_precision: 0.6890  coco/Truck_precision: 0.6170  coco/People_precision: 0.5070  coco/Bus_precision: 0.7230  coco/Lamp_precision: 0.4450  coco/Motorcycle_precision: 0.4220  coco/bbox_mAP: 0.5670  coco/bbox_mAP_50: 0.8390  coco/bbox_mAP_75: 0.6130  coco/bbox_mAP_s: 0.3280  coco/bbox_mAP_m: 0.6800  coco/bbox_mAP_l: 0.8180  data_time: 0.0004  time: 0.0745
2025/05/20 20:28:56 - mmengine - INFO - Epoch(train) [190][ 50/420]  base_lr: 1.0000e-02 lr: 6.9400e-04  eta: 1:58:22  time: 1.5841  data_time: 0.0379  memory: 10416  grad_norm: 25.0569  loss: 16.1942  loss_cls: 3.0602  loss_bbox: 5.9485  loss_dfl: 7.1855
2025/05/20 20:30:14 - mmengine - INFO - Epoch(train) [190][100/420]  base_lr: 1.0000e-02 lr: 6.9400e-04  eta: 1:57:04  time: 1.5580  data_time: 0.0089  memory: 10426  grad_norm: 24.9410  loss: 16.0354  loss_cls: 3.0457  loss_bbox: 5.8322  loss_dfl: 7.1575
2025/05/20 20:31:32 - mmengine - INFO - Epoch(train) [190][150/420]  base_lr: 1.0000e-02 lr: 6.9400e-04  eta: 1:55:46  time: 1.5552  data_time: 0.0091  memory: 10501  grad_norm: 26.0689  loss: 16.2486  loss_cls: 3.0660  loss_bbox: 5.9595  loss_dfl: 7.2232
2025/05/20 20:32:50 - mmengine - INFO - Epoch(train) [190][200/420]  base_lr: 1.0000e-02 lr: 6.9400e-04  eta: 1:54:29  time: 1.5547  data_time: 0.0093  memory: 10469  grad_norm: 24.6387  loss: 15.9204  loss_cls: 2.9510  loss_bbox: 5.8344  loss_dfl: 7.1350
2025/05/20 20:34:07 - mmengine - INFO - Epoch(train) [190][250/420]  base_lr: 1.0000e-02 lr: 6.9400e-04  eta: 1:53:11  time: 1.5562  data_time: 0.0093  memory: 10453  grad_norm: 23.1164  loss: 15.9605  loss_cls: 3.0189  loss_bbox: 5.8438  loss_dfl: 7.0979
2025/05/20 20:35:25 - mmengine - INFO - Epoch(train) [190][300/420]  base_lr: 1.0000e-02 lr: 6.9400e-04  eta: 1:51:53  time: 1.5541  data_time: 0.0090  memory: 10405  grad_norm: 25.0799  loss: 16.2218  loss_cls: 3.0971  loss_bbox: 5.9315  loss_dfl: 7.1932
2025/05/20 20:36:43 - mmengine - INFO - Epoch(train) [190][350/420]  base_lr: 1.0000e-02 lr: 6.9400e-04  eta: 1:50:36  time: 1.5539  data_time: 0.0090  memory: 10426  grad_norm: 25.5421  loss: 15.8574  loss_cls: 3.0195  loss_bbox: 5.7325  loss_dfl: 7.1054
2025/05/20 20:38:01 - mmengine - INFO - Epoch(train) [190][400/420]  base_lr: 1.0000e-02 lr: 6.9400e-04  eta: 1:49:18  time: 1.5555  data_time: 0.0092  memory: 10352  grad_norm: 26.1732  loss: 15.8733  loss_cls: 2.9285  loss_bbox: 5.8199  loss_dfl: 7.1249
2025/05/20 20:38:32 - mmengine - INFO - Exp name: yolov8_mambatransformer_20250520_141944
2025/05/20 20:38:32 - mmengine - INFO - Saving checkpoint at 190 epochs
2025/05/20 20:38:39 - mmengine - INFO - Epoch(val) [190][ 50/781]    eta: 0:01:01  time: 0.0841  data_time: 0.0018  memory: 10480  
2025/05/20 20:38:43 - mmengine - INFO - Epoch(val) [190][100/781]    eta: 0:00:53  time: 0.0741  data_time: 0.0003  memory: 1000  
2025/05/20 20:38:47 - mmengine - INFO - Epoch(val) [190][150/781]    eta: 0:00:48  time: 0.0742  data_time: 0.0003  memory: 1000  
2025/05/20 20:38:51 - mmengine - INFO - Epoch(val) [190][200/781]    eta: 0:00:44  time: 0.0740  data_time: 0.0004  memory: 1000  
2025/05/20 20:38:54 - mmengine - INFO - Epoch(val) [190][250/781]    eta: 0:00:40  time: 0.0739  data_time: 0.0004  memory: 1000  
2025/05/20 20:38:58 - mmengine - INFO - Epoch(val) [190][300/781]    eta: 0:00:36  time: 0.0740  data_time: 0.0004  memory: 1000  
2025/05/20 20:39:02 - mmengine - INFO - Epoch(val) [190][350/781]    eta: 0:00:32  time: 0.0740  data_time: 0.0004  memory: 1000  
2025/05/20 20:39:05 - mmengine - INFO - Epoch(val) [190][400/781]    eta: 0:00:28  time: 0.0739  data_time: 0.0004  memory: 1000  
2025/05/20 20:39:09 - mmengine - INFO - Epoch(val) [190][450/781]    eta: 0:00:24  time: 0.0738  data_time: 0.0003  memory: 1000  
2025/05/20 20:39:13 - mmengine - INFO - Epoch(val) [190][500/781]    eta: 0:00:21  time: 0.0739  data_time: 0.0003  memory: 1000  
2025/05/20 20:39:17 - mmengine - INFO - Epoch(val) [190][550/781]    eta: 0:00:17  time: 0.0739  data_time: 0.0003  memory: 1000  
2025/05/20 20:39:20 - mmengine - INFO - Epoch(val) [190][600/781]    eta: 0:00:13  time: 0.0739  data_time: 0.0003  memory: 1000  
2025/05/20 20:39:24 - mmengine - INFO - Epoch(val) [190][650/781]    eta: 0:00:09  time: 0.0739  data_time: 0.0003  memory: 1000  
2025/05/20 20:39:28 - mmengine - INFO - Epoch(val) [190][700/781]    eta: 0:00:06  time: 0.0739  data_time: 0.0003  memory: 1000  
2025/05/20 20:39:31 - mmengine - INFO - Epoch(val) [190][750/781]    eta: 0:00:02  time: 0.0738  data_time: 0.0003  memory: 1000  
2025/05/20 20:39:34 - mmengine - INFO - Evaluating bbox...
2025/05/20 20:39:38 - mmengine - INFO - 
+------------+-------+--------+--------+-------+-------+-------+
| category   | mAP   | mAP_50 | mAP_75 | mAP_s | mAP_m | mAP_l |
+------------+-------+--------+--------+-------+-------+-------+
| Car        | 0.689 | 0.922  | 0.764  | 0.414 | 0.718 | 0.888 |
| Truck      | 0.616 | 0.864  | 0.685  | 0.351 | 0.631 | 0.784 |
| People     | 0.508 | 0.849  | 0.527  | 0.34  | 0.693 | 0.759 |
| Bus        | 0.72  | 0.91   | 0.776  | 0.379 | 0.682 | 0.839 |
| Lamp       | 0.445 | 0.785  | 0.461  | 0.391 | 0.717 | nan   |
| Motorcycle | 0.425 | 0.703  | 0.454  | 0.096 | 0.638 | 0.82  |
+------------+-------+--------+--------+-------+-------+-------+
2025/05/20 20:39:38 - mmengine - INFO - bbox_mAP_copypaste: 0.567 0.839 0.611 0.328 0.680 0.818
2025/05/20 20:39:38 - mmengine - INFO - Epoch(val) [190][781/781]    coco/Car_precision: 0.6890  coco/Truck_precision: 0.6160  coco/People_precision: 0.5080  coco/Bus_precision: 0.7200  coco/Lamp_precision: 0.4450  coco/Motorcycle_precision: 0.4250  coco/bbox_mAP: 0.5670  coco/bbox_mAP_50: 0.8390  coco/bbox_mAP_75: 0.6110  coco/bbox_mAP_s: 0.3280  coco/bbox_mAP_m: 0.6800  coco/bbox_mAP_l: 0.8180  data_time: 0.0004  time: 0.0746
2025/05/20 20:39:38 - mmengine - INFO - Switch pipeline now!
2025/05/20 20:40:57 - mmengine - INFO - Epoch(train) [191][ 50/420]  base_lr: 1.0000e-02 lr: 6.4450e-04  eta: 1:47:30  time: 1.5808  data_time: 0.0357  memory: 10314  grad_norm: 30.6104  loss: 15.6371  loss_cls: 2.8628  loss_bbox: 5.7401  loss_dfl: 7.0342
2025/05/20 20:42:15 - mmengine - INFO - Epoch(train) [191][100/420]  base_lr: 1.0000e-02 lr: 6.4450e-04  eta: 1:46:12  time: 1.5563  data_time: 0.0099  memory: 10352  grad_norm: 28.5417  loss: 15.9699  loss_cls: 2.9540  loss_bbox: 5.9446  loss_dfl: 7.0713
2025/05/20 20:43:33 - mmengine - INFO - Epoch(train) [191][150/420]  base_lr: 1.0000e-02 lr: 6.4450e-04  eta: 1:44:54  time: 1.5565  data_time: 0.0097  memory: 10325  grad_norm: 30.4095  loss: 16.1273  loss_cls: 2.9823  loss_bbox: 6.0270  loss_dfl: 7.1181
2025/05/20 20:44:51 - mmengine - INFO - Exp name: yolov8_mambatransformer_20250520_141944
2025/05/20 20:44:51 - mmengine - INFO - Epoch(train) [191][200/420]  base_lr: 1.0000e-02 lr: 6.4450e-04  eta: 1:43:36  time: 1.5529  data_time: 0.0095  memory: 10330  grad_norm: 28.4475  loss: 15.8291  loss_cls: 2.8952  loss_bbox: 5.8346  loss_dfl: 7.0994
2025/05/20 20:46:08 - mmengine - INFO - Epoch(train) [191][250/420]  base_lr: 1.0000e-02 lr: 6.4450e-04  eta: 1:42:19  time: 1.5552  data_time: 0.0099  memory: 10330  grad_norm: 27.9608  loss: 15.5461  loss_cls: 2.7751  loss_bbox: 5.6982  loss_dfl: 7.0728
2025/05/20 20:47:26 - mmengine - INFO - Epoch(train) [191][300/420]  base_lr: 1.0000e-02 lr: 6.4450e-04  eta: 1:41:01  time: 1.5554  data_time: 0.0104  memory: 10330  grad_norm: 30.5711  loss: 16.1038  loss_cls: 2.9790  loss_bbox: 6.0918  loss_dfl: 7.0330
2025/05/20 20:48:44 - mmengine - INFO - Epoch(train) [191][350/420]  base_lr: 1.0000e-02 lr: 6.4450e-04  eta: 1:39:43  time: 1.5573  data_time: 0.0102  memory: 10336  grad_norm: 29.9178  loss: 15.9279  loss_cls: 2.9212  loss_bbox: 5.8842  loss_dfl: 7.1225
2025/05/20 20:50:02 - mmengine - INFO - Epoch(train) [191][400/420]  base_lr: 1.0000e-02 lr: 6.4450e-04  eta: 1:38:26  time: 1.5560  data_time: 0.0104  memory: 10336  grad_norm: 30.0829  loss: 15.9852  loss_cls: 2.9233  loss_bbox: 5.9662  loss_dfl: 7.0957
2025/05/20 20:50:33 - mmengine - INFO - Exp name: yolov8_mambatransformer_20250520_141944
2025/05/20 20:50:33 - mmengine - INFO - Saving checkpoint at 191 epochs
2025/05/20 20:50:41 - mmengine - INFO - Epoch(val) [191][ 50/781]    eta: 0:01:05  time: 0.0889  data_time: 0.0019  memory: 10278  
2025/05/20 20:50:45 - mmengine - INFO - Epoch(val) [191][100/781]    eta: 0:00:55  time: 0.0735  data_time: 0.0003  memory: 1000  
2025/05/20 20:50:48 - mmengine - INFO - Epoch(val) [191][150/781]    eta: 0:00:49  time: 0.0735  data_time: 0.0003  memory: 1000  
2025/05/20 20:50:52 - mmengine - INFO - Epoch(val) [191][200/781]    eta: 0:00:45  time: 0.0747  data_time: 0.0003  memory: 1000  
2025/05/20 20:50:56 - mmengine - INFO - Epoch(val) [191][250/781]    eta: 0:00:40  time: 0.0742  data_time: 0.0003  memory: 1000  
2025/05/20 20:51:00 - mmengine - INFO - Epoch(val) [191][300/781]    eta: 0:00:36  time: 0.0741  data_time: 0.0003  memory: 1000  
2025/05/20 20:51:03 - mmengine - INFO - Epoch(val) [191][350/781]    eta: 0:00:32  time: 0.0741  data_time: 0.0003  memory: 1000  
2025/05/20 20:51:07 - mmengine - INFO - Epoch(val) [191][400/781]    eta: 0:00:28  time: 0.0741  data_time: 0.0003  memory: 1000  
2025/05/20 20:51:11 - mmengine - INFO - Epoch(val) [191][450/781]    eta: 0:00:25  time: 0.0741  data_time: 0.0003  memory: 1000  
2025/05/20 20:51:14 - mmengine - INFO - Epoch(val) [191][500/781]    eta: 0:00:21  time: 0.0742  data_time: 0.0003  memory: 1000  
2025/05/20 20:51:18 - mmengine - INFO - Epoch(val) [191][550/781]    eta: 0:00:17  time: 0.0741  data_time: 0.0003  memory: 1000  
2025/05/20 20:51:22 - mmengine - INFO - Epoch(val) [191][600/781]    eta: 0:00:13  time: 0.0742  data_time: 0.0003  memory: 1000  
2025/05/20 20:51:26 - mmengine - INFO - Epoch(val) [191][650/781]    eta: 0:00:09  time: 0.0741  data_time: 0.0003  memory: 1000  
2025/05/20 20:51:29 - mmengine - INFO - Epoch(val) [191][700/781]    eta: 0:00:06  time: 0.0741  data_time: 0.0003  memory: 1000  
2025/05/20 20:51:33 - mmengine - INFO - Epoch(val) [191][750/781]    eta: 0:00:02  time: 0.0741  data_time: 0.0003  memory: 1000  
2025/05/20 20:51:36 - mmengine - INFO - Evaluating bbox...
2025/05/20 20:51:40 - mmengine - INFO - 
+------------+-------+--------+--------+-------+-------+-------+
| category   | mAP   | mAP_50 | mAP_75 | mAP_s | mAP_m | mAP_l |
+------------+-------+--------+--------+-------+-------+-------+
| Car        | 0.689 | 0.922  | 0.764  | 0.413 | 0.718 | 0.888 |
| Truck      | 0.616 | 0.867  | 0.685  | 0.356 | 0.631 | 0.784 |
| People     | 0.508 | 0.849  | 0.526  | 0.34  | 0.693 | 0.757 |
| Bus        | 0.721 | 0.911  | 0.784  | 0.382 | 0.687 | 0.837 |
| Lamp       | 0.446 | 0.786  | 0.466  | 0.393 | 0.717 | nan   |
| Motorcycle | 0.426 | 0.703  | 0.455  | 0.095 | 0.645 | 0.79  |
+------------+-------+--------+--------+-------+-------+-------+
2025/05/20 20:51:40 - mmengine - INFO - bbox_mAP_copypaste: 0.568 0.840 0.613 0.330 0.682 0.811
2025/05/20 20:51:40 - mmengine - INFO - Epoch(val) [191][781/781]    coco/Car_precision: 0.6890  coco/Truck_precision: 0.6160  coco/People_precision: 0.5080  coco/Bus_precision: 0.7210  coco/Lamp_precision: 0.4460  coco/Motorcycle_precision: 0.4260  coco/bbox_mAP: 0.5680  coco/bbox_mAP_50: 0.8400  coco/bbox_mAP_75: 0.6130  coco/bbox_mAP_s: 0.3300  coco/bbox_mAP_m: 0.6820  coco/bbox_mAP_l: 0.8110  data_time: 0.0004  time: 0.0750
2025/05/20 20:51:40 - mmengine - INFO - The previous best checkpoint /data/nl/Mamba2Spectral/work_dirs/yolov8_mambatransformer/best_coco_bbox_mAP_50_epoch_185.pth is removed
2025/05/20 20:51:42 - mmengine - INFO - The best checkpoint with 0.8400 coco/bbox_mAP_50 at 191 epoch is saved to best_coco_bbox_mAP_50_epoch_191.pth.
2025/05/20 20:53:06 - mmengine - INFO - Epoch(train) [192][ 50/420]  base_lr: 1.0000e-02 lr: 5.9500e-04  eta: 1:36:37  time: 1.5706  data_time: 0.0289  memory: 10325  grad_norm: 28.8866  loss: 15.5562  loss_cls: 2.8330  loss_bbox: 5.6749  loss_dfl: 7.0482
2025/05/20 20:54:24 - mmengine - INFO - Epoch(train) [192][100/420]  base_lr: 1.0000e-02 lr: 5.9500e-04  eta: 1:35:19  time: 1.5498  data_time: 0.0100  memory: 10336  grad_norm: 30.8890  loss: 15.7625  loss_cls: 2.8483  loss_bbox: 5.8393  loss_dfl: 7.0749
2025/05/20 20:55:41 - mmengine - INFO - Epoch(train) [192][150/420]  base_lr: 1.0000e-02 lr: 5.9500e-04  eta: 1:34:02  time: 1.5467  data_time: 0.0095  memory: 10346  grad_norm: 28.7634  loss: 15.7628  loss_cls: 2.8465  loss_bbox: 5.8130  loss_dfl: 7.1032
2025/05/20 20:56:59 - mmengine - INFO - Epoch(train) [192][200/420]  base_lr: 1.0000e-02 lr: 5.9500e-04  eta: 1:32:44  time: 1.5518  data_time: 0.0094  memory: 10336  grad_norm: 28.5966  loss: 15.8557  loss_cls: 2.8866  loss_bbox: 5.8909  loss_dfl: 7.0783
2025/05/20 20:58:16 - mmengine - INFO - Epoch(train) [192][250/420]  base_lr: 1.0000e-02 lr: 5.9500e-04  eta: 1:31:26  time: 1.5530  data_time: 0.0096  memory: 10341  grad_norm: 30.4721  loss: 16.2069  loss_cls: 3.0157  loss_bbox: 6.0987  loss_dfl: 7.0926
2025/05/20 20:59:34 - mmengine - INFO - Epoch(train) [192][300/420]  base_lr: 1.0000e-02 lr: 5.9500e-04  eta: 1:30:08  time: 1.5541  data_time: 0.0104  memory: 10325  grad_norm: 27.8016  loss: 15.4803  loss_cls: 2.7876  loss_bbox: 5.6668  loss_dfl: 7.0259
2025/05/20 21:00:52 - mmengine - INFO - Epoch(train) [192][350/420]  base_lr: 1.0000e-02 lr: 5.9500e-04  eta: 1:28:51  time: 1.5530  data_time: 0.0100  memory: 10320  grad_norm: 28.4255  loss: 15.4874  loss_cls: 2.8317  loss_bbox: 5.6020  loss_dfl: 7.0538
2025/05/20 21:02:09 - mmengine - INFO - Epoch(train) [192][400/420]  base_lr: 1.0000e-02 lr: 5.9500e-04  eta: 1:27:33  time: 1.5532  data_time: 0.0105  memory: 10368  grad_norm: 28.4051  loss: 15.9023  loss_cls: 2.9306  loss_bbox: 5.8601  loss_dfl: 7.1116
2025/05/20 21:02:40 - mmengine - INFO - Exp name: yolov8_mambatransformer_20250520_141944
2025/05/20 21:02:40 - mmengine - INFO - Saving checkpoint at 192 epochs
2025/05/20 21:02:48 - mmengine - INFO - Epoch(val) [192][ 50/781]    eta: 0:00:56  time: 0.0771  data_time: 0.0018  memory: 10325  
2025/05/20 21:02:52 - mmengine - INFO - Epoch(val) [192][100/781]    eta: 0:00:51  time: 0.0744  data_time: 0.0003  memory: 1000  
2025/05/20 21:02:55 - mmengine - INFO - Epoch(val) [192][150/781]    eta: 0:00:47  time: 0.0742  data_time: 0.0003  memory: 1000  
2025/05/20 21:02:59 - mmengine - INFO - Epoch(val) [192][200/781]    eta: 0:00:43  time: 0.0741  data_time: 0.0003  memory: 1000  
2025/05/20 21:03:03 - mmengine - INFO - Epoch(val) [192][250/781]    eta: 0:00:39  time: 0.0739  data_time: 0.0003  memory: 1000  
2025/05/20 21:03:06 - mmengine - INFO - Epoch(val) [192][300/781]    eta: 0:00:35  time: 0.0740  data_time: 0.0003  memory: 1000  
2025/05/20 21:03:10 - mmengine - INFO - Epoch(val) [192][350/781]    eta: 0:00:32  time: 0.0740  data_time: 0.0003  memory: 1000  
2025/05/20 21:03:14 - mmengine - INFO - Epoch(val) [192][400/781]    eta: 0:00:28  time: 0.0742  data_time: 0.0003  memory: 1000  
2025/05/20 21:03:18 - mmengine - INFO - Epoch(val) [192][450/781]    eta: 0:00:24  time: 0.0740  data_time: 0.0003  memory: 1000  
2025/05/20 21:03:21 - mmengine - INFO - Epoch(val) [192][500/781]    eta: 0:00:20  time: 0.0741  data_time: 0.0003  memory: 1000  
2025/05/20 21:03:25 - mmengine - INFO - Epoch(val) [192][550/781]    eta: 0:00:17  time: 0.0742  data_time: 0.0004  memory: 1000  
2025/05/20 21:03:29 - mmengine - INFO - Epoch(val) [192][600/781]    eta: 0:00:13  time: 0.0740  data_time: 0.0004  memory: 1000  
2025/05/20 21:03:33 - mmengine - INFO - Epoch(val) [192][650/781]    eta: 0:00:09  time: 0.0738  data_time: 0.0003  memory: 1000  
2025/05/20 21:03:36 - mmengine - INFO - Epoch(val) [192][700/781]    eta: 0:00:06  time: 0.0735  data_time: 0.0003  memory: 1000  
2025/05/20 21:03:40 - mmengine - INFO - Epoch(val) [192][750/781]    eta: 0:00:02  time: 0.0736  data_time: 0.0003  memory: 1000  
2025/05/20 21:03:43 - mmengine - INFO - Evaluating bbox...
2025/05/20 21:03:46 - mmengine - INFO - 
+------------+-------+--------+--------+-------+-------+-------+
| category   | mAP   | mAP_50 | mAP_75 | mAP_s | mAP_m | mAP_l |
+------------+-------+--------+--------+-------+-------+-------+
| Car        | 0.689 | 0.922  | 0.764  | 0.413 | 0.718 | 0.889 |
| Truck      | 0.616 | 0.867  | 0.684  | 0.354 | 0.63  | 0.782 |
| People     | 0.508 | 0.849  | 0.526  | 0.341 | 0.693 | 0.756 |
| Bus        | 0.721 | 0.911  | 0.784  | 0.384 | 0.687 | 0.836 |
| Lamp       | 0.446 | 0.787  | 0.467  | 0.394 | 0.717 | nan   |
| Motorcycle | 0.427 | 0.704  | 0.456  | 0.095 | 0.645 | 0.79  |
+------------+-------+--------+--------+-------+-------+-------+
2025/05/20 21:03:46 - mmengine - INFO - bbox_mAP_copypaste: 0.568 0.840 0.614 0.330 0.682 0.811
2025/05/20 21:03:46 - mmengine - INFO - Epoch(val) [192][781/781]    coco/Car_precision: 0.6890  coco/Truck_precision: 0.6160  coco/People_precision: 0.5080  coco/Bus_precision: 0.7210  coco/Lamp_precision: 0.4460  coco/Motorcycle_precision: 0.4270  coco/bbox_mAP: 0.5680  coco/bbox_mAP_50: 0.8400  coco/bbox_mAP_75: 0.6140  coco/bbox_mAP_s: 0.3300  coco/bbox_mAP_m: 0.6820  coco/bbox_mAP_l: 0.8110  data_time: 0.0004  time: 0.0742
2025/05/20 21:05:05 - mmengine - INFO - Epoch(train) [193][ 50/420]  base_lr: 1.0000e-02 lr: 5.4550e-04  eta: 1:25:44  time: 1.5704  data_time: 0.0282  memory: 10352  grad_norm: 27.5629  loss: 15.5209  loss_cls: 2.8426  loss_bbox: 5.7146  loss_dfl: 6.9637
2025/05/20 21:06:23 - mmengine - INFO - Epoch(train) [193][100/420]  base_lr: 1.0000e-02 lr: 5.4550e-04  eta: 1:24:27  time: 1.5516  data_time: 0.0093  memory: 10309  grad_norm: 29.2651  loss: 15.4555  loss_cls: 2.8205  loss_bbox: 5.6167  loss_dfl: 7.0184
2025/05/20 21:07:40 - mmengine - INFO - Epoch(train) [193][150/420]  base_lr: 1.0000e-02 lr: 5.4550e-04  eta: 1:23:09  time: 1.5518  data_time: 0.0094  memory: 10325  grad_norm: 29.3955  loss: 16.0952  loss_cls: 2.9628  loss_bbox: 6.0928  loss_dfl: 7.0396
2025/05/20 21:08:58 - mmengine - INFO - Epoch(train) [193][200/420]  base_lr: 1.0000e-02 lr: 5.4550e-04  eta: 1:21:51  time: 1.5537  data_time: 0.0094  memory: 10330  grad_norm: 29.0463  loss: 16.0073  loss_cls: 2.9707  loss_bbox: 5.9864  loss_dfl: 7.0502
2025/05/20 21:10:16 - mmengine - INFO - Epoch(train) [193][250/420]  base_lr: 1.0000e-02 lr: 5.4550e-04  eta: 1:20:33  time: 1.5525  data_time: 0.0092  memory: 10336  grad_norm: 28.4421  loss: 15.7618  loss_cls: 2.9193  loss_bbox: 5.8390  loss_dfl: 7.0035
2025/05/20 21:11:33 - mmengine - INFO - Epoch(train) [193][300/420]  base_lr: 1.0000e-02 lr: 5.4550e-04  eta: 1:19:16  time: 1.5524  data_time: 0.0098  memory: 10320  grad_norm: 28.3631  loss: 15.4790  loss_cls: 2.8417  loss_bbox: 5.6315  loss_dfl: 7.0058
2025/05/20 21:12:51 - mmengine - INFO - Epoch(train) [193][350/420]  base_lr: 1.0000e-02 lr: 5.4550e-04  eta: 1:17:58  time: 1.5548  data_time: 0.0102  memory: 10320  grad_norm: 28.5147  loss: 15.7863  loss_cls: 2.8574  loss_bbox: 5.8892  loss_dfl: 7.0397
2025/05/20 21:13:07 - mmengine - INFO - Exp name: yolov8_mambatransformer_20250520_141944
2025/05/20 21:14:09 - mmengine - INFO - Epoch(train) [193][400/420]  base_lr: 1.0000e-02 lr: 5.4550e-04  eta: 1:16:40  time: 1.5546  data_time: 0.0103  memory: 10336  grad_norm: 28.0497  loss: 15.4307  loss_cls: 2.8004  loss_bbox: 5.6595  loss_dfl: 6.9708
2025/05/20 21:14:40 - mmengine - INFO - Exp name: yolov8_mambatransformer_20250520_141944
2025/05/20 21:14:40 - mmengine - INFO - Saving checkpoint at 193 epochs
2025/05/20 21:14:48 - mmengine - INFO - Epoch(val) [193][ 50/781]    eta: 0:01:03  time: 0.0870  data_time: 0.0018  memory: 10330  
2025/05/20 21:14:51 - mmengine - INFO - Epoch(val) [193][100/781]    eta: 0:00:55  time: 0.0748  data_time: 0.0003  memory: 1000  
2025/05/20 21:14:55 - mmengine - INFO - Epoch(val) [193][150/781]    eta: 0:00:49  time: 0.0746  data_time: 0.0003  memory: 1000  
2025/05/20 21:14:59 - mmengine - INFO - Epoch(val) [193][200/781]    eta: 0:00:45  time: 0.0750  data_time: 0.0003  memory: 1000  
2025/05/20 21:15:03 - mmengine - INFO - Epoch(val) [193][250/781]    eta: 0:00:41  time: 0.0749  data_time: 0.0003  memory: 1000  
2025/05/20 21:15:07 - mmengine - INFO - Epoch(val) [193][300/781]    eta: 0:00:36  time: 0.0749  data_time: 0.0003  memory: 1000  
2025/05/20 21:15:10 - mmengine - INFO - Epoch(val) [193][350/781]    eta: 0:00:33  time: 0.0751  data_time: 0.0003  memory: 1000  
2025/05/20 21:15:14 - mmengine - INFO - Epoch(val) [193][400/781]    eta: 0:00:29  time: 0.0754  data_time: 0.0003  memory: 1000  
2025/05/20 21:15:18 - mmengine - INFO - Epoch(val) [193][450/781]    eta: 0:00:25  time: 0.0748  data_time: 0.0003  memory: 1000  
2025/05/20 21:15:22 - mmengine - INFO - Epoch(val) [193][500/781]    eta: 0:00:21  time: 0.0748  data_time: 0.0003  memory: 1000  
2025/05/20 21:15:25 - mmengine - INFO - Epoch(val) [193][550/781]    eta: 0:00:17  time: 0.0748  data_time: 0.0003  memory: 1000  
2025/05/20 21:15:29 - mmengine - INFO - Epoch(val) [193][600/781]    eta: 0:00:13  time: 0.0747  data_time: 0.0003  memory: 1000  
2025/05/20 21:15:33 - mmengine - INFO - Epoch(val) [193][650/781]    eta: 0:00:09  time: 0.0747  data_time: 0.0003  memory: 1000  
2025/05/20 21:15:37 - mmengine - INFO - Epoch(val) [193][700/781]    eta: 0:00:06  time: 0.0748  data_time: 0.0003  memory: 1000  
2025/05/20 21:15:40 - mmengine - INFO - Epoch(val) [193][750/781]    eta: 0:00:02  time: 0.0747  data_time: 0.0003  memory: 1000  
2025/05/20 21:15:43 - mmengine - INFO - Evaluating bbox...
2025/05/20 21:15:47 - mmengine - INFO - 
+------------+-------+--------+--------+-------+-------+-------+
| category   | mAP   | mAP_50 | mAP_75 | mAP_s | mAP_m | mAP_l |
+------------+-------+--------+--------+-------+-------+-------+
| Car        | 0.689 | 0.922  | 0.764  | 0.413 | 0.717 | 0.89  |
| Truck      | 0.615 | 0.866  | 0.668  | 0.355 | 0.629 | 0.782 |
| People     | 0.508 | 0.849  | 0.525  | 0.341 | 0.692 | 0.758 |
| Bus        | 0.721 | 0.911  | 0.785  | 0.383 | 0.687 | 0.835 |
| Lamp       | 0.447 | 0.787  | 0.467  | 0.394 | 0.715 | nan   |
| Motorcycle | 0.425 | 0.703  | 0.457  | 0.095 | 0.641 | 0.792 |
+------------+-------+--------+--------+-------+-------+-------+
2025/05/20 21:15:47 - mmengine - INFO - bbox_mAP_copypaste: 0.567 0.840 0.611 0.330 0.680 0.811
2025/05/20 21:15:47 - mmengine - INFO - Epoch(val) [193][781/781]    coco/Car_precision: 0.6890  coco/Truck_precision: 0.6150  coco/People_precision: 0.5080  coco/Bus_precision: 0.7210  coco/Lamp_precision: 0.4470  coco/Motorcycle_precision: 0.4250  coco/bbox_mAP: 0.5670  coco/bbox_mAP_50: 0.8400  coco/bbox_mAP_75: 0.6110  coco/bbox_mAP_s: 0.3300  coco/bbox_mAP_m: 0.6800  coco/bbox_mAP_l: 0.8110  data_time: 0.0004  time: 0.0756
2025/05/20 21:17:05 - mmengine - INFO - Epoch(train) [194][ 50/420]  base_lr: 1.0000e-02 lr: 4.9600e-04  eta: 1:14:52  time: 1.5709  data_time: 0.0265  memory: 10330  grad_norm: 28.9835  loss: 15.6941  loss_cls: 2.8696  loss_bbox: 5.8307  loss_dfl: 6.9938
2025/05/20 21:18:23 - mmengine - INFO - Epoch(train) [194][100/420]  base_lr: 1.0000e-02 lr: 4.9600e-04  eta: 1:13:34  time: 1.5544  data_time: 0.0098  memory: 10346  grad_norm: 28.1553  loss: 15.3701  loss_cls: 2.7781  loss_bbox: 5.6203  loss_dfl: 6.9718
2025/05/20 21:19:41 - mmengine - INFO - Epoch(train) [194][150/420]  base_lr: 1.0000e-02 lr: 4.9600e-04  eta: 1:12:16  time: 1.5549  data_time: 0.0096  memory: 10330  grad_norm: 29.8011  loss: 16.0330  loss_cls: 2.9563  loss_bbox: 5.9956  loss_dfl: 7.0811
2025/05/20 21:20:59 - mmengine - INFO - Epoch(train) [194][200/420]  base_lr: 1.0000e-02 lr: 4.9600e-04  eta: 1:10:58  time: 1.5546  data_time: 0.0102  memory: 10298  grad_norm: 28.3016  loss: 15.2013  loss_cls: 2.7098  loss_bbox: 5.4907  loss_dfl: 7.0009
2025/05/20 21:22:16 - mmengine - INFO - Epoch(train) [194][250/420]  base_lr: 1.0000e-02 lr: 4.9600e-04  eta: 1:09:41  time: 1.5539  data_time: 0.0103  memory: 10346  grad_norm: 28.5053  loss: 15.6353  loss_cls: 2.8093  loss_bbox: 5.7494  loss_dfl: 7.0766
2025/05/20 21:23:34 - mmengine - INFO - Epoch(train) [194][300/420]  base_lr: 1.0000e-02 lr: 4.9600e-04  eta: 1:08:23  time: 1.5529  data_time: 0.0101  memory: 10346  grad_norm: 29.3873  loss: 15.6077  loss_cls: 2.8390  loss_bbox: 5.7513  loss_dfl: 7.0174
2025/05/20 21:24:52 - mmengine - INFO - Epoch(train) [194][350/420]  base_lr: 1.0000e-02 lr: 4.9600e-04  eta: 1:07:05  time: 1.5525  data_time: 0.0102  memory: 10352  grad_norm: 28.6769  loss: 15.5436  loss_cls: 2.8614  loss_bbox: 5.6929  loss_dfl: 6.9893
2025/05/20 21:26:10 - mmengine - INFO - Epoch(train) [194][400/420]  base_lr: 1.0000e-02 lr: 4.9600e-04  eta: 1:05:48  time: 1.5542  data_time: 0.0100  memory: 10352  grad_norm: 28.8773  loss: 15.7950  loss_cls: 2.8701  loss_bbox: 5.8462  loss_dfl: 7.0788
2025/05/20 21:26:40 - mmengine - INFO - Exp name: yolov8_mambatransformer_20250520_141944
2025/05/20 21:26:40 - mmengine - INFO - Saving checkpoint at 194 epochs
2025/05/20 21:26:48 - mmengine - INFO - Epoch(val) [194][ 50/781]    eta: 0:01:00  time: 0.0824  data_time: 0.0018  memory: 10241  
2025/05/20 21:26:52 - mmengine - INFO - Epoch(val) [194][100/781]    eta: 0:00:53  time: 0.0744  data_time: 0.0003  memory: 1000  
2025/05/20 21:26:56 - mmengine - INFO - Epoch(val) [194][150/781]    eta: 0:00:48  time: 0.0742  data_time: 0.0003  memory: 1000  
2025/05/20 21:27:00 - mmengine - INFO - Epoch(val) [194][200/781]    eta: 0:00:44  time: 0.0774  data_time: 0.0003  memory: 1000  
2025/05/20 21:27:03 - mmengine - INFO - Epoch(val) [194][250/781]    eta: 0:00:40  time: 0.0740  data_time: 0.0003  memory: 1000  
2025/05/20 21:27:07 - mmengine - INFO - Epoch(val) [194][300/781]    eta: 0:00:36  time: 0.0731  data_time: 0.0004  memory: 1000  
2025/05/20 21:27:11 - mmengine - INFO - Epoch(val) [194][350/781]    eta: 0:00:32  time: 0.0737  data_time: 0.0004  memory: 1000  
2025/05/20 21:27:14 - mmengine - INFO - Epoch(val) [194][400/781]    eta: 0:00:28  time: 0.0731  data_time: 0.0003  memory: 1000  
2025/05/20 21:27:18 - mmengine - INFO - Epoch(val) [194][450/781]    eta: 0:00:24  time: 0.0731  data_time: 0.0003  memory: 1000  
2025/05/20 21:27:22 - mmengine - INFO - Epoch(val) [194][500/781]    eta: 0:00:21  time: 0.0731  data_time: 0.0003  memory: 1000  
2025/05/20 21:27:25 - mmengine - INFO - Epoch(val) [194][550/781]    eta: 0:00:17  time: 0.0731  data_time: 0.0003  memory: 1000  
2025/05/20 21:27:29 - mmengine - INFO - Epoch(val) [194][600/781]    eta: 0:00:13  time: 0.0733  data_time: 0.0003  memory: 1000  
2025/05/20 21:27:33 - mmengine - INFO - Epoch(val) [194][650/781]    eta: 0:00:09  time: 0.0731  data_time: 0.0004  memory: 1000  
2025/05/20 21:27:36 - mmengine - INFO - Epoch(val) [194][700/781]    eta: 0:00:06  time: 0.0729  data_time: 0.0003  memory: 1000  
2025/05/20 21:27:40 - mmengine - INFO - Epoch(val) [194][750/781]    eta: 0:00:02  time: 0.0729  data_time: 0.0003  memory: 1000  
2025/05/20 21:27:43 - mmengine - INFO - Evaluating bbox...
2025/05/20 21:27:46 - mmengine - INFO - 
+------------+-------+--------+--------+-------+-------+-------+
| category   | mAP   | mAP_50 | mAP_75 | mAP_s | mAP_m | mAP_l |
+------------+-------+--------+--------+-------+-------+-------+
| Car        | 0.689 | 0.922  | 0.764  | 0.413 | 0.717 | 0.89  |
| Truck      | 0.616 | 0.866  | 0.669  | 0.359 | 0.63  | 0.782 |
| People     | 0.508 | 0.849  | 0.526  | 0.341 | 0.692 | 0.754 |
| Bus        | 0.724 | 0.912  | 0.802  | 0.385 | 0.687 | 0.838 |
| Lamp       | 0.447 | 0.788  | 0.464  | 0.394 | 0.715 | nan   |
| Motorcycle | 0.425 | 0.703  | 0.457  | 0.095 | 0.642 | 0.793 |
+------------+-------+--------+--------+-------+-------+-------+
2025/05/20 21:27:46 - mmengine - INFO - bbox_mAP_copypaste: 0.568 0.840 0.614 0.331 0.681 0.811
2025/05/20 21:27:47 - mmengine - INFO - Epoch(val) [194][781/781]    coco/Car_precision: 0.6890  coco/Truck_precision: 0.6160  coco/People_precision: 0.5080  coco/Bus_precision: 0.7240  coco/Lamp_precision: 0.4470  coco/Motorcycle_precision: 0.4250  coco/bbox_mAP: 0.5680  coco/bbox_mAP_50: 0.8400  coco/bbox_mAP_75: 0.6140  coco/bbox_mAP_s: 0.3310  coco/bbox_mAP_m: 0.6810  coco/bbox_mAP_l: 0.8110  data_time: 0.0004  time: 0.0742
2025/05/20 21:29:05 - mmengine - INFO - Epoch(train) [195][ 50/420]  base_lr: 1.0000e-02 lr: 4.4650e-04  eta: 1:03:59  time: 1.5702  data_time: 0.0280  memory: 10325  grad_norm: 29.7441  loss: 15.6443  loss_cls: 2.8484  loss_bbox: 5.7827  loss_dfl: 7.0132
2025/05/20 21:30:23 - mmengine - INFO - Epoch(train) [195][100/420]  base_lr: 1.0000e-02 lr: 4.4650e-04  eta: 1:02:41  time: 1.5520  data_time: 0.0097  memory: 10314  grad_norm: 28.4245  loss: 15.5638  loss_cls: 2.7831  loss_bbox: 5.7635  loss_dfl: 7.0171
2025/05/20 21:31:40 - mmengine - INFO - Epoch(train) [195][150/420]  base_lr: 1.0000e-02 lr: 4.4650e-04  eta: 1:01:23  time: 1.5527  data_time: 0.0096  memory: 10320  grad_norm: 27.7886  loss: 15.6392  loss_cls: 2.8686  loss_bbox: 5.7255  loss_dfl: 7.0451
2025/05/20 21:32:58 - mmengine - INFO - Epoch(train) [195][200/420]  base_lr: 1.0000e-02 lr: 4.4650e-04  eta: 1:00:06  time: 1.5538  data_time: 0.0097  memory: 10341  grad_norm: 27.6450  loss: 15.2591  loss_cls: 2.7349  loss_bbox: 5.5605  loss_dfl: 6.9636
2025/05/20 21:34:16 - mmengine - INFO - Epoch(train) [195][250/420]  base_lr: 1.0000e-02 lr: 4.4650e-04  eta: 0:58:48  time: 1.5510  data_time: 0.0090  memory: 10368  grad_norm: 28.6305  loss: 15.4196  loss_cls: 2.7703  loss_bbox: 5.6152  loss_dfl: 7.0342
2025/05/20 21:35:33 - mmengine - INFO - Epoch(train) [195][300/420]  base_lr: 1.0000e-02 lr: 4.4650e-04  eta: 0:57:30  time: 1.5525  data_time: 0.0094  memory: 10336  grad_norm: 30.6191  loss: 15.4126  loss_cls: 2.7601  loss_bbox: 5.6379  loss_dfl: 7.0145
2025/05/20 21:36:51 - mmengine - INFO - Epoch(train) [195][350/420]  base_lr: 1.0000e-02 lr: 4.4650e-04  eta: 0:56:12  time: 1.5544  data_time: 0.0095  memory: 10352  grad_norm: 30.1783  loss: 15.9545  loss_cls: 2.9533  loss_bbox: 5.9493  loss_dfl: 7.0518
2025/05/20 21:38:09 - mmengine - INFO - Epoch(train) [195][400/420]  base_lr: 1.0000e-02 lr: 4.4650e-04  eta: 0:54:55  time: 1.5533  data_time: 0.0096  memory: 10336  grad_norm: 29.8032  loss: 15.6691  loss_cls: 2.8564  loss_bbox: 5.8249  loss_dfl: 6.9878
2025/05/20 21:38:40 - mmengine - INFO - Exp name: yolov8_mambatransformer_20250520_141944
2025/05/20 21:38:40 - mmengine - INFO - Saving checkpoint at 195 epochs
2025/05/20 21:38:47 - mmengine - INFO - Epoch(val) [195][ 50/781]    eta: 0:00:58  time: 0.0800  data_time: 0.0018  memory: 10294  
2025/05/20 21:38:51 - mmengine - INFO - Epoch(val) [195][100/781]    eta: 0:00:52  time: 0.0738  data_time: 0.0003  memory: 1000  
2025/05/20 21:38:55 - mmengine - INFO - Epoch(val) [195][150/781]    eta: 0:00:47  time: 0.0734  data_time: 0.0003  memory: 1000  
2025/05/20 21:38:59 - mmengine - INFO - Epoch(val) [195][200/781]    eta: 0:00:43  time: 0.0737  data_time: 0.0003  memory: 1000  
2025/05/20 21:39:02 - mmengine - INFO - Epoch(val) [195][250/781]    eta: 0:00:39  time: 0.0733  data_time: 0.0003  memory: 1000  
2025/05/20 21:39:06 - mmengine - INFO - Epoch(val) [195][300/781]    eta: 0:00:35  time: 0.0733  data_time: 0.0003  memory: 1000  
2025/05/20 21:39:10 - mmengine - INFO - Epoch(val) [195][350/781]    eta: 0:00:32  time: 0.0732  data_time: 0.0003  memory: 1000  
2025/05/20 21:39:13 - mmengine - INFO - Epoch(val) [195][400/781]    eta: 0:00:28  time: 0.0733  data_time: 0.0003  memory: 1000  
2025/05/20 21:39:17 - mmengine - INFO - Epoch(val) [195][450/781]    eta: 0:00:24  time: 0.0734  data_time: 0.0003  memory: 1000  
2025/05/20 21:39:21 - mmengine - INFO - Epoch(val) [195][500/781]    eta: 0:00:20  time: 0.0735  data_time: 0.0003  memory: 1000  
2025/05/20 21:39:24 - mmengine - INFO - Epoch(val) [195][550/781]    eta: 0:00:17  time: 0.0734  data_time: 0.0003  memory: 1000  
2025/05/20 21:39:28 - mmengine - INFO - Epoch(val) [195][600/781]    eta: 0:00:13  time: 0.0734  data_time: 0.0003  memory: 1000  
2025/05/20 21:39:32 - mmengine - INFO - Epoch(val) [195][650/781]    eta: 0:00:09  time: 0.0732  data_time: 0.0003  memory: 1000  
2025/05/20 21:39:36 - mmengine - INFO - Epoch(val) [195][700/781]    eta: 0:00:06  time: 0.0878  data_time: 0.0004  memory: 1000  
2025/05/20 21:39:40 - mmengine - INFO - Epoch(val) [195][750/781]    eta: 0:00:02  time: 0.0734  data_time: 0.0003  memory: 1000  
2025/05/20 21:39:42 - mmengine - INFO - Evaluating bbox...
2025/05/20 21:39:46 - mmengine - INFO - 
+------------+-------+--------+--------+-------+-------+-------+
| category   | mAP   | mAP_50 | mAP_75 | mAP_s | mAP_m | mAP_l |
+------------+-------+--------+--------+-------+-------+-------+
| Car        | 0.689 | 0.922  | 0.764  | 0.413 | 0.717 | 0.89  |
| Truck      | 0.616 | 0.866  | 0.666  | 0.353 | 0.631 | 0.784 |
| People     | 0.508 | 0.849  | 0.527  | 0.342 | 0.692 | 0.755 |
| Bus        | 0.723 | 0.912  | 0.814  | 0.389 | 0.685 | 0.838 |
| Lamp       | 0.447 | 0.788  | 0.462  | 0.394 | 0.714 | nan   |
| Motorcycle | 0.424 | 0.704  | 0.457  | 0.095 | 0.641 | 0.793 |
+------------+-------+--------+--------+-------+-------+-------+
2025/05/20 21:39:46 - mmengine - INFO - bbox_mAP_copypaste: 0.568 0.840 0.615 0.331 0.680 0.812
2025/05/20 21:39:46 - mmengine - INFO - Epoch(val) [195][781/781]    coco/Car_precision: 0.6890  coco/Truck_precision: 0.6160  coco/People_precision: 0.5080  coco/Bus_precision: 0.7230  coco/Lamp_precision: 0.4470  coco/Motorcycle_precision: 0.4240  coco/bbox_mAP: 0.5680  coco/bbox_mAP_50: 0.8400  coco/bbox_mAP_75: 0.6150  coco/bbox_mAP_s: 0.3310  coco/bbox_mAP_m: 0.6800  coco/bbox_mAP_l: 0.8120  data_time: 0.0004  time: 0.0747
2025/05/20 21:41:05 - mmengine - INFO - Epoch(train) [196][ 50/420]  base_lr: 1.0000e-02 lr: 3.9700e-04  eta: 0:53:06  time: 1.5641  data_time: 0.0265  memory: 10330  grad_norm: 28.0364  loss: 15.5952  loss_cls: 2.8288  loss_bbox: 5.7783  loss_dfl: 6.9881
2025/05/20 21:42:22 - mmengine - INFO - Exp name: yolov8_mambatransformer_20250520_141944
2025/05/20 21:42:22 - mmengine - INFO - Epoch(train) [196][100/420]  base_lr: 1.0000e-02 lr: 3.9700e-04  eta: 0:51:48  time: 1.5538  data_time: 0.0102  memory: 10298  grad_norm: 28.8620  loss: 15.0926  loss_cls: 2.7028  loss_bbox: 5.4435  loss_dfl: 6.9463
2025/05/20 21:43:40 - mmengine - INFO - Epoch(train) [196][150/420]  base_lr: 1.0000e-02 lr: 3.9700e-04  eta: 0:50:31  time: 1.5557  data_time: 0.0103  memory: 10346  grad_norm: 29.9267  loss: 15.7727  loss_cls: 2.9348  loss_bbox: 5.7936  loss_dfl: 7.0444
2025/05/20 21:44:58 - mmengine - INFO - Epoch(train) [196][200/420]  base_lr: 1.0000e-02 lr: 3.9700e-04  eta: 0:49:13  time: 1.5546  data_time: 0.0103  memory: 10341  grad_norm: 28.8622  loss: 15.8918  loss_cls: 2.8825  loss_bbox: 5.8686  loss_dfl: 7.1406
2025/05/20 21:46:16 - mmengine - INFO - Epoch(train) [196][250/420]  base_lr: 1.0000e-02 lr: 3.9700e-04  eta: 0:47:55  time: 1.5542  data_time: 0.0103  memory: 10346  grad_norm: 30.3383  loss: 15.2375  loss_cls: 2.7191  loss_bbox: 5.4562  loss_dfl: 7.0622
2025/05/20 21:47:33 - mmengine - INFO - Epoch(train) [196][300/420]  base_lr: 1.0000e-02 lr: 3.9700e-04  eta: 0:46:37  time: 1.5538  data_time: 0.0104  memory: 10346  grad_norm: 29.2756  loss: 15.8103  loss_cls: 2.8886  loss_bbox: 5.9566  loss_dfl: 6.9652
2025/05/20 21:48:51 - mmengine - INFO - Epoch(train) [196][350/420]  base_lr: 1.0000e-02 lr: 3.9700e-04  eta: 0:45:20  time: 1.5532  data_time: 0.0101  memory: 10336  grad_norm: 29.5031  loss: 15.2976  loss_cls: 2.7535  loss_bbox: 5.5441  loss_dfl: 6.9999
2025/05/20 21:50:09 - mmengine - INFO - Epoch(train) [196][400/420]  base_lr: 1.0000e-02 lr: 3.9700e-04  eta: 0:44:02  time: 1.5538  data_time: 0.0101  memory: 10330  grad_norm: 30.0112  loss: 15.5299  loss_cls: 2.8481  loss_bbox: 5.6938  loss_dfl: 6.9880
2025/05/20 21:50:40 - mmengine - INFO - Exp name: yolov8_mambatransformer_20250520_141944
2025/05/20 21:50:40 - mmengine - INFO - Saving checkpoint at 196 epochs
2025/05/20 21:50:47 - mmengine - INFO - Epoch(val) [196][ 50/781]    eta: 0:00:57  time: 0.0785  data_time: 0.0018  memory: 10282  
2025/05/20 21:50:51 - mmengine - INFO - Epoch(val) [196][100/781]    eta: 0:00:52  time: 0.0743  data_time: 0.0003  memory: 1000  
2025/05/20 21:50:55 - mmengine - INFO - Epoch(val) [196][150/781]    eta: 0:00:47  time: 0.0735  data_time: 0.0004  memory: 1000  
2025/05/20 21:50:58 - mmengine - INFO - Epoch(val) [196][200/781]    eta: 0:00:43  time: 0.0734  data_time: 0.0003  memory: 1000  
2025/05/20 21:51:02 - mmengine - INFO - Epoch(val) [196][250/781]    eta: 0:00:39  time: 0.0732  data_time: 0.0003  memory: 1000  
2025/05/20 21:51:06 - mmengine - INFO - Epoch(val) [196][300/781]    eta: 0:00:35  time: 0.0732  data_time: 0.0003  memory: 1000  
2025/05/20 21:51:09 - mmengine - INFO - Epoch(val) [196][350/781]    eta: 0:00:31  time: 0.0732  data_time: 0.0003  memory: 1000  
2025/05/20 21:51:13 - mmengine - INFO - Epoch(val) [196][400/781]    eta: 0:00:28  time: 0.0733  data_time: 0.0003  memory: 1000  
2025/05/20 21:51:17 - mmengine - INFO - Epoch(val) [196][450/781]    eta: 0:00:24  time: 0.0734  data_time: 0.0003  memory: 1000  
2025/05/20 21:51:21 - mmengine - INFO - Epoch(val) [196][500/781]    eta: 0:00:20  time: 0.0732  data_time: 0.0004  memory: 1000  
2025/05/20 21:51:24 - mmengine - INFO - Epoch(val) [196][550/781]    eta: 0:00:17  time: 0.0732  data_time: 0.0003  memory: 1000  
2025/05/20 21:51:28 - mmengine - INFO - Epoch(val) [196][600/781]    eta: 0:00:13  time: 0.0734  data_time: 0.0003  memory: 1000  
2025/05/20 21:51:32 - mmengine - INFO - Epoch(val) [196][650/781]    eta: 0:00:09  time: 0.0734  data_time: 0.0003  memory: 1000  
2025/05/20 21:51:35 - mmengine - INFO - Epoch(val) [196][700/781]    eta: 0:00:05  time: 0.0734  data_time: 0.0003  memory: 1000  
2025/05/20 21:51:39 - mmengine - INFO - Epoch(val) [196][750/781]    eta: 0:00:02  time: 0.0734  data_time: 0.0003  memory: 1000  
2025/05/20 21:51:42 - mmengine - INFO - Evaluating bbox...
2025/05/20 21:51:45 - mmengine - INFO - 
+------------+-------+--------+--------+-------+-------+-------+
| category   | mAP   | mAP_50 | mAP_75 | mAP_s | mAP_m | mAP_l |
+------------+-------+--------+--------+-------+-------+-------+
| Car        | 0.688 | 0.918  | 0.765  | 0.413 | 0.717 | 0.89  |
| Truck      | 0.614 | 0.865  | 0.667  | 0.354 | 0.629 | 0.785 |
| People     | 0.508 | 0.849  | 0.528  | 0.342 | 0.692 | 0.756 |
| Bus        | 0.722 | 0.913  | 0.807  | 0.384 | 0.686 | 0.836 |
| Lamp       | 0.448 | 0.788  | 0.464  | 0.395 | 0.714 | nan   |
| Motorcycle | 0.427 | 0.704  | 0.459  | 0.095 | 0.646 | 0.793 |
+------------+-------+--------+--------+-------+-------+-------+
2025/05/20 21:51:45 - mmengine - INFO - bbox_mAP_copypaste: 0.568 0.840 0.615 0.331 0.681 0.812
2025/05/20 21:51:45 - mmengine - INFO - Epoch(val) [196][781/781]    coco/Car_precision: 0.6880  coco/Truck_precision: 0.6140  coco/People_precision: 0.5080  coco/Bus_precision: 0.7220  coco/Lamp_precision: 0.4480  coco/Motorcycle_precision: 0.4270  coco/bbox_mAP: 0.5680  coco/bbox_mAP_50: 0.8400  coco/bbox_mAP_75: 0.6150  coco/bbox_mAP_s: 0.3310  coco/bbox_mAP_m: 0.6810  coco/bbox_mAP_l: 0.8120  data_time: 0.0004  time: 0.0737
2025/05/20 21:53:04 - mmengine - INFO - Epoch(train) [197][ 50/420]  base_lr: 1.0000e-02 lr: 3.4750e-04  eta: 0:42:13  time: 1.5724  data_time: 0.0275  memory: 10362  grad_norm: 28.2572  loss: 15.5231  loss_cls: 2.8401  loss_bbox: 5.7388  loss_dfl: 6.9442
2025/05/20 21:54:22 - mmengine - INFO - Epoch(train) [197][100/420]  base_lr: 1.0000e-02 lr: 3.4750e-04  eta: 0:40:55  time: 1.5541  data_time: 0.0096  memory: 10320  grad_norm: 28.5618  loss: 15.7965  loss_cls: 2.8582  loss_bbox: 5.9442  loss_dfl: 6.9940
2025/05/20 21:55:39 - mmengine - INFO - Epoch(train) [197][150/420]  base_lr: 1.0000e-02 lr: 3.4750e-04  eta: 0:39:38  time: 1.5540  data_time: 0.0096  memory: 10346  grad_norm: 29.0149  loss: 15.4592  loss_cls: 2.8556  loss_bbox: 5.5992  loss_dfl: 7.0044
2025/05/20 21:56:57 - mmengine - INFO - Epoch(train) [197][200/420]  base_lr: 1.0000e-02 lr: 3.4750e-04  eta: 0:38:20  time: 1.5529  data_time: 0.0098  memory: 10320  grad_norm: 29.6964  loss: 15.1058  loss_cls: 2.6949  loss_bbox: 5.3989  loss_dfl: 7.0120
2025/05/20 21:58:15 - mmengine - INFO - Epoch(train) [197][250/420]  base_lr: 1.0000e-02 lr: 3.4750e-04  eta: 0:37:02  time: 1.5544  data_time: 0.0101  memory: 10357  grad_norm: 29.2824  loss: 15.5598  loss_cls: 2.8010  loss_bbox: 5.7248  loss_dfl: 7.0339
2025/05/20 21:59:33 - mmengine - INFO - Epoch(train) [197][300/420]  base_lr: 1.0000e-02 lr: 3.4750e-04  eta: 0:35:45  time: 1.5552  data_time: 0.0100  memory: 10341  grad_norm: 30.0522  loss: 15.6310  loss_cls: 2.8110  loss_bbox: 5.7256  loss_dfl: 7.0945
2025/05/20 22:00:50 - mmengine - INFO - Epoch(train) [197][350/420]  base_lr: 1.0000e-02 lr: 3.4750e-04  eta: 0:34:27  time: 1.5549  data_time: 0.0101  memory: 10325  grad_norm: 29.3461  loss: 15.4567  loss_cls: 2.7751  loss_bbox: 5.6724  loss_dfl: 7.0092
2025/05/20 22:02:08 - mmengine - INFO - Epoch(train) [197][400/420]  base_lr: 1.0000e-02 lr: 3.4750e-04  eta: 0:33:09  time: 1.5555  data_time: 0.0101  memory: 10298  grad_norm: 28.1279  loss: 15.1925  loss_cls: 2.7157  loss_bbox: 5.4750  loss_dfl: 7.0018
2025/05/20 22:02:39 - mmengine - INFO - Exp name: yolov8_mambatransformer_20250520_141944
2025/05/20 22:02:39 - mmengine - INFO - Saving checkpoint at 197 epochs
2025/05/20 22:02:47 - mmengine - INFO - Epoch(val) [197][ 50/781]    eta: 0:00:57  time: 0.0782  data_time: 0.0019  memory: 10336  
2025/05/20 22:02:51 - mmengine - INFO - Epoch(val) [197][100/781]    eta: 0:00:52  time: 0.0774  data_time: 0.0004  memory: 1000  
2025/05/20 22:02:54 - mmengine - INFO - Epoch(val) [197][150/781]    eta: 0:00:48  time: 0.0742  data_time: 0.0003  memory: 1000  
2025/05/20 22:02:58 - mmengine - INFO - Epoch(val) [197][200/781]    eta: 0:00:44  time: 0.0750  data_time: 0.0003  memory: 1000  
2025/05/20 22:03:02 - mmengine - INFO - Epoch(val) [197][250/781]    eta: 0:00:40  time: 0.0738  data_time: 0.0004  memory: 1000  
2025/05/20 22:03:06 - mmengine - INFO - Epoch(val) [197][300/781]    eta: 0:00:36  time: 0.0736  data_time: 0.0004  memory: 1000  
2025/05/20 22:03:09 - mmengine - INFO - Epoch(val) [197][350/781]    eta: 0:00:32  time: 0.0749  data_time: 0.0004  memory: 1000  
2025/05/20 22:03:13 - mmengine - INFO - Epoch(val) [197][400/781]    eta: 0:00:28  time: 0.0741  data_time: 0.0004  memory: 1000  
2025/05/20 22:03:17 - mmengine - INFO - Epoch(val) [197][450/781]    eta: 0:00:24  time: 0.0771  data_time: 0.0004  memory: 1000  
2025/05/20 22:03:21 - mmengine - INFO - Epoch(val) [197][500/781]    eta: 0:00:21  time: 0.0800  data_time: 0.0004  memory: 1000  
2025/05/20 22:03:25 - mmengine - INFO - Epoch(val) [197][550/781]    eta: 0:00:17  time: 0.0761  data_time: 0.0004  memory: 1000  
2025/05/20 22:03:29 - mmengine - INFO - Epoch(val) [197][600/781]    eta: 0:00:13  time: 0.0732  data_time: 0.0003  memory: 1000  
2025/05/20 22:03:32 - mmengine - INFO - Epoch(val) [197][650/781]    eta: 0:00:09  time: 0.0731  data_time: 0.0003  memory: 1000  
2025/05/20 22:03:36 - mmengine - INFO - Epoch(val) [197][700/781]    eta: 0:00:06  time: 0.0731  data_time: 0.0003  memory: 1000  
2025/05/20 22:03:40 - mmengine - INFO - Epoch(val) [197][750/781]    eta: 0:00:02  time: 0.0733  data_time: 0.0003  memory: 1000  
2025/05/20 22:03:42 - mmengine - INFO - Evaluating bbox...
2025/05/20 22:03:46 - mmengine - INFO - 
+------------+-------+--------+--------+-------+-------+-------+
| category   | mAP   | mAP_50 | mAP_75 | mAP_s | mAP_m | mAP_l |
+------------+-------+--------+--------+-------+-------+-------+
| Car        | 0.689 | 0.918  | 0.764  | 0.413 | 0.717 | 0.89  |
| Truck      | 0.612 | 0.866  | 0.666  | 0.353 | 0.625 | 0.783 |
| People     | 0.509 | 0.849  | 0.528  | 0.343 | 0.692 | 0.755 |
| Bus        | 0.722 | 0.914  | 0.808  | 0.387 | 0.686 | 0.837 |
| Lamp       | 0.448 | 0.787  | 0.464  | 0.395 | 0.714 | nan   |
| Motorcycle | 0.424 | 0.704  | 0.459  | 0.096 | 0.639 | 0.794 |
+------------+-------+--------+--------+-------+-------+-------+
2025/05/20 22:03:46 - mmengine - INFO - bbox_mAP_copypaste: 0.567 0.840 0.615 0.331 0.679 0.812
2025/05/20 22:03:46 - mmengine - INFO - Epoch(val) [197][781/781]    coco/Car_precision: 0.6890  coco/Truck_precision: 0.6120  coco/People_precision: 0.5090  coco/Bus_precision: 0.7220  coco/Lamp_precision: 0.4480  coco/Motorcycle_precision: 0.4240  coco/bbox_mAP: 0.5670  coco/bbox_mAP_50: 0.8400  coco/bbox_mAP_75: 0.6150  coco/bbox_mAP_s: 0.3310  coco/bbox_mAP_m: 0.6790  coco/bbox_mAP_l: 0.8120  data_time: 0.0005  time: 0.0750
2025/05/20 22:05:05 - mmengine - INFO - Epoch(train) [198][ 50/420]  base_lr: 1.0000e-02 lr: 2.9800e-04  eta: 0:31:20  time: 1.5685  data_time: 0.0266  memory: 10352  grad_norm: 28.8936  loss: 15.4637  loss_cls: 2.7879  loss_bbox: 5.6864  loss_dfl: 6.9894
2025/05/20 22:06:22 - mmengine - INFO - Epoch(train) [198][100/420]  base_lr: 1.0000e-02 lr: 2.9800e-04  eta: 0:30:03  time: 1.5527  data_time: 0.0096  memory: 10346  grad_norm: 27.5328  loss: 15.3812  loss_cls: 2.7728  loss_bbox: 5.6911  loss_dfl: 6.9174
2025/05/20 22:07:40 - mmengine - INFO - Epoch(train) [198][150/420]  base_lr: 1.0000e-02 lr: 2.9800e-04  eta: 0:28:45  time: 1.5543  data_time: 0.0101  memory: 10346  grad_norm: 28.3700  loss: 15.2129  loss_cls: 2.7138  loss_bbox: 5.5566  loss_dfl: 6.9425
2025/05/20 22:08:58 - mmengine - INFO - Epoch(train) [198][200/420]  base_lr: 1.0000e-02 lr: 2.9800e-04  eta: 0:27:27  time: 1.5534  data_time: 0.0099  memory: 10320  grad_norm: 29.1765  loss: 15.2612  loss_cls: 2.7306  loss_bbox: 5.5291  loss_dfl: 7.0015
2025/05/20 22:10:15 - mmengine - INFO - Epoch(train) [198][250/420]  base_lr: 1.0000e-02 lr: 2.9800e-04  eta: 0:26:09  time: 1.5518  data_time: 0.0096  memory: 10336  grad_norm: 28.1452  loss: 15.3563  loss_cls: 2.7969  loss_bbox: 5.6005  loss_dfl: 6.9588
2025/05/20 22:10:31 - mmengine - INFO - Exp name: yolov8_mambatransformer_20250520_141944
2025/05/20 22:11:33 - mmengine - INFO - Epoch(train) [198][300/420]  base_lr: 1.0000e-02 lr: 2.9800e-04  eta: 0:24:52  time: 1.5537  data_time: 0.0101  memory: 10294  grad_norm: 28.5862  loss: 15.1707  loss_cls: 2.7144  loss_bbox: 5.4670  loss_dfl: 6.9892
2025/05/20 22:12:51 - mmengine - INFO - Epoch(train) [198][350/420]  base_lr: 1.0000e-02 lr: 2.9800e-04  eta: 0:23:34  time: 1.5530  data_time: 0.0101  memory: 10320  grad_norm: 28.6143  loss: 15.5004  loss_cls: 2.7936  loss_bbox: 5.6721  loss_dfl: 7.0348
2025/05/20 22:14:08 - mmengine - INFO - Epoch(train) [198][400/420]  base_lr: 1.0000e-02 lr: 2.9800e-04  eta: 0:22:16  time: 1.5523  data_time: 0.0102  memory: 10341  grad_norm: 30.0116  loss: 15.2460  loss_cls: 2.7615  loss_bbox: 5.5037  loss_dfl: 6.9807
2025/05/20 22:14:39 - mmengine - INFO - Exp name: yolov8_mambatransformer_20250520_141944
2025/05/20 22:14:39 - mmengine - INFO - Saving checkpoint at 198 epochs
2025/05/20 22:14:47 - mmengine - INFO - Epoch(val) [198][ 50/781]    eta: 0:00:56  time: 0.0772  data_time: 0.0014  memory: 10336  
2025/05/20 22:14:50 - mmengine - INFO - Epoch(val) [198][100/781]    eta: 0:00:51  time: 0.0746  data_time: 0.0003  memory: 1000  
2025/05/20 22:14:54 - mmengine - INFO - Epoch(val) [198][150/781]    eta: 0:00:47  time: 0.0739  data_time: 0.0003  memory: 1000  
2025/05/20 22:14:58 - mmengine - INFO - Epoch(val) [198][200/781]    eta: 0:00:43  time: 0.0736  data_time: 0.0003  memory: 1000  
2025/05/20 22:15:02 - mmengine - INFO - Epoch(val) [198][250/781]    eta: 0:00:39  time: 0.0736  data_time: 0.0003  memory: 1000  
2025/05/20 22:15:05 - mmengine - INFO - Epoch(val) [198][300/781]    eta: 0:00:35  time: 0.0736  data_time: 0.0003  memory: 1000  
2025/05/20 22:15:09 - mmengine - INFO - Epoch(val) [198][350/781]    eta: 0:00:32  time: 0.0735  data_time: 0.0003  memory: 1000  
2025/05/20 22:15:13 - mmengine - INFO - Epoch(val) [198][400/781]    eta: 0:00:28  time: 0.0737  data_time: 0.0003  memory: 1000  
2025/05/20 22:15:16 - mmengine - INFO - Epoch(val) [198][450/781]    eta: 0:00:24  time: 0.0736  data_time: 0.0003  memory: 1000  
2025/05/20 22:15:20 - mmengine - INFO - Epoch(val) [198][500/781]    eta: 0:00:20  time: 0.0735  data_time: 0.0003  memory: 1000  
2025/05/20 22:15:24 - mmengine - INFO - Epoch(val) [198][550/781]    eta: 0:00:17  time: 0.0736  data_time: 0.0003  memory: 1000  
2025/05/20 22:15:28 - mmengine - INFO - Epoch(val) [198][600/781]    eta: 0:00:13  time: 0.0735  data_time: 0.0003  memory: 1000  
2025/05/20 22:15:31 - mmengine - INFO - Epoch(val) [198][650/781]    eta: 0:00:09  time: 0.0736  data_time: 0.0004  memory: 1000  
2025/05/20 22:15:35 - mmengine - INFO - Epoch(val) [198][700/781]    eta: 0:00:05  time: 0.0736  data_time: 0.0004  memory: 1000  
2025/05/20 22:15:39 - mmengine - INFO - Epoch(val) [198][750/781]    eta: 0:00:02  time: 0.0735  data_time: 0.0003  memory: 1000  
2025/05/20 22:15:41 - mmengine - INFO - Evaluating bbox...
2025/05/20 22:15:45 - mmengine - INFO - 
+------------+-------+--------+--------+-------+-------+-------+
| category   | mAP   | mAP_50 | mAP_75 | mAP_s | mAP_m | mAP_l |
+------------+-------+--------+--------+-------+-------+-------+
| Car        | 0.689 | 0.921  | 0.764  | 0.413 | 0.717 | 0.89  |
| Truck      | 0.612 | 0.866  | 0.666  | 0.353 | 0.626 | 0.783 |
| People     | 0.509 | 0.85   | 0.528  | 0.343 | 0.692 | 0.753 |
| Bus        | 0.722 | 0.915  | 0.808  | 0.383 | 0.686 | 0.837 |
| Lamp       | 0.448 | 0.787  | 0.468  | 0.395 | 0.714 | nan   |
| Motorcycle | 0.424 | 0.714  | 0.458  | 0.096 | 0.638 | 0.794 |
+------------+-------+--------+--------+-------+-------+-------+
2025/05/20 22:15:45 - mmengine - INFO - bbox_mAP_copypaste: 0.567 0.842 0.615 0.331 0.679 0.811
2025/05/20 22:15:45 - mmengine - INFO - Epoch(val) [198][781/781]    coco/Car_precision: 0.6890  coco/Truck_precision: 0.6120  coco/People_precision: 0.5090  coco/Bus_precision: 0.7220  coco/Lamp_precision: 0.4480  coco/Motorcycle_precision: 0.4240  coco/bbox_mAP: 0.5670  coco/bbox_mAP_50: 0.8420  coco/bbox_mAP_75: 0.6150  coco/bbox_mAP_s: 0.3310  coco/bbox_mAP_m: 0.6790  coco/bbox_mAP_l: 0.8110  data_time: 0.0004  time: 0.0739
2025/05/20 22:15:45 - mmengine - INFO - The previous best checkpoint /data/nl/Mamba2Spectral/work_dirs/yolov8_mambatransformer/best_coco_bbox_mAP_50_epoch_191.pth is removed
2025/05/20 22:15:48 - mmengine - INFO - The best checkpoint with 0.8420 coco/bbox_mAP_50 at 198 epoch is saved to best_coco_bbox_mAP_50_epoch_198.pth.
2025/05/20 22:17:11 - mmengine - INFO - Epoch(train) [199][ 50/420]  base_lr: 1.0000e-02 lr: 2.4850e-04  eta: 0:20:28  time: 1.5709  data_time: 0.0284  memory: 10346  grad_norm: 28.0185  loss: 15.2495  loss_cls: 2.6924  loss_bbox: 5.5475  loss_dfl: 7.0096
2025/05/20 22:18:29 - mmengine - INFO - Epoch(train) [199][100/420]  base_lr: 1.0000e-02 lr: 2.4850e-04  eta: 0:19:10  time: 1.5539  data_time: 0.0102  memory: 10346  grad_norm: 29.4875  loss: 15.2002  loss_cls: 2.7227  loss_bbox: 5.5221  loss_dfl: 6.9553
2025/05/20 22:19:47 - mmengine - INFO - Epoch(train) [199][150/420]  base_lr: 1.0000e-02 lr: 2.4850e-04  eta: 0:17:52  time: 1.5542  data_time: 0.0102  memory: 10336  grad_norm: 28.6968  loss: 15.3569  loss_cls: 2.7576  loss_bbox: 5.6745  loss_dfl: 6.9248
2025/05/20 22:21:04 - mmengine - INFO - Epoch(train) [199][200/420]  base_lr: 1.0000e-02 lr: 2.4850e-04  eta: 0:16:34  time: 1.5531  data_time: 0.0100  memory: 10336  grad_norm: 29.0570  loss: 15.5222  loss_cls: 2.7762  loss_bbox: 5.7577  loss_dfl: 6.9883
2025/05/20 22:22:22 - mmengine - INFO - Epoch(train) [199][250/420]  base_lr: 1.0000e-02 lr: 2.4850e-04  eta: 0:15:17  time: 1.5510  data_time: 0.0095  memory: 10314  grad_norm: 28.8476  loss: 15.4907  loss_cls: 2.8243  loss_bbox: 5.6505  loss_dfl: 7.0159
2025/05/20 22:23:40 - mmengine - INFO - Epoch(train) [199][300/420]  base_lr: 1.0000e-02 lr: 2.4850e-04  eta: 0:13:59  time: 1.5576  data_time: 0.0092  memory: 10346  grad_norm: 28.6814  loss: 15.1194  loss_cls: 2.7204  loss_bbox: 5.4340  loss_dfl: 6.9650
2025/05/20 22:24:58 - mmengine - INFO - Epoch(train) [199][350/420]  base_lr: 1.0000e-02 lr: 2.4850e-04  eta: 0:12:41  time: 1.5540  data_time: 0.0101  memory: 10309  grad_norm: 29.9358  loss: 15.2159  loss_cls: 2.6904  loss_bbox: 5.4948  loss_dfl: 7.0307
2025/05/20 22:26:15 - mmengine - INFO - Epoch(train) [199][400/420]  base_lr: 1.0000e-02 lr: 2.4850e-04  eta: 0:11:23  time: 1.5517  data_time: 0.0092  memory: 10357  grad_norm: 28.7881  loss: 15.0566  loss_cls: 2.7198  loss_bbox: 5.4138  loss_dfl: 6.9230
2025/05/20 22:26:46 - mmengine - INFO - Exp name: yolov8_mambatransformer_20250520_141944
2025/05/20 22:26:46 - mmengine - INFO - Saving checkpoint at 199 epochs
2025/05/20 22:26:54 - mmengine - INFO - Epoch(val) [199][ 50/781]    eta: 0:01:07  time: 0.0922  data_time: 0.0018  memory: 10304  
2025/05/20 22:26:58 - mmengine - INFO - Epoch(val) [199][100/781]    eta: 0:00:56  time: 0.0735  data_time: 0.0003  memory: 1000  
2025/05/20 22:27:02 - mmengine - INFO - Epoch(val) [199][150/781]    eta: 0:00:50  time: 0.0732  data_time: 0.0003  memory: 1000  
2025/05/20 22:27:05 - mmengine - INFO - Epoch(val) [199][200/781]    eta: 0:00:45  time: 0.0737  data_time: 0.0003  memory: 1000  
2025/05/20 22:27:09 - mmengine - INFO - Epoch(val) [199][250/781]    eta: 0:00:40  time: 0.0729  data_time: 0.0003  memory: 1000  
2025/05/20 22:27:13 - mmengine - INFO - Epoch(val) [199][300/781]    eta: 0:00:36  time: 0.0729  data_time: 0.0003  memory: 1000  
2025/05/20 22:27:16 - mmengine - INFO - Epoch(val) [199][350/781]    eta: 0:00:32  time: 0.0738  data_time: 0.0003  memory: 1000  
2025/05/20 22:27:20 - mmengine - INFO - Epoch(val) [199][400/781]    eta: 0:00:28  time: 0.0730  data_time: 0.0003  memory: 1000  
2025/05/20 22:27:24 - mmengine - INFO - Epoch(val) [199][450/781]    eta: 0:00:24  time: 0.0734  data_time: 0.0003  memory: 1000  
2025/05/20 22:27:28 - mmengine - INFO - Epoch(val) [199][500/781]    eta: 0:00:21  time: 0.0735  data_time: 0.0003  memory: 1000  
2025/05/20 22:27:31 - mmengine - INFO - Epoch(val) [199][550/781]    eta: 0:00:17  time: 0.0735  data_time: 0.0003  memory: 1000  
2025/05/20 22:27:35 - mmengine - INFO - Epoch(val) [199][600/781]    eta: 0:00:13  time: 0.0735  data_time: 0.0003  memory: 1000  
2025/05/20 22:27:39 - mmengine - INFO - Epoch(val) [199][650/781]    eta: 0:00:09  time: 0.0735  data_time: 0.0003  memory: 1000  
2025/05/20 22:27:42 - mmengine - INFO - Epoch(val) [199][700/781]    eta: 0:00:06  time: 0.0735  data_time: 0.0003  memory: 1000  
2025/05/20 22:27:46 - mmengine - INFO - Epoch(val) [199][750/781]    eta: 0:00:02  time: 0.0737  data_time: 0.0003  memory: 1000  
2025/05/20 22:27:49 - mmengine - INFO - Evaluating bbox...
2025/05/20 22:27:52 - mmengine - INFO - 
+------------+-------+--------+--------+-------+-------+-------+
| category   | mAP   | mAP_50 | mAP_75 | mAP_s | mAP_m | mAP_l |
+------------+-------+--------+--------+-------+-------+-------+
| Car        | 0.689 | 0.922  | 0.764  | 0.413 | 0.717 | 0.891 |
| Truck      | 0.613 | 0.867  | 0.674  | 0.358 | 0.626 | 0.778 |
| People     | 0.509 | 0.849  | 0.528  | 0.343 | 0.693 | 0.753 |
| Bus        | 0.724 | 0.914  | 0.817  | 0.382 | 0.685 | 0.843 |
| Lamp       | 0.449 | 0.786  | 0.469  | 0.396 | 0.716 | nan   |
| Motorcycle | 0.425 | 0.714  | 0.459  | 0.095 | 0.639 | 0.795 |
+------------+-------+--------+--------+-------+-------+-------+
2025/05/20 22:27:52 - mmengine - INFO - bbox_mAP_copypaste: 0.568 0.842 0.618 0.331 0.679 0.812
2025/05/20 22:27:52 - mmengine - INFO - Epoch(val) [199][781/781]    coco/Car_precision: 0.6890  coco/Truck_precision: 0.6130  coco/People_precision: 0.5090  coco/Bus_precision: 0.7240  coco/Lamp_precision: 0.4490  coco/Motorcycle_precision: 0.4250  coco/bbox_mAP: 0.5680  coco/bbox_mAP_50: 0.8420  coco/bbox_mAP_75: 0.6180  coco/bbox_mAP_s: 0.3310  coco/bbox_mAP_m: 0.6790  coco/bbox_mAP_l: 0.8120  data_time: 0.0004  time: 0.0746
2025/05/20 22:29:11 - mmengine - INFO - Epoch(train) [200][ 50/420]  base_lr: 1.0000e-02 lr: 1.9900e-04  eta: 0:09:35  time: 1.5706  data_time: 0.0275  memory: 10346  grad_norm: 28.6497  loss: 15.1589  loss_cls: 2.6734  loss_bbox: 5.5047  loss_dfl: 6.9808
2025/05/20 22:30:29 - mmengine - INFO - Epoch(train) [200][100/420]  base_lr: 1.0000e-02 lr: 1.9900e-04  eta: 0:08:17  time: 1.5536  data_time: 0.0100  memory: 10346  grad_norm: 29.4946  loss: 15.3030  loss_cls: 2.7559  loss_bbox: 5.5117  loss_dfl: 7.0354
2025/05/20 22:31:46 - mmengine - INFO - Epoch(train) [200][150/420]  base_lr: 1.0000e-02 lr: 1.9900e-04  eta: 0:06:59  time: 1.5526  data_time: 0.0099  memory: 10362  grad_norm: 28.9922  loss: 15.5396  loss_cls: 2.8042  loss_bbox: 5.7511  loss_dfl: 6.9843
2025/05/20 22:33:04 - mmengine - INFO - Epoch(train) [200][200/420]  base_lr: 1.0000e-02 lr: 1.9900e-04  eta: 0:05:41  time: 1.5519  data_time: 0.0100  memory: 10357  grad_norm: 28.7836  loss: 14.9559  loss_cls: 2.6120  loss_bbox: 5.3858  loss_dfl: 6.9581
2025/05/20 22:34:22 - mmengine - INFO - Epoch(train) [200][250/420]  base_lr: 1.0000e-02 lr: 1.9900e-04  eta: 0:04:24  time: 1.5527  data_time: 0.0100  memory: 10346  grad_norm: 28.2893  loss: 15.2736  loss_cls: 2.7540  loss_bbox: 5.5777  loss_dfl: 6.9419
2025/05/20 22:35:39 - mmengine - INFO - Epoch(train) [200][300/420]  base_lr: 1.0000e-02 lr: 1.9900e-04  eta: 0:03:06  time: 1.5531  data_time: 0.0100  memory: 10336  grad_norm: 29.4034  loss: 15.5113  loss_cls: 2.7901  loss_bbox: 5.6842  loss_dfl: 7.0370
2025/05/20 22:36:57 - mmengine - INFO - Epoch(train) [200][350/420]  base_lr: 1.0000e-02 lr: 1.9900e-04  eta: 0:01:48  time: 1.5513  data_time: 0.0095  memory: 10320  grad_norm: 27.7203  loss: 15.0475  loss_cls: 2.6664  loss_bbox: 5.4732  loss_dfl: 6.9079
2025/05/20 22:38:15 - mmengine - INFO - Epoch(train) [200][400/420]  base_lr: 1.0000e-02 lr: 1.9900e-04  eta: 0:00:31  time: 1.5515  data_time: 0.0093  memory: 10346  grad_norm: 30.4713  loss: 15.3705  loss_cls: 2.7660  loss_bbox: 5.6305  loss_dfl: 6.9739
2025/05/20 22:38:46 - mmengine - INFO - Exp name: yolov8_mambatransformer_20250520_141944
2025/05/20 22:38:46 - mmengine - INFO - Saving checkpoint at 200 epochs
2025/05/20 22:38:53 - mmengine - INFO - Epoch(val) [200][ 50/781]    eta: 0:01:02  time: 0.0861  data_time: 0.0018  memory: 10330  
2025/05/20 22:38:57 - mmengine - INFO - Epoch(val) [200][100/781]    eta: 0:00:54  time: 0.0739  data_time: 0.0003  memory: 1000  
2025/05/20 22:39:01 - mmengine - INFO - Epoch(val) [200][150/781]    eta: 0:00:49  time: 0.0737  data_time: 0.0003  memory: 1000  
2025/05/20 22:39:05 - mmengine - INFO - Epoch(val) [200][200/781]    eta: 0:00:44  time: 0.0741  data_time: 0.0003  memory: 1000  
2025/05/20 22:39:08 - mmengine - INFO - Epoch(val) [200][250/781]    eta: 0:00:40  time: 0.0735  data_time: 0.0003  memory: 1000  
2025/05/20 22:39:12 - mmengine - INFO - Epoch(val) [200][300/781]    eta: 0:00:36  time: 0.0735  data_time: 0.0003  memory: 1000  
2025/05/20 22:39:16 - mmengine - INFO - Epoch(val) [200][350/781]    eta: 0:00:32  time: 0.0741  data_time: 0.0003  memory: 1000  
2025/05/20 22:39:19 - mmengine - INFO - Epoch(val) [200][400/781]    eta: 0:00:28  time: 0.0738  data_time: 0.0003  memory: 1000  
2025/05/20 22:39:23 - mmengine - INFO - Epoch(val) [200][450/781]    eta: 0:00:24  time: 0.0736  data_time: 0.0003  memory: 1000  
2025/05/20 22:39:27 - mmengine - INFO - Epoch(val) [200][500/781]    eta: 0:00:21  time: 0.0736  data_time: 0.0003  memory: 1000  
2025/05/20 22:39:31 - mmengine - INFO - Epoch(val) [200][550/781]    eta: 0:00:17  time: 0.0735  data_time: 0.0003  memory: 1000  
2025/05/20 22:39:34 - mmengine - INFO - Epoch(val) [200][600/781]    eta: 0:00:13  time: 0.0735  data_time: 0.0003  memory: 1000  
2025/05/20 22:39:38 - mmengine - INFO - Epoch(val) [200][650/781]    eta: 0:00:09  time: 0.0735  data_time: 0.0003  memory: 1000  
2025/05/20 22:39:42 - mmengine - INFO - Epoch(val) [200][700/781]    eta: 0:00:06  time: 0.0738  data_time: 0.0003  memory: 1000  
2025/05/20 22:39:45 - mmengine - INFO - Epoch(val) [200][750/781]    eta: 0:00:02  time: 0.0735  data_time: 0.0003  memory: 1000  
2025/05/20 22:39:48 - mmengine - INFO - Evaluating bbox...
2025/05/20 22:39:52 - mmengine - INFO - 
+------------+-------+--------+--------+-------+-------+-------+
| category   | mAP   | mAP_50 | mAP_75 | mAP_s | mAP_m | mAP_l |
+------------+-------+--------+--------+-------+-------+-------+
| Car        | 0.689 | 0.922  | 0.764  | 0.413 | 0.718 | 0.891 |
| Truck      | 0.613 | 0.867  | 0.671  | 0.359 | 0.625 | 0.779 |
| People     | 0.509 | 0.848  | 0.529  | 0.343 | 0.693 | 0.751 |
| Bus        | 0.725 | 0.913  | 0.812  | 0.385 | 0.688 | 0.841 |
| Lamp       | 0.449 | 0.789  | 0.466  | 0.396 | 0.715 | nan   |
| Motorcycle | 0.426 | 0.713  | 0.459  | 0.095 | 0.637 | 0.825 |
+------------+-------+--------+--------+-------+-------+-------+
2025/05/20 22:39:52 - mmengine - INFO - bbox_mAP_copypaste: 0.568 0.842 0.617 0.332 0.679 0.818
2025/05/20 22:39:52 - mmengine - INFO - Epoch(val) [200][781/781]    coco/Car_precision: 0.6890  coco/Truck_precision: 0.6130  coco/People_precision: 0.5090  coco/Bus_precision: 0.7250  coco/Lamp_precision: 0.4490  coco/Motorcycle_precision: 0.4260  coco/bbox_mAP: 0.5680  coco/bbox_mAP_50: 0.8420  coco/bbox_mAP_75: 0.6170  coco/bbox_mAP_s: 0.3320  coco/bbox_mAP_m: 0.6790  coco/bbox_mAP_l: 0.8180  data_time: 0.0004  time: 0.0745
