2025/05/20 14:19:03 - mmengine - INFO - 
------------------------------------------------------------
System environment:
    sys.platform: linux
    Python: 3.10.16 (main, Dec 11 2024, 16:24:50) [GCC 11.2.0]
    CUDA available: True
    MUSA available: False
    numpy_random_seed: 2115432453
    GPU 0: NVIDIA A40
    CUDA_HOME: /usr/local/cuda
    NVCC: Cuda compilation tools, release 12.0, V12.0.76
    GCC: gcc (Ubuntu 9.4.0-1ubuntu1~20.04.2) 9.4.0
    PyTorch: 2.3.1
    PyTorch compiling details: PyTorch built with:
  - GCC 9.3
  - C++ Version: 201703
  - Intel(R) oneAPI Math Kernel Library Version 2023.1-Product Build 20230303 for Intel(R) 64 architecture applications
  - Intel(R) MKL-DNN v3.3.6 (Git Hash 86e6af5974177e513fd3fee58425e1063e7f1361)
  - OpenMP 201511 (a.k.a. OpenMP 4.5)
  - LAPACK is enabled (usually provided by MKL)
  - NNPACK is enabled
  - CPU capability usage: AVX512
  - CUDA Runtime 12.1
  - NVCC architecture flags: -gencode;arch=compute_50,code=sm_50;-gencode;arch=compute_60,code=sm_60;-gencode;arch=compute_61,code=sm_61;-gencode;arch=compute_70,code=sm_70;-gencode;arch=compute_75,code=sm_75;-gencode;arch=compute_80,code=sm_80;-gencode;arch=compute_86,code=sm_86;-gencode;arch=compute_90,code=sm_90
  - CuDNN 8.9.2
  - Magma 2.6.1
  - Build settings: BLAS_INFO=mkl, BUILD_TYPE=Release, CUDA_VERSION=12.1, CUDNN_VERSION=8.9.2, CXX_COMPILER=/opt/rh/devtoolset-9/root/usr/bin/c++, CXX_FLAGS= -D_GLIBCXX_USE_CXX11_ABI=0 -fabi-version=11 -fvisibility-inlines-hidden -DUSE_PTHREADPOOL -DNDEBUG -DUSE_KINETO -DLIBKINETO_NOROCTRACER -DUSE_FBGEMM -DUSE_QNNPACK -DUSE_PYTORCH_QNNPACK -DUSE_XNNPACK -DSYMBOLICATE_MOBILE_DEBUG_HANDLE -O2 -fPIC -Wall -Wextra -Werror=return-type -Werror=non-virtual-dtor -Werror=bool-operation -Wnarrowing -Wno-missing-field-initializers -Wno-type-limits -Wno-array-bounds -Wno-unknown-pragmas -Wno-unused-parameter -Wno-unused-function -Wno-unused-result -Wno-strict-overflow -Wno-strict-aliasing -Wno-stringop-overflow -Wsuggest-override -Wno-psabi -Wno-error=pedantic -Wno-error=old-style-cast -Wno-missing-braces -fdiagnostics-color=always -faligned-new -Wno-unused-but-set-variable -Wno-maybe-uninitialized -fno-math-errno -fno-trapping-math -Werror=format -Wno-stringop-overflow, LAPACK_INFO=mkl, PERF_WITH_AVX=1, PERF_WITH_AVX2=1, PERF_WITH_AVX512=1, TORCH_VERSION=2.3.1, USE_CUDA=ON, USE_CUDNN=ON, USE_CUSPARSELT=1, USE_EXCEPTION_PTR=1, USE_GFLAGS=OFF, USE_GLOG=OFF, USE_GLOO=ON, USE_MKL=ON, USE_MKLDNN=ON, USE_MPI=OFF, USE_NCCL=ON, USE_NNPACK=ON, USE_OPENMP=ON, USE_ROCM=OFF, USE_ROCM_KERNEL_ASSERT=OFF, 

    TorchVision: 0.18.1
    OpenCV: 4.11.0
    MMEngine: 0.10.7

Runtime environment:
    cudnn_benchmark: True
    mp_cfg: {'mp_start_method': 'fork', 'opencv_num_threads': 0}
    dist_cfg: {'backend': 'nccl'}
    seed: 2115432453
    Distributed launcher: none
    Distributed training: False
    GPU number: 1
------------------------------------------------------------

2025/05/20 14:19:05 - mmengine - INFO - Config:
_backend_args = None
_multiscale_resize_transforms = [
    dict(
        transforms=[
            dict(scale=(
                640,
                640,
            ), type='YOLOv5KeepRatioResize'),
            dict(
                allow_scale_up=False,
                pad_val=dict(img=114),
                scale=(
                    640,
                    640,
                ),
                type='LetterResize'),
        ],
        type='Compose'),
    dict(
        transforms=[
            dict(scale=(
                320,
                320,
            ), type='YOLOv5KeepRatioResize'),
            dict(
                allow_scale_up=False,
                pad_val=dict(img=114),
                scale=(
                    320,
                    320,
                ),
                type='LetterResize'),
        ],
        type='Compose'),
    dict(
        transforms=[
            dict(scale=(
                960,
                960,
            ), type='YOLOv5KeepRatioResize'),
            dict(
                allow_scale_up=False,
                pad_val=dict(img=114),
                scale=(
                    960,
                    960,
                ),
                type='LetterResize'),
        ],
        type='Compose'),
]
affine_scale = 0.5
after_pre_transformer = [
    dict(
        border=(
            -320,
            -256,
        ),
        border_val=(
            114,
            114,
            114,
        ),
        max_aspect_ratio=100,
        max_rotate_degree=0.0,
        max_shear_degree=0.0,
        scaling_ratio_range=(
            0.5,
            1.5,
        ),
        type='YOLOv5RandomAffine'),
]
albu_train_transforms = [
    dict(p=0.01, type='Blur'),
    dict(p=0.01, type='MedianBlur'),
    dict(p=0.01, type='ToGray'),
    dict(p=0.01, type='CLAHE'),
]
backend_args = None
base_lr = 0.01
batch_shapes_cfg = None
before_last_transformer = [
    dict(type='YOLOv5HSVRandomAug'),
    dict(prob=0.5, type='mmdet.RandomFlip'),
]
class_name = (
    'car',
    'person',
    'bicycle',
)
classes = (
    'Car',
    'Truck',
    'People',
    'Bus',
    'Lamp',
    'Motorcycle',
)
close_mosaic_epochs = 10
custom_hooks = [
    dict(
        ema_type='ExpMomentumEMA',
        momentum=0.0001,
        priority=49,
        strict_load=False,
        type='EMAHook',
        update_buffers=True),
    dict(
        switch_epoch=190,
        switch_pipeline=[
            dict(backend_args=None, type='LoadImageFromFile'),
            dict(backend_args=None, type='LoadImageFromFile2'),
            dict(type='LoadAnnotations', with_bbox=True, with_mask=False),
            dict(
                transforms=[
                    dict(scale=(
                        640,
                        512,
                    ), type='YOLOv5KeepRatioResize'),
                    dict(
                        _scope_='mmdet',
                        pad_val=dict(img=(
                            114,
                            114,
                            114,
                        )),
                        size=(
                            640,
                            512,
                        ),
                        type='Pad'),
                    dict(
                        border_val=(
                            114,
                            114,
                            114,
                        ),
                        max_aspect_ratio=100,
                        max_rotate_degree=0.0,
                        max_shear_degree=0.0,
                        scaling_ratio_range=(
                            0.5,
                            1.5,
                        ),
                        type='YOLOv5RandomAffine'),
                ],
                type='Image2Broadcaster'),
            dict(
                bbox_params=dict(
                    format='pascal_voc',
                    label_fields=[
                        'gt_bboxes_labels',
                        'gt_ignore_flags',
                    ],
                    type='BboxParams'),
                keymap=dict(gt_bboxes='bboxes', img='image'),
                transforms=[
                    dict(p=0.01, type='Blur'),
                    dict(p=0.01, type='MedianBlur'),
                    dict(p=0.01, type='ToGray'),
                    dict(p=0.01, type='CLAHE'),
                ],
                type='Dual_Albu'),
            dict(
                transforms=[
                    dict(type='YOLOv5HSVRandomAug'),
                    dict(prob=0.5, type='mmdet.RandomFlip'),
                ],
                type='Image2Broadcaster'),
            dict(
                meta_keys=(
                    'img_id',
                    'img_path',
                    'ori_shape',
                    'img_shape',
                    'img_path2',
                    'ori_shape2',
                    'img_shape2',
                    'scale_factor',
                ),
                type='DoublePackDetInputs'),
        ],
        type='mmdet.PipelineSwitchHook'),
]
data_root = '/data/nl/mmdet2spectral/data/M3FD/'
dataset_type = 'DualStreamCocoDataset'
deepen_factor = 0.67
default_hooks = dict(
    checkpoint=dict(
        interval=1,
        max_keep_ckpts=3,
        save_best='coco/bbox_mAP_50',
        type='CheckpointHook'),
    logger=dict(interval=50, type='LoggerHook'),
    param_scheduler=dict(
        lr_factor=0.01,
        max_epochs=200,
        scheduler_type='linear',
        type='YOLOv5ParamSchedulerHook'),
    sampler_seed=dict(type='DistSamplerSeedHook'),
    timer=dict(type='IterTimerHook'),
    visualization=dict(type='mmdet.DetVisualizationHook'))
default_scope = 'mmyolo'
env_cfg = dict(
    cudnn_benchmark=True,
    dist_cfg=dict(backend='nccl'),
    mp_cfg=dict(mp_start_method='fork', opencv_num_threads=0))
img_scale = (
    640,
    512,
)
img_scales = [
    (
        640,
        640,
    ),
    (
        320,
        320,
    ),
    (
        960,
        960,
    ),
]
last_stage_out_channels = 1024
last_transform = [
    dict(
        bbox_params=dict(
            format='pascal_voc',
            label_fields=[
                'gt_bboxes_labels',
                'gt_ignore_flags',
            ],
            type='BboxParams'),
        keymap=dict(gt_bboxes='bboxes', img='image'),
        transforms=[
            dict(p=0.01, type='Blur'),
            dict(p=0.01, type='MedianBlur'),
            dict(p=0.01, type='ToGray'),
            dict(p=0.01, type='CLAHE'),
        ],
        type='Dual_Albu'),
    dict(
        transforms=[
            dict(type='YOLOv5HSVRandomAug'),
            dict(prob=0.5, type='mmdet.RandomFlip'),
        ],
        type='Image2Broadcaster'),
    dict(
        meta_keys=(
            'img_id',
            'img_path',
            'ori_shape',
            'img_shape',
            'img_path2',
            'ori_shape2',
            'img_shape2',
            'scale_factor',
        ),
        type='DoublePackDetInputs'),
]
launcher = 'none'
load_from = None
log_level = 'INFO'
log_processor = dict(by_epoch=True, type='LogProcessor', window_size=50)
loss_bbox_weight = 7.5
loss_cls_weight = 0.5
loss_dfl_weight = 0.375
lr_factor = 0.01
max_aspect_ratio = 100
max_epochs = 200
max_keep_ckpts = 3
metainfo = dict(
    classes=(
        'Car',
        'Truck',
        'People',
        'Bus',
        'Lamp',
        'Motorcycle',
    ),
    palette=[
        (
            20,
            220,
            60,
        ),
        (
            119,
            11,
            32,
        ),
        (
            0,
            0,
            142,
        ),
        (
            106,
            0,
            228,
        ),
        (
            0,
            60,
            100,
        ),
        (
            0,
            80,
            100,
        ),
    ])
model = dict(
    backbone=dict(
        act_cfg=dict(inplace=True, type='SiLU'),
        deepen_factor=0.67,
        fusion_block=dict(
            in_channels=[
                128,
                256,
                512,
            ],
            mamba_bi=[
                False,
                False,
                False,
            ],
            mamba_size=[
                (
                    128,
                    160,
                ),
                (
                    64,
                    80,
                ),
                (
                    32,
                    40,
                ),
            ],
            transformer_fusion=True,
            transformer_horz_anchor=[
                16,
                10,
                8,
            ],
            transformer_loops_num=1,
            transformer_mod_weight=True,
            transformer_vert_anchor=[
                16,
                10,
                8,
            ],
            type='MambaTransformerBlock'),
        fusion_flag=True,
        fusion_indices=(
            2,
            3,
            4,
        ),
        fusion_module=dict(in_channels=[
            128,
            256,
            512,
        ], type='BaseFusion'),
        head_input_module=dict(
            in_channels=[
                256,
                512,
                1024,
            ], type='BaseFusion'),
        input_channels=3,
        norm_cfg=dict(eps=0.001, momentum=0.03, type='BN'),
        out_indices=(
            2,
            3,
            4,
        ),
        stages=dict(
            settings=dict(
                act_cfg=dict(inplace=True, type='SiLU'),
                add_identity=[
                    True,
                    True,
                    True,
                    True,
                ],
                deepen_factor=0.67,
                in_channels=[
                    64,
                    128,
                    256,
                    512,
                ],
                norm_cfg=dict(eps=0.001, momentum=0.03, type='BN'),
                num_blocks=[
                    3,
                    6,
                    6,
                    3,
                ],
                out_channels=[
                    128,
                    256,
                    512,
                    1024,
                ],
                use_spp=[
                    False,
                    False,
                    False,
                    True,
                ],
                widen_factor=0.75),
            type='yoloV8CSPDarknet'),
        stem_block=dict(
            act_cfg=dict(inplace=True, type='SiLU'),
            in_channels=3,
            kernel_size=3,
            norm_cfg=dict(eps=0.001, momentum=0.03, type='BN'),
            out_channels=64,
            padding=1,
            stride=2,
            type='ConvStem',
            widen_factor=0.75),
        type='GeneralDualBackbone',
        widen_factor=0.75),
    bbox_head=dict(
        bbox_coder=dict(type='DistancePointBBoxCoder'),
        head_module=dict(
            act_cfg=dict(inplace=True, type='SiLU'),
            featmap_strides=[
                8,
                16,
                32,
            ],
            in_channels=[
                256,
                512,
                1024,
            ],
            norm_cfg=dict(eps=0.001, momentum=0.03, type='BN'),
            num_classes=6,
            reg_max=16,
            type='YOLOv8HeadModule',
            widen_factor=0.75),
        loss_bbox=dict(
            bbox_format='xyxy',
            iou_mode='ciou',
            loss_weight=7.5,
            reduction='sum',
            return_iou=False,
            type='IoULoss'),
        loss_cls=dict(
            loss_weight=0.5,
            reduction='none',
            type='mmdet.CrossEntropyLoss',
            use_sigmoid=True),
        loss_dfl=dict(
            loss_weight=0.375,
            reduction='mean',
            type='mmdet.DistributionFocalLoss'),
        prior_generator=dict(
            offset=0.5, strides=[
                8,
                16,
                32,
            ], type='mmdet.MlvlPointGenerator'),
        type='YOLOv8Head'),
    data_preprocessor=dict(
        bgr_to_rgb=True,
        mean=[
            123.675,
            116.28,
            103.53,
        ],
        std=[
            58.395,
            57.12,
            57.375,
        ],
        type='DualInputDetDataPreprocessor'),
    neck=dict(
        act_cfg=dict(inplace=True, type='SiLU'),
        deepen_factor=0.67,
        in_channels=[
            256,
            512,
            1024,
        ],
        norm_cfg=dict(eps=0.001, momentum=0.03, type='BN'),
        num_csp_blocks=3,
        out_channels=[
            256,
            512,
            1024,
        ],
        type='YOLOv8PAFPN',
        widen_factor=0.75),
    test_cfg=dict(
        max_per_img=300,
        multi_label=True,
        nms=dict(iou_threshold=0.7, type='nms'),
        nms_pre=30000,
        score_thr=0.001),
    train_cfg=dict(
        assigner=dict(
            alpha=0.5,
            beta=6.0,
            eps=1e-09,
            num_classes=6,
            topk=10,
            type='BatchTaskAlignedAssigner',
            use_ciou=True)),
    type='YOLODualNeckDetector')
model_test_cfg = dict(
    max_per_img=300,
    multi_label=True,
    nms=dict(iou_threshold=0.7, type='nms'),
    nms_pre=30000,
    score_thr=0.001)
norm_cfg = dict(eps=0.001, momentum=0.03, type='BN')
num_classes = 6
num_det_layers = 3
optim_wrapper = dict(
    clip_grad=dict(max_norm=10.0),
    constructor='YOLOv5OptimizerConstructor',
    optimizer=dict(
        batch_size_per_gpu=8,
        lr=0.01,
        momentum=0.937,
        nesterov=True,
        type='SGD',
        weight_decay=0.0005),
    type='OptimWrapper')
param_scheduler = None
persistent_workers = True
pre_transform = [
    dict(backend_args=None, type='LoadImageFromFile'),
    dict(backend_args=None, type='LoadImageFromFile2'),
    dict(type='LoadAnnotations', with_bbox=True, with_mask=False),
]
resume = True
save_epoch_intervals = 1
strides = [
    8,
    16,
    32,
]
tal_alpha = 0.5
tal_beta = 6.0
tal_topk = 10
test_cfg = dict(type='TestLoop')
test_dataloader = dict(
    batch_size=1,
    dataset=dict(
        ann_file='val_partion.json',
        batch_shapes_cfg=None,
        data_prefix=dict(img='val/enhance/rgb'),
        data_root='/data/nl/mmdet2spectral/data/M3FD/',
        metainfo=dict(
            classes=(
                'Car',
                'Truck',
                'People',
                'Bus',
                'Lamp',
                'Motorcycle',
            ),
            palette=[
                (
                    20,
                    220,
                    60,
                ),
                (
                    119,
                    11,
                    32,
                ),
                (
                    0,
                    0,
                    142,
                ),
                (
                    106,
                    0,
                    228,
                ),
                (
                    0,
                    60,
                    100,
                ),
                (
                    0,
                    80,
                    100,
                ),
            ]),
        pipeline=[
            dict(backend_args=None, type='LoadImageFromFile'),
            dict(backend_args=None, type='LoadImageFromFile2'),
            dict(_scope_='mmdet', type='LoadAnnotations', with_bbox=True),
            dict(
                transforms=[
                    dict(scale=(
                        640,
                        512,
                    ), type='YOLOv5KeepRatioResize'),
                    dict(
                        _scope_='mmdet',
                        pad_val=dict(img=(
                            114,
                            114,
                            114,
                        )),
                        size=(
                            640,
                            512,
                        ),
                        type='Pad'),
                ],
                type='Image2Broadcaster'),
            dict(
                meta_keys=(
                    'img_id',
                    'img_path',
                    'ori_shape',
                    'img_shape',
                    'img_path2',
                    'ori_shape2',
                    'img_shape2',
                    'scale_factor',
                ),
                type='DoublePackDetInputs'),
        ],
        test_mode=True,
        type='DualStreamCocoDataset'),
    drop_last=False,
    num_workers=2,
    persistent_workers=True,
    pin_memory=True,
    sampler=dict(shuffle=False, type='DefaultSampler'))
test_evaluator = dict(
    ann_file='/data/nl/mmdet2spectral/data/M3FD/val_partion.json',
    classwise=True,
    metric='bbox',
    proposal_nums=(
        100,
        1,
        10,
    ),
    type='mmdet.CocoMetric')
test_pipeline = [
    dict(backend_args=None, type='LoadImageFromFile'),
    dict(backend_args=None, type='LoadImageFromFile2'),
    dict(_scope_='mmdet', type='LoadAnnotations', with_bbox=True),
    dict(
        transforms=[
            dict(scale=(
                640,
                512,
            ), type='YOLOv5KeepRatioResize'),
            dict(
                _scope_='mmdet',
                pad_val=dict(img=(
                    114,
                    114,
                    114,
                )),
                size=(
                    640,
                    512,
                ),
                type='Pad'),
        ],
        type='Image2Broadcaster'),
    dict(
        meta_keys=(
            'img_id',
            'img_path',
            'ori_shape',
            'img_shape',
            'img_path2',
            'ori_shape2',
            'img_shape2',
            'scale_factor',
        ),
        type='DoublePackDetInputs'),
]
test_transformer = [
    dict(scale=(
        640,
        512,
    ), type='YOLOv5KeepRatioResize'),
    dict(
        _scope_='mmdet',
        pad_val=dict(img=(
            114,
            114,
            114,
        )),
        size=(
            640,
            512,
        ),
        type='Pad'),
]
train_ann_file = 'train.json'
train_batch_size_per_gpu = 8
train_cfg = dict(
    dynamic_intervals=[
        (
            190,
            1,
        ),
    ],
    max_epochs=200,
    type='EpochBasedTrainLoop',
    val_interval=1)
train_data_prefix = 'train/enhance/rgb'
train_dataloader = dict(
    batch_size=8,
    collate_fn=dict(type='dual_yolo_collate'),
    dataset=dict(
        ann_file='train.json',
        data_prefix=dict(img='train/enhance/rgb'),
        data_root='/data/nl/mmdet2spectral/data/M3FD/',
        filter_cfg=dict(filter_empty_gt=False, min_size=32),
        metainfo=dict(
            classes=(
                'Car',
                'Truck',
                'People',
                'Bus',
                'Lamp',
                'Motorcycle',
            ),
            palette=[
                (
                    20,
                    220,
                    60,
                ),
                (
                    119,
                    11,
                    32,
                ),
                (
                    0,
                    0,
                    142,
                ),
                (
                    106,
                    0,
                    228,
                ),
                (
                    0,
                    60,
                    100,
                ),
                (
                    0,
                    80,
                    100,
                ),
            ]),
        pipeline=[
            dict(backend_args=None, type='LoadImageFromFile'),
            dict(backend_args=None, type='LoadImageFromFile2'),
            dict(type='LoadAnnotations', with_bbox=True, with_mask=False),
            dict(
                img_scale=(
                    640,
                    512,
                ),
                pad_val=114.0,
                pre_transform=[
                    dict(backend_args=None, type='LoadImageFromFile'),
                    dict(backend_args=None, type='LoadImageFromFile2'),
                    dict(
                        type='LoadAnnotations',
                        with_bbox=True,
                        with_mask=False),
                ],
                type='Dual_Mosaic',
                use_cached=False),
            dict(
                transforms=[
                    dict(
                        border=(
                            -320,
                            -256,
                        ),
                        border_val=(
                            114,
                            114,
                            114,
                        ),
                        max_aspect_ratio=100,
                        max_rotate_degree=0.0,
                        max_shear_degree=0.0,
                        scaling_ratio_range=(
                            0.5,
                            1.5,
                        ),
                        type='YOLOv5RandomAffine'),
                ],
                type='Image2Broadcaster'),
            dict(
                bbox_params=dict(
                    format='pascal_voc',
                    label_fields=[
                        'gt_bboxes_labels',
                        'gt_ignore_flags',
                    ],
                    type='BboxParams'),
                keymap=dict(gt_bboxes='bboxes', img='image'),
                transforms=[
                    dict(p=0.01, type='Blur'),
                    dict(p=0.01, type='MedianBlur'),
                    dict(p=0.01, type='ToGray'),
                    dict(p=0.01, type='CLAHE'),
                ],
                type='Dual_Albu'),
            dict(
                transforms=[
                    dict(type='YOLOv5HSVRandomAug'),
                    dict(prob=0.5, type='mmdet.RandomFlip'),
                ],
                type='Image2Broadcaster'),
            dict(
                meta_keys=(
                    'img_id',
                    'img_path',
                    'ori_shape',
                    'img_shape',
                    'img_path2',
                    'ori_shape2',
                    'img_shape2',
                    'scale_factor',
                ),
                type='DoublePackDetInputs'),
        ],
        type='DualStreamCocoDataset'),
    num_workers=8,
    persistent_workers=True,
    pin_memory=True,
    sampler=dict(shuffle=True, type='DefaultSampler'))
train_num_workers = 8
train_pipeline = [
    dict(backend_args=None, type='LoadImageFromFile'),
    dict(backend_args=None, type='LoadImageFromFile2'),
    dict(type='LoadAnnotations', with_bbox=True, with_mask=False),
    dict(
        img_scale=(
            640,
            512,
        ),
        pad_val=114.0,
        pre_transform=[
            dict(backend_args=None, type='LoadImageFromFile'),
            dict(backend_args=None, type='LoadImageFromFile2'),
            dict(type='LoadAnnotations', with_bbox=True, with_mask=False),
        ],
        type='Dual_Mosaic',
        use_cached=False),
    dict(
        transforms=[
            dict(
                border=(
                    -320,
                    -256,
                ),
                border_val=(
                    114,
                    114,
                    114,
                ),
                max_aspect_ratio=100,
                max_rotate_degree=0.0,
                max_shear_degree=0.0,
                scaling_ratio_range=(
                    0.5,
                    1.5,
                ),
                type='YOLOv5RandomAffine'),
        ],
        type='Image2Broadcaster'),
    dict(
        bbox_params=dict(
            format='pascal_voc',
            label_fields=[
                'gt_bboxes_labels',
                'gt_ignore_flags',
            ],
            type='BboxParams'),
        keymap=dict(gt_bboxes='bboxes', img='image'),
        transforms=[
            dict(p=0.01, type='Blur'),
            dict(p=0.01, type='MedianBlur'),
            dict(p=0.01, type='ToGray'),
            dict(p=0.01, type='CLAHE'),
        ],
        type='Dual_Albu'),
    dict(
        transforms=[
            dict(type='YOLOv5HSVRandomAug'),
            dict(prob=0.5, type='mmdet.RandomFlip'),
        ],
        type='Image2Broadcaster'),
    dict(
        meta_keys=(
            'img_id',
            'img_path',
            'ori_shape',
            'img_shape',
            'img_path2',
            'ori_shape2',
            'img_shape2',
            'scale_factor',
        ),
        type='DoublePackDetInputs'),
]
train_pipeline_stage2 = [
    dict(backend_args=None, type='LoadImageFromFile'),
    dict(backend_args=None, type='LoadImageFromFile2'),
    dict(type='LoadAnnotations', with_bbox=True, with_mask=False),
    dict(
        transforms=[
            dict(scale=(
                640,
                512,
            ), type='YOLOv5KeepRatioResize'),
            dict(
                _scope_='mmdet',
                pad_val=dict(img=(
                    114,
                    114,
                    114,
                )),
                size=(
                    640,
                    512,
                ),
                type='Pad'),
            dict(
                border_val=(
                    114,
                    114,
                    114,
                ),
                max_aspect_ratio=100,
                max_rotate_degree=0.0,
                max_shear_degree=0.0,
                scaling_ratio_range=(
                    0.5,
                    1.5,
                ),
                type='YOLOv5RandomAffine'),
        ],
        type='Image2Broadcaster'),
    dict(
        bbox_params=dict(
            format='pascal_voc',
            label_fields=[
                'gt_bboxes_labels',
                'gt_ignore_flags',
            ],
            type='BboxParams'),
        keymap=dict(gt_bboxes='bboxes', img='image'),
        transforms=[
            dict(p=0.01, type='Blur'),
            dict(p=0.01, type='MedianBlur'),
            dict(p=0.01, type='ToGray'),
            dict(p=0.01, type='CLAHE'),
        ],
        type='Dual_Albu'),
    dict(
        transforms=[
            dict(type='YOLOv5HSVRandomAug'),
            dict(prob=0.5, type='mmdet.RandomFlip'),
        ],
        type='Image2Broadcaster'),
    dict(
        meta_keys=(
            'img_id',
            'img_path',
            'ori_shape',
            'img_shape',
            'img_path2',
            'ori_shape2',
            'img_shape2',
            'scale_factor',
        ),
        type='DoublePackDetInputs'),
]
train_stage2_transformer = [
    dict(scale=(
        640,
        512,
    ), type='YOLOv5KeepRatioResize'),
    dict(
        _scope_='mmdet',
        pad_val=dict(img=(
            114,
            114,
            114,
        )),
        size=(
            640,
            512,
        ),
        type='Pad'),
    dict(
        border_val=(
            114,
            114,
            114,
        ),
        max_aspect_ratio=100,
        max_rotate_degree=0.0,
        max_shear_degree=0.0,
        scaling_ratio_range=(
            0.5,
            1.5,
        ),
        type='YOLOv5RandomAffine'),
]
tta_model = dict(
    tta_cfg=dict(max_per_img=300, nms=dict(iou_threshold=0.65, type='nms')),
    type='mmdet.DetTTAModel')
tta_pipeline = [
    dict(backend_args=None, type='LoadImageFromFile'),
    dict(
        transforms=[
            [
                dict(
                    transforms=[
                        dict(scale=(
                            640,
                            640,
                        ), type='YOLOv5KeepRatioResize'),
                        dict(
                            allow_scale_up=False,
                            pad_val=dict(img=114),
                            scale=(
                                640,
                                640,
                            ),
                            type='LetterResize'),
                    ],
                    type='Compose'),
                dict(
                    transforms=[
                        dict(scale=(
                            320,
                            320,
                        ), type='YOLOv5KeepRatioResize'),
                        dict(
                            allow_scale_up=False,
                            pad_val=dict(img=114),
                            scale=(
                                320,
                                320,
                            ),
                            type='LetterResize'),
                    ],
                    type='Compose'),
                dict(
                    transforms=[
                        dict(scale=(
                            960,
                            960,
                        ), type='YOLOv5KeepRatioResize'),
                        dict(
                            allow_scale_up=False,
                            pad_val=dict(img=114),
                            scale=(
                                960,
                                960,
                            ),
                            type='LetterResize'),
                    ],
                    type='Compose'),
            ],
            [
                dict(prob=1.0, type='mmdet.RandomFlip'),
                dict(prob=0.0, type='mmdet.RandomFlip'),
            ],
            [
                dict(type='mmdet.LoadAnnotations', with_bbox=True),
            ],
            [
                dict(
                    meta_keys=(
                        'img_id',
                        'img_path',
                        'ori_shape',
                        'img_shape',
                        'scale_factor',
                        'pad_param',
                        'flip',
                        'flip_direction',
                    ),
                    type='mmdet.PackDetInputs'),
            ],
        ],
        type='TestTimeAug'),
]
val_ann_file = 'val_partion.json'
val_batch_size_per_gpu = 1
val_cfg = dict(type='ValLoop')
val_data_prefix = 'val/enhance/rgb'
val_dataloader = dict(
    batch_size=1,
    dataset=dict(
        ann_file='val_partion.json',
        batch_shapes_cfg=None,
        data_prefix=dict(img='val/enhance/rgb'),
        data_root='/data/nl/mmdet2spectral/data/M3FD/',
        metainfo=dict(
            classes=(
                'Car',
                'Truck',
                'People',
                'Bus',
                'Lamp',
                'Motorcycle',
            ),
            palette=[
                (
                    20,
                    220,
                    60,
                ),
                (
                    119,
                    11,
                    32,
                ),
                (
                    0,
                    0,
                    142,
                ),
                (
                    106,
                    0,
                    228,
                ),
                (
                    0,
                    60,
                    100,
                ),
                (
                    0,
                    80,
                    100,
                ),
            ]),
        pipeline=[
            dict(backend_args=None, type='LoadImageFromFile'),
            dict(backend_args=None, type='LoadImageFromFile2'),
            dict(_scope_='mmdet', type='LoadAnnotations', with_bbox=True),
            dict(
                transforms=[
                    dict(scale=(
                        640,
                        512,
                    ), type='YOLOv5KeepRatioResize'),
                    dict(
                        _scope_='mmdet',
                        pad_val=dict(img=(
                            114,
                            114,
                            114,
                        )),
                        size=(
                            640,
                            512,
                        ),
                        type='Pad'),
                ],
                type='Image2Broadcaster'),
            dict(
                meta_keys=(
                    'img_id',
                    'img_path',
                    'ori_shape',
                    'img_shape',
                    'img_path2',
                    'ori_shape2',
                    'img_shape2',
                    'scale_factor',
                ),
                type='DoublePackDetInputs'),
        ],
        test_mode=True,
        type='DualStreamCocoDataset'),
    drop_last=False,
    num_workers=2,
    persistent_workers=True,
    pin_memory=True,
    sampler=dict(shuffle=False, type='DefaultSampler'))
val_evaluator = dict(
    ann_file='/data/nl/mmdet2spectral/data/M3FD/val_partion.json',
    classwise=True,
    metric='bbox',
    proposal_nums=(
        100,
        1,
        10,
    ),
    type='mmdet.CocoMetric')
val_interval_stage2 = 1
val_num_workers = 2
vis_backends = [
    dict(type='LocalVisBackend'),
]
visualizer = dict(
    name='visualizer',
    type='mmdet.DetLocalVisualizer',
    vis_backends=[
        dict(type='LocalVisBackend'),
    ])
weight_decay = 0.0005
widen_factor = 0.75
work_dir = './work_dirs/yolov8_mambatransformer_enhance'

2025/05/20 14:19:08 - mmengine - INFO - Distributed training is not used, all SyncBatchNorm (SyncBN) layers in the model will be automatically reverted to BatchNormXd layers if they are used.
2025/05/20 14:19:08 - mmengine - INFO - Hooks will be executed in the following order:
before_run:
(VERY_HIGH   ) RuntimeInfoHook                    
(49          ) EMAHook                            
(BELOW_NORMAL) LoggerHook                         
 -------------------- 
after_load_checkpoint:
(49          ) EMAHook                            
 -------------------- 
before_train:
(9           ) YOLOv5ParamSchedulerHook           
(VERY_HIGH   ) RuntimeInfoHook                    
(49          ) EMAHook                            
(NORMAL      ) IterTimerHook                      
(VERY_LOW    ) CheckpointHook                     
 -------------------- 
before_train_epoch:
(VERY_HIGH   ) RuntimeInfoHook                    
(NORMAL      ) IterTimerHook                      
(NORMAL      ) DistSamplerSeedHook                
(NORMAL      ) PipelineSwitchHook                 
 -------------------- 
before_train_iter:
(9           ) YOLOv5ParamSchedulerHook           
(VERY_HIGH   ) RuntimeInfoHook                    
(NORMAL      ) IterTimerHook                      
 -------------------- 
after_train_iter:
(9           ) YOLOv5ParamSchedulerHook           
(VERY_HIGH   ) RuntimeInfoHook                    
(49          ) EMAHook                            
(NORMAL      ) IterTimerHook                      
(BELOW_NORMAL) LoggerHook                         
(VERY_LOW    ) CheckpointHook                     
 -------------------- 
after_train_epoch:
(9           ) YOLOv5ParamSchedulerHook           
(NORMAL      ) IterTimerHook                      
(VERY_LOW    ) CheckpointHook                     
 -------------------- 
before_val:
(VERY_HIGH   ) RuntimeInfoHook                    
 -------------------- 
before_val_epoch:
(49          ) EMAHook                            
(NORMAL      ) IterTimerHook                      
 -------------------- 
before_val_iter:
(NORMAL      ) IterTimerHook                      
 -------------------- 
after_val_iter:
(NORMAL      ) IterTimerHook                      
(NORMAL      ) DetVisualizationHook               
(BELOW_NORMAL) LoggerHook                         
 -------------------- 
after_val_epoch:
(9           ) YOLOv5ParamSchedulerHook           
(VERY_HIGH   ) RuntimeInfoHook                    
(49          ) EMAHook                            
(NORMAL      ) IterTimerHook                      
(BELOW_NORMAL) LoggerHook                         
(VERY_LOW    ) CheckpointHook                     
 -------------------- 
after_val:
(VERY_HIGH   ) RuntimeInfoHook                    
 -------------------- 
before_save_checkpoint:
(49          ) EMAHook                            
 -------------------- 
after_train:
(VERY_HIGH   ) RuntimeInfoHook                    
(VERY_LOW    ) CheckpointHook                     
 -------------------- 
before_test:
(VERY_HIGH   ) RuntimeInfoHook                    
 -------------------- 
before_test_epoch:
(49          ) EMAHook                            
(NORMAL      ) IterTimerHook                      
 -------------------- 
before_test_iter:
(NORMAL      ) IterTimerHook                      
 -------------------- 
after_test_iter:
(NORMAL      ) IterTimerHook                      
(NORMAL      ) DetVisualizationHook               
(BELOW_NORMAL) LoggerHook                         
 -------------------- 
after_test_epoch:
(VERY_HIGH   ) RuntimeInfoHook                    
(49          ) EMAHook                            
(NORMAL      ) IterTimerHook                      
(BELOW_NORMAL) LoggerHook                         
 -------------------- 
after_test:
(VERY_HIGH   ) RuntimeInfoHook                    
 -------------------- 
after_run:
(BELOW_NORMAL) LoggerHook                         
 -------------------- 
2025/05/20 14:19:10 - mmengine - INFO - Optimizer groups: 227 .bias, 224 conv.weight, 128 other
Name of parameter - Initialization information

backbone.stem_1.conv.conv.weight - torch.Size([48, 3, 3, 3]): 
Initialized by user-defined `init_weights` in ConvModule  

backbone.stem_1.conv.bn.weight - torch.Size([48]): 
The value is the same before and after calling `init_weights` of YOLODualNeckDetector  

backbone.stem_1.conv.bn.bias - torch.Size([48]): 
The value is the same before and after calling `init_weights` of YOLODualNeckDetector  

backbone.stem_2.conv.conv.weight - torch.Size([48, 3, 3, 3]): 
Initialized by user-defined `init_weights` in ConvModule  

backbone.stem_2.conv.bn.weight - torch.Size([48]): 
The value is the same before and after calling `init_weights` of YOLODualNeckDetector  

backbone.stem_2.conv.bn.bias - torch.Size([48]): 
The value is the same before and after calling `init_weights` of YOLODualNeckDetector  

backbone.stage1_1.0.conv.weight - torch.Size([96, 48, 3, 3]): 
The value is the same before and after calling `init_weights` of YOLODualNeckDetector  

backbone.stage1_1.0.bn.weight - torch.Size([96]): 
The value is the same before and after calling `init_weights` of YOLODualNeckDetector  

backbone.stage1_1.0.bn.bias - torch.Size([96]): 
The value is the same before and after calling `init_weights` of YOLODualNeckDetector  

backbone.stage1_1.1.main_conv.conv.weight - torch.Size([96, 96, 1, 1]): 
The value is the same before and after calling `init_weights` of YOLODualNeckDetector  

backbone.stage1_1.1.main_conv.bn.weight - torch.Size([96]): 
The value is the same before and after calling `init_weights` of YOLODualNeckDetector  

backbone.stage1_1.1.main_conv.bn.bias - torch.Size([96]): 
The value is the same before and after calling `init_weights` of YOLODualNeckDetector  

backbone.stage1_1.1.final_conv.conv.weight - torch.Size([96, 192, 1, 1]): 
The value is the same before and after calling `init_weights` of YOLODualNeckDetector  

backbone.stage1_1.1.final_conv.bn.weight - torch.Size([96]): 
The value is the same before and after calling `init_weights` of YOLODualNeckDetector  

backbone.stage1_1.1.final_conv.bn.bias - torch.Size([96]): 
The value is the same before and after calling `init_weights` of YOLODualNeckDetector  

backbone.stage1_1.1.blocks.0.conv1.conv.weight - torch.Size([48, 48, 3, 3]): 
The value is the same before and after calling `init_weights` of YOLODualNeckDetector  

backbone.stage1_1.1.blocks.0.conv1.bn.weight - torch.Size([48]): 
The value is the same before and after calling `init_weights` of YOLODualNeckDetector  

backbone.stage1_1.1.blocks.0.conv1.bn.bias - torch.Size([48]): 
The value is the same before and after calling `init_weights` of YOLODualNeckDetector  

backbone.stage1_1.1.blocks.0.conv2.conv.weight - torch.Size([48, 48, 3, 3]): 
The value is the same before and after calling `init_weights` of YOLODualNeckDetector  

backbone.stage1_1.1.blocks.0.conv2.bn.weight - torch.Size([48]): 
The value is the same before and after calling `init_weights` of YOLODualNeckDetector  

backbone.stage1_1.1.blocks.0.conv2.bn.bias - torch.Size([48]): 
The value is the same before and after calling `init_weights` of YOLODualNeckDetector  

backbone.stage1_1.1.blocks.1.conv1.conv.weight - torch.Size([48, 48, 3, 3]): 
The value is the same before and after calling `init_weights` of YOLODualNeckDetector  

backbone.stage1_1.1.blocks.1.conv1.bn.weight - torch.Size([48]): 
The value is the same before and after calling `init_weights` of YOLODualNeckDetector  

backbone.stage1_1.1.blocks.1.conv1.bn.bias - torch.Size([48]): 
The value is the same before and after calling `init_weights` of YOLODualNeckDetector  

backbone.stage1_1.1.blocks.1.conv2.conv.weight - torch.Size([48, 48, 3, 3]): 
The value is the same before and after calling `init_weights` of YOLODualNeckDetector  

backbone.stage1_1.1.blocks.1.conv2.bn.weight - torch.Size([48]): 
The value is the same before and after calling `init_weights` of YOLODualNeckDetector  

backbone.stage1_1.1.blocks.1.conv2.bn.bias - torch.Size([48]): 
The value is the same before and after calling `init_weights` of YOLODualNeckDetector  

backbone.stage1_2.0.conv.weight - torch.Size([96, 48, 3, 3]): 
The value is the same before and after calling `init_weights` of YOLODualNeckDetector  

backbone.stage1_2.0.bn.weight - torch.Size([96]): 
The value is the same before and after calling `init_weights` of YOLODualNeckDetector  

backbone.stage1_2.0.bn.bias - torch.Size([96]): 
The value is the same before and after calling `init_weights` of YOLODualNeckDetector  

backbone.stage1_2.1.main_conv.conv.weight - torch.Size([96, 96, 1, 1]): 
The value is the same before and after calling `init_weights` of YOLODualNeckDetector  

backbone.stage1_2.1.main_conv.bn.weight - torch.Size([96]): 
The value is the same before and after calling `init_weights` of YOLODualNeckDetector  

backbone.stage1_2.1.main_conv.bn.bias - torch.Size([96]): 
The value is the same before and after calling `init_weights` of YOLODualNeckDetector  

backbone.stage1_2.1.final_conv.conv.weight - torch.Size([96, 192, 1, 1]): 
The value is the same before and after calling `init_weights` of YOLODualNeckDetector  

backbone.stage1_2.1.final_conv.bn.weight - torch.Size([96]): 
The value is the same before and after calling `init_weights` of YOLODualNeckDetector  

backbone.stage1_2.1.final_conv.bn.bias - torch.Size([96]): 
The value is the same before and after calling `init_weights` of YOLODualNeckDetector  

backbone.stage1_2.1.blocks.0.conv1.conv.weight - torch.Size([48, 48, 3, 3]): 
The value is the same before and after calling `init_weights` of YOLODualNeckDetector  

backbone.stage1_2.1.blocks.0.conv1.bn.weight - torch.Size([48]): 
The value is the same before and after calling `init_weights` of YOLODualNeckDetector  

backbone.stage1_2.1.blocks.0.conv1.bn.bias - torch.Size([48]): 
The value is the same before and after calling `init_weights` of YOLODualNeckDetector  

backbone.stage1_2.1.blocks.0.conv2.conv.weight - torch.Size([48, 48, 3, 3]): 
The value is the same before and after calling `init_weights` of YOLODualNeckDetector  

backbone.stage1_2.1.blocks.0.conv2.bn.weight - torch.Size([48]): 
The value is the same before and after calling `init_weights` of YOLODualNeckDetector  

backbone.stage1_2.1.blocks.0.conv2.bn.bias - torch.Size([48]): 
The value is the same before and after calling `init_weights` of YOLODualNeckDetector  

backbone.stage1_2.1.blocks.1.conv1.conv.weight - torch.Size([48, 48, 3, 3]): 
The value is the same before and after calling `init_weights` of YOLODualNeckDetector  

backbone.stage1_2.1.blocks.1.conv1.bn.weight - torch.Size([48]): 
The value is the same before and after calling `init_weights` of YOLODualNeckDetector  

backbone.stage1_2.1.blocks.1.conv1.bn.bias - torch.Size([48]): 
The value is the same before and after calling `init_weights` of YOLODualNeckDetector  

backbone.stage1_2.1.blocks.1.conv2.conv.weight - torch.Size([48, 48, 3, 3]): 
The value is the same before and after calling `init_weights` of YOLODualNeckDetector  

backbone.stage1_2.1.blocks.1.conv2.bn.weight - torch.Size([48]): 
The value is the same before and after calling `init_weights` of YOLODualNeckDetector  

backbone.stage1_2.1.blocks.1.conv2.bn.bias - torch.Size([48]): 
The value is the same before and after calling `init_weights` of YOLODualNeckDetector  

backbone.stage2_1.0.conv.weight - torch.Size([192, 96, 3, 3]): 
The value is the same before and after calling `init_weights` of YOLODualNeckDetector  

backbone.stage2_1.0.bn.weight - torch.Size([192]): 
The value is the same before and after calling `init_weights` of YOLODualNeckDetector  

backbone.stage2_1.0.bn.bias - torch.Size([192]): 
The value is the same before and after calling `init_weights` of YOLODualNeckDetector  

backbone.stage2_1.1.main_conv.conv.weight - torch.Size([192, 192, 1, 1]): 
The value is the same before and after calling `init_weights` of YOLODualNeckDetector  

backbone.stage2_1.1.main_conv.bn.weight - torch.Size([192]): 
The value is the same before and after calling `init_weights` of YOLODualNeckDetector  

backbone.stage2_1.1.main_conv.bn.bias - torch.Size([192]): 
The value is the same before and after calling `init_weights` of YOLODualNeckDetector  

backbone.stage2_1.1.final_conv.conv.weight - torch.Size([192, 576, 1, 1]): 
The value is the same before and after calling `init_weights` of YOLODualNeckDetector  

backbone.stage2_1.1.final_conv.bn.weight - torch.Size([192]): 
The value is the same before and after calling `init_weights` of YOLODualNeckDetector  

backbone.stage2_1.1.final_conv.bn.bias - torch.Size([192]): 
The value is the same before and after calling `init_weights` of YOLODualNeckDetector  

backbone.stage2_1.1.blocks.0.conv1.conv.weight - torch.Size([96, 96, 3, 3]): 
The value is the same before and after calling `init_weights` of YOLODualNeckDetector  

backbone.stage2_1.1.blocks.0.conv1.bn.weight - torch.Size([96]): 
The value is the same before and after calling `init_weights` of YOLODualNeckDetector  

backbone.stage2_1.1.blocks.0.conv1.bn.bias - torch.Size([96]): 
The value is the same before and after calling `init_weights` of YOLODualNeckDetector  

backbone.stage2_1.1.blocks.0.conv2.conv.weight - torch.Size([96, 96, 3, 3]): 
The value is the same before and after calling `init_weights` of YOLODualNeckDetector  

backbone.stage2_1.1.blocks.0.conv2.bn.weight - torch.Size([96]): 
The value is the same before and after calling `init_weights` of YOLODualNeckDetector  

backbone.stage2_1.1.blocks.0.conv2.bn.bias - torch.Size([96]): 
The value is the same before and after calling `init_weights` of YOLODualNeckDetector  

backbone.stage2_1.1.blocks.1.conv1.conv.weight - torch.Size([96, 96, 3, 3]): 
The value is the same before and after calling `init_weights` of YOLODualNeckDetector  

backbone.stage2_1.1.blocks.1.conv1.bn.weight - torch.Size([96]): 
The value is the same before and after calling `init_weights` of YOLODualNeckDetector  

backbone.stage2_1.1.blocks.1.conv1.bn.bias - torch.Size([96]): 
The value is the same before and after calling `init_weights` of YOLODualNeckDetector  

backbone.stage2_1.1.blocks.1.conv2.conv.weight - torch.Size([96, 96, 3, 3]): 
The value is the same before and after calling `init_weights` of YOLODualNeckDetector  

backbone.stage2_1.1.blocks.1.conv2.bn.weight - torch.Size([96]): 
The value is the same before and after calling `init_weights` of YOLODualNeckDetector  

backbone.stage2_1.1.blocks.1.conv2.bn.bias - torch.Size([96]): 
The value is the same before and after calling `init_weights` of YOLODualNeckDetector  

backbone.stage2_1.1.blocks.2.conv1.conv.weight - torch.Size([96, 96, 3, 3]): 
The value is the same before and after calling `init_weights` of YOLODualNeckDetector  

backbone.stage2_1.1.blocks.2.conv1.bn.weight - torch.Size([96]): 
The value is the same before and after calling `init_weights` of YOLODualNeckDetector  

backbone.stage2_1.1.blocks.2.conv1.bn.bias - torch.Size([96]): 
The value is the same before and after calling `init_weights` of YOLODualNeckDetector  

backbone.stage2_1.1.blocks.2.conv2.conv.weight - torch.Size([96, 96, 3, 3]): 
The value is the same before and after calling `init_weights` of YOLODualNeckDetector  

backbone.stage2_1.1.blocks.2.conv2.bn.weight - torch.Size([96]): 
The value is the same before and after calling `init_weights` of YOLODualNeckDetector  

backbone.stage2_1.1.blocks.2.conv2.bn.bias - torch.Size([96]): 
The value is the same before and after calling `init_weights` of YOLODualNeckDetector  

backbone.stage2_1.1.blocks.3.conv1.conv.weight - torch.Size([96, 96, 3, 3]): 
The value is the same before and after calling `init_weights` of YOLODualNeckDetector  

backbone.stage2_1.1.blocks.3.conv1.bn.weight - torch.Size([96]): 
The value is the same before and after calling `init_weights` of YOLODualNeckDetector  

backbone.stage2_1.1.blocks.3.conv1.bn.bias - torch.Size([96]): 
The value is the same before and after calling `init_weights` of YOLODualNeckDetector  

backbone.stage2_1.1.blocks.3.conv2.conv.weight - torch.Size([96, 96, 3, 3]): 
The value is the same before and after calling `init_weights` of YOLODualNeckDetector  

backbone.stage2_1.1.blocks.3.conv2.bn.weight - torch.Size([96]): 
The value is the same before and after calling `init_weights` of YOLODualNeckDetector  

backbone.stage2_1.1.blocks.3.conv2.bn.bias - torch.Size([96]): 
The value is the same before and after calling `init_weights` of YOLODualNeckDetector  

backbone.stage2_2.0.conv.weight - torch.Size([192, 96, 3, 3]): 
The value is the same before and after calling `init_weights` of YOLODualNeckDetector  

backbone.stage2_2.0.bn.weight - torch.Size([192]): 
The value is the same before and after calling `init_weights` of YOLODualNeckDetector  

backbone.stage2_2.0.bn.bias - torch.Size([192]): 
The value is the same before and after calling `init_weights` of YOLODualNeckDetector  

backbone.stage2_2.1.main_conv.conv.weight - torch.Size([192, 192, 1, 1]): 
The value is the same before and after calling `init_weights` of YOLODualNeckDetector  

backbone.stage2_2.1.main_conv.bn.weight - torch.Size([192]): 
The value is the same before and after calling `init_weights` of YOLODualNeckDetector  

backbone.stage2_2.1.main_conv.bn.bias - torch.Size([192]): 
The value is the same before and after calling `init_weights` of YOLODualNeckDetector  

backbone.stage2_2.1.final_conv.conv.weight - torch.Size([192, 576, 1, 1]): 
The value is the same before and after calling `init_weights` of YOLODualNeckDetector  

backbone.stage2_2.1.final_conv.bn.weight - torch.Size([192]): 
The value is the same before and after calling `init_weights` of YOLODualNeckDetector  

backbone.stage2_2.1.final_conv.bn.bias - torch.Size([192]): 
The value is the same before and after calling `init_weights` of YOLODualNeckDetector  

backbone.stage2_2.1.blocks.0.conv1.conv.weight - torch.Size([96, 96, 3, 3]): 
The value is the same before and after calling `init_weights` of YOLODualNeckDetector  

backbone.stage2_2.1.blocks.0.conv1.bn.weight - torch.Size([96]): 
The value is the same before and after calling `init_weights` of YOLODualNeckDetector  

backbone.stage2_2.1.blocks.0.conv1.bn.bias - torch.Size([96]): 
The value is the same before and after calling `init_weights` of YOLODualNeckDetector  

backbone.stage2_2.1.blocks.0.conv2.conv.weight - torch.Size([96, 96, 3, 3]): 
The value is the same before and after calling `init_weights` of YOLODualNeckDetector  

backbone.stage2_2.1.blocks.0.conv2.bn.weight - torch.Size([96]): 
The value is the same before and after calling `init_weights` of YOLODualNeckDetector  

backbone.stage2_2.1.blocks.0.conv2.bn.bias - torch.Size([96]): 
The value is the same before and after calling `init_weights` of YOLODualNeckDetector  

backbone.stage2_2.1.blocks.1.conv1.conv.weight - torch.Size([96, 96, 3, 3]): 
The value is the same before and after calling `init_weights` of YOLODualNeckDetector  

backbone.stage2_2.1.blocks.1.conv1.bn.weight - torch.Size([96]): 
The value is the same before and after calling `init_weights` of YOLODualNeckDetector  

backbone.stage2_2.1.blocks.1.conv1.bn.bias - torch.Size([96]): 
The value is the same before and after calling `init_weights` of YOLODualNeckDetector  

backbone.stage2_2.1.blocks.1.conv2.conv.weight - torch.Size([96, 96, 3, 3]): 
The value is the same before and after calling `init_weights` of YOLODualNeckDetector  

backbone.stage2_2.1.blocks.1.conv2.bn.weight - torch.Size([96]): 
The value is the same before and after calling `init_weights` of YOLODualNeckDetector  

backbone.stage2_2.1.blocks.1.conv2.bn.bias - torch.Size([96]): 
The value is the same before and after calling `init_weights` of YOLODualNeckDetector  

backbone.stage2_2.1.blocks.2.conv1.conv.weight - torch.Size([96, 96, 3, 3]): 
The value is the same before and after calling `init_weights` of YOLODualNeckDetector  

backbone.stage2_2.1.blocks.2.conv1.bn.weight - torch.Size([96]): 
The value is the same before and after calling `init_weights` of YOLODualNeckDetector  

backbone.stage2_2.1.blocks.2.conv1.bn.bias - torch.Size([96]): 
The value is the same before and after calling `init_weights` of YOLODualNeckDetector  

backbone.stage2_2.1.blocks.2.conv2.conv.weight - torch.Size([96, 96, 3, 3]): 
The value is the same before and after calling `init_weights` of YOLODualNeckDetector  

backbone.stage2_2.1.blocks.2.conv2.bn.weight - torch.Size([96]): 
The value is the same before and after calling `init_weights` of YOLODualNeckDetector  

backbone.stage2_2.1.blocks.2.conv2.bn.bias - torch.Size([96]): 
The value is the same before and after calling `init_weights` of YOLODualNeckDetector  

backbone.stage2_2.1.blocks.3.conv1.conv.weight - torch.Size([96, 96, 3, 3]): 
The value is the same before and after calling `init_weights` of YOLODualNeckDetector  

backbone.stage2_2.1.blocks.3.conv1.bn.weight - torch.Size([96]): 
The value is the same before and after calling `init_weights` of YOLODualNeckDetector  

backbone.stage2_2.1.blocks.3.conv1.bn.bias - torch.Size([96]): 
The value is the same before and after calling `init_weights` of YOLODualNeckDetector  

backbone.stage2_2.1.blocks.3.conv2.conv.weight - torch.Size([96, 96, 3, 3]): 
The value is the same before and after calling `init_weights` of YOLODualNeckDetector  

backbone.stage2_2.1.blocks.3.conv2.bn.weight - torch.Size([96]): 
The value is the same before and after calling `init_weights` of YOLODualNeckDetector  

backbone.stage2_2.1.blocks.3.conv2.bn.bias - torch.Size([96]): 
The value is the same before and after calling `init_weights` of YOLODualNeckDetector  

backbone.fusion_block2.pos_embed_r - torch.Size([1, 64, 96]): 
The value is the same before and after calling `init_weights` of YOLODualNeckDetector  

backbone.fusion_block2.pos_embed_t - torch.Size([1, 64, 96]): 
The value is the same before and after calling `init_weights` of YOLODualNeckDetector  

backbone.fusion_block2.patch_embed.proj.weight - torch.Size([96, 96, 16, 20]): 
The value is the same before and after calling `init_weights` of YOLODualNeckDetector  

backbone.fusion_block2.patch_embed.proj.bias - torch.Size([96]): 
The value is the same before and after calling `init_weights` of YOLODualNeckDetector  

backbone.fusion_block2.mamba_fusion_stage.in_proj_r.weight - torch.Size([384, 96]): 
The value is the same before and after calling `init_weights` of YOLODualNeckDetector  

backbone.fusion_block2.mamba_fusion_stage.in_proj_t.weight - torch.Size([384, 96]): 
The value is the same before and after calling `init_weights` of YOLODualNeckDetector  

backbone.fusion_block2.mamba_fusion_stage.conv2d_r.0.weight - torch.Size([192, 1, 3, 3]): 
The value is the same before and after calling `init_weights` of YOLODualNeckDetector  

backbone.fusion_block2.mamba_fusion_stage.conv2d_r.0.bias - torch.Size([192]): 
The value is the same before and after calling `init_weights` of YOLODualNeckDetector  

backbone.fusion_block2.mamba_fusion_stage.conv2d_r.1.weight - torch.Size([192]): 
The value is the same before and after calling `init_weights` of YOLODualNeckDetector  

backbone.fusion_block2.mamba_fusion_stage.conv2d_r.1.bias - torch.Size([192]): 
The value is the same before and after calling `init_weights` of YOLODualNeckDetector  

backbone.fusion_block2.mamba_fusion_stage.conv2d_t.0.weight - torch.Size([192, 1, 3, 3]): 
The value is the same before and after calling `init_weights` of YOLODualNeckDetector  

backbone.fusion_block2.mamba_fusion_stage.conv2d_t.0.bias - torch.Size([192]): 
The value is the same before and after calling `init_weights` of YOLODualNeckDetector  

backbone.fusion_block2.mamba_fusion_stage.conv2d_t.1.weight - torch.Size([192]): 
The value is the same before and after calling `init_weights` of YOLODualNeckDetector  

backbone.fusion_block2.mamba_fusion_stage.conv2d_t.1.bias - torch.Size([192]): 
The value is the same before and after calling `init_weights` of YOLODualNeckDetector  

backbone.fusion_block2.mamba_fusion_stage.SSM_r_f.A_log - torch.Size([192, 32]): 
The value is the same before and after calling `init_weights` of YOLODualNeckDetector  

backbone.fusion_block2.mamba_fusion_stage.SSM_r_f.D - torch.Size([192]): 
The value is the same before and after calling `init_weights` of YOLODualNeckDetector  

backbone.fusion_block2.mamba_fusion_stage.SSM_r_f.x_proj.weight - torch.Size([76, 192]): 
The value is the same before and after calling `init_weights` of YOLODualNeckDetector  

backbone.fusion_block2.mamba_fusion_stage.SSM_r_f.dt_proj.weight - torch.Size([192, 12]): 
The value is the same before and after calling `init_weights` of YOLODualNeckDetector  

backbone.fusion_block2.mamba_fusion_stage.SSM_r_f.dt_proj.bias - torch.Size([192]): 
The value is the same before and after calling `init_weights` of YOLODualNeckDetector  

backbone.fusion_block2.mamba_fusion_stage.SSM_r_f.out_norm.weight - torch.Size([192]): 
The value is the same before and after calling `init_weights` of YOLODualNeckDetector  

backbone.fusion_block2.mamba_fusion_stage.SSM_r_f.out_norm.bias - torch.Size([192]): 
The value is the same before and after calling `init_weights` of YOLODualNeckDetector  

backbone.fusion_block2.mamba_fusion_stage.SSM_t_f.A_log - torch.Size([192, 32]): 
The value is the same before and after calling `init_weights` of YOLODualNeckDetector  

backbone.fusion_block2.mamba_fusion_stage.SSM_t_f.D - torch.Size([192]): 
The value is the same before and after calling `init_weights` of YOLODualNeckDetector  

backbone.fusion_block2.mamba_fusion_stage.SSM_t_f.x_proj.weight - torch.Size([76, 192]): 
The value is the same before and after calling `init_weights` of YOLODualNeckDetector  

backbone.fusion_block2.mamba_fusion_stage.SSM_t_f.dt_proj.weight - torch.Size([192, 12]): 
The value is the same before and after calling `init_weights` of YOLODualNeckDetector  

backbone.fusion_block2.mamba_fusion_stage.SSM_t_f.dt_proj.bias - torch.Size([192]): 
The value is the same before and after calling `init_weights` of YOLODualNeckDetector  

backbone.fusion_block2.mamba_fusion_stage.SSM_t_f.out_norm.weight - torch.Size([192]): 
The value is the same before and after calling `init_weights` of YOLODualNeckDetector  

backbone.fusion_block2.mamba_fusion_stage.SSM_t_f.out_norm.bias - torch.Size([192]): 
The value is the same before and after calling `init_weights` of YOLODualNeckDetector  

backbone.fusion_block2.mamba_fusion_stage.out_proj.weight - torch.Size([96, 192]): 
The value is the same before and after calling `init_weights` of YOLODualNeckDetector  

backbone.fusion_block2.transformer_fusion_stage.block.pos_emb_vis - torch.Size([1, 256, 96]): 
The value is the same before and after calling `init_weights` of YOLODualNeckDetector  

backbone.fusion_block2.transformer_fusion_stage.block.pos_emb_ir - torch.Size([1, 256, 96]): 
The value is the same before and after calling `init_weights` of YOLODualNeckDetector  

backbone.fusion_block2.transformer_fusion_stage.block.vis_pool_weights.w1 - torch.Size([1]): 
The value is the same before and after calling `init_weights` of YOLODualNeckDetector  

backbone.fusion_block2.transformer_fusion_stage.block.vis_pool_weights.w2 - torch.Size([1]): 
The value is the same before and after calling `init_weights` of YOLODualNeckDetector  

backbone.fusion_block2.transformer_fusion_stage.block.ir_pool_weights.w1 - torch.Size([1]): 
The value is the same before and after calling `init_weights` of YOLODualNeckDetector  

backbone.fusion_block2.transformer_fusion_stage.block.ir_pool_weights.w2 - torch.Size([1]): 
The value is the same before and after calling `init_weights` of YOLODualNeckDetector  

backbone.fusion_block2.transformer_fusion_stage.block.crosstransformer.0.ln1_vis.weight - torch.Size([96]): 
The value is the same before and after calling `init_weights` of YOLODualNeckDetector  

backbone.fusion_block2.transformer_fusion_stage.block.crosstransformer.0.ln1_vis.bias - torch.Size([96]): 
The value is the same before and after calling `init_weights` of YOLODualNeckDetector  

backbone.fusion_block2.transformer_fusion_stage.block.crosstransformer.0.ln1_ir.weight - torch.Size([96]): 
The value is the same before and after calling `init_weights` of YOLODualNeckDetector  

backbone.fusion_block2.transformer_fusion_stage.block.crosstransformer.0.ln1_ir.bias - torch.Size([96]): 
The value is the same before and after calling `init_weights` of YOLODualNeckDetector  

backbone.fusion_block2.transformer_fusion_stage.block.crosstransformer.0.que_proj_vis.weight - torch.Size([96, 96]): 
The value is the same before and after calling `init_weights` of YOLODualNeckDetector  

backbone.fusion_block2.transformer_fusion_stage.block.crosstransformer.0.que_proj_vis.bias - torch.Size([96]): 
The value is the same before and after calling `init_weights` of YOLODualNeckDetector  

backbone.fusion_block2.transformer_fusion_stage.block.crosstransformer.0.key_proj_vis.weight - torch.Size([96, 96]): 
The value is the same before and after calling `init_weights` of YOLODualNeckDetector  

backbone.fusion_block2.transformer_fusion_stage.block.crosstransformer.0.key_proj_vis.bias - torch.Size([96]): 
The value is the same before and after calling `init_weights` of YOLODualNeckDetector  

backbone.fusion_block2.transformer_fusion_stage.block.crosstransformer.0.val_proj_vis.weight - torch.Size([96, 96]): 
The value is the same before and after calling `init_weights` of YOLODualNeckDetector  

backbone.fusion_block2.transformer_fusion_stage.block.crosstransformer.0.val_proj_vis.bias - torch.Size([96]): 
The value is the same before and after calling `init_weights` of YOLODualNeckDetector  

backbone.fusion_block2.transformer_fusion_stage.block.crosstransformer.0.que_proj_ir.weight - torch.Size([96, 96]): 
The value is the same before and after calling `init_weights` of YOLODualNeckDetector  

backbone.fusion_block2.transformer_fusion_stage.block.crosstransformer.0.que_proj_ir.bias - torch.Size([96]): 
The value is the same before and after calling `init_weights` of YOLODualNeckDetector  

backbone.fusion_block2.transformer_fusion_stage.block.crosstransformer.0.key_proj_ir.weight - torch.Size([96, 96]): 
The value is the same before and after calling `init_weights` of YOLODualNeckDetector  

backbone.fusion_block2.transformer_fusion_stage.block.crosstransformer.0.key_proj_ir.bias - torch.Size([96]): 
The value is the same before and after calling `init_weights` of YOLODualNeckDetector  

backbone.fusion_block2.transformer_fusion_stage.block.crosstransformer.0.val_proj_ir.weight - torch.Size([96, 96]): 
The value is the same before and after calling `init_weights` of YOLODualNeckDetector  

backbone.fusion_block2.transformer_fusion_stage.block.crosstransformer.0.val_proj_ir.bias - torch.Size([96]): 
The value is the same before and after calling `init_weights` of YOLODualNeckDetector  

backbone.fusion_block2.transformer_fusion_stage.block.crosstransformer.0.crossatt.out_proj_vis.weight - torch.Size([96, 96]): 
The value is the same before and after calling `init_weights` of YOLODualNeckDetector  

backbone.fusion_block2.transformer_fusion_stage.block.crosstransformer.0.crossatt.out_proj_vis.bias - torch.Size([96]): 
The value is the same before and after calling `init_weights` of YOLODualNeckDetector  

backbone.fusion_block2.transformer_fusion_stage.block.crosstransformer.0.crossatt.out_proj_ir.weight - torch.Size([96, 96]): 
The value is the same before and after calling `init_weights` of YOLODualNeckDetector  

backbone.fusion_block2.transformer_fusion_stage.block.crosstransformer.0.crossatt.out_proj_ir.bias - torch.Size([96]): 
The value is the same before and after calling `init_weights` of YOLODualNeckDetector  

backbone.fusion_block2.transformer_fusion_stage.block.crosstransformer.0.ln2_vis.weight - torch.Size([96]): 
The value is the same before and after calling `init_weights` of YOLODualNeckDetector  

backbone.fusion_block2.transformer_fusion_stage.block.crosstransformer.0.ln2_vis.bias - torch.Size([96]): 
The value is the same before and after calling `init_weights` of YOLODualNeckDetector  

backbone.fusion_block2.transformer_fusion_stage.block.crosstransformer.0.ln2_ir.weight - torch.Size([96]): 
The value is the same before and after calling `init_weights` of YOLODualNeckDetector  

backbone.fusion_block2.transformer_fusion_stage.block.crosstransformer.0.ln2_ir.bias - torch.Size([96]): 
The value is the same before and after calling `init_weights` of YOLODualNeckDetector  

backbone.fusion_block2.transformer_fusion_stage.block.crosstransformer.0.mlp_vis.0.weight - torch.Size([384, 96]): 
The value is the same before and after calling `init_weights` of YOLODualNeckDetector  

backbone.fusion_block2.transformer_fusion_stage.block.crosstransformer.0.mlp_vis.0.bias - torch.Size([384]): 
The value is the same before and after calling `init_weights` of YOLODualNeckDetector  

backbone.fusion_block2.transformer_fusion_stage.block.crosstransformer.0.mlp_vis.2.weight - torch.Size([96, 384]): 
The value is the same before and after calling `init_weights` of YOLODualNeckDetector  

backbone.fusion_block2.transformer_fusion_stage.block.crosstransformer.0.mlp_vis.2.bias - torch.Size([96]): 
The value is the same before and after calling `init_weights` of YOLODualNeckDetector  

backbone.fusion_block2.transformer_fusion_stage.block.crosstransformer.0.mlp_ir.0.weight - torch.Size([384, 96]): 
The value is the same before and after calling `init_weights` of YOLODualNeckDetector  

backbone.fusion_block2.transformer_fusion_stage.block.crosstransformer.0.mlp_ir.0.bias - torch.Size([384]): 
The value is the same before and after calling `init_weights` of YOLODualNeckDetector  

backbone.fusion_block2.transformer_fusion_stage.block.crosstransformer.0.mlp_ir.2.weight - torch.Size([96, 384]): 
The value is the same before and after calling `init_weights` of YOLODualNeckDetector  

backbone.fusion_block2.transformer_fusion_stage.block.crosstransformer.0.mlp_ir.2.bias - torch.Size([96]): 
The value is the same before and after calling `init_weights` of YOLODualNeckDetector  

backbone.fusion_block2.transformer_fusion_stage.block.crosstransformer.0.coef_att_vis.bias - torch.Size([1]): 
The value is the same before and after calling `init_weights` of YOLODualNeckDetector  

backbone.fusion_block2.transformer_fusion_stage.block.crosstransformer.0.coef_mlp_vis.bias - torch.Size([1]): 
The value is the same before and after calling `init_weights` of YOLODualNeckDetector  

backbone.fusion_block2.transformer_fusion_stage.block.crosstransformer.0.coef_att_ir.bias - torch.Size([1]): 
The value is the same before and after calling `init_weights` of YOLODualNeckDetector  

backbone.fusion_block2.transformer_fusion_stage.block.crosstransformer.0.coef_mlp_ir.bias - torch.Size([1]): 
The value is the same before and after calling `init_weights` of YOLODualNeckDetector  

backbone.fusion_block2.transformer_fusion_stage.block.out_fusion_module.conv1x1_out.conv.weight - torch.Size([96, 192, 1, 1]): 
The value is the same before and after calling `init_weights` of YOLODualNeckDetector  

backbone.fusion_block2.transformer_fusion_stage.block.out_fusion_module.conv1x1_out.bn.weight - torch.Size([96]): 
The value is the same before and after calling `init_weights` of YOLODualNeckDetector  

backbone.fusion_block2.transformer_fusion_stage.block.out_fusion_module.conv1x1_out.bn.bias - torch.Size([96]): 
The value is the same before and after calling `init_weights` of YOLODualNeckDetector  

backbone.fusion_block2.transformer_fusion_stage.mw.fc1.weight - torch.Size([6, 192, 1, 1]): 
The value is the same before and after calling `init_weights` of YOLODualNeckDetector  

backbone.fusion_block2.transformer_fusion_stage.mw.fc1.bias - torch.Size([6]): 
The value is the same before and after calling `init_weights` of YOLODualNeckDetector  

backbone.fusion_block2.transformer_fusion_stage.mw.fc2.weight - torch.Size([192, 6, 1, 1]): 
The value is the same before and after calling `init_weights` of YOLODualNeckDetector  

backbone.fusion_block2.transformer_fusion_stage.mw.fc2.bias - torch.Size([192]): 
The value is the same before and after calling `init_weights` of YOLODualNeckDetector  

backbone.fusion_block2.out_fusion_module.conv1x1_out.conv.weight - torch.Size([96, 192, 1, 1]): 
The value is the same before and after calling `init_weights` of YOLODualNeckDetector  

backbone.fusion_block2.out_fusion_module.conv1x1_out.bn.weight - torch.Size([96]): 
The value is the same before and after calling `init_weights` of YOLODualNeckDetector  

backbone.fusion_block2.out_fusion_module.conv1x1_out.bn.bias - torch.Size([96]): 
The value is the same before and after calling `init_weights` of YOLODualNeckDetector  

backbone.fusion_block2.mw.fc1.weight - torch.Size([6, 192, 1, 1]): 
The value is the same before and after calling `init_weights` of YOLODualNeckDetector  

backbone.fusion_block2.mw.fc1.bias - torch.Size([6]): 
The value is the same before and after calling `init_weights` of YOLODualNeckDetector  

backbone.fusion_block2.mw.fc2.weight - torch.Size([192, 6, 1, 1]): 
The value is the same before and after calling `init_weights` of YOLODualNeckDetector  

backbone.fusion_block2.mw.fc2.bias - torch.Size([192]): 
The value is the same before and after calling `init_weights` of YOLODualNeckDetector  

backbone.stage3_1.0.conv.weight - torch.Size([384, 192, 3, 3]): 
The value is the same before and after calling `init_weights` of YOLODualNeckDetector  

backbone.stage3_1.0.bn.weight - torch.Size([384]): 
The value is the same before and after calling `init_weights` of YOLODualNeckDetector  

backbone.stage3_1.0.bn.bias - torch.Size([384]): 
The value is the same before and after calling `init_weights` of YOLODualNeckDetector  

backbone.stage3_1.1.main_conv.conv.weight - torch.Size([384, 384, 1, 1]): 
The value is the same before and after calling `init_weights` of YOLODualNeckDetector  

backbone.stage3_1.1.main_conv.bn.weight - torch.Size([384]): 
The value is the same before and after calling `init_weights` of YOLODualNeckDetector  

backbone.stage3_1.1.main_conv.bn.bias - torch.Size([384]): 
The value is the same before and after calling `init_weights` of YOLODualNeckDetector  

backbone.stage3_1.1.final_conv.conv.weight - torch.Size([384, 1152, 1, 1]): 
The value is the same before and after calling `init_weights` of YOLODualNeckDetector  

backbone.stage3_1.1.final_conv.bn.weight - torch.Size([384]): 
The value is the same before and after calling `init_weights` of YOLODualNeckDetector  

backbone.stage3_1.1.final_conv.bn.bias - torch.Size([384]): 
The value is the same before and after calling `init_weights` of YOLODualNeckDetector  

backbone.stage3_1.1.blocks.0.conv1.conv.weight - torch.Size([192, 192, 3, 3]): 
The value is the same before and after calling `init_weights` of YOLODualNeckDetector  

backbone.stage3_1.1.blocks.0.conv1.bn.weight - torch.Size([192]): 
The value is the same before and after calling `init_weights` of YOLODualNeckDetector  

backbone.stage3_1.1.blocks.0.conv1.bn.bias - torch.Size([192]): 
The value is the same before and after calling `init_weights` of YOLODualNeckDetector  

backbone.stage3_1.1.blocks.0.conv2.conv.weight - torch.Size([192, 192, 3, 3]): 
The value is the same before and after calling `init_weights` of YOLODualNeckDetector  

backbone.stage3_1.1.blocks.0.conv2.bn.weight - torch.Size([192]): 
The value is the same before and after calling `init_weights` of YOLODualNeckDetector  

backbone.stage3_1.1.blocks.0.conv2.bn.bias - torch.Size([192]): 
The value is the same before and after calling `init_weights` of YOLODualNeckDetector  

backbone.stage3_1.1.blocks.1.conv1.conv.weight - torch.Size([192, 192, 3, 3]): 
The value is the same before and after calling `init_weights` of YOLODualNeckDetector  

backbone.stage3_1.1.blocks.1.conv1.bn.weight - torch.Size([192]): 
The value is the same before and after calling `init_weights` of YOLODualNeckDetector  

backbone.stage3_1.1.blocks.1.conv1.bn.bias - torch.Size([192]): 
The value is the same before and after calling `init_weights` of YOLODualNeckDetector  

backbone.stage3_1.1.blocks.1.conv2.conv.weight - torch.Size([192, 192, 3, 3]): 
The value is the same before and after calling `init_weights` of YOLODualNeckDetector  

backbone.stage3_1.1.blocks.1.conv2.bn.weight - torch.Size([192]): 
The value is the same before and after calling `init_weights` of YOLODualNeckDetector  

backbone.stage3_1.1.blocks.1.conv2.bn.bias - torch.Size([192]): 
The value is the same before and after calling `init_weights` of YOLODualNeckDetector  

backbone.stage3_1.1.blocks.2.conv1.conv.weight - torch.Size([192, 192, 3, 3]): 
The value is the same before and after calling `init_weights` of YOLODualNeckDetector  

backbone.stage3_1.1.blocks.2.conv1.bn.weight - torch.Size([192]): 
The value is the same before and after calling `init_weights` of YOLODualNeckDetector  

backbone.stage3_1.1.blocks.2.conv1.bn.bias - torch.Size([192]): 
The value is the same before and after calling `init_weights` of YOLODualNeckDetector  

backbone.stage3_1.1.blocks.2.conv2.conv.weight - torch.Size([192, 192, 3, 3]): 
The value is the same before and after calling `init_weights` of YOLODualNeckDetector  

backbone.stage3_1.1.blocks.2.conv2.bn.weight - torch.Size([192]): 
The value is the same before and after calling `init_weights` of YOLODualNeckDetector  

backbone.stage3_1.1.blocks.2.conv2.bn.bias - torch.Size([192]): 
The value is the same before and after calling `init_weights` of YOLODualNeckDetector  

backbone.stage3_1.1.blocks.3.conv1.conv.weight - torch.Size([192, 192, 3, 3]): 
The value is the same before and after calling `init_weights` of YOLODualNeckDetector  

backbone.stage3_1.1.blocks.3.conv1.bn.weight - torch.Size([192]): 
The value is the same before and after calling `init_weights` of YOLODualNeckDetector  

backbone.stage3_1.1.blocks.3.conv1.bn.bias - torch.Size([192]): 
The value is the same before and after calling `init_weights` of YOLODualNeckDetector  

backbone.stage3_1.1.blocks.3.conv2.conv.weight - torch.Size([192, 192, 3, 3]): 
The value is the same before and after calling `init_weights` of YOLODualNeckDetector  

backbone.stage3_1.1.blocks.3.conv2.bn.weight - torch.Size([192]): 
The value is the same before and after calling `init_weights` of YOLODualNeckDetector  

backbone.stage3_1.1.blocks.3.conv2.bn.bias - torch.Size([192]): 
The value is the same before and after calling `init_weights` of YOLODualNeckDetector  

backbone.stage3_2.0.conv.weight - torch.Size([384, 192, 3, 3]): 
The value is the same before and after calling `init_weights` of YOLODualNeckDetector  

backbone.stage3_2.0.bn.weight - torch.Size([384]): 
The value is the same before and after calling `init_weights` of YOLODualNeckDetector  

backbone.stage3_2.0.bn.bias - torch.Size([384]): 
The value is the same before and after calling `init_weights` of YOLODualNeckDetector  

backbone.stage3_2.1.main_conv.conv.weight - torch.Size([384, 384, 1, 1]): 
The value is the same before and after calling `init_weights` of YOLODualNeckDetector  

backbone.stage3_2.1.main_conv.bn.weight - torch.Size([384]): 
The value is the same before and after calling `init_weights` of YOLODualNeckDetector  

backbone.stage3_2.1.main_conv.bn.bias - torch.Size([384]): 
The value is the same before and after calling `init_weights` of YOLODualNeckDetector  

backbone.stage3_2.1.final_conv.conv.weight - torch.Size([384, 1152, 1, 1]): 
The value is the same before and after calling `init_weights` of YOLODualNeckDetector  

backbone.stage3_2.1.final_conv.bn.weight - torch.Size([384]): 
The value is the same before and after calling `init_weights` of YOLODualNeckDetector  

backbone.stage3_2.1.final_conv.bn.bias - torch.Size([384]): 
The value is the same before and after calling `init_weights` of YOLODualNeckDetector  

backbone.stage3_2.1.blocks.0.conv1.conv.weight - torch.Size([192, 192, 3, 3]): 
The value is the same before and after calling `init_weights` of YOLODualNeckDetector  

backbone.stage3_2.1.blocks.0.conv1.bn.weight - torch.Size([192]): 
The value is the same before and after calling `init_weights` of YOLODualNeckDetector  

backbone.stage3_2.1.blocks.0.conv1.bn.bias - torch.Size([192]): 
The value is the same before and after calling `init_weights` of YOLODualNeckDetector  

backbone.stage3_2.1.blocks.0.conv2.conv.weight - torch.Size([192, 192, 3, 3]): 
The value is the same before and after calling `init_weights` of YOLODualNeckDetector  

backbone.stage3_2.1.blocks.0.conv2.bn.weight - torch.Size([192]): 
The value is the same before and after calling `init_weights` of YOLODualNeckDetector  

backbone.stage3_2.1.blocks.0.conv2.bn.bias - torch.Size([192]): 
The value is the same before and after calling `init_weights` of YOLODualNeckDetector  

backbone.stage3_2.1.blocks.1.conv1.conv.weight - torch.Size([192, 192, 3, 3]): 
The value is the same before and after calling `init_weights` of YOLODualNeckDetector  

backbone.stage3_2.1.blocks.1.conv1.bn.weight - torch.Size([192]): 
The value is the same before and after calling `init_weights` of YOLODualNeckDetector  

backbone.stage3_2.1.blocks.1.conv1.bn.bias - torch.Size([192]): 
The value is the same before and after calling `init_weights` of YOLODualNeckDetector  

backbone.stage3_2.1.blocks.1.conv2.conv.weight - torch.Size([192, 192, 3, 3]): 
The value is the same before and after calling `init_weights` of YOLODualNeckDetector  

backbone.stage3_2.1.blocks.1.conv2.bn.weight - torch.Size([192]): 
The value is the same before and after calling `init_weights` of YOLODualNeckDetector  

backbone.stage3_2.1.blocks.1.conv2.bn.bias - torch.Size([192]): 
The value is the same before and after calling `init_weights` of YOLODualNeckDetector  

backbone.stage3_2.1.blocks.2.conv1.conv.weight - torch.Size([192, 192, 3, 3]): 
The value is the same before and after calling `init_weights` of YOLODualNeckDetector  

backbone.stage3_2.1.blocks.2.conv1.bn.weight - torch.Size([192]): 
The value is the same before and after calling `init_weights` of YOLODualNeckDetector  

backbone.stage3_2.1.blocks.2.conv1.bn.bias - torch.Size([192]): 
The value is the same before and after calling `init_weights` of YOLODualNeckDetector  

backbone.stage3_2.1.blocks.2.conv2.conv.weight - torch.Size([192, 192, 3, 3]): 
The value is the same before and after calling `init_weights` of YOLODualNeckDetector  

backbone.stage3_2.1.blocks.2.conv2.bn.weight - torch.Size([192]): 
The value is the same before and after calling `init_weights` of YOLODualNeckDetector  

backbone.stage3_2.1.blocks.2.conv2.bn.bias - torch.Size([192]): 
The value is the same before and after calling `init_weights` of YOLODualNeckDetector  

backbone.stage3_2.1.blocks.3.conv1.conv.weight - torch.Size([192, 192, 3, 3]): 
The value is the same before and after calling `init_weights` of YOLODualNeckDetector  

backbone.stage3_2.1.blocks.3.conv1.bn.weight - torch.Size([192]): 
The value is the same before and after calling `init_weights` of YOLODualNeckDetector  

backbone.stage3_2.1.blocks.3.conv1.bn.bias - torch.Size([192]): 
The value is the same before and after calling `init_weights` of YOLODualNeckDetector  

backbone.stage3_2.1.blocks.3.conv2.conv.weight - torch.Size([192, 192, 3, 3]): 
The value is the same before and after calling `init_weights` of YOLODualNeckDetector  

backbone.stage3_2.1.blocks.3.conv2.bn.weight - torch.Size([192]): 
The value is the same before and after calling `init_weights` of YOLODualNeckDetector  

backbone.stage3_2.1.blocks.3.conv2.bn.bias - torch.Size([192]): 
The value is the same before and after calling `init_weights` of YOLODualNeckDetector  

backbone.fusion_block3.pos_embed_r - torch.Size([1, 64, 192]): 
The value is the same before and after calling `init_weights` of YOLODualNeckDetector  

backbone.fusion_block3.pos_embed_t - torch.Size([1, 64, 192]): 
The value is the same before and after calling `init_weights` of YOLODualNeckDetector  

backbone.fusion_block3.patch_embed.proj.weight - torch.Size([192, 192, 8, 10]): 
The value is the same before and after calling `init_weights` of YOLODualNeckDetector  

backbone.fusion_block3.patch_embed.proj.bias - torch.Size([192]): 
The value is the same before and after calling `init_weights` of YOLODualNeckDetector  

backbone.fusion_block3.mamba_fusion_stage.in_proj_r.weight - torch.Size([768, 192]): 
The value is the same before and after calling `init_weights` of YOLODualNeckDetector  

backbone.fusion_block3.mamba_fusion_stage.in_proj_t.weight - torch.Size([768, 192]): 
The value is the same before and after calling `init_weights` of YOLODualNeckDetector  

backbone.fusion_block3.mamba_fusion_stage.conv2d_r.0.weight - torch.Size([384, 1, 3, 3]): 
The value is the same before and after calling `init_weights` of YOLODualNeckDetector  

backbone.fusion_block3.mamba_fusion_stage.conv2d_r.0.bias - torch.Size([384]): 
The value is the same before and after calling `init_weights` of YOLODualNeckDetector  

backbone.fusion_block3.mamba_fusion_stage.conv2d_r.1.weight - torch.Size([384]): 
The value is the same before and after calling `init_weights` of YOLODualNeckDetector  

backbone.fusion_block3.mamba_fusion_stage.conv2d_r.1.bias - torch.Size([384]): 
The value is the same before and after calling `init_weights` of YOLODualNeckDetector  

backbone.fusion_block3.mamba_fusion_stage.conv2d_t.0.weight - torch.Size([384, 1, 3, 3]): 
The value is the same before and after calling `init_weights` of YOLODualNeckDetector  

backbone.fusion_block3.mamba_fusion_stage.conv2d_t.0.bias - torch.Size([384]): 
The value is the same before and after calling `init_weights` of YOLODualNeckDetector  

backbone.fusion_block3.mamba_fusion_stage.conv2d_t.1.weight - torch.Size([384]): 
The value is the same before and after calling `init_weights` of YOLODualNeckDetector  

backbone.fusion_block3.mamba_fusion_stage.conv2d_t.1.bias - torch.Size([384]): 
The value is the same before and after calling `init_weights` of YOLODualNeckDetector  

backbone.fusion_block3.mamba_fusion_stage.SSM_r_f.A_log - torch.Size([384, 64]): 
The value is the same before and after calling `init_weights` of YOLODualNeckDetector  

backbone.fusion_block3.mamba_fusion_stage.SSM_r_f.D - torch.Size([384]): 
The value is the same before and after calling `init_weights` of YOLODualNeckDetector  

backbone.fusion_block3.mamba_fusion_stage.SSM_r_f.x_proj.weight - torch.Size([152, 384]): 
The value is the same before and after calling `init_weights` of YOLODualNeckDetector  

backbone.fusion_block3.mamba_fusion_stage.SSM_r_f.dt_proj.weight - torch.Size([384, 24]): 
The value is the same before and after calling `init_weights` of YOLODualNeckDetector  

backbone.fusion_block3.mamba_fusion_stage.SSM_r_f.dt_proj.bias - torch.Size([384]): 
The value is the same before and after calling `init_weights` of YOLODualNeckDetector  

backbone.fusion_block3.mamba_fusion_stage.SSM_r_f.out_norm.weight - torch.Size([384]): 
The value is the same before and after calling `init_weights` of YOLODualNeckDetector  

backbone.fusion_block3.mamba_fusion_stage.SSM_r_f.out_norm.bias - torch.Size([384]): 
The value is the same before and after calling `init_weights` of YOLODualNeckDetector  

backbone.fusion_block3.mamba_fusion_stage.SSM_t_f.A_log - torch.Size([384, 64]): 
The value is the same before and after calling `init_weights` of YOLODualNeckDetector  

backbone.fusion_block3.mamba_fusion_stage.SSM_t_f.D - torch.Size([384]): 
The value is the same before and after calling `init_weights` of YOLODualNeckDetector  

backbone.fusion_block3.mamba_fusion_stage.SSM_t_f.x_proj.weight - torch.Size([152, 384]): 
The value is the same before and after calling `init_weights` of YOLODualNeckDetector  

backbone.fusion_block3.mamba_fusion_stage.SSM_t_f.dt_proj.weight - torch.Size([384, 24]): 
The value is the same before and after calling `init_weights` of YOLODualNeckDetector  

backbone.fusion_block3.mamba_fusion_stage.SSM_t_f.dt_proj.bias - torch.Size([384]): 
The value is the same before and after calling `init_weights` of YOLODualNeckDetector  

backbone.fusion_block3.mamba_fusion_stage.SSM_t_f.out_norm.weight - torch.Size([384]): 
The value is the same before and after calling `init_weights` of YOLODualNeckDetector  

backbone.fusion_block3.mamba_fusion_stage.SSM_t_f.out_norm.bias - torch.Size([384]): 
The value is the same before and after calling `init_weights` of YOLODualNeckDetector  

backbone.fusion_block3.mamba_fusion_stage.out_proj.weight - torch.Size([192, 384]): 
The value is the same before and after calling `init_weights` of YOLODualNeckDetector  

backbone.fusion_block3.transformer_fusion_stage.block.pos_emb_vis - torch.Size([1, 100, 192]): 
The value is the same before and after calling `init_weights` of YOLODualNeckDetector  

backbone.fusion_block3.transformer_fusion_stage.block.pos_emb_ir - torch.Size([1, 100, 192]): 
The value is the same before and after calling `init_weights` of YOLODualNeckDetector  

backbone.fusion_block3.transformer_fusion_stage.block.vis_pool_weights.w1 - torch.Size([1]): 
The value is the same before and after calling `init_weights` of YOLODualNeckDetector  

backbone.fusion_block3.transformer_fusion_stage.block.vis_pool_weights.w2 - torch.Size([1]): 
The value is the same before and after calling `init_weights` of YOLODualNeckDetector  

backbone.fusion_block3.transformer_fusion_stage.block.ir_pool_weights.w1 - torch.Size([1]): 
The value is the same before and after calling `init_weights` of YOLODualNeckDetector  

backbone.fusion_block3.transformer_fusion_stage.block.ir_pool_weights.w2 - torch.Size([1]): 
The value is the same before and after calling `init_weights` of YOLODualNeckDetector  

backbone.fusion_block3.transformer_fusion_stage.block.crosstransformer.0.ln1_vis.weight - torch.Size([192]): 
The value is the same before and after calling `init_weights` of YOLODualNeckDetector  

backbone.fusion_block3.transformer_fusion_stage.block.crosstransformer.0.ln1_vis.bias - torch.Size([192]): 
The value is the same before and after calling `init_weights` of YOLODualNeckDetector  

backbone.fusion_block3.transformer_fusion_stage.block.crosstransformer.0.ln1_ir.weight - torch.Size([192]): 
The value is the same before and after calling `init_weights` of YOLODualNeckDetector  

backbone.fusion_block3.transformer_fusion_stage.block.crosstransformer.0.ln1_ir.bias - torch.Size([192]): 
The value is the same before and after calling `init_weights` of YOLODualNeckDetector  

backbone.fusion_block3.transformer_fusion_stage.block.crosstransformer.0.que_proj_vis.weight - torch.Size([192, 192]): 
The value is the same before and after calling `init_weights` of YOLODualNeckDetector  

backbone.fusion_block3.transformer_fusion_stage.block.crosstransformer.0.que_proj_vis.bias - torch.Size([192]): 
The value is the same before and after calling `init_weights` of YOLODualNeckDetector  

backbone.fusion_block3.transformer_fusion_stage.block.crosstransformer.0.key_proj_vis.weight - torch.Size([192, 192]): 
The value is the same before and after calling `init_weights` of YOLODualNeckDetector  

backbone.fusion_block3.transformer_fusion_stage.block.crosstransformer.0.key_proj_vis.bias - torch.Size([192]): 
The value is the same before and after calling `init_weights` of YOLODualNeckDetector  

backbone.fusion_block3.transformer_fusion_stage.block.crosstransformer.0.val_proj_vis.weight - torch.Size([192, 192]): 
The value is the same before and after calling `init_weights` of YOLODualNeckDetector  

backbone.fusion_block3.transformer_fusion_stage.block.crosstransformer.0.val_proj_vis.bias - torch.Size([192]): 
The value is the same before and after calling `init_weights` of YOLODualNeckDetector  

backbone.fusion_block3.transformer_fusion_stage.block.crosstransformer.0.que_proj_ir.weight - torch.Size([192, 192]): 
The value is the same before and after calling `init_weights` of YOLODualNeckDetector  

backbone.fusion_block3.transformer_fusion_stage.block.crosstransformer.0.que_proj_ir.bias - torch.Size([192]): 
The value is the same before and after calling `init_weights` of YOLODualNeckDetector  

backbone.fusion_block3.transformer_fusion_stage.block.crosstransformer.0.key_proj_ir.weight - torch.Size([192, 192]): 
The value is the same before and after calling `init_weights` of YOLODualNeckDetector  

backbone.fusion_block3.transformer_fusion_stage.block.crosstransformer.0.key_proj_ir.bias - torch.Size([192]): 
The value is the same before and after calling `init_weights` of YOLODualNeckDetector  

backbone.fusion_block3.transformer_fusion_stage.block.crosstransformer.0.val_proj_ir.weight - torch.Size([192, 192]): 
The value is the same before and after calling `init_weights` of YOLODualNeckDetector  

backbone.fusion_block3.transformer_fusion_stage.block.crosstransformer.0.val_proj_ir.bias - torch.Size([192]): 
The value is the same before and after calling `init_weights` of YOLODualNeckDetector  

backbone.fusion_block3.transformer_fusion_stage.block.crosstransformer.0.crossatt.out_proj_vis.weight - torch.Size([192, 192]): 
The value is the same before and after calling `init_weights` of YOLODualNeckDetector  

backbone.fusion_block3.transformer_fusion_stage.block.crosstransformer.0.crossatt.out_proj_vis.bias - torch.Size([192]): 
The value is the same before and after calling `init_weights` of YOLODualNeckDetector  

backbone.fusion_block3.transformer_fusion_stage.block.crosstransformer.0.crossatt.out_proj_ir.weight - torch.Size([192, 192]): 
The value is the same before and after calling `init_weights` of YOLODualNeckDetector  

backbone.fusion_block3.transformer_fusion_stage.block.crosstransformer.0.crossatt.out_proj_ir.bias - torch.Size([192]): 
The value is the same before and after calling `init_weights` of YOLODualNeckDetector  

backbone.fusion_block3.transformer_fusion_stage.block.crosstransformer.0.ln2_vis.weight - torch.Size([192]): 
The value is the same before and after calling `init_weights` of YOLODualNeckDetector  

backbone.fusion_block3.transformer_fusion_stage.block.crosstransformer.0.ln2_vis.bias - torch.Size([192]): 
The value is the same before and after calling `init_weights` of YOLODualNeckDetector  

backbone.fusion_block3.transformer_fusion_stage.block.crosstransformer.0.ln2_ir.weight - torch.Size([192]): 
The value is the same before and after calling `init_weights` of YOLODualNeckDetector  

backbone.fusion_block3.transformer_fusion_stage.block.crosstransformer.0.ln2_ir.bias - torch.Size([192]): 
The value is the same before and after calling `init_weights` of YOLODualNeckDetector  

backbone.fusion_block3.transformer_fusion_stage.block.crosstransformer.0.mlp_vis.0.weight - torch.Size([768, 192]): 
The value is the same before and after calling `init_weights` of YOLODualNeckDetector  

backbone.fusion_block3.transformer_fusion_stage.block.crosstransformer.0.mlp_vis.0.bias - torch.Size([768]): 
The value is the same before and after calling `init_weights` of YOLODualNeckDetector  

backbone.fusion_block3.transformer_fusion_stage.block.crosstransformer.0.mlp_vis.2.weight - torch.Size([192, 768]): 
The value is the same before and after calling `init_weights` of YOLODualNeckDetector  

backbone.fusion_block3.transformer_fusion_stage.block.crosstransformer.0.mlp_vis.2.bias - torch.Size([192]): 
The value is the same before and after calling `init_weights` of YOLODualNeckDetector  

backbone.fusion_block3.transformer_fusion_stage.block.crosstransformer.0.mlp_ir.0.weight - torch.Size([768, 192]): 
The value is the same before and after calling `init_weights` of YOLODualNeckDetector  

backbone.fusion_block3.transformer_fusion_stage.block.crosstransformer.0.mlp_ir.0.bias - torch.Size([768]): 
The value is the same before and after calling `init_weights` of YOLODualNeckDetector  

backbone.fusion_block3.transformer_fusion_stage.block.crosstransformer.0.mlp_ir.2.weight - torch.Size([192, 768]): 
The value is the same before and after calling `init_weights` of YOLODualNeckDetector  

backbone.fusion_block3.transformer_fusion_stage.block.crosstransformer.0.mlp_ir.2.bias - torch.Size([192]): 
The value is the same before and after calling `init_weights` of YOLODualNeckDetector  

backbone.fusion_block3.transformer_fusion_stage.block.crosstransformer.0.coef_att_vis.bias - torch.Size([1]): 
The value is the same before and after calling `init_weights` of YOLODualNeckDetector  

backbone.fusion_block3.transformer_fusion_stage.block.crosstransformer.0.coef_mlp_vis.bias - torch.Size([1]): 
The value is the same before and after calling `init_weights` of YOLODualNeckDetector  

backbone.fusion_block3.transformer_fusion_stage.block.crosstransformer.0.coef_att_ir.bias - torch.Size([1]): 
The value is the same before and after calling `init_weights` of YOLODualNeckDetector  

backbone.fusion_block3.transformer_fusion_stage.block.crosstransformer.0.coef_mlp_ir.bias - torch.Size([1]): 
The value is the same before and after calling `init_weights` of YOLODualNeckDetector  

backbone.fusion_block3.transformer_fusion_stage.block.out_fusion_module.conv1x1_out.conv.weight - torch.Size([192, 384, 1, 1]): 
The value is the same before and after calling `init_weights` of YOLODualNeckDetector  

backbone.fusion_block3.transformer_fusion_stage.block.out_fusion_module.conv1x1_out.bn.weight - torch.Size([192]): 
The value is the same before and after calling `init_weights` of YOLODualNeckDetector  

backbone.fusion_block3.transformer_fusion_stage.block.out_fusion_module.conv1x1_out.bn.bias - torch.Size([192]): 
The value is the same before and after calling `init_weights` of YOLODualNeckDetector  

backbone.fusion_block3.transformer_fusion_stage.mw.fc1.weight - torch.Size([12, 384, 1, 1]): 
The value is the same before and after calling `init_weights` of YOLODualNeckDetector  

backbone.fusion_block3.transformer_fusion_stage.mw.fc1.bias - torch.Size([12]): 
The value is the same before and after calling `init_weights` of YOLODualNeckDetector  

backbone.fusion_block3.transformer_fusion_stage.mw.fc2.weight - torch.Size([384, 12, 1, 1]): 
The value is the same before and after calling `init_weights` of YOLODualNeckDetector  

backbone.fusion_block3.transformer_fusion_stage.mw.fc2.bias - torch.Size([384]): 
The value is the same before and after calling `init_weights` of YOLODualNeckDetector  

backbone.fusion_block3.out_fusion_module.conv1x1_out.conv.weight - torch.Size([192, 384, 1, 1]): 
The value is the same before and after calling `init_weights` of YOLODualNeckDetector  

backbone.fusion_block3.out_fusion_module.conv1x1_out.bn.weight - torch.Size([192]): 
The value is the same before and after calling `init_weights` of YOLODualNeckDetector  

backbone.fusion_block3.out_fusion_module.conv1x1_out.bn.bias - torch.Size([192]): 
The value is the same before and after calling `init_weights` of YOLODualNeckDetector  

backbone.fusion_block3.mw.fc1.weight - torch.Size([12, 384, 1, 1]): 
The value is the same before and after calling `init_weights` of YOLODualNeckDetector  

backbone.fusion_block3.mw.fc1.bias - torch.Size([12]): 
The value is the same before and after calling `init_weights` of YOLODualNeckDetector  

backbone.fusion_block3.mw.fc2.weight - torch.Size([384, 12, 1, 1]): 
The value is the same before and after calling `init_weights` of YOLODualNeckDetector  

backbone.fusion_block3.mw.fc2.bias - torch.Size([384]): 
The value is the same before and after calling `init_weights` of YOLODualNeckDetector  

backbone.stage4_1.0.conv.weight - torch.Size([768, 384, 3, 3]): 
The value is the same before and after calling `init_weights` of YOLODualNeckDetector  

backbone.stage4_1.0.bn.weight - torch.Size([768]): 
The value is the same before and after calling `init_weights` of YOLODualNeckDetector  

backbone.stage4_1.0.bn.bias - torch.Size([768]): 
The value is the same before and after calling `init_weights` of YOLODualNeckDetector  

backbone.stage4_1.1.main_conv.conv.weight - torch.Size([768, 768, 1, 1]): 
The value is the same before and after calling `init_weights` of YOLODualNeckDetector  

backbone.stage4_1.1.main_conv.bn.weight - torch.Size([768]): 
The value is the same before and after calling `init_weights` of YOLODualNeckDetector  

backbone.stage4_1.1.main_conv.bn.bias - torch.Size([768]): 
The value is the same before and after calling `init_weights` of YOLODualNeckDetector  

backbone.stage4_1.1.final_conv.conv.weight - torch.Size([768, 1536, 1, 1]): 
The value is the same before and after calling `init_weights` of YOLODualNeckDetector  

backbone.stage4_1.1.final_conv.bn.weight - torch.Size([768]): 
The value is the same before and after calling `init_weights` of YOLODualNeckDetector  

backbone.stage4_1.1.final_conv.bn.bias - torch.Size([768]): 
The value is the same before and after calling `init_weights` of YOLODualNeckDetector  

backbone.stage4_1.1.blocks.0.conv1.conv.weight - torch.Size([384, 384, 3, 3]): 
The value is the same before and after calling `init_weights` of YOLODualNeckDetector  

backbone.stage4_1.1.blocks.0.conv1.bn.weight - torch.Size([384]): 
The value is the same before and after calling `init_weights` of YOLODualNeckDetector  

backbone.stage4_1.1.blocks.0.conv1.bn.bias - torch.Size([384]): 
The value is the same before and after calling `init_weights` of YOLODualNeckDetector  

backbone.stage4_1.1.blocks.0.conv2.conv.weight - torch.Size([384, 384, 3, 3]): 
The value is the same before and after calling `init_weights` of YOLODualNeckDetector  

backbone.stage4_1.1.blocks.0.conv2.bn.weight - torch.Size([384]): 
The value is the same before and after calling `init_weights` of YOLODualNeckDetector  

backbone.stage4_1.1.blocks.0.conv2.bn.bias - torch.Size([384]): 
The value is the same before and after calling `init_weights` of YOLODualNeckDetector  

backbone.stage4_1.1.blocks.1.conv1.conv.weight - torch.Size([384, 384, 3, 3]): 
The value is the same before and after calling `init_weights` of YOLODualNeckDetector  

backbone.stage4_1.1.blocks.1.conv1.bn.weight - torch.Size([384]): 
The value is the same before and after calling `init_weights` of YOLODualNeckDetector  

backbone.stage4_1.1.blocks.1.conv1.bn.bias - torch.Size([384]): 
The value is the same before and after calling `init_weights` of YOLODualNeckDetector  

backbone.stage4_1.1.blocks.1.conv2.conv.weight - torch.Size([384, 384, 3, 3]): 
The value is the same before and after calling `init_weights` of YOLODualNeckDetector  

backbone.stage4_1.1.blocks.1.conv2.bn.weight - torch.Size([384]): 
The value is the same before and after calling `init_weights` of YOLODualNeckDetector  

backbone.stage4_1.1.blocks.1.conv2.bn.bias - torch.Size([384]): 
The value is the same before and after calling `init_weights` of YOLODualNeckDetector  

backbone.stage4_1.2.conv1.conv.weight - torch.Size([384, 768, 1, 1]): 
The value is the same before and after calling `init_weights` of YOLODualNeckDetector  

backbone.stage4_1.2.conv1.bn.weight - torch.Size([384]): 
The value is the same before and after calling `init_weights` of YOLODualNeckDetector  

backbone.stage4_1.2.conv1.bn.bias - torch.Size([384]): 
The value is the same before and after calling `init_weights` of YOLODualNeckDetector  

backbone.stage4_1.2.conv2.conv.weight - torch.Size([768, 1536, 1, 1]): 
The value is the same before and after calling `init_weights` of YOLODualNeckDetector  

backbone.stage4_1.2.conv2.bn.weight - torch.Size([768]): 
The value is the same before and after calling `init_weights` of YOLODualNeckDetector  

backbone.stage4_1.2.conv2.bn.bias - torch.Size([768]): 
The value is the same before and after calling `init_weights` of YOLODualNeckDetector  

backbone.stage4_2.0.conv.weight - torch.Size([768, 384, 3, 3]): 
The value is the same before and after calling `init_weights` of YOLODualNeckDetector  

backbone.stage4_2.0.bn.weight - torch.Size([768]): 
The value is the same before and after calling `init_weights` of YOLODualNeckDetector  

backbone.stage4_2.0.bn.bias - torch.Size([768]): 
The value is the same before and after calling `init_weights` of YOLODualNeckDetector  

backbone.stage4_2.1.main_conv.conv.weight - torch.Size([768, 768, 1, 1]): 
The value is the same before and after calling `init_weights` of YOLODualNeckDetector  

backbone.stage4_2.1.main_conv.bn.weight - torch.Size([768]): 
The value is the same before and after calling `init_weights` of YOLODualNeckDetector  

backbone.stage4_2.1.main_conv.bn.bias - torch.Size([768]): 
The value is the same before and after calling `init_weights` of YOLODualNeckDetector  

backbone.stage4_2.1.final_conv.conv.weight - torch.Size([768, 1536, 1, 1]): 
The value is the same before and after calling `init_weights` of YOLODualNeckDetector  

backbone.stage4_2.1.final_conv.bn.weight - torch.Size([768]): 
The value is the same before and after calling `init_weights` of YOLODualNeckDetector  

backbone.stage4_2.1.final_conv.bn.bias - torch.Size([768]): 
The value is the same before and after calling `init_weights` of YOLODualNeckDetector  

backbone.stage4_2.1.blocks.0.conv1.conv.weight - torch.Size([384, 384, 3, 3]): 
The value is the same before and after calling `init_weights` of YOLODualNeckDetector  

backbone.stage4_2.1.blocks.0.conv1.bn.weight - torch.Size([384]): 
The value is the same before and after calling `init_weights` of YOLODualNeckDetector  

backbone.stage4_2.1.blocks.0.conv1.bn.bias - torch.Size([384]): 
The value is the same before and after calling `init_weights` of YOLODualNeckDetector  

backbone.stage4_2.1.blocks.0.conv2.conv.weight - torch.Size([384, 384, 3, 3]): 
The value is the same before and after calling `init_weights` of YOLODualNeckDetector  

backbone.stage4_2.1.blocks.0.conv2.bn.weight - torch.Size([384]): 
The value is the same before and after calling `init_weights` of YOLODualNeckDetector  

backbone.stage4_2.1.blocks.0.conv2.bn.bias - torch.Size([384]): 
The value is the same before and after calling `init_weights` of YOLODualNeckDetector  

backbone.stage4_2.1.blocks.1.conv1.conv.weight - torch.Size([384, 384, 3, 3]): 
The value is the same before and after calling `init_weights` of YOLODualNeckDetector  

backbone.stage4_2.1.blocks.1.conv1.bn.weight - torch.Size([384]): 
The value is the same before and after calling `init_weights` of YOLODualNeckDetector  

backbone.stage4_2.1.blocks.1.conv1.bn.bias - torch.Size([384]): 
The value is the same before and after calling `init_weights` of YOLODualNeckDetector  

backbone.stage4_2.1.blocks.1.conv2.conv.weight - torch.Size([384, 384, 3, 3]): 
The value is the same before and after calling `init_weights` of YOLODualNeckDetector  

backbone.stage4_2.1.blocks.1.conv2.bn.weight - torch.Size([384]): 
The value is the same before and after calling `init_weights` of YOLODualNeckDetector  

backbone.stage4_2.1.blocks.1.conv2.bn.bias - torch.Size([384]): 
The value is the same before and after calling `init_weights` of YOLODualNeckDetector  

backbone.stage4_2.2.conv1.conv.weight - torch.Size([384, 768, 1, 1]): 
The value is the same before and after calling `init_weights` of YOLODualNeckDetector  

backbone.stage4_2.2.conv1.bn.weight - torch.Size([384]): 
The value is the same before and after calling `init_weights` of YOLODualNeckDetector  

backbone.stage4_2.2.conv1.bn.bias - torch.Size([384]): 
The value is the same before and after calling `init_weights` of YOLODualNeckDetector  

backbone.stage4_2.2.conv2.conv.weight - torch.Size([768, 1536, 1, 1]): 
The value is the same before and after calling `init_weights` of YOLODualNeckDetector  

backbone.stage4_2.2.conv2.bn.weight - torch.Size([768]): 
The value is the same before and after calling `init_weights` of YOLODualNeckDetector  

backbone.stage4_2.2.conv2.bn.bias - torch.Size([768]): 
The value is the same before and after calling `init_weights` of YOLODualNeckDetector  

backbone.fusion_block4.pos_embed_r - torch.Size([1, 64, 384]): 
The value is the same before and after calling `init_weights` of YOLODualNeckDetector  

backbone.fusion_block4.pos_embed_t - torch.Size([1, 64, 384]): 
The value is the same before and after calling `init_weights` of YOLODualNeckDetector  

backbone.fusion_block4.patch_embed.proj.weight - torch.Size([384, 384, 4, 5]): 
The value is the same before and after calling `init_weights` of YOLODualNeckDetector  

backbone.fusion_block4.patch_embed.proj.bias - torch.Size([384]): 
The value is the same before and after calling `init_weights` of YOLODualNeckDetector  

backbone.fusion_block4.mamba_fusion_stage.in_proj_r.weight - torch.Size([1536, 384]): 
The value is the same before and after calling `init_weights` of YOLODualNeckDetector  

backbone.fusion_block4.mamba_fusion_stage.in_proj_t.weight - torch.Size([1536, 384]): 
The value is the same before and after calling `init_weights` of YOLODualNeckDetector  

backbone.fusion_block4.mamba_fusion_stage.conv2d_r.0.weight - torch.Size([768, 1, 3, 3]): 
The value is the same before and after calling `init_weights` of YOLODualNeckDetector  

backbone.fusion_block4.mamba_fusion_stage.conv2d_r.0.bias - torch.Size([768]): 
The value is the same before and after calling `init_weights` of YOLODualNeckDetector  

backbone.fusion_block4.mamba_fusion_stage.conv2d_r.1.weight - torch.Size([768]): 
The value is the same before and after calling `init_weights` of YOLODualNeckDetector  

backbone.fusion_block4.mamba_fusion_stage.conv2d_r.1.bias - torch.Size([768]): 
The value is the same before and after calling `init_weights` of YOLODualNeckDetector  

backbone.fusion_block4.mamba_fusion_stage.conv2d_t.0.weight - torch.Size([768, 1, 3, 3]): 
The value is the same before and after calling `init_weights` of YOLODualNeckDetector  

backbone.fusion_block4.mamba_fusion_stage.conv2d_t.0.bias - torch.Size([768]): 
The value is the same before and after calling `init_weights` of YOLODualNeckDetector  

backbone.fusion_block4.mamba_fusion_stage.conv2d_t.1.weight - torch.Size([768]): 
The value is the same before and after calling `init_weights` of YOLODualNeckDetector  

backbone.fusion_block4.mamba_fusion_stage.conv2d_t.1.bias - torch.Size([768]): 
The value is the same before and after calling `init_weights` of YOLODualNeckDetector  

backbone.fusion_block4.mamba_fusion_stage.SSM_r_f.A_log - torch.Size([768, 128]): 
The value is the same before and after calling `init_weights` of YOLODualNeckDetector  

backbone.fusion_block4.mamba_fusion_stage.SSM_r_f.D - torch.Size([768]): 
The value is the same before and after calling `init_weights` of YOLODualNeckDetector  

backbone.fusion_block4.mamba_fusion_stage.SSM_r_f.x_proj.weight - torch.Size([304, 768]): 
The value is the same before and after calling `init_weights` of YOLODualNeckDetector  

backbone.fusion_block4.mamba_fusion_stage.SSM_r_f.dt_proj.weight - torch.Size([768, 48]): 
The value is the same before and after calling `init_weights` of YOLODualNeckDetector  

backbone.fusion_block4.mamba_fusion_stage.SSM_r_f.dt_proj.bias - torch.Size([768]): 
The value is the same before and after calling `init_weights` of YOLODualNeckDetector  

backbone.fusion_block4.mamba_fusion_stage.SSM_r_f.out_norm.weight - torch.Size([768]): 
The value is the same before and after calling `init_weights` of YOLODualNeckDetector  

backbone.fusion_block4.mamba_fusion_stage.SSM_r_f.out_norm.bias - torch.Size([768]): 
The value is the same before and after calling `init_weights` of YOLODualNeckDetector  

backbone.fusion_block4.mamba_fusion_stage.SSM_t_f.A_log - torch.Size([768, 128]): 
The value is the same before and after calling `init_weights` of YOLODualNeckDetector  

backbone.fusion_block4.mamba_fusion_stage.SSM_t_f.D - torch.Size([768]): 
The value is the same before and after calling `init_weights` of YOLODualNeckDetector  

backbone.fusion_block4.mamba_fusion_stage.SSM_t_f.x_proj.weight - torch.Size([304, 768]): 
The value is the same before and after calling `init_weights` of YOLODualNeckDetector  

backbone.fusion_block4.mamba_fusion_stage.SSM_t_f.dt_proj.weight - torch.Size([768, 48]): 
The value is the same before and after calling `init_weights` of YOLODualNeckDetector  

backbone.fusion_block4.mamba_fusion_stage.SSM_t_f.dt_proj.bias - torch.Size([768]): 
The value is the same before and after calling `init_weights` of YOLODualNeckDetector  

backbone.fusion_block4.mamba_fusion_stage.SSM_t_f.out_norm.weight - torch.Size([768]): 
The value is the same before and after calling `init_weights` of YOLODualNeckDetector  

backbone.fusion_block4.mamba_fusion_stage.SSM_t_f.out_norm.bias - torch.Size([768]): 
The value is the same before and after calling `init_weights` of YOLODualNeckDetector  

backbone.fusion_block4.mamba_fusion_stage.out_proj.weight - torch.Size([384, 768]): 
The value is the same before and after calling `init_weights` of YOLODualNeckDetector  

backbone.fusion_block4.transformer_fusion_stage.block.pos_emb_vis - torch.Size([1, 64, 384]): 
The value is the same before and after calling `init_weights` of YOLODualNeckDetector  

backbone.fusion_block4.transformer_fusion_stage.block.pos_emb_ir - torch.Size([1, 64, 384]): 
The value is the same before and after calling `init_weights` of YOLODualNeckDetector  

backbone.fusion_block4.transformer_fusion_stage.block.vis_pool_weights.w1 - torch.Size([1]): 
The value is the same before and after calling `init_weights` of YOLODualNeckDetector  

backbone.fusion_block4.transformer_fusion_stage.block.vis_pool_weights.w2 - torch.Size([1]): 
The value is the same before and after calling `init_weights` of YOLODualNeckDetector  

backbone.fusion_block4.transformer_fusion_stage.block.ir_pool_weights.w1 - torch.Size([1]): 
The value is the same before and after calling `init_weights` of YOLODualNeckDetector  

backbone.fusion_block4.transformer_fusion_stage.block.ir_pool_weights.w2 - torch.Size([1]): 
The value is the same before and after calling `init_weights` of YOLODualNeckDetector  

backbone.fusion_block4.transformer_fusion_stage.block.crosstransformer.0.ln1_vis.weight - torch.Size([384]): 
The value is the same before and after calling `init_weights` of YOLODualNeckDetector  

backbone.fusion_block4.transformer_fusion_stage.block.crosstransformer.0.ln1_vis.bias - torch.Size([384]): 
The value is the same before and after calling `init_weights` of YOLODualNeckDetector  

backbone.fusion_block4.transformer_fusion_stage.block.crosstransformer.0.ln1_ir.weight - torch.Size([384]): 
The value is the same before and after calling `init_weights` of YOLODualNeckDetector  

backbone.fusion_block4.transformer_fusion_stage.block.crosstransformer.0.ln1_ir.bias - torch.Size([384]): 
The value is the same before and after calling `init_weights` of YOLODualNeckDetector  

backbone.fusion_block4.transformer_fusion_stage.block.crosstransformer.0.que_proj_vis.weight - torch.Size([384, 384]): 
The value is the same before and after calling `init_weights` of YOLODualNeckDetector  

backbone.fusion_block4.transformer_fusion_stage.block.crosstransformer.0.que_proj_vis.bias - torch.Size([384]): 
The value is the same before and after calling `init_weights` of YOLODualNeckDetector  

backbone.fusion_block4.transformer_fusion_stage.block.crosstransformer.0.key_proj_vis.weight - torch.Size([384, 384]): 
The value is the same before and after calling `init_weights` of YOLODualNeckDetector  

backbone.fusion_block4.transformer_fusion_stage.block.crosstransformer.0.key_proj_vis.bias - torch.Size([384]): 
The value is the same before and after calling `init_weights` of YOLODualNeckDetector  

backbone.fusion_block4.transformer_fusion_stage.block.crosstransformer.0.val_proj_vis.weight - torch.Size([384, 384]): 
The value is the same before and after calling `init_weights` of YOLODualNeckDetector  

backbone.fusion_block4.transformer_fusion_stage.block.crosstransformer.0.val_proj_vis.bias - torch.Size([384]): 
The value is the same before and after calling `init_weights` of YOLODualNeckDetector  

backbone.fusion_block4.transformer_fusion_stage.block.crosstransformer.0.que_proj_ir.weight - torch.Size([384, 384]): 
The value is the same before and after calling `init_weights` of YOLODualNeckDetector  

backbone.fusion_block4.transformer_fusion_stage.block.crosstransformer.0.que_proj_ir.bias - torch.Size([384]): 
The value is the same before and after calling `init_weights` of YOLODualNeckDetector  

backbone.fusion_block4.transformer_fusion_stage.block.crosstransformer.0.key_proj_ir.weight - torch.Size([384, 384]): 
The value is the same before and after calling `init_weights` of YOLODualNeckDetector  

backbone.fusion_block4.transformer_fusion_stage.block.crosstransformer.0.key_proj_ir.bias - torch.Size([384]): 
The value is the same before and after calling `init_weights` of YOLODualNeckDetector  

backbone.fusion_block4.transformer_fusion_stage.block.crosstransformer.0.val_proj_ir.weight - torch.Size([384, 384]): 
The value is the same before and after calling `init_weights` of YOLODualNeckDetector  

backbone.fusion_block4.transformer_fusion_stage.block.crosstransformer.0.val_proj_ir.bias - torch.Size([384]): 
The value is the same before and after calling `init_weights` of YOLODualNeckDetector  

backbone.fusion_block4.transformer_fusion_stage.block.crosstransformer.0.crossatt.out_proj_vis.weight - torch.Size([384, 384]): 
The value is the same before and after calling `init_weights` of YOLODualNeckDetector  

backbone.fusion_block4.transformer_fusion_stage.block.crosstransformer.0.crossatt.out_proj_vis.bias - torch.Size([384]): 
The value is the same before and after calling `init_weights` of YOLODualNeckDetector  

backbone.fusion_block4.transformer_fusion_stage.block.crosstransformer.0.crossatt.out_proj_ir.weight - torch.Size([384, 384]): 
The value is the same before and after calling `init_weights` of YOLODualNeckDetector  

backbone.fusion_block4.transformer_fusion_stage.block.crosstransformer.0.crossatt.out_proj_ir.bias - torch.Size([384]): 
The value is the same before and after calling `init_weights` of YOLODualNeckDetector  

backbone.fusion_block4.transformer_fusion_stage.block.crosstransformer.0.ln2_vis.weight - torch.Size([384]): 
The value is the same before and after calling `init_weights` of YOLODualNeckDetector  

backbone.fusion_block4.transformer_fusion_stage.block.crosstransformer.0.ln2_vis.bias - torch.Size([384]): 
The value is the same before and after calling `init_weights` of YOLODualNeckDetector  

backbone.fusion_block4.transformer_fusion_stage.block.crosstransformer.0.ln2_ir.weight - torch.Size([384]): 
The value is the same before and after calling `init_weights` of YOLODualNeckDetector  

backbone.fusion_block4.transformer_fusion_stage.block.crosstransformer.0.ln2_ir.bias - torch.Size([384]): 
The value is the same before and after calling `init_weights` of YOLODualNeckDetector  

backbone.fusion_block4.transformer_fusion_stage.block.crosstransformer.0.mlp_vis.0.weight - torch.Size([1536, 384]): 
The value is the same before and after calling `init_weights` of YOLODualNeckDetector  

backbone.fusion_block4.transformer_fusion_stage.block.crosstransformer.0.mlp_vis.0.bias - torch.Size([1536]): 
The value is the same before and after calling `init_weights` of YOLODualNeckDetector  

backbone.fusion_block4.transformer_fusion_stage.block.crosstransformer.0.mlp_vis.2.weight - torch.Size([384, 1536]): 
The value is the same before and after calling `init_weights` of YOLODualNeckDetector  

backbone.fusion_block4.transformer_fusion_stage.block.crosstransformer.0.mlp_vis.2.bias - torch.Size([384]): 
The value is the same before and after calling `init_weights` of YOLODualNeckDetector  

backbone.fusion_block4.transformer_fusion_stage.block.crosstransformer.0.mlp_ir.0.weight - torch.Size([1536, 384]): 
The value is the same before and after calling `init_weights` of YOLODualNeckDetector  

backbone.fusion_block4.transformer_fusion_stage.block.crosstransformer.0.mlp_ir.0.bias - torch.Size([1536]): 
The value is the same before and after calling `init_weights` of YOLODualNeckDetector  

backbone.fusion_block4.transformer_fusion_stage.block.crosstransformer.0.mlp_ir.2.weight - torch.Size([384, 1536]): 
The value is the same before and after calling `init_weights` of YOLODualNeckDetector  

backbone.fusion_block4.transformer_fusion_stage.block.crosstransformer.0.mlp_ir.2.bias - torch.Size([384]): 
The value is the same before and after calling `init_weights` of YOLODualNeckDetector  

backbone.fusion_block4.transformer_fusion_stage.block.crosstransformer.0.coef_att_vis.bias - torch.Size([1]): 
The value is the same before and after calling `init_weights` of YOLODualNeckDetector  

backbone.fusion_block4.transformer_fusion_stage.block.crosstransformer.0.coef_mlp_vis.bias - torch.Size([1]): 
The value is the same before and after calling `init_weights` of YOLODualNeckDetector  

backbone.fusion_block4.transformer_fusion_stage.block.crosstransformer.0.coef_att_ir.bias - torch.Size([1]): 
The value is the same before and after calling `init_weights` of YOLODualNeckDetector  

backbone.fusion_block4.transformer_fusion_stage.block.crosstransformer.0.coef_mlp_ir.bias - torch.Size([1]): 
The value is the same before and after calling `init_weights` of YOLODualNeckDetector  

backbone.fusion_block4.transformer_fusion_stage.block.out_fusion_module.conv1x1_out.conv.weight - torch.Size([384, 768, 1, 1]): 
The value is the same before and after calling `init_weights` of YOLODualNeckDetector  

backbone.fusion_block4.transformer_fusion_stage.block.out_fusion_module.conv1x1_out.bn.weight - torch.Size([384]): 
The value is the same before and after calling `init_weights` of YOLODualNeckDetector  

backbone.fusion_block4.transformer_fusion_stage.block.out_fusion_module.conv1x1_out.bn.bias - torch.Size([384]): 
The value is the same before and after calling `init_weights` of YOLODualNeckDetector  

backbone.fusion_block4.transformer_fusion_stage.mw.fc1.weight - torch.Size([24, 768, 1, 1]): 
The value is the same before and after calling `init_weights` of YOLODualNeckDetector  

backbone.fusion_block4.transformer_fusion_stage.mw.fc1.bias - torch.Size([24]): 
The value is the same before and after calling `init_weights` of YOLODualNeckDetector  

backbone.fusion_block4.transformer_fusion_stage.mw.fc2.weight - torch.Size([768, 24, 1, 1]): 
The value is the same before and after calling `init_weights` of YOLODualNeckDetector  

backbone.fusion_block4.transformer_fusion_stage.mw.fc2.bias - torch.Size([768]): 
The value is the same before and after calling `init_weights` of YOLODualNeckDetector  

backbone.fusion_block4.out_fusion_module.conv1x1_out.conv.weight - torch.Size([384, 768, 1, 1]): 
The value is the same before and after calling `init_weights` of YOLODualNeckDetector  

backbone.fusion_block4.out_fusion_module.conv1x1_out.bn.weight - torch.Size([384]): 
The value is the same before and after calling `init_weights` of YOLODualNeckDetector  

backbone.fusion_block4.out_fusion_module.conv1x1_out.bn.bias - torch.Size([384]): 
The value is the same before and after calling `init_weights` of YOLODualNeckDetector  

backbone.fusion_block4.mw.fc1.weight - torch.Size([24, 768, 1, 1]): 
The value is the same before and after calling `init_weights` of YOLODualNeckDetector  

backbone.fusion_block4.mw.fc1.bias - torch.Size([24]): 
The value is the same before and after calling `init_weights` of YOLODualNeckDetector  

backbone.fusion_block4.mw.fc2.weight - torch.Size([768, 24, 1, 1]): 
The value is the same before and after calling `init_weights` of YOLODualNeckDetector  

backbone.fusion_block4.mw.fc2.bias - torch.Size([768]): 
The value is the same before and after calling `init_weights` of YOLODualNeckDetector  

neck.top_down_layers.0.main_conv.conv.weight - torch.Size([384, 1152, 1, 1]): 
Initialized by user-defined `init_weights` in YOLOv8PAFPN  

neck.top_down_layers.0.main_conv.bn.weight - torch.Size([384]): 
The value is the same before and after calling `init_weights` of YOLODualNeckDetector  

neck.top_down_layers.0.main_conv.bn.bias - torch.Size([384]): 
The value is the same before and after calling `init_weights` of YOLODualNeckDetector  

neck.top_down_layers.0.final_conv.conv.weight - torch.Size([384, 768, 1, 1]): 
Initialized by user-defined `init_weights` in YOLOv8PAFPN  

neck.top_down_layers.0.final_conv.bn.weight - torch.Size([384]): 
The value is the same before and after calling `init_weights` of YOLODualNeckDetector  

neck.top_down_layers.0.final_conv.bn.bias - torch.Size([384]): 
The value is the same before and after calling `init_weights` of YOLODualNeckDetector  

neck.top_down_layers.0.blocks.0.conv1.conv.weight - torch.Size([192, 192, 3, 3]): 
Initialized by user-defined `init_weights` in YOLOv8PAFPN  

neck.top_down_layers.0.blocks.0.conv1.bn.weight - torch.Size([192]): 
The value is the same before and after calling `init_weights` of YOLODualNeckDetector  

neck.top_down_layers.0.blocks.0.conv1.bn.bias - torch.Size([192]): 
The value is the same before and after calling `init_weights` of YOLODualNeckDetector  

neck.top_down_layers.0.blocks.0.conv2.conv.weight - torch.Size([192, 192, 3, 3]): 
Initialized by user-defined `init_weights` in YOLOv8PAFPN  

neck.top_down_layers.0.blocks.0.conv2.bn.weight - torch.Size([192]): 
The value is the same before and after calling `init_weights` of YOLODualNeckDetector  

neck.top_down_layers.0.blocks.0.conv2.bn.bias - torch.Size([192]): 
The value is the same before and after calling `init_weights` of YOLODualNeckDetector  

neck.top_down_layers.0.blocks.1.conv1.conv.weight - torch.Size([192, 192, 3, 3]): 
Initialized by user-defined `init_weights` in YOLOv8PAFPN  

neck.top_down_layers.0.blocks.1.conv1.bn.weight - torch.Size([192]): 
The value is the same before and after calling `init_weights` of YOLODualNeckDetector  

neck.top_down_layers.0.blocks.1.conv1.bn.bias - torch.Size([192]): 
The value is the same before and after calling `init_weights` of YOLODualNeckDetector  

neck.top_down_layers.0.blocks.1.conv2.conv.weight - torch.Size([192, 192, 3, 3]): 
Initialized by user-defined `init_weights` in YOLOv8PAFPN  

neck.top_down_layers.0.blocks.1.conv2.bn.weight - torch.Size([192]): 
The value is the same before and after calling `init_weights` of YOLODualNeckDetector  

neck.top_down_layers.0.blocks.1.conv2.bn.bias - torch.Size([192]): 
The value is the same before and after calling `init_weights` of YOLODualNeckDetector  

neck.top_down_layers.1.main_conv.conv.weight - torch.Size([192, 576, 1, 1]): 
Initialized by user-defined `init_weights` in YOLOv8PAFPN  

neck.top_down_layers.1.main_conv.bn.weight - torch.Size([192]): 
The value is the same before and after calling `init_weights` of YOLODualNeckDetector  

neck.top_down_layers.1.main_conv.bn.bias - torch.Size([192]): 
The value is the same before and after calling `init_weights` of YOLODualNeckDetector  

neck.top_down_layers.1.final_conv.conv.weight - torch.Size([192, 384, 1, 1]): 
Initialized by user-defined `init_weights` in YOLOv8PAFPN  

neck.top_down_layers.1.final_conv.bn.weight - torch.Size([192]): 
The value is the same before and after calling `init_weights` of YOLODualNeckDetector  

neck.top_down_layers.1.final_conv.bn.bias - torch.Size([192]): 
The value is the same before and after calling `init_weights` of YOLODualNeckDetector  

neck.top_down_layers.1.blocks.0.conv1.conv.weight - torch.Size([96, 96, 3, 3]): 
Initialized by user-defined `init_weights` in YOLOv8PAFPN  

neck.top_down_layers.1.blocks.0.conv1.bn.weight - torch.Size([96]): 
The value is the same before and after calling `init_weights` of YOLODualNeckDetector  

neck.top_down_layers.1.blocks.0.conv1.bn.bias - torch.Size([96]): 
The value is the same before and after calling `init_weights` of YOLODualNeckDetector  

neck.top_down_layers.1.blocks.0.conv2.conv.weight - torch.Size([96, 96, 3, 3]): 
Initialized by user-defined `init_weights` in YOLOv8PAFPN  

neck.top_down_layers.1.blocks.0.conv2.bn.weight - torch.Size([96]): 
The value is the same before and after calling `init_weights` of YOLODualNeckDetector  

neck.top_down_layers.1.blocks.0.conv2.bn.bias - torch.Size([96]): 
The value is the same before and after calling `init_weights` of YOLODualNeckDetector  

neck.top_down_layers.1.blocks.1.conv1.conv.weight - torch.Size([96, 96, 3, 3]): 
Initialized by user-defined `init_weights` in YOLOv8PAFPN  

neck.top_down_layers.1.blocks.1.conv1.bn.weight - torch.Size([96]): 
The value is the same before and after calling `init_weights` of YOLODualNeckDetector  

neck.top_down_layers.1.blocks.1.conv1.bn.bias - torch.Size([96]): 
The value is the same before and after calling `init_weights` of YOLODualNeckDetector  

neck.top_down_layers.1.blocks.1.conv2.conv.weight - torch.Size([96, 96, 3, 3]): 
Initialized by user-defined `init_weights` in YOLOv8PAFPN  

neck.top_down_layers.1.blocks.1.conv2.bn.weight - torch.Size([96]): 
The value is the same before and after calling `init_weights` of YOLODualNeckDetector  

neck.top_down_layers.1.blocks.1.conv2.bn.bias - torch.Size([96]): 
The value is the same before and after calling `init_weights` of YOLODualNeckDetector  

neck.downsample_layers.0.conv.weight - torch.Size([192, 192, 3, 3]): 
Initialized by user-defined `init_weights` in YOLOv8PAFPN  

neck.downsample_layers.0.bn.weight - torch.Size([192]): 
The value is the same before and after calling `init_weights` of YOLODualNeckDetector  

neck.downsample_layers.0.bn.bias - torch.Size([192]): 
The value is the same before and after calling `init_weights` of YOLODualNeckDetector  

neck.downsample_layers.1.conv.weight - torch.Size([384, 384, 3, 3]): 
Initialized by user-defined `init_weights` in YOLOv8PAFPN  

neck.downsample_layers.1.bn.weight - torch.Size([384]): 
The value is the same before and after calling `init_weights` of YOLODualNeckDetector  

neck.downsample_layers.1.bn.bias - torch.Size([384]): 
The value is the same before and after calling `init_weights` of YOLODualNeckDetector  

neck.bottom_up_layers.0.main_conv.conv.weight - torch.Size([384, 576, 1, 1]): 
Initialized by user-defined `init_weights` in YOLOv8PAFPN  

neck.bottom_up_layers.0.main_conv.bn.weight - torch.Size([384]): 
The value is the same before and after calling `init_weights` of YOLODualNeckDetector  

neck.bottom_up_layers.0.main_conv.bn.bias - torch.Size([384]): 
The value is the same before and after calling `init_weights` of YOLODualNeckDetector  

neck.bottom_up_layers.0.final_conv.conv.weight - torch.Size([384, 768, 1, 1]): 
Initialized by user-defined `init_weights` in YOLOv8PAFPN  

neck.bottom_up_layers.0.final_conv.bn.weight - torch.Size([384]): 
The value is the same before and after calling `init_weights` of YOLODualNeckDetector  

neck.bottom_up_layers.0.final_conv.bn.bias - torch.Size([384]): 
The value is the same before and after calling `init_weights` of YOLODualNeckDetector  

neck.bottom_up_layers.0.blocks.0.conv1.conv.weight - torch.Size([192, 192, 3, 3]): 
Initialized by user-defined `init_weights` in YOLOv8PAFPN  

neck.bottom_up_layers.0.blocks.0.conv1.bn.weight - torch.Size([192]): 
The value is the same before and after calling `init_weights` of YOLODualNeckDetector  

neck.bottom_up_layers.0.blocks.0.conv1.bn.bias - torch.Size([192]): 
The value is the same before and after calling `init_weights` of YOLODualNeckDetector  

neck.bottom_up_layers.0.blocks.0.conv2.conv.weight - torch.Size([192, 192, 3, 3]): 
Initialized by user-defined `init_weights` in YOLOv8PAFPN  

neck.bottom_up_layers.0.blocks.0.conv2.bn.weight - torch.Size([192]): 
The value is the same before and after calling `init_weights` of YOLODualNeckDetector  

neck.bottom_up_layers.0.blocks.0.conv2.bn.bias - torch.Size([192]): 
The value is the same before and after calling `init_weights` of YOLODualNeckDetector  

neck.bottom_up_layers.0.blocks.1.conv1.conv.weight - torch.Size([192, 192, 3, 3]): 
Initialized by user-defined `init_weights` in YOLOv8PAFPN  

neck.bottom_up_layers.0.blocks.1.conv1.bn.weight - torch.Size([192]): 
The value is the same before and after calling `init_weights` of YOLODualNeckDetector  

neck.bottom_up_layers.0.blocks.1.conv1.bn.bias - torch.Size([192]): 
The value is the same before and after calling `init_weights` of YOLODualNeckDetector  

neck.bottom_up_layers.0.blocks.1.conv2.conv.weight - torch.Size([192, 192, 3, 3]): 
Initialized by user-defined `init_weights` in YOLOv8PAFPN  

neck.bottom_up_layers.0.blocks.1.conv2.bn.weight - torch.Size([192]): 
The value is the same before and after calling `init_weights` of YOLODualNeckDetector  

neck.bottom_up_layers.0.blocks.1.conv2.bn.bias - torch.Size([192]): 
The value is the same before and after calling `init_weights` of YOLODualNeckDetector  

neck.bottom_up_layers.1.main_conv.conv.weight - torch.Size([768, 1152, 1, 1]): 
Initialized by user-defined `init_weights` in YOLOv8PAFPN  

neck.bottom_up_layers.1.main_conv.bn.weight - torch.Size([768]): 
The value is the same before and after calling `init_weights` of YOLODualNeckDetector  

neck.bottom_up_layers.1.main_conv.bn.bias - torch.Size([768]): 
The value is the same before and after calling `init_weights` of YOLODualNeckDetector  

neck.bottom_up_layers.1.final_conv.conv.weight - torch.Size([768, 1536, 1, 1]): 
Initialized by user-defined `init_weights` in YOLOv8PAFPN  

neck.bottom_up_layers.1.final_conv.bn.weight - torch.Size([768]): 
The value is the same before and after calling `init_weights` of YOLODualNeckDetector  

neck.bottom_up_layers.1.final_conv.bn.bias - torch.Size([768]): 
The value is the same before and after calling `init_weights` of YOLODualNeckDetector  

neck.bottom_up_layers.1.blocks.0.conv1.conv.weight - torch.Size([384, 384, 3, 3]): 
Initialized by user-defined `init_weights` in YOLOv8PAFPN  

neck.bottom_up_layers.1.blocks.0.conv1.bn.weight - torch.Size([384]): 
The value is the same before and after calling `init_weights` of YOLODualNeckDetector  

neck.bottom_up_layers.1.blocks.0.conv1.bn.bias - torch.Size([384]): 
The value is the same before and after calling `init_weights` of YOLODualNeckDetector  

neck.bottom_up_layers.1.blocks.0.conv2.conv.weight - torch.Size([384, 384, 3, 3]): 
Initialized by user-defined `init_weights` in YOLOv8PAFPN  

neck.bottom_up_layers.1.blocks.0.conv2.bn.weight - torch.Size([384]): 
The value is the same before and after calling `init_weights` of YOLODualNeckDetector  

neck.bottom_up_layers.1.blocks.0.conv2.bn.bias - torch.Size([384]): 
The value is the same before and after calling `init_weights` of YOLODualNeckDetector  

neck.bottom_up_layers.1.blocks.1.conv1.conv.weight - torch.Size([384, 384, 3, 3]): 
Initialized by user-defined `init_weights` in YOLOv8PAFPN  

neck.bottom_up_layers.1.blocks.1.conv1.bn.weight - torch.Size([384]): 
The value is the same before and after calling `init_weights` of YOLODualNeckDetector  

neck.bottom_up_layers.1.blocks.1.conv1.bn.bias - torch.Size([384]): 
The value is the same before and after calling `init_weights` of YOLODualNeckDetector  

neck.bottom_up_layers.1.blocks.1.conv2.conv.weight - torch.Size([384, 384, 3, 3]): 
Initialized by user-defined `init_weights` in YOLOv8PAFPN  

neck.bottom_up_layers.1.blocks.1.conv2.bn.weight - torch.Size([384]): 
The value is the same before and after calling `init_weights` of YOLODualNeckDetector  

neck.bottom_up_layers.1.blocks.1.conv2.bn.bias - torch.Size([384]): 
The value is the same before and after calling `init_weights` of YOLODualNeckDetector  

bbox_head.head_module.cls_preds.0.0.conv.weight - torch.Size([192, 192, 3, 3]): 
The value is the same before and after calling `init_weights` of YOLODualNeckDetector  

bbox_head.head_module.cls_preds.0.0.bn.weight - torch.Size([192]): 
The value is the same before and after calling `init_weights` of YOLODualNeckDetector  

bbox_head.head_module.cls_preds.0.0.bn.bias - torch.Size([192]): 
The value is the same before and after calling `init_weights` of YOLODualNeckDetector  

bbox_head.head_module.cls_preds.0.1.conv.weight - torch.Size([192, 192, 3, 3]): 
The value is the same before and after calling `init_weights` of YOLODualNeckDetector  

bbox_head.head_module.cls_preds.0.1.bn.weight - torch.Size([192]): 
The value is the same before and after calling `init_weights` of YOLODualNeckDetector  

bbox_head.head_module.cls_preds.0.1.bn.bias - torch.Size([192]): 
The value is the same before and after calling `init_weights` of YOLODualNeckDetector  

bbox_head.head_module.cls_preds.0.2.weight - torch.Size([6, 192, 1, 1]): 
The value is the same before and after calling `init_weights` of YOLODualNeckDetector  

bbox_head.head_module.cls_preds.0.2.bias - torch.Size([6]): 
Initialized by user-defined `init_weights` in YOLOv8HeadModule  

bbox_head.head_module.cls_preds.1.0.conv.weight - torch.Size([192, 384, 3, 3]): 
The value is the same before and after calling `init_weights` of YOLODualNeckDetector  

bbox_head.head_module.cls_preds.1.0.bn.weight - torch.Size([192]): 
The value is the same before and after calling `init_weights` of YOLODualNeckDetector  

bbox_head.head_module.cls_preds.1.0.bn.bias - torch.Size([192]): 
The value is the same before and after calling `init_weights` of YOLODualNeckDetector  

bbox_head.head_module.cls_preds.1.1.conv.weight - torch.Size([192, 192, 3, 3]): 
The value is the same before and after calling `init_weights` of YOLODualNeckDetector  

bbox_head.head_module.cls_preds.1.1.bn.weight - torch.Size([192]): 
The value is the same before and after calling `init_weights` of YOLODualNeckDetector  

bbox_head.head_module.cls_preds.1.1.bn.bias - torch.Size([192]): 
The value is the same before and after calling `init_weights` of YOLODualNeckDetector  

bbox_head.head_module.cls_preds.1.2.weight - torch.Size([6, 192, 1, 1]): 
The value is the same before and after calling `init_weights` of YOLODualNeckDetector  

bbox_head.head_module.cls_preds.1.2.bias - torch.Size([6]): 
Initialized by user-defined `init_weights` in YOLOv8HeadModule  

bbox_head.head_module.cls_preds.2.0.conv.weight - torch.Size([192, 768, 3, 3]): 
The value is the same before and after calling `init_weights` of YOLODualNeckDetector  

bbox_head.head_module.cls_preds.2.0.bn.weight - torch.Size([192]): 
The value is the same before and after calling `init_weights` of YOLODualNeckDetector  

bbox_head.head_module.cls_preds.2.0.bn.bias - torch.Size([192]): 
The value is the same before and after calling `init_weights` of YOLODualNeckDetector  

bbox_head.head_module.cls_preds.2.1.conv.weight - torch.Size([192, 192, 3, 3]): 
The value is the same before and after calling `init_weights` of YOLODualNeckDetector  

bbox_head.head_module.cls_preds.2.1.bn.weight - torch.Size([192]): 
The value is the same before and after calling `init_weights` of YOLODualNeckDetector  

bbox_head.head_module.cls_preds.2.1.bn.bias - torch.Size([192]): 
The value is the same before and after calling `init_weights` of YOLODualNeckDetector  

bbox_head.head_module.cls_preds.2.2.weight - torch.Size([6, 192, 1, 1]): 
The value is the same before and after calling `init_weights` of YOLODualNeckDetector  

bbox_head.head_module.cls_preds.2.2.bias - torch.Size([6]): 
Initialized by user-defined `init_weights` in YOLOv8HeadModule  

bbox_head.head_module.reg_preds.0.0.conv.weight - torch.Size([64, 192, 3, 3]): 
The value is the same before and after calling `init_weights` of YOLODualNeckDetector  

bbox_head.head_module.reg_preds.0.0.bn.weight - torch.Size([64]): 
The value is the same before and after calling `init_weights` of YOLODualNeckDetector  

bbox_head.head_module.reg_preds.0.0.bn.bias - torch.Size([64]): 
The value is the same before and after calling `init_weights` of YOLODualNeckDetector  

bbox_head.head_module.reg_preds.0.1.conv.weight - torch.Size([64, 64, 3, 3]): 
The value is the same before and after calling `init_weights` of YOLODualNeckDetector  

bbox_head.head_module.reg_preds.0.1.bn.weight - torch.Size([64]): 
The value is the same before and after calling `init_weights` of YOLODualNeckDetector  

bbox_head.head_module.reg_preds.0.1.bn.bias - torch.Size([64]): 
The value is the same before and after calling `init_weights` of YOLODualNeckDetector  

bbox_head.head_module.reg_preds.0.2.weight - torch.Size([64, 64, 1, 1]): 
The value is the same before and after calling `init_weights` of YOLODualNeckDetector  

bbox_head.head_module.reg_preds.0.2.bias - torch.Size([64]): 
Initialized by user-defined `init_weights` in YOLOv8HeadModule  

bbox_head.head_module.reg_preds.1.0.conv.weight - torch.Size([64, 384, 3, 3]): 
The value is the same before and after calling `init_weights` of YOLODualNeckDetector  

bbox_head.head_module.reg_preds.1.0.bn.weight - torch.Size([64]): 
The value is the same before and after calling `init_weights` of YOLODualNeckDetector  

bbox_head.head_module.reg_preds.1.0.bn.bias - torch.Size([64]): 
The value is the same before and after calling `init_weights` of YOLODualNeckDetector  

bbox_head.head_module.reg_preds.1.1.conv.weight - torch.Size([64, 64, 3, 3]): 
The value is the same before and after calling `init_weights` of YOLODualNeckDetector  

bbox_head.head_module.reg_preds.1.1.bn.weight - torch.Size([64]): 
The value is the same before and after calling `init_weights` of YOLODualNeckDetector  

bbox_head.head_module.reg_preds.1.1.bn.bias - torch.Size([64]): 
The value is the same before and after calling `init_weights` of YOLODualNeckDetector  

bbox_head.head_module.reg_preds.1.2.weight - torch.Size([64, 64, 1, 1]): 
The value is the same before and after calling `init_weights` of YOLODualNeckDetector  

bbox_head.head_module.reg_preds.1.2.bias - torch.Size([64]): 
Initialized by user-defined `init_weights` in YOLOv8HeadModule  

bbox_head.head_module.reg_preds.2.0.conv.weight - torch.Size([64, 768, 3, 3]): 
The value is the same before and after calling `init_weights` of YOLODualNeckDetector  

bbox_head.head_module.reg_preds.2.0.bn.weight - torch.Size([64]): 
The value is the same before and after calling `init_weights` of YOLODualNeckDetector  

bbox_head.head_module.reg_preds.2.0.bn.bias - torch.Size([64]): 
The value is the same before and after calling `init_weights` of YOLODualNeckDetector  

bbox_head.head_module.reg_preds.2.1.conv.weight - torch.Size([64, 64, 3, 3]): 
The value is the same before and after calling `init_weights` of YOLODualNeckDetector  

bbox_head.head_module.reg_preds.2.1.bn.weight - torch.Size([64]): 
The value is the same before and after calling `init_weights` of YOLODualNeckDetector  

bbox_head.head_module.reg_preds.2.1.bn.bias - torch.Size([64]): 
The value is the same before and after calling `init_weights` of YOLODualNeckDetector  

bbox_head.head_module.reg_preds.2.2.weight - torch.Size([64, 64, 1, 1]): 
The value is the same before and after calling `init_weights` of YOLODualNeckDetector  

bbox_head.head_module.reg_preds.2.2.bias - torch.Size([64]): 
Initialized by user-defined `init_weights` in YOLOv8HeadModule  
2025/05/20 14:19:12 - mmengine - INFO - Auto resumed from the latest checkpoint /data/nl/Mamba2Spectral/work_dirs/yolov8_mambatransformer_enhance/epoch_177.pth.
2025/05/20 14:19:15 - mmengine - INFO - Load checkpoint from /data/nl/Mamba2Spectral/work_dirs/yolov8_mambatransformer_enhance/epoch_177.pth
2025/05/20 14:19:15 - mmengine - WARNING - `resume_param_scheduler` is True but `self.param_schedulers` is None, so skip resuming parameter schedulers
2025/05/20 14:19:15 - mmengine - INFO - resumed epoch: 177, iter: 74340
2025/05/20 14:19:15 - mmengine - WARNING - "FileClient" will be deprecated in future. Please use io functions in https://mmengine.readthedocs.io/en/latest/api/fileio.html#file-io
2025/05/20 14:19:15 - mmengine - WARNING - "HardDiskBackend" is the alias of "LocalBackend" and the former will be deprecated in future.
2025/05/20 14:19:15 - mmengine - INFO - Checkpoints will be saved to /data/nl/Mamba2Spectral/work_dirs/yolov8_mambatransformer_enhance.
2025/05/20 14:20:40 - mmengine - INFO - Epoch(train) [178][ 50/420]  base_lr: 1.0000e-02 lr: 1.2880e-03  eta: 4:32:20  time: 1.7003  data_time: 0.0570  memory: 18602  grad_norm: 23.1520  loss: 16.4099  loss_cls: 3.1314  loss_bbox: 6.0555  loss_dfl: 7.2229
2025/05/20 14:21:57 - mmengine - INFO - Epoch(train) [178][100/420]  base_lr: 1.0000e-02 lr: 1.2880e-03  eta: 4:18:59  time: 1.5505  data_time: 0.0076  memory: 10378  grad_norm: 22.5551  loss: 16.1578  loss_cls: 3.0033  loss_bbox: 5.9484  loss_dfl: 7.2061
2025/05/20 14:23:15 - mmengine - INFO - Epoch(train) [178][150/420]  base_lr: 1.0000e-02 lr: 1.2880e-03  eta: 4:13:33  time: 1.5483  data_time: 0.0075  memory: 10351  grad_norm: 23.6756  loss: 16.3100  loss_cls: 3.0842  loss_bbox: 5.9814  loss_dfl: 7.2443
2025/05/20 14:24:32 - mmengine - INFO - Epoch(train) [178][200/420]  base_lr: 1.0000e-02 lr: 1.2880e-03  eta: 4:10:12  time: 1.5488  data_time: 0.0075  memory: 10372  grad_norm: 24.2712  loss: 16.5301  loss_cls: 3.1476  loss_bbox: 6.0946  loss_dfl: 7.2879
2025/05/20 14:25:50 - mmengine - INFO - Epoch(train) [178][250/420]  base_lr: 1.0000e-02 lr: 1.2880e-03  eta: 4:07:50  time: 1.5537  data_time: 0.0073  memory: 10426  grad_norm: 23.9739  loss: 16.5475  loss_cls: 3.1690  loss_bbox: 6.1680  loss_dfl: 7.2105
2025/05/20 14:27:07 - mmengine - INFO - Epoch(train) [178][300/420]  base_lr: 1.0000e-02 lr: 1.2880e-03  eta: 4:05:41  time: 1.5479  data_time: 0.0074  memory: 10431  grad_norm: 23.5779  loss: 16.0412  loss_cls: 3.0535  loss_bbox: 5.8292  loss_dfl: 7.1585
2025/05/20 14:28:25 - mmengine - INFO - Epoch(train) [178][350/420]  base_lr: 1.0000e-02 lr: 1.2880e-03  eta: 4:03:48  time: 1.5497  data_time: 0.0074  memory: 10410  grad_norm: 25.1839  loss: 16.3697  loss_cls: 3.1272  loss_bbox: 5.9629  loss_dfl: 7.2796
2025/05/20 14:29:42 - mmengine - INFO - Epoch(train) [178][400/420]  base_lr: 1.0000e-02 lr: 1.2880e-03  eta: 4:02:03  time: 1.5484  data_time: 0.0073  memory: 10324  grad_norm: 23.3855  loss: 16.2614  loss_cls: 3.0897  loss_bbox: 5.8790  loss_dfl: 7.2928
2025/05/20 14:30:13 - mmengine - INFO - Exp name: yolov8_mambatransformer_enhance_20250520_141902
2025/05/20 14:30:13 - mmengine - INFO - Saving checkpoint at 178 epochs
2025/05/20 14:30:15 - mmengine - WARNING - `save_param_scheduler` is True but `self.param_schedulers` is None, so skip saving parameter schedulers
2025/05/20 14:30:22 - mmengine - INFO - Epoch(val) [178][ 50/781]    eta: 0:01:17  time: 0.1059  data_time: 0.0030  memory: 10356  
2025/05/20 14:30:26 - mmengine - INFO - Epoch(val) [178][100/781]    eta: 0:01:04  time: 0.0838  data_time: 0.0004  memory: 998  
2025/05/20 14:30:31 - mmengine - INFO - Epoch(val) [178][150/781]    eta: 0:00:59  time: 0.0914  data_time: 0.0005  memory: 998  
2025/05/20 14:30:34 - mmengine - INFO - Epoch(val) [178][200/781]    eta: 0:00:51  time: 0.0753  data_time: 0.0004  memory: 998  
2025/05/20 14:30:38 - mmengine - INFO - Epoch(val) [178][250/781]    eta: 0:00:45  time: 0.0733  data_time: 0.0004  memory: 998  
2025/05/20 14:30:42 - mmengine - INFO - Epoch(val) [178][300/781]    eta: 0:00:40  time: 0.0733  data_time: 0.0004  memory: 998  
2025/05/20 14:30:46 - mmengine - INFO - Epoch(val) [178][350/781]    eta: 0:00:35  time: 0.0739  data_time: 0.0004  memory: 998  
2025/05/20 14:30:49 - mmengine - INFO - Epoch(val) [178][400/781]    eta: 0:00:30  time: 0.0734  data_time: 0.0004  memory: 998  
2025/05/20 14:30:53 - mmengine - INFO - Epoch(val) [178][450/781]    eta: 0:00:26  time: 0.0738  data_time: 0.0004  memory: 998  
2025/05/20 14:30:57 - mmengine - INFO - Epoch(val) [178][500/781]    eta: 0:00:22  time: 0.0735  data_time: 0.0004  memory: 998  
2025/05/20 14:31:01 - mmengine - INFO - Epoch(val) [178][550/781]    eta: 0:00:18  time: 0.0862  data_time: 0.0004  memory: 998  
2025/05/20 14:31:06 - mmengine - INFO - Epoch(val) [178][600/781]    eta: 0:00:14  time: 0.0969  data_time: 0.0005  memory: 998  
2025/05/20 14:31:11 - mmengine - INFO - Epoch(val) [178][650/781]    eta: 0:00:10  time: 0.1016  data_time: 0.0009  memory: 998  
2025/05/20 14:31:17 - mmengine - INFO - Epoch(val) [178][700/781]    eta: 0:00:06  time: 0.1155  data_time: 0.0017  memory: 998  
2025/05/20 14:31:22 - mmengine - INFO - Epoch(val) [178][750/781]    eta: 0:00:02  time: 0.1065  data_time: 0.0010  memory: 998  
2025/05/20 14:31:26 - mmengine - INFO - Evaluating bbox...
2025/05/20 14:31:32 - mmengine - INFO - 
+------------+-------+--------+--------+-------+-------+-------+
| category   | mAP   | mAP_50 | mAP_75 | mAP_s | mAP_m | mAP_l |
+------------+-------+--------+--------+-------+-------+-------+
| Car        | 0.689 | 0.924  | 0.764  | 0.416 | 0.72  | 0.885 |
| Truck      | 0.639 | 0.885  | 0.712  | 0.343 | 0.647 | 0.838 |
| People     | 0.514 | 0.852  | 0.535  | 0.349 | 0.698 | 0.758 |
| Bus        | 0.72  | 0.908  | 0.777  | 0.393 | 0.684 | 0.836 |
| Lamp       | 0.461 | 0.817  | 0.478  | 0.413 | 0.714 | nan   |
| Motorcycle | 0.436 | 0.724  | 0.44   | 0.101 | 0.641 | 0.81  |
+------------+-------+--------+--------+-------+-------+-------+
2025/05/20 14:31:32 - mmengine - INFO - bbox_mAP_copypaste: 0.576 0.852 0.618 0.336 0.684 0.825
2025/05/20 14:31:32 - mmengine - INFO - Epoch(val) [178][781/781]    coco/Car_precision: 0.6890  coco/Truck_precision: 0.6390  coco/People_precision: 0.5140  coco/Bus_precision: 0.7200  coco/Lamp_precision: 0.4610  coco/Motorcycle_precision: 0.4360  coco/bbox_mAP: 0.5760  coco/bbox_mAP_50: 0.8520  coco/bbox_mAP_75: 0.6180  coco/bbox_mAP_s: 0.3360  coco/bbox_mAP_m: 0.6840  coco/bbox_mAP_l: 0.8250  data_time: 0.0007  time: 0.0880
2025/05/20 14:31:32 - mmengine - INFO - The previous best checkpoint /data/nl/Mamba2Spectral/work_dirs/yolov8_mambatransformer_enhance/best_coco_bbox_mAP_50_epoch_176.pth is removed
2025/05/20 14:31:36 - mmengine - INFO - The best checkpoint with 0.8520 coco/bbox_mAP_50 at 178 epoch is saved to best_coco_bbox_mAP_50_epoch_178.pth.
2025/05/20 14:33:03 - mmengine - INFO - Epoch(train) [179][ 50/420]  base_lr: 1.0000e-02 lr: 1.2385e-03  eta: 4:00:42  time: 1.6069  data_time: 0.0568  memory: 10433  grad_norm: 23.7313  loss: 16.5935  loss_cls: 3.1615  loss_bbox: 6.1746  loss_dfl: 7.2574
2025/05/20 14:34:21 - mmengine - INFO - Epoch(train) [179][100/420]  base_lr: 1.0000e-02 lr: 1.2385e-03  eta: 3:59:05  time: 1.5506  data_time: 0.0075  memory: 10353  grad_norm: 22.8180  loss: 16.3008  loss_cls: 3.0713  loss_bbox: 5.9846  loss_dfl: 7.2449
2025/05/20 14:35:39 - mmengine - INFO - Epoch(train) [179][150/420]  base_lr: 1.0000e-02 lr: 1.2385e-03  eta: 3:57:32  time: 1.5511  data_time: 0.0077  memory: 10379  grad_norm: 22.6396  loss: 16.0987  loss_cls: 3.0414  loss_bbox: 5.8622  loss_dfl: 7.1952
2025/05/20 14:36:56 - mmengine - INFO - Epoch(train) [179][200/420]  base_lr: 1.0000e-02 lr: 1.2385e-03  eta: 3:55:59  time: 1.5481  data_time: 0.0076  memory: 10358  grad_norm: 23.7072  loss: 16.4078  loss_cls: 3.1099  loss_bbox: 6.0589  loss_dfl: 7.2389
2025/05/20 14:37:58 - mmengine - INFO - Exp name: yolov8_mambatransformer_enhance_20250520_141902
2025/05/20 14:38:13 - mmengine - INFO - Epoch(train) [179][250/420]  base_lr: 1.0000e-02 lr: 1.2385e-03  eta: 3:54:29  time: 1.5488  data_time: 0.0072  memory: 10476  grad_norm: 24.2586  loss: 16.2091  loss_cls: 3.1048  loss_bbox: 5.8570  loss_dfl: 7.2473
2025/05/20 14:39:31 - mmengine - INFO - Epoch(train) [179][300/420]  base_lr: 1.0000e-02 lr: 1.2385e-03  eta: 3:53:00  time: 1.5483  data_time: 0.0071  memory: 10459  grad_norm: 24.1647  loss: 16.4818  loss_cls: 3.1439  loss_bbox: 6.0439  loss_dfl: 7.2940
2025/05/20 14:40:48 - mmengine - INFO - Epoch(train) [179][350/420]  base_lr: 1.0000e-02 lr: 1.2385e-03  eta: 3:51:33  time: 1.5485  data_time: 0.0072  memory: 10433  grad_norm: 23.4878  loss: 16.3314  loss_cls: 3.1286  loss_bbox: 6.0089  loss_dfl: 7.1939
2025/05/20 14:42:06 - mmengine - INFO - Epoch(train) [179][400/420]  base_lr: 1.0000e-02 lr: 1.2385e-03  eta: 3:50:08  time: 1.5495  data_time: 0.0075  memory: 10337  grad_norm: 23.2382  loss: 15.9843  loss_cls: 3.0180  loss_bbox: 5.7377  loss_dfl: 7.2286
2025/05/20 14:42:37 - mmengine - INFO - Exp name: yolov8_mambatransformer_enhance_20250520_141902
2025/05/20 14:42:37 - mmengine - INFO - Saving checkpoint at 179 epochs
2025/05/20 14:42:44 - mmengine - INFO - Epoch(val) [179][ 50/781]    eta: 0:00:57  time: 0.0780  data_time: 0.0022  memory: 10331  
2025/05/20 14:42:48 - mmengine - INFO - Epoch(val) [179][100/781]    eta: 0:00:52  time: 0.0767  data_time: 0.0004  memory: 1000  
2025/05/20 14:42:52 - mmengine - INFO - Epoch(val) [179][150/781]    eta: 0:00:48  time: 0.0752  data_time: 0.0004  memory: 1000  
2025/05/20 14:42:56 - mmengine - INFO - Epoch(val) [179][200/781]    eta: 0:00:44  time: 0.0747  data_time: 0.0004  memory: 1000  
2025/05/20 14:42:59 - mmengine - INFO - Epoch(val) [179][250/781]    eta: 0:00:40  time: 0.0745  data_time: 0.0004  memory: 1000  
2025/05/20 14:43:03 - mmengine - INFO - Epoch(val) [179][300/781]    eta: 0:00:36  time: 0.0747  data_time: 0.0004  memory: 1000  
2025/05/20 14:43:07 - mmengine - INFO - Epoch(val) [179][350/781]    eta: 0:00:32  time: 0.0743  data_time: 0.0004  memory: 1000  
2025/05/20 14:43:11 - mmengine - INFO - Epoch(val) [179][400/781]    eta: 0:00:28  time: 0.0746  data_time: 0.0004  memory: 1000  
2025/05/20 14:43:14 - mmengine - INFO - Epoch(val) [179][450/781]    eta: 0:00:24  time: 0.0744  data_time: 0.0004  memory: 1000  
2025/05/20 14:43:18 - mmengine - INFO - Epoch(val) [179][500/781]    eta: 0:00:21  time: 0.0744  data_time: 0.0003  memory: 1000  
2025/05/20 14:43:22 - mmengine - INFO - Epoch(val) [179][550/781]    eta: 0:00:17  time: 0.0856  data_time: 0.0004  memory: 1000  
2025/05/20 14:43:28 - mmengine - INFO - Epoch(val) [179][600/781]    eta: 0:00:14  time: 0.1189  data_time: 0.0010  memory: 1000  
2025/05/20 14:43:34 - mmengine - INFO - Epoch(val) [179][650/781]    eta: 0:00:10  time: 0.1166  data_time: 0.0004  memory: 1000  
2025/05/20 14:43:40 - mmengine - INFO - Epoch(val) [179][700/781]    eta: 0:00:06  time: 0.1113  data_time: 0.0018  memory: 1000  
2025/05/20 14:43:46 - mmengine - INFO - Epoch(val) [179][750/781]    eta: 0:00:02  time: 0.1206  data_time: 0.0024  memory: 1000  
2025/05/20 14:43:50 - mmengine - INFO - Evaluating bbox...
2025/05/20 14:43:54 - mmengine - INFO - 
+------------+-------+--------+--------+-------+-------+-------+
| category   | mAP   | mAP_50 | mAP_75 | mAP_s | mAP_m | mAP_l |
+------------+-------+--------+--------+-------+-------+-------+
| Car        | 0.689 | 0.924  | 0.764  | 0.415 | 0.72  | 0.886 |
| Truck      | 0.64  | 0.885  | 0.713  | 0.347 | 0.647 | 0.839 |
| People     | 0.515 | 0.852  | 0.537  | 0.349 | 0.699 | 0.763 |
| Bus        | 0.721 | 0.909  | 0.777  | 0.394 | 0.684 | 0.837 |
| Lamp       | 0.463 | 0.82   | 0.482  | 0.415 | 0.717 | nan   |
| Motorcycle | 0.436 | 0.724  | 0.44   | 0.101 | 0.642 | 0.81  |
+------------+-------+--------+--------+-------+-------+-------+
2025/05/20 14:43:54 - mmengine - INFO - bbox_mAP_copypaste: 0.577 0.852 0.619 0.337 0.685 0.827
2025/05/20 14:43:55 - mmengine - INFO - Epoch(val) [179][781/781]    coco/Car_precision: 0.6890  coco/Truck_precision: 0.6400  coco/People_precision: 0.5150  coco/Bus_precision: 0.7210  coco/Lamp_precision: 0.4630  coco/Motorcycle_precision: 0.4360  coco/bbox_mAP: 0.5770  coco/bbox_mAP_50: 0.8520  coco/bbox_mAP_75: 0.6190  coco/bbox_mAP_s: 0.3370  coco/bbox_mAP_m: 0.6850  coco/bbox_mAP_l: 0.8270  data_time: 0.0008  time: 0.0885
2025/05/20 14:45:15 - mmengine - INFO - Epoch(train) [180][ 50/420]  base_lr: 1.0000e-02 lr: 1.1890e-03  eta: 3:48:34  time: 1.5997  data_time: 0.0490  memory: 10427  grad_norm: 22.8624  loss: 15.9859  loss_cls: 2.9934  loss_bbox: 5.8398  loss_dfl: 7.1527
2025/05/20 14:46:32 - mmengine - INFO - Epoch(train) [180][100/420]  base_lr: 1.0000e-02 lr: 1.1890e-03  eta: 3:47:08  time: 1.5481  data_time: 0.0073  memory: 10417  grad_norm: 23.4596  loss: 16.1537  loss_cls: 3.0863  loss_bbox: 5.8775  loss_dfl: 7.1900
2025/05/20 14:47:49 - mmengine - INFO - Epoch(train) [180][150/420]  base_lr: 1.0000e-02 lr: 1.1890e-03  eta: 3:45:43  time: 1.5466  data_time: 0.0072  memory: 10427  grad_norm: 24.2988  loss: 16.2895  loss_cls: 3.0845  loss_bbox: 6.0247  loss_dfl: 7.1803
2025/05/20 14:49:07 - mmengine - INFO - Epoch(train) [180][200/420]  base_lr: 1.0000e-02 lr: 1.1890e-03  eta: 3:44:19  time: 1.5476  data_time: 0.0072  memory: 10417  grad_norm: 23.0850  loss: 16.3116  loss_cls: 3.0855  loss_bbox: 6.0100  loss_dfl: 7.2161
2025/05/20 14:50:24 - mmengine - INFO - Epoch(train) [180][250/420]  base_lr: 1.0000e-02 lr: 1.1890e-03  eta: 3:42:55  time: 1.5477  data_time: 0.0072  memory: 10492  grad_norm: 23.9759  loss: 16.5072  loss_cls: 3.1634  loss_bbox: 6.1180  loss_dfl: 7.2259
2025/05/20 14:51:42 - mmengine - INFO - Epoch(train) [180][300/420]  base_lr: 1.0000e-02 lr: 1.1890e-03  eta: 3:41:32  time: 1.5470  data_time: 0.0071  memory: 10438  grad_norm: 25.1818  loss: 16.6501  loss_cls: 3.1879  loss_bbox: 6.1538  loss_dfl: 7.3084
2025/05/20 14:52:59 - mmengine - INFO - Epoch(train) [180][350/420]  base_lr: 1.0000e-02 lr: 1.1890e-03  eta: 3:40:10  time: 1.5487  data_time: 0.0071  memory: 10433  grad_norm: 27.5254  loss: 16.4795  loss_cls: 3.1446  loss_bbox: 6.0884  loss_dfl: 7.2465
2025/05/20 14:54:16 - mmengine - INFO - Epoch(train) [180][400/420]  base_lr: 1.0000e-02 lr: 1.1890e-03  eta: 3:38:48  time: 1.5475  data_time: 0.0071  memory: 10427  grad_norm: 24.1250  loss: 16.2563  loss_cls: 3.0991  loss_bbox: 5.9425  loss_dfl: 7.2147
2025/05/20 14:54:47 - mmengine - INFO - Exp name: yolov8_mambatransformer_enhance_20250520_141902
2025/05/20 14:54:47 - mmengine - INFO - Saving checkpoint at 180 epochs
2025/05/20 14:54:55 - mmengine - INFO - Epoch(val) [180][ 50/781]    eta: 0:01:03  time: 0.0867  data_time: 0.0022  memory: 10342  
2025/05/20 14:55:00 - mmengine - INFO - Epoch(val) [180][100/781]    eta: 0:01:02  time: 0.0954  data_time: 0.0004  memory: 1000  
2025/05/20 14:55:05 - mmengine - INFO - Epoch(val) [180][150/781]    eta: 0:00:58  time: 0.0962  data_time: 0.0004  memory: 1000  
2025/05/20 14:55:09 - mmengine - INFO - Epoch(val) [180][200/781]    eta: 0:00:53  time: 0.0894  data_time: 0.0004  memory: 1000  
2025/05/20 14:55:14 - mmengine - INFO - Epoch(val) [180][250/781]    eta: 0:00:48  time: 0.0858  data_time: 0.0004  memory: 1000  
2025/05/20 14:55:18 - mmengine - INFO - Epoch(val) [180][300/781]    eta: 0:00:43  time: 0.0860  data_time: 0.0004  memory: 1000  
2025/05/20 14:55:22 - mmengine - INFO - Epoch(val) [180][350/781]    eta: 0:00:38  time: 0.0856  data_time: 0.0003  memory: 1000  
2025/05/20 14:55:27 - mmengine - INFO - Epoch(val) [180][400/781]    eta: 0:00:33  time: 0.0856  data_time: 0.0003  memory: 1000  
2025/05/20 14:55:31 - mmengine - INFO - Epoch(val) [180][450/781]    eta: 0:00:29  time: 0.0858  data_time: 0.0004  memory: 1000  
2025/05/20 14:55:36 - mmengine - INFO - Epoch(val) [180][500/781]    eta: 0:00:25  time: 0.0969  data_time: 0.0004  memory: 1000  
2025/05/20 14:55:42 - mmengine - INFO - Epoch(val) [180][550/781]    eta: 0:00:21  time: 0.1156  data_time: 0.0014  memory: 1000  
2025/05/20 14:55:47 - mmengine - INFO - Epoch(val) [180][600/781]    eta: 0:00:16  time: 0.1090  data_time: 0.0007  memory: 1000  
2025/05/20 14:55:52 - mmengine - INFO - Epoch(val) [180][650/781]    eta: 0:00:12  time: 0.1028  data_time: 0.0004  memory: 1000  
2025/05/20 14:55:58 - mmengine - INFO - Epoch(val) [180][700/781]    eta: 0:00:07  time: 0.1120  data_time: 0.0004  memory: 1000  
2025/05/20 14:56:03 - mmengine - INFO - Epoch(val) [180][750/781]    eta: 0:00:02  time: 0.1104  data_time: 0.0004  memory: 1000  
2025/05/20 14:56:07 - mmengine - INFO - Evaluating bbox...
2025/05/20 14:56:11 - mmengine - INFO - 
+------------+-------+--------+--------+-------+-------+-------+
| category   | mAP   | mAP_50 | mAP_75 | mAP_s | mAP_m | mAP_l |
+------------+-------+--------+--------+-------+-------+-------+
| Car        | 0.689 | 0.924  | 0.768  | 0.416 | 0.72  | 0.885 |
| Truck      | 0.641 | 0.884  | 0.713  | 0.351 | 0.645 | 0.842 |
| People     | 0.515 | 0.851  | 0.537  | 0.35  | 0.699 | 0.76  |
| Bus        | 0.721 | 0.908  | 0.782  | 0.389 | 0.686 | 0.839 |
| Lamp       | 0.465 | 0.822  | 0.484  | 0.416 | 0.723 | nan   |
| Motorcycle | 0.434 | 0.724  | 0.443  | 0.103 | 0.638 | 0.791 |
+------------+-------+--------+--------+-------+-------+-------+
2025/05/20 14:56:11 - mmengine - INFO - bbox_mAP_copypaste: 0.578 0.852 0.621 0.338 0.685 0.823
2025/05/20 14:56:11 - mmengine - INFO - Epoch(val) [180][781/781]    coco/Car_precision: 0.6890  coco/Truck_precision: 0.6410  coco/People_precision: 0.5150  coco/Bus_precision: 0.7210  coco/Lamp_precision: 0.4650  coco/Motorcycle_precision: 0.4340  coco/bbox_mAP: 0.5780  coco/bbox_mAP_50: 0.8520  coco/bbox_mAP_75: 0.6210  coco/bbox_mAP_s: 0.3380  coco/bbox_mAP_m: 0.6850  coco/bbox_mAP_l: 0.8230  data_time: 0.0006  time: 0.0967
2025/05/20 14:57:32 - mmengine - INFO - Epoch(train) [181][ 50/420]  base_lr: 1.0000e-02 lr: 1.1395e-03  eta: 3:37:10  time: 1.6018  data_time: 0.0628  memory: 10449  grad_norm: 23.2071  loss: 16.1971  loss_cls: 3.0695  loss_bbox: 5.9509  loss_dfl: 7.1767
2025/05/20 14:58:49 - mmengine - INFO - Epoch(train) [181][100/420]  base_lr: 1.0000e-02 lr: 1.1395e-03  eta: 3:35:48  time: 1.5472  data_time: 0.0074  memory: 10561  grad_norm: 23.3291  loss: 16.4925  loss_cls: 3.1471  loss_bbox: 6.0529  loss_dfl: 7.2925
2025/05/20 15:00:06 - mmengine - INFO - Epoch(train) [181][150/420]  base_lr: 1.0000e-02 lr: 1.1395e-03  eta: 3:34:26  time: 1.5459  data_time: 0.0072  memory: 10502  grad_norm: 23.6881  loss: 16.1005  loss_cls: 2.9816  loss_bbox: 5.8933  loss_dfl: 7.2256
2025/05/20 15:01:24 - mmengine - INFO - Epoch(train) [181][200/420]  base_lr: 1.0000e-02 lr: 1.1395e-03  eta: 3:33:05  time: 1.5483  data_time: 0.0072  memory: 10513  grad_norm: 23.8229  loss: 16.3974  loss_cls: 3.1081  loss_bbox: 6.0770  loss_dfl: 7.2122
2025/05/20 15:02:41 - mmengine - INFO - Epoch(train) [181][250/420]  base_lr: 1.0000e-02 lr: 1.1395e-03  eta: 3:31:45  time: 1.5509  data_time: 0.0071  memory: 10417  grad_norm: 23.8670  loss: 16.1490  loss_cls: 3.0543  loss_bbox: 5.9163  loss_dfl: 7.1784
2025/05/20 15:03:59 - mmengine - INFO - Epoch(train) [181][300/420]  base_lr: 1.0000e-02 lr: 1.1395e-03  eta: 3:30:24  time: 1.5496  data_time: 0.0071  memory: 10561  grad_norm: 23.5919  loss: 16.3696  loss_cls: 3.1187  loss_bbox: 6.0423  loss_dfl: 7.2086
2025/05/20 15:05:16 - mmengine - INFO - Epoch(train) [181][350/420]  base_lr: 1.0000e-02 lr: 1.1395e-03  eta: 3:29:04  time: 1.5504  data_time: 0.0071  memory: 10476  grad_norm: 24.3606  loss: 15.5438  loss_cls: 2.8782  loss_bbox: 5.5356  loss_dfl: 7.1300
2025/05/20 15:06:34 - mmengine - INFO - Exp name: yolov8_mambatransformer_enhance_20250520_141902
2025/05/20 15:06:34 - mmengine - INFO - Epoch(train) [181][400/420]  base_lr: 1.0000e-02 lr: 1.1395e-03  eta: 3:27:46  time: 1.5567  data_time: 0.0083  memory: 10470  grad_norm: 24.6805  loss: 16.3975  loss_cls: 3.1451  loss_bbox: 6.0325  loss_dfl: 7.2199
2025/05/20 15:07:05 - mmengine - INFO - Exp name: yolov8_mambatransformer_enhance_20250520_141902
2025/05/20 15:07:05 - mmengine - INFO - Saving checkpoint at 181 epochs
2025/05/20 15:07:13 - mmengine - INFO - Epoch(val) [181][ 50/781]    eta: 0:01:08  time: 0.0939  data_time: 0.0021  memory: 10374  
2025/05/20 15:07:18 - mmengine - INFO - Epoch(val) [181][100/781]    eta: 0:01:03  time: 0.0919  data_time: 0.0004  memory: 1000  
2025/05/20 15:07:22 - mmengine - INFO - Epoch(val) [181][150/781]    eta: 0:00:57  time: 0.0893  data_time: 0.0004  memory: 1000  
2025/05/20 15:07:26 - mmengine - INFO - Epoch(val) [181][200/781]    eta: 0:00:50  time: 0.0746  data_time: 0.0003  memory: 1000  
2025/05/20 15:07:30 - mmengine - INFO - Epoch(val) [181][250/781]    eta: 0:00:45  time: 0.0746  data_time: 0.0003  memory: 1000  
2025/05/20 15:07:34 - mmengine - INFO - Epoch(val) [181][300/781]    eta: 0:00:40  time: 0.0749  data_time: 0.0004  memory: 1000  
2025/05/20 15:07:37 - mmengine - INFO - Epoch(val) [181][350/781]    eta: 0:00:35  time: 0.0746  data_time: 0.0004  memory: 1000  
2025/05/20 15:07:41 - mmengine - INFO - Epoch(val) [181][400/781]    eta: 0:00:30  time: 0.0745  data_time: 0.0003  memory: 1000  
2025/05/20 15:07:45 - mmengine - INFO - Epoch(val) [181][450/781]    eta: 0:00:26  time: 0.0745  data_time: 0.0003  memory: 1000  
2025/05/20 15:07:49 - mmengine - INFO - Epoch(val) [181][500/781]    eta: 0:00:22  time: 0.0745  data_time: 0.0004  memory: 1000  
2025/05/20 15:07:54 - mmengine - INFO - Epoch(val) [181][550/781]    eta: 0:00:18  time: 0.1030  data_time: 0.0004  memory: 1000  
2025/05/20 15:08:00 - mmengine - INFO - Epoch(val) [181][600/781]    eta: 0:00:15  time: 0.1330  data_time: 0.0033  memory: 1000  
2025/05/20 15:08:06 - mmengine - INFO - Epoch(val) [181][650/781]    eta: 0:00:11  time: 0.1191  data_time: 0.0027  memory: 1000  
2025/05/20 15:08:13 - mmengine - INFO - Epoch(val) [181][700/781]    eta: 0:00:07  time: 0.1206  data_time: 0.0013  memory: 1000  
2025/05/20 15:08:18 - mmengine - INFO - Epoch(val) [181][750/781]    eta: 0:00:02  time: 0.1147  data_time: 0.0010  memory: 1000  
2025/05/20 15:08:22 - mmengine - INFO - Evaluating bbox...
2025/05/20 15:08:26 - mmengine - INFO - 
+------------+-------+--------+--------+-------+-------+-------+
| category   | mAP   | mAP_50 | mAP_75 | mAP_s | mAP_m | mAP_l |
+------------+-------+--------+--------+-------+-------+-------+
| Car        | 0.689 | 0.924  | 0.765  | 0.416 | 0.72  | 0.887 |
| Truck      | 0.643 | 0.885  | 0.716  | 0.355 | 0.649 | 0.842 |
| People     | 0.514 | 0.852  | 0.536  | 0.35  | 0.698 | 0.761 |
| Bus        | 0.722 | 0.915  | 0.781  | 0.394 | 0.687 | 0.839 |
| Lamp       | 0.466 | 0.82   | 0.482  | 0.417 | 0.723 | nan   |
| Motorcycle | 0.435 | 0.724  | 0.443  | 0.102 | 0.639 | 0.81  |
+------------+-------+--------+--------+-------+-------+-------+
2025/05/20 15:08:26 - mmengine - INFO - bbox_mAP_copypaste: 0.578 0.854 0.621 0.339 0.686 0.828
2025/05/20 15:08:26 - mmengine - INFO - Epoch(val) [181][781/781]    coco/Car_precision: 0.6890  coco/Truck_precision: 0.6430  coco/People_precision: 0.5140  coco/Bus_precision: 0.7220  coco/Lamp_precision: 0.4660  coco/Motorcycle_precision: 0.4350  coco/bbox_mAP: 0.5780  coco/bbox_mAP_50: 0.8540  coco/bbox_mAP_75: 0.6210  coco/bbox_mAP_s: 0.3390  coco/bbox_mAP_m: 0.6860  coco/bbox_mAP_l: 0.8280  data_time: 0.0009  time: 0.0931
2025/05/20 15:08:26 - mmengine - INFO - The previous best checkpoint /data/nl/Mamba2Spectral/work_dirs/yolov8_mambatransformer_enhance/best_coco_bbox_mAP_50_epoch_178.pth is removed
2025/05/20 15:08:29 - mmengine - INFO - The best checkpoint with 0.8540 coco/bbox_mAP_50 at 181 epoch is saved to best_coco_bbox_mAP_50_epoch_181.pth.
2025/05/20 15:09:56 - mmengine - INFO - Epoch(train) [182][ 50/420]  base_lr: 1.0000e-02 lr: 1.0900e-03  eta: 3:26:12  time: 1.6289  data_time: 0.0516  memory: 10438  grad_norm: 23.8857  loss: 16.2087  loss_cls: 3.0624  loss_bbox: 5.9598  loss_dfl: 7.1864
2025/05/20 15:11:15 - mmengine - INFO - Epoch(train) [182][100/420]  base_lr: 1.0000e-02 lr: 1.0900e-03  eta: 3:24:58  time: 1.5776  data_time: 0.0073  memory: 10438  grad_norm: 24.1665  loss: 16.0882  loss_cls: 3.0512  loss_bbox: 5.9006  loss_dfl: 7.1365
2025/05/20 15:12:34 - mmengine - INFO - Epoch(train) [182][150/420]  base_lr: 1.0000e-02 lr: 1.0900e-03  eta: 3:23:44  time: 1.5781  data_time: 0.0073  memory: 10476  grad_norm: 23.3330  loss: 16.2000  loss_cls: 3.0843  loss_bbox: 5.9472  loss_dfl: 7.1685
2025/05/20 15:13:53 - mmengine - INFO - Epoch(train) [182][200/420]  base_lr: 1.0000e-02 lr: 1.0900e-03  eta: 3:22:29  time: 1.5782  data_time: 0.0072  memory: 10374  grad_norm: 24.1248  loss: 16.1744  loss_cls: 3.1143  loss_bbox: 5.8766  loss_dfl: 7.1836
2025/05/20 15:15:12 - mmengine - INFO - Epoch(train) [182][250/420]  base_lr: 1.0000e-02 lr: 1.0900e-03  eta: 3:21:14  time: 1.5777  data_time: 0.0072  memory: 10465  grad_norm: 23.4502  loss: 16.2644  loss_cls: 3.0758  loss_bbox: 5.9432  loss_dfl: 7.2454
2025/05/20 15:16:31 - mmengine - INFO - Epoch(train) [182][300/420]  base_lr: 1.0000e-02 lr: 1.0900e-03  eta: 3:19:59  time: 1.5771  data_time: 0.0072  memory: 10347  grad_norm: 25.3146  loss: 16.3138  loss_cls: 3.0806  loss_bbox: 5.9853  loss_dfl: 7.2479
2025/05/20 15:17:50 - mmengine - INFO - Epoch(train) [182][350/420]  base_lr: 1.0000e-02 lr: 1.0900e-03  eta: 3:18:44  time: 1.5780  data_time: 0.0072  memory: 10427  grad_norm: 23.6887  loss: 16.0786  loss_cls: 3.0074  loss_bbox: 5.8551  loss_dfl: 7.2160
2025/05/20 15:19:09 - mmengine - INFO - Epoch(train) [182][400/420]  base_lr: 1.0000e-02 lr: 1.0900e-03  eta: 3:17:29  time: 1.5776  data_time: 0.0072  memory: 10406  grad_norm: 24.0262  loss: 16.1255  loss_cls: 3.0755  loss_bbox: 5.8831  loss_dfl: 7.1669
2025/05/20 15:19:40 - mmengine - INFO - Exp name: yolov8_mambatransformer_enhance_20250520_141902
2025/05/20 15:19:40 - mmengine - INFO - Saving checkpoint at 182 epochs
2025/05/20 15:19:48 - mmengine - INFO - Epoch(val) [182][ 50/781]    eta: 0:01:10  time: 0.0961  data_time: 0.0022  memory: 10422  
2025/05/20 15:19:52 - mmengine - INFO - Epoch(val) [182][100/781]    eta: 0:00:58  time: 0.0752  data_time: 0.0004  memory: 1000  
2025/05/20 15:19:56 - mmengine - INFO - Epoch(val) [182][150/781]    eta: 0:00:51  time: 0.0735  data_time: 0.0004  memory: 1000  
2025/05/20 15:20:00 - mmengine - INFO - Epoch(val) [182][200/781]    eta: 0:00:46  time: 0.0741  data_time: 0.0004  memory: 1000  
2025/05/20 15:20:04 - mmengine - INFO - Epoch(val) [182][250/781]    eta: 0:00:42  time: 0.0815  data_time: 0.0004  memory: 1000  
2025/05/20 15:20:08 - mmengine - INFO - Epoch(val) [182][300/781]    eta: 0:00:38  time: 0.0852  data_time: 0.0003  memory: 1000  
2025/05/20 15:20:12 - mmengine - INFO - Epoch(val) [182][350/781]    eta: 0:00:35  time: 0.0852  data_time: 0.0003  memory: 1000  
2025/05/20 15:20:17 - mmengine - INFO - Epoch(val) [182][400/781]    eta: 0:00:31  time: 0.0910  data_time: 0.0004  memory: 1000  
2025/05/20 15:20:23 - mmengine - INFO - Epoch(val) [182][450/781]    eta: 0:00:28  time: 0.1140  data_time: 0.0012  memory: 1000  
2025/05/20 15:20:28 - mmengine - INFO - Epoch(val) [182][500/781]    eta: 0:00:24  time: 0.1080  data_time: 0.0004  memory: 1000  
2025/05/20 15:20:34 - mmengine - INFO - Epoch(val) [182][550/781]    eta: 0:00:21  time: 0.1181  data_time: 0.0013  memory: 1000  
2025/05/20 15:20:40 - mmengine - INFO - Epoch(val) [182][600/781]    eta: 0:00:16  time: 0.1150  data_time: 0.0010  memory: 1000  
2025/05/20 15:20:46 - mmengine - INFO - Epoch(val) [182][650/781]    eta: 0:00:12  time: 0.1311  data_time: 0.0023  memory: 1000  
2025/05/20 15:20:52 - mmengine - INFO - Epoch(val) [182][700/781]    eta: 0:00:07  time: 0.1214  data_time: 0.0021  memory: 1000  
2025/05/20 15:20:58 - mmengine - INFO - Epoch(val) [182][750/781]    eta: 0:00:03  time: 0.1196  data_time: 0.0024  memory: 1000  
2025/05/20 15:21:02 - mmengine - INFO - Evaluating bbox...
2025/05/20 15:21:06 - mmengine - INFO - 
+------------+-------+--------+--------+-------+-------+-------+
| category   | mAP   | mAP_50 | mAP_75 | mAP_s | mAP_m | mAP_l |
+------------+-------+--------+--------+-------+-------+-------+
| Car        | 0.689 | 0.924  | 0.765  | 0.416 | 0.719 | 0.888 |
| Truck      | 0.643 | 0.885  | 0.712  | 0.356 | 0.647 | 0.845 |
| People     | 0.515 | 0.852  | 0.537  | 0.351 | 0.698 | 0.761 |
| Bus        | 0.721 | 0.915  | 0.781  | 0.396 | 0.685 | 0.838 |
| Lamp       | 0.467 | 0.822  | 0.481  | 0.418 | 0.725 | nan   |
| Motorcycle | 0.437 | 0.724  | 0.443  | 0.102 | 0.642 | 0.81  |
+------------+-------+--------+--------+-------+-------+-------+
2025/05/20 15:21:06 - mmengine - INFO - bbox_mAP_copypaste: 0.579 0.854 0.620 0.340 0.686 0.828
2025/05/20 15:21:06 - mmengine - INFO - Epoch(val) [182][781/781]    coco/Car_precision: 0.6890  coco/Truck_precision: 0.6430  coco/People_precision: 0.5150  coco/Bus_precision: 0.7210  coco/Lamp_precision: 0.4670  coco/Motorcycle_precision: 0.4370  coco/bbox_mAP: 0.5790  coco/bbox_mAP_50: 0.8540  coco/bbox_mAP_75: 0.6200  coco/bbox_mAP_s: 0.3400  coco/bbox_mAP_m: 0.6860  coco/bbox_mAP_l: 0.8280  data_time: 0.0010  time: 0.0996
2025/05/20 15:22:27 - mmengine - INFO - Epoch(train) [183][ 50/420]  base_lr: 1.0000e-02 lr: 1.0405e-03  eta: 3:15:47  time: 1.6056  data_time: 0.0633  memory: 10555  grad_norm: 22.6096  loss: 16.1825  loss_cls: 3.0740  loss_bbox: 5.9044  loss_dfl: 7.2041
2025/05/20 15:23:44 - mmengine - INFO - Epoch(train) [183][100/420]  base_lr: 1.0000e-02 lr: 1.0405e-03  eta: 3:14:27  time: 1.5521  data_time: 0.0071  memory: 10454  grad_norm: 23.1417  loss: 16.0603  loss_cls: 3.0270  loss_bbox: 5.9033  loss_dfl: 7.1300
2025/05/20 15:25:02 - mmengine - INFO - Epoch(train) [183][150/420]  base_lr: 1.0000e-02 lr: 1.0405e-03  eta: 3:13:07  time: 1.5545  data_time: 0.0071  memory: 10406  grad_norm: 24.0934  loss: 16.2185  loss_cls: 3.0452  loss_bbox: 5.9116  loss_dfl: 7.2617
2025/05/20 15:26:20 - mmengine - INFO - Epoch(train) [183][200/420]  base_lr: 1.0000e-02 lr: 1.0405e-03  eta: 3:11:47  time: 1.5509  data_time: 0.0071  memory: 10363  grad_norm: 24.2282  loss: 16.1977  loss_cls: 3.0575  loss_bbox: 5.8885  loss_dfl: 7.2516
2025/05/20 15:27:37 - mmengine - INFO - Epoch(train) [183][250/420]  base_lr: 1.0000e-02 lr: 1.0405e-03  eta: 3:10:26  time: 1.5470  data_time: 0.0072  memory: 10363  grad_norm: 25.2554  loss: 16.0873  loss_cls: 3.0435  loss_bbox: 5.8501  loss_dfl: 7.1937
2025/05/20 15:28:54 - mmengine - INFO - Epoch(train) [183][300/420]  base_lr: 1.0000e-02 lr: 1.0405e-03  eta: 3:09:05  time: 1.5467  data_time: 0.0072  memory: 10454  grad_norm: 22.9801  loss: 16.2910  loss_cls: 3.0710  loss_bbox: 6.0696  loss_dfl: 7.1505
2025/05/20 15:30:12 - mmengine - INFO - Epoch(train) [183][350/420]  base_lr: 1.0000e-02 lr: 1.0405e-03  eta: 3:07:45  time: 1.5473  data_time: 0.0071  memory: 10481  grad_norm: 24.6435  loss: 16.4664  loss_cls: 3.1100  loss_bbox: 6.0918  loss_dfl: 7.2646
2025/05/20 15:31:29 - mmengine - INFO - Epoch(train) [183][400/420]  base_lr: 1.0000e-02 lr: 1.0405e-03  eta: 3:06:25  time: 1.5472  data_time: 0.0071  memory: 10427  grad_norm: 25.4663  loss: 16.1777  loss_cls: 3.0634  loss_bbox: 5.8716  loss_dfl: 7.2427
2025/05/20 15:32:00 - mmengine - INFO - Exp name: yolov8_mambatransformer_enhance_20250520_141902
2025/05/20 15:32:00 - mmengine - INFO - Saving checkpoint at 183 epochs
2025/05/20 15:32:08 - mmengine - INFO - Epoch(val) [183][ 50/781]    eta: 0:00:57  time: 0.0781  data_time: 0.0022  memory: 10385  
2025/05/20 15:32:12 - mmengine - INFO - Epoch(val) [183][100/781]    eta: 0:00:55  time: 0.0855  data_time: 0.0004  memory: 1000  
2025/05/20 15:32:16 - mmengine - INFO - Epoch(val) [183][150/781]    eta: 0:00:52  time: 0.0858  data_time: 0.0004  memory: 1000  
2025/05/20 15:32:21 - mmengine - INFO - Epoch(val) [183][200/781]    eta: 0:00:48  time: 0.0866  data_time: 0.0004  memory: 1000  
2025/05/20 15:32:25 - mmengine - INFO - Epoch(val) [183][250/781]    eta: 0:00:45  time: 0.0959  data_time: 0.0004  memory: 1000  
2025/05/20 15:32:30 - mmengine - INFO - Epoch(val) [183][300/781]    eta: 0:00:41  time: 0.0919  data_time: 0.0004  memory: 1000  
2025/05/20 15:32:35 - mmengine - INFO - Epoch(val) [183][350/781]    eta: 0:00:37  time: 0.0920  data_time: 0.0004  memory: 1000  
2025/05/20 15:32:40 - mmengine - INFO - Epoch(val) [183][400/781]    eta: 0:00:34  time: 0.1144  data_time: 0.0020  memory: 1000  
2025/05/20 15:32:46 - mmengine - INFO - Epoch(val) [183][450/781]    eta: 0:00:31  time: 0.1169  data_time: 0.0042  memory: 1000  
2025/05/20 15:32:52 - mmengine - INFO - Epoch(val) [183][500/781]    eta: 0:00:27  time: 0.1228  data_time: 0.0013  memory: 1000  
2025/05/20 15:33:00 - mmengine - INFO - Epoch(val) [183][550/781]    eta: 0:00:23  time: 0.1475  data_time: 0.0010  memory: 1000  
2025/05/20 15:33:07 - mmengine - INFO - Epoch(val) [183][600/781]    eta: 0:00:18  time: 0.1404  data_time: 0.0009  memory: 1000  
2025/05/20 15:33:13 - mmengine - INFO - Epoch(val) [183][650/781]    eta: 0:00:13  time: 0.1306  data_time: 0.0029  memory: 1000  
2025/05/20 15:33:19 - mmengine - INFO - Epoch(val) [183][700/781]    eta: 0:00:08  time: 0.1154  data_time: 0.0016  memory: 1000  
2025/05/20 15:33:25 - mmengine - INFO - Epoch(val) [183][750/781]    eta: 0:00:03  time: 0.1206  data_time: 0.0014  memory: 1000  
2025/05/20 15:33:29 - mmengine - INFO - Evaluating bbox...
2025/05/20 15:33:33 - mmengine - INFO - 
+------------+-------+--------+--------+-------+-------+-------+
| category   | mAP   | mAP_50 | mAP_75 | mAP_s | mAP_m | mAP_l |
+------------+-------+--------+--------+-------+-------+-------+
| Car        | 0.689 | 0.924  | 0.764  | 0.417 | 0.719 | 0.888 |
| Truck      | 0.645 | 0.887  | 0.722  | 0.356 | 0.649 | 0.844 |
| People     | 0.515 | 0.853  | 0.537  | 0.35  | 0.7   | 0.761 |
| Bus        | 0.722 | 0.915  | 0.791  | 0.404 | 0.685 | 0.838 |
| Lamp       | 0.467 | 0.822  | 0.481  | 0.418 | 0.725 | nan   |
| Motorcycle | 0.437 | 0.724  | 0.454  | 0.101 | 0.645 | 0.81  |
+------------+-------+--------+--------+-------+-------+-------+
2025/05/20 15:33:33 - mmengine - INFO - bbox_mAP_copypaste: 0.579 0.854 0.625 0.341 0.687 0.828
2025/05/20 15:33:33 - mmengine - INFO - Epoch(val) [183][781/781]    coco/Car_precision: 0.6890  coco/Truck_precision: 0.6450  coco/People_precision: 0.5150  coco/Bus_precision: 0.7220  coco/Lamp_precision: 0.4670  coco/Motorcycle_precision: 0.4370  coco/bbox_mAP: 0.5790  coco/bbox_mAP_50: 0.8540  coco/bbox_mAP_75: 0.6250  coco/bbox_mAP_s: 0.3410  coco/bbox_mAP_m: 0.6870  coco/bbox_mAP_l: 0.8280  data_time: 0.0013  time: 0.1082
2025/05/20 15:34:53 - mmengine - INFO - Epoch(train) [184][ 50/420]  base_lr: 1.0000e-02 lr: 9.9100e-04  eta: 3:04:39  time: 1.5994  data_time: 0.0535  memory: 10401  grad_norm: 24.7188  loss: 16.4825  loss_cls: 3.1367  loss_bbox: 6.0637  loss_dfl: 7.2821
2025/05/20 15:36:11 - mmengine - INFO - Epoch(train) [184][100/420]  base_lr: 1.0000e-02 lr: 9.9100e-04  eta: 3:03:19  time: 1.5482  data_time: 0.0072  memory: 10417  grad_norm: 25.2124  loss: 16.0866  loss_cls: 3.0630  loss_bbox: 5.7913  loss_dfl: 7.2323
2025/05/20 15:37:13 - mmengine - INFO - Exp name: yolov8_mambatransformer_enhance_20250520_141902
2025/05/20 15:37:28 - mmengine - INFO - Epoch(train) [184][150/420]  base_lr: 1.0000e-02 lr: 9.9100e-04  eta: 3:01:59  time: 1.5469  data_time: 0.0072  memory: 10401  grad_norm: 24.2254  loss: 16.1893  loss_cls: 3.0810  loss_bbox: 5.8970  loss_dfl: 7.2114
2025/05/20 15:38:45 - mmengine - INFO - Epoch(train) [184][200/420]  base_lr: 1.0000e-02 lr: 9.9100e-04  eta: 3:00:39  time: 1.5468  data_time: 0.0072  memory: 10390  grad_norm: 24.7541  loss: 16.0482  loss_cls: 3.0016  loss_bbox: 5.8470  loss_dfl: 7.1996
2025/05/20 15:40:03 - mmengine - INFO - Epoch(train) [184][250/420]  base_lr: 1.0000e-02 lr: 9.9100e-04  eta: 2:59:19  time: 1.5488  data_time: 0.0072  memory: 10433  grad_norm: 22.9176  loss: 15.8413  loss_cls: 2.9733  loss_bbox: 5.7650  loss_dfl: 7.1029
2025/05/20 15:41:20 - mmengine - INFO - Epoch(train) [184][300/420]  base_lr: 1.0000e-02 lr: 9.9100e-04  eta: 2:58:00  time: 1.5470  data_time: 0.0072  memory: 10492  grad_norm: 23.2764  loss: 16.0328  loss_cls: 2.9875  loss_bbox: 5.8570  loss_dfl: 7.1883
2025/05/20 15:42:38 - mmengine - INFO - Epoch(train) [184][350/420]  base_lr: 1.0000e-02 lr: 9.9100e-04  eta: 2:56:40  time: 1.5472  data_time: 0.0072  memory: 10454  grad_norm: 23.3790  loss: 15.7044  loss_cls: 2.9247  loss_bbox: 5.6252  loss_dfl: 7.1546
2025/05/20 15:43:55 - mmengine - INFO - Epoch(train) [184][400/420]  base_lr: 1.0000e-02 lr: 9.9100e-04  eta: 2:55:20  time: 1.5481  data_time: 0.0072  memory: 10422  grad_norm: 24.1104  loss: 16.3162  loss_cls: 3.0544  loss_bbox: 5.9980  loss_dfl: 7.2638
2025/05/20 15:44:26 - mmengine - INFO - Exp name: yolov8_mambatransformer_enhance_20250520_141902
2025/05/20 15:44:26 - mmengine - INFO - Saving checkpoint at 184 epochs
2025/05/20 15:44:33 - mmengine - INFO - Epoch(val) [184][ 50/781]    eta: 0:00:58  time: 0.0795  data_time: 0.0022  memory: 10395  
2025/05/20 15:44:37 - mmengine - INFO - Epoch(val) [184][100/781]    eta: 0:00:54  time: 0.0819  data_time: 0.0004  memory: 1000  
2025/05/20 15:44:42 - mmengine - INFO - Epoch(val) [184][150/781]    eta: 0:00:52  time: 0.0901  data_time: 0.0004  memory: 1000  
2025/05/20 15:44:47 - mmengine - INFO - Epoch(val) [184][200/781]    eta: 0:00:50  time: 0.0930  data_time: 0.0003  memory: 1000  
2025/05/20 15:44:51 - mmengine - INFO - Epoch(val) [184][250/781]    eta: 0:00:46  time: 0.0933  data_time: 0.0003  memory: 1000  
2025/05/20 15:44:56 - mmengine - INFO - Epoch(val) [184][300/781]    eta: 0:00:41  time: 0.0852  data_time: 0.0004  memory: 1000  
2025/05/20 15:45:00 - mmengine - INFO - Epoch(val) [184][350/781]    eta: 0:00:37  time: 0.0788  data_time: 0.0004  memory: 1000  
2025/05/20 15:45:05 - mmengine - INFO - Epoch(val) [184][400/781]    eta: 0:00:33  time: 0.0988  data_time: 0.0004  memory: 1000  
2025/05/20 15:45:11 - mmengine - INFO - Epoch(val) [184][450/781]    eta: 0:00:30  time: 0.1386  data_time: 0.0004  memory: 1000  
2025/05/20 15:45:17 - mmengine - INFO - Epoch(val) [184][500/781]    eta: 0:00:26  time: 0.1176  data_time: 0.0025  memory: 1000  
2025/05/20 15:45:23 - mmengine - INFO - Epoch(val) [184][550/781]    eta: 0:00:22  time: 0.1061  data_time: 0.0016  memory: 1000  
2025/05/20 15:45:29 - mmengine - INFO - Epoch(val) [184][600/781]    eta: 0:00:17  time: 0.1170  data_time: 0.0036  memory: 1000  
2025/05/20 15:45:34 - mmengine - INFO - Epoch(val) [184][650/781]    eta: 0:00:12  time: 0.1098  data_time: 0.0019  memory: 1000  
2025/05/20 15:45:40 - mmengine - INFO - Epoch(val) [184][700/781]    eta: 0:00:08  time: 0.1181  data_time: 0.0018  memory: 1000  
2025/05/20 15:45:48 - mmengine - INFO - Epoch(val) [184][750/781]    eta: 0:00:03  time: 0.1515  data_time: 0.0030  memory: 1000  
2025/05/20 15:45:52 - mmengine - INFO - Evaluating bbox...
2025/05/20 15:45:56 - mmengine - INFO - 
+------------+-------+--------+--------+-------+-------+-------+
| category   | mAP   | mAP_50 | mAP_75 | mAP_s | mAP_m | mAP_l |
+------------+-------+--------+--------+-------+-------+-------+
| Car        | 0.689 | 0.924  | 0.764  | 0.417 | 0.719 | 0.888 |
| Truck      | 0.646 | 0.887  | 0.728  | 0.356 | 0.65  | 0.844 |
| People     | 0.515 | 0.853  | 0.538  | 0.351 | 0.699 | 0.763 |
| Bus        | 0.723 | 0.915  | 0.791  | 0.404 | 0.687 | 0.838 |
| Lamp       | 0.468 | 0.821  | 0.481  | 0.419 | 0.725 | nan   |
| Motorcycle | 0.437 | 0.724  | 0.454  | 0.101 | 0.645 | 0.81  |
+------------+-------+--------+--------+-------+-------+-------+
2025/05/20 15:45:56 - mmengine - INFO - bbox_mAP_copypaste: 0.580 0.854 0.626 0.341 0.687 0.829
2025/05/20 15:45:57 - mmengine - INFO - Epoch(val) [184][781/781]    coco/Car_precision: 0.6890  coco/Truck_precision: 0.6460  coco/People_precision: 0.5150  coco/Bus_precision: 0.7230  coco/Lamp_precision: 0.4680  coco/Motorcycle_precision: 0.4370  coco/bbox_mAP: 0.5800  coco/bbox_mAP_50: 0.8540  coco/bbox_mAP_75: 0.6260  coco/bbox_mAP_s: 0.3410  coco/bbox_mAP_m: 0.6870  coco/bbox_mAP_l: 0.8290  data_time: 0.0014  time: 0.1053
2025/05/20 15:47:17 - mmengine - INFO - Epoch(train) [185][ 50/420]  base_lr: 1.0000e-02 lr: 9.4150e-04  eta: 2:53:34  time: 1.6000  data_time: 0.0630  memory: 10454  grad_norm: 25.1375  loss: 16.4216  loss_cls: 3.1052  loss_bbox: 6.0996  loss_dfl: 7.2168
2025/05/20 15:48:33 - mmengine - INFO - Epoch(train) [185][100/420]  base_lr: 1.0000e-02 lr: 9.4150e-04  eta: 2:52:13  time: 1.5320  data_time: 0.0065  memory: 10465  grad_norm: 24.1151  loss: 16.0249  loss_cls: 3.0026  loss_bbox: 5.8204  loss_dfl: 7.2020
2025/05/20 15:49:50 - mmengine - INFO - Epoch(train) [185][150/420]  base_lr: 1.0000e-02 lr: 9.4150e-04  eta: 2:50:52  time: 1.5323  data_time: 0.0066  memory: 10390  grad_norm: 23.8212  loss: 15.9005  loss_cls: 2.9426  loss_bbox: 5.7823  loss_dfl: 7.1755
2025/05/20 15:51:06 - mmengine - INFO - Epoch(train) [185][200/420]  base_lr: 1.0000e-02 lr: 9.4150e-04  eta: 2:49:31  time: 1.5325  data_time: 0.0066  memory: 10411  grad_norm: 23.5080  loss: 16.2652  loss_cls: 3.0345  loss_bbox: 5.9557  loss_dfl: 7.2749
2025/05/20 15:52:23 - mmengine - INFO - Epoch(train) [185][250/420]  base_lr: 1.0000e-02 lr: 9.4150e-04  eta: 2:48:10  time: 1.5324  data_time: 0.0066  memory: 10385  grad_norm: 24.3373  loss: 16.1215  loss_cls: 2.9969  loss_bbox: 5.8798  loss_dfl: 7.2448
2025/05/20 15:53:40 - mmengine - INFO - Epoch(train) [185][300/420]  base_lr: 1.0000e-02 lr: 9.4150e-04  eta: 2:46:50  time: 1.5323  data_time: 0.0065  memory: 10550  grad_norm: 23.8688  loss: 15.9418  loss_cls: 2.9886  loss_bbox: 5.7770  loss_dfl: 7.1762
2025/05/20 15:54:56 - mmengine - INFO - Epoch(train) [185][350/420]  base_lr: 1.0000e-02 lr: 9.4150e-04  eta: 2:45:29  time: 1.5319  data_time: 0.0065  memory: 10422  grad_norm: 25.2670  loss: 16.0723  loss_cls: 3.0221  loss_bbox: 5.7927  loss_dfl: 7.2575
2025/05/20 15:56:13 - mmengine - INFO - Epoch(train) [185][400/420]  base_lr: 1.0000e-02 lr: 9.4150e-04  eta: 2:44:09  time: 1.5323  data_time: 0.0065  memory: 10406  grad_norm: 24.3306  loss: 16.1282  loss_cls: 3.0532  loss_bbox: 5.9201  loss_dfl: 7.1550
2025/05/20 15:56:44 - mmengine - INFO - Exp name: yolov8_mambatransformer_enhance_20250520_141902
2025/05/20 15:56:44 - mmengine - INFO - Saving checkpoint at 185 epochs
2025/05/20 15:56:52 - mmengine - INFO - Epoch(val) [185][ 50/781]    eta: 0:01:06  time: 0.0913  data_time: 0.0028  memory: 10523  
2025/05/20 15:56:56 - mmengine - INFO - Epoch(val) [185][100/781]    eta: 0:01:02  time: 0.0917  data_time: 0.0004  memory: 1000  
2025/05/20 15:57:01 - mmengine - INFO - Epoch(val) [185][150/781]    eta: 0:00:57  time: 0.0915  data_time: 0.0004  memory: 1000  
2025/05/20 15:57:05 - mmengine - INFO - Epoch(val) [185][200/781]    eta: 0:00:53  time: 0.0915  data_time: 0.0004  memory: 1000  
2025/05/20 15:57:10 - mmengine - INFO - Epoch(val) [185][250/781]    eta: 0:00:48  time: 0.0864  data_time: 0.0004  memory: 1000  
2025/05/20 15:57:14 - mmengine - INFO - Epoch(val) [185][300/781]    eta: 0:00:43  time: 0.0853  data_time: 0.0004  memory: 1000  
2025/05/20 15:57:18 - mmengine - INFO - Epoch(val) [185][350/781]    eta: 0:00:38  time: 0.0854  data_time: 0.0004  memory: 1000  
2025/05/20 15:57:23 - mmengine - INFO - Epoch(val) [185][400/781]    eta: 0:00:33  time: 0.0853  data_time: 0.0004  memory: 1000  
2025/05/20 15:57:27 - mmengine - INFO - Epoch(val) [185][450/781]    eta: 0:00:29  time: 0.0854  data_time: 0.0004  memory: 1000  
2025/05/20 15:57:31 - mmengine - INFO - Epoch(val) [185][500/781]    eta: 0:00:24  time: 0.0807  data_time: 0.0004  memory: 1000  
2025/05/20 15:57:35 - mmengine - INFO - Epoch(val) [185][550/781]    eta: 0:00:19  time: 0.0737  data_time: 0.0004  memory: 1000  
2025/05/20 15:57:39 - mmengine - INFO - Epoch(val) [185][600/781]    eta: 0:00:15  time: 0.0951  data_time: 0.0004  memory: 1000  
2025/05/20 15:57:44 - mmengine - INFO - Epoch(val) [185][650/781]    eta: 0:00:11  time: 0.0992  data_time: 0.0004  memory: 1000  
2025/05/20 15:57:50 - mmengine - INFO - Epoch(val) [185][700/781]    eta: 0:00:07  time: 0.1114  data_time: 0.0009  memory: 1000  
2025/05/20 15:57:56 - mmengine - INFO - Epoch(val) [185][750/781]    eta: 0:00:02  time: 0.1154  data_time: 0.0015  memory: 1000  
2025/05/20 15:57:59 - mmengine - INFO - Evaluating bbox...
2025/05/20 15:58:04 - mmengine - INFO - 
+------------+-------+--------+--------+-------+-------+-------+
| category   | mAP   | mAP_50 | mAP_75 | mAP_s | mAP_m | mAP_l |
+------------+-------+--------+--------+-------+-------+-------+
| Car        | 0.69  | 0.924  | 0.765  | 0.417 | 0.72  | 0.889 |
| Truck      | 0.645 | 0.886  | 0.728  | 0.354 | 0.649 | 0.846 |
| People     | 0.515 | 0.853  | 0.537  | 0.351 | 0.698 | 0.762 |
| Bus        | 0.725 | 0.915  | 0.796  | 0.408 | 0.69  | 0.84  |
| Lamp       | 0.469 | 0.822  | 0.481  | 0.42  | 0.727 | nan   |
| Motorcycle | 0.437 | 0.724  | 0.453  | 0.1   | 0.645 | 0.81  |
+------------+-------+--------+--------+-------+-------+-------+
2025/05/20 15:58:04 - mmengine - INFO - bbox_mAP_copypaste: 0.580 0.854 0.627 0.342 0.688 0.829
2025/05/20 15:58:04 - mmengine - INFO - Epoch(val) [185][781/781]    coco/Car_precision: 0.6900  coco/Truck_precision: 0.6450  coco/People_precision: 0.5150  coco/Bus_precision: 0.7250  coco/Lamp_precision: 0.4690  coco/Motorcycle_precision: 0.4370  coco/bbox_mAP: 0.5800  coco/bbox_mAP_50: 0.8540  coco/bbox_mAP_75: 0.6270  coco/bbox_mAP_s: 0.3420  coco/bbox_mAP_m: 0.6880  coco/bbox_mAP_l: 0.8290  data_time: 0.0007  time: 0.0919
2025/05/20 15:59:24 - mmengine - INFO - Epoch(train) [186][ 50/420]  base_lr: 1.0000e-02 lr: 8.9200e-04  eta: 2:42:22  time: 1.5992  data_time: 0.0666  memory: 10406  grad_norm: 25.1358  loss: 16.0653  loss_cls: 3.0161  loss_bbox: 5.8710  loss_dfl: 7.1782
2025/05/20 16:00:40 - mmengine - INFO - Epoch(train) [186][100/420]  base_lr: 1.0000e-02 lr: 8.9200e-04  eta: 2:41:02  time: 1.5319  data_time: 0.0065  memory: 10385  grad_norm: 24.3231  loss: 15.8713  loss_cls: 2.9928  loss_bbox: 5.7367  loss_dfl: 7.1418
2025/05/20 16:01:57 - mmengine - INFO - Epoch(train) [186][150/420]  base_lr: 1.0000e-02 lr: 8.9200e-04  eta: 2:39:42  time: 1.5322  data_time: 0.0066  memory: 10411  grad_norm: 23.2193  loss: 16.0279  loss_cls: 2.9702  loss_bbox: 5.8440  loss_dfl: 7.2137
2025/05/20 16:03:14 - mmengine - INFO - Epoch(train) [186][200/420]  base_lr: 1.0000e-02 lr: 8.9200e-04  eta: 2:38:23  time: 1.5488  data_time: 0.0071  memory: 10454  grad_norm: 24.2952  loss: 15.9582  loss_cls: 2.9735  loss_bbox: 5.8397  loss_dfl: 7.1449
2025/05/20 16:04:32 - mmengine - INFO - Epoch(train) [186][250/420]  base_lr: 1.0000e-02 lr: 8.9200e-04  eta: 2:37:04  time: 1.5460  data_time: 0.0072  memory: 10492  grad_norm: 22.6064  loss: 16.0062  loss_cls: 2.9979  loss_bbox: 5.8463  loss_dfl: 7.1620
2025/05/20 16:05:49 - mmengine - INFO - Exp name: yolov8_mambatransformer_enhance_20250520_141902
2025/05/20 16:05:49 - mmengine - INFO - Epoch(train) [186][300/420]  base_lr: 1.0000e-02 lr: 8.9200e-04  eta: 2:35:45  time: 1.5455  data_time: 0.0072  memory: 10427  grad_norm: 24.3749  loss: 16.1122  loss_cls: 3.0316  loss_bbox: 5.8892  loss_dfl: 7.1915
2025/05/20 16:07:06 - mmengine - INFO - Epoch(train) [186][350/420]  base_lr: 1.0000e-02 lr: 8.9200e-04  eta: 2:34:26  time: 1.5473  data_time: 0.0072  memory: 10449  grad_norm: 23.7245  loss: 15.6515  loss_cls: 2.9282  loss_bbox: 5.6210  loss_dfl: 7.1022
2025/05/20 16:08:24 - mmengine - INFO - Epoch(train) [186][400/420]  base_lr: 1.0000e-02 lr: 8.9200e-04  eta: 2:33:08  time: 1.5464  data_time: 0.0072  memory: 10443  grad_norm: 23.6193  loss: 15.8009  loss_cls: 2.9422  loss_bbox: 5.7098  loss_dfl: 7.1489
2025/05/20 16:08:55 - mmengine - INFO - Exp name: yolov8_mambatransformer_enhance_20250520_141902
2025/05/20 16:08:55 - mmengine - INFO - Saving checkpoint at 186 epochs
2025/05/20 16:09:03 - mmengine - INFO - Epoch(val) [186][ 50/781]    eta: 0:01:08  time: 0.0941  data_time: 0.0022  memory: 10470  
2025/05/20 16:09:07 - mmengine - INFO - Epoch(val) [186][100/781]    eta: 0:01:03  time: 0.0915  data_time: 0.0004  memory: 1000  
2025/05/20 16:09:12 - mmengine - INFO - Epoch(val) [186][150/781]    eta: 0:00:58  time: 0.0914  data_time: 0.0004  memory: 1000  
2025/05/20 16:09:16 - mmengine - INFO - Epoch(val) [186][200/781]    eta: 0:00:53  time: 0.0915  data_time: 0.0004  memory: 1000  
2025/05/20 16:09:21 - mmengine - INFO - Epoch(val) [186][250/781]    eta: 0:00:48  time: 0.0915  data_time: 0.0004  memory: 1000  
2025/05/20 16:09:25 - mmengine - INFO - Epoch(val) [186][300/781]    eta: 0:00:42  time: 0.0757  data_time: 0.0004  memory: 1000  
2025/05/20 16:09:29 - mmengine - INFO - Epoch(val) [186][350/781]    eta: 0:00:37  time: 0.0737  data_time: 0.0004  memory: 1000  
2025/05/20 16:09:32 - mmengine - INFO - Epoch(val) [186][400/781]    eta: 0:00:32  time: 0.0739  data_time: 0.0004  memory: 1000  
2025/05/20 16:09:36 - mmengine - INFO - Epoch(val) [186][450/781]    eta: 0:00:27  time: 0.0737  data_time: 0.0004  memory: 1000  
2025/05/20 16:09:40 - mmengine - INFO - Epoch(val) [186][500/781]    eta: 0:00:23  time: 0.0774  data_time: 0.0004  memory: 1000  
2025/05/20 16:09:44 - mmengine - INFO - Epoch(val) [186][550/781]    eta: 0:00:19  time: 0.0855  data_time: 0.0004  memory: 1000  
2025/05/20 16:09:49 - mmengine - INFO - Epoch(val) [186][600/781]    eta: 0:00:15  time: 0.0957  data_time: 0.0004  memory: 1000  
2025/05/20 16:09:54 - mmengine - INFO - Epoch(val) [186][650/781]    eta: 0:00:11  time: 0.1059  data_time: 0.0016  memory: 1000  
2025/05/20 16:10:00 - mmengine - INFO - Epoch(val) [186][700/781]    eta: 0:00:07  time: 0.1160  data_time: 0.0028  memory: 1000  
2025/05/20 16:10:06 - mmengine - INFO - Epoch(val) [186][750/781]    eta: 0:00:02  time: 0.1066  data_time: 0.0004  memory: 1000  
2025/05/20 16:10:09 - mmengine - INFO - Evaluating bbox...
2025/05/20 16:10:14 - mmengine - INFO - 
+------------+-------+--------+--------+-------+-------+-------+
| category   | mAP   | mAP_50 | mAP_75 | mAP_s | mAP_m | mAP_l |
+------------+-------+--------+--------+-------+-------+-------+
| Car        | 0.689 | 0.924  | 0.768  | 0.418 | 0.719 | 0.888 |
| Truck      | 0.645 | 0.887  | 0.724  | 0.355 | 0.648 | 0.847 |
| People     | 0.516 | 0.856  | 0.537  | 0.352 | 0.698 | 0.763 |
| Bus        | 0.723 | 0.916  | 0.793  | 0.405 | 0.688 | 0.841 |
| Lamp       | 0.469 | 0.821  | 0.481  | 0.419 | 0.73  | nan   |
| Motorcycle | 0.437 | 0.726  | 0.451  | 0.1   | 0.642 | 0.81  |
+------------+-------+--------+--------+-------+-------+-------+
2025/05/20 16:10:14 - mmengine - INFO - bbox_mAP_copypaste: 0.580 0.855 0.626 0.342 0.687 0.830
2025/05/20 16:10:14 - mmengine - INFO - Epoch(val) [186][781/781]    coco/Car_precision: 0.6890  coco/Truck_precision: 0.6450  coco/People_precision: 0.5160  coco/Bus_precision: 0.7230  coco/Lamp_precision: 0.4690  coco/Motorcycle_precision: 0.4370  coco/bbox_mAP: 0.5800  coco/bbox_mAP_50: 0.8550  coco/bbox_mAP_75: 0.6260  coco/bbox_mAP_s: 0.3420  coco/bbox_mAP_m: 0.6870  coco/bbox_mAP_l: 0.8300  data_time: 0.0007  time: 0.0907
2025/05/20 16:10:14 - mmengine - INFO - The previous best checkpoint /data/nl/Mamba2Spectral/work_dirs/yolov8_mambatransformer_enhance/best_coco_bbox_mAP_50_epoch_181.pth is removed
2025/05/20 16:10:17 - mmengine - INFO - The best checkpoint with 0.8550 coco/bbox_mAP_50 at 186 epoch is saved to best_coco_bbox_mAP_50_epoch_186.pth.
2025/05/20 16:11:44 - mmengine - INFO - Epoch(train) [187][ 50/420]  base_lr: 1.0000e-02 lr: 8.4250e-04  eta: 2:31:24  time: 1.6326  data_time: 0.0626  memory: 10470  grad_norm: 25.0810  loss: 16.0111  loss_cls: 3.0089  loss_bbox: 5.8449  loss_dfl: 7.1573
2025/05/20 16:13:01 - mmengine - INFO - Epoch(train) [187][100/420]  base_lr: 1.0000e-02 lr: 8.4250e-04  eta: 2:30:05  time: 1.5477  data_time: 0.0072  memory: 10379  grad_norm: 25.2274  loss: 15.9068  loss_cls: 2.9690  loss_bbox: 5.7787  loss_dfl: 7.1591
2025/05/20 16:14:19 - mmengine - INFO - Epoch(train) [187][150/420]  base_lr: 1.0000e-02 lr: 8.4250e-04  eta: 2:28:47  time: 1.5479  data_time: 0.0072  memory: 10353  grad_norm: 25.1435  loss: 15.8568  loss_cls: 2.9981  loss_bbox: 5.6609  loss_dfl: 7.1979
2025/05/20 16:15:36 - mmengine - INFO - Epoch(train) [187][200/420]  base_lr: 1.0000e-02 lr: 8.4250e-04  eta: 2:27:28  time: 1.5473  data_time: 0.0072  memory: 10459  grad_norm: 24.5724  loss: 15.7965  loss_cls: 2.9186  loss_bbox: 5.6787  loss_dfl: 7.1992
2025/05/20 16:16:53 - mmengine - INFO - Epoch(train) [187][250/420]  base_lr: 1.0000e-02 lr: 8.4250e-04  eta: 2:26:09  time: 1.5476  data_time: 0.0072  memory: 10427  grad_norm: 24.8525  loss: 16.0080  loss_cls: 3.0181  loss_bbox: 5.8118  loss_dfl: 7.1782
2025/05/20 16:18:11 - mmengine - INFO - Epoch(train) [187][300/420]  base_lr: 1.0000e-02 lr: 8.4250e-04  eta: 2:24:51  time: 1.5474  data_time: 0.0071  memory: 10406  grad_norm: 26.4196  loss: 15.8097  loss_cls: 2.9628  loss_bbox: 5.6346  loss_dfl: 7.2123
2025/05/20 16:19:28 - mmengine - INFO - Epoch(train) [187][350/420]  base_lr: 1.0000e-02 lr: 8.4250e-04  eta: 2:23:32  time: 1.5485  data_time: 0.0072  memory: 10422  grad_norm: 23.4519  loss: 15.7816  loss_cls: 2.9546  loss_bbox: 5.7772  loss_dfl: 7.0499
2025/05/20 16:20:46 - mmengine - INFO - Epoch(train) [187][400/420]  base_lr: 1.0000e-02 lr: 8.4250e-04  eta: 2:22:14  time: 1.5476  data_time: 0.0071  memory: 10417  grad_norm: 24.1315  loss: 16.1262  loss_cls: 3.0727  loss_bbox: 5.8999  loss_dfl: 7.1537
2025/05/20 16:21:17 - mmengine - INFO - Exp name: yolov8_mambatransformer_enhance_20250520_141902
2025/05/20 16:21:17 - mmengine - INFO - Saving checkpoint at 187 epochs
2025/05/20 16:21:25 - mmengine - INFO - Epoch(val) [187][ 50/781]    eta: 0:01:08  time: 0.0941  data_time: 0.0022  memory: 10337  
2025/05/20 16:21:29 - mmengine - INFO - Epoch(val) [187][100/781]    eta: 0:01:03  time: 0.0919  data_time: 0.0004  memory: 1000  
2025/05/20 16:21:34 - mmengine - INFO - Epoch(val) [187][150/781]    eta: 0:00:58  time: 0.0918  data_time: 0.0004  memory: 1000  
2025/05/20 16:21:39 - mmengine - INFO - Epoch(val) [187][200/781]    eta: 0:00:53  time: 0.0901  data_time: 0.0004  memory: 1000  
2025/05/20 16:21:43 - mmengine - INFO - Epoch(val) [187][250/781]    eta: 0:00:48  time: 0.0884  data_time: 0.0004  memory: 1000  
2025/05/20 16:21:48 - mmengine - INFO - Epoch(val) [187][300/781]    eta: 0:00:44  time: 0.1007  data_time: 0.0004  memory: 1000  
2025/05/20 16:21:53 - mmengine - INFO - Epoch(val) [187][350/781]    eta: 0:00:40  time: 0.1012  data_time: 0.0004  memory: 1000  
2025/05/20 16:21:58 - mmengine - INFO - Epoch(val) [187][400/781]    eta: 0:00:36  time: 0.0993  data_time: 0.0004  memory: 1000  
2025/05/20 16:22:03 - mmengine - INFO - Epoch(val) [187][450/781]    eta: 0:00:31  time: 0.0903  data_time: 0.0004  memory: 1000  
2025/05/20 16:22:07 - mmengine - INFO - Epoch(val) [187][500/781]    eta: 0:00:26  time: 0.0797  data_time: 0.0004  memory: 1000  
2025/05/20 16:22:12 - mmengine - INFO - Epoch(val) [187][550/781]    eta: 0:00:21  time: 0.1095  data_time: 0.0007  memory: 1000  
2025/05/20 16:22:17 - mmengine - INFO - Epoch(val) [187][600/781]    eta: 0:00:17  time: 0.1008  data_time: 0.0004  memory: 1000  
2025/05/20 16:22:22 - mmengine - INFO - Epoch(val) [187][650/781]    eta: 0:00:12  time: 0.1020  data_time: 0.0004  memory: 1000  
2025/05/20 16:22:28 - mmengine - INFO - Epoch(val) [187][700/781]    eta: 0:00:07  time: 0.1127  data_time: 0.0004  memory: 1000  
2025/05/20 16:22:34 - mmengine - INFO - Epoch(val) [187][750/781]    eta: 0:00:03  time: 0.1114  data_time: 0.0010  memory: 1000  
2025/05/20 16:22:38 - mmengine - INFO - Evaluating bbox...
2025/05/20 16:22:42 - mmengine - INFO - 
+------------+-------+--------+--------+-------+-------+-------+
| category   | mAP   | mAP_50 | mAP_75 | mAP_s | mAP_m | mAP_l |
+------------+-------+--------+--------+-------+-------+-------+
| Car        | 0.689 | 0.924  | 0.765  | 0.417 | 0.72  | 0.887 |
| Truck      | 0.644 | 0.888  | 0.709  | 0.359 | 0.645 | 0.846 |
| People     | 0.516 | 0.853  | 0.538  | 0.352 | 0.698 | 0.764 |
| Bus        | 0.725 | 0.917  | 0.792  | 0.399 | 0.688 | 0.843 |
| Lamp       | 0.469 | 0.821  | 0.48   | 0.419 | 0.73  | nan   |
| Motorcycle | 0.437 | 0.727  | 0.45   | 0.101 | 0.642 | 0.81  |
+------------+-------+--------+--------+-------+-------+-------+
2025/05/20 16:22:42 - mmengine - INFO - bbox_mAP_copypaste: 0.580 0.855 0.622 0.341 0.687 0.830
2025/05/20 16:22:42 - mmengine - INFO - Epoch(val) [187][781/781]    coco/Car_precision: 0.6890  coco/Truck_precision: 0.6440  coco/People_precision: 0.5160  coco/Bus_precision: 0.7250  coco/Lamp_precision: 0.4690  coco/Motorcycle_precision: 0.4370  coco/bbox_mAP: 0.5800  coco/bbox_mAP_50: 0.8550  coco/bbox_mAP_75: 0.6220  coco/bbox_mAP_s: 0.3410  coco/bbox_mAP_m: 0.6870  coco/bbox_mAP_l: 0.8300  data_time: 0.0006  time: 0.0983
2025/05/20 16:24:02 - mmengine - INFO - Epoch(train) [188][ 50/420]  base_lr: 1.0000e-02 lr: 7.9300e-04  eta: 2:20:27  time: 1.5940  data_time: 0.0554  memory: 10492  grad_norm: 25.4813  loss: 16.1310  loss_cls: 3.0326  loss_bbox: 5.9040  loss_dfl: 7.1944
2025/05/20 16:25:19 - mmengine - INFO - Epoch(train) [188][100/420]  base_lr: 1.0000e-02 lr: 7.9300e-04  eta: 2:19:08  time: 1.5481  data_time: 0.0072  memory: 10411  grad_norm: 24.7056  loss: 16.1880  loss_cls: 3.0672  loss_bbox: 5.9826  loss_dfl: 7.1382
2025/05/20 16:26:37 - mmengine - INFO - Epoch(train) [188][150/420]  base_lr: 1.0000e-02 lr: 7.9300e-04  eta: 2:17:50  time: 1.5478  data_time: 0.0072  memory: 10427  grad_norm: 24.0463  loss: 15.9670  loss_cls: 3.0094  loss_bbox: 5.7943  loss_dfl: 7.1632
2025/05/20 16:27:54 - mmengine - INFO - Epoch(train) [188][200/420]  base_lr: 1.0000e-02 lr: 7.9300e-04  eta: 2:16:31  time: 1.5485  data_time: 0.0072  memory: 10459  grad_norm: 25.0740  loss: 16.2132  loss_cls: 3.0588  loss_bbox: 5.9315  loss_dfl: 7.2229
2025/05/20 16:29:11 - mmengine - INFO - Epoch(train) [188][250/420]  base_lr: 1.0000e-02 lr: 7.9300e-04  eta: 2:15:13  time: 1.5483  data_time: 0.0072  memory: 10417  grad_norm: 24.0131  loss: 15.7756  loss_cls: 2.9407  loss_bbox: 5.6442  loss_dfl: 7.1907
2025/05/20 16:30:29 - mmengine - INFO - Epoch(train) [188][300/420]  base_lr: 1.0000e-02 lr: 7.9300e-04  eta: 2:13:55  time: 1.5483  data_time: 0.0072  memory: 10427  grad_norm: 26.3513  loss: 15.9903  loss_cls: 2.9602  loss_bbox: 5.8334  loss_dfl: 7.1967
2025/05/20 16:31:46 - mmengine - INFO - Epoch(train) [188][350/420]  base_lr: 1.0000e-02 lr: 7.9300e-04  eta: 2:12:36  time: 1.5479  data_time: 0.0072  memory: 10427  grad_norm: 25.2192  loss: 15.9953  loss_cls: 2.9765  loss_bbox: 5.8458  loss_dfl: 7.1730
2025/05/20 16:33:04 - mmengine - INFO - Epoch(train) [188][400/420]  base_lr: 1.0000e-02 lr: 7.9300e-04  eta: 2:11:18  time: 1.5481  data_time: 0.0072  memory: 10443  grad_norm: 24.9915  loss: 15.7977  loss_cls: 2.9647  loss_bbox: 5.7169  loss_dfl: 7.1161
2025/05/20 16:33:35 - mmengine - INFO - Exp name: yolov8_mambatransformer_enhance_20250520_141902
2025/05/20 16:33:35 - mmengine - INFO - Saving checkpoint at 188 epochs
2025/05/20 16:33:43 - mmengine - INFO - Epoch(val) [188][ 50/781]    eta: 0:01:07  time: 0.0925  data_time: 0.0023  memory: 10331  
2025/05/20 16:33:46 - mmengine - INFO - Epoch(val) [188][100/781]    eta: 0:00:56  time: 0.0741  data_time: 0.0004  memory: 1000  
2025/05/20 16:33:50 - mmengine - INFO - Epoch(val) [188][150/781]    eta: 0:00:52  time: 0.0808  data_time: 0.0004  memory: 1000  
2025/05/20 16:33:55 - mmengine - INFO - Epoch(val) [188][200/781]    eta: 0:00:49  time: 0.0913  data_time: 0.0004  memory: 1000  
2025/05/20 16:33:59 - mmengine - INFO - Epoch(val) [188][250/781]    eta: 0:00:44  time: 0.0840  data_time: 0.0004  memory: 1000  
2025/05/20 16:34:03 - mmengine - INFO - Epoch(val) [188][300/781]    eta: 0:00:39  time: 0.0742  data_time: 0.0004  memory: 1000  
2025/05/20 16:34:07 - mmengine - INFO - Epoch(val) [188][350/781]    eta: 0:00:35  time: 0.0741  data_time: 0.0004  memory: 1000  
2025/05/20 16:34:10 - mmengine - INFO - Epoch(val) [188][400/781]    eta: 0:00:30  time: 0.0741  data_time: 0.0003  memory: 1000  
2025/05/20 16:34:14 - mmengine - INFO - Epoch(val) [188][450/781]    eta: 0:00:26  time: 0.0741  data_time: 0.0004  memory: 1000  
2025/05/20 16:34:18 - mmengine - INFO - Epoch(val) [188][500/781]    eta: 0:00:22  time: 0.0742  data_time: 0.0004  memory: 1000  
2025/05/20 16:34:22 - mmengine - INFO - Epoch(val) [188][550/781]    eta: 0:00:18  time: 0.0746  data_time: 0.0004  memory: 1000  
2025/05/20 16:34:25 - mmengine - INFO - Epoch(val) [188][600/781]    eta: 0:00:14  time: 0.0743  data_time: 0.0004  memory: 1000  
2025/05/20 16:34:30 - mmengine - INFO - Epoch(val) [188][650/781]    eta: 0:00:10  time: 0.0980  data_time: 0.0009  memory: 1000  
2025/05/20 16:34:36 - mmengine - INFO - Epoch(val) [188][700/781]    eta: 0:00:06  time: 0.1162  data_time: 0.0015  memory: 1000  
2025/05/20 16:34:42 - mmengine - INFO - Epoch(val) [188][750/781]    eta: 0:00:02  time: 0.1154  data_time: 0.0018  memory: 1000  
2025/05/20 16:34:46 - mmengine - INFO - Evaluating bbox...
2025/05/20 16:34:50 - mmengine - INFO - 
+------------+-------+--------+--------+-------+-------+-------+
| category   | mAP   | mAP_50 | mAP_75 | mAP_s | mAP_m | mAP_l |
+------------+-------+--------+--------+-------+-------+-------+
| Car        | 0.689 | 0.924  | 0.768  | 0.419 | 0.72  | 0.886 |
| Truck      | 0.644 | 0.888  | 0.709  | 0.361 | 0.647 | 0.843 |
| People     | 0.516 | 0.856  | 0.538  | 0.352 | 0.699 | 0.761 |
| Bus        | 0.725 | 0.917  | 0.793  | 0.399 | 0.685 | 0.843 |
| Lamp       | 0.469 | 0.821  | 0.483  | 0.419 | 0.729 | nan   |
| Motorcycle | 0.439 | 0.728  | 0.451  | 0.102 | 0.644 | 0.81  |
+------------+-------+--------+--------+-------+-------+-------+
2025/05/20 16:34:50 - mmengine - INFO - bbox_mAP_copypaste: 0.580 0.856 0.623 0.342 0.688 0.829
2025/05/20 16:34:50 - mmengine - INFO - Epoch(val) [188][781/781]    coco/Car_precision: 0.6890  coco/Truck_precision: 0.6440  coco/People_precision: 0.5160  coco/Bus_precision: 0.7250  coco/Lamp_precision: 0.4690  coco/Motorcycle_precision: 0.4390  coco/bbox_mAP: 0.5800  coco/bbox_mAP_50: 0.8560  coco/bbox_mAP_75: 0.6230  coco/bbox_mAP_s: 0.3420  coco/bbox_mAP_m: 0.6880  coco/bbox_mAP_l: 0.8290  data_time: 0.0007  time: 0.0857
2025/05/20 16:34:50 - mmengine - INFO - The previous best checkpoint /data/nl/Mamba2Spectral/work_dirs/yolov8_mambatransformer_enhance/best_coco_bbox_mAP_50_epoch_186.pth is removed
2025/05/20 16:34:53 - mmengine - INFO - The best checkpoint with 0.8560 coco/bbox_mAP_50 at 188 epoch is saved to best_coco_bbox_mAP_50_epoch_188.pth.
2025/05/20 16:36:04 - mmengine - INFO - Exp name: yolov8_mambatransformer_enhance_20250520_141902
2025/05/20 16:36:19 - mmengine - INFO - Epoch(train) [189][ 50/420]  base_lr: 1.0000e-02 lr: 7.4350e-04  eta: 2:09:32  time: 1.6195  data_time: 0.0616  memory: 10363  grad_norm: 25.2783  loss: 15.6402  loss_cls: 2.8859  loss_bbox: 5.5362  loss_dfl: 7.2181
2025/05/20 16:37:38 - mmengine - INFO - Epoch(train) [189][100/420]  base_lr: 1.0000e-02 lr: 7.4350e-04  eta: 2:08:14  time: 1.5612  data_time: 0.0065  memory: 10406  grad_norm: 23.7793  loss: 15.5691  loss_cls: 2.9118  loss_bbox: 5.5653  loss_dfl: 7.0919
2025/05/20 16:38:56 - mmengine - INFO - Epoch(train) [189][150/420]  base_lr: 1.0000e-02 lr: 7.4350e-04  eta: 2:06:56  time: 1.5610  data_time: 0.0065  memory: 10395  grad_norm: 24.3455  loss: 15.9706  loss_cls: 2.9673  loss_bbox: 5.8692  loss_dfl: 7.1340
2025/05/20 16:40:14 - mmengine - INFO - Epoch(train) [189][200/420]  base_lr: 1.0000e-02 lr: 7.4350e-04  eta: 2:05:39  time: 1.5611  data_time: 0.0065  memory: 10443  grad_norm: 23.6978  loss: 15.7968  loss_cls: 2.9591  loss_bbox: 5.7069  loss_dfl: 7.1308
2025/05/20 16:41:32 - mmengine - INFO - Epoch(train) [189][250/420]  base_lr: 1.0000e-02 lr: 7.4350e-04  eta: 2:04:21  time: 1.5611  data_time: 0.0065  memory: 10417  grad_norm: 23.7351  loss: 15.6978  loss_cls: 2.8917  loss_bbox: 5.6580  loss_dfl: 7.1482
2025/05/20 16:42:50 - mmengine - INFO - Epoch(train) [189][300/420]  base_lr: 1.0000e-02 lr: 7.4350e-04  eta: 2:03:03  time: 1.5614  data_time: 0.0065  memory: 10390  grad_norm: 24.3492  loss: 15.8053  loss_cls: 2.9210  loss_bbox: 5.7112  loss_dfl: 7.1731
2025/05/20 16:44:08 - mmengine - INFO - Epoch(train) [189][350/420]  base_lr: 1.0000e-02 lr: 7.4350e-04  eta: 2:01:46  time: 1.5614  data_time: 0.0065  memory: 10433  grad_norm: 24.2177  loss: 15.9493  loss_cls: 2.9607  loss_bbox: 5.8112  loss_dfl: 7.1774
2025/05/20 16:45:26 - mmengine - INFO - Epoch(train) [189][400/420]  base_lr: 1.0000e-02 lr: 7.4350e-04  eta: 2:00:28  time: 1.5613  data_time: 0.0065  memory: 10406  grad_norm: 23.9010  loss: 15.6911  loss_cls: 2.9227  loss_bbox: 5.6325  loss_dfl: 7.1360
2025/05/20 16:45:57 - mmengine - INFO - Exp name: yolov8_mambatransformer_enhance_20250520_141902
2025/05/20 16:45:57 - mmengine - INFO - Saving checkpoint at 189 epochs
2025/05/20 16:46:06 - mmengine - INFO - Epoch(val) [189][ 50/781]    eta: 0:01:14  time: 0.1017  data_time: 0.0022  memory: 10427  
2025/05/20 16:46:10 - mmengine - INFO - Epoch(val) [189][100/781]    eta: 0:01:05  time: 0.0907  data_time: 0.0004  memory: 1000  
2025/05/20 16:46:15 - mmengine - INFO - Epoch(val) [189][150/781]    eta: 0:00:59  time: 0.0917  data_time: 0.0004  memory: 1000  
2025/05/20 16:46:20 - mmengine - INFO - Epoch(val) [189][200/781]    eta: 0:00:54  time: 0.0913  data_time: 0.0004  memory: 1000  
2025/05/20 16:46:24 - mmengine - INFO - Epoch(val) [189][250/781]    eta: 0:00:49  time: 0.0913  data_time: 0.0004  memory: 1000  
2025/05/20 16:46:29 - mmengine - INFO - Epoch(val) [189][300/781]    eta: 0:00:44  time: 0.0912  data_time: 0.0004  memory: 1000  
2025/05/20 16:46:33 - mmengine - INFO - Epoch(val) [189][350/781]    eta: 0:00:39  time: 0.0912  data_time: 0.0004  memory: 1000  
2025/05/20 16:46:38 - mmengine - INFO - Epoch(val) [189][400/781]    eta: 0:00:35  time: 0.0911  data_time: 0.0004  memory: 1000  
2025/05/20 16:46:44 - mmengine - INFO - Epoch(val) [189][450/781]    eta: 0:00:31  time: 0.1235  data_time: 0.0007  memory: 1000  
2025/05/20 16:46:50 - mmengine - INFO - Epoch(val) [189][500/781]    eta: 0:00:27  time: 0.1251  data_time: 0.0010  memory: 1000  
2025/05/20 16:46:55 - mmengine - INFO - Epoch(val) [189][550/781]    eta: 0:00:22  time: 0.0998  data_time: 0.0015  memory: 1000  
2025/05/20 16:47:01 - mmengine - INFO - Epoch(val) [189][600/781]    eta: 0:00:17  time: 0.1013  data_time: 0.0004  memory: 1000  
2025/05/20 16:47:06 - mmengine - INFO - Epoch(val) [189][650/781]    eta: 0:00:13  time: 0.1085  data_time: 0.0017  memory: 1000  
2025/05/20 16:47:11 - mmengine - INFO - Epoch(val) [189][700/781]    eta: 0:00:08  time: 0.0955  data_time: 0.0004  memory: 1000  
2025/05/20 16:47:16 - mmengine - INFO - Epoch(val) [189][750/781]    eta: 0:00:03  time: 0.0974  data_time: 0.0004  memory: 1000  
2025/05/20 16:47:19 - mmengine - INFO - Evaluating bbox...
2025/05/20 16:47:24 - mmengine - INFO - 
+------------+-------+--------+--------+-------+-------+-------+
| category   | mAP   | mAP_50 | mAP_75 | mAP_s | mAP_m | mAP_l |
+------------+-------+--------+--------+-------+-------+-------+
| Car        | 0.69  | 0.924  | 0.768  | 0.419 | 0.72  | 0.886 |
| Truck      | 0.643 | 0.887  | 0.713  | 0.363 | 0.645 | 0.842 |
| People     | 0.517 | 0.857  | 0.537  | 0.353 | 0.699 | 0.764 |
| Bus        | 0.725 | 0.917  | 0.793  | 0.397 | 0.689 | 0.843 |
| Lamp       | 0.47  | 0.821  | 0.483  | 0.419 | 0.726 | nan   |
| Motorcycle | 0.441 | 0.728  | 0.451  | 0.102 | 0.648 | 0.81  |
+------------+-------+--------+--------+-------+-------+-------+
2025/05/20 16:47:24 - mmengine - INFO - bbox_mAP_copypaste: 0.581 0.856 0.624 0.342 0.688 0.829
2025/05/20 16:47:24 - mmengine - INFO - Epoch(val) [189][781/781]    coco/Car_precision: 0.6900  coco/Truck_precision: 0.6430  coco/People_precision: 0.5170  coco/Bus_precision: 0.7250  coco/Lamp_precision: 0.4700  coco/Motorcycle_precision: 0.4410  coco/bbox_mAP: 0.5810  coco/bbox_mAP_50: 0.8560  coco/bbox_mAP_75: 0.6240  coco/bbox_mAP_s: 0.3420  coco/bbox_mAP_m: 0.6880  coco/bbox_mAP_l: 0.8290  data_time: 0.0007  time: 0.0995
2025/05/20 16:48:45 - mmengine - INFO - Epoch(train) [190][ 50/420]  base_lr: 1.0000e-02 lr: 6.9400e-04  eta: 1:58:41  time: 1.6174  data_time: 0.0532  memory: 10454  grad_norm: 25.6223  loss: 16.1420  loss_cls: 3.0336  loss_bbox: 5.9054  loss_dfl: 7.2030
2025/05/20 16:50:02 - mmengine - INFO - Epoch(train) [190][100/420]  base_lr: 1.0000e-02 lr: 6.9400e-04  eta: 1:57:23  time: 1.5481  data_time: 0.0072  memory: 10561  grad_norm: 24.2044  loss: 15.7596  loss_cls: 2.9410  loss_bbox: 5.6899  loss_dfl: 7.1287
2025/05/20 16:51:19 - mmengine - INFO - Epoch(train) [190][150/420]  base_lr: 1.0000e-02 lr: 6.9400e-04  eta: 1:56:05  time: 1.5478  data_time: 0.0072  memory: 10374  grad_norm: 24.4873  loss: 15.6675  loss_cls: 2.9190  loss_bbox: 5.5831  loss_dfl: 7.1654
2025/05/20 16:52:37 - mmengine - INFO - Epoch(train) [190][200/420]  base_lr: 1.0000e-02 lr: 6.9400e-04  eta: 1:54:46  time: 1.5475  data_time: 0.0072  memory: 10369  grad_norm: 23.7215  loss: 15.5127  loss_cls: 2.8836  loss_bbox: 5.5566  loss_dfl: 7.0726
2025/05/20 16:53:54 - mmengine - INFO - Epoch(train) [190][250/420]  base_lr: 1.0000e-02 lr: 6.9400e-04  eta: 1:53:28  time: 1.5473  data_time: 0.0072  memory: 10502  grad_norm: 24.2189  loss: 15.9113  loss_cls: 2.9739  loss_bbox: 5.8075  loss_dfl: 7.1300
2025/05/20 16:55:12 - mmengine - INFO - Epoch(train) [190][300/420]  base_lr: 1.0000e-02 lr: 6.9400e-04  eta: 1:52:10  time: 1.5470  data_time: 0.0072  memory: 10331  grad_norm: 25.5341  loss: 15.8541  loss_cls: 2.9284  loss_bbox: 5.6843  loss_dfl: 7.2414
2025/05/20 16:56:29 - mmengine - INFO - Epoch(train) [190][350/420]  base_lr: 1.0000e-02 lr: 6.9400e-04  eta: 1:50:51  time: 1.5476  data_time: 0.0072  memory: 10459  grad_norm: 24.7259  loss: 15.5939  loss_cls: 2.8493  loss_bbox: 5.5972  loss_dfl: 7.1474
2025/05/20 16:57:46 - mmengine - INFO - Epoch(train) [190][400/420]  base_lr: 1.0000e-02 lr: 6.9400e-04  eta: 1:49:33  time: 1.5472  data_time: 0.0072  memory: 10518  grad_norm: 26.1904  loss: 16.0808  loss_cls: 2.9854  loss_bbox: 5.9087  loss_dfl: 7.1866
2025/05/20 16:58:17 - mmengine - INFO - Exp name: yolov8_mambatransformer_enhance_20250520_141902
2025/05/20 16:58:17 - mmengine - INFO - Saving checkpoint at 190 epochs
2025/05/20 16:58:26 - mmengine - INFO - Epoch(val) [190][ 50/781]    eta: 0:01:10  time: 0.0965  data_time: 0.0022  memory: 10342  
2025/05/20 16:58:31 - mmengine - INFO - Epoch(val) [190][100/781]    eta: 0:01:07  time: 0.1018  data_time: 0.0004  memory: 1000  
2025/05/20 16:58:35 - mmengine - INFO - Epoch(val) [190][150/781]    eta: 0:01:01  time: 0.0919  data_time: 0.0004  memory: 1000  
2025/05/20 16:58:40 - mmengine - INFO - Epoch(val) [190][200/781]    eta: 0:00:55  time: 0.0914  data_time: 0.0004  memory: 1000  
2025/05/20 16:58:44 - mmengine - INFO - Epoch(val) [190][250/781]    eta: 0:00:50  time: 0.0911  data_time: 0.0004  memory: 1000  
2025/05/20 16:58:49 - mmengine - INFO - Epoch(val) [190][300/781]    eta: 0:00:45  time: 0.0912  data_time: 0.0004  memory: 1000  
2025/05/20 16:58:54 - mmengine - INFO - Epoch(val) [190][350/781]    eta: 0:00:40  time: 0.0926  data_time: 0.0004  memory: 1000  
2025/05/20 16:58:59 - mmengine - INFO - Epoch(val) [190][400/781]    eta: 0:00:36  time: 0.1093  data_time: 0.0026  memory: 1000  
2025/05/20 16:59:04 - mmengine - INFO - Epoch(val) [190][450/781]    eta: 0:00:31  time: 0.0989  data_time: 0.0008  memory: 1000  
2025/05/20 16:59:09 - mmengine - INFO - Epoch(val) [190][500/781]    eta: 0:00:27  time: 0.1018  data_time: 0.0005  memory: 1000  
2025/05/20 16:59:14 - mmengine - INFO - Epoch(val) [190][550/781]    eta: 0:00:22  time: 0.0956  data_time: 0.0004  memory: 1000  
2025/05/20 16:59:19 - mmengine - INFO - Epoch(val) [190][600/781]    eta: 0:00:17  time: 0.0955  data_time: 0.0004  memory: 1000  
2025/05/20 16:59:24 - mmengine - INFO - Epoch(val) [190][650/781]    eta: 0:00:12  time: 0.1032  data_time: 0.0014  memory: 1000  
2025/05/20 16:59:29 - mmengine - INFO - Epoch(val) [190][700/781]    eta: 0:00:07  time: 0.0976  data_time: 0.0004  memory: 1000  
2025/05/20 16:59:34 - mmengine - INFO - Epoch(val) [190][750/781]    eta: 0:00:03  time: 0.0997  data_time: 0.0007  memory: 1000  
2025/05/20 16:59:37 - mmengine - INFO - Evaluating bbox...
2025/05/20 16:59:41 - mmengine - INFO - 
+------------+-------+--------+--------+-------+-------+-------+
| category   | mAP   | mAP_50 | mAP_75 | mAP_s | mAP_m | mAP_l |
+------------+-------+--------+--------+-------+-------+-------+
| Car        | 0.69  | 0.924  | 0.769  | 0.419 | 0.72  | 0.885 |
| Truck      | 0.644 | 0.887  | 0.713  | 0.363 | 0.645 | 0.847 |
| People     | 0.517 | 0.857  | 0.537  | 0.353 | 0.701 | 0.762 |
| Bus        | 0.726 | 0.917  | 0.796  | 0.4   | 0.688 | 0.843 |
| Lamp       | 0.469 | 0.824  | 0.48   | 0.418 | 0.726 | nan   |
| Motorcycle | 0.441 | 0.728  | 0.449  | 0.102 | 0.648 | 0.81  |
+------------+-------+--------+--------+-------+-------+-------+
2025/05/20 16:59:41 - mmengine - INFO - bbox_mAP_copypaste: 0.581 0.856 0.624 0.343 0.688 0.829
2025/05/20 16:59:41 - mmengine - INFO - Epoch(val) [190][781/781]    coco/Car_precision: 0.6900  coco/Truck_precision: 0.6440  coco/People_precision: 0.5170  coco/Bus_precision: 0.7260  coco/Lamp_precision: 0.4690  coco/Motorcycle_precision: 0.4410  coco/bbox_mAP: 0.5810  coco/bbox_mAP_50: 0.8560  coco/bbox_mAP_75: 0.6240  coco/bbox_mAP_s: 0.3430  coco/bbox_mAP_m: 0.6880  coco/bbox_mAP_l: 0.8290  data_time: 0.0008  time: 0.0972
2025/05/20 16:59:41 - mmengine - INFO - Switch pipeline now!
2025/05/20 17:01:01 - mmengine - INFO - Epoch(train) [191][ 50/420]  base_lr: 1.0000e-02 lr: 6.4450e-04  eta: 1:47:45  time: 1.5809  data_time: 0.0475  memory: 10326  grad_norm: 29.5963  loss: 15.6551  loss_cls: 2.8354  loss_bbox: 5.7862  loss_dfl: 7.0335
2025/05/20 17:02:18 - mmengine - INFO - Epoch(train) [191][100/420]  base_lr: 1.0000e-02 lr: 6.4450e-04  eta: 1:46:26  time: 1.5434  data_time: 0.0071  memory: 10326  grad_norm: 28.5092  loss: 15.5267  loss_cls: 2.8266  loss_bbox: 5.6310  loss_dfl: 7.0691
2025/05/20 17:03:35 - mmengine - INFO - Epoch(train) [191][150/420]  base_lr: 1.0000e-02 lr: 6.4450e-04  eta: 1:45:08  time: 1.5442  data_time: 0.0072  memory: 10305  grad_norm: 29.9576  loss: 15.8116  loss_cls: 2.9085  loss_bbox: 5.8019  loss_dfl: 7.1012
2025/05/20 17:04:52 - mmengine - INFO - Exp name: yolov8_mambatransformer_enhance_20250520_141902
2025/05/20 17:04:52 - mmengine - INFO - Epoch(train) [191][200/420]  base_lr: 1.0000e-02 lr: 6.4450e-04  eta: 1:43:49  time: 1.5443  data_time: 0.0072  memory: 10294  grad_norm: 28.7019  loss: 15.4097  loss_cls: 2.7688  loss_bbox: 5.6168  loss_dfl: 7.0242
2025/05/20 17:06:09 - mmengine - INFO - Epoch(train) [191][250/420]  base_lr: 1.0000e-02 lr: 6.4450e-04  eta: 1:42:31  time: 1.5434  data_time: 0.0071  memory: 10331  grad_norm: 30.5389  loss: 15.8647  loss_cls: 2.8342  loss_bbox: 5.8900  loss_dfl: 7.1404
2025/05/20 17:07:27 - mmengine - INFO - Epoch(train) [191][300/420]  base_lr: 1.0000e-02 lr: 6.4450e-04  eta: 1:41:13  time: 1.5440  data_time: 0.0070  memory: 10342  grad_norm: 28.0758  loss: 15.5709  loss_cls: 2.8429  loss_bbox: 5.6846  loss_dfl: 7.0434
2025/05/20 17:08:44 - mmengine - INFO - Epoch(train) [191][350/420]  base_lr: 1.0000e-02 lr: 6.4450e-04  eta: 1:39:54  time: 1.5440  data_time: 0.0071  memory: 10310  grad_norm: 29.6171  loss: 15.7245  loss_cls: 2.8647  loss_bbox: 5.7918  loss_dfl: 7.0680
2025/05/20 17:10:01 - mmengine - INFO - Epoch(train) [191][400/420]  base_lr: 1.0000e-02 lr: 6.4450e-04  eta: 1:38:36  time: 1.5441  data_time: 0.0071  memory: 10326  grad_norm: 29.8871  loss: 15.6563  loss_cls: 2.8350  loss_bbox: 5.7624  loss_dfl: 7.0590
2025/05/20 17:10:32 - mmengine - INFO - Exp name: yolov8_mambatransformer_enhance_20250520_141902
2025/05/20 17:10:32 - mmengine - INFO - Saving checkpoint at 191 epochs
2025/05/20 17:10:40 - mmengine - INFO - Epoch(val) [191][ 50/781]    eta: 0:01:01  time: 0.0839  data_time: 0.0022  memory: 10294  
2025/05/20 17:10:43 - mmengine - INFO - Epoch(val) [191][100/781]    eta: 0:00:53  time: 0.0736  data_time: 0.0003  memory: 1000  
2025/05/20 17:10:47 - mmengine - INFO - Epoch(val) [191][150/781]    eta: 0:00:48  time: 0.0731  data_time: 0.0003  memory: 1000  
2025/05/20 17:10:51 - mmengine - INFO - Epoch(val) [191][200/781]    eta: 0:00:44  time: 0.0735  data_time: 0.0004  memory: 1000  
2025/05/20 17:10:54 - mmengine - INFO - Epoch(val) [191][250/781]    eta: 0:00:40  time: 0.0732  data_time: 0.0003  memory: 1000  
2025/05/20 17:10:58 - mmengine - INFO - Epoch(val) [191][300/781]    eta: 0:00:36  time: 0.0746  data_time: 0.0004  memory: 1000  
2025/05/20 17:11:02 - mmengine - INFO - Epoch(val) [191][350/781]    eta: 0:00:32  time: 0.0734  data_time: 0.0004  memory: 1000  
2025/05/20 17:11:06 - mmengine - INFO - Epoch(val) [191][400/781]    eta: 0:00:28  time: 0.0737  data_time: 0.0004  memory: 1000  
2025/05/20 17:11:09 - mmengine - INFO - Epoch(val) [191][450/781]    eta: 0:00:24  time: 0.0736  data_time: 0.0004  memory: 1000  
2025/05/20 17:11:13 - mmengine - INFO - Epoch(val) [191][500/781]    eta: 0:00:21  time: 0.0769  data_time: 0.0004  memory: 1000  
2025/05/20 17:11:20 - mmengine - INFO - Epoch(val) [191][550/781]    eta: 0:00:18  time: 0.1292  data_time: 0.0008  memory: 1000  
2025/05/20 17:11:26 - mmengine - INFO - Epoch(val) [191][600/781]    eta: 0:00:15  time: 0.1209  data_time: 0.0034  memory: 1000  
2025/05/20 17:11:32 - mmengine - INFO - Epoch(val) [191][650/781]    eta: 0:00:11  time: 0.1205  data_time: 0.0020  memory: 1000  
2025/05/20 17:11:38 - mmengine - INFO - Epoch(val) [191][700/781]    eta: 0:00:07  time: 0.1273  data_time: 0.0017  memory: 1000  
2025/05/20 17:11:44 - mmengine - INFO - Epoch(val) [191][750/781]    eta: 0:00:02  time: 0.1111  data_time: 0.0004  memory: 1000  
2025/05/20 17:11:48 - mmengine - INFO - Evaluating bbox...
2025/05/20 17:11:52 - mmengine - INFO - 
+------------+-------+--------+--------+-------+-------+-------+
| category   | mAP   | mAP_50 | mAP_75 | mAP_s | mAP_m | mAP_l |
+------------+-------+--------+--------+-------+-------+-------+
| Car        | 0.69  | 0.924  | 0.77   | 0.42  | 0.719 | 0.885 |
| Truck      | 0.644 | 0.887  | 0.713  | 0.367 | 0.644 | 0.847 |
| People     | 0.517 | 0.857  | 0.538  | 0.354 | 0.7   | 0.763 |
| Bus        | 0.726 | 0.916  | 0.796  | 0.4   | 0.689 | 0.843 |
| Lamp       | 0.469 | 0.824  | 0.48   | 0.42  | 0.725 | nan   |
| Motorcycle | 0.442 | 0.728  | 0.452  | 0.103 | 0.649 | 0.81  |
+------------+-------+--------+--------+-------+-------+-------+
2025/05/20 17:11:52 - mmengine - INFO - bbox_mAP_copypaste: 0.581 0.856 0.625 0.344 0.688 0.829
2025/05/20 17:11:52 - mmengine - INFO - Epoch(val) [191][781/781]    coco/Car_precision: 0.6900  coco/Truck_precision: 0.6440  coco/People_precision: 0.5170  coco/Bus_precision: 0.7260  coco/Lamp_precision: 0.4690  coco/Motorcycle_precision: 0.4420  coco/bbox_mAP: 0.5810  coco/bbox_mAP_50: 0.8560  coco/bbox_mAP_75: 0.6250  coco/bbox_mAP_s: 0.3440  coco/bbox_mAP_m: 0.6880  coco/bbox_mAP_l: 0.8290  data_time: 0.0009  time: 0.0912
2025/05/20 17:13:10 - mmengine - INFO - Epoch(train) [192][ 50/420]  base_lr: 1.0000e-02 lr: 5.9500e-04  eta: 1:36:48  time: 1.5768  data_time: 0.0287  memory: 10326  grad_norm: 28.2691  loss: 15.5451  loss_cls: 2.7858  loss_bbox: 5.6730  loss_dfl: 7.0863
2025/05/20 17:14:28 - mmengine - INFO - Epoch(train) [192][100/420]  base_lr: 1.0000e-02 lr: 5.9500e-04  eta: 1:35:29  time: 1.5440  data_time: 0.0071  memory: 10321  grad_norm: 29.0621  loss: 15.4360  loss_cls: 2.7674  loss_bbox: 5.6246  loss_dfl: 7.0440
2025/05/20 17:15:45 - mmengine - INFO - Epoch(train) [192][150/420]  base_lr: 1.0000e-02 lr: 5.9500e-04  eta: 1:34:11  time: 1.5419  data_time: 0.0071  memory: 10347  grad_norm: 29.0860  loss: 15.4544  loss_cls: 2.7586  loss_bbox: 5.6465  loss_dfl: 7.0493
2025/05/20 17:17:02 - mmengine - INFO - Epoch(train) [192][200/420]  base_lr: 1.0000e-02 lr: 5.9500e-04  eta: 1:32:53  time: 1.5438  data_time: 0.0071  memory: 10299  grad_norm: 28.4332  loss: 15.8075  loss_cls: 2.8728  loss_bbox: 5.8586  loss_dfl: 7.0761
2025/05/20 17:18:19 - mmengine - INFO - Epoch(train) [192][250/420]  base_lr: 1.0000e-02 lr: 5.9500e-04  eta: 1:31:35  time: 1.5429  data_time: 0.0071  memory: 10289  grad_norm: 28.0539  loss: 15.3925  loss_cls: 2.7532  loss_bbox: 5.6409  loss_dfl: 6.9984
2025/05/20 17:19:36 - mmengine - INFO - Epoch(train) [192][300/420]  base_lr: 1.0000e-02 lr: 5.9500e-04  eta: 1:30:16  time: 1.5451  data_time: 0.0072  memory: 10315  grad_norm: 28.8837  loss: 15.5762  loss_cls: 2.8725  loss_bbox: 5.6575  loss_dfl: 7.0462
2025/05/20 17:20:54 - mmengine - INFO - Epoch(train) [192][350/420]  base_lr: 1.0000e-02 lr: 5.9500e-04  eta: 1:28:58  time: 1.5441  data_time: 0.0071  memory: 10326  grad_norm: 27.9814  loss: 15.5918  loss_cls: 2.8168  loss_bbox: 5.6445  loss_dfl: 7.1306
2025/05/20 17:22:11 - mmengine - INFO - Epoch(train) [192][400/420]  base_lr: 1.0000e-02 lr: 5.9500e-04  eta: 1:27:40  time: 1.5443  data_time: 0.0070  memory: 10273  grad_norm: 28.7961  loss: 15.3519  loss_cls: 2.7238  loss_bbox: 5.5760  loss_dfl: 7.0521
2025/05/20 17:22:42 - mmengine - INFO - Exp name: yolov8_mambatransformer_enhance_20250520_141902
2025/05/20 17:22:42 - mmengine - INFO - Saving checkpoint at 192 epochs
2025/05/20 17:22:49 - mmengine - INFO - Epoch(val) [192][ 50/781]    eta: 0:01:02  time: 0.0849  data_time: 0.0022  memory: 10299  
2025/05/20 17:22:54 - mmengine - INFO - Epoch(val) [192][100/781]    eta: 0:00:58  time: 0.0862  data_time: 0.0004  memory: 1000  
2025/05/20 17:22:58 - mmengine - INFO - Epoch(val) [192][150/781]    eta: 0:00:53  time: 0.0830  data_time: 0.0004  memory: 1000  
2025/05/20 17:23:02 - mmengine - INFO - Epoch(val) [192][200/781]    eta: 0:00:47  time: 0.0738  data_time: 0.0004  memory: 1000  
2025/05/20 17:23:05 - mmengine - INFO - Epoch(val) [192][250/781]    eta: 0:00:42  time: 0.0737  data_time: 0.0004  memory: 1000  
2025/05/20 17:23:09 - mmengine - INFO - Epoch(val) [192][300/781]    eta: 0:00:38  time: 0.0741  data_time: 0.0004  memory: 1000  
2025/05/20 17:23:13 - mmengine - INFO - Epoch(val) [192][350/781]    eta: 0:00:33  time: 0.0741  data_time: 0.0004  memory: 1000  
2025/05/20 17:23:17 - mmengine - INFO - Epoch(val) [192][400/781]    eta: 0:00:29  time: 0.0734  data_time: 0.0004  memory: 1000  
2025/05/20 17:23:20 - mmengine - INFO - Epoch(val) [192][450/781]    eta: 0:00:25  time: 0.0741  data_time: 0.0004  memory: 1000  
2025/05/20 17:23:24 - mmengine - INFO - Epoch(val) [192][500/781]    eta: 0:00:21  time: 0.0735  data_time: 0.0004  memory: 1000  
2025/05/20 17:23:29 - mmengine - INFO - Epoch(val) [192][550/781]    eta: 0:00:18  time: 0.1023  data_time: 0.0024  memory: 1000  
2025/05/20 17:23:35 - mmengine - INFO - Epoch(val) [192][600/781]    eta: 0:00:14  time: 0.1070  data_time: 0.0017  memory: 1000  
2025/05/20 17:23:40 - mmengine - INFO - Epoch(val) [192][650/781]    eta: 0:00:11  time: 0.1133  data_time: 0.0019  memory: 1000  
2025/05/20 17:23:47 - mmengine - INFO - Epoch(val) [192][700/781]    eta: 0:00:07  time: 0.1272  data_time: 0.0029  memory: 1000  
2025/05/20 17:23:52 - mmengine - INFO - Epoch(val) [192][750/781]    eta: 0:00:02  time: 0.1077  data_time: 0.0004  memory: 1000  
2025/05/20 17:23:56 - mmengine - INFO - Evaluating bbox...
2025/05/20 17:24:00 - mmengine - INFO - 
+------------+-------+--------+--------+-------+-------+-------+
| category   | mAP   | mAP_50 | mAP_75 | mAP_s | mAP_m | mAP_l |
+------------+-------+--------+--------+-------+-------+-------+
| Car        | 0.689 | 0.924  | 0.765  | 0.419 | 0.719 | 0.883 |
| Truck      | 0.645 | 0.888  | 0.713  | 0.373 | 0.646 | 0.847 |
| People     | 0.517 | 0.857  | 0.537  | 0.355 | 0.699 | 0.76  |
| Bus        | 0.726 | 0.916  | 0.796  | 0.399 | 0.69  | 0.843 |
| Lamp       | 0.471 | 0.827  | 0.482  | 0.421 | 0.726 | nan   |
| Motorcycle | 0.44  | 0.729  | 0.439  | 0.101 | 0.649 | 0.81  |
+------------+-------+--------+--------+-------+-------+-------+
2025/05/20 17:24:00 - mmengine - INFO - bbox_mAP_copypaste: 0.581 0.857 0.622 0.345 0.688 0.829
2025/05/20 17:24:00 - mmengine - INFO - Epoch(val) [192][781/781]    coco/Car_precision: 0.6890  coco/Truck_precision: 0.6450  coco/People_precision: 0.5170  coco/Bus_precision: 0.7260  coco/Lamp_precision: 0.4710  coco/Motorcycle_precision: 0.4400  coco/bbox_mAP: 0.5810  coco/bbox_mAP_50: 0.8570  coco/bbox_mAP_75: 0.6220  coco/bbox_mAP_s: 0.3450  coco/bbox_mAP_m: 0.6880  coco/bbox_mAP_l: 0.8290  data_time: 0.0010  time: 0.0889
2025/05/20 17:24:00 - mmengine - INFO - The previous best checkpoint /data/nl/Mamba2Spectral/work_dirs/yolov8_mambatransformer_enhance/best_coco_bbox_mAP_50_epoch_188.pth is removed
2025/05/20 17:24:03 - mmengine - INFO - The best checkpoint with 0.8570 coco/bbox_mAP_50 at 192 epoch is saved to best_coco_bbox_mAP_50_epoch_192.pth.
2025/05/20 17:25:27 - mmengine - INFO - Epoch(train) [193][ 50/420]  base_lr: 1.0000e-02 lr: 5.4550e-04  eta: 1:25:51  time: 1.5740  data_time: 0.0364  memory: 10331  grad_norm: 28.0142  loss: 15.5240  loss_cls: 2.8134  loss_bbox: 5.6848  loss_dfl: 7.0258
2025/05/20 17:26:44 - mmengine - INFO - Epoch(train) [193][100/420]  base_lr: 1.0000e-02 lr: 5.4550e-04  eta: 1:24:33  time: 1.5469  data_time: 0.0073  memory: 10321  grad_norm: 29.2222  loss: 15.2763  loss_cls: 2.7283  loss_bbox: 5.5142  loss_dfl: 7.0338
2025/05/20 17:28:01 - mmengine - INFO - Epoch(train) [193][150/420]  base_lr: 1.0000e-02 lr: 5.4550e-04  eta: 1:23:15  time: 1.5442  data_time: 0.0072  memory: 10326  grad_norm: 29.5108  loss: 15.3398  loss_cls: 2.7190  loss_bbox: 5.5943  loss_dfl: 7.0265
2025/05/20 17:29:19 - mmengine - INFO - Epoch(train) [193][200/420]  base_lr: 1.0000e-02 lr: 5.4550e-04  eta: 1:21:57  time: 1.5469  data_time: 0.0072  memory: 10310  grad_norm: 28.7018  loss: 15.5251  loss_cls: 2.7851  loss_bbox: 5.6447  loss_dfl: 7.0953
2025/05/20 17:30:36 - mmengine - INFO - Epoch(train) [193][250/420]  base_lr: 1.0000e-02 lr: 5.4550e-04  eta: 1:20:39  time: 1.5464  data_time: 0.0072  memory: 10305  grad_norm: 30.0875  loss: 15.8728  loss_cls: 2.8945  loss_bbox: 5.8440  loss_dfl: 7.1342
2025/05/20 17:31:53 - mmengine - INFO - Epoch(train) [193][300/420]  base_lr: 1.0000e-02 lr: 5.4550e-04  eta: 1:19:21  time: 1.5454  data_time: 0.0072  memory: 10310  grad_norm: 27.1957  loss: 15.2179  loss_cls: 2.7035  loss_bbox: 5.4838  loss_dfl: 7.0306
2025/05/20 17:33:11 - mmengine - INFO - Epoch(train) [193][350/420]  base_lr: 1.0000e-02 lr: 5.4550e-04  eta: 1:18:03  time: 1.5458  data_time: 0.0074  memory: 10315  grad_norm: 28.9779  loss: 15.6594  loss_cls: 2.8328  loss_bbox: 5.7026  loss_dfl: 7.1240
2025/05/20 17:33:26 - mmengine - INFO - Exp name: yolov8_mambatransformer_enhance_20250520_141902
2025/05/20 17:34:28 - mmengine - INFO - Epoch(train) [193][400/420]  base_lr: 1.0000e-02 lr: 5.4550e-04  eta: 1:16:45  time: 1.5461  data_time: 0.0075  memory: 10305  grad_norm: 28.1026  loss: 15.4986  loss_cls: 2.7836  loss_bbox: 5.7041  loss_dfl: 7.0109
2025/05/20 17:34:59 - mmengine - INFO - Exp name: yolov8_mambatransformer_enhance_20250520_141902
2025/05/20 17:34:59 - mmengine - INFO - Saving checkpoint at 193 epochs
2025/05/20 17:35:07 - mmengine - INFO - Epoch(val) [193][ 50/781]    eta: 0:01:09  time: 0.0949  data_time: 0.0022  memory: 10299  
2025/05/20 17:35:12 - mmengine - INFO - Epoch(val) [193][100/781]    eta: 0:01:03  time: 0.0921  data_time: 0.0004  memory: 1000  
2025/05/20 17:35:17 - mmengine - INFO - Epoch(val) [193][150/781]    eta: 0:00:58  time: 0.0920  data_time: 0.0004  memory: 1000  
2025/05/20 17:35:21 - mmengine - INFO - Epoch(val) [193][200/781]    eta: 0:00:53  time: 0.0918  data_time: 0.0004  memory: 1000  
2025/05/20 17:35:26 - mmengine - INFO - Epoch(val) [193][250/781]    eta: 0:00:49  time: 0.0918  data_time: 0.0004  memory: 1000  
2025/05/20 17:35:30 - mmengine - INFO - Epoch(val) [193][300/781]    eta: 0:00:44  time: 0.0919  data_time: 0.0004  memory: 1000  
2025/05/20 17:35:35 - mmengine - INFO - Epoch(val) [193][350/781]    eta: 0:00:39  time: 0.0912  data_time: 0.0004  memory: 1000  
2025/05/20 17:35:39 - mmengine - INFO - Epoch(val) [193][400/781]    eta: 0:00:34  time: 0.0858  data_time: 0.0004  memory: 1000  
2025/05/20 17:35:44 - mmengine - INFO - Epoch(val) [193][450/781]    eta: 0:00:30  time: 0.0858  data_time: 0.0004  memory: 1000  
2025/05/20 17:35:48 - mmengine - INFO - Epoch(val) [193][500/781]    eta: 0:00:25  time: 0.0954  data_time: 0.0004  memory: 1000  
2025/05/20 17:35:55 - mmengine - INFO - Epoch(val) [193][550/781]    eta: 0:00:21  time: 0.1297  data_time: 0.0010  memory: 1000  
2025/05/20 17:36:02 - mmengine - INFO - Epoch(val) [193][600/781]    eta: 0:00:17  time: 0.1420  data_time: 0.0020  memory: 1000  
2025/05/20 17:36:08 - mmengine - INFO - Epoch(val) [193][650/781]    eta: 0:00:13  time: 0.1156  data_time: 0.0020  memory: 1000  
2025/05/20 17:36:13 - mmengine - INFO - Epoch(val) [193][700/781]    eta: 0:00:08  time: 0.1108  data_time: 0.0004  memory: 1000  
2025/05/20 17:36:19 - mmengine - INFO - Epoch(val) [193][750/781]    eta: 0:00:03  time: 0.1156  data_time: 0.0021  memory: 1000  
2025/05/20 17:36:23 - mmengine - INFO - Evaluating bbox...
2025/05/20 17:36:27 - mmengine - INFO - 
+------------+-------+--------+--------+-------+-------+-------+
| category   | mAP   | mAP_50 | mAP_75 | mAP_s | mAP_m | mAP_l |
+------------+-------+--------+--------+-------+-------+-------+
| Car        | 0.69  | 0.924  | 0.769  | 0.42  | 0.718 | 0.884 |
| Truck      | 0.647 | 0.888  | 0.712  | 0.373 | 0.65  | 0.847 |
| People     | 0.518 | 0.858  | 0.537  | 0.356 | 0.7   | 0.758 |
| Bus        | 0.724 | 0.917  | 0.793  | 0.398 | 0.689 | 0.842 |
| Lamp       | 0.47  | 0.824  | 0.482  | 0.421 | 0.723 | nan   |
| Motorcycle | 0.441 | 0.729  | 0.439  | 0.1   | 0.65  | 0.81  |
+------------+-------+--------+--------+-------+-------+-------+
2025/05/20 17:36:27 - mmengine - INFO - bbox_mAP_copypaste: 0.582 0.857 0.622 0.345 0.689 0.828
2025/05/20 17:36:27 - mmengine - INFO - Epoch(val) [193][781/781]    coco/Car_precision: 0.6900  coco/Truck_precision: 0.6470  coco/People_precision: 0.5180  coco/Bus_precision: 0.7240  coco/Lamp_precision: 0.4700  coco/Motorcycle_precision: 0.4410  coco/bbox_mAP: 0.5820  coco/bbox_mAP_50: 0.8570  coco/bbox_mAP_75: 0.6220  coco/bbox_mAP_s: 0.3450  coco/bbox_mAP_m: 0.6890  coco/bbox_mAP_l: 0.8280  data_time: 0.0009  time: 0.1020
2025/05/20 17:37:47 - mmengine - INFO - Epoch(train) [194][ 50/420]  base_lr: 1.0000e-02 lr: 4.9600e-04  eta: 1:14:57  time: 1.5996  data_time: 0.0365  memory: 10326  grad_norm: 27.9126  loss: 15.3877  loss_cls: 2.7875  loss_bbox: 5.5791  loss_dfl: 7.0212
2025/05/20 17:39:06 - mmengine - INFO - Epoch(train) [194][100/420]  base_lr: 1.0000e-02 lr: 4.9600e-04  eta: 1:13:39  time: 1.5714  data_time: 0.0072  memory: 10326  grad_norm: 29.1222  loss: 15.1922  loss_cls: 2.7290  loss_bbox: 5.4574  loss_dfl: 7.0059
2025/05/20 17:40:24 - mmengine - INFO - Epoch(train) [194][150/420]  base_lr: 1.0000e-02 lr: 4.9600e-04  eta: 1:12:22  time: 1.5653  data_time: 0.0070  memory: 10315  grad_norm: 27.6649  loss: 15.3177  loss_cls: 2.7517  loss_bbox: 5.5520  loss_dfl: 7.0140
2025/05/20 17:41:43 - mmengine - INFO - Epoch(train) [194][200/420]  base_lr: 1.0000e-02 lr: 4.9600e-04  eta: 1:11:04  time: 1.5714  data_time: 0.0073  memory: 10299  grad_norm: 29.8110  loss: 15.5665  loss_cls: 2.7986  loss_bbox: 5.6693  loss_dfl: 7.0987
2025/05/20 17:43:01 - mmengine - INFO - Epoch(train) [194][250/420]  base_lr: 1.0000e-02 lr: 4.9600e-04  eta: 1:09:47  time: 1.5708  data_time: 0.0073  memory: 10310  grad_norm: 28.0984  loss: 15.4230  loss_cls: 2.7310  loss_bbox: 5.5773  loss_dfl: 7.1147
2025/05/20 17:44:20 - mmengine - INFO - Epoch(train) [194][300/420]  base_lr: 1.0000e-02 lr: 4.9600e-04  eta: 1:08:29  time: 1.5707  data_time: 0.0072  memory: 10310  grad_norm: 29.2245  loss: 15.1526  loss_cls: 2.7280  loss_bbox: 5.4741  loss_dfl: 6.9505
2025/05/20 17:45:38 - mmengine - INFO - Epoch(train) [194][350/420]  base_lr: 1.0000e-02 lr: 4.9600e-04  eta: 1:07:12  time: 1.5706  data_time: 0.0072  memory: 10310  grad_norm: 28.9758  loss: 15.5891  loss_cls: 2.7850  loss_bbox: 5.6887  loss_dfl: 7.1153
2025/05/20 17:46:57 - mmengine - INFO - Epoch(train) [194][400/420]  base_lr: 1.0000e-02 lr: 4.9600e-04  eta: 1:05:54  time: 1.5708  data_time: 0.0072  memory: 10326  grad_norm: 27.1386  loss: 15.4467  loss_cls: 2.7764  loss_bbox: 5.6520  loss_dfl: 7.0183
2025/05/20 17:47:28 - mmengine - INFO - Exp name: yolov8_mambatransformer_enhance_20250520_141902
2025/05/20 17:47:28 - mmengine - INFO - Saving checkpoint at 194 epochs
2025/05/20 17:47:37 - mmengine - INFO - Epoch(val) [194][ 50/781]    eta: 0:01:11  time: 0.0980  data_time: 0.0021  memory: 10299  
2025/05/20 17:47:41 - mmengine - INFO - Epoch(val) [194][100/781]    eta: 0:01:05  time: 0.0946  data_time: 0.0004  memory: 1000  
2025/05/20 17:47:45 - mmengine - INFO - Epoch(val) [194][150/781]    eta: 0:00:55  time: 0.0727  data_time: 0.0003  memory: 1000  
2025/05/20 17:47:49 - mmengine - INFO - Epoch(val) [194][200/781]    eta: 0:00:49  time: 0.0720  data_time: 0.0003  memory: 1000  
2025/05/20 17:47:53 - mmengine - INFO - Epoch(val) [194][250/781]    eta: 0:00:45  time: 0.0870  data_time: 0.0004  memory: 1000  
2025/05/20 17:47:58 - mmengine - INFO - Epoch(val) [194][300/781]    eta: 0:00:41  time: 0.0909  data_time: 0.0004  memory: 1000  
2025/05/20 17:48:02 - mmengine - INFO - Epoch(val) [194][350/781]    eta: 0:00:37  time: 0.0910  data_time: 0.0004  memory: 1000  
2025/05/20 17:48:07 - mmengine - INFO - Epoch(val) [194][400/781]    eta: 0:00:33  time: 0.1004  data_time: 0.0004  memory: 1000  
2025/05/20 17:48:14 - mmengine - INFO - Epoch(val) [194][450/781]    eta: 0:00:30  time: 0.1265  data_time: 0.0004  memory: 1000  
2025/05/20 17:48:19 - mmengine - INFO - Epoch(val) [194][500/781]    eta: 0:00:26  time: 0.0980  data_time: 0.0004  memory: 1000  
2025/05/20 17:48:24 - mmengine - INFO - Epoch(val) [194][550/781]    eta: 0:00:21  time: 0.1004  data_time: 0.0004  memory: 1000  
2025/05/20 17:48:29 - mmengine - INFO - Epoch(val) [194][600/781]    eta: 0:00:17  time: 0.0983  data_time: 0.0004  memory: 1000  
2025/05/20 17:48:33 - mmengine - INFO - Epoch(val) [194][650/781]    eta: 0:00:12  time: 0.0968  data_time: 0.0004  memory: 1000  
2025/05/20 17:48:38 - mmengine - INFO - Epoch(val) [194][700/781]    eta: 0:00:07  time: 0.0978  data_time: 0.0004  memory: 1000  
2025/05/20 17:48:43 - mmengine - INFO - Epoch(val) [194][750/781]    eta: 0:00:02  time: 0.0980  data_time: 0.0004  memory: 1000  
2025/05/20 17:48:47 - mmengine - INFO - Evaluating bbox...
2025/05/20 17:48:51 - mmengine - INFO - 
+------------+-------+--------+--------+-------+-------+-------+
| category   | mAP   | mAP_50 | mAP_75 | mAP_s | mAP_m | mAP_l |
+------------+-------+--------+--------+-------+-------+-------+
| Car        | 0.69  | 0.925  | 0.77   | 0.42  | 0.719 | 0.884 |
| Truck      | 0.65  | 0.887  | 0.715  | 0.38  | 0.653 | 0.846 |
| People     | 0.517 | 0.858  | 0.535  | 0.356 | 0.7   | 0.755 |
| Bus        | 0.722 | 0.918  | 0.784  | 0.401 | 0.686 | 0.835 |
| Lamp       | 0.47  | 0.828  | 0.481  | 0.42  | 0.724 | nan   |
| Motorcycle | 0.443 | 0.729  | 0.44   | 0.105 | 0.65  | 0.81  |
+------------+-------+--------+--------+-------+-------+-------+
2025/05/20 17:48:51 - mmengine - INFO - bbox_mAP_copypaste: 0.582 0.857 0.621 0.347 0.689 0.826
2025/05/20 17:48:51 - mmengine - INFO - Epoch(val) [194][781/781]    coco/Car_precision: 0.6900  coco/Truck_precision: 0.6500  coco/People_precision: 0.5170  coco/Bus_precision: 0.7220  coco/Lamp_precision: 0.4700  coco/Motorcycle_precision: 0.4430  coco/bbox_mAP: 0.5820  coco/bbox_mAP_50: 0.8570  coco/bbox_mAP_75: 0.6210  coco/bbox_mAP_s: 0.3470  coco/bbox_mAP_m: 0.6890  coco/bbox_mAP_l: 0.8260  data_time: 0.0005  time: 0.0948
2025/05/20 17:50:10 - mmengine - INFO - Epoch(train) [195][ 50/420]  base_lr: 1.0000e-02 lr: 4.4650e-04  eta: 1:04:06  time: 1.5794  data_time: 0.0283  memory: 10331  grad_norm: 28.9150  loss: 15.1342  loss_cls: 2.7310  loss_bbox: 5.4240  loss_dfl: 6.9792
2025/05/20 17:51:27 - mmengine - INFO - Epoch(train) [195][100/420]  base_lr: 1.0000e-02 lr: 4.4650e-04  eta: 1:02:48  time: 1.5517  data_time: 0.0061  memory: 10305  grad_norm: 28.4500  loss: 15.1958  loss_cls: 2.6869  loss_bbox: 5.4291  loss_dfl: 7.0798
2025/05/20 17:52:45 - mmengine - INFO - Epoch(train) [195][150/420]  base_lr: 1.0000e-02 lr: 4.4650e-04  eta: 1:01:30  time: 1.5515  data_time: 0.0061  memory: 10305  grad_norm: 29.0352  loss: 15.5681  loss_cls: 2.7907  loss_bbox: 5.6918  loss_dfl: 7.0856
2025/05/20 17:54:03 - mmengine - INFO - Epoch(train) [195][200/420]  base_lr: 1.0000e-02 lr: 4.4650e-04  eta: 1:00:12  time: 1.5516  data_time: 0.0061  memory: 10305  grad_norm: 27.5764  loss: 15.0279  loss_cls: 2.6244  loss_bbox: 5.3872  loss_dfl: 7.0164
2025/05/20 17:55:20 - mmengine - INFO - Epoch(train) [195][250/420]  base_lr: 1.0000e-02 lr: 4.4650e-04  eta: 0:58:54  time: 1.5519  data_time: 0.0060  memory: 10315  grad_norm: 28.2464  loss: 15.7615  loss_cls: 2.8242  loss_bbox: 5.8083  loss_dfl: 7.1291
2025/05/20 17:56:38 - mmengine - INFO - Epoch(train) [195][300/420]  base_lr: 1.0000e-02 lr: 4.4650e-04  eta: 0:57:36  time: 1.5517  data_time: 0.0060  memory: 10294  grad_norm: 27.4819  loss: 15.3792  loss_cls: 2.7112  loss_bbox: 5.6226  loss_dfl: 7.0454
2025/05/20 17:57:55 - mmengine - INFO - Epoch(train) [195][350/420]  base_lr: 1.0000e-02 lr: 4.4650e-04  eta: 0:56:18  time: 1.5520  data_time: 0.0060  memory: 10326  grad_norm: 28.1458  loss: 15.0724  loss_cls: 2.6795  loss_bbox: 5.4397  loss_dfl: 6.9532
2025/05/20 17:59:13 - mmengine - INFO - Epoch(train) [195][400/420]  base_lr: 1.0000e-02 lr: 4.4650e-04  eta: 0:55:00  time: 1.5508  data_time: 0.0066  memory: 10326  grad_norm: 28.8147  loss: 15.5665  loss_cls: 2.8007  loss_bbox: 5.7301  loss_dfl: 7.0357
2025/05/20 17:59:44 - mmengine - INFO - Exp name: yolov8_mambatransformer_enhance_20250520_141902
2025/05/20 17:59:44 - mmengine - INFO - Saving checkpoint at 195 epochs
2025/05/20 17:59:52 - mmengine - INFO - Epoch(val) [195][ 50/781]    eta: 0:01:01  time: 0.0840  data_time: 0.0022  memory: 10321  
2025/05/20 17:59:57 - mmengine - INFO - Epoch(val) [195][100/781]    eta: 0:01:02  time: 0.1006  data_time: 0.0004  memory: 1000  
2025/05/20 18:00:03 - mmengine - INFO - Epoch(val) [195][150/781]    eta: 0:01:04  time: 0.1201  data_time: 0.0004  memory: 1000  
2025/05/20 18:00:09 - mmengine - INFO - Epoch(val) [195][200/781]    eta: 0:01:01  time: 0.1198  data_time: 0.0004  memory: 1000  
2025/05/20 18:00:15 - mmengine - INFO - Epoch(val) [195][250/781]    eta: 0:00:57  time: 0.1195  data_time: 0.0004  memory: 1000  
2025/05/20 18:00:20 - mmengine - INFO - Epoch(val) [195][300/781]    eta: 0:00:52  time: 0.1089  data_time: 0.0004  memory: 1000  
2025/05/20 18:00:25 - mmengine - INFO - Epoch(val) [195][350/781]    eta: 0:00:46  time: 0.0954  data_time: 0.0004  memory: 1000  
2025/05/20 18:00:30 - mmengine - INFO - Epoch(val) [195][400/781]    eta: 0:00:40  time: 0.0973  data_time: 0.0006  memory: 1000  
2025/05/20 18:00:35 - mmengine - INFO - Epoch(val) [195][450/781]    eta: 0:00:34  time: 0.1055  data_time: 0.0009  memory: 1000  
2025/05/20 18:00:40 - mmengine - INFO - Epoch(val) [195][500/781]    eta: 0:00:29  time: 0.0953  data_time: 0.0004  memory: 1000  
2025/05/20 18:00:45 - mmengine - INFO - Epoch(val) [195][550/781]    eta: 0:00:24  time: 0.1073  data_time: 0.0027  memory: 1000  
2025/05/20 18:00:50 - mmengine - INFO - Epoch(val) [195][600/781]    eta: 0:00:18  time: 0.1015  data_time: 0.0013  memory: 1000  
2025/05/20 18:00:55 - mmengine - INFO - Epoch(val) [195][650/781]    eta: 0:00:13  time: 0.0993  data_time: 0.0004  memory: 1000  
2025/05/20 18:01:01 - mmengine - INFO - Epoch(val) [195][700/781]    eta: 0:00:08  time: 0.1089  data_time: 0.0012  memory: 1000  
2025/05/20 18:01:06 - mmengine - INFO - Epoch(val) [195][750/781]    eta: 0:00:03  time: 0.1012  data_time: 0.0004  memory: 1000  
2025/05/20 18:01:10 - mmengine - INFO - Evaluating bbox...
2025/05/20 18:01:13 - mmengine - INFO - 
+------------+-------+--------+--------+-------+-------+-------+
| category   | mAP   | mAP_50 | mAP_75 | mAP_s | mAP_m | mAP_l |
+------------+-------+--------+--------+-------+-------+-------+
| Car        | 0.69  | 0.925  | 0.769  | 0.42  | 0.719 | 0.885 |
| Truck      | 0.649 | 0.886  | 0.715  | 0.376 | 0.654 | 0.844 |
| People     | 0.517 | 0.859  | 0.535  | 0.356 | 0.699 | 0.756 |
| Bus        | 0.723 | 0.918  | 0.785  | 0.402 | 0.687 | 0.835 |
| Lamp       | 0.47  | 0.828  | 0.482  | 0.421 | 0.721 | nan   |
| Motorcycle | 0.443 | 0.729  | 0.441  | 0.105 | 0.651 | 0.81  |
+------------+-------+--------+--------+-------+-------+-------+
2025/05/20 18:01:13 - mmengine - INFO - bbox_mAP_copypaste: 0.582 0.857 0.621 0.347 0.689 0.826
2025/05/20 18:01:13 - mmengine - INFO - Epoch(val) [195][781/781]    coco/Car_precision: 0.6900  coco/Truck_precision: 0.6490  coco/People_precision: 0.5170  coco/Bus_precision: 0.7230  coco/Lamp_precision: 0.4700  coco/Motorcycle_precision: 0.4430  coco/bbox_mAP: 0.5820  coco/bbox_mAP_50: 0.8570  coco/bbox_mAP_75: 0.6210  coco/bbox_mAP_s: 0.3470  coco/bbox_mAP_m: 0.6890  coco/bbox_mAP_l: 0.8260  data_time: 0.0008  time: 0.1041
2025/05/20 18:02:32 - mmengine - INFO - Epoch(train) [196][ 50/420]  base_lr: 1.0000e-02 lr: 3.9700e-04  eta: 0:53:11  time: 1.5703  data_time: 0.0294  memory: 10315  grad_norm: 28.1437  loss: 15.3860  loss_cls: 2.7940  loss_bbox: 5.5330  loss_dfl: 7.0590
2025/05/20 18:03:49 - mmengine - INFO - Exp name: yolov8_mambatransformer_enhance_20250520_141902
2025/05/20 18:03:49 - mmengine - INFO - Epoch(train) [196][100/420]  base_lr: 1.0000e-02 lr: 3.9700e-04  eta: 0:51:53  time: 1.5461  data_time: 0.0079  memory: 10289  grad_norm: 29.8012  loss: 15.6628  loss_cls: 2.8019  loss_bbox: 5.7355  loss_dfl: 7.1253
2025/05/20 18:05:07 - mmengine - INFO - Epoch(train) [196][150/420]  base_lr: 1.0000e-02 lr: 3.9700e-04  eta: 0:50:35  time: 1.5482  data_time: 0.0074  memory: 10337  grad_norm: 28.9195  loss: 15.4461  loss_cls: 2.7622  loss_bbox: 5.6504  loss_dfl: 7.0335
2025/05/20 18:06:24 - mmengine - INFO - Epoch(train) [196][200/420]  base_lr: 1.0000e-02 lr: 3.9700e-04  eta: 0:49:17  time: 1.5459  data_time: 0.0074  memory: 10299  grad_norm: 28.8211  loss: 15.4215  loss_cls: 2.7354  loss_bbox: 5.6534  loss_dfl: 7.0327
2025/05/20 18:07:41 - mmengine - INFO - Epoch(train) [196][250/420]  base_lr: 1.0000e-02 lr: 3.9700e-04  eta: 0:47:59  time: 1.5463  data_time: 0.0072  memory: 10326  grad_norm: 27.9611  loss: 15.1897  loss_cls: 2.6870  loss_bbox: 5.5075  loss_dfl: 6.9952
2025/05/20 18:08:59 - mmengine - INFO - Epoch(train) [196][300/420]  base_lr: 1.0000e-02 lr: 3.9700e-04  eta: 0:46:41  time: 1.5474  data_time: 0.0073  memory: 10299  grad_norm: 30.1332  loss: 15.1702  loss_cls: 2.7021  loss_bbox: 5.4890  loss_dfl: 6.9791
2025/05/20 18:10:16 - mmengine - INFO - Epoch(train) [196][350/420]  base_lr: 1.0000e-02 lr: 3.9700e-04  eta: 0:45:23  time: 1.5451  data_time: 0.0073  memory: 10294  grad_norm: 29.4254  loss: 15.2767  loss_cls: 2.7015  loss_bbox: 5.5385  loss_dfl: 7.0367
2025/05/20 18:11:33 - mmengine - INFO - Epoch(train) [196][400/420]  base_lr: 1.0000e-02 lr: 3.9700e-04  eta: 0:44:05  time: 1.5439  data_time: 0.0072  memory: 10331  grad_norm: 29.5028  loss: 15.4772  loss_cls: 2.7703  loss_bbox: 5.5901  loss_dfl: 7.1167
2025/05/20 18:12:04 - mmengine - INFO - Exp name: yolov8_mambatransformer_enhance_20250520_141902
2025/05/20 18:12:04 - mmengine - INFO - Saving checkpoint at 196 epochs
2025/05/20 18:12:12 - mmengine - INFO - Epoch(val) [196][ 50/781]    eta: 0:01:08  time: 0.0934  data_time: 0.0017  memory: 10289  
2025/05/20 18:12:17 - mmengine - INFO - Epoch(val) [196][100/781]    eta: 0:01:02  time: 0.0916  data_time: 0.0004  memory: 1000  
2025/05/20 18:12:21 - mmengine - INFO - Epoch(val) [196][150/781]    eta: 0:00:58  time: 0.0914  data_time: 0.0004  memory: 1000  
2025/05/20 18:12:26 - mmengine - INFO - Epoch(val) [196][200/781]    eta: 0:00:53  time: 0.0914  data_time: 0.0004  memory: 1000  
2025/05/20 18:12:31 - mmengine - INFO - Epoch(val) [196][250/781]    eta: 0:00:48  time: 0.0911  data_time: 0.0004  memory: 1000  
2025/05/20 18:12:35 - mmengine - INFO - Epoch(val) [196][300/781]    eta: 0:00:44  time: 0.0910  data_time: 0.0004  memory: 1000  
2025/05/20 18:12:39 - mmengine - INFO - Epoch(val) [196][350/781]    eta: 0:00:38  time: 0.0769  data_time: 0.0004  memory: 1000  
2025/05/20 18:12:44 - mmengine - INFO - Epoch(val) [196][400/781]    eta: 0:00:34  time: 0.0944  data_time: 0.0004  memory: 1000  
2025/05/20 18:12:49 - mmengine - INFO - Epoch(val) [196][450/781]    eta: 0:00:30  time: 0.0976  data_time: 0.0004  memory: 1000  
2025/05/20 18:12:54 - mmengine - INFO - Epoch(val) [196][500/781]    eta: 0:00:26  time: 0.1087  data_time: 0.0014  memory: 1000  
2025/05/20 18:12:59 - mmengine - INFO - Epoch(val) [196][550/781]    eta: 0:00:21  time: 0.0977  data_time: 0.0004  memory: 1000  
2025/05/20 18:13:05 - mmengine - INFO - Epoch(val) [196][600/781]    eta: 0:00:17  time: 0.1168  data_time: 0.0034  memory: 1000  
2025/05/20 18:13:10 - mmengine - INFO - Epoch(val) [196][650/781]    eta: 0:00:12  time: 0.1052  data_time: 0.0007  memory: 1000  
2025/05/20 18:13:15 - mmengine - INFO - Epoch(val) [196][700/781]    eta: 0:00:07  time: 0.1007  data_time: 0.0004  memory: 1000  
2025/05/20 18:13:20 - mmengine - INFO - Epoch(val) [196][750/781]    eta: 0:00:02  time: 0.0998  data_time: 0.0004  memory: 1000  
2025/05/20 18:13:24 - mmengine - INFO - Evaluating bbox...
2025/05/20 18:13:28 - mmengine - INFO - 
+------------+-------+--------+--------+-------+-------+-------+
| category   | mAP   | mAP_50 | mAP_75 | mAP_s | mAP_m | mAP_l |
+------------+-------+--------+--------+-------+-------+-------+
| Car        | 0.69  | 0.924  | 0.769  | 0.419 | 0.719 | 0.883 |
| Truck      | 0.648 | 0.886  | 0.71   | 0.378 | 0.653 | 0.837 |
| People     | 0.518 | 0.859  | 0.534  | 0.357 | 0.699 | 0.758 |
| Bus        | 0.725 | 0.918  | 0.785  | 0.408 | 0.688 | 0.837 |
| Lamp       | 0.47  | 0.827  | 0.48   | 0.421 | 0.721 | nan   |
| Motorcycle | 0.444 | 0.729  | 0.442  | 0.107 | 0.651 | 0.81  |
+------------+-------+--------+--------+-------+-------+-------+
2025/05/20 18:13:28 - mmengine - INFO - bbox_mAP_copypaste: 0.582 0.857 0.620 0.348 0.688 0.825
2025/05/20 18:13:28 - mmengine - INFO - Epoch(val) [196][781/781]    coco/Car_precision: 0.6900  coco/Truck_precision: 0.6480  coco/People_precision: 0.5180  coco/Bus_precision: 0.7250  coco/Lamp_precision: 0.4700  coco/Motorcycle_precision: 0.4440  coco/bbox_mAP: 0.5820  coco/bbox_mAP_50: 0.8570  coco/bbox_mAP_75: 0.6200  coco/bbox_mAP_s: 0.3480  coco/bbox_mAP_m: 0.6880  coco/bbox_mAP_l: 0.8250  data_time: 0.0007  time: 0.0965
2025/05/20 18:14:46 - mmengine - INFO - Epoch(train) [197][ 50/420]  base_lr: 1.0000e-02 lr: 3.4750e-04  eta: 0:42:16  time: 1.5568  data_time: 0.0301  memory: 10294  grad_norm: 28.8090  loss: 15.1146  loss_cls: 2.7019  loss_bbox: 5.4456  loss_dfl: 6.9671
2025/05/20 18:16:02 - mmengine - INFO - Epoch(train) [197][100/420]  base_lr: 1.0000e-02 lr: 3.4750e-04  eta: 0:40:58  time: 1.5267  data_time: 0.0060  memory: 10305  grad_norm: 29.7025  loss: 15.1300  loss_cls: 2.6820  loss_bbox: 5.4497  loss_dfl: 6.9983
2025/05/20 18:17:18 - mmengine - INFO - Epoch(train) [197][150/420]  base_lr: 1.0000e-02 lr: 3.4750e-04  eta: 0:39:40  time: 1.5268  data_time: 0.0060  memory: 10321  grad_norm: 28.4304  loss: 15.3686  loss_cls: 2.7436  loss_bbox: 5.5461  loss_dfl: 7.0788
2025/05/20 18:18:35 - mmengine - INFO - Epoch(train) [197][200/420]  base_lr: 1.0000e-02 lr: 3.4750e-04  eta: 0:38:22  time: 1.5298  data_time: 0.0060  memory: 10294  grad_norm: 28.9340  loss: 15.6072  loss_cls: 2.7498  loss_bbox: 5.7721  loss_dfl: 7.0853
2025/05/20 18:19:51 - mmengine - INFO - Epoch(train) [197][250/420]  base_lr: 1.0000e-02 lr: 3.4750e-04  eta: 0:37:04  time: 1.5269  data_time: 0.0060  memory: 10321  grad_norm: 28.5683  loss: 15.3613  loss_cls: 2.7596  loss_bbox: 5.5857  loss_dfl: 7.0161
2025/05/20 18:21:07 - mmengine - INFO - Epoch(train) [197][300/420]  base_lr: 1.0000e-02 lr: 3.4750e-04  eta: 0:35:46  time: 1.5267  data_time: 0.0060  memory: 10331  grad_norm: 29.4879  loss: 14.8796  loss_cls: 2.6374  loss_bbox: 5.2957  loss_dfl: 6.9465
2025/05/20 18:22:24 - mmengine - INFO - Epoch(train) [197][350/420]  base_lr: 1.0000e-02 lr: 3.4750e-04  eta: 0:34:28  time: 1.5269  data_time: 0.0060  memory: 10326  grad_norm: 28.8066  loss: 15.2676  loss_cls: 2.7171  loss_bbox: 5.5460  loss_dfl: 7.0045
2025/05/20 18:23:40 - mmengine - INFO - Epoch(train) [197][400/420]  base_lr: 1.0000e-02 lr: 3.4750e-04  eta: 0:33:10  time: 1.5270  data_time: 0.0060  memory: 10315  grad_norm: 28.6397  loss: 15.2751  loss_cls: 2.7031  loss_bbox: 5.5296  loss_dfl: 7.0423
2025/05/20 18:24:11 - mmengine - INFO - Exp name: yolov8_mambatransformer_enhance_20250520_141902
2025/05/20 18:24:11 - mmengine - INFO - Saving checkpoint at 197 epochs
2025/05/20 18:24:18 - mmengine - INFO - Epoch(val) [197][ 50/781]    eta: 0:00:58  time: 0.0801  data_time: 0.0019  memory: 10235  
2025/05/20 18:24:23 - mmengine - INFO - Epoch(val) [197][100/781]    eta: 0:00:57  time: 0.0895  data_time: 0.0004  memory: 1000  
2025/05/20 18:24:27 - mmengine - INFO - Epoch(val) [197][150/781]    eta: 0:00:54  time: 0.0914  data_time: 0.0004  memory: 1000  
2025/05/20 18:24:32 - mmengine - INFO - Epoch(val) [197][200/781]    eta: 0:00:51  time: 0.0911  data_time: 0.0004  memory: 1000  
2025/05/20 18:24:36 - mmengine - INFO - Epoch(val) [197][250/781]    eta: 0:00:47  time: 0.0910  data_time: 0.0004  memory: 1000  
2025/05/20 18:24:41 - mmengine - INFO - Epoch(val) [197][300/781]    eta: 0:00:42  time: 0.0911  data_time: 0.0004  memory: 1000  
2025/05/20 18:24:45 - mmengine - INFO - Epoch(val) [197][350/781]    eta: 0:00:37  time: 0.0774  data_time: 0.0003  memory: 1000  
2025/05/20 18:24:49 - mmengine - INFO - Epoch(val) [197][400/781]    eta: 0:00:33  time: 0.0909  data_time: 0.0004  memory: 1000  
2025/05/20 18:24:54 - mmengine - INFO - Epoch(val) [197][450/781]    eta: 0:00:29  time: 0.0912  data_time: 0.0004  memory: 1000  
2025/05/20 18:24:59 - mmengine - INFO - Epoch(val) [197][500/781]    eta: 0:00:24  time: 0.0913  data_time: 0.0004  memory: 1000  
2025/05/20 18:25:03 - mmengine - INFO - Epoch(val) [197][550/781]    eta: 0:00:20  time: 0.0936  data_time: 0.0004  memory: 1000  
2025/05/20 18:25:09 - mmengine - INFO - Epoch(val) [197][600/781]    eta: 0:00:16  time: 0.1039  data_time: 0.0008  memory: 1000  
2025/05/20 18:25:14 - mmengine - INFO - Epoch(val) [197][650/781]    eta: 0:00:11  time: 0.0997  data_time: 0.0004  memory: 1000  
2025/05/20 18:25:19 - mmengine - INFO - Epoch(val) [197][700/781]    eta: 0:00:07  time: 0.1037  data_time: 0.0019  memory: 1000  
2025/05/20 18:25:24 - mmengine - INFO - Epoch(val) [197][750/781]    eta: 0:00:02  time: 0.1113  data_time: 0.0017  memory: 1000  
2025/05/20 18:25:28 - mmengine - INFO - Evaluating bbox...
2025/05/20 18:25:32 - mmengine - INFO - 
+------------+-------+--------+--------+-------+-------+-------+
| category   | mAP   | mAP_50 | mAP_75 | mAP_s | mAP_m | mAP_l |
+------------+-------+--------+--------+-------+-------+-------+
| Car        | 0.69  | 0.925  | 0.769  | 0.42  | 0.719 | 0.885 |
| Truck      | 0.648 | 0.885  | 0.712  | 0.382 | 0.651 | 0.84  |
| People     | 0.518 | 0.859  | 0.534  | 0.357 | 0.7   | 0.759 |
| Bus        | 0.723 | 0.918  | 0.785  | 0.4   | 0.69  | 0.836 |
| Lamp       | 0.472 | 0.829  | 0.484  | 0.422 | 0.723 | nan   |
| Motorcycle | 0.449 | 0.729  | 0.443  | 0.111 | 0.657 | 0.81  |
+------------+-------+--------+--------+-------+-------+-------+
2025/05/20 18:25:32 - mmengine - INFO - bbox_mAP_copypaste: 0.583 0.858 0.621 0.349 0.690 0.826
2025/05/20 18:25:32 - mmengine - INFO - Epoch(val) [197][781/781]    coco/Car_precision: 0.6900  coco/Truck_precision: 0.6480  coco/People_precision: 0.5180  coco/Bus_precision: 0.7230  coco/Lamp_precision: 0.4720  coco/Motorcycle_precision: 0.4490  coco/bbox_mAP: 0.5830  coco/bbox_mAP_50: 0.8580  coco/bbox_mAP_75: 0.6210  coco/bbox_mAP_s: 0.3490  coco/bbox_mAP_m: 0.6900  coco/bbox_mAP_l: 0.8260  data_time: 0.0007  time: 0.0933
2025/05/20 18:25:32 - mmengine - INFO - The previous best checkpoint /data/nl/Mamba2Spectral/work_dirs/yolov8_mambatransformer_enhance/best_coco_bbox_mAP_50_epoch_192.pth is removed
2025/05/20 18:25:35 - mmengine - INFO - The best checkpoint with 0.8580 coco/bbox_mAP_50 at 197 epoch is saved to best_coco_bbox_mAP_50_epoch_197.pth.
2025/05/20 18:27:00 - mmengine - INFO - Epoch(train) [198][ 50/420]  base_lr: 1.0000e-02 lr: 2.9800e-04  eta: 0:31:21  time: 1.5810  data_time: 0.0339  memory: 10347  grad_norm: 28.1429  loss: 15.4752  loss_cls: 2.7504  loss_bbox: 5.5981  loss_dfl: 7.1267
2025/05/20 18:28:17 - mmengine - INFO - Epoch(train) [198][100/420]  base_lr: 1.0000e-02 lr: 2.9800e-04  eta: 0:30:04  time: 1.5453  data_time: 0.0072  memory: 10321  grad_norm: 29.9208  loss: 15.5757  loss_cls: 2.7880  loss_bbox: 5.7501  loss_dfl: 7.0376
2025/05/20 18:29:34 - mmengine - INFO - Epoch(train) [198][150/420]  base_lr: 1.0000e-02 lr: 2.9800e-04  eta: 0:28:46  time: 1.5444  data_time: 0.0071  memory: 10321  grad_norm: 28.0815  loss: 15.4420  loss_cls: 2.7700  loss_bbox: 5.6287  loss_dfl: 7.0433
2025/05/20 18:30:51 - mmengine - INFO - Epoch(train) [198][200/420]  base_lr: 1.0000e-02 lr: 2.9800e-04  eta: 0:27:28  time: 1.5433  data_time: 0.0071  memory: 10331  grad_norm: 28.1841  loss: 15.0189  loss_cls: 2.6123  loss_bbox: 5.4100  loss_dfl: 6.9966
2025/05/20 18:32:08 - mmengine - INFO - Epoch(train) [198][250/420]  base_lr: 1.0000e-02 lr: 2.9800e-04  eta: 0:26:10  time: 1.5435  data_time: 0.0071  memory: 10305  grad_norm: 29.2664  loss: 15.0900  loss_cls: 2.6790  loss_bbox: 5.3957  loss_dfl: 7.0153
2025/05/20 18:32:24 - mmengine - INFO - Exp name: yolov8_mambatransformer_enhance_20250520_141902
2025/05/20 18:33:26 - mmengine - INFO - Epoch(train) [198][300/420]  base_lr: 1.0000e-02 lr: 2.9800e-04  eta: 0:24:52  time: 1.5434  data_time: 0.0070  memory: 10331  grad_norm: 28.6172  loss: 15.1519  loss_cls: 2.6685  loss_bbox: 5.4771  loss_dfl: 7.0062
2025/05/20 18:34:43 - mmengine - INFO - Epoch(train) [198][350/420]  base_lr: 1.0000e-02 lr: 2.9800e-04  eta: 0:23:34  time: 1.5438  data_time: 0.0071  memory: 10289  grad_norm: 27.7633  loss: 15.1314  loss_cls: 2.6773  loss_bbox: 5.4343  loss_dfl: 7.0198
2025/05/20 18:36:00 - mmengine - INFO - Epoch(train) [198][400/420]  base_lr: 1.0000e-02 lr: 2.9800e-04  eta: 0:22:17  time: 1.5440  data_time: 0.0070  memory: 10326  grad_norm: 28.3618  loss: 14.9899  loss_cls: 2.6601  loss_bbox: 5.3719  loss_dfl: 6.9579
2025/05/20 18:36:31 - mmengine - INFO - Exp name: yolov8_mambatransformer_enhance_20250520_141902
2025/05/20 18:36:31 - mmengine - INFO - Saving checkpoint at 198 epochs
2025/05/20 18:36:39 - mmengine - INFO - Epoch(val) [198][ 50/781]    eta: 0:01:08  time: 0.0934  data_time: 0.0021  memory: 10315  
2025/05/20 18:36:44 - mmengine - INFO - Epoch(val) [198][100/781]    eta: 0:01:02  time: 0.0911  data_time: 0.0004  memory: 1000  
2025/05/20 18:36:48 - mmengine - INFO - Epoch(val) [198][150/781]    eta: 0:00:57  time: 0.0911  data_time: 0.0004  memory: 1000  
2025/05/20 18:36:54 - mmengine - INFO - Epoch(val) [198][200/781]    eta: 0:00:57  time: 0.1199  data_time: 0.0004  memory: 1000  
2025/05/20 18:37:00 - mmengine - INFO - Epoch(val) [198][250/781]    eta: 0:00:54  time: 0.1198  data_time: 0.0004  memory: 1000  
2025/05/20 18:37:06 - mmengine - INFO - Epoch(val) [198][300/781]    eta: 0:00:50  time: 0.1196  data_time: 0.0004  memory: 1000  
2025/05/20 18:37:13 - mmengine - INFO - Epoch(val) [198][350/781]    eta: 0:00:46  time: 0.1231  data_time: 0.0004  memory: 1000  
2025/05/20 18:37:19 - mmengine - INFO - Epoch(val) [198][400/781]    eta: 0:00:42  time: 0.1347  data_time: 0.0017  memory: 1000  
2025/05/20 18:37:25 - mmengine - INFO - Epoch(val) [198][450/781]    eta: 0:00:37  time: 0.1216  data_time: 0.0019  memory: 1000  
2025/05/20 18:37:30 - mmengine - INFO - Epoch(val) [198][500/781]    eta: 0:00:31  time: 0.1002  data_time: 0.0012  memory: 1000  
2025/05/20 18:37:36 - mmengine - INFO - Epoch(val) [198][550/781]    eta: 0:00:25  time: 0.1133  data_time: 0.0007  memory: 1000  
2025/05/20 18:37:41 - mmengine - INFO - Epoch(val) [198][600/781]    eta: 0:00:20  time: 0.1004  data_time: 0.0004  memory: 1000  
2025/05/20 18:37:46 - mmengine - INFO - Epoch(val) [198][650/781]    eta: 0:00:14  time: 0.0979  data_time: 0.0004  memory: 1000  
2025/05/20 18:37:52 - mmengine - INFO - Epoch(val) [198][700/781]    eta: 0:00:08  time: 0.1244  data_time: 0.0009  memory: 1000  
2025/05/20 18:37:59 - mmengine - INFO - Epoch(val) [198][750/781]    eta: 0:00:03  time: 0.1304  data_time: 0.0010  memory: 1000  
2025/05/20 18:38:02 - mmengine - INFO - Evaluating bbox...
2025/05/20 18:38:06 - mmengine - INFO - 
+------------+-------+--------+--------+-------+-------+-------+
| category   | mAP   | mAP_50 | mAP_75 | mAP_s | mAP_m | mAP_l |
+------------+-------+--------+--------+-------+-------+-------+
| Car        | 0.69  | 0.925  | 0.765  | 0.42  | 0.718 | 0.885 |
| Truck      | 0.649 | 0.885  | 0.719  | 0.385 | 0.652 | 0.84  |
| People     | 0.518 | 0.859  | 0.537  | 0.358 | 0.699 | 0.759 |
| Bus        | 0.724 | 0.917  | 0.786  | 0.4   | 0.689 | 0.836 |
| Lamp       | 0.472 | 0.83   | 0.483  | 0.422 | 0.727 | nan   |
| Motorcycle | 0.448 | 0.729  | 0.443  | 0.112 | 0.654 | 0.81  |
+------------+-------+--------+--------+-------+-------+-------+
2025/05/20 18:38:06 - mmengine - INFO - bbox_mAP_copypaste: 0.584 0.858 0.622 0.350 0.690 0.826
2025/05/20 18:38:06 - mmengine - INFO - Epoch(val) [198][781/781]    coco/Car_precision: 0.6900  coco/Truck_precision: 0.6490  coco/People_precision: 0.5180  coco/Bus_precision: 0.7240  coco/Lamp_precision: 0.4720  coco/Motorcycle_precision: 0.4480  coco/bbox_mAP: 0.5840  coco/bbox_mAP_50: 0.8580  coco/bbox_mAP_75: 0.6220  coco/bbox_mAP_s: 0.3500  coco/bbox_mAP_m: 0.6900  coco/bbox_mAP_l: 0.8260  data_time: 0.0008  time: 0.1115
2025/05/20 18:39:25 - mmengine - INFO - Epoch(train) [199][ 50/420]  base_lr: 1.0000e-02 lr: 2.4850e-04  eta: 0:20:28  time: 1.5652  data_time: 0.0273  memory: 10321  grad_norm: 28.3954  loss: 15.3174  loss_cls: 2.7384  loss_bbox: 5.5041  loss_dfl: 7.0749
2025/05/20 18:40:42 - mmengine - INFO - Epoch(train) [199][100/420]  base_lr: 1.0000e-02 lr: 2.4850e-04  eta: 0:19:10  time: 1.5426  data_time: 0.0071  memory: 10315  grad_norm: 29.1381  loss: 15.1126  loss_cls: 2.6554  loss_bbox: 5.4621  loss_dfl: 6.9951
2025/05/20 18:41:59 - mmengine - INFO - Epoch(train) [199][150/420]  base_lr: 1.0000e-02 lr: 2.4850e-04  eta: 0:17:52  time: 1.5436  data_time: 0.0072  memory: 10331  grad_norm: 28.3293  loss: 15.0992  loss_cls: 2.6583  loss_bbox: 5.4205  loss_dfl: 7.0204
2025/05/20 18:43:16 - mmengine - INFO - Epoch(train) [199][200/420]  base_lr: 1.0000e-02 lr: 2.4850e-04  eta: 0:16:34  time: 1.5434  data_time: 0.0072  memory: 10283  grad_norm: 29.4150  loss: 14.9794  loss_cls: 2.6102  loss_bbox: 5.3646  loss_dfl: 7.0045
2025/05/20 18:44:33 - mmengine - INFO - Epoch(train) [199][250/420]  base_lr: 1.0000e-02 lr: 2.4850e-04  eta: 0:15:17  time: 1.5437  data_time: 0.0071  memory: 10347  grad_norm: 29.5000  loss: 15.2292  loss_cls: 2.7192  loss_bbox: 5.5226  loss_dfl: 6.9874
2025/05/20 18:45:51 - mmengine - INFO - Epoch(train) [199][300/420]  base_lr: 1.0000e-02 lr: 2.4850e-04  eta: 0:13:59  time: 1.5438  data_time: 0.0071  memory: 10321  grad_norm: 27.6921  loss: 14.9818  loss_cls: 2.6285  loss_bbox: 5.3164  loss_dfl: 7.0369
2025/05/20 18:47:08 - mmengine - INFO - Epoch(train) [199][350/420]  base_lr: 1.0000e-02 lr: 2.4850e-04  eta: 0:12:41  time: 1.5438  data_time: 0.0071  memory: 10326  grad_norm: 29.1997  loss: 15.0820  loss_cls: 2.6658  loss_bbox: 5.4840  loss_dfl: 6.9322
2025/05/20 18:48:25 - mmengine - INFO - Epoch(train) [199][400/420]  base_lr: 1.0000e-02 lr: 2.4850e-04  eta: 0:11:23  time: 1.5439  data_time: 0.0071  memory: 10294  grad_norm: 29.7096  loss: 15.4565  loss_cls: 2.7807  loss_bbox: 5.6831  loss_dfl: 6.9927
2025/05/20 18:48:56 - mmengine - INFO - Exp name: yolov8_mambatransformer_enhance_20250520_141902
2025/05/20 18:48:56 - mmengine - INFO - Saving checkpoint at 199 epochs
2025/05/20 18:49:04 - mmengine - INFO - Epoch(val) [199][ 50/781]    eta: 0:01:09  time: 0.0955  data_time: 0.0022  memory: 10273  
2025/05/20 18:49:08 - mmengine - INFO - Epoch(val) [199][100/781]    eta: 0:01:00  time: 0.0822  data_time: 0.0004  memory: 1000  
2025/05/20 18:49:12 - mmengine - INFO - Epoch(val) [199][150/781]    eta: 0:00:52  time: 0.0731  data_time: 0.0004  memory: 1000  
2025/05/20 18:49:16 - mmengine - INFO - Epoch(val) [199][200/781]    eta: 0:00:47  time: 0.0746  data_time: 0.0004  memory: 1000  
2025/05/20 18:49:20 - mmengine - INFO - Epoch(val) [199][250/781]    eta: 0:00:43  time: 0.0856  data_time: 0.0004  memory: 1000  
2025/05/20 18:49:25 - mmengine - INFO - Epoch(val) [199][300/781]    eta: 0:00:40  time: 0.0936  data_time: 0.0004  memory: 1000  
2025/05/20 18:49:30 - mmengine - INFO - Epoch(val) [199][350/781]    eta: 0:00:36  time: 0.0935  data_time: 0.0004  memory: 1000  
2025/05/20 18:49:34 - mmengine - INFO - Epoch(val) [199][400/781]    eta: 0:00:32  time: 0.0931  data_time: 0.0004  memory: 1000  
2025/05/20 18:49:40 - mmengine - INFO - Epoch(val) [199][450/781]    eta: 0:00:29  time: 0.1056  data_time: 0.0007  memory: 1000  
2025/05/20 18:49:45 - mmengine - INFO - Epoch(val) [199][500/781]    eta: 0:00:25  time: 0.1045  data_time: 0.0014  memory: 1000  
2025/05/20 18:49:51 - mmengine - INFO - Epoch(val) [199][550/781]    eta: 0:00:21  time: 0.1174  data_time: 0.0008  memory: 1000  
2025/05/20 18:49:56 - mmengine - INFO - Epoch(val) [199][600/781]    eta: 0:00:16  time: 0.1085  data_time: 0.0009  memory: 1000  
2025/05/20 18:50:03 - mmengine - INFO - Epoch(val) [199][650/781]    eta: 0:00:12  time: 0.1299  data_time: 0.0045  memory: 1000  
2025/05/20 18:50:09 - mmengine - INFO - Epoch(val) [199][700/781]    eta: 0:00:07  time: 0.1189  data_time: 0.0028  memory: 1000  
2025/05/20 18:50:14 - mmengine - INFO - Epoch(val) [199][750/781]    eta: 0:00:03  time: 0.1121  data_time: 0.0004  memory: 1000  
2025/05/20 18:50:18 - mmengine - INFO - Evaluating bbox...
2025/05/20 18:50:22 - mmengine - INFO - 
+------------+-------+--------+--------+-------+-------+-------+
| category   | mAP   | mAP_50 | mAP_75 | mAP_s | mAP_m | mAP_l |
+------------+-------+--------+--------+-------+-------+-------+
| Car        | 0.69  | 0.925  | 0.765  | 0.419 | 0.718 | 0.884 |
| Truck      | 0.649 | 0.885  | 0.719  | 0.388 | 0.652 | 0.838 |
| People     | 0.518 | 0.859  | 0.536  | 0.358 | 0.699 | 0.759 |
| Bus        | 0.725 | 0.917  | 0.786  | 0.4   | 0.69  | 0.837 |
| Lamp       | 0.471 | 0.827  | 0.484  | 0.422 | 0.724 | nan   |
| Motorcycle | 0.448 | 0.729  | 0.444  | 0.112 | 0.652 | 0.81  |
+------------+-------+--------+--------+-------+-------+-------+
2025/05/20 18:50:22 - mmengine - INFO - bbox_mAP_copypaste: 0.584 0.857 0.622 0.350 0.689 0.826
2025/05/20 18:50:22 - mmengine - INFO - Epoch(val) [199][781/781]    coco/Car_precision: 0.6900  coco/Truck_precision: 0.6490  coco/People_precision: 0.5180  coco/Bus_precision: 0.7250  coco/Lamp_precision: 0.4710  coco/Motorcycle_precision: 0.4480  coco/bbox_mAP: 0.5840  coco/bbox_mAP_50: 0.8570  coco/bbox_mAP_75: 0.6220  coco/bbox_mAP_s: 0.3500  coco/bbox_mAP_m: 0.6890  coco/bbox_mAP_l: 0.8260  data_time: 0.0011  time: 0.0995
2025/05/20 18:51:40 - mmengine - INFO - Epoch(train) [200][ 50/420]  base_lr: 1.0000e-02 lr: 1.9900e-04  eta: 0:09:35  time: 1.5627  data_time: 0.0375  memory: 10315  grad_norm: 28.8527  loss: 14.9622  loss_cls: 2.6092  loss_bbox: 5.3107  loss_dfl: 7.0422
2025/05/20 18:52:56 - mmengine - INFO - Epoch(train) [200][100/420]  base_lr: 1.0000e-02 lr: 1.9900e-04  eta: 0:08:17  time: 1.5268  data_time: 0.0061  memory: 10294  grad_norm: 28.9294  loss: 15.0506  loss_cls: 2.6145  loss_bbox: 5.4043  loss_dfl: 7.0318
2025/05/20 18:54:13 - mmengine - INFO - Epoch(train) [200][150/420]  base_lr: 1.0000e-02 lr: 1.9900e-04  eta: 0:06:59  time: 1.5271  data_time: 0.0062  memory: 10315  grad_norm: 28.1667  loss: 15.3020  loss_cls: 2.6939  loss_bbox: 5.5162  loss_dfl: 7.0919
2025/05/20 18:55:29 - mmengine - INFO - Epoch(train) [200][200/420]  base_lr: 1.0000e-02 lr: 1.9900e-04  eta: 0:05:41  time: 1.5269  data_time: 0.0061  memory: 10315  grad_norm: 28.1818  loss: 15.0447  loss_cls: 2.7051  loss_bbox: 5.4384  loss_dfl: 6.9012
2025/05/20 18:56:46 - mmengine - INFO - Epoch(train) [200][250/420]  base_lr: 1.0000e-02 lr: 1.9900e-04  eta: 0:04:24  time: 1.5269  data_time: 0.0061  memory: 10315  grad_norm: 27.6798  loss: 15.1490  loss_cls: 2.6976  loss_bbox: 5.3913  loss_dfl: 7.0601
2025/05/20 18:58:02 - mmengine - INFO - Epoch(train) [200][300/420]  base_lr: 1.0000e-02 lr: 1.9900e-04  eta: 0:03:06  time: 1.5270  data_time: 0.0061  memory: 10321  grad_norm: 28.9817  loss: 15.0378  loss_cls: 2.6595  loss_bbox: 5.4484  loss_dfl: 6.9298
2025/05/20 18:59:18 - mmengine - INFO - Epoch(train) [200][350/420]  base_lr: 1.0000e-02 lr: 1.9900e-04  eta: 0:01:48  time: 1.5270  data_time: 0.0061  memory: 10305  grad_norm: 28.4792  loss: 14.8967  loss_cls: 2.6017  loss_bbox: 5.3377  loss_dfl: 6.9573
2025/05/20 19:00:35 - mmengine - INFO - Epoch(train) [200][400/420]  base_lr: 1.0000e-02 lr: 1.9900e-04  eta: 0:00:31  time: 1.5267  data_time: 0.0061  memory: 10289  grad_norm: 29.3034  loss: 14.7451  loss_cls: 2.5843  loss_bbox: 5.2239  loss_dfl: 6.9369
2025/05/20 19:01:05 - mmengine - INFO - Exp name: yolov8_mambatransformer_enhance_20250520_141902
2025/05/20 19:01:05 - mmengine - INFO - Saving checkpoint at 200 epochs
2025/05/20 19:01:13 - mmengine - INFO - Epoch(val) [200][ 50/781]    eta: 0:01:00  time: 0.0830  data_time: 0.0021  memory: 10331  
2025/05/20 19:01:16 - mmengine - INFO - Epoch(val) [200][100/781]    eta: 0:00:53  time: 0.0739  data_time: 0.0004  memory: 1000  
2025/05/20 19:01:20 - mmengine - INFO - Epoch(val) [200][150/781]    eta: 0:00:49  time: 0.0768  data_time: 0.0004  memory: 1000  
2025/05/20 19:01:25 - mmengine - INFO - Epoch(val) [200][200/781]    eta: 0:00:47  time: 0.0915  data_time: 0.0004  memory: 1000  
2025/05/20 19:01:30 - mmengine - INFO - Epoch(val) [200][250/781]    eta: 0:00:44  time: 0.0914  data_time: 0.0004  memory: 1000  
2025/05/20 19:01:34 - mmengine - INFO - Epoch(val) [200][300/781]    eta: 0:00:40  time: 0.0921  data_time: 0.0004  memory: 1000  
2025/05/20 19:01:40 - mmengine - INFO - Epoch(val) [200][350/781]    eta: 0:00:38  time: 0.1200  data_time: 0.0004  memory: 1000  
2025/05/20 19:01:46 - mmengine - INFO - Epoch(val) [200][400/781]    eta: 0:00:35  time: 0.1201  data_time: 0.0004  memory: 1000  
2025/05/20 19:01:52 - mmengine - INFO - Epoch(val) [200][450/781]    eta: 0:00:32  time: 0.1214  data_time: 0.0021  memory: 1000  
2025/05/20 19:01:59 - mmengine - INFO - Epoch(val) [200][500/781]    eta: 0:00:28  time: 0.1286  data_time: 0.0044  memory: 1000  
2025/05/20 19:02:05 - mmengine - INFO - Epoch(val) [200][550/781]    eta: 0:00:23  time: 0.1288  data_time: 0.0023  memory: 1000  
2025/05/20 19:02:11 - mmengine - INFO - Epoch(val) [200][600/781]    eta: 0:00:18  time: 0.1097  data_time: 0.0016  memory: 1000  
2025/05/20 19:02:17 - mmengine - INFO - Epoch(val) [200][650/781]    eta: 0:00:13  time: 0.1202  data_time: 0.0012  memory: 1000  
2025/05/20 19:02:23 - mmengine - INFO - Epoch(val) [200][700/781]    eta: 0:00:08  time: 0.1163  data_time: 0.0009  memory: 1000  
2025/05/20 19:02:28 - mmengine - INFO - Epoch(val) [200][750/781]    eta: 0:00:03  time: 0.1026  data_time: 0.0007  memory: 1000  
2025/05/20 19:02:32 - mmengine - INFO - Evaluating bbox...
2025/05/20 19:02:36 - mmengine - INFO - 
+------------+-------+--------+--------+-------+-------+-------+
| category   | mAP   | mAP_50 | mAP_75 | mAP_s | mAP_m | mAP_l |
+------------+-------+--------+--------+-------+-------+-------+
| Car        | 0.69  | 0.925  | 0.765  | 0.419 | 0.717 | 0.884 |
| Truck      | 0.65  | 0.885  | 0.719  | 0.388 | 0.651 | 0.841 |
| People     | 0.518 | 0.859  | 0.537  | 0.359 | 0.699 | 0.758 |
| Bus        | 0.725 | 0.917  | 0.786  | 0.399 | 0.692 | 0.837 |
| Lamp       | 0.472 | 0.828  | 0.487  | 0.423 | 0.725 | nan   |
| Motorcycle | 0.449 | 0.732  | 0.445  | 0.111 | 0.653 | 0.81  |
+------------+-------+--------+--------+-------+-------+-------+
2025/05/20 19:02:36 - mmengine - INFO - bbox_mAP_copypaste: 0.584 0.858 0.623 0.350 0.690 0.826
2025/05/20 19:02:36 - mmengine - INFO - Epoch(val) [200][781/781]    coco/Car_precision: 0.6900  coco/Truck_precision: 0.6500  coco/People_precision: 0.5180  coco/Bus_precision: 0.7250  coco/Lamp_precision: 0.4720  coco/Motorcycle_precision: 0.4490  coco/bbox_mAP: 0.5840  coco/bbox_mAP_50: 0.8580  coco/bbox_mAP_75: 0.6230  coco/bbox_mAP_s: 0.3500  coco/bbox_mAP_m: 0.6900  coco/bbox_mAP_l: 0.8260  data_time: 0.0012  time: 0.1053
