2025/06/24 13:35:54 - mmengine - INFO - 
------------------------------------------------------------
System environment:
    sys.platform: linux
    Python: 3.10.16 (main, Dec 11 2024, 16:24:50) [GCC 11.2.0]
    CUDA available: True
    MUSA available: False
    numpy_random_seed: 915960750
    GPU 0: NVIDIA A40
    CUDA_HOME: /usr/local/cuda
    NVCC: Cuda compilation tools, release 12.0, V12.0.76
    GCC: gcc (Ubuntu 9.4.0-1ubuntu1~20.04.2) 9.4.0
    PyTorch: 2.3.1
    PyTorch compiling details: PyTorch built with:
  - GCC 9.3
  - C++ Version: 201703
  - Intel(R) oneAPI Math Kernel Library Version 2023.1-Product Build 20230303 for Intel(R) 64 architecture applications
  - Intel(R) MKL-DNN v3.3.6 (Git Hash 86e6af5974177e513fd3fee58425e1063e7f1361)
  - OpenMP 201511 (a.k.a. OpenMP 4.5)
  - LAPACK is enabled (usually provided by MKL)
  - NNPACK is enabled
  - CPU capability usage: AVX512
  - CUDA Runtime 12.1
  - NVCC architecture flags: -gencode;arch=compute_50,code=sm_50;-gencode;arch=compute_60,code=sm_60;-gencode;arch=compute_61,code=sm_61;-gencode;arch=compute_70,code=sm_70;-gencode;arch=compute_75,code=sm_75;-gencode;arch=compute_80,code=sm_80;-gencode;arch=compute_86,code=sm_86;-gencode;arch=compute_90,code=sm_90
  - CuDNN 8.9.2
  - Magma 2.6.1
  - Build settings: BLAS_INFO=mkl, BUILD_TYPE=Release, CUDA_VERSION=12.1, CUDNN_VERSION=8.9.2, CXX_COMPILER=/opt/rh/devtoolset-9/root/usr/bin/c++, CXX_FLAGS= -D_GLIBCXX_USE_CXX11_ABI=0 -fabi-version=11 -fvisibility-inlines-hidden -DUSE_PTHREADPOOL -DNDEBUG -DUSE_KINETO -DLIBKINETO_NOROCTRACER -DUSE_FBGEMM -DUSE_QNNPACK -DUSE_PYTORCH_QNNPACK -DUSE_XNNPACK -DSYMBOLICATE_MOBILE_DEBUG_HANDLE -O2 -fPIC -Wall -Wextra -Werror=return-type -Werror=non-virtual-dtor -Werror=bool-operation -Wnarrowing -Wno-missing-field-initializers -Wno-type-limits -Wno-array-bounds -Wno-unknown-pragmas -Wno-unused-parameter -Wno-unused-function -Wno-unused-result -Wno-strict-overflow -Wno-strict-aliasing -Wno-stringop-overflow -Wsuggest-override -Wno-psabi -Wno-error=pedantic -Wno-error=old-style-cast -Wno-missing-braces -fdiagnostics-color=always -faligned-new -Wno-unused-but-set-variable -Wno-maybe-uninitialized -fno-math-errno -fno-trapping-math -Werror=format -Wno-stringop-overflow, LAPACK_INFO=mkl, PERF_WITH_AVX=1, PERF_WITH_AVX2=1, PERF_WITH_AVX512=1, TORCH_VERSION=2.3.1, USE_CUDA=ON, USE_CUDNN=ON, USE_CUSPARSELT=1, USE_EXCEPTION_PTR=1, USE_GFLAGS=OFF, USE_GLOG=OFF, USE_GLOO=ON, USE_MKL=ON, USE_MKLDNN=ON, USE_MPI=OFF, USE_NCCL=ON, USE_NNPACK=ON, USE_OPENMP=ON, USE_ROCM=OFF, USE_ROCM_KERNEL_ASSERT=OFF, 

    TorchVision: 0.18.1
    OpenCV: 4.11.0
    MMEngine: 0.10.7

Runtime environment:
    cudnn_benchmark: True
    mp_cfg: {'mp_start_method': 'fork', 'opencv_num_threads': 0}
    dist_cfg: {'backend': 'nccl'}
    seed: 915960750
    Distributed launcher: none
    Distributed training: False
    GPU number: 1
------------------------------------------------------------

2025/06/24 13:35:55 - mmengine - INFO - Config:
_backend_args = None
_multiscale_resize_transforms = [
    dict(
        transforms=[
            dict(scale=(
                640,
                640,
            ), type='YOLOv5KeepRatioResize'),
            dict(
                allow_scale_up=False,
                pad_val=dict(img=114),
                scale=(
                    640,
                    640,
                ),
                type='LetterResize'),
        ],
        type='Compose'),
    dict(
        transforms=[
            dict(scale=(
                320,
                320,
            ), type='YOLOv5KeepRatioResize'),
            dict(
                allow_scale_up=False,
                pad_val=dict(img=114),
                scale=(
                    320,
                    320,
                ),
                type='LetterResize'),
        ],
        type='Compose'),
    dict(
        transforms=[
            dict(scale=(
                960,
                960,
            ), type='YOLOv5KeepRatioResize'),
            dict(
                allow_scale_up=False,
                pad_val=dict(img=114),
                scale=(
                    960,
                    960,
                ),
                type='LetterResize'),
        ],
        type='Compose'),
]
affine_scale = 0.5
after_pre_transformer = [
    dict(
        border=(
            -320,
            -256,
        ),
        border_val=(
            114,
            114,
            114,
        ),
        max_aspect_ratio=100,
        max_rotate_degree=0.0,
        max_shear_degree=0.0,
        scaling_ratio_range=(
            0.5,
            1.5,
        ),
        type='YOLOv5RandomAffine'),
]
albu_train_transforms = [
    dict(p=0.01, type='Blur'),
    dict(p=0.01, type='MedianBlur'),
    dict(p=0.01, type='ToGray'),
    dict(p=0.01, type='CLAHE'),
]
backend_args = None
base_lr = 0.01
batch_shapes_cfg = None
before_last_transformer = [
    dict(type='YOLOv5HSVRandomAug'),
    dict(prob=0.5, type='mmdet.RandomFlip'),
]
class_name = (
    'car',
    'person',
    'bicycle',
)
classes = (
    'car',
    'truck',
    'bus',
    'van',
    'freight_car',
)
close_mosaic_epochs = 10
custom_hooks = [
    dict(
        ema_type='ExpMomentumEMA',
        momentum=0.0001,
        priority=49,
        strict_load=False,
        type='EMAHook',
        update_buffers=True),
    dict(
        switch_epoch=190,
        switch_pipeline=[
            dict(backend_args=None, type='LoadImageFromFile'),
            dict(backend_args=None, type='LoadImageFromFile2'),
            dict(type='LoadAnnotations', with_bbox=True, with_mask=False),
            dict(
                transforms=[
                    dict(scale=(
                        640,
                        512,
                    ), type='YOLOv5KeepRatioResize'),
                    dict(
                        border_val=(
                            114,
                            114,
                            114,
                        ),
                        max_aspect_ratio=100,
                        max_rotate_degree=0.0,
                        max_shear_degree=0.0,
                        scaling_ratio_range=(
                            0.5,
                            1.5,
                        ),
                        type='YOLOv5RandomAffine'),
                ],
                type='Image2Broadcaster'),
            dict(
                bbox_params=dict(
                    format='pascal_voc',
                    label_fields=[
                        'gt_bboxes_labels',
                        'gt_ignore_flags',
                    ],
                    type='BboxParams'),
                keymap=dict(gt_bboxes='bboxes', img='image'),
                transforms=[
                    dict(p=0.01, type='Blur'),
                    dict(p=0.01, type='MedianBlur'),
                    dict(p=0.01, type='ToGray'),
                    dict(p=0.01, type='CLAHE'),
                ],
                type='Dual_Albu'),
            dict(
                transforms=[
                    dict(type='YOLOv5HSVRandomAug'),
                    dict(prob=0.5, type='mmdet.RandomFlip'),
                ],
                type='Image2Broadcaster'),
            dict(
                meta_keys=(
                    'img_id',
                    'img_path',
                    'ori_shape',
                    'img_shape',
                    'img_path2',
                    'ori_shape2',
                    'img_shape2',
                    'scale_factor',
                ),
                type='DoublePackDetInputs'),
        ],
        type='mmdet.PipelineSwitchHook'),
]
data_root = '/data/nl/mmdet2spectral/data/DroneVehicle_partion/'
dataset_type = 'DualStreamCocoDataset'
deepen_factor = 0.67
default_hooks = dict(
    checkpoint=dict(
        interval=1,
        max_keep_ckpts=3,
        save_best='coco/bbox_mAP_50',
        type='CheckpointHook'),
    logger=dict(interval=50, type='LoggerHook'),
    param_scheduler=dict(
        lr_factor=0.01,
        max_epochs=200,
        scheduler_type='linear',
        type='YOLOv5ParamSchedulerHook'),
    sampler_seed=dict(type='DistSamplerSeedHook'),
    timer=dict(type='IterTimerHook'),
    visualization=dict(type='mmdet.DetVisualizationHook'))
default_scope = 'mmyolo'
env_cfg = dict(
    cudnn_benchmark=True,
    dist_cfg=dict(backend='nccl'),
    mp_cfg=dict(mp_start_method='fork', opencv_num_threads=0))
img_scale = (
    640,
    512,
)
img_scales = [
    (
        640,
        640,
    ),
    (
        320,
        320,
    ),
    (
        960,
        960,
    ),
]
last_stage_out_channels = 1024
last_transform = [
    dict(
        bbox_params=dict(
            format='pascal_voc',
            label_fields=[
                'gt_bboxes_labels',
                'gt_ignore_flags',
            ],
            type='BboxParams'),
        keymap=dict(gt_bboxes='bboxes', img='image'),
        transforms=[
            dict(p=0.01, type='Blur'),
            dict(p=0.01, type='MedianBlur'),
            dict(p=0.01, type='ToGray'),
            dict(p=0.01, type='CLAHE'),
        ],
        type='Dual_Albu'),
    dict(
        transforms=[
            dict(type='YOLOv5HSVRandomAug'),
            dict(prob=0.5, type='mmdet.RandomFlip'),
        ],
        type='Image2Broadcaster'),
    dict(
        meta_keys=(
            'img_id',
            'img_path',
            'ori_shape',
            'img_shape',
            'img_path2',
            'ori_shape2',
            'img_shape2',
            'scale_factor',
        ),
        type='DoublePackDetInputs'),
]
launcher = 'none'
load_from = None
log_level = 'INFO'
log_processor = dict(by_epoch=True, type='LogProcessor', window_size=50)
loss_bbox_weight = 7.5
loss_cls_weight = 0.5
loss_dfl_weight = 0.375
lr_factor = 0.01
max_aspect_ratio = 100
max_epochs = 200
max_keep_ckpts = 3
metainfo = dict(
    classes=(
        'car',
        'truck',
        'bus',
        'van',
        'freight_car',
    ),
    palette=[
        (
            20,
            220,
            60,
        ),
        (
            119,
            11,
            32,
        ),
        (
            0,
            0,
            142,
        ),
        (
            106,
            0,
            228,
        ),
        (
            0,
            60,
            100,
        ),
    ])
model = dict(
    backbone=dict(
        act_cfg=dict(inplace=True, type='SiLU'),
        deepen_factor=0.67,
        fusion_block=dict(
            in_channels=[
                128,
                256,
                512,
            ],
            mamba_bi=[
                False,
                False,
                False,
            ],
            mamba_size=[
                (
                    128,
                    160,
                ),
                (
                    64,
                    80,
                ),
                (
                    32,
                    40,
                ),
            ],
            transformer_fusion=True,
            transformer_horz_anchor=[
                16,
                10,
                8,
            ],
            transformer_loops_num=1,
            transformer_mod_weight=True,
            transformer_vert_anchor=[
                16,
                10,
                8,
            ],
            type='MambaTransformerBlock'),
        fusion_flag=True,
        fusion_indices=(
            2,
            3,
            4,
        ),
        fusion_module=dict(in_channels=[
            128,
            256,
            512,
        ], type='BaseFusion'),
        head_input_module=dict(
            in_channels=[
                256,
                512,
                1024,
            ], type='DetectionHeadFusionModule'),
        input_channels=3,
        norm_cfg=dict(eps=0.001, momentum=0.03, type='BN'),
        out_indices=(
            2,
            3,
            4,
        ),
        stages=dict(
            settings=dict(
                act_cfg=dict(inplace=True, type='SiLU'),
                add_identity=[
                    True,
                    True,
                    True,
                    True,
                ],
                deepen_factor=0.67,
                in_channels=[
                    64,
                    128,
                    256,
                    512,
                ],
                norm_cfg=dict(eps=0.001, momentum=0.03, type='BN'),
                num_blocks=[
                    3,
                    6,
                    6,
                    3,
                ],
                out_channels=[
                    128,
                    256,
                    512,
                    1024,
                ],
                use_spp=[
                    False,
                    False,
                    False,
                    True,
                ],
                widen_factor=0.75),
            type='yoloV8CSPDarknet'),
        stem_block=dict(
            act_cfg=dict(inplace=True, type='SiLU'),
            in_channels=3,
            kernel_size=3,
            norm_cfg=dict(eps=0.001, momentum=0.03, type='BN'),
            out_channels=64,
            padding=1,
            stride=2,
            type='ConvStem',
            widen_factor=0.75),
        type='GeneralDualBackbone',
        widen_factor=0.75),
    bbox_head=dict(
        bbox_coder=dict(type='DistancePointBBoxCoder'),
        head_module=dict(
            act_cfg=dict(inplace=True, type='SiLU'),
            featmap_strides=[
                8,
                16,
                32,
            ],
            in_channels=[
                256,
                512,
                1024,
            ],
            norm_cfg=dict(eps=0.001, momentum=0.03, type='BN'),
            num_classes=5,
            reg_max=16,
            type='YOLOv8HeadModule',
            widen_factor=0.75),
        loss_bbox=dict(
            bbox_format='xyxy',
            iou_mode='ciou',
            loss_weight=7.5,
            reduction='sum',
            return_iou=False,
            type='IoULoss'),
        loss_cls=dict(
            loss_weight=0.5,
            reduction='none',
            type='mmdet.CrossEntropyLoss',
            use_sigmoid=True),
        loss_dfl=dict(
            loss_weight=0.375,
            reduction='mean',
            type='mmdet.DistributionFocalLoss'),
        prior_generator=dict(
            offset=0.5, strides=[
                8,
                16,
                32,
            ], type='mmdet.MlvlPointGenerator'),
        type='YOLOv8Head'),
    data_preprocessor=dict(
        bgr_to_rgb=True,
        mean=[
            123.675,
            116.28,
            103.53,
        ],
        std=[
            58.395,
            57.12,
            57.375,
        ],
        type='DualInputDetDataPreprocessor'),
    neck=dict(
        act_cfg=dict(inplace=True, type='SiLU'),
        deepen_factor=0.67,
        in_channels=[
            256,
            512,
            1024,
        ],
        norm_cfg=dict(eps=0.001, momentum=0.03, type='BN'),
        num_csp_blocks=3,
        out_channels=[
            256,
            512,
            1024,
        ],
        type='YOLOv8PAFPN',
        widen_factor=0.75),
    test_cfg=dict(
        max_per_img=300,
        multi_label=True,
        nms=dict(iou_threshold=0.7, type='nms'),
        nms_pre=30000,
        score_thr=0.001),
    train_cfg=dict(
        assigner=dict(
            alpha=0.5,
            beta=6.0,
            eps=1e-09,
            num_classes=5,
            topk=10,
            type='BatchTaskAlignedAssigner',
            use_ciou=True)),
    type='YOLODualNeckDetector')
model_test_cfg = dict(
    max_per_img=300,
    multi_label=True,
    nms=dict(iou_threshold=0.7, type='nms'),
    nms_pre=30000,
    score_thr=0.001)
norm_cfg = dict(eps=0.001, momentum=0.03, type='BN')
num_classes = 5
num_det_layers = 3
optim_wrapper = dict(
    clip_grad=dict(max_norm=10.0),
    constructor='YOLOv5OptimizerConstructor',
    optimizer=dict(
        batch_size_per_gpu=8,
        lr=0.01,
        momentum=0.937,
        nesterov=True,
        type='SGD',
        weight_decay=0.0005),
    type='OptimWrapper')
param_scheduler = None
persistent_workers = True
pre_transform = [
    dict(backend_args=None, type='LoadImageFromFile'),
    dict(backend_args=None, type='LoadImageFromFile2'),
    dict(type='LoadAnnotations', with_bbox=True, with_mask=False),
]
resume = True
save_epoch_intervals = 1
strides = [
    8,
    16,
    32,
]
tal_alpha = 0.5
tal_beta = 6.0
tal_topk = 10
test_cfg = dict(type='TestLoop')
test_dataloader = dict(
    batch_size=1,
    dataset=dict(
        ann_file='val.json',
        batch_shapes_cfg=None,
        data_prefix=dict(img='val/low/rgb'),
        data_root='/data/nl/mmdet2spectral/data/DroneVehicle_partion/',
        metainfo=dict(
            classes=(
                'car',
                'truck',
                'bus',
                'van',
                'freight_car',
            ),
            palette=[
                (
                    20,
                    220,
                    60,
                ),
                (
                    119,
                    11,
                    32,
                ),
                (
                    0,
                    0,
                    142,
                ),
                (
                    106,
                    0,
                    228,
                ),
                (
                    0,
                    60,
                    100,
                ),
            ]),
        pipeline=[
            dict(backend_args=None, type='LoadImageFromFile'),
            dict(backend_args=None, type='LoadImageFromFile2'),
            dict(_scope_='mmdet', type='LoadAnnotations', with_bbox=True),
            dict(
                transforms=[
                    dict(scale=(
                        640,
                        512,
                    ), type='YOLOv5KeepRatioResize'),
                ],
                type='Image2Broadcaster'),
            dict(
                meta_keys=(
                    'img_id',
                    'img_path',
                    'ori_shape',
                    'img_shape',
                    'img_path2',
                    'ori_shape2',
                    'img_shape2',
                    'scale_factor',
                ),
                type='DoublePackDetInputs'),
        ],
        test_mode=True,
        type='DualStreamCocoDataset'),
    drop_last=False,
    num_workers=2,
    persistent_workers=True,
    pin_memory=True,
    sampler=dict(shuffle=False, type='DefaultSampler'))
test_evaluator = dict(
    ann_file='/data/nl/mmdet2spectral/data/DroneVehicle_partion/val.json',
    classwise=True,
    metric='bbox',
    proposal_nums=(
        100,
        1,
        10,
    ),
    type='mmdet.CocoMetric')
test_pipeline = [
    dict(backend_args=None, type='LoadImageFromFile'),
    dict(backend_args=None, type='LoadImageFromFile2'),
    dict(_scope_='mmdet', type='LoadAnnotations', with_bbox=True),
    dict(
        transforms=[
            dict(scale=(
                640,
                512,
            ), type='YOLOv5KeepRatioResize'),
        ],
        type='Image2Broadcaster'),
    dict(
        meta_keys=(
            'img_id',
            'img_path',
            'ori_shape',
            'img_shape',
            'img_path2',
            'ori_shape2',
            'img_shape2',
            'scale_factor',
        ),
        type='DoublePackDetInputs'),
]
test_transformer = [
    dict(scale=(
        640,
        512,
    ), type='YOLOv5KeepRatioResize'),
]
train_ann_file = 'train.json'
train_batch_size_per_gpu = 8
train_cfg = dict(
    dynamic_intervals=[
        (
            190,
            1,
        ),
    ],
    max_epochs=200,
    type='EpochBasedTrainLoop',
    val_interval=1)
train_data_prefix = 'train/low/rgb'
train_dataloader = dict(
    batch_size=8,
    collate_fn=dict(type='dual_yolo_collate'),
    dataset=dict(
        ann_file='train.json',
        data_prefix=dict(img='train/low/rgb'),
        data_root='/data/nl/mmdet2spectral/data/DroneVehicle_partion/',
        filter_cfg=dict(filter_empty_gt=False, min_size=32),
        metainfo=dict(
            classes=(
                'car',
                'truck',
                'bus',
                'van',
                'freight_car',
            ),
            palette=[
                (
                    20,
                    220,
                    60,
                ),
                (
                    119,
                    11,
                    32,
                ),
                (
                    0,
                    0,
                    142,
                ),
                (
                    106,
                    0,
                    228,
                ),
                (
                    0,
                    60,
                    100,
                ),
            ]),
        pipeline=[
            dict(backend_args=None, type='LoadImageFromFile'),
            dict(backend_args=None, type='LoadImageFromFile2'),
            dict(type='LoadAnnotations', with_bbox=True, with_mask=False),
            dict(
                img_scale=(
                    640,
                    512,
                ),
                pad_val=114.0,
                pre_transform=[
                    dict(backend_args=None, type='LoadImageFromFile'),
                    dict(backend_args=None, type='LoadImageFromFile2'),
                    dict(
                        type='LoadAnnotations',
                        with_bbox=True,
                        with_mask=False),
                ],
                type='Dual_Mosaic',
                use_cached=False),
            dict(
                transforms=[
                    dict(
                        border=(
                            -320,
                            -256,
                        ),
                        border_val=(
                            114,
                            114,
                            114,
                        ),
                        max_aspect_ratio=100,
                        max_rotate_degree=0.0,
                        max_shear_degree=0.0,
                        scaling_ratio_range=(
                            0.5,
                            1.5,
                        ),
                        type='YOLOv5RandomAffine'),
                ],
                type='Image2Broadcaster'),
            dict(
                bbox_params=dict(
                    format='pascal_voc',
                    label_fields=[
                        'gt_bboxes_labels',
                        'gt_ignore_flags',
                    ],
                    type='BboxParams'),
                keymap=dict(gt_bboxes='bboxes', img='image'),
                transforms=[
                    dict(p=0.01, type='Blur'),
                    dict(p=0.01, type='MedianBlur'),
                    dict(p=0.01, type='ToGray'),
                    dict(p=0.01, type='CLAHE'),
                ],
                type='Dual_Albu'),
            dict(
                transforms=[
                    dict(type='YOLOv5HSVRandomAug'),
                    dict(prob=0.5, type='mmdet.RandomFlip'),
                ],
                type='Image2Broadcaster'),
            dict(
                meta_keys=(
                    'img_id',
                    'img_path',
                    'ori_shape',
                    'img_shape',
                    'img_path2',
                    'ori_shape2',
                    'img_shape2',
                    'scale_factor',
                ),
                type='DoublePackDetInputs'),
        ],
        type='DualStreamCocoDataset'),
    num_workers=8,
    persistent_workers=True,
    pin_memory=True,
    sampler=dict(shuffle=True, type='DefaultSampler'))
train_num_workers = 8
train_pipeline = [
    dict(backend_args=None, type='LoadImageFromFile'),
    dict(backend_args=None, type='LoadImageFromFile2'),
    dict(type='LoadAnnotations', with_bbox=True, with_mask=False),
    dict(
        img_scale=(
            640,
            512,
        ),
        pad_val=114.0,
        pre_transform=[
            dict(backend_args=None, type='LoadImageFromFile'),
            dict(backend_args=None, type='LoadImageFromFile2'),
            dict(type='LoadAnnotations', with_bbox=True, with_mask=False),
        ],
        type='Dual_Mosaic',
        use_cached=False),
    dict(
        transforms=[
            dict(
                border=(
                    -320,
                    -256,
                ),
                border_val=(
                    114,
                    114,
                    114,
                ),
                max_aspect_ratio=100,
                max_rotate_degree=0.0,
                max_shear_degree=0.0,
                scaling_ratio_range=(
                    0.5,
                    1.5,
                ),
                type='YOLOv5RandomAffine'),
        ],
        type='Image2Broadcaster'),
    dict(
        bbox_params=dict(
            format='pascal_voc',
            label_fields=[
                'gt_bboxes_labels',
                'gt_ignore_flags',
            ],
            type='BboxParams'),
        keymap=dict(gt_bboxes='bboxes', img='image'),
        transforms=[
            dict(p=0.01, type='Blur'),
            dict(p=0.01, type='MedianBlur'),
            dict(p=0.01, type='ToGray'),
            dict(p=0.01, type='CLAHE'),
        ],
        type='Dual_Albu'),
    dict(
        transforms=[
            dict(type='YOLOv5HSVRandomAug'),
            dict(prob=0.5, type='mmdet.RandomFlip'),
        ],
        type='Image2Broadcaster'),
    dict(
        meta_keys=(
            'img_id',
            'img_path',
            'ori_shape',
            'img_shape',
            'img_path2',
            'ori_shape2',
            'img_shape2',
            'scale_factor',
        ),
        type='DoublePackDetInputs'),
]
train_pipeline_stage2 = [
    dict(backend_args=None, type='LoadImageFromFile'),
    dict(backend_args=None, type='LoadImageFromFile2'),
    dict(type='LoadAnnotations', with_bbox=True, with_mask=False),
    dict(
        transforms=[
            dict(scale=(
                640,
                512,
            ), type='YOLOv5KeepRatioResize'),
            dict(
                border_val=(
                    114,
                    114,
                    114,
                ),
                max_aspect_ratio=100,
                max_rotate_degree=0.0,
                max_shear_degree=0.0,
                scaling_ratio_range=(
                    0.5,
                    1.5,
                ),
                type='YOLOv5RandomAffine'),
        ],
        type='Image2Broadcaster'),
    dict(
        bbox_params=dict(
            format='pascal_voc',
            label_fields=[
                'gt_bboxes_labels',
                'gt_ignore_flags',
            ],
            type='BboxParams'),
        keymap=dict(gt_bboxes='bboxes', img='image'),
        transforms=[
            dict(p=0.01, type='Blur'),
            dict(p=0.01, type='MedianBlur'),
            dict(p=0.01, type='ToGray'),
            dict(p=0.01, type='CLAHE'),
        ],
        type='Dual_Albu'),
    dict(
        transforms=[
            dict(type='YOLOv5HSVRandomAug'),
            dict(prob=0.5, type='mmdet.RandomFlip'),
        ],
        type='Image2Broadcaster'),
    dict(
        meta_keys=(
            'img_id',
            'img_path',
            'ori_shape',
            'img_shape',
            'img_path2',
            'ori_shape2',
            'img_shape2',
            'scale_factor',
        ),
        type='DoublePackDetInputs'),
]
train_stage2_transformer = [
    dict(scale=(
        640,
        512,
    ), type='YOLOv5KeepRatioResize'),
    dict(
        border_val=(
            114,
            114,
            114,
        ),
        max_aspect_ratio=100,
        max_rotate_degree=0.0,
        max_shear_degree=0.0,
        scaling_ratio_range=(
            0.5,
            1.5,
        ),
        type='YOLOv5RandomAffine'),
]
tta_model = dict(
    tta_cfg=dict(max_per_img=300, nms=dict(iou_threshold=0.65, type='nms')),
    type='mmdet.DetTTAModel')
tta_pipeline = [
    dict(backend_args=None, type='LoadImageFromFile'),
    dict(
        transforms=[
            [
                dict(
                    transforms=[
                        dict(scale=(
                            640,
                            640,
                        ), type='YOLOv5KeepRatioResize'),
                        dict(
                            allow_scale_up=False,
                            pad_val=dict(img=114),
                            scale=(
                                640,
                                640,
                            ),
                            type='LetterResize'),
                    ],
                    type='Compose'),
                dict(
                    transforms=[
                        dict(scale=(
                            320,
                            320,
                        ), type='YOLOv5KeepRatioResize'),
                        dict(
                            allow_scale_up=False,
                            pad_val=dict(img=114),
                            scale=(
                                320,
                                320,
                            ),
                            type='LetterResize'),
                    ],
                    type='Compose'),
                dict(
                    transforms=[
                        dict(scale=(
                            960,
                            960,
                        ), type='YOLOv5KeepRatioResize'),
                        dict(
                            allow_scale_up=False,
                            pad_val=dict(img=114),
                            scale=(
                                960,
                                960,
                            ),
                            type='LetterResize'),
                    ],
                    type='Compose'),
            ],
            [
                dict(prob=1.0, type='mmdet.RandomFlip'),
                dict(prob=0.0, type='mmdet.RandomFlip'),
            ],
            [
                dict(type='mmdet.LoadAnnotations', with_bbox=True),
            ],
            [
                dict(
                    meta_keys=(
                        'img_id',
                        'img_path',
                        'ori_shape',
                        'img_shape',
                        'scale_factor',
                        'pad_param',
                        'flip',
                        'flip_direction',
                    ),
                    type='mmdet.PackDetInputs'),
            ],
        ],
        type='TestTimeAug'),
]
val_ann_file = 'val.json'
val_batch_size_per_gpu = 1
val_cfg = dict(type='ValLoop')
val_data_prefix = 'val/low/rgb'
val_dataloader = dict(
    batch_size=1,
    dataset=dict(
        ann_file='val.json',
        batch_shapes_cfg=None,
        data_prefix=dict(img='val/low/rgb'),
        data_root='/data/nl/mmdet2spectral/data/DroneVehicle_partion/',
        metainfo=dict(
            classes=(
                'car',
                'truck',
                'bus',
                'van',
                'freight_car',
            ),
            palette=[
                (
                    20,
                    220,
                    60,
                ),
                (
                    119,
                    11,
                    32,
                ),
                (
                    0,
                    0,
                    142,
                ),
                (
                    106,
                    0,
                    228,
                ),
                (
                    0,
                    60,
                    100,
                ),
            ]),
        pipeline=[
            dict(backend_args=None, type='LoadImageFromFile'),
            dict(backend_args=None, type='LoadImageFromFile2'),
            dict(_scope_='mmdet', type='LoadAnnotations', with_bbox=True),
            dict(
                transforms=[
                    dict(scale=(
                        640,
                        512,
                    ), type='YOLOv5KeepRatioResize'),
                ],
                type='Image2Broadcaster'),
            dict(
                meta_keys=(
                    'img_id',
                    'img_path',
                    'ori_shape',
                    'img_shape',
                    'img_path2',
                    'ori_shape2',
                    'img_shape2',
                    'scale_factor',
                ),
                type='DoublePackDetInputs'),
        ],
        test_mode=True,
        type='DualStreamCocoDataset'),
    drop_last=False,
    num_workers=2,
    persistent_workers=True,
    pin_memory=True,
    sampler=dict(shuffle=False, type='DefaultSampler'))
val_evaluator = dict(
    ann_file='/data/nl/mmdet2spectral/data/DroneVehicle_partion/val.json',
    classwise=True,
    metric='bbox',
    proposal_nums=(
        100,
        1,
        10,
    ),
    type='mmdet.CocoMetric')
val_interval_stage2 = 1
val_num_workers = 2
vis_backends = [
    dict(type='LocalVisBackend'),
]
visualizer = dict(
    name='visualizer',
    type='mmdet.DetLocalVisualizer',
    vis_backends=[
        dict(type='LocalVisBackend'),
    ])
weight_decay = 0.0005
widen_factor = 0.75
work_dir = 'work_dirs/DroneVehicle/2025_06_22/yolov8_mambatransformer_lightfusion'

2025/06/24 13:35:58 - mmengine - INFO - Distributed training is not used, all SyncBatchNorm (SyncBN) layers in the model will be automatically reverted to BatchNormXd layers if they are used.
2025/06/24 13:35:58 - mmengine - INFO - Hooks will be executed in the following order:
before_run:
(VERY_HIGH   ) RuntimeInfoHook                    
(49          ) EMAHook                            
(BELOW_NORMAL) LoggerHook                         
 -------------------- 
after_load_checkpoint:
(49          ) EMAHook                            
 -------------------- 
before_train:
(9           ) YOLOv5ParamSchedulerHook           
(VERY_HIGH   ) RuntimeInfoHook                    
(49          ) EMAHook                            
(NORMAL      ) IterTimerHook                      
(VERY_LOW    ) CheckpointHook                     
 -------------------- 
before_train_epoch:
(VERY_HIGH   ) RuntimeInfoHook                    
(NORMAL      ) IterTimerHook                      
(NORMAL      ) DistSamplerSeedHook                
(NORMAL      ) PipelineSwitchHook                 
 -------------------- 
before_train_iter:
(9           ) YOLOv5ParamSchedulerHook           
(VERY_HIGH   ) RuntimeInfoHook                    
(NORMAL      ) IterTimerHook                      
 -------------------- 
after_train_iter:
(9           ) YOLOv5ParamSchedulerHook           
(VERY_HIGH   ) RuntimeInfoHook                    
(49          ) EMAHook                            
(NORMAL      ) IterTimerHook                      
(BELOW_NORMAL) LoggerHook                         
(VERY_LOW    ) CheckpointHook                     
 -------------------- 
after_train_epoch:
(9           ) YOLOv5ParamSchedulerHook           
(NORMAL      ) IterTimerHook                      
(VERY_LOW    ) CheckpointHook                     
 -------------------- 
before_val:
(VERY_HIGH   ) RuntimeInfoHook                    
 -------------------- 
before_val_epoch:
(49          ) EMAHook                            
(NORMAL      ) IterTimerHook                      
 -------------------- 
before_val_iter:
(NORMAL      ) IterTimerHook                      
 -------------------- 
after_val_iter:
(NORMAL      ) IterTimerHook                      
(NORMAL      ) DetVisualizationHook               
(BELOW_NORMAL) LoggerHook                         
 -------------------- 
after_val_epoch:
(9           ) YOLOv5ParamSchedulerHook           
(VERY_HIGH   ) RuntimeInfoHook                    
(49          ) EMAHook                            
(NORMAL      ) IterTimerHook                      
(BELOW_NORMAL) LoggerHook                         
(VERY_LOW    ) CheckpointHook                     
 -------------------- 
after_val:
(VERY_HIGH   ) RuntimeInfoHook                    
 -------------------- 
before_save_checkpoint:
(49          ) EMAHook                            
 -------------------- 
after_train:
(VERY_HIGH   ) RuntimeInfoHook                    
(VERY_LOW    ) CheckpointHook                     
 -------------------- 
before_test:
(VERY_HIGH   ) RuntimeInfoHook                    
 -------------------- 
before_test_epoch:
(49          ) EMAHook                            
(NORMAL      ) IterTimerHook                      
 -------------------- 
before_test_iter:
(NORMAL      ) IterTimerHook                      
 -------------------- 
after_test_iter:
(NORMAL      ) IterTimerHook                      
(NORMAL      ) DetVisualizationHook               
(BELOW_NORMAL) LoggerHook                         
 -------------------- 
after_test_epoch:
(VERY_HIGH   ) RuntimeInfoHook                    
(49          ) EMAHook                            
(NORMAL      ) IterTimerHook                      
(BELOW_NORMAL) LoggerHook                         
 -------------------- 
after_test:
(VERY_HIGH   ) RuntimeInfoHook                    
 -------------------- 
after_run:
(BELOW_NORMAL) LoggerHook                         
 -------------------- 
2025/06/24 13:36:00 - mmengine - INFO - Optimizer groups: 233 .bias, 236 conv.weight, 128 other
Name of parameter - Initialization information

backbone.stem_1.conv.conv.weight - torch.Size([48, 3, 3, 3]): 
Initialized by user-defined `init_weights` in ConvModule  

backbone.stem_1.conv.bn.weight - torch.Size([48]): 
The value is the same before and after calling `init_weights` of YOLODualNeckDetector  

backbone.stem_1.conv.bn.bias - torch.Size([48]): 
The value is the same before and after calling `init_weights` of YOLODualNeckDetector  

backbone.stem_2.conv.conv.weight - torch.Size([48, 3, 3, 3]): 
Initialized by user-defined `init_weights` in ConvModule  

backbone.stem_2.conv.bn.weight - torch.Size([48]): 
The value is the same before and after calling `init_weights` of YOLODualNeckDetector  

backbone.stem_2.conv.bn.bias - torch.Size([48]): 
The value is the same before and after calling `init_weights` of YOLODualNeckDetector  

backbone.stage1_1.0.conv.weight - torch.Size([96, 48, 3, 3]): 
The value is the same before and after calling `init_weights` of YOLODualNeckDetector  

backbone.stage1_1.0.bn.weight - torch.Size([96]): 
The value is the same before and after calling `init_weights` of YOLODualNeckDetector  

backbone.stage1_1.0.bn.bias - torch.Size([96]): 
The value is the same before and after calling `init_weights` of YOLODualNeckDetector  

backbone.stage1_1.1.main_conv.conv.weight - torch.Size([96, 96, 1, 1]): 
The value is the same before and after calling `init_weights` of YOLODualNeckDetector  

backbone.stage1_1.1.main_conv.bn.weight - torch.Size([96]): 
The value is the same before and after calling `init_weights` of YOLODualNeckDetector  

backbone.stage1_1.1.main_conv.bn.bias - torch.Size([96]): 
The value is the same before and after calling `init_weights` of YOLODualNeckDetector  

backbone.stage1_1.1.final_conv.conv.weight - torch.Size([96, 192, 1, 1]): 
The value is the same before and after calling `init_weights` of YOLODualNeckDetector  

backbone.stage1_1.1.final_conv.bn.weight - torch.Size([96]): 
The value is the same before and after calling `init_weights` of YOLODualNeckDetector  

backbone.stage1_1.1.final_conv.bn.bias - torch.Size([96]): 
The value is the same before and after calling `init_weights` of YOLODualNeckDetector  

backbone.stage1_1.1.blocks.0.conv1.conv.weight - torch.Size([48, 48, 3, 3]): 
The value is the same before and after calling `init_weights` of YOLODualNeckDetector  

backbone.stage1_1.1.blocks.0.conv1.bn.weight - torch.Size([48]): 
The value is the same before and after calling `init_weights` of YOLODualNeckDetector  

backbone.stage1_1.1.blocks.0.conv1.bn.bias - torch.Size([48]): 
The value is the same before and after calling `init_weights` of YOLODualNeckDetector  

backbone.stage1_1.1.blocks.0.conv2.conv.weight - torch.Size([48, 48, 3, 3]): 
The value is the same before and after calling `init_weights` of YOLODualNeckDetector  

backbone.stage1_1.1.blocks.0.conv2.bn.weight - torch.Size([48]): 
The value is the same before and after calling `init_weights` of YOLODualNeckDetector  

backbone.stage1_1.1.blocks.0.conv2.bn.bias - torch.Size([48]): 
The value is the same before and after calling `init_weights` of YOLODualNeckDetector  

backbone.stage1_1.1.blocks.1.conv1.conv.weight - torch.Size([48, 48, 3, 3]): 
The value is the same before and after calling `init_weights` of YOLODualNeckDetector  

backbone.stage1_1.1.blocks.1.conv1.bn.weight - torch.Size([48]): 
The value is the same before and after calling `init_weights` of YOLODualNeckDetector  

backbone.stage1_1.1.blocks.1.conv1.bn.bias - torch.Size([48]): 
The value is the same before and after calling `init_weights` of YOLODualNeckDetector  

backbone.stage1_1.1.blocks.1.conv2.conv.weight - torch.Size([48, 48, 3, 3]): 
The value is the same before and after calling `init_weights` of YOLODualNeckDetector  

backbone.stage1_1.1.blocks.1.conv2.bn.weight - torch.Size([48]): 
The value is the same before and after calling `init_weights` of YOLODualNeckDetector  

backbone.stage1_1.1.blocks.1.conv2.bn.bias - torch.Size([48]): 
The value is the same before and after calling `init_weights` of YOLODualNeckDetector  

backbone.stage1_2.0.conv.weight - torch.Size([96, 48, 3, 3]): 
The value is the same before and after calling `init_weights` of YOLODualNeckDetector  

backbone.stage1_2.0.bn.weight - torch.Size([96]): 
The value is the same before and after calling `init_weights` of YOLODualNeckDetector  

backbone.stage1_2.0.bn.bias - torch.Size([96]): 
The value is the same before and after calling `init_weights` of YOLODualNeckDetector  

backbone.stage1_2.1.main_conv.conv.weight - torch.Size([96, 96, 1, 1]): 
The value is the same before and after calling `init_weights` of YOLODualNeckDetector  

backbone.stage1_2.1.main_conv.bn.weight - torch.Size([96]): 
The value is the same before and after calling `init_weights` of YOLODualNeckDetector  

backbone.stage1_2.1.main_conv.bn.bias - torch.Size([96]): 
The value is the same before and after calling `init_weights` of YOLODualNeckDetector  

backbone.stage1_2.1.final_conv.conv.weight - torch.Size([96, 192, 1, 1]): 
The value is the same before and after calling `init_weights` of YOLODualNeckDetector  

backbone.stage1_2.1.final_conv.bn.weight - torch.Size([96]): 
The value is the same before and after calling `init_weights` of YOLODualNeckDetector  

backbone.stage1_2.1.final_conv.bn.bias - torch.Size([96]): 
The value is the same before and after calling `init_weights` of YOLODualNeckDetector  

backbone.stage1_2.1.blocks.0.conv1.conv.weight - torch.Size([48, 48, 3, 3]): 
The value is the same before and after calling `init_weights` of YOLODualNeckDetector  

backbone.stage1_2.1.blocks.0.conv1.bn.weight - torch.Size([48]): 
The value is the same before and after calling `init_weights` of YOLODualNeckDetector  

backbone.stage1_2.1.blocks.0.conv1.bn.bias - torch.Size([48]): 
The value is the same before and after calling `init_weights` of YOLODualNeckDetector  

backbone.stage1_2.1.blocks.0.conv2.conv.weight - torch.Size([48, 48, 3, 3]): 
The value is the same before and after calling `init_weights` of YOLODualNeckDetector  

backbone.stage1_2.1.blocks.0.conv2.bn.weight - torch.Size([48]): 
The value is the same before and after calling `init_weights` of YOLODualNeckDetector  

backbone.stage1_2.1.blocks.0.conv2.bn.bias - torch.Size([48]): 
The value is the same before and after calling `init_weights` of YOLODualNeckDetector  

backbone.stage1_2.1.blocks.1.conv1.conv.weight - torch.Size([48, 48, 3, 3]): 
The value is the same before and after calling `init_weights` of YOLODualNeckDetector  

backbone.stage1_2.1.blocks.1.conv1.bn.weight - torch.Size([48]): 
The value is the same before and after calling `init_weights` of YOLODualNeckDetector  

backbone.stage1_2.1.blocks.1.conv1.bn.bias - torch.Size([48]): 
The value is the same before and after calling `init_weights` of YOLODualNeckDetector  

backbone.stage1_2.1.blocks.1.conv2.conv.weight - torch.Size([48, 48, 3, 3]): 
The value is the same before and after calling `init_weights` of YOLODualNeckDetector  

backbone.stage1_2.1.blocks.1.conv2.bn.weight - torch.Size([48]): 
The value is the same before and after calling `init_weights` of YOLODualNeckDetector  

backbone.stage1_2.1.blocks.1.conv2.bn.bias - torch.Size([48]): 
The value is the same before and after calling `init_weights` of YOLODualNeckDetector  

backbone.stage2_1.0.conv.weight - torch.Size([192, 96, 3, 3]): 
The value is the same before and after calling `init_weights` of YOLODualNeckDetector  

backbone.stage2_1.0.bn.weight - torch.Size([192]): 
The value is the same before and after calling `init_weights` of YOLODualNeckDetector  

backbone.stage2_1.0.bn.bias - torch.Size([192]): 
The value is the same before and after calling `init_weights` of YOLODualNeckDetector  

backbone.stage2_1.1.main_conv.conv.weight - torch.Size([192, 192, 1, 1]): 
The value is the same before and after calling `init_weights` of YOLODualNeckDetector  

backbone.stage2_1.1.main_conv.bn.weight - torch.Size([192]): 
The value is the same before and after calling `init_weights` of YOLODualNeckDetector  

backbone.stage2_1.1.main_conv.bn.bias - torch.Size([192]): 
The value is the same before and after calling `init_weights` of YOLODualNeckDetector  

backbone.stage2_1.1.final_conv.conv.weight - torch.Size([192, 576, 1, 1]): 
The value is the same before and after calling `init_weights` of YOLODualNeckDetector  

backbone.stage2_1.1.final_conv.bn.weight - torch.Size([192]): 
The value is the same before and after calling `init_weights` of YOLODualNeckDetector  

backbone.stage2_1.1.final_conv.bn.bias - torch.Size([192]): 
The value is the same before and after calling `init_weights` of YOLODualNeckDetector  

backbone.stage2_1.1.blocks.0.conv1.conv.weight - torch.Size([96, 96, 3, 3]): 
The value is the same before and after calling `init_weights` of YOLODualNeckDetector  

backbone.stage2_1.1.blocks.0.conv1.bn.weight - torch.Size([96]): 
The value is the same before and after calling `init_weights` of YOLODualNeckDetector  

backbone.stage2_1.1.blocks.0.conv1.bn.bias - torch.Size([96]): 
The value is the same before and after calling `init_weights` of YOLODualNeckDetector  

backbone.stage2_1.1.blocks.0.conv2.conv.weight - torch.Size([96, 96, 3, 3]): 
The value is the same before and after calling `init_weights` of YOLODualNeckDetector  

backbone.stage2_1.1.blocks.0.conv2.bn.weight - torch.Size([96]): 
The value is the same before and after calling `init_weights` of YOLODualNeckDetector  

backbone.stage2_1.1.blocks.0.conv2.bn.bias - torch.Size([96]): 
The value is the same before and after calling `init_weights` of YOLODualNeckDetector  

backbone.stage2_1.1.blocks.1.conv1.conv.weight - torch.Size([96, 96, 3, 3]): 
The value is the same before and after calling `init_weights` of YOLODualNeckDetector  

backbone.stage2_1.1.blocks.1.conv1.bn.weight - torch.Size([96]): 
The value is the same before and after calling `init_weights` of YOLODualNeckDetector  

backbone.stage2_1.1.blocks.1.conv1.bn.bias - torch.Size([96]): 
The value is the same before and after calling `init_weights` of YOLODualNeckDetector  

backbone.stage2_1.1.blocks.1.conv2.conv.weight - torch.Size([96, 96, 3, 3]): 
The value is the same before and after calling `init_weights` of YOLODualNeckDetector  

backbone.stage2_1.1.blocks.1.conv2.bn.weight - torch.Size([96]): 
The value is the same before and after calling `init_weights` of YOLODualNeckDetector  

backbone.stage2_1.1.blocks.1.conv2.bn.bias - torch.Size([96]): 
The value is the same before and after calling `init_weights` of YOLODualNeckDetector  

backbone.stage2_1.1.blocks.2.conv1.conv.weight - torch.Size([96, 96, 3, 3]): 
The value is the same before and after calling `init_weights` of YOLODualNeckDetector  

backbone.stage2_1.1.blocks.2.conv1.bn.weight - torch.Size([96]): 
The value is the same before and after calling `init_weights` of YOLODualNeckDetector  

backbone.stage2_1.1.blocks.2.conv1.bn.bias - torch.Size([96]): 
The value is the same before and after calling `init_weights` of YOLODualNeckDetector  

backbone.stage2_1.1.blocks.2.conv2.conv.weight - torch.Size([96, 96, 3, 3]): 
The value is the same before and after calling `init_weights` of YOLODualNeckDetector  

backbone.stage2_1.1.blocks.2.conv2.bn.weight - torch.Size([96]): 
The value is the same before and after calling `init_weights` of YOLODualNeckDetector  

backbone.stage2_1.1.blocks.2.conv2.bn.bias - torch.Size([96]): 
The value is the same before and after calling `init_weights` of YOLODualNeckDetector  

backbone.stage2_1.1.blocks.3.conv1.conv.weight - torch.Size([96, 96, 3, 3]): 
The value is the same before and after calling `init_weights` of YOLODualNeckDetector  

backbone.stage2_1.1.blocks.3.conv1.bn.weight - torch.Size([96]): 
The value is the same before and after calling `init_weights` of YOLODualNeckDetector  

backbone.stage2_1.1.blocks.3.conv1.bn.bias - torch.Size([96]): 
The value is the same before and after calling `init_weights` of YOLODualNeckDetector  

backbone.stage2_1.1.blocks.3.conv2.conv.weight - torch.Size([96, 96, 3, 3]): 
The value is the same before and after calling `init_weights` of YOLODualNeckDetector  

backbone.stage2_1.1.blocks.3.conv2.bn.weight - torch.Size([96]): 
The value is the same before and after calling `init_weights` of YOLODualNeckDetector  

backbone.stage2_1.1.blocks.3.conv2.bn.bias - torch.Size([96]): 
The value is the same before and after calling `init_weights` of YOLODualNeckDetector  

backbone.stage2_2.0.conv.weight - torch.Size([192, 96, 3, 3]): 
The value is the same before and after calling `init_weights` of YOLODualNeckDetector  

backbone.stage2_2.0.bn.weight - torch.Size([192]): 
The value is the same before and after calling `init_weights` of YOLODualNeckDetector  

backbone.stage2_2.0.bn.bias - torch.Size([192]): 
The value is the same before and after calling `init_weights` of YOLODualNeckDetector  

backbone.stage2_2.1.main_conv.conv.weight - torch.Size([192, 192, 1, 1]): 
The value is the same before and after calling `init_weights` of YOLODualNeckDetector  

backbone.stage2_2.1.main_conv.bn.weight - torch.Size([192]): 
The value is the same before and after calling `init_weights` of YOLODualNeckDetector  

backbone.stage2_2.1.main_conv.bn.bias - torch.Size([192]): 
The value is the same before and after calling `init_weights` of YOLODualNeckDetector  

backbone.stage2_2.1.final_conv.conv.weight - torch.Size([192, 576, 1, 1]): 
The value is the same before and after calling `init_weights` of YOLODualNeckDetector  

backbone.stage2_2.1.final_conv.bn.weight - torch.Size([192]): 
The value is the same before and after calling `init_weights` of YOLODualNeckDetector  

backbone.stage2_2.1.final_conv.bn.bias - torch.Size([192]): 
The value is the same before and after calling `init_weights` of YOLODualNeckDetector  

backbone.stage2_2.1.blocks.0.conv1.conv.weight - torch.Size([96, 96, 3, 3]): 
The value is the same before and after calling `init_weights` of YOLODualNeckDetector  

backbone.stage2_2.1.blocks.0.conv1.bn.weight - torch.Size([96]): 
The value is the same before and after calling `init_weights` of YOLODualNeckDetector  

backbone.stage2_2.1.blocks.0.conv1.bn.bias - torch.Size([96]): 
The value is the same before and after calling `init_weights` of YOLODualNeckDetector  

backbone.stage2_2.1.blocks.0.conv2.conv.weight - torch.Size([96, 96, 3, 3]): 
The value is the same before and after calling `init_weights` of YOLODualNeckDetector  

backbone.stage2_2.1.blocks.0.conv2.bn.weight - torch.Size([96]): 
The value is the same before and after calling `init_weights` of YOLODualNeckDetector  

backbone.stage2_2.1.blocks.0.conv2.bn.bias - torch.Size([96]): 
The value is the same before and after calling `init_weights` of YOLODualNeckDetector  

backbone.stage2_2.1.blocks.1.conv1.conv.weight - torch.Size([96, 96, 3, 3]): 
The value is the same before and after calling `init_weights` of YOLODualNeckDetector  

backbone.stage2_2.1.blocks.1.conv1.bn.weight - torch.Size([96]): 
The value is the same before and after calling `init_weights` of YOLODualNeckDetector  

backbone.stage2_2.1.blocks.1.conv1.bn.bias - torch.Size([96]): 
The value is the same before and after calling `init_weights` of YOLODualNeckDetector  

backbone.stage2_2.1.blocks.1.conv2.conv.weight - torch.Size([96, 96, 3, 3]): 
The value is the same before and after calling `init_weights` of YOLODualNeckDetector  

backbone.stage2_2.1.blocks.1.conv2.bn.weight - torch.Size([96]): 
The value is the same before and after calling `init_weights` of YOLODualNeckDetector  

backbone.stage2_2.1.blocks.1.conv2.bn.bias - torch.Size([96]): 
The value is the same before and after calling `init_weights` of YOLODualNeckDetector  

backbone.stage2_2.1.blocks.2.conv1.conv.weight - torch.Size([96, 96, 3, 3]): 
The value is the same before and after calling `init_weights` of YOLODualNeckDetector  

backbone.stage2_2.1.blocks.2.conv1.bn.weight - torch.Size([96]): 
The value is the same before and after calling `init_weights` of YOLODualNeckDetector  

backbone.stage2_2.1.blocks.2.conv1.bn.bias - torch.Size([96]): 
The value is the same before and after calling `init_weights` of YOLODualNeckDetector  

backbone.stage2_2.1.blocks.2.conv2.conv.weight - torch.Size([96, 96, 3, 3]): 
The value is the same before and after calling `init_weights` of YOLODualNeckDetector  

backbone.stage2_2.1.blocks.2.conv2.bn.weight - torch.Size([96]): 
The value is the same before and after calling `init_weights` of YOLODualNeckDetector  

backbone.stage2_2.1.blocks.2.conv2.bn.bias - torch.Size([96]): 
The value is the same before and after calling `init_weights` of YOLODualNeckDetector  

backbone.stage2_2.1.blocks.3.conv1.conv.weight - torch.Size([96, 96, 3, 3]): 
The value is the same before and after calling `init_weights` of YOLODualNeckDetector  

backbone.stage2_2.1.blocks.3.conv1.bn.weight - torch.Size([96]): 
The value is the same before and after calling `init_weights` of YOLODualNeckDetector  

backbone.stage2_2.1.blocks.3.conv1.bn.bias - torch.Size([96]): 
The value is the same before and after calling `init_weights` of YOLODualNeckDetector  

backbone.stage2_2.1.blocks.3.conv2.conv.weight - torch.Size([96, 96, 3, 3]): 
The value is the same before and after calling `init_weights` of YOLODualNeckDetector  

backbone.stage2_2.1.blocks.3.conv2.bn.weight - torch.Size([96]): 
The value is the same before and after calling `init_weights` of YOLODualNeckDetector  

backbone.stage2_2.1.blocks.3.conv2.bn.bias - torch.Size([96]): 
The value is the same before and after calling `init_weights` of YOLODualNeckDetector  

backbone.fusion_block2.pos_embed_r - torch.Size([1, 64, 96]): 
The value is the same before and after calling `init_weights` of YOLODualNeckDetector  

backbone.fusion_block2.pos_embed_t - torch.Size([1, 64, 96]): 
The value is the same before and after calling `init_weights` of YOLODualNeckDetector  

backbone.fusion_block2.patch_embed.proj.weight - torch.Size([96, 96, 16, 20]): 
The value is the same before and after calling `init_weights` of YOLODualNeckDetector  

backbone.fusion_block2.patch_embed.proj.bias - torch.Size([96]): 
The value is the same before and after calling `init_weights` of YOLODualNeckDetector  

backbone.fusion_block2.mamba_fusion_stage.in_proj_r.weight - torch.Size([384, 96]): 
The value is the same before and after calling `init_weights` of YOLODualNeckDetector  

backbone.fusion_block2.mamba_fusion_stage.in_proj_t.weight - torch.Size([384, 96]): 
The value is the same before and after calling `init_weights` of YOLODualNeckDetector  

backbone.fusion_block2.mamba_fusion_stage.conv2d_r.0.weight - torch.Size([192, 1, 3, 3]): 
The value is the same before and after calling `init_weights` of YOLODualNeckDetector  

backbone.fusion_block2.mamba_fusion_stage.conv2d_r.0.bias - torch.Size([192]): 
The value is the same before and after calling `init_weights` of YOLODualNeckDetector  

backbone.fusion_block2.mamba_fusion_stage.conv2d_r.1.weight - torch.Size([192]): 
The value is the same before and after calling `init_weights` of YOLODualNeckDetector  

backbone.fusion_block2.mamba_fusion_stage.conv2d_r.1.bias - torch.Size([192]): 
The value is the same before and after calling `init_weights` of YOLODualNeckDetector  

backbone.fusion_block2.mamba_fusion_stage.conv2d_t.0.weight - torch.Size([192, 1, 3, 3]): 
The value is the same before and after calling `init_weights` of YOLODualNeckDetector  

backbone.fusion_block2.mamba_fusion_stage.conv2d_t.0.bias - torch.Size([192]): 
The value is the same before and after calling `init_weights` of YOLODualNeckDetector  

backbone.fusion_block2.mamba_fusion_stage.conv2d_t.1.weight - torch.Size([192]): 
The value is the same before and after calling `init_weights` of YOLODualNeckDetector  

backbone.fusion_block2.mamba_fusion_stage.conv2d_t.1.bias - torch.Size([192]): 
The value is the same before and after calling `init_weights` of YOLODualNeckDetector  

backbone.fusion_block2.mamba_fusion_stage.SSM_r_f.A_log - torch.Size([192, 32]): 
The value is the same before and after calling `init_weights` of YOLODualNeckDetector  

backbone.fusion_block2.mamba_fusion_stage.SSM_r_f.D - torch.Size([192]): 
The value is the same before and after calling `init_weights` of YOLODualNeckDetector  

backbone.fusion_block2.mamba_fusion_stage.SSM_r_f.x_proj.weight - torch.Size([76, 192]): 
The value is the same before and after calling `init_weights` of YOLODualNeckDetector  

backbone.fusion_block2.mamba_fusion_stage.SSM_r_f.dt_proj.weight - torch.Size([192, 12]): 
The value is the same before and after calling `init_weights` of YOLODualNeckDetector  

backbone.fusion_block2.mamba_fusion_stage.SSM_r_f.dt_proj.bias - torch.Size([192]): 
The value is the same before and after calling `init_weights` of YOLODualNeckDetector  

backbone.fusion_block2.mamba_fusion_stage.SSM_r_f.out_norm.weight - torch.Size([192]): 
The value is the same before and after calling `init_weights` of YOLODualNeckDetector  

backbone.fusion_block2.mamba_fusion_stage.SSM_r_f.out_norm.bias - torch.Size([192]): 
The value is the same before and after calling `init_weights` of YOLODualNeckDetector  

backbone.fusion_block2.mamba_fusion_stage.SSM_t_f.A_log - torch.Size([192, 32]): 
The value is the same before and after calling `init_weights` of YOLODualNeckDetector  

backbone.fusion_block2.mamba_fusion_stage.SSM_t_f.D - torch.Size([192]): 
The value is the same before and after calling `init_weights` of YOLODualNeckDetector  

backbone.fusion_block2.mamba_fusion_stage.SSM_t_f.x_proj.weight - torch.Size([76, 192]): 
The value is the same before and after calling `init_weights` of YOLODualNeckDetector  

backbone.fusion_block2.mamba_fusion_stage.SSM_t_f.dt_proj.weight - torch.Size([192, 12]): 
The value is the same before and after calling `init_weights` of YOLODualNeckDetector  

backbone.fusion_block2.mamba_fusion_stage.SSM_t_f.dt_proj.bias - torch.Size([192]): 
The value is the same before and after calling `init_weights` of YOLODualNeckDetector  

backbone.fusion_block2.mamba_fusion_stage.SSM_t_f.out_norm.weight - torch.Size([192]): 
The value is the same before and after calling `init_weights` of YOLODualNeckDetector  

backbone.fusion_block2.mamba_fusion_stage.SSM_t_f.out_norm.bias - torch.Size([192]): 
The value is the same before and after calling `init_weights` of YOLODualNeckDetector  

backbone.fusion_block2.mamba_fusion_stage.out_proj.weight - torch.Size([96, 192]): 
The value is the same before and after calling `init_weights` of YOLODualNeckDetector  

backbone.fusion_block2.transformer_fusion_stage.block.pos_emb_vis - torch.Size([1, 256, 96]): 
The value is the same before and after calling `init_weights` of YOLODualNeckDetector  

backbone.fusion_block2.transformer_fusion_stage.block.pos_emb_ir - torch.Size([1, 256, 96]): 
The value is the same before and after calling `init_weights` of YOLODualNeckDetector  

backbone.fusion_block2.transformer_fusion_stage.block.vis_pool_weights.w1 - torch.Size([1]): 
The value is the same before and after calling `init_weights` of YOLODualNeckDetector  

backbone.fusion_block2.transformer_fusion_stage.block.vis_pool_weights.w2 - torch.Size([1]): 
The value is the same before and after calling `init_weights` of YOLODualNeckDetector  

backbone.fusion_block2.transformer_fusion_stage.block.ir_pool_weights.w1 - torch.Size([1]): 
The value is the same before and after calling `init_weights` of YOLODualNeckDetector  

backbone.fusion_block2.transformer_fusion_stage.block.ir_pool_weights.w2 - torch.Size([1]): 
The value is the same before and after calling `init_weights` of YOLODualNeckDetector  

backbone.fusion_block2.transformer_fusion_stage.block.crosstransformer.0.ln1_vis.weight - torch.Size([96]): 
The value is the same before and after calling `init_weights` of YOLODualNeckDetector  

backbone.fusion_block2.transformer_fusion_stage.block.crosstransformer.0.ln1_vis.bias - torch.Size([96]): 
The value is the same before and after calling `init_weights` of YOLODualNeckDetector  

backbone.fusion_block2.transformer_fusion_stage.block.crosstransformer.0.ln1_ir.weight - torch.Size([96]): 
The value is the same before and after calling `init_weights` of YOLODualNeckDetector  

backbone.fusion_block2.transformer_fusion_stage.block.crosstransformer.0.ln1_ir.bias - torch.Size([96]): 
The value is the same before and after calling `init_weights` of YOLODualNeckDetector  

backbone.fusion_block2.transformer_fusion_stage.block.crosstransformer.0.que_proj_vis.weight - torch.Size([96, 96]): 
The value is the same before and after calling `init_weights` of YOLODualNeckDetector  

backbone.fusion_block2.transformer_fusion_stage.block.crosstransformer.0.que_proj_vis.bias - torch.Size([96]): 
The value is the same before and after calling `init_weights` of YOLODualNeckDetector  

backbone.fusion_block2.transformer_fusion_stage.block.crosstransformer.0.key_proj_vis.weight - torch.Size([96, 96]): 
The value is the same before and after calling `init_weights` of YOLODualNeckDetector  

backbone.fusion_block2.transformer_fusion_stage.block.crosstransformer.0.key_proj_vis.bias - torch.Size([96]): 
The value is the same before and after calling `init_weights` of YOLODualNeckDetector  

backbone.fusion_block2.transformer_fusion_stage.block.crosstransformer.0.val_proj_vis.weight - torch.Size([96, 96]): 
The value is the same before and after calling `init_weights` of YOLODualNeckDetector  

backbone.fusion_block2.transformer_fusion_stage.block.crosstransformer.0.val_proj_vis.bias - torch.Size([96]): 
The value is the same before and after calling `init_weights` of YOLODualNeckDetector  

backbone.fusion_block2.transformer_fusion_stage.block.crosstransformer.0.que_proj_ir.weight - torch.Size([96, 96]): 
The value is the same before and after calling `init_weights` of YOLODualNeckDetector  

backbone.fusion_block2.transformer_fusion_stage.block.crosstransformer.0.que_proj_ir.bias - torch.Size([96]): 
The value is the same before and after calling `init_weights` of YOLODualNeckDetector  

backbone.fusion_block2.transformer_fusion_stage.block.crosstransformer.0.key_proj_ir.weight - torch.Size([96, 96]): 
The value is the same before and after calling `init_weights` of YOLODualNeckDetector  

backbone.fusion_block2.transformer_fusion_stage.block.crosstransformer.0.key_proj_ir.bias - torch.Size([96]): 
The value is the same before and after calling `init_weights` of YOLODualNeckDetector  

backbone.fusion_block2.transformer_fusion_stage.block.crosstransformer.0.val_proj_ir.weight - torch.Size([96, 96]): 
The value is the same before and after calling `init_weights` of YOLODualNeckDetector  

backbone.fusion_block2.transformer_fusion_stage.block.crosstransformer.0.val_proj_ir.bias - torch.Size([96]): 
The value is the same before and after calling `init_weights` of YOLODualNeckDetector  

backbone.fusion_block2.transformer_fusion_stage.block.crosstransformer.0.crossatt.out_proj_vis.weight - torch.Size([96, 96]): 
The value is the same before and after calling `init_weights` of YOLODualNeckDetector  

backbone.fusion_block2.transformer_fusion_stage.block.crosstransformer.0.crossatt.out_proj_vis.bias - torch.Size([96]): 
The value is the same before and after calling `init_weights` of YOLODualNeckDetector  

backbone.fusion_block2.transformer_fusion_stage.block.crosstransformer.0.crossatt.out_proj_ir.weight - torch.Size([96, 96]): 
The value is the same before and after calling `init_weights` of YOLODualNeckDetector  

backbone.fusion_block2.transformer_fusion_stage.block.crosstransformer.0.crossatt.out_proj_ir.bias - torch.Size([96]): 
The value is the same before and after calling `init_weights` of YOLODualNeckDetector  

backbone.fusion_block2.transformer_fusion_stage.block.crosstransformer.0.ln2_vis.weight - torch.Size([96]): 
The value is the same before and after calling `init_weights` of YOLODualNeckDetector  

backbone.fusion_block2.transformer_fusion_stage.block.crosstransformer.0.ln2_vis.bias - torch.Size([96]): 
The value is the same before and after calling `init_weights` of YOLODualNeckDetector  

backbone.fusion_block2.transformer_fusion_stage.block.crosstransformer.0.ln2_ir.weight - torch.Size([96]): 
The value is the same before and after calling `init_weights` of YOLODualNeckDetector  

backbone.fusion_block2.transformer_fusion_stage.block.crosstransformer.0.ln2_ir.bias - torch.Size([96]): 
The value is the same before and after calling `init_weights` of YOLODualNeckDetector  

backbone.fusion_block2.transformer_fusion_stage.block.crosstransformer.0.mlp_vis.0.weight - torch.Size([384, 96]): 
The value is the same before and after calling `init_weights` of YOLODualNeckDetector  

backbone.fusion_block2.transformer_fusion_stage.block.crosstransformer.0.mlp_vis.0.bias - torch.Size([384]): 
The value is the same before and after calling `init_weights` of YOLODualNeckDetector  

backbone.fusion_block2.transformer_fusion_stage.block.crosstransformer.0.mlp_vis.2.weight - torch.Size([96, 384]): 
The value is the same before and after calling `init_weights` of YOLODualNeckDetector  

backbone.fusion_block2.transformer_fusion_stage.block.crosstransformer.0.mlp_vis.2.bias - torch.Size([96]): 
The value is the same before and after calling `init_weights` of YOLODualNeckDetector  

backbone.fusion_block2.transformer_fusion_stage.block.crosstransformer.0.mlp_ir.0.weight - torch.Size([384, 96]): 
The value is the same before and after calling `init_weights` of YOLODualNeckDetector  

backbone.fusion_block2.transformer_fusion_stage.block.crosstransformer.0.mlp_ir.0.bias - torch.Size([384]): 
The value is the same before and after calling `init_weights` of YOLODualNeckDetector  

backbone.fusion_block2.transformer_fusion_stage.block.crosstransformer.0.mlp_ir.2.weight - torch.Size([96, 384]): 
The value is the same before and after calling `init_weights` of YOLODualNeckDetector  

backbone.fusion_block2.transformer_fusion_stage.block.crosstransformer.0.mlp_ir.2.bias - torch.Size([96]): 
The value is the same before and after calling `init_weights` of YOLODualNeckDetector  

backbone.fusion_block2.transformer_fusion_stage.block.crosstransformer.0.coef_att_vis.bias - torch.Size([1]): 
The value is the same before and after calling `init_weights` of YOLODualNeckDetector  

backbone.fusion_block2.transformer_fusion_stage.block.crosstransformer.0.coef_mlp_vis.bias - torch.Size([1]): 
The value is the same before and after calling `init_weights` of YOLODualNeckDetector  

backbone.fusion_block2.transformer_fusion_stage.block.crosstransformer.0.coef_att_ir.bias - torch.Size([1]): 
The value is the same before and after calling `init_weights` of YOLODualNeckDetector  

backbone.fusion_block2.transformer_fusion_stage.block.crosstransformer.0.coef_mlp_ir.bias - torch.Size([1]): 
The value is the same before and after calling `init_weights` of YOLODualNeckDetector  

backbone.fusion_block2.transformer_fusion_stage.block.out_fusion_module.conv1x1_out.conv.weight - torch.Size([96, 192, 1, 1]): 
The value is the same before and after calling `init_weights` of YOLODualNeckDetector  

backbone.fusion_block2.transformer_fusion_stage.block.out_fusion_module.conv1x1_out.bn.weight - torch.Size([96]): 
The value is the same before and after calling `init_weights` of YOLODualNeckDetector  

backbone.fusion_block2.transformer_fusion_stage.block.out_fusion_module.conv1x1_out.bn.bias - torch.Size([96]): 
The value is the same before and after calling `init_weights` of YOLODualNeckDetector  

backbone.fusion_block2.transformer_fusion_stage.mw.fc1.weight - torch.Size([6, 192, 1, 1]): 
The value is the same before and after calling `init_weights` of YOLODualNeckDetector  

backbone.fusion_block2.transformer_fusion_stage.mw.fc1.bias - torch.Size([6]): 
The value is the same before and after calling `init_weights` of YOLODualNeckDetector  

backbone.fusion_block2.transformer_fusion_stage.mw.fc2.weight - torch.Size([192, 6, 1, 1]): 
The value is the same before and after calling `init_weights` of YOLODualNeckDetector  

backbone.fusion_block2.transformer_fusion_stage.mw.fc2.bias - torch.Size([192]): 
The value is the same before and after calling `init_weights` of YOLODualNeckDetector  

backbone.fusion_block2.out_fusion_module.conv1x1_out.conv.weight - torch.Size([96, 192, 1, 1]): 
The value is the same before and after calling `init_weights` of YOLODualNeckDetector  

backbone.fusion_block2.out_fusion_module.conv1x1_out.bn.weight - torch.Size([96]): 
The value is the same before and after calling `init_weights` of YOLODualNeckDetector  

backbone.fusion_block2.out_fusion_module.conv1x1_out.bn.bias - torch.Size([96]): 
The value is the same before and after calling `init_weights` of YOLODualNeckDetector  

backbone.fusion_block2.mw.fc1.weight - torch.Size([6, 192, 1, 1]): 
The value is the same before and after calling `init_weights` of YOLODualNeckDetector  

backbone.fusion_block2.mw.fc1.bias - torch.Size([6]): 
The value is the same before and after calling `init_weights` of YOLODualNeckDetector  

backbone.fusion_block2.mw.fc2.weight - torch.Size([192, 6, 1, 1]): 
The value is the same before and after calling `init_weights` of YOLODualNeckDetector  

backbone.fusion_block2.mw.fc2.bias - torch.Size([192]): 
The value is the same before and after calling `init_weights` of YOLODualNeckDetector  

backbone.head_input_module2.conv_ir.weight - torch.Size([192, 192, 1, 1]): 
The value is the same before and after calling `init_weights` of YOLODualNeckDetector  

backbone.head_input_module2.conv_vis.weight - torch.Size([192, 192, 1, 1]): 
The value is the same before and after calling `init_weights` of YOLODualNeckDetector  

backbone.head_input_module2.se.1.weight - torch.Size([12, 192, 1, 1]): 
The value is the same before and after calling `init_weights` of YOLODualNeckDetector  

backbone.head_input_module2.se.1.bias - torch.Size([12]): 
The value is the same before and after calling `init_weights` of YOLODualNeckDetector  

backbone.head_input_module2.se.3.weight - torch.Size([192, 12, 1, 1]): 
The value is the same before and after calling `init_weights` of YOLODualNeckDetector  

backbone.head_input_module2.se.3.bias - torch.Size([192]): 
The value is the same before and after calling `init_weights` of YOLODualNeckDetector  

backbone.stage3_1.0.conv.weight - torch.Size([384, 192, 3, 3]): 
The value is the same before and after calling `init_weights` of YOLODualNeckDetector  

backbone.stage3_1.0.bn.weight - torch.Size([384]): 
The value is the same before and after calling `init_weights` of YOLODualNeckDetector  

backbone.stage3_1.0.bn.bias - torch.Size([384]): 
The value is the same before and after calling `init_weights` of YOLODualNeckDetector  

backbone.stage3_1.1.main_conv.conv.weight - torch.Size([384, 384, 1, 1]): 
The value is the same before and after calling `init_weights` of YOLODualNeckDetector  

backbone.stage3_1.1.main_conv.bn.weight - torch.Size([384]): 
The value is the same before and after calling `init_weights` of YOLODualNeckDetector  

backbone.stage3_1.1.main_conv.bn.bias - torch.Size([384]): 
The value is the same before and after calling `init_weights` of YOLODualNeckDetector  

backbone.stage3_1.1.final_conv.conv.weight - torch.Size([384, 1152, 1, 1]): 
The value is the same before and after calling `init_weights` of YOLODualNeckDetector  

backbone.stage3_1.1.final_conv.bn.weight - torch.Size([384]): 
The value is the same before and after calling `init_weights` of YOLODualNeckDetector  

backbone.stage3_1.1.final_conv.bn.bias - torch.Size([384]): 
The value is the same before and after calling `init_weights` of YOLODualNeckDetector  

backbone.stage3_1.1.blocks.0.conv1.conv.weight - torch.Size([192, 192, 3, 3]): 
The value is the same before and after calling `init_weights` of YOLODualNeckDetector  

backbone.stage3_1.1.blocks.0.conv1.bn.weight - torch.Size([192]): 
The value is the same before and after calling `init_weights` of YOLODualNeckDetector  

backbone.stage3_1.1.blocks.0.conv1.bn.bias - torch.Size([192]): 
The value is the same before and after calling `init_weights` of YOLODualNeckDetector  

backbone.stage3_1.1.blocks.0.conv2.conv.weight - torch.Size([192, 192, 3, 3]): 
The value is the same before and after calling `init_weights` of YOLODualNeckDetector  

backbone.stage3_1.1.blocks.0.conv2.bn.weight - torch.Size([192]): 
The value is the same before and after calling `init_weights` of YOLODualNeckDetector  

backbone.stage3_1.1.blocks.0.conv2.bn.bias - torch.Size([192]): 
The value is the same before and after calling `init_weights` of YOLODualNeckDetector  

backbone.stage3_1.1.blocks.1.conv1.conv.weight - torch.Size([192, 192, 3, 3]): 
The value is the same before and after calling `init_weights` of YOLODualNeckDetector  

backbone.stage3_1.1.blocks.1.conv1.bn.weight - torch.Size([192]): 
The value is the same before and after calling `init_weights` of YOLODualNeckDetector  

backbone.stage3_1.1.blocks.1.conv1.bn.bias - torch.Size([192]): 
The value is the same before and after calling `init_weights` of YOLODualNeckDetector  

backbone.stage3_1.1.blocks.1.conv2.conv.weight - torch.Size([192, 192, 3, 3]): 
The value is the same before and after calling `init_weights` of YOLODualNeckDetector  

backbone.stage3_1.1.blocks.1.conv2.bn.weight - torch.Size([192]): 
The value is the same before and after calling `init_weights` of YOLODualNeckDetector  

backbone.stage3_1.1.blocks.1.conv2.bn.bias - torch.Size([192]): 
The value is the same before and after calling `init_weights` of YOLODualNeckDetector  

backbone.stage3_1.1.blocks.2.conv1.conv.weight - torch.Size([192, 192, 3, 3]): 
The value is the same before and after calling `init_weights` of YOLODualNeckDetector  

backbone.stage3_1.1.blocks.2.conv1.bn.weight - torch.Size([192]): 
The value is the same before and after calling `init_weights` of YOLODualNeckDetector  

backbone.stage3_1.1.blocks.2.conv1.bn.bias - torch.Size([192]): 
The value is the same before and after calling `init_weights` of YOLODualNeckDetector  

backbone.stage3_1.1.blocks.2.conv2.conv.weight - torch.Size([192, 192, 3, 3]): 
The value is the same before and after calling `init_weights` of YOLODualNeckDetector  

backbone.stage3_1.1.blocks.2.conv2.bn.weight - torch.Size([192]): 
The value is the same before and after calling `init_weights` of YOLODualNeckDetector  

backbone.stage3_1.1.blocks.2.conv2.bn.bias - torch.Size([192]): 
The value is the same before and after calling `init_weights` of YOLODualNeckDetector  

backbone.stage3_1.1.blocks.3.conv1.conv.weight - torch.Size([192, 192, 3, 3]): 
The value is the same before and after calling `init_weights` of YOLODualNeckDetector  

backbone.stage3_1.1.blocks.3.conv1.bn.weight - torch.Size([192]): 
The value is the same before and after calling `init_weights` of YOLODualNeckDetector  

backbone.stage3_1.1.blocks.3.conv1.bn.bias - torch.Size([192]): 
The value is the same before and after calling `init_weights` of YOLODualNeckDetector  

backbone.stage3_1.1.blocks.3.conv2.conv.weight - torch.Size([192, 192, 3, 3]): 
The value is the same before and after calling `init_weights` of YOLODualNeckDetector  

backbone.stage3_1.1.blocks.3.conv2.bn.weight - torch.Size([192]): 
The value is the same before and after calling `init_weights` of YOLODualNeckDetector  

backbone.stage3_1.1.blocks.3.conv2.bn.bias - torch.Size([192]): 
The value is the same before and after calling `init_weights` of YOLODualNeckDetector  

backbone.stage3_2.0.conv.weight - torch.Size([384, 192, 3, 3]): 
The value is the same before and after calling `init_weights` of YOLODualNeckDetector  

backbone.stage3_2.0.bn.weight - torch.Size([384]): 
The value is the same before and after calling `init_weights` of YOLODualNeckDetector  

backbone.stage3_2.0.bn.bias - torch.Size([384]): 
The value is the same before and after calling `init_weights` of YOLODualNeckDetector  

backbone.stage3_2.1.main_conv.conv.weight - torch.Size([384, 384, 1, 1]): 
The value is the same before and after calling `init_weights` of YOLODualNeckDetector  

backbone.stage3_2.1.main_conv.bn.weight - torch.Size([384]): 
The value is the same before and after calling `init_weights` of YOLODualNeckDetector  

backbone.stage3_2.1.main_conv.bn.bias - torch.Size([384]): 
The value is the same before and after calling `init_weights` of YOLODualNeckDetector  

backbone.stage3_2.1.final_conv.conv.weight - torch.Size([384, 1152, 1, 1]): 
The value is the same before and after calling `init_weights` of YOLODualNeckDetector  

backbone.stage3_2.1.final_conv.bn.weight - torch.Size([384]): 
The value is the same before and after calling `init_weights` of YOLODualNeckDetector  

backbone.stage3_2.1.final_conv.bn.bias - torch.Size([384]): 
The value is the same before and after calling `init_weights` of YOLODualNeckDetector  

backbone.stage3_2.1.blocks.0.conv1.conv.weight - torch.Size([192, 192, 3, 3]): 
The value is the same before and after calling `init_weights` of YOLODualNeckDetector  

backbone.stage3_2.1.blocks.0.conv1.bn.weight - torch.Size([192]): 
The value is the same before and after calling `init_weights` of YOLODualNeckDetector  

backbone.stage3_2.1.blocks.0.conv1.bn.bias - torch.Size([192]): 
The value is the same before and after calling `init_weights` of YOLODualNeckDetector  

backbone.stage3_2.1.blocks.0.conv2.conv.weight - torch.Size([192, 192, 3, 3]): 
The value is the same before and after calling `init_weights` of YOLODualNeckDetector  

backbone.stage3_2.1.blocks.0.conv2.bn.weight - torch.Size([192]): 
The value is the same before and after calling `init_weights` of YOLODualNeckDetector  

backbone.stage3_2.1.blocks.0.conv2.bn.bias - torch.Size([192]): 
The value is the same before and after calling `init_weights` of YOLODualNeckDetector  

backbone.stage3_2.1.blocks.1.conv1.conv.weight - torch.Size([192, 192, 3, 3]): 
The value is the same before and after calling `init_weights` of YOLODualNeckDetector  

backbone.stage3_2.1.blocks.1.conv1.bn.weight - torch.Size([192]): 
The value is the same before and after calling `init_weights` of YOLODualNeckDetector  

backbone.stage3_2.1.blocks.1.conv1.bn.bias - torch.Size([192]): 
The value is the same before and after calling `init_weights` of YOLODualNeckDetector  

backbone.stage3_2.1.blocks.1.conv2.conv.weight - torch.Size([192, 192, 3, 3]): 
The value is the same before and after calling `init_weights` of YOLODualNeckDetector  

backbone.stage3_2.1.blocks.1.conv2.bn.weight - torch.Size([192]): 
The value is the same before and after calling `init_weights` of YOLODualNeckDetector  

backbone.stage3_2.1.blocks.1.conv2.bn.bias - torch.Size([192]): 
The value is the same before and after calling `init_weights` of YOLODualNeckDetector  

backbone.stage3_2.1.blocks.2.conv1.conv.weight - torch.Size([192, 192, 3, 3]): 
The value is the same before and after calling `init_weights` of YOLODualNeckDetector  

backbone.stage3_2.1.blocks.2.conv1.bn.weight - torch.Size([192]): 
The value is the same before and after calling `init_weights` of YOLODualNeckDetector  

backbone.stage3_2.1.blocks.2.conv1.bn.bias - torch.Size([192]): 
The value is the same before and after calling `init_weights` of YOLODualNeckDetector  

backbone.stage3_2.1.blocks.2.conv2.conv.weight - torch.Size([192, 192, 3, 3]): 
The value is the same before and after calling `init_weights` of YOLODualNeckDetector  

backbone.stage3_2.1.blocks.2.conv2.bn.weight - torch.Size([192]): 
The value is the same before and after calling `init_weights` of YOLODualNeckDetector  

backbone.stage3_2.1.blocks.2.conv2.bn.bias - torch.Size([192]): 
The value is the same before and after calling `init_weights` of YOLODualNeckDetector  

backbone.stage3_2.1.blocks.3.conv1.conv.weight - torch.Size([192, 192, 3, 3]): 
The value is the same before and after calling `init_weights` of YOLODualNeckDetector  

backbone.stage3_2.1.blocks.3.conv1.bn.weight - torch.Size([192]): 
The value is the same before and after calling `init_weights` of YOLODualNeckDetector  

backbone.stage3_2.1.blocks.3.conv1.bn.bias - torch.Size([192]): 
The value is the same before and after calling `init_weights` of YOLODualNeckDetector  

backbone.stage3_2.1.blocks.3.conv2.conv.weight - torch.Size([192, 192, 3, 3]): 
The value is the same before and after calling `init_weights` of YOLODualNeckDetector  

backbone.stage3_2.1.blocks.3.conv2.bn.weight - torch.Size([192]): 
The value is the same before and after calling `init_weights` of YOLODualNeckDetector  

backbone.stage3_2.1.blocks.3.conv2.bn.bias - torch.Size([192]): 
The value is the same before and after calling `init_weights` of YOLODualNeckDetector  

backbone.fusion_block3.pos_embed_r - torch.Size([1, 64, 192]): 
The value is the same before and after calling `init_weights` of YOLODualNeckDetector  

backbone.fusion_block3.pos_embed_t - torch.Size([1, 64, 192]): 
The value is the same before and after calling `init_weights` of YOLODualNeckDetector  

backbone.fusion_block3.patch_embed.proj.weight - torch.Size([192, 192, 8, 10]): 
The value is the same before and after calling `init_weights` of YOLODualNeckDetector  

backbone.fusion_block3.patch_embed.proj.bias - torch.Size([192]): 
The value is the same before and after calling `init_weights` of YOLODualNeckDetector  

backbone.fusion_block3.mamba_fusion_stage.in_proj_r.weight - torch.Size([768, 192]): 
The value is the same before and after calling `init_weights` of YOLODualNeckDetector  

backbone.fusion_block3.mamba_fusion_stage.in_proj_t.weight - torch.Size([768, 192]): 
The value is the same before and after calling `init_weights` of YOLODualNeckDetector  

backbone.fusion_block3.mamba_fusion_stage.conv2d_r.0.weight - torch.Size([384, 1, 3, 3]): 
The value is the same before and after calling `init_weights` of YOLODualNeckDetector  

backbone.fusion_block3.mamba_fusion_stage.conv2d_r.0.bias - torch.Size([384]): 
The value is the same before and after calling `init_weights` of YOLODualNeckDetector  

backbone.fusion_block3.mamba_fusion_stage.conv2d_r.1.weight - torch.Size([384]): 
The value is the same before and after calling `init_weights` of YOLODualNeckDetector  

backbone.fusion_block3.mamba_fusion_stage.conv2d_r.1.bias - torch.Size([384]): 
The value is the same before and after calling `init_weights` of YOLODualNeckDetector  

backbone.fusion_block3.mamba_fusion_stage.conv2d_t.0.weight - torch.Size([384, 1, 3, 3]): 
The value is the same before and after calling `init_weights` of YOLODualNeckDetector  

backbone.fusion_block3.mamba_fusion_stage.conv2d_t.0.bias - torch.Size([384]): 
The value is the same before and after calling `init_weights` of YOLODualNeckDetector  

backbone.fusion_block3.mamba_fusion_stage.conv2d_t.1.weight - torch.Size([384]): 
The value is the same before and after calling `init_weights` of YOLODualNeckDetector  

backbone.fusion_block3.mamba_fusion_stage.conv2d_t.1.bias - torch.Size([384]): 
The value is the same before and after calling `init_weights` of YOLODualNeckDetector  

backbone.fusion_block3.mamba_fusion_stage.SSM_r_f.A_log - torch.Size([384, 64]): 
The value is the same before and after calling `init_weights` of YOLODualNeckDetector  

backbone.fusion_block3.mamba_fusion_stage.SSM_r_f.D - torch.Size([384]): 
The value is the same before and after calling `init_weights` of YOLODualNeckDetector  

backbone.fusion_block3.mamba_fusion_stage.SSM_r_f.x_proj.weight - torch.Size([152, 384]): 
The value is the same before and after calling `init_weights` of YOLODualNeckDetector  

backbone.fusion_block3.mamba_fusion_stage.SSM_r_f.dt_proj.weight - torch.Size([384, 24]): 
The value is the same before and after calling `init_weights` of YOLODualNeckDetector  

backbone.fusion_block3.mamba_fusion_stage.SSM_r_f.dt_proj.bias - torch.Size([384]): 
The value is the same before and after calling `init_weights` of YOLODualNeckDetector  

backbone.fusion_block3.mamba_fusion_stage.SSM_r_f.out_norm.weight - torch.Size([384]): 
The value is the same before and after calling `init_weights` of YOLODualNeckDetector  

backbone.fusion_block3.mamba_fusion_stage.SSM_r_f.out_norm.bias - torch.Size([384]): 
The value is the same before and after calling `init_weights` of YOLODualNeckDetector  

backbone.fusion_block3.mamba_fusion_stage.SSM_t_f.A_log - torch.Size([384, 64]): 
The value is the same before and after calling `init_weights` of YOLODualNeckDetector  

backbone.fusion_block3.mamba_fusion_stage.SSM_t_f.D - torch.Size([384]): 
The value is the same before and after calling `init_weights` of YOLODualNeckDetector  

backbone.fusion_block3.mamba_fusion_stage.SSM_t_f.x_proj.weight - torch.Size([152, 384]): 
The value is the same before and after calling `init_weights` of YOLODualNeckDetector  

backbone.fusion_block3.mamba_fusion_stage.SSM_t_f.dt_proj.weight - torch.Size([384, 24]): 
The value is the same before and after calling `init_weights` of YOLODualNeckDetector  

backbone.fusion_block3.mamba_fusion_stage.SSM_t_f.dt_proj.bias - torch.Size([384]): 
The value is the same before and after calling `init_weights` of YOLODualNeckDetector  

backbone.fusion_block3.mamba_fusion_stage.SSM_t_f.out_norm.weight - torch.Size([384]): 
The value is the same before and after calling `init_weights` of YOLODualNeckDetector  

backbone.fusion_block3.mamba_fusion_stage.SSM_t_f.out_norm.bias - torch.Size([384]): 
The value is the same before and after calling `init_weights` of YOLODualNeckDetector  

backbone.fusion_block3.mamba_fusion_stage.out_proj.weight - torch.Size([192, 384]): 
The value is the same before and after calling `init_weights` of YOLODualNeckDetector  

backbone.fusion_block3.transformer_fusion_stage.block.pos_emb_vis - torch.Size([1, 100, 192]): 
The value is the same before and after calling `init_weights` of YOLODualNeckDetector  

backbone.fusion_block3.transformer_fusion_stage.block.pos_emb_ir - torch.Size([1, 100, 192]): 
The value is the same before and after calling `init_weights` of YOLODualNeckDetector  

backbone.fusion_block3.transformer_fusion_stage.block.vis_pool_weights.w1 - torch.Size([1]): 
The value is the same before and after calling `init_weights` of YOLODualNeckDetector  

backbone.fusion_block3.transformer_fusion_stage.block.vis_pool_weights.w2 - torch.Size([1]): 
The value is the same before and after calling `init_weights` of YOLODualNeckDetector  

backbone.fusion_block3.transformer_fusion_stage.block.ir_pool_weights.w1 - torch.Size([1]): 
The value is the same before and after calling `init_weights` of YOLODualNeckDetector  

backbone.fusion_block3.transformer_fusion_stage.block.ir_pool_weights.w2 - torch.Size([1]): 
The value is the same before and after calling `init_weights` of YOLODualNeckDetector  

backbone.fusion_block3.transformer_fusion_stage.block.crosstransformer.0.ln1_vis.weight - torch.Size([192]): 
The value is the same before and after calling `init_weights` of YOLODualNeckDetector  

backbone.fusion_block3.transformer_fusion_stage.block.crosstransformer.0.ln1_vis.bias - torch.Size([192]): 
The value is the same before and after calling `init_weights` of YOLODualNeckDetector  

backbone.fusion_block3.transformer_fusion_stage.block.crosstransformer.0.ln1_ir.weight - torch.Size([192]): 
The value is the same before and after calling `init_weights` of YOLODualNeckDetector  

backbone.fusion_block3.transformer_fusion_stage.block.crosstransformer.0.ln1_ir.bias - torch.Size([192]): 
The value is the same before and after calling `init_weights` of YOLODualNeckDetector  

backbone.fusion_block3.transformer_fusion_stage.block.crosstransformer.0.que_proj_vis.weight - torch.Size([192, 192]): 
The value is the same before and after calling `init_weights` of YOLODualNeckDetector  

backbone.fusion_block3.transformer_fusion_stage.block.crosstransformer.0.que_proj_vis.bias - torch.Size([192]): 
The value is the same before and after calling `init_weights` of YOLODualNeckDetector  

backbone.fusion_block3.transformer_fusion_stage.block.crosstransformer.0.key_proj_vis.weight - torch.Size([192, 192]): 
The value is the same before and after calling `init_weights` of YOLODualNeckDetector  

backbone.fusion_block3.transformer_fusion_stage.block.crosstransformer.0.key_proj_vis.bias - torch.Size([192]): 
The value is the same before and after calling `init_weights` of YOLODualNeckDetector  

backbone.fusion_block3.transformer_fusion_stage.block.crosstransformer.0.val_proj_vis.weight - torch.Size([192, 192]): 
The value is the same before and after calling `init_weights` of YOLODualNeckDetector  

backbone.fusion_block3.transformer_fusion_stage.block.crosstransformer.0.val_proj_vis.bias - torch.Size([192]): 
The value is the same before and after calling `init_weights` of YOLODualNeckDetector  

backbone.fusion_block3.transformer_fusion_stage.block.crosstransformer.0.que_proj_ir.weight - torch.Size([192, 192]): 
The value is the same before and after calling `init_weights` of YOLODualNeckDetector  

backbone.fusion_block3.transformer_fusion_stage.block.crosstransformer.0.que_proj_ir.bias - torch.Size([192]): 
The value is the same before and after calling `init_weights` of YOLODualNeckDetector  

backbone.fusion_block3.transformer_fusion_stage.block.crosstransformer.0.key_proj_ir.weight - torch.Size([192, 192]): 
The value is the same before and after calling `init_weights` of YOLODualNeckDetector  

backbone.fusion_block3.transformer_fusion_stage.block.crosstransformer.0.key_proj_ir.bias - torch.Size([192]): 
The value is the same before and after calling `init_weights` of YOLODualNeckDetector  

backbone.fusion_block3.transformer_fusion_stage.block.crosstransformer.0.val_proj_ir.weight - torch.Size([192, 192]): 
The value is the same before and after calling `init_weights` of YOLODualNeckDetector  

backbone.fusion_block3.transformer_fusion_stage.block.crosstransformer.0.val_proj_ir.bias - torch.Size([192]): 
The value is the same before and after calling `init_weights` of YOLODualNeckDetector  

backbone.fusion_block3.transformer_fusion_stage.block.crosstransformer.0.crossatt.out_proj_vis.weight - torch.Size([192, 192]): 
The value is the same before and after calling `init_weights` of YOLODualNeckDetector  

backbone.fusion_block3.transformer_fusion_stage.block.crosstransformer.0.crossatt.out_proj_vis.bias - torch.Size([192]): 
The value is the same before and after calling `init_weights` of YOLODualNeckDetector  

backbone.fusion_block3.transformer_fusion_stage.block.crosstransformer.0.crossatt.out_proj_ir.weight - torch.Size([192, 192]): 
The value is the same before and after calling `init_weights` of YOLODualNeckDetector  

backbone.fusion_block3.transformer_fusion_stage.block.crosstransformer.0.crossatt.out_proj_ir.bias - torch.Size([192]): 
The value is the same before and after calling `init_weights` of YOLODualNeckDetector  

backbone.fusion_block3.transformer_fusion_stage.block.crosstransformer.0.ln2_vis.weight - torch.Size([192]): 
The value is the same before and after calling `init_weights` of YOLODualNeckDetector  

backbone.fusion_block3.transformer_fusion_stage.block.crosstransformer.0.ln2_vis.bias - torch.Size([192]): 
The value is the same before and after calling `init_weights` of YOLODualNeckDetector  

backbone.fusion_block3.transformer_fusion_stage.block.crosstransformer.0.ln2_ir.weight - torch.Size([192]): 
The value is the same before and after calling `init_weights` of YOLODualNeckDetector  

backbone.fusion_block3.transformer_fusion_stage.block.crosstransformer.0.ln2_ir.bias - torch.Size([192]): 
The value is the same before and after calling `init_weights` of YOLODualNeckDetector  

backbone.fusion_block3.transformer_fusion_stage.block.crosstransformer.0.mlp_vis.0.weight - torch.Size([768, 192]): 
The value is the same before and after calling `init_weights` of YOLODualNeckDetector  

backbone.fusion_block3.transformer_fusion_stage.block.crosstransformer.0.mlp_vis.0.bias - torch.Size([768]): 
The value is the same before and after calling `init_weights` of YOLODualNeckDetector  

backbone.fusion_block3.transformer_fusion_stage.block.crosstransformer.0.mlp_vis.2.weight - torch.Size([192, 768]): 
The value is the same before and after calling `init_weights` of YOLODualNeckDetector  

backbone.fusion_block3.transformer_fusion_stage.block.crosstransformer.0.mlp_vis.2.bias - torch.Size([192]): 
The value is the same before and after calling `init_weights` of YOLODualNeckDetector  

backbone.fusion_block3.transformer_fusion_stage.block.crosstransformer.0.mlp_ir.0.weight - torch.Size([768, 192]): 
The value is the same before and after calling `init_weights` of YOLODualNeckDetector  

backbone.fusion_block3.transformer_fusion_stage.block.crosstransformer.0.mlp_ir.0.bias - torch.Size([768]): 
The value is the same before and after calling `init_weights` of YOLODualNeckDetector  

backbone.fusion_block3.transformer_fusion_stage.block.crosstransformer.0.mlp_ir.2.weight - torch.Size([192, 768]): 
The value is the same before and after calling `init_weights` of YOLODualNeckDetector  

backbone.fusion_block3.transformer_fusion_stage.block.crosstransformer.0.mlp_ir.2.bias - torch.Size([192]): 
The value is the same before and after calling `init_weights` of YOLODualNeckDetector  

backbone.fusion_block3.transformer_fusion_stage.block.crosstransformer.0.coef_att_vis.bias - torch.Size([1]): 
The value is the same before and after calling `init_weights` of YOLODualNeckDetector  

backbone.fusion_block3.transformer_fusion_stage.block.crosstransformer.0.coef_mlp_vis.bias - torch.Size([1]): 
The value is the same before and after calling `init_weights` of YOLODualNeckDetector  

backbone.fusion_block3.transformer_fusion_stage.block.crosstransformer.0.coef_att_ir.bias - torch.Size([1]): 
The value is the same before and after calling `init_weights` of YOLODualNeckDetector  

backbone.fusion_block3.transformer_fusion_stage.block.crosstransformer.0.coef_mlp_ir.bias - torch.Size([1]): 
The value is the same before and after calling `init_weights` of YOLODualNeckDetector  

backbone.fusion_block3.transformer_fusion_stage.block.out_fusion_module.conv1x1_out.conv.weight - torch.Size([192, 384, 1, 1]): 
The value is the same before and after calling `init_weights` of YOLODualNeckDetector  

backbone.fusion_block3.transformer_fusion_stage.block.out_fusion_module.conv1x1_out.bn.weight - torch.Size([192]): 
The value is the same before and after calling `init_weights` of YOLODualNeckDetector  

backbone.fusion_block3.transformer_fusion_stage.block.out_fusion_module.conv1x1_out.bn.bias - torch.Size([192]): 
The value is the same before and after calling `init_weights` of YOLODualNeckDetector  

backbone.fusion_block3.transformer_fusion_stage.mw.fc1.weight - torch.Size([12, 384, 1, 1]): 
The value is the same before and after calling `init_weights` of YOLODualNeckDetector  

backbone.fusion_block3.transformer_fusion_stage.mw.fc1.bias - torch.Size([12]): 
The value is the same before and after calling `init_weights` of YOLODualNeckDetector  

backbone.fusion_block3.transformer_fusion_stage.mw.fc2.weight - torch.Size([384, 12, 1, 1]): 
The value is the same before and after calling `init_weights` of YOLODualNeckDetector  

backbone.fusion_block3.transformer_fusion_stage.mw.fc2.bias - torch.Size([384]): 
The value is the same before and after calling `init_weights` of YOLODualNeckDetector  

backbone.fusion_block3.out_fusion_module.conv1x1_out.conv.weight - torch.Size([192, 384, 1, 1]): 
The value is the same before and after calling `init_weights` of YOLODualNeckDetector  

backbone.fusion_block3.out_fusion_module.conv1x1_out.bn.weight - torch.Size([192]): 
The value is the same before and after calling `init_weights` of YOLODualNeckDetector  

backbone.fusion_block3.out_fusion_module.conv1x1_out.bn.bias - torch.Size([192]): 
The value is the same before and after calling `init_weights` of YOLODualNeckDetector  

backbone.fusion_block3.mw.fc1.weight - torch.Size([12, 384, 1, 1]): 
The value is the same before and after calling `init_weights` of YOLODualNeckDetector  

backbone.fusion_block3.mw.fc1.bias - torch.Size([12]): 
The value is the same before and after calling `init_weights` of YOLODualNeckDetector  

backbone.fusion_block3.mw.fc2.weight - torch.Size([384, 12, 1, 1]): 
The value is the same before and after calling `init_weights` of YOLODualNeckDetector  

backbone.fusion_block3.mw.fc2.bias - torch.Size([384]): 
The value is the same before and after calling `init_weights` of YOLODualNeckDetector  

backbone.head_input_module3.conv_ir.weight - torch.Size([384, 384, 1, 1]): 
The value is the same before and after calling `init_weights` of YOLODualNeckDetector  

backbone.head_input_module3.conv_vis.weight - torch.Size([384, 384, 1, 1]): 
The value is the same before and after calling `init_weights` of YOLODualNeckDetector  

backbone.head_input_module3.se.1.weight - torch.Size([24, 384, 1, 1]): 
The value is the same before and after calling `init_weights` of YOLODualNeckDetector  

backbone.head_input_module3.se.1.bias - torch.Size([24]): 
The value is the same before and after calling `init_weights` of YOLODualNeckDetector  

backbone.head_input_module3.se.3.weight - torch.Size([384, 24, 1, 1]): 
The value is the same before and after calling `init_weights` of YOLODualNeckDetector  

backbone.head_input_module3.se.3.bias - torch.Size([384]): 
The value is the same before and after calling `init_weights` of YOLODualNeckDetector  

backbone.stage4_1.0.conv.weight - torch.Size([768, 384, 3, 3]): 
The value is the same before and after calling `init_weights` of YOLODualNeckDetector  

backbone.stage4_1.0.bn.weight - torch.Size([768]): 
The value is the same before and after calling `init_weights` of YOLODualNeckDetector  

backbone.stage4_1.0.bn.bias - torch.Size([768]): 
The value is the same before and after calling `init_weights` of YOLODualNeckDetector  

backbone.stage4_1.1.main_conv.conv.weight - torch.Size([768, 768, 1, 1]): 
The value is the same before and after calling `init_weights` of YOLODualNeckDetector  

backbone.stage4_1.1.main_conv.bn.weight - torch.Size([768]): 
The value is the same before and after calling `init_weights` of YOLODualNeckDetector  

backbone.stage4_1.1.main_conv.bn.bias - torch.Size([768]): 
The value is the same before and after calling `init_weights` of YOLODualNeckDetector  

backbone.stage4_1.1.final_conv.conv.weight - torch.Size([768, 1536, 1, 1]): 
The value is the same before and after calling `init_weights` of YOLODualNeckDetector  

backbone.stage4_1.1.final_conv.bn.weight - torch.Size([768]): 
The value is the same before and after calling `init_weights` of YOLODualNeckDetector  

backbone.stage4_1.1.final_conv.bn.bias - torch.Size([768]): 
The value is the same before and after calling `init_weights` of YOLODualNeckDetector  

backbone.stage4_1.1.blocks.0.conv1.conv.weight - torch.Size([384, 384, 3, 3]): 
The value is the same before and after calling `init_weights` of YOLODualNeckDetector  

backbone.stage4_1.1.blocks.0.conv1.bn.weight - torch.Size([384]): 
The value is the same before and after calling `init_weights` of YOLODualNeckDetector  

backbone.stage4_1.1.blocks.0.conv1.bn.bias - torch.Size([384]): 
The value is the same before and after calling `init_weights` of YOLODualNeckDetector  

backbone.stage4_1.1.blocks.0.conv2.conv.weight - torch.Size([384, 384, 3, 3]): 
The value is the same before and after calling `init_weights` of YOLODualNeckDetector  

backbone.stage4_1.1.blocks.0.conv2.bn.weight - torch.Size([384]): 
The value is the same before and after calling `init_weights` of YOLODualNeckDetector  

backbone.stage4_1.1.blocks.0.conv2.bn.bias - torch.Size([384]): 
The value is the same before and after calling `init_weights` of YOLODualNeckDetector  

backbone.stage4_1.1.blocks.1.conv1.conv.weight - torch.Size([384, 384, 3, 3]): 
The value is the same before and after calling `init_weights` of YOLODualNeckDetector  

backbone.stage4_1.1.blocks.1.conv1.bn.weight - torch.Size([384]): 
The value is the same before and after calling `init_weights` of YOLODualNeckDetector  

backbone.stage4_1.1.blocks.1.conv1.bn.bias - torch.Size([384]): 
The value is the same before and after calling `init_weights` of YOLODualNeckDetector  

backbone.stage4_1.1.blocks.1.conv2.conv.weight - torch.Size([384, 384, 3, 3]): 
The value is the same before and after calling `init_weights` of YOLODualNeckDetector  

backbone.stage4_1.1.blocks.1.conv2.bn.weight - torch.Size([384]): 
The value is the same before and after calling `init_weights` of YOLODualNeckDetector  

backbone.stage4_1.1.blocks.1.conv2.bn.bias - torch.Size([384]): 
The value is the same before and after calling `init_weights` of YOLODualNeckDetector  

backbone.stage4_1.2.conv1.conv.weight - torch.Size([384, 768, 1, 1]): 
The value is the same before and after calling `init_weights` of YOLODualNeckDetector  

backbone.stage4_1.2.conv1.bn.weight - torch.Size([384]): 
The value is the same before and after calling `init_weights` of YOLODualNeckDetector  

backbone.stage4_1.2.conv1.bn.bias - torch.Size([384]): 
The value is the same before and after calling `init_weights` of YOLODualNeckDetector  

backbone.stage4_1.2.conv2.conv.weight - torch.Size([768, 1536, 1, 1]): 
The value is the same before and after calling `init_weights` of YOLODualNeckDetector  

backbone.stage4_1.2.conv2.bn.weight - torch.Size([768]): 
The value is the same before and after calling `init_weights` of YOLODualNeckDetector  

backbone.stage4_1.2.conv2.bn.bias - torch.Size([768]): 
The value is the same before and after calling `init_weights` of YOLODualNeckDetector  

backbone.stage4_2.0.conv.weight - torch.Size([768, 384, 3, 3]): 
The value is the same before and after calling `init_weights` of YOLODualNeckDetector  

backbone.stage4_2.0.bn.weight - torch.Size([768]): 
The value is the same before and after calling `init_weights` of YOLODualNeckDetector  

backbone.stage4_2.0.bn.bias - torch.Size([768]): 
The value is the same before and after calling `init_weights` of YOLODualNeckDetector  

backbone.stage4_2.1.main_conv.conv.weight - torch.Size([768, 768, 1, 1]): 
The value is the same before and after calling `init_weights` of YOLODualNeckDetector  

backbone.stage4_2.1.main_conv.bn.weight - torch.Size([768]): 
The value is the same before and after calling `init_weights` of YOLODualNeckDetector  

backbone.stage4_2.1.main_conv.bn.bias - torch.Size([768]): 
The value is the same before and after calling `init_weights` of YOLODualNeckDetector  

backbone.stage4_2.1.final_conv.conv.weight - torch.Size([768, 1536, 1, 1]): 
The value is the same before and after calling `init_weights` of YOLODualNeckDetector  

backbone.stage4_2.1.final_conv.bn.weight - torch.Size([768]): 
The value is the same before and after calling `init_weights` of YOLODualNeckDetector  

backbone.stage4_2.1.final_conv.bn.bias - torch.Size([768]): 
The value is the same before and after calling `init_weights` of YOLODualNeckDetector  

backbone.stage4_2.1.blocks.0.conv1.conv.weight - torch.Size([384, 384, 3, 3]): 
The value is the same before and after calling `init_weights` of YOLODualNeckDetector  

backbone.stage4_2.1.blocks.0.conv1.bn.weight - torch.Size([384]): 
The value is the same before and after calling `init_weights` of YOLODualNeckDetector  

backbone.stage4_2.1.blocks.0.conv1.bn.bias - torch.Size([384]): 
The value is the same before and after calling `init_weights` of YOLODualNeckDetector  

backbone.stage4_2.1.blocks.0.conv2.conv.weight - torch.Size([384, 384, 3, 3]): 
The value is the same before and after calling `init_weights` of YOLODualNeckDetector  

backbone.stage4_2.1.blocks.0.conv2.bn.weight - torch.Size([384]): 
The value is the same before and after calling `init_weights` of YOLODualNeckDetector  

backbone.stage4_2.1.blocks.0.conv2.bn.bias - torch.Size([384]): 
The value is the same before and after calling `init_weights` of YOLODualNeckDetector  

backbone.stage4_2.1.blocks.1.conv1.conv.weight - torch.Size([384, 384, 3, 3]): 
The value is the same before and after calling `init_weights` of YOLODualNeckDetector  

backbone.stage4_2.1.blocks.1.conv1.bn.weight - torch.Size([384]): 
The value is the same before and after calling `init_weights` of YOLODualNeckDetector  

backbone.stage4_2.1.blocks.1.conv1.bn.bias - torch.Size([384]): 
The value is the same before and after calling `init_weights` of YOLODualNeckDetector  

backbone.stage4_2.1.blocks.1.conv2.conv.weight - torch.Size([384, 384, 3, 3]): 
The value is the same before and after calling `init_weights` of YOLODualNeckDetector  

backbone.stage4_2.1.blocks.1.conv2.bn.weight - torch.Size([384]): 
The value is the same before and after calling `init_weights` of YOLODualNeckDetector  

backbone.stage4_2.1.blocks.1.conv2.bn.bias - torch.Size([384]): 
The value is the same before and after calling `init_weights` of YOLODualNeckDetector  

backbone.stage4_2.2.conv1.conv.weight - torch.Size([384, 768, 1, 1]): 
The value is the same before and after calling `init_weights` of YOLODualNeckDetector  

backbone.stage4_2.2.conv1.bn.weight - torch.Size([384]): 
The value is the same before and after calling `init_weights` of YOLODualNeckDetector  

backbone.stage4_2.2.conv1.bn.bias - torch.Size([384]): 
The value is the same before and after calling `init_weights` of YOLODualNeckDetector  

backbone.stage4_2.2.conv2.conv.weight - torch.Size([768, 1536, 1, 1]): 
The value is the same before and after calling `init_weights` of YOLODualNeckDetector  

backbone.stage4_2.2.conv2.bn.weight - torch.Size([768]): 
The value is the same before and after calling `init_weights` of YOLODualNeckDetector  

backbone.stage4_2.2.conv2.bn.bias - torch.Size([768]): 
The value is the same before and after calling `init_weights` of YOLODualNeckDetector  

backbone.fusion_block4.pos_embed_r - torch.Size([1, 64, 384]): 
The value is the same before and after calling `init_weights` of YOLODualNeckDetector  

backbone.fusion_block4.pos_embed_t - torch.Size([1, 64, 384]): 
The value is the same before and after calling `init_weights` of YOLODualNeckDetector  

backbone.fusion_block4.patch_embed.proj.weight - torch.Size([384, 384, 4, 5]): 
The value is the same before and after calling `init_weights` of YOLODualNeckDetector  

backbone.fusion_block4.patch_embed.proj.bias - torch.Size([384]): 
The value is the same before and after calling `init_weights` of YOLODualNeckDetector  

backbone.fusion_block4.mamba_fusion_stage.in_proj_r.weight - torch.Size([1536, 384]): 
The value is the same before and after calling `init_weights` of YOLODualNeckDetector  

backbone.fusion_block4.mamba_fusion_stage.in_proj_t.weight - torch.Size([1536, 384]): 
The value is the same before and after calling `init_weights` of YOLODualNeckDetector  

backbone.fusion_block4.mamba_fusion_stage.conv2d_r.0.weight - torch.Size([768, 1, 3, 3]): 
The value is the same before and after calling `init_weights` of YOLODualNeckDetector  

backbone.fusion_block4.mamba_fusion_stage.conv2d_r.0.bias - torch.Size([768]): 
The value is the same before and after calling `init_weights` of YOLODualNeckDetector  

backbone.fusion_block4.mamba_fusion_stage.conv2d_r.1.weight - torch.Size([768]): 
The value is the same before and after calling `init_weights` of YOLODualNeckDetector  

backbone.fusion_block4.mamba_fusion_stage.conv2d_r.1.bias - torch.Size([768]): 
The value is the same before and after calling `init_weights` of YOLODualNeckDetector  

backbone.fusion_block4.mamba_fusion_stage.conv2d_t.0.weight - torch.Size([768, 1, 3, 3]): 
The value is the same before and after calling `init_weights` of YOLODualNeckDetector  

backbone.fusion_block4.mamba_fusion_stage.conv2d_t.0.bias - torch.Size([768]): 
The value is the same before and after calling `init_weights` of YOLODualNeckDetector  

backbone.fusion_block4.mamba_fusion_stage.conv2d_t.1.weight - torch.Size([768]): 
The value is the same before and after calling `init_weights` of YOLODualNeckDetector  

backbone.fusion_block4.mamba_fusion_stage.conv2d_t.1.bias - torch.Size([768]): 
The value is the same before and after calling `init_weights` of YOLODualNeckDetector  

backbone.fusion_block4.mamba_fusion_stage.SSM_r_f.A_log - torch.Size([768, 128]): 
The value is the same before and after calling `init_weights` of YOLODualNeckDetector  

backbone.fusion_block4.mamba_fusion_stage.SSM_r_f.D - torch.Size([768]): 
The value is the same before and after calling `init_weights` of YOLODualNeckDetector  

backbone.fusion_block4.mamba_fusion_stage.SSM_r_f.x_proj.weight - torch.Size([304, 768]): 
The value is the same before and after calling `init_weights` of YOLODualNeckDetector  

backbone.fusion_block4.mamba_fusion_stage.SSM_r_f.dt_proj.weight - torch.Size([768, 48]): 
The value is the same before and after calling `init_weights` of YOLODualNeckDetector  

backbone.fusion_block4.mamba_fusion_stage.SSM_r_f.dt_proj.bias - torch.Size([768]): 
The value is the same before and after calling `init_weights` of YOLODualNeckDetector  

backbone.fusion_block4.mamba_fusion_stage.SSM_r_f.out_norm.weight - torch.Size([768]): 
The value is the same before and after calling `init_weights` of YOLODualNeckDetector  

backbone.fusion_block4.mamba_fusion_stage.SSM_r_f.out_norm.bias - torch.Size([768]): 
The value is the same before and after calling `init_weights` of YOLODualNeckDetector  

backbone.fusion_block4.mamba_fusion_stage.SSM_t_f.A_log - torch.Size([768, 128]): 
The value is the same before and after calling `init_weights` of YOLODualNeckDetector  

backbone.fusion_block4.mamba_fusion_stage.SSM_t_f.D - torch.Size([768]): 
The value is the same before and after calling `init_weights` of YOLODualNeckDetector  

backbone.fusion_block4.mamba_fusion_stage.SSM_t_f.x_proj.weight - torch.Size([304, 768]): 
The value is the same before and after calling `init_weights` of YOLODualNeckDetector  

backbone.fusion_block4.mamba_fusion_stage.SSM_t_f.dt_proj.weight - torch.Size([768, 48]): 
The value is the same before and after calling `init_weights` of YOLODualNeckDetector  

backbone.fusion_block4.mamba_fusion_stage.SSM_t_f.dt_proj.bias - torch.Size([768]): 
The value is the same before and after calling `init_weights` of YOLODualNeckDetector  

backbone.fusion_block4.mamba_fusion_stage.SSM_t_f.out_norm.weight - torch.Size([768]): 
The value is the same before and after calling `init_weights` of YOLODualNeckDetector  

backbone.fusion_block4.mamba_fusion_stage.SSM_t_f.out_norm.bias - torch.Size([768]): 
The value is the same before and after calling `init_weights` of YOLODualNeckDetector  

backbone.fusion_block4.mamba_fusion_stage.out_proj.weight - torch.Size([384, 768]): 
The value is the same before and after calling `init_weights` of YOLODualNeckDetector  

backbone.fusion_block4.transformer_fusion_stage.block.pos_emb_vis - torch.Size([1, 64, 384]): 
The value is the same before and after calling `init_weights` of YOLODualNeckDetector  

backbone.fusion_block4.transformer_fusion_stage.block.pos_emb_ir - torch.Size([1, 64, 384]): 
The value is the same before and after calling `init_weights` of YOLODualNeckDetector  

backbone.fusion_block4.transformer_fusion_stage.block.vis_pool_weights.w1 - torch.Size([1]): 
The value is the same before and after calling `init_weights` of YOLODualNeckDetector  

backbone.fusion_block4.transformer_fusion_stage.block.vis_pool_weights.w2 - torch.Size([1]): 
The value is the same before and after calling `init_weights` of YOLODualNeckDetector  

backbone.fusion_block4.transformer_fusion_stage.block.ir_pool_weights.w1 - torch.Size([1]): 
The value is the same before and after calling `init_weights` of YOLODualNeckDetector  

backbone.fusion_block4.transformer_fusion_stage.block.ir_pool_weights.w2 - torch.Size([1]): 
The value is the same before and after calling `init_weights` of YOLODualNeckDetector  

backbone.fusion_block4.transformer_fusion_stage.block.crosstransformer.0.ln1_vis.weight - torch.Size([384]): 
The value is the same before and after calling `init_weights` of YOLODualNeckDetector  

backbone.fusion_block4.transformer_fusion_stage.block.crosstransformer.0.ln1_vis.bias - torch.Size([384]): 
The value is the same before and after calling `init_weights` of YOLODualNeckDetector  

backbone.fusion_block4.transformer_fusion_stage.block.crosstransformer.0.ln1_ir.weight - torch.Size([384]): 
The value is the same before and after calling `init_weights` of YOLODualNeckDetector  

backbone.fusion_block4.transformer_fusion_stage.block.crosstransformer.0.ln1_ir.bias - torch.Size([384]): 
The value is the same before and after calling `init_weights` of YOLODualNeckDetector  

backbone.fusion_block4.transformer_fusion_stage.block.crosstransformer.0.que_proj_vis.weight - torch.Size([384, 384]): 
The value is the same before and after calling `init_weights` of YOLODualNeckDetector  

backbone.fusion_block4.transformer_fusion_stage.block.crosstransformer.0.que_proj_vis.bias - torch.Size([384]): 
The value is the same before and after calling `init_weights` of YOLODualNeckDetector  

backbone.fusion_block4.transformer_fusion_stage.block.crosstransformer.0.key_proj_vis.weight - torch.Size([384, 384]): 
The value is the same before and after calling `init_weights` of YOLODualNeckDetector  

backbone.fusion_block4.transformer_fusion_stage.block.crosstransformer.0.key_proj_vis.bias - torch.Size([384]): 
The value is the same before and after calling `init_weights` of YOLODualNeckDetector  

backbone.fusion_block4.transformer_fusion_stage.block.crosstransformer.0.val_proj_vis.weight - torch.Size([384, 384]): 
The value is the same before and after calling `init_weights` of YOLODualNeckDetector  

backbone.fusion_block4.transformer_fusion_stage.block.crosstransformer.0.val_proj_vis.bias - torch.Size([384]): 
The value is the same before and after calling `init_weights` of YOLODualNeckDetector  

backbone.fusion_block4.transformer_fusion_stage.block.crosstransformer.0.que_proj_ir.weight - torch.Size([384, 384]): 
The value is the same before and after calling `init_weights` of YOLODualNeckDetector  

backbone.fusion_block4.transformer_fusion_stage.block.crosstransformer.0.que_proj_ir.bias - torch.Size([384]): 
The value is the same before and after calling `init_weights` of YOLODualNeckDetector  

backbone.fusion_block4.transformer_fusion_stage.block.crosstransformer.0.key_proj_ir.weight - torch.Size([384, 384]): 
The value is the same before and after calling `init_weights` of YOLODualNeckDetector  

backbone.fusion_block4.transformer_fusion_stage.block.crosstransformer.0.key_proj_ir.bias - torch.Size([384]): 
The value is the same before and after calling `init_weights` of YOLODualNeckDetector  

backbone.fusion_block4.transformer_fusion_stage.block.crosstransformer.0.val_proj_ir.weight - torch.Size([384, 384]): 
The value is the same before and after calling `init_weights` of YOLODualNeckDetector  

backbone.fusion_block4.transformer_fusion_stage.block.crosstransformer.0.val_proj_ir.bias - torch.Size([384]): 
The value is the same before and after calling `init_weights` of YOLODualNeckDetector  

backbone.fusion_block4.transformer_fusion_stage.block.crosstransformer.0.crossatt.out_proj_vis.weight - torch.Size([384, 384]): 
The value is the same before and after calling `init_weights` of YOLODualNeckDetector  

backbone.fusion_block4.transformer_fusion_stage.block.crosstransformer.0.crossatt.out_proj_vis.bias - torch.Size([384]): 
The value is the same before and after calling `init_weights` of YOLODualNeckDetector  

backbone.fusion_block4.transformer_fusion_stage.block.crosstransformer.0.crossatt.out_proj_ir.weight - torch.Size([384, 384]): 
The value is the same before and after calling `init_weights` of YOLODualNeckDetector  

backbone.fusion_block4.transformer_fusion_stage.block.crosstransformer.0.crossatt.out_proj_ir.bias - torch.Size([384]): 
The value is the same before and after calling `init_weights` of YOLODualNeckDetector  

backbone.fusion_block4.transformer_fusion_stage.block.crosstransformer.0.ln2_vis.weight - torch.Size([384]): 
The value is the same before and after calling `init_weights` of YOLODualNeckDetector  

backbone.fusion_block4.transformer_fusion_stage.block.crosstransformer.0.ln2_vis.bias - torch.Size([384]): 
The value is the same before and after calling `init_weights` of YOLODualNeckDetector  

backbone.fusion_block4.transformer_fusion_stage.block.crosstransformer.0.ln2_ir.weight - torch.Size([384]): 
The value is the same before and after calling `init_weights` of YOLODualNeckDetector  

backbone.fusion_block4.transformer_fusion_stage.block.crosstransformer.0.ln2_ir.bias - torch.Size([384]): 
The value is the same before and after calling `init_weights` of YOLODualNeckDetector  

backbone.fusion_block4.transformer_fusion_stage.block.crosstransformer.0.mlp_vis.0.weight - torch.Size([1536, 384]): 
The value is the same before and after calling `init_weights` of YOLODualNeckDetector  

backbone.fusion_block4.transformer_fusion_stage.block.crosstransformer.0.mlp_vis.0.bias - torch.Size([1536]): 
The value is the same before and after calling `init_weights` of YOLODualNeckDetector  

backbone.fusion_block4.transformer_fusion_stage.block.crosstransformer.0.mlp_vis.2.weight - torch.Size([384, 1536]): 
The value is the same before and after calling `init_weights` of YOLODualNeckDetector  

backbone.fusion_block4.transformer_fusion_stage.block.crosstransformer.0.mlp_vis.2.bias - torch.Size([384]): 
The value is the same before and after calling `init_weights` of YOLODualNeckDetector  

backbone.fusion_block4.transformer_fusion_stage.block.crosstransformer.0.mlp_ir.0.weight - torch.Size([1536, 384]): 
The value is the same before and after calling `init_weights` of YOLODualNeckDetector  

backbone.fusion_block4.transformer_fusion_stage.block.crosstransformer.0.mlp_ir.0.bias - torch.Size([1536]): 
The value is the same before and after calling `init_weights` of YOLODualNeckDetector  

backbone.fusion_block4.transformer_fusion_stage.block.crosstransformer.0.mlp_ir.2.weight - torch.Size([384, 1536]): 
The value is the same before and after calling `init_weights` of YOLODualNeckDetector  

backbone.fusion_block4.transformer_fusion_stage.block.crosstransformer.0.mlp_ir.2.bias - torch.Size([384]): 
The value is the same before and after calling `init_weights` of YOLODualNeckDetector  

backbone.fusion_block4.transformer_fusion_stage.block.crosstransformer.0.coef_att_vis.bias - torch.Size([1]): 
The value is the same before and after calling `init_weights` of YOLODualNeckDetector  

backbone.fusion_block4.transformer_fusion_stage.block.crosstransformer.0.coef_mlp_vis.bias - torch.Size([1]): 
The value is the same before and after calling `init_weights` of YOLODualNeckDetector  

backbone.fusion_block4.transformer_fusion_stage.block.crosstransformer.0.coef_att_ir.bias - torch.Size([1]): 
The value is the same before and after calling `init_weights` of YOLODualNeckDetector  

backbone.fusion_block4.transformer_fusion_stage.block.crosstransformer.0.coef_mlp_ir.bias - torch.Size([1]): 
The value is the same before and after calling `init_weights` of YOLODualNeckDetector  

backbone.fusion_block4.transformer_fusion_stage.block.out_fusion_module.conv1x1_out.conv.weight - torch.Size([384, 768, 1, 1]): 
The value is the same before and after calling `init_weights` of YOLODualNeckDetector  

backbone.fusion_block4.transformer_fusion_stage.block.out_fusion_module.conv1x1_out.bn.weight - torch.Size([384]): 
The value is the same before and after calling `init_weights` of YOLODualNeckDetector  

backbone.fusion_block4.transformer_fusion_stage.block.out_fusion_module.conv1x1_out.bn.bias - torch.Size([384]): 
The value is the same before and after calling `init_weights` of YOLODualNeckDetector  

backbone.fusion_block4.transformer_fusion_stage.mw.fc1.weight - torch.Size([24, 768, 1, 1]): 
The value is the same before and after calling `init_weights` of YOLODualNeckDetector  

backbone.fusion_block4.transformer_fusion_stage.mw.fc1.bias - torch.Size([24]): 
The value is the same before and after calling `init_weights` of YOLODualNeckDetector  

backbone.fusion_block4.transformer_fusion_stage.mw.fc2.weight - torch.Size([768, 24, 1, 1]): 
The value is the same before and after calling `init_weights` of YOLODualNeckDetector  

backbone.fusion_block4.transformer_fusion_stage.mw.fc2.bias - torch.Size([768]): 
The value is the same before and after calling `init_weights` of YOLODualNeckDetector  

backbone.fusion_block4.out_fusion_module.conv1x1_out.conv.weight - torch.Size([384, 768, 1, 1]): 
The value is the same before and after calling `init_weights` of YOLODualNeckDetector  

backbone.fusion_block4.out_fusion_module.conv1x1_out.bn.weight - torch.Size([384]): 
The value is the same before and after calling `init_weights` of YOLODualNeckDetector  

backbone.fusion_block4.out_fusion_module.conv1x1_out.bn.bias - torch.Size([384]): 
The value is the same before and after calling `init_weights` of YOLODualNeckDetector  

backbone.fusion_block4.mw.fc1.weight - torch.Size([24, 768, 1, 1]): 
The value is the same before and after calling `init_weights` of YOLODualNeckDetector  

backbone.fusion_block4.mw.fc1.bias - torch.Size([24]): 
The value is the same before and after calling `init_weights` of YOLODualNeckDetector  

backbone.fusion_block4.mw.fc2.weight - torch.Size([768, 24, 1, 1]): 
The value is the same before and after calling `init_weights` of YOLODualNeckDetector  

backbone.fusion_block4.mw.fc2.bias - torch.Size([768]): 
The value is the same before and after calling `init_weights` of YOLODualNeckDetector  

backbone.head_input_module4.conv_ir.weight - torch.Size([768, 768, 1, 1]): 
The value is the same before and after calling `init_weights` of YOLODualNeckDetector  

backbone.head_input_module4.conv_vis.weight - torch.Size([768, 768, 1, 1]): 
The value is the same before and after calling `init_weights` of YOLODualNeckDetector  

backbone.head_input_module4.se.1.weight - torch.Size([48, 768, 1, 1]): 
The value is the same before and after calling `init_weights` of YOLODualNeckDetector  

backbone.head_input_module4.se.1.bias - torch.Size([48]): 
The value is the same before and after calling `init_weights` of YOLODualNeckDetector  

backbone.head_input_module4.se.3.weight - torch.Size([768, 48, 1, 1]): 
The value is the same before and after calling `init_weights` of YOLODualNeckDetector  

backbone.head_input_module4.se.3.bias - torch.Size([768]): 
The value is the same before and after calling `init_weights` of YOLODualNeckDetector  

neck.top_down_layers.0.main_conv.conv.weight - torch.Size([384, 1152, 1, 1]): 
Initialized by user-defined `init_weights` in YOLOv8PAFPN  

neck.top_down_layers.0.main_conv.bn.weight - torch.Size([384]): 
The value is the same before and after calling `init_weights` of YOLODualNeckDetector  

neck.top_down_layers.0.main_conv.bn.bias - torch.Size([384]): 
The value is the same before and after calling `init_weights` of YOLODualNeckDetector  

neck.top_down_layers.0.final_conv.conv.weight - torch.Size([384, 768, 1, 1]): 
Initialized by user-defined `init_weights` in YOLOv8PAFPN  

neck.top_down_layers.0.final_conv.bn.weight - torch.Size([384]): 
The value is the same before and after calling `init_weights` of YOLODualNeckDetector  

neck.top_down_layers.0.final_conv.bn.bias - torch.Size([384]): 
The value is the same before and after calling `init_weights` of YOLODualNeckDetector  

neck.top_down_layers.0.blocks.0.conv1.conv.weight - torch.Size([192, 192, 3, 3]): 
Initialized by user-defined `init_weights` in YOLOv8PAFPN  

neck.top_down_layers.0.blocks.0.conv1.bn.weight - torch.Size([192]): 
The value is the same before and after calling `init_weights` of YOLODualNeckDetector  

neck.top_down_layers.0.blocks.0.conv1.bn.bias - torch.Size([192]): 
The value is the same before and after calling `init_weights` of YOLODualNeckDetector  

neck.top_down_layers.0.blocks.0.conv2.conv.weight - torch.Size([192, 192, 3, 3]): 
Initialized by user-defined `init_weights` in YOLOv8PAFPN  

neck.top_down_layers.0.blocks.0.conv2.bn.weight - torch.Size([192]): 
The value is the same before and after calling `init_weights` of YOLODualNeckDetector  

neck.top_down_layers.0.blocks.0.conv2.bn.bias - torch.Size([192]): 
The value is the same before and after calling `init_weights` of YOLODualNeckDetector  

neck.top_down_layers.0.blocks.1.conv1.conv.weight - torch.Size([192, 192, 3, 3]): 
Initialized by user-defined `init_weights` in YOLOv8PAFPN  

neck.top_down_layers.0.blocks.1.conv1.bn.weight - torch.Size([192]): 
The value is the same before and after calling `init_weights` of YOLODualNeckDetector  

neck.top_down_layers.0.blocks.1.conv1.bn.bias - torch.Size([192]): 
The value is the same before and after calling `init_weights` of YOLODualNeckDetector  

neck.top_down_layers.0.blocks.1.conv2.conv.weight - torch.Size([192, 192, 3, 3]): 
Initialized by user-defined `init_weights` in YOLOv8PAFPN  

neck.top_down_layers.0.blocks.1.conv2.bn.weight - torch.Size([192]): 
The value is the same before and after calling `init_weights` of YOLODualNeckDetector  

neck.top_down_layers.0.blocks.1.conv2.bn.bias - torch.Size([192]): 
The value is the same before and after calling `init_weights` of YOLODualNeckDetector  

neck.top_down_layers.1.main_conv.conv.weight - torch.Size([192, 576, 1, 1]): 
Initialized by user-defined `init_weights` in YOLOv8PAFPN  

neck.top_down_layers.1.main_conv.bn.weight - torch.Size([192]): 
The value is the same before and after calling `init_weights` of YOLODualNeckDetector  

neck.top_down_layers.1.main_conv.bn.bias - torch.Size([192]): 
The value is the same before and after calling `init_weights` of YOLODualNeckDetector  

neck.top_down_layers.1.final_conv.conv.weight - torch.Size([192, 384, 1, 1]): 
Initialized by user-defined `init_weights` in YOLOv8PAFPN  

neck.top_down_layers.1.final_conv.bn.weight - torch.Size([192]): 
The value is the same before and after calling `init_weights` of YOLODualNeckDetector  

neck.top_down_layers.1.final_conv.bn.bias - torch.Size([192]): 
The value is the same before and after calling `init_weights` of YOLODualNeckDetector  

neck.top_down_layers.1.blocks.0.conv1.conv.weight - torch.Size([96, 96, 3, 3]): 
Initialized by user-defined `init_weights` in YOLOv8PAFPN  

neck.top_down_layers.1.blocks.0.conv1.bn.weight - torch.Size([96]): 
The value is the same before and after calling `init_weights` of YOLODualNeckDetector  

neck.top_down_layers.1.blocks.0.conv1.bn.bias - torch.Size([96]): 
The value is the same before and after calling `init_weights` of YOLODualNeckDetector  

neck.top_down_layers.1.blocks.0.conv2.conv.weight - torch.Size([96, 96, 3, 3]): 
Initialized by user-defined `init_weights` in YOLOv8PAFPN  

neck.top_down_layers.1.blocks.0.conv2.bn.weight - torch.Size([96]): 
The value is the same before and after calling `init_weights` of YOLODualNeckDetector  

neck.top_down_layers.1.blocks.0.conv2.bn.bias - torch.Size([96]): 
The value is the same before and after calling `init_weights` of YOLODualNeckDetector  

neck.top_down_layers.1.blocks.1.conv1.conv.weight - torch.Size([96, 96, 3, 3]): 
Initialized by user-defined `init_weights` in YOLOv8PAFPN  

neck.top_down_layers.1.blocks.1.conv1.bn.weight - torch.Size([96]): 
The value is the same before and after calling `init_weights` of YOLODualNeckDetector  

neck.top_down_layers.1.blocks.1.conv1.bn.bias - torch.Size([96]): 
The value is the same before and after calling `init_weights` of YOLODualNeckDetector  

neck.top_down_layers.1.blocks.1.conv2.conv.weight - torch.Size([96, 96, 3, 3]): 
Initialized by user-defined `init_weights` in YOLOv8PAFPN  

neck.top_down_layers.1.blocks.1.conv2.bn.weight - torch.Size([96]): 
The value is the same before and after calling `init_weights` of YOLODualNeckDetector  

neck.top_down_layers.1.blocks.1.conv2.bn.bias - torch.Size([96]): 
The value is the same before and after calling `init_weights` of YOLODualNeckDetector  

neck.downsample_layers.0.conv.weight - torch.Size([192, 192, 3, 3]): 
Initialized by user-defined `init_weights` in YOLOv8PAFPN  

neck.downsample_layers.0.bn.weight - torch.Size([192]): 
The value is the same before and after calling `init_weights` of YOLODualNeckDetector  

neck.downsample_layers.0.bn.bias - torch.Size([192]): 
The value is the same before and after calling `init_weights` of YOLODualNeckDetector  

neck.downsample_layers.1.conv.weight - torch.Size([384, 384, 3, 3]): 
Initialized by user-defined `init_weights` in YOLOv8PAFPN  

neck.downsample_layers.1.bn.weight - torch.Size([384]): 
The value is the same before and after calling `init_weights` of YOLODualNeckDetector  

neck.downsample_layers.1.bn.bias - torch.Size([384]): 
The value is the same before and after calling `init_weights` of YOLODualNeckDetector  

neck.bottom_up_layers.0.main_conv.conv.weight - torch.Size([384, 576, 1, 1]): 
Initialized by user-defined `init_weights` in YOLOv8PAFPN  

neck.bottom_up_layers.0.main_conv.bn.weight - torch.Size([384]): 
The value is the same before and after calling `init_weights` of YOLODualNeckDetector  

neck.bottom_up_layers.0.main_conv.bn.bias - torch.Size([384]): 
The value is the same before and after calling `init_weights` of YOLODualNeckDetector  

neck.bottom_up_layers.0.final_conv.conv.weight - torch.Size([384, 768, 1, 1]): 
Initialized by user-defined `init_weights` in YOLOv8PAFPN  

neck.bottom_up_layers.0.final_conv.bn.weight - torch.Size([384]): 
The value is the same before and after calling `init_weights` of YOLODualNeckDetector  

neck.bottom_up_layers.0.final_conv.bn.bias - torch.Size([384]): 
The value is the same before and after calling `init_weights` of YOLODualNeckDetector  

neck.bottom_up_layers.0.blocks.0.conv1.conv.weight - torch.Size([192, 192, 3, 3]): 
Initialized by user-defined `init_weights` in YOLOv8PAFPN  

neck.bottom_up_layers.0.blocks.0.conv1.bn.weight - torch.Size([192]): 
The value is the same before and after calling `init_weights` of YOLODualNeckDetector  

neck.bottom_up_layers.0.blocks.0.conv1.bn.bias - torch.Size([192]): 
The value is the same before and after calling `init_weights` of YOLODualNeckDetector  

neck.bottom_up_layers.0.blocks.0.conv2.conv.weight - torch.Size([192, 192, 3, 3]): 
Initialized by user-defined `init_weights` in YOLOv8PAFPN  

neck.bottom_up_layers.0.blocks.0.conv2.bn.weight - torch.Size([192]): 
The value is the same before and after calling `init_weights` of YOLODualNeckDetector  

neck.bottom_up_layers.0.blocks.0.conv2.bn.bias - torch.Size([192]): 
The value is the same before and after calling `init_weights` of YOLODualNeckDetector  

neck.bottom_up_layers.0.blocks.1.conv1.conv.weight - torch.Size([192, 192, 3, 3]): 
Initialized by user-defined `init_weights` in YOLOv8PAFPN  

neck.bottom_up_layers.0.blocks.1.conv1.bn.weight - torch.Size([192]): 
The value is the same before and after calling `init_weights` of YOLODualNeckDetector  

neck.bottom_up_layers.0.blocks.1.conv1.bn.bias - torch.Size([192]): 
The value is the same before and after calling `init_weights` of YOLODualNeckDetector  

neck.bottom_up_layers.0.blocks.1.conv2.conv.weight - torch.Size([192, 192, 3, 3]): 
Initialized by user-defined `init_weights` in YOLOv8PAFPN  

neck.bottom_up_layers.0.blocks.1.conv2.bn.weight - torch.Size([192]): 
The value is the same before and after calling `init_weights` of YOLODualNeckDetector  

neck.bottom_up_layers.0.blocks.1.conv2.bn.bias - torch.Size([192]): 
The value is the same before and after calling `init_weights` of YOLODualNeckDetector  

neck.bottom_up_layers.1.main_conv.conv.weight - torch.Size([768, 1152, 1, 1]): 
Initialized by user-defined `init_weights` in YOLOv8PAFPN  

neck.bottom_up_layers.1.main_conv.bn.weight - torch.Size([768]): 
The value is the same before and after calling `init_weights` of YOLODualNeckDetector  

neck.bottom_up_layers.1.main_conv.bn.bias - torch.Size([768]): 
The value is the same before and after calling `init_weights` of YOLODualNeckDetector  

neck.bottom_up_layers.1.final_conv.conv.weight - torch.Size([768, 1536, 1, 1]): 
Initialized by user-defined `init_weights` in YOLOv8PAFPN  

neck.bottom_up_layers.1.final_conv.bn.weight - torch.Size([768]): 
The value is the same before and after calling `init_weights` of YOLODualNeckDetector  

neck.bottom_up_layers.1.final_conv.bn.bias - torch.Size([768]): 
The value is the same before and after calling `init_weights` of YOLODualNeckDetector  

neck.bottom_up_layers.1.blocks.0.conv1.conv.weight - torch.Size([384, 384, 3, 3]): 
Initialized by user-defined `init_weights` in YOLOv8PAFPN  

neck.bottom_up_layers.1.blocks.0.conv1.bn.weight - torch.Size([384]): 
The value is the same before and after calling `init_weights` of YOLODualNeckDetector  

neck.bottom_up_layers.1.blocks.0.conv1.bn.bias - torch.Size([384]): 
The value is the same before and after calling `init_weights` of YOLODualNeckDetector  

neck.bottom_up_layers.1.blocks.0.conv2.conv.weight - torch.Size([384, 384, 3, 3]): 
Initialized by user-defined `init_weights` in YOLOv8PAFPN  

neck.bottom_up_layers.1.blocks.0.conv2.bn.weight - torch.Size([384]): 
The value is the same before and after calling `init_weights` of YOLODualNeckDetector  

neck.bottom_up_layers.1.blocks.0.conv2.bn.bias - torch.Size([384]): 
The value is the same before and after calling `init_weights` of YOLODualNeckDetector  

neck.bottom_up_layers.1.blocks.1.conv1.conv.weight - torch.Size([384, 384, 3, 3]): 
Initialized by user-defined `init_weights` in YOLOv8PAFPN  

neck.bottom_up_layers.1.blocks.1.conv1.bn.weight - torch.Size([384]): 
The value is the same before and after calling `init_weights` of YOLODualNeckDetector  

neck.bottom_up_layers.1.blocks.1.conv1.bn.bias - torch.Size([384]): 
The value is the same before and after calling `init_weights` of YOLODualNeckDetector  

neck.bottom_up_layers.1.blocks.1.conv2.conv.weight - torch.Size([384, 384, 3, 3]): 
Initialized by user-defined `init_weights` in YOLOv8PAFPN  

neck.bottom_up_layers.1.blocks.1.conv2.bn.weight - torch.Size([384]): 
The value is the same before and after calling `init_weights` of YOLODualNeckDetector  

neck.bottom_up_layers.1.blocks.1.conv2.bn.bias - torch.Size([384]): 
The value is the same before and after calling `init_weights` of YOLODualNeckDetector  

bbox_head.head_module.cls_preds.0.0.conv.weight - torch.Size([192, 192, 3, 3]): 
The value is the same before and after calling `init_weights` of YOLODualNeckDetector  

bbox_head.head_module.cls_preds.0.0.bn.weight - torch.Size([192]): 
The value is the same before and after calling `init_weights` of YOLODualNeckDetector  

bbox_head.head_module.cls_preds.0.0.bn.bias - torch.Size([192]): 
The value is the same before and after calling `init_weights` of YOLODualNeckDetector  

bbox_head.head_module.cls_preds.0.1.conv.weight - torch.Size([192, 192, 3, 3]): 
The value is the same before and after calling `init_weights` of YOLODualNeckDetector  

bbox_head.head_module.cls_preds.0.1.bn.weight - torch.Size([192]): 
The value is the same before and after calling `init_weights` of YOLODualNeckDetector  

bbox_head.head_module.cls_preds.0.1.bn.bias - torch.Size([192]): 
The value is the same before and after calling `init_weights` of YOLODualNeckDetector  

bbox_head.head_module.cls_preds.0.2.weight - torch.Size([5, 192, 1, 1]): 
The value is the same before and after calling `init_weights` of YOLODualNeckDetector  

bbox_head.head_module.cls_preds.0.2.bias - torch.Size([5]): 
Initialized by user-defined `init_weights` in YOLOv8HeadModule  

bbox_head.head_module.cls_preds.1.0.conv.weight - torch.Size([192, 384, 3, 3]): 
The value is the same before and after calling `init_weights` of YOLODualNeckDetector  

bbox_head.head_module.cls_preds.1.0.bn.weight - torch.Size([192]): 
The value is the same before and after calling `init_weights` of YOLODualNeckDetector  

bbox_head.head_module.cls_preds.1.0.bn.bias - torch.Size([192]): 
The value is the same before and after calling `init_weights` of YOLODualNeckDetector  

bbox_head.head_module.cls_preds.1.1.conv.weight - torch.Size([192, 192, 3, 3]): 
The value is the same before and after calling `init_weights` of YOLODualNeckDetector  

bbox_head.head_module.cls_preds.1.1.bn.weight - torch.Size([192]): 
The value is the same before and after calling `init_weights` of YOLODualNeckDetector  

bbox_head.head_module.cls_preds.1.1.bn.bias - torch.Size([192]): 
The value is the same before and after calling `init_weights` of YOLODualNeckDetector  

bbox_head.head_module.cls_preds.1.2.weight - torch.Size([5, 192, 1, 1]): 
The value is the same before and after calling `init_weights` of YOLODualNeckDetector  

bbox_head.head_module.cls_preds.1.2.bias - torch.Size([5]): 
Initialized by user-defined `init_weights` in YOLOv8HeadModule  

bbox_head.head_module.cls_preds.2.0.conv.weight - torch.Size([192, 768, 3, 3]): 
The value is the same before and after calling `init_weights` of YOLODualNeckDetector  

bbox_head.head_module.cls_preds.2.0.bn.weight - torch.Size([192]): 
The value is the same before and after calling `init_weights` of YOLODualNeckDetector  

bbox_head.head_module.cls_preds.2.0.bn.bias - torch.Size([192]): 
The value is the same before and after calling `init_weights` of YOLODualNeckDetector  

bbox_head.head_module.cls_preds.2.1.conv.weight - torch.Size([192, 192, 3, 3]): 
The value is the same before and after calling `init_weights` of YOLODualNeckDetector  

bbox_head.head_module.cls_preds.2.1.bn.weight - torch.Size([192]): 
The value is the same before and after calling `init_weights` of YOLODualNeckDetector  

bbox_head.head_module.cls_preds.2.1.bn.bias - torch.Size([192]): 
The value is the same before and after calling `init_weights` of YOLODualNeckDetector  

bbox_head.head_module.cls_preds.2.2.weight - torch.Size([5, 192, 1, 1]): 
The value is the same before and after calling `init_weights` of YOLODualNeckDetector  

bbox_head.head_module.cls_preds.2.2.bias - torch.Size([5]): 
Initialized by user-defined `init_weights` in YOLOv8HeadModule  

bbox_head.head_module.reg_preds.0.0.conv.weight - torch.Size([64, 192, 3, 3]): 
The value is the same before and after calling `init_weights` of YOLODualNeckDetector  

bbox_head.head_module.reg_preds.0.0.bn.weight - torch.Size([64]): 
The value is the same before and after calling `init_weights` of YOLODualNeckDetector  

bbox_head.head_module.reg_preds.0.0.bn.bias - torch.Size([64]): 
The value is the same before and after calling `init_weights` of YOLODualNeckDetector  

bbox_head.head_module.reg_preds.0.1.conv.weight - torch.Size([64, 64, 3, 3]): 
The value is the same before and after calling `init_weights` of YOLODualNeckDetector  

bbox_head.head_module.reg_preds.0.1.bn.weight - torch.Size([64]): 
The value is the same before and after calling `init_weights` of YOLODualNeckDetector  

bbox_head.head_module.reg_preds.0.1.bn.bias - torch.Size([64]): 
The value is the same before and after calling `init_weights` of YOLODualNeckDetector  

bbox_head.head_module.reg_preds.0.2.weight - torch.Size([64, 64, 1, 1]): 
The value is the same before and after calling `init_weights` of YOLODualNeckDetector  

bbox_head.head_module.reg_preds.0.2.bias - torch.Size([64]): 
Initialized by user-defined `init_weights` in YOLOv8HeadModule  

bbox_head.head_module.reg_preds.1.0.conv.weight - torch.Size([64, 384, 3, 3]): 
The value is the same before and after calling `init_weights` of YOLODualNeckDetector  

bbox_head.head_module.reg_preds.1.0.bn.weight - torch.Size([64]): 
The value is the same before and after calling `init_weights` of YOLODualNeckDetector  

bbox_head.head_module.reg_preds.1.0.bn.bias - torch.Size([64]): 
The value is the same before and after calling `init_weights` of YOLODualNeckDetector  

bbox_head.head_module.reg_preds.1.1.conv.weight - torch.Size([64, 64, 3, 3]): 
The value is the same before and after calling `init_weights` of YOLODualNeckDetector  

bbox_head.head_module.reg_preds.1.1.bn.weight - torch.Size([64]): 
The value is the same before and after calling `init_weights` of YOLODualNeckDetector  

bbox_head.head_module.reg_preds.1.1.bn.bias - torch.Size([64]): 
The value is the same before and after calling `init_weights` of YOLODualNeckDetector  

bbox_head.head_module.reg_preds.1.2.weight - torch.Size([64, 64, 1, 1]): 
The value is the same before and after calling `init_weights` of YOLODualNeckDetector  

bbox_head.head_module.reg_preds.1.2.bias - torch.Size([64]): 
Initialized by user-defined `init_weights` in YOLOv8HeadModule  

bbox_head.head_module.reg_preds.2.0.conv.weight - torch.Size([64, 768, 3, 3]): 
The value is the same before and after calling `init_weights` of YOLODualNeckDetector  

bbox_head.head_module.reg_preds.2.0.bn.weight - torch.Size([64]): 
The value is the same before and after calling `init_weights` of YOLODualNeckDetector  

bbox_head.head_module.reg_preds.2.0.bn.bias - torch.Size([64]): 
The value is the same before and after calling `init_weights` of YOLODualNeckDetector  

bbox_head.head_module.reg_preds.2.1.conv.weight - torch.Size([64, 64, 3, 3]): 
The value is the same before and after calling `init_weights` of YOLODualNeckDetector  

bbox_head.head_module.reg_preds.2.1.bn.weight - torch.Size([64]): 
The value is the same before and after calling `init_weights` of YOLODualNeckDetector  

bbox_head.head_module.reg_preds.2.1.bn.bias - torch.Size([64]): 
The value is the same before and after calling `init_weights` of YOLODualNeckDetector  

bbox_head.head_module.reg_preds.2.2.weight - torch.Size([64, 64, 1, 1]): 
The value is the same before and after calling `init_weights` of YOLODualNeckDetector  

bbox_head.head_module.reg_preds.2.2.bias - torch.Size([64]): 
Initialized by user-defined `init_weights` in YOLOv8HeadModule  
2025/06/24 13:36:02 - mmengine - INFO - Auto resumed from the latest checkpoint /data/nl/Mamba2Spectral/work_dirs/DroneVehicle/2025_06_22/yolov8_mambatransformer_lightfusion/epoch_164.pth.
2025/06/24 13:36:03 - mmengine - INFO - Load checkpoint from /data/nl/Mamba2Spectral/work_dirs/DroneVehicle/2025_06_22/yolov8_mambatransformer_lightfusion/epoch_164.pth
2025/06/24 13:36:03 - mmengine - WARNING - `resume_param_scheduler` is True but `self.param_schedulers` is None, so skip resuming parameter schedulers
2025/06/24 13:36:03 - mmengine - INFO - resumed epoch: 164, iter: 65600
2025/06/24 13:36:03 - mmengine - WARNING - "FileClient" will be deprecated in future. Please use io functions in https://mmengine.readthedocs.io/en/latest/api/fileio.html#file-io
2025/06/24 13:36:03 - mmengine - WARNING - "HardDiskBackend" is the alias of "LocalBackend" and the former will be deprecated in future.
2025/06/24 13:36:03 - mmengine - INFO - Checkpoints will be saved to /data/nl/Mamba2Spectral/work_dirs/DroneVehicle/2025_06_22/yolov8_mambatransformer_lightfusion.
2025/06/24 13:37:26 - mmengine - INFO - Epoch(train) [165][ 50/400]  base_lr: 1.0000e-02 lr: 1.9315e-03  eta: 6:37:45  time: 1.6631  data_time: 0.0358  memory: 18692  grad_norm: 16.2943  loss: 18.8600  loss_cls: 3.6181  loss_bbox: 7.3472  loss_dfl: 7.8948
2025/06/24 13:38:44 - mmengine - INFO - Epoch(train) [165][100/400]  base_lr: 1.0000e-02 lr: 1.9315e-03  eta: 6:23:54  time: 1.5584  data_time: 0.0073  memory: 10905  grad_norm: 15.1779  loss: 18.5277  loss_cls: 3.5285  loss_bbox: 7.2530  loss_dfl: 7.7462
2025/06/24 13:40:02 - mmengine - INFO - Epoch(train) [165][150/400]  base_lr: 1.0000e-02 lr: 1.9315e-03  eta: 6:18:29  time: 1.5594  data_time: 0.0073  memory: 10788  grad_norm: 16.5166  loss: 18.6299  loss_cls: 3.5271  loss_bbox: 7.2880  loss_dfl: 7.8148
2025/06/24 13:41:20 - mmengine - INFO - Epoch(train) [165][200/400]  base_lr: 1.0000e-02 lr: 1.9315e-03  eta: 6:15:08  time: 1.5596  data_time: 0.0074  memory: 10825  grad_norm: 15.6987  loss: 18.6752  loss_cls: 3.5306  loss_bbox: 7.3269  loss_dfl: 7.8177
2025/06/24 13:42:38 - mmengine - INFO - Epoch(train) [165][250/400]  base_lr: 1.0000e-02 lr: 1.9315e-03  eta: 6:12:34  time: 1.5586  data_time: 0.0075  memory: 10926  grad_norm: 16.7607  loss: 18.9575  loss_cls: 3.5133  loss_bbox: 7.4700  loss_dfl: 7.9741
2025/06/24 13:43:56 - mmengine - INFO - Epoch(train) [165][300/400]  base_lr: 1.0000e-02 lr: 1.9315e-03  eta: 6:10:24  time: 1.5582  data_time: 0.0074  memory: 11038  grad_norm: 17.2375  loss: 19.1292  loss_cls: 3.6326  loss_bbox: 7.4893  loss_dfl: 8.0073
2025/06/24 13:45:13 - mmengine - INFO - Epoch(train) [165][350/400]  base_lr: 1.0000e-02 lr: 1.9315e-03  eta: 6:08:28  time: 1.5575  data_time: 0.0074  memory: 11001  grad_norm: 15.9913  loss: 18.7188  loss_cls: 3.5882  loss_bbox: 7.3485  loss_dfl: 7.7822
2025/06/24 13:46:31 - mmengine - INFO - Exp name: yolov8_mambatransformer_lightfusion_20250624_133553
2025/06/24 13:46:31 - mmengine - INFO - Epoch(train) [165][400/400]  base_lr: 1.0000e-02 lr: 1.9315e-03  eta: 6:06:39  time: 1.5567  data_time: 0.0074  memory: 11001  grad_norm: 16.5248  loss: 18.7062  loss_cls: 3.5851  loss_bbox: 7.2976  loss_dfl: 7.8235
2025/06/24 13:46:31 - mmengine - INFO - Saving checkpoint at 165 epochs
2025/06/24 13:46:33 - mmengine - WARNING - `save_param_scheduler` is True but `self.param_schedulers` is None, so skip saving parameter schedulers
2025/06/24 13:46:41 - mmengine - INFO - Epoch(val) [165][ 50/800]    eta: 0:01:30  time: 0.1200  data_time: 0.0065  memory: 1044  
2025/06/24 13:46:46 - mmengine - INFO - Epoch(val) [165][100/800]    eta: 0:01:16  time: 0.0972  data_time: 0.0006  memory: 1018  
2025/06/24 13:46:51 - mmengine - INFO - Epoch(val) [165][150/800]    eta: 0:01:08  time: 0.0976  data_time: 0.0005  memory: 1018  
2025/06/24 13:46:56 - mmengine - INFO - Epoch(val) [165][200/800]    eta: 0:01:02  time: 0.0998  data_time: 0.0004  memory: 1018  
2025/06/24 13:47:01 - mmengine - INFO - Epoch(val) [165][250/800]    eta: 0:00:56  time: 0.0996  data_time: 0.0004  memory: 1018  
2025/06/24 13:47:06 - mmengine - INFO - Epoch(val) [165][300/800]    eta: 0:00:51  time: 0.1003  data_time: 0.0004  memory: 1018  
2025/06/24 13:47:11 - mmengine - INFO - Epoch(val) [165][350/800]    eta: 0:00:45  time: 0.0988  data_time: 0.0004  memory: 1018  
2025/06/24 13:47:16 - mmengine - INFO - Epoch(val) [165][400/800]    eta: 0:00:40  time: 0.1008  data_time: 0.0004  memory: 1018  
2025/06/24 13:47:21 - mmengine - INFO - Epoch(val) [165][450/800]    eta: 0:00:35  time: 0.1006  data_time: 0.0004  memory: 1018  
2025/06/24 13:47:26 - mmengine - INFO - Epoch(val) [165][500/800]    eta: 0:00:30  time: 0.0971  data_time: 0.0006  memory: 1018  
2025/06/24 13:47:31 - mmengine - INFO - Epoch(val) [165][550/800]    eta: 0:00:25  time: 0.0999  data_time: 0.0004  memory: 1018  
2025/06/24 13:47:36 - mmengine - INFO - Epoch(val) [165][600/800]    eta: 0:00:20  time: 0.0984  data_time: 0.0008  memory: 1018  
2025/06/24 13:47:41 - mmengine - INFO - Epoch(val) [165][650/800]    eta: 0:00:15  time: 0.0993  data_time: 0.0057  memory: 1018  
2025/06/24 13:47:46 - mmengine - INFO - Epoch(val) [165][700/800]    eta: 0:00:10  time: 0.0990  data_time: 0.0040  memory: 1018  
2025/06/24 13:47:51 - mmengine - INFO - Epoch(val) [165][750/800]    eta: 0:00:05  time: 0.0990  data_time: 0.0004  memory: 1018  
2025/06/24 13:47:55 - mmengine - INFO - Epoch(val) [165][800/800]    eta: 0:00:00  time: 0.0861  data_time: 0.0003  memory: 1018  
2025/06/24 13:47:56 - mmengine - INFO - Evaluating bbox...
2025/06/24 13:48:08 - mmengine - INFO - 
+-------------+-------+--------+--------+-------+-------+-------+
| category    | mAP   | mAP_50 | mAP_75 | mAP_s | mAP_m | mAP_l |
+-------------+-------+--------+--------+-------+-------+-------+
| car         | 0.702 | 0.966  | 0.858  | 0.486 | 0.732 | 0.0   |
| truck       | 0.534 | 0.753  | 0.649  | 0.054 | 0.528 | 0.597 |
| bus         | 0.766 | 0.963  | 0.891  | 0.0   | 0.731 | 0.834 |
| van         | 0.506 | 0.698  | 0.63   | 0.218 | 0.502 | 0.833 |
| freight_car | 0.499 | 0.694  | 0.604  | 0.086 | 0.49  | 0.575 |
+-------------+-------+--------+--------+-------+-------+-------+
2025/06/24 13:48:08 - mmengine - INFO - bbox_mAP_copypaste: 0.602 0.815 0.726 0.169 0.597 0.568
2025/06/24 13:48:08 - mmengine - INFO - Epoch(val) [165][800/800]    coco/car_precision: 0.7020  coco/truck_precision: 0.5340  coco/bus_precision: 0.7660  coco/van_precision: 0.5060  coco/freight_car_precision: 0.4990  coco/bbox_mAP: 0.6020  coco/bbox_mAP_50: 0.8150  coco/bbox_mAP_75: 0.7260  coco/bbox_mAP_s: 0.1690  coco/bbox_mAP_m: 0.5970  coco/bbox_mAP_l: 0.5680  data_time: 0.0014  time: 0.0996
2025/06/24 13:49:26 - mmengine - INFO - Epoch(train) [166][ 50/400]  base_lr: 1.0000e-02 lr: 1.8820e-03  eta: 6:05:10  time: 1.5644  data_time: 0.0273  memory: 10786  grad_norm: 16.0954  loss: 18.8317  loss_cls: 3.5739  loss_bbox: 7.3598  loss_dfl: 7.8980
2025/06/24 13:50:43 - mmengine - INFO - Epoch(train) [166][100/400]  base_lr: 1.0000e-02 lr: 1.8820e-03  eta: 6:03:06  time: 1.5376  data_time: 0.0061  memory: 10988  grad_norm: 16.6710  loss: 18.5015  loss_cls: 3.4475  loss_bbox: 7.2312  loss_dfl: 7.8228
2025/06/24 13:52:01 - mmengine - INFO - Epoch(train) [166][150/400]  base_lr: 1.0000e-02 lr: 1.8820e-03  eta: 6:01:26  time: 1.5508  data_time: 0.0068  memory: 11185  grad_norm: 16.8904  loss: 18.5691  loss_cls: 3.5455  loss_bbox: 7.2474  loss_dfl: 7.7761
2025/06/24 13:53:19 - mmengine - INFO - Epoch(train) [166][200/400]  base_lr: 1.0000e-02 lr: 1.8820e-03  eta: 6:00:06  time: 1.5644  data_time: 0.0074  memory: 10886  grad_norm: 15.7917  loss: 18.4941  loss_cls: 3.4595  loss_bbox: 7.2220  loss_dfl: 7.8125
2025/06/24 13:54:37 - mmengine - INFO - Epoch(train) [166][250/400]  base_lr: 1.0000e-02 lr: 1.8820e-03  eta: 5:58:42  time: 1.5597  data_time: 0.0073  memory: 11174  grad_norm: 16.1904  loss: 18.7581  loss_cls: 3.6041  loss_bbox: 7.3236  loss_dfl: 7.8304
2025/06/24 13:55:55 - mmengine - INFO - Epoch(train) [166][300/400]  base_lr: 1.0000e-02 lr: 1.8820e-03  eta: 5:57:22  time: 1.5637  data_time: 0.0075  memory: 11078  grad_norm: 16.1927  loss: 18.2839  loss_cls: 3.4546  loss_bbox: 7.0570  loss_dfl: 7.7723
2025/06/24 13:57:13 - mmengine - INFO - Epoch(train) [166][350/400]  base_lr: 1.0000e-02 lr: 1.8820e-03  eta: 5:55:57  time: 1.5582  data_time: 0.0074  memory: 10956  grad_norm: 16.4981  loss: 18.7108  loss_cls: 3.5435  loss_bbox: 7.2961  loss_dfl: 7.8712
2025/06/24 13:58:31 - mmengine - INFO - Exp name: yolov8_mambatransformer_lightfusion_20250624_133553
2025/06/24 13:58:31 - mmengine - INFO - Epoch(train) [166][400/400]  base_lr: 1.0000e-02 lr: 1.8820e-03  eta: 5:54:33  time: 1.5579  data_time: 0.0072  memory: 11137  grad_norm: 15.9634  loss: 18.3782  loss_cls: 3.4110  loss_bbox: 7.1625  loss_dfl: 7.8047
2025/06/24 13:58:31 - mmengine - INFO - Saving checkpoint at 166 epochs
2025/06/24 13:58:40 - mmengine - INFO - Epoch(val) [166][ 50/800]    eta: 0:01:14  time: 0.0999  data_time: 0.0013  memory: 1019  
2025/06/24 13:58:45 - mmengine - INFO - Epoch(val) [166][100/800]    eta: 0:01:08  time: 0.0970  data_time: 0.0004  memory: 1019  
2025/06/24 13:58:50 - mmengine - INFO - Epoch(val) [166][150/800]    eta: 0:01:04  time: 0.0994  data_time: 0.0004  memory: 1019  
2025/06/24 13:58:54 - mmengine - INFO - Epoch(val) [166][200/800]    eta: 0:00:59  time: 0.0974  data_time: 0.0004  memory: 1019  
2025/06/24 13:59:00 - mmengine - INFO - Epoch(val) [166][250/800]    eta: 0:00:54  time: 0.1016  data_time: 0.0016  memory: 1019  
2025/06/24 13:59:05 - mmengine - INFO - Epoch(val) [166][300/800]    eta: 0:00:49  time: 0.1034  data_time: 0.0004  memory: 1019  
2025/06/24 13:59:10 - mmengine - INFO - Epoch(val) [166][350/800]    eta: 0:00:45  time: 0.1042  data_time: 0.0028  memory: 1019  
2025/06/24 13:59:15 - mmengine - INFO - Epoch(val) [166][400/800]    eta: 0:00:40  time: 0.1034  data_time: 0.0009  memory: 1019  
2025/06/24 13:59:20 - mmengine - INFO - Epoch(val) [166][450/800]    eta: 0:00:35  time: 0.1028  data_time: 0.0004  memory: 1019  
2025/06/24 13:59:25 - mmengine - INFO - Epoch(val) [166][500/800]    eta: 0:00:30  time: 0.1030  data_time: 0.0004  memory: 1019  
2025/06/24 13:59:31 - mmengine - INFO - Epoch(val) [166][550/800]    eta: 0:00:25  time: 0.1030  data_time: 0.0004  memory: 1019  
2025/06/24 13:59:36 - mmengine - INFO - Epoch(val) [166][600/800]    eta: 0:00:20  time: 0.1043  data_time: 0.0004  memory: 1019  
2025/06/24 13:59:41 - mmengine - INFO - Epoch(val) [166][650/800]    eta: 0:00:15  time: 0.1030  data_time: 0.0005  memory: 1019  
2025/06/24 13:59:46 - mmengine - INFO - Epoch(val) [166][700/800]    eta: 0:00:10  time: 0.1037  data_time: 0.0004  memory: 1019  
2025/06/24 13:59:51 - mmengine - INFO - Epoch(val) [166][750/800]    eta: 0:00:05  time: 0.1031  data_time: 0.0004  memory: 1019  
2025/06/24 13:59:56 - mmengine - INFO - Epoch(val) [166][800/800]    eta: 0:00:00  time: 0.0837  data_time: 0.0005  memory: 1019  
2025/06/24 13:59:57 - mmengine - INFO - Evaluating bbox...
2025/06/24 14:00:08 - mmengine - INFO - 
+-------------+-------+--------+--------+-------+-------+-------+
| category    | mAP   | mAP_50 | mAP_75 | mAP_s | mAP_m | mAP_l |
+-------------+-------+--------+--------+-------+-------+-------+
| car         | 0.702 | 0.966  | 0.858  | 0.485 | 0.732 | 0.0   |
| truck       | 0.534 | 0.753  | 0.65   | 0.055 | 0.528 | 0.597 |
| bus         | 0.765 | 0.963  | 0.891  | 0.0   | 0.731 | 0.833 |
| van         | 0.506 | 0.698  | 0.63   | 0.221 | 0.502 | 0.833 |
| freight_car | 0.499 | 0.694  | 0.596  | 0.087 | 0.491 | 0.577 |
+-------------+-------+--------+--------+-------+-------+-------+
2025/06/24 14:00:08 - mmengine - INFO - bbox_mAP_copypaste: 0.601 0.815 0.725 0.170 0.597 0.568
2025/06/24 14:00:08 - mmengine - INFO - Epoch(val) [166][800/800]    coco/car_precision: 0.7020  coco/truck_precision: 0.5340  coco/bus_precision: 0.7650  coco/van_precision: 0.5060  coco/freight_car_precision: 0.4990  coco/bbox_mAP: 0.6010  coco/bbox_mAP_50: 0.8150  coco/bbox_mAP_75: 0.7250  coco/bbox_mAP_s: 0.1700  coco/bbox_mAP_m: 0.5970  coco/bbox_mAP_l: 0.5680  data_time: 0.0007  time: 0.1008
2025/06/24 14:01:27 - mmengine - INFO - Epoch(train) [167][ 50/400]  base_lr: 1.0000e-02 lr: 1.8325e-03  eta: 5:53:26  time: 1.5773  data_time: 0.0283  memory: 11164  grad_norm: 15.8604  loss: 18.3528  loss_cls: 3.4898  loss_bbox: 7.1351  loss_dfl: 7.7278
2025/06/24 14:02:45 - mmengine - INFO - Epoch(train) [167][100/400]  base_lr: 1.0000e-02 lr: 1.8325e-03  eta: 5:52:02  time: 1.5578  data_time: 0.0074  memory: 10726  grad_norm: 17.1859  loss: 18.8214  loss_cls: 3.6422  loss_bbox: 7.2790  loss_dfl: 7.9003
2025/06/24 14:04:03 - mmengine - INFO - Epoch(train) [167][150/400]  base_lr: 1.0000e-02 lr: 1.8325e-03  eta: 5:50:38  time: 1.5559  data_time: 0.0071  memory: 11239  grad_norm: 17.2839  loss: 18.6291  loss_cls: 3.5323  loss_bbox: 7.2898  loss_dfl: 7.8070
2025/06/24 14:05:21 - mmengine - INFO - Epoch(train) [167][200/400]  base_lr: 1.0000e-02 lr: 1.8325e-03  eta: 5:49:14  time: 1.5558  data_time: 0.0073  memory: 11078  grad_norm: 16.4017  loss: 18.5628  loss_cls: 3.5473  loss_bbox: 7.2058  loss_dfl: 7.8096
2025/06/24 14:06:39 - mmengine - INFO - Epoch(train) [167][250/400]  base_lr: 1.0000e-02 lr: 1.8325e-03  eta: 5:47:50  time: 1.5548  data_time: 0.0071  memory: 10774  grad_norm: 16.2792  loss: 18.7894  loss_cls: 3.5693  loss_bbox: 7.3865  loss_dfl: 7.8336
2025/06/24 14:07:56 - mmengine - INFO - Epoch(train) [167][300/400]  base_lr: 1.0000e-02 lr: 1.8325e-03  eta: 5:46:26  time: 1.5542  data_time: 0.0071  memory: 10822  grad_norm: 16.9855  loss: 18.7392  loss_cls: 3.5717  loss_bbox: 7.3272  loss_dfl: 7.8404
2025/06/24 14:09:14 - mmengine - INFO - Epoch(train) [167][350/400]  base_lr: 1.0000e-02 lr: 1.8325e-03  eta: 5:45:03  time: 1.5536  data_time: 0.0071  memory: 10881  grad_norm: 17.5462  loss: 18.7604  loss_cls: 3.6669  loss_bbox: 7.2540  loss_dfl: 7.8396
2025/06/24 14:10:32 - mmengine - INFO - Exp name: yolov8_mambatransformer_lightfusion_20250624_133553
2025/06/24 14:10:32 - mmengine - INFO - Epoch(train) [167][400/400]  base_lr: 1.0000e-02 lr: 1.8325e-03  eta: 5:43:39  time: 1.5533  data_time: 0.0069  memory: 11068  grad_norm: 16.3014  loss: 18.4754  loss_cls: 3.4767  loss_bbox: 7.1955  loss_dfl: 7.8032
2025/06/24 14:10:32 - mmengine - INFO - Saving checkpoint at 167 epochs
2025/06/24 14:10:40 - mmengine - INFO - Epoch(val) [167][ 50/800]    eta: 0:01:17  time: 0.1037  data_time: 0.0022  memory: 1019  
2025/06/24 14:10:46 - mmengine - INFO - Epoch(val) [167][100/800]    eta: 0:01:12  time: 0.1028  data_time: 0.0007  memory: 1019  
2025/06/24 14:10:51 - mmengine - INFO - Epoch(val) [167][150/800]    eta: 0:01:07  time: 0.1028  data_time: 0.0004  memory: 1019  
2025/06/24 14:10:56 - mmengine - INFO - Epoch(val) [167][200/800]    eta: 0:01:01  time: 0.1029  data_time: 0.0004  memory: 1019  
2025/06/24 14:11:01 - mmengine - INFO - Epoch(val) [167][250/800]    eta: 0:00:56  time: 0.1026  data_time: 0.0004  memory: 1019  
2025/06/24 14:11:06 - mmengine - INFO - Epoch(val) [167][300/800]    eta: 0:00:51  time: 0.1027  data_time: 0.0004  memory: 1019  
2025/06/24 14:11:11 - mmengine - INFO - Epoch(val) [167][350/800]    eta: 0:00:46  time: 0.1025  data_time: 0.0004  memory: 1019  
2025/06/24 14:11:17 - mmengine - INFO - Epoch(val) [167][400/800]    eta: 0:00:41  time: 0.1026  data_time: 0.0004  memory: 1019  
2025/06/24 14:11:22 - mmengine - INFO - Epoch(val) [167][450/800]    eta: 0:00:35  time: 0.1023  data_time: 0.0004  memory: 1019  
2025/06/24 14:11:27 - mmengine - INFO - Epoch(val) [167][500/800]    eta: 0:00:30  time: 0.1023  data_time: 0.0004  memory: 1019  
2025/06/24 14:11:32 - mmengine - INFO - Epoch(val) [167][550/800]    eta: 0:00:25  time: 0.1027  data_time: 0.0004  memory: 1019  
2025/06/24 14:11:37 - mmengine - INFO - Epoch(val) [167][600/800]    eta: 0:00:20  time: 0.1030  data_time: 0.0004  memory: 1019  
2025/06/24 14:11:42 - mmengine - INFO - Epoch(val) [167][650/800]    eta: 0:00:15  time: 0.1033  data_time: 0.0009  memory: 1019  
2025/06/24 14:11:48 - mmengine - INFO - Epoch(val) [167][700/800]    eta: 0:00:10  time: 0.1034  data_time: 0.0004  memory: 1019  
2025/06/24 14:11:53 - mmengine - INFO - Epoch(val) [167][750/800]    eta: 0:00:05  time: 0.1001  data_time: 0.0014  memory: 1019  
2025/06/24 14:11:57 - mmengine - INFO - Epoch(val) [167][800/800]    eta: 0:00:00  time: 0.0886  data_time: 0.0004  memory: 1019  
2025/06/24 14:11:58 - mmengine - INFO - Evaluating bbox...
2025/06/24 14:12:10 - mmengine - INFO - 
+-------------+-------+--------+--------+-------+-------+-------+
| category    | mAP   | mAP_50 | mAP_75 | mAP_s | mAP_m | mAP_l |
+-------------+-------+--------+--------+-------+-------+-------+
| car         | 0.702 | 0.966  | 0.858  | 0.486 | 0.732 | 0.0   |
| truck       | 0.535 | 0.754  | 0.653  | 0.055 | 0.529 | 0.599 |
| bus         | 0.765 | 0.963  | 0.891  | 0.0   | 0.732 | 0.832 |
| van         | 0.506 | 0.698  | 0.63   | 0.226 | 0.501 | 0.832 |
| freight_car | 0.5   | 0.695  | 0.593  | 0.087 | 0.491 | 0.575 |
+-------------+-------+--------+--------+-------+-------+-------+
2025/06/24 14:12:10 - mmengine - INFO - bbox_mAP_copypaste: 0.602 0.815 0.725 0.171 0.597 0.568
2025/06/24 14:12:10 - mmengine - INFO - Epoch(val) [167][800/800]    coco/car_precision: 0.7020  coco/truck_precision: 0.5350  coco/bus_precision: 0.7650  coco/van_precision: 0.5060  coco/freight_car_precision: 0.5000  coco/bbox_mAP: 0.6020  coco/bbox_mAP_50: 0.8150  coco/bbox_mAP_75: 0.7250  coco/bbox_mAP_s: 0.1710  coco/bbox_mAP_m: 0.5970  coco/bbox_mAP_l: 0.5680  data_time: 0.0006  time: 0.1018
2025/06/24 14:13:29 - mmengine - INFO - Epoch(train) [168][ 50/400]  base_lr: 1.0000e-02 lr: 1.7830e-03  eta: 5:42:33  time: 1.5834  data_time: 0.0307  memory: 10924  grad_norm: 17.4201  loss: 18.9608  loss_cls: 3.6454  loss_bbox: 7.4306  loss_dfl: 7.8848
2025/06/24 14:14:47 - mmengine - INFO - Epoch(train) [168][100/400]  base_lr: 1.0000e-02 lr: 1.7830e-03  eta: 5:41:12  time: 1.5585  data_time: 0.0072  memory: 11004  grad_norm: 16.8464  loss: 18.5694  loss_cls: 3.5256  loss_bbox: 7.2396  loss_dfl: 7.8042
2025/06/24 14:16:16 - mmengine - INFO - Epoch(train) [168][150/400]  base_lr: 1.0000e-02 lr: 1.7830e-03  eta: 5:41:38  time: 1.7775  data_time: 0.0073  memory: 10966  grad_norm: 16.4201  loss: 18.4646  loss_cls: 3.5340  loss_bbox: 7.1809  loss_dfl: 7.7497
2025/06/24 14:18:41 - mmengine - INFO - Exp name: yolov8_mambatransformer_lightfusion_20250624_133553
2025/06/24 14:18:41 - mmengine - INFO - Epoch(train) [168][200/400]  base_lr: 1.0000e-02 lr: 1.7830e-03  eta: 5:50:40  time: 2.9069  data_time: 0.0075  memory: 10865  grad_norm: 16.8681  loss: 18.7763  loss_cls: 3.5875  loss_bbox: 7.3394  loss_dfl: 7.8494
2025/06/24 14:20:25 - mmengine - INFO - Epoch(train) [168][250/400]  base_lr: 1.0000e-02 lr: 1.7830e-03  eta: 5:52:43  time: 2.0755  data_time: 0.0079  memory: 10918  grad_norm: 16.9948  loss: 18.6550  loss_cls: 3.4283  loss_bbox: 7.2740  loss_dfl: 7.9527
2025/06/24 14:22:48 - mmengine - INFO - Epoch(train) [168][300/400]  base_lr: 1.0000e-02 lr: 1.7830e-03  eta: 6:00:08  time: 2.8589  data_time: 0.0075  memory: 10886  grad_norm: 15.8127  loss: 18.4894  loss_cls: 3.4437  loss_bbox: 7.3041  loss_dfl: 7.7416
2025/06/24 14:24:42 - mmengine - INFO - Epoch(train) [168][350/400]  base_lr: 1.0000e-02 lr: 1.7830e-03  eta: 6:02:53  time: 2.2759  data_time: 0.0086  memory: 10849  grad_norm: 17.0282  loss: 18.5845  loss_cls: 3.5492  loss_bbox: 7.2164  loss_dfl: 7.8189
2025/06/24 14:27:00 - mmengine - INFO - Exp name: yolov8_mambatransformer_lightfusion_20250624_133553
2025/06/24 14:27:00 - mmengine - INFO - Epoch(train) [168][400/400]  base_lr: 1.0000e-02 lr: 1.7830e-03  eta: 6:08:37  time: 2.7668  data_time: 0.0074  memory: 11004  grad_norm: 17.6143  loss: 18.5226  loss_cls: 3.4432  loss_bbox: 7.2084  loss_dfl: 7.8710
2025/06/24 14:27:00 - mmengine - INFO - Saving checkpoint at 168 epochs
2025/06/24 14:27:09 - mmengine - INFO - Epoch(val) [168][ 50/800]    eta: 0:01:23  time: 0.1114  data_time: 0.0010  memory: 1019  
2025/06/24 14:27:15 - mmengine - INFO - Epoch(val) [168][100/800]    eta: 0:01:17  time: 0.1112  data_time: 0.0005  memory: 1019  
2025/06/24 14:27:20 - mmengine - INFO - Epoch(val) [168][150/800]    eta: 0:01:11  time: 0.1075  data_time: 0.0005  memory: 1019  
2025/06/24 14:27:26 - mmengine - INFO - Epoch(val) [168][200/800]    eta: 0:01:06  time: 0.1100  data_time: 0.0004  memory: 1019  
2025/06/24 14:27:31 - mmengine - INFO - Epoch(val) [168][250/800]    eta: 0:01:00  time: 0.1108  data_time: 0.0004  memory: 1019  
2025/06/24 14:27:36 - mmengine - INFO - Epoch(val) [168][300/800]    eta: 0:00:54  time: 0.1009  data_time: 0.0004  memory: 1019  
2025/06/24 14:27:41 - mmengine - INFO - Epoch(val) [168][350/800]    eta: 0:00:47  time: 0.0852  data_time: 0.0004  memory: 1019  
2025/06/24 14:27:46 - mmengine - INFO - Epoch(val) [168][400/800]    eta: 0:00:42  time: 0.1129  data_time: 0.0017  memory: 1019  
2025/06/24 14:27:52 - mmengine - INFO - Epoch(val) [168][450/800]    eta: 0:00:37  time: 0.1148  data_time: 0.0021  memory: 1019  
2025/06/24 14:27:58 - mmengine - INFO - Epoch(val) [168][500/800]    eta: 0:00:32  time: 0.1119  data_time: 0.0031  memory: 1019  
2025/06/24 14:28:03 - mmengine - INFO - Epoch(val) [168][550/800]    eta: 0:00:27  time: 0.1134  data_time: 0.0038  memory: 1019  
2025/06/24 14:28:09 - mmengine - INFO - Epoch(val) [168][600/800]    eta: 0:00:21  time: 0.1085  data_time: 0.0057  memory: 1019  
2025/06/24 14:28:14 - mmengine - INFO - Epoch(val) [168][650/800]    eta: 0:00:16  time: 0.1071  data_time: 0.0007  memory: 1019  
2025/06/24 14:28:19 - mmengine - INFO - Epoch(val) [168][700/800]    eta: 0:00:10  time: 0.1006  data_time: 0.0022  memory: 1019  
2025/06/24 14:28:24 - mmengine - INFO - Epoch(val) [168][750/800]    eta: 0:00:05  time: 0.0945  data_time: 0.0004  memory: 1019  
2025/06/24 14:28:28 - mmengine - INFO - Epoch(val) [168][800/800]    eta: 0:00:00  time: 0.0882  data_time: 0.0004  memory: 1019  
2025/06/24 14:28:30 - mmengine - INFO - Evaluating bbox...
2025/06/24 14:28:41 - mmengine - INFO - 
+-------------+-------+--------+--------+-------+-------+-------+
| category    | mAP   | mAP_50 | mAP_75 | mAP_s | mAP_m | mAP_l |
+-------------+-------+--------+--------+-------+-------+-------+
| car         | 0.702 | 0.966  | 0.857  | 0.486 | 0.732 | 0.0   |
| truck       | 0.536 | 0.755  | 0.655  | 0.055 | 0.53  | 0.599 |
| bus         | 0.766 | 0.963  | 0.891  | 0.0   | 0.732 | 0.833 |
| van         | 0.505 | 0.698  | 0.625  | 0.223 | 0.501 | 0.833 |
| freight_car | 0.501 | 0.696  | 0.595  | 0.085 | 0.492 | 0.574 |
+-------------+-------+--------+--------+-------+-------+-------+
2025/06/24 14:28:41 - mmengine - INFO - bbox_mAP_copypaste: 0.602 0.816 0.724 0.170 0.597 0.568
2025/06/24 14:28:41 - mmengine - INFO - Epoch(val) [168][800/800]    coco/car_precision: 0.7020  coco/truck_precision: 0.5360  coco/bus_precision: 0.7660  coco/van_precision: 0.5050  coco/freight_car_precision: 0.5010  coco/bbox_mAP: 0.6020  coco/bbox_mAP_50: 0.8160  coco/bbox_mAP_75: 0.7240  coco/bbox_mAP_s: 0.1700  coco/bbox_mAP_m: 0.5970  coco/bbox_mAP_l: 0.5680  data_time: 0.0015  time: 0.1055
2025/06/24 14:28:41 - mmengine - INFO - The previous best checkpoint /data/nl/Mamba2Spectral/work_dirs/DroneVehicle/2025_06_22/yolov8_mambatransformer_lightfusion/best_coco_bbox_mAP_50_epoch_150.pth is removed
2025/06/24 14:28:44 - mmengine - INFO - The best checkpoint with 0.8160 coco/bbox_mAP_50 at 168 epoch is saved to best_coco_bbox_mAP_50_epoch_168.pth.
2025/06/24 14:31:14 - mmengine - INFO - Epoch(train) [169][ 50/400]  base_lr: 1.0000e-02 lr: 1.7335e-03  eta: 6:14:44  time: 2.9019  data_time: 0.0307  memory: 11073  grad_norm: 16.5409  loss: 18.4700  loss_cls: 3.4393  loss_bbox: 7.2122  loss_dfl: 7.8185
2025/06/24 14:33:04 - mmengine - INFO - Epoch(train) [169][100/400]  base_lr: 1.0000e-02 lr: 1.7335e-03  eta: 6:15:59  time: 2.1998  data_time: 0.0077  memory: 10865  grad_norm: 16.1195  loss: 18.2323  loss_cls: 3.4189  loss_bbox: 7.0735  loss_dfl: 7.7398
2025/06/24 14:35:27 - mmengine - INFO - Epoch(train) [169][150/400]  base_lr: 1.0000e-02 lr: 1.7335e-03  eta: 6:21:01  time: 2.8560  data_time: 0.0078  memory: 10993  grad_norm: 16.8700  loss: 18.5007  loss_cls: 3.4957  loss_bbox: 7.2264  loss_dfl: 7.7785
2025/06/24 14:37:21 - mmengine - INFO - Epoch(train) [169][200/400]  base_lr: 1.0000e-02 lr: 1.7335e-03  eta: 6:22:16  time: 2.2805  data_time: 0.0082  memory: 11004  grad_norm: 16.0803  loss: 18.2156  loss_cls: 3.4094  loss_bbox: 7.1003  loss_dfl: 7.7060
2025/06/24 14:39:36 - mmengine - INFO - Epoch(train) [169][250/400]  base_lr: 1.0000e-02 lr: 1.7335e-03  eta: 6:25:40  time: 2.6898  data_time: 0.0085  memory: 10908  grad_norm: 17.5313  loss: 18.6088  loss_cls: 3.5171  loss_bbox: 7.2027  loss_dfl: 7.8889
2025/06/24 14:41:38 - mmengine - INFO - Epoch(train) [169][300/400]  base_lr: 1.0000e-02 lr: 1.7335e-03  eta: 6:27:23  time: 2.4371  data_time: 0.0074  memory: 11014  grad_norm: 17.7463  loss: 18.8809  loss_cls: 3.6181  loss_bbox: 7.3324  loss_dfl: 7.9304
2025/06/24 14:43:47 - mmengine - INFO - Epoch(train) [169][350/400]  base_lr: 1.0000e-02 lr: 1.7335e-03  eta: 6:29:44  time: 2.5917  data_time: 0.0069  memory: 10945  grad_norm: 16.4878  loss: 18.2408  loss_cls: 3.4315  loss_bbox: 7.0479  loss_dfl: 7.7615
2025/06/24 14:45:54 - mmengine - INFO - Exp name: yolov8_mambatransformer_lightfusion_20250624_133553
2025/06/24 14:45:54 - mmengine - INFO - Epoch(train) [169][400/400]  base_lr: 1.0000e-02 lr: 1.7335e-03  eta: 6:31:34  time: 2.5372  data_time: 0.0075  memory: 10982  grad_norm: 17.3240  loss: 18.4788  loss_cls: 3.5179  loss_bbox: 7.1648  loss_dfl: 7.7961
2025/06/24 14:45:54 - mmengine - INFO - Saving checkpoint at 169 epochs
2025/06/24 14:46:02 - mmengine - INFO - Epoch(val) [169][ 50/800]    eta: 0:01:12  time: 0.0964  data_time: 0.0010  memory: 1019  
2025/06/24 14:46:07 - mmengine - INFO - Epoch(val) [169][100/800]    eta: 0:01:06  time: 0.0945  data_time: 0.0004  memory: 1019  
2025/06/24 14:46:12 - mmengine - INFO - Epoch(val) [169][150/800]    eta: 0:01:01  time: 0.0935  data_time: 0.0004  memory: 1019  
2025/06/24 14:46:16 - mmengine - INFO - Epoch(val) [169][200/800]    eta: 0:00:56  time: 0.0920  data_time: 0.0004  memory: 1019  
2025/06/24 14:46:21 - mmengine - INFO - Epoch(val) [169][250/800]    eta: 0:00:51  time: 0.0937  data_time: 0.0004  memory: 1019  
2025/06/24 14:46:27 - mmengine - INFO - Epoch(val) [169][300/800]    eta: 0:00:48  time: 0.1125  data_time: 0.0006  memory: 1019  
2025/06/24 14:46:33 - mmengine - INFO - Epoch(val) [169][350/800]    eta: 0:00:44  time: 0.1163  data_time: 0.0005  memory: 1019  
2025/06/24 14:46:38 - mmengine - INFO - Epoch(val) [169][400/800]    eta: 0:00:40  time: 0.1103  data_time: 0.0005  memory: 1019  
2025/06/24 14:46:44 - mmengine - INFO - Epoch(val) [169][450/800]    eta: 0:00:35  time: 0.1111  data_time: 0.0005  memory: 1019  
2025/06/24 14:46:49 - mmengine - INFO - Epoch(val) [169][500/800]    eta: 0:00:30  time: 0.1128  data_time: 0.0005  memory: 1019  
2025/06/24 14:46:55 - mmengine - INFO - Epoch(val) [169][550/800]    eta: 0:00:26  time: 0.1113  data_time: 0.0005  memory: 1019  
2025/06/24 14:47:01 - mmengine - INFO - Epoch(val) [169][600/800]    eta: 0:00:20  time: 0.1101  data_time: 0.0005  memory: 1019  
2025/06/24 14:47:06 - mmengine - INFO - Epoch(val) [169][650/800]    eta: 0:00:15  time: 0.1121  data_time: 0.0005  memory: 1019  
2025/06/24 14:47:12 - mmengine - INFO - Epoch(val) [169][700/800]    eta: 0:00:10  time: 0.1118  data_time: 0.0005  memory: 1019  
2025/06/24 14:47:17 - mmengine - INFO - Epoch(val) [169][750/800]    eta: 0:00:05  time: 0.1120  data_time: 0.0005  memory: 1019  
2025/06/24 14:47:23 - mmengine - INFO - Epoch(val) [169][800/800]    eta: 0:00:00  time: 0.1120  data_time: 0.0005  memory: 1019  
2025/06/24 14:47:24 - mmengine - INFO - Evaluating bbox...
2025/06/24 14:47:36 - mmengine - INFO - 
+-------------+-------+--------+--------+-------+-------+-------+
| category    | mAP   | mAP_50 | mAP_75 | mAP_s | mAP_m | mAP_l |
+-------------+-------+--------+--------+-------+-------+-------+
| car         | 0.703 | 0.966  | 0.857  | 0.486 | 0.732 | 0.0   |
| truck       | 0.535 | 0.755  | 0.653  | 0.055 | 0.529 | 0.599 |
| bus         | 0.765 | 0.963  | 0.889  | 0.0   | 0.732 | 0.832 |
| van         | 0.506 | 0.698  | 0.625  | 0.222 | 0.502 | 0.834 |
| freight_car | 0.5   | 0.696  | 0.595  | 0.084 | 0.491 | 0.575 |
+-------------+-------+--------+--------+-------+-------+-------+
2025/06/24 14:47:36 - mmengine - INFO - bbox_mAP_copypaste: 0.602 0.816 0.724 0.170 0.597 0.568
2025/06/24 14:47:37 - mmengine - INFO - Epoch(val) [169][800/800]    coco/car_precision: 0.7030  coco/truck_precision: 0.5350  coco/bus_precision: 0.7650  coco/van_precision: 0.5060  coco/freight_car_precision: 0.5000  coco/bbox_mAP: 0.6020  coco/bbox_mAP_50: 0.8160  coco/bbox_mAP_75: 0.7240  coco/bbox_mAP_s: 0.1700  coco/bbox_mAP_m: 0.5970  coco/bbox_mAP_l: 0.5680  data_time: 0.0005  time: 0.1064
2025/06/24 14:49:33 - mmengine - INFO - Epoch(train) [170][ 50/400]  base_lr: 1.0000e-02 lr: 1.6840e-03  eta: 6:32:09  time: 2.3260  data_time: 0.0292  memory: 10913  grad_norm: 17.7163  loss: 18.7918  loss_cls: 3.5373  loss_bbox: 7.3805  loss_dfl: 7.8740
2025/06/24 14:51:48 - mmengine - INFO - Epoch(train) [170][100/400]  base_lr: 1.0000e-02 lr: 1.6840e-03  eta: 6:34:28  time: 2.7047  data_time: 0.0075  memory: 10892  grad_norm: 17.2859  loss: 18.6256  loss_cls: 3.5126  loss_bbox: 7.2114  loss_dfl: 7.9016
2025/06/24 14:53:51 - mmengine - INFO - Epoch(train) [170][150/400]  base_lr: 1.0000e-02 lr: 1.6840e-03  eta: 6:35:22  time: 2.4508  data_time: 0.0107  memory: 10908  grad_norm: 16.7243  loss: 18.4481  loss_cls: 3.4751  loss_bbox: 7.1635  loss_dfl: 7.8095
2025/06/24 14:55:51 - mmengine - INFO - Epoch(train) [170][200/400]  base_lr: 1.0000e-02 lr: 1.6840e-03  eta: 6:35:56  time: 2.4112  data_time: 0.0078  memory: 11286  grad_norm: 16.8386  loss: 18.5759  loss_cls: 3.5907  loss_bbox: 7.2519  loss_dfl: 7.7332
2025/06/24 14:58:05 - mmengine - INFO - Epoch(train) [170][250/400]  base_lr: 1.0000e-02 lr: 1.6840e-03  eta: 6:37:36  time: 2.6752  data_time: 0.0079  memory: 11046  grad_norm: 15.9510  loss: 18.5131  loss_cls: 3.4745  loss_bbox: 7.2554  loss_dfl: 7.7831
2025/06/24 15:00:02 - mmengine - INFO - Epoch(train) [170][300/400]  base_lr: 1.0000e-02 lr: 1.6840e-03  eta: 6:37:34  time: 2.3305  data_time: 0.0075  memory: 10913  grad_norm: 17.2685  loss: 18.4159  loss_cls: 3.4990  loss_bbox: 7.1054  loss_dfl: 7.8115
2025/06/24 15:02:19 - mmengine - INFO - Epoch(train) [170][350/400]  base_lr: 1.0000e-02 lr: 1.6840e-03  eta: 6:39:13  time: 2.7429  data_time: 0.0106  memory: 11031  grad_norm: 15.9092  loss: 18.2084  loss_cls: 3.4477  loss_bbox: 7.0633  loss_dfl: 7.6974
2025/06/24 15:04:12 - mmengine - INFO - Exp name: yolov8_mambatransformer_lightfusion_20250624_133553
2025/06/24 15:04:12 - mmengine - INFO - Epoch(train) [170][400/400]  base_lr: 1.0000e-02 lr: 1.6840e-03  eta: 6:38:41  time: 2.2566  data_time: 0.0079  memory: 10802  grad_norm: 16.2770  loss: 18.3906  loss_cls: 3.4221  loss_bbox: 7.1512  loss_dfl: 7.8173
2025/06/24 15:04:12 - mmengine - INFO - Saving checkpoint at 170 epochs
2025/06/24 15:04:21 - mmengine - INFO - Epoch(val) [170][ 50/800]    eta: 0:01:32  time: 0.1234  data_time: 0.0011  memory: 1019  
2025/06/24 15:04:29 - mmengine - INFO - Epoch(val) [170][100/800]    eta: 0:01:32  time: 0.1420  data_time: 0.0006  memory: 1019  
2025/06/24 15:04:35 - mmengine - INFO - Epoch(val) [170][150/800]    eta: 0:01:25  time: 0.1287  data_time: 0.0006  memory: 1019  
2025/06/24 15:04:41 - mmengine - INFO - Epoch(val) [170][200/800]    eta: 0:01:16  time: 0.1148  data_time: 0.0007  memory: 1019  
2025/06/24 15:04:46 - mmengine - INFO - Epoch(val) [170][250/800]    eta: 0:01:06  time: 0.0987  data_time: 0.0004  memory: 1019  
2025/06/24 15:04:51 - mmengine - INFO - Epoch(val) [170][300/800]    eta: 0:00:59  time: 0.1113  data_time: 0.0005  memory: 1019  
2025/06/24 15:04:57 - mmengine - INFO - Epoch(val) [170][350/800]    eta: 0:00:53  time: 0.1125  data_time: 0.0005  memory: 1019  
2025/06/24 15:05:02 - mmengine - INFO - Epoch(val) [170][400/800]    eta: 0:00:46  time: 0.1070  data_time: 0.0005  memory: 1019  
2025/06/24 15:05:08 - mmengine - INFO - Epoch(val) [170][450/800]    eta: 0:00:40  time: 0.1119  data_time: 0.0005  memory: 1019  
2025/06/24 15:05:14 - mmengine - INFO - Epoch(val) [170][500/800]    eta: 0:00:34  time: 0.1142  data_time: 0.0005  memory: 1019  
2025/06/24 15:05:19 - mmengine - INFO - Epoch(val) [170][550/800]    eta: 0:00:28  time: 0.1058  data_time: 0.0005  memory: 1019  
2025/06/24 15:05:25 - mmengine - INFO - Epoch(val) [170][600/800]    eta: 0:00:22  time: 0.1096  data_time: 0.0005  memory: 1019  
2025/06/24 15:05:30 - mmengine - INFO - Epoch(val) [170][650/800]    eta: 0:00:17  time: 0.1028  data_time: 0.0005  memory: 1019  
2025/06/24 15:05:36 - mmengine - INFO - Epoch(val) [170][700/800]    eta: 0:00:11  time: 0.1166  data_time: 0.0008  memory: 1019  
2025/06/24 15:05:41 - mmengine - INFO - Epoch(val) [170][750/800]    eta: 0:00:05  time: 0.1093  data_time: 0.0015  memory: 1019  
2025/06/24 15:05:46 - mmengine - INFO - Epoch(val) [170][800/800]    eta: 0:00:00  time: 0.1094  data_time: 0.0044  memory: 1019  
2025/06/24 15:05:48 - mmengine - INFO - Evaluating bbox...
2025/06/24 15:06:00 - mmengine - INFO - 
+-------------+-------+--------+--------+-------+-------+-------+
| category    | mAP   | mAP_50 | mAP_75 | mAP_s | mAP_m | mAP_l |
+-------------+-------+--------+--------+-------+-------+-------+
| car         | 0.702 | 0.966  | 0.857  | 0.486 | 0.732 | 0.0   |
| truck       | 0.535 | 0.754  | 0.653  | 0.059 | 0.529 | 0.599 |
| bus         | 0.766 | 0.963  | 0.887  | 0.0   | 0.732 | 0.833 |
| van         | 0.506 | 0.698  | 0.624  | 0.219 | 0.503 | 0.833 |
| freight_car | 0.5   | 0.695  | 0.592  | 0.084 | 0.492 | 0.571 |
+-------------+-------+--------+--------+-------+-------+-------+
2025/06/24 15:06:00 - mmengine - INFO - bbox_mAP_copypaste: 0.602 0.815 0.723 0.170 0.598 0.567
2025/06/24 15:06:00 - mmengine - INFO - Epoch(val) [170][800/800]    coco/car_precision: 0.7020  coco/truck_precision: 0.5350  coco/bus_precision: 0.7660  coco/van_precision: 0.5060  coco/freight_car_precision: 0.5000  coco/bbox_mAP: 0.6020  coco/bbox_mAP_50: 0.8150  coco/bbox_mAP_75: 0.7230  coco/bbox_mAP_s: 0.1700  coco/bbox_mAP_m: 0.5980  coco/bbox_mAP_l: 0.5670  data_time: 0.0009  time: 0.1136
2025/06/24 15:08:11 - mmengine - INFO - Epoch(train) [171][ 50/400]  base_lr: 1.0000e-02 lr: 1.6345e-03  eta: 6:39:33  time: 2.6138  data_time: 0.0306  memory: 11239  grad_norm: 17.7358  loss: 18.6288  loss_cls: 3.4735  loss_bbox: 7.2938  loss_dfl: 7.8615
2025/06/24 15:10:18 - mmengine - INFO - Epoch(train) [171][100/400]  base_lr: 1.0000e-02 lr: 1.6345e-03  eta: 6:39:59  time: 2.5364  data_time: 0.0075  memory: 10802  grad_norm: 17.3121  loss: 18.4151  loss_cls: 3.5451  loss_bbox: 7.1015  loss_dfl: 7.7685
2025/06/24 15:12:22 - mmengine - INFO - Epoch(train) [171][150/400]  base_lr: 1.0000e-02 lr: 1.6345e-03  eta: 6:40:07  time: 2.4853  data_time: 0.0075  memory: 10812  grad_norm: 17.0709  loss: 18.2756  loss_cls: 3.4224  loss_bbox: 7.0704  loss_dfl: 7.7828
2025/06/24 15:14:34 - mmengine - INFO - Epoch(train) [171][200/400]  base_lr: 1.0000e-02 lr: 1.6345e-03  eta: 6:40:44  time: 2.6359  data_time: 0.0078  memory: 10924  grad_norm: 17.8601  loss: 18.5232  loss_cls: 3.5414  loss_bbox: 7.1375  loss_dfl: 7.8442
2025/06/24 15:16:30 - mmengine - INFO - Epoch(train) [171][250/400]  base_lr: 1.0000e-02 lr: 1.6345e-03  eta: 6:40:03  time: 2.3140  data_time: 0.0086  memory: 10737  grad_norm: 17.0996  loss: 18.6690  loss_cls: 3.4943  loss_bbox: 7.2958  loss_dfl: 7.8789
2025/06/24 15:18:47 - mmengine - INFO - Epoch(train) [171][300/400]  base_lr: 1.0000e-02 lr: 1.6345e-03  eta: 6:40:52  time: 2.7380  data_time: 0.0082  memory: 10908  grad_norm: 17.7419  loss: 18.6320  loss_cls: 3.4960  loss_bbox: 7.2639  loss_dfl: 7.8721
2025/06/24 15:20:41 - mmengine - INFO - Epoch(train) [171][350/400]  base_lr: 1.0000e-02 lr: 1.6345e-03  eta: 6:39:56  time: 2.2808  data_time: 0.0085  memory: 10865  grad_norm: 17.4004  loss: 18.4421  loss_cls: 3.4655  loss_bbox: 7.1714  loss_dfl: 7.8052
2025/06/24 15:23:01 - mmengine - INFO - Exp name: yolov8_mambatransformer_lightfusion_20250624_133553
2025/06/24 15:23:01 - mmengine - INFO - Epoch(train) [171][400/400]  base_lr: 1.0000e-02 lr: 1.6345e-03  eta: 6:40:47  time: 2.8026  data_time: 0.0075  memory: 11084  grad_norm: 17.9816  loss: 18.5759  loss_cls: 3.4883  loss_bbox: 7.2012  loss_dfl: 7.8864
2025/06/24 15:23:01 - mmengine - INFO - Saving checkpoint at 171 epochs
2025/06/24 15:23:11 - mmengine - INFO - Epoch(val) [171][ 50/800]    eta: 0:01:28  time: 0.1186  data_time: 0.0032  memory: 1019  
2025/06/24 15:23:17 - mmengine - INFO - Epoch(val) [171][100/800]    eta: 0:01:23  time: 0.1198  data_time: 0.0021  memory: 1019  
2025/06/24 15:23:23 - mmengine - INFO - Epoch(val) [171][150/800]    eta: 0:01:18  time: 0.1253  data_time: 0.0064  memory: 1019  
2025/06/24 15:23:29 - mmengine - INFO - Epoch(val) [171][200/800]    eta: 0:01:10  time: 0.1048  data_time: 0.0006  memory: 1019  
2025/06/24 15:23:34 - mmengine - INFO - Epoch(val) [171][250/800]    eta: 0:01:03  time: 0.1070  data_time: 0.0030  memory: 1019  
2025/06/24 15:23:39 - mmengine - INFO - Epoch(val) [171][300/800]    eta: 0:00:57  time: 0.1111  data_time: 0.0014  memory: 1019  
2025/06/24 15:23:45 - mmengine - INFO - Epoch(val) [171][350/800]    eta: 0:00:51  time: 0.1085  data_time: 0.0017  memory: 1019  
2025/06/24 15:23:50 - mmengine - INFO - Epoch(val) [171][400/800]    eta: 0:00:45  time: 0.1065  data_time: 0.0032  memory: 1019  
2025/06/24 15:23:56 - mmengine - INFO - Epoch(val) [171][450/800]    eta: 0:00:39  time: 0.1135  data_time: 0.0012  memory: 1019  
2025/06/24 15:24:01 - mmengine - INFO - Epoch(val) [171][500/800]    eta: 0:00:33  time: 0.1047  data_time: 0.0020  memory: 1019  
2025/06/24 15:24:07 - mmengine - INFO - Epoch(val) [171][550/800]    eta: 0:00:27  time: 0.1107  data_time: 0.0044  memory: 1019  
2025/06/24 15:24:13 - mmengine - INFO - Epoch(val) [171][600/800]    eta: 0:00:22  time: 0.1157  data_time: 0.0038  memory: 1019  
2025/06/24 15:24:19 - mmengine - INFO - Epoch(val) [171][650/800]    eta: 0:00:16  time: 0.1174  data_time: 0.0049  memory: 1019  
2025/06/24 15:24:25 - mmengine - INFO - Epoch(val) [171][700/800]    eta: 0:00:11  time: 0.1380  data_time: 0.0024  memory: 1019  
2025/06/24 15:24:32 - mmengine - INFO - Epoch(val) [171][750/800]    eta: 0:00:05  time: 0.1292  data_time: 0.0088  memory: 1019  
2025/06/24 15:24:39 - mmengine - INFO - Epoch(val) [171][800/800]    eta: 0:00:00  time: 0.1360  data_time: 0.0025  memory: 1019  
2025/06/24 15:24:40 - mmengine - INFO - Evaluating bbox...
2025/06/24 15:25:00 - mmengine - INFO - 
+-------------+-------+--------+--------+-------+-------+-------+
| category    | mAP   | mAP_50 | mAP_75 | mAP_s | mAP_m | mAP_l |
+-------------+-------+--------+--------+-------+-------+-------+
| car         | 0.702 | 0.966  | 0.857  | 0.486 | 0.732 | 0.0   |
| truck       | 0.535 | 0.754  | 0.651  | 0.058 | 0.529 | 0.599 |
| bus         | 0.765 | 0.963  | 0.887  | 0.0   | 0.731 | 0.834 |
| van         | 0.506 | 0.698  | 0.624  | 0.219 | 0.503 | 0.833 |
| freight_car | 0.5   | 0.695  | 0.592  | 0.084 | 0.492 | 0.571 |
+-------------+-------+--------+--------+-------+-------+-------+
2025/06/24 15:25:00 - mmengine - INFO - bbox_mAP_copypaste: 0.602 0.815 0.722 0.169 0.597 0.567
2025/06/24 15:25:00 - mmengine - INFO - Epoch(val) [171][800/800]    coco/car_precision: 0.7020  coco/truck_precision: 0.5350  coco/bus_precision: 0.7650  coco/van_precision: 0.5060  coco/freight_car_precision: 0.5000  coco/bbox_mAP: 0.6020  coco/bbox_mAP_50: 0.8150  coco/bbox_mAP_75: 0.7220  coco/bbox_mAP_s: 0.1690  coco/bbox_mAP_m: 0.5970  coco/bbox_mAP_l: 0.5670  data_time: 0.0032  time: 0.1167
2025/06/24 15:27:16 - mmengine - INFO - Epoch(train) [172][ 50/400]  base_lr: 1.0000e-02 lr: 1.5850e-03  eta: 6:41:16  time: 2.7270  data_time: 0.0311  memory: 10780  grad_norm: 16.8977  loss: 18.3260  loss_cls: 3.4482  loss_bbox: 7.0838  loss_dfl: 7.7939
2025/06/24 15:29:18 - mmengine - INFO - Epoch(train) [172][100/400]  base_lr: 1.0000e-02 lr: 1.5850e-03  eta: 6:40:40  time: 2.4274  data_time: 0.0077  memory: 10790  grad_norm: 17.0757  loss: 18.5618  loss_cls: 3.4441  loss_bbox: 7.2625  loss_dfl: 7.8552
2025/06/24 15:31:33 - mmengine - INFO - Epoch(train) [172][150/400]  base_lr: 1.0000e-02 lr: 1.5850e-03  eta: 6:40:55  time: 2.7085  data_time: 0.0074  memory: 11009  grad_norm: 17.3891  loss: 18.3950  loss_cls: 3.4466  loss_bbox: 7.2134  loss_dfl: 7.7350
2025/06/24 15:33:28 - mmengine - INFO - Epoch(train) [172][200/400]  base_lr: 1.0000e-02 lr: 1.5850e-03  eta: 6:39:48  time: 2.3013  data_time: 0.0075  memory: 10844  grad_norm: 18.6445  loss: 18.7738  loss_cls: 3.5310  loss_bbox: 7.2591  loss_dfl: 7.9838
2025/06/24 15:35:47 - mmengine - INFO - Epoch(train) [172][250/400]  base_lr: 1.0000e-02 lr: 1.5850e-03  eta: 6:40:07  time: 2.7725  data_time: 0.0077  memory: 10812  grad_norm: 17.0134  loss: 18.4253  loss_cls: 3.4779  loss_bbox: 7.1093  loss_dfl: 7.8380
2025/06/24 15:37:38 - mmengine - INFO - Epoch(train) [172][300/400]  base_lr: 1.0000e-02 lr: 1.5850e-03  eta: 6:38:42  time: 2.2264  data_time: 0.0079  memory: 10758  grad_norm: 17.2973  loss: 18.5944  loss_cls: 3.5140  loss_bbox: 7.2372  loss_dfl: 7.8431
2025/06/24 15:40:00 - mmengine - INFO - Epoch(train) [172][350/400]  base_lr: 1.0000e-02 lr: 1.5850e-03  eta: 6:39:05  time: 2.8393  data_time: 0.0079  memory: 10812  grad_norm: 16.7537  loss: 18.4056  loss_cls: 3.4606  loss_bbox: 7.1718  loss_dfl: 7.7732
2025/06/24 15:41:48 - mmengine - INFO - Exp name: yolov8_mambatransformer_lightfusion_20250624_133553
2025/06/24 15:41:48 - mmengine - INFO - Epoch(train) [172][400/400]  base_lr: 1.0000e-02 lr: 1.5850e-03  eta: 6:37:23  time: 2.1525  data_time: 0.0079  memory: 11052  grad_norm: 16.7182  loss: 18.4383  loss_cls: 3.4815  loss_bbox: 7.1775  loss_dfl: 7.7794
2025/06/24 15:41:48 - mmengine - INFO - Saving checkpoint at 172 epochs
2025/06/24 15:41:57 - mmengine - INFO - Epoch(val) [172][ 50/800]    eta: 0:01:18  time: 0.1043  data_time: 0.0009  memory: 1019  
2025/06/24 15:42:02 - mmengine - INFO - Epoch(val) [172][100/800]    eta: 0:01:14  time: 0.1077  data_time: 0.0005  memory: 1019  
2025/06/24 15:42:07 - mmengine - INFO - Epoch(val) [172][150/800]    eta: 0:01:07  time: 0.1015  data_time: 0.0005  memory: 1019  
2025/06/24 15:42:12 - mmengine - INFO - Epoch(val) [172][200/800]    eta: 0:01:02  time: 0.1027  data_time: 0.0004  memory: 1019  
2025/06/24 15:42:17 - mmengine - INFO - Epoch(val) [172][250/800]    eta: 0:00:57  time: 0.1026  data_time: 0.0005  memory: 1019  
2025/06/24 15:42:23 - mmengine - INFO - Epoch(val) [172][300/800]    eta: 0:00:52  time: 0.1111  data_time: 0.0004  memory: 1019  
2025/06/24 15:42:29 - mmengine - INFO - Epoch(val) [172][350/800]    eta: 0:00:47  time: 0.1120  data_time: 0.0004  memory: 1019  
2025/06/24 15:42:34 - mmengine - INFO - Epoch(val) [172][400/800]    eta: 0:00:42  time: 0.1104  data_time: 0.0004  memory: 1019  
2025/06/24 15:42:40 - mmengine - INFO - Epoch(val) [172][450/800]    eta: 0:00:37  time: 0.1098  data_time: 0.0004  memory: 1019  
2025/06/24 15:42:45 - mmengine - INFO - Epoch(val) [172][500/800]    eta: 0:00:32  time: 0.1100  data_time: 0.0004  memory: 1019  
2025/06/24 15:42:51 - mmengine - INFO - Epoch(val) [172][550/800]    eta: 0:00:26  time: 0.1114  data_time: 0.0004  memory: 1019  
2025/06/24 15:42:56 - mmengine - INFO - Epoch(val) [172][600/800]    eta: 0:00:21  time: 0.1112  data_time: 0.0004  memory: 1019  
2025/06/24 15:43:02 - mmengine - INFO - Epoch(val) [172][650/800]    eta: 0:00:16  time: 0.1113  data_time: 0.0004  memory: 1019  
2025/06/24 15:43:07 - mmengine - INFO - Epoch(val) [172][700/800]    eta: 0:00:10  time: 0.1115  data_time: 0.0004  memory: 1019  
2025/06/24 15:43:13 - mmengine - INFO - Epoch(val) [172][750/800]    eta: 0:00:05  time: 0.1070  data_time: 0.0004  memory: 1019  
2025/06/24 15:43:17 - mmengine - INFO - Epoch(val) [172][800/800]    eta: 0:00:00  time: 0.0863  data_time: 0.0004  memory: 1019  
2025/06/24 15:43:18 - mmengine - INFO - Evaluating bbox...
2025/06/24 15:43:31 - mmengine - INFO - 
+-------------+-------+--------+--------+-------+-------+-------+
| category    | mAP   | mAP_50 | mAP_75 | mAP_s | mAP_m | mAP_l |
+-------------+-------+--------+--------+-------+-------+-------+
| car         | 0.702 | 0.965  | 0.857  | 0.486 | 0.732 | 0.0   |
| truck       | 0.534 | 0.752  | 0.649  | 0.058 | 0.528 | 0.599 |
| bus         | 0.765 | 0.962  | 0.887  | 0.0   | 0.731 | 0.834 |
| van         | 0.507 | 0.697  | 0.625  | 0.219 | 0.504 | 0.833 |
| freight_car | 0.498 | 0.693  | 0.589  | 0.085 | 0.49  | 0.572 |
+-------------+-------+--------+--------+-------+-------+-------+
2025/06/24 15:43:31 - mmengine - INFO - bbox_mAP_copypaste: 0.601 0.814 0.721 0.170 0.597 0.568
2025/06/24 15:43:31 - mmengine - INFO - Epoch(val) [172][800/800]    coco/car_precision: 0.7020  coco/truck_precision: 0.5340  coco/bus_precision: 0.7650  coco/van_precision: 0.5070  coco/freight_car_precision: 0.4980  coco/bbox_mAP: 0.6010  coco/bbox_mAP_50: 0.8140  coco/bbox_mAP_75: 0.7210  coco/bbox_mAP_s: 0.1700  coco/bbox_mAP_m: 0.5970  coco/bbox_mAP_l: 0.5680  data_time: 0.0005  time: 0.1069
2025/06/24 15:45:28 - mmengine - INFO - Epoch(train) [173][ 50/400]  base_lr: 1.0000e-02 lr: 1.5355e-03  eta: 6:36:12  time: 2.3371  data_time: 0.0387  memory: 10950  grad_norm: 17.0692  loss: 18.2404  loss_cls: 3.4141  loss_bbox: 7.0510  loss_dfl: 7.7753
2025/06/24 15:47:45 - mmengine - INFO - Epoch(train) [173][100/400]  base_lr: 1.0000e-02 lr: 1.5355e-03  eta: 6:36:08  time: 2.7431  data_time: 0.0087  memory: 10838  grad_norm: 16.2924  loss: 17.8725  loss_cls: 3.2557  loss_bbox: 6.8532  loss_dfl: 7.7635
2025/06/24 15:49:33 - mmengine - INFO - Epoch(train) [173][150/400]  base_lr: 1.0000e-02 lr: 1.5355e-03  eta: 6:34:24  time: 2.1580  data_time: 0.0084  memory: 11020  grad_norm: 17.6726  loss: 18.2530  loss_cls: 3.3689  loss_bbox: 7.0691  loss_dfl: 7.8150
2025/06/24 15:51:58 - mmengine - INFO - Exp name: yolov8_mambatransformer_lightfusion_20250624_133553
2025/06/24 15:51:58 - mmengine - INFO - Epoch(train) [173][200/400]  base_lr: 1.0000e-02 lr: 1.5355e-03  eta: 6:34:38  time: 2.8927  data_time: 0.0077  memory: 10961  grad_norm: 17.5326  loss: 18.3522  loss_cls: 3.4420  loss_bbox: 7.1573  loss_dfl: 7.7528
2025/06/24 15:53:45 - mmengine - INFO - Epoch(train) [173][250/400]  base_lr: 1.0000e-02 lr: 1.5355e-03  eta: 6:32:50  time: 2.1460  data_time: 0.0075  memory: 10929  grad_norm: 17.8797  loss: 18.5343  loss_cls: 3.5622  loss_bbox: 7.1922  loss_dfl: 7.7799
2025/06/24 15:56:09 - mmengine - INFO - Epoch(train) [173][300/400]  base_lr: 1.0000e-02 lr: 1.5355e-03  eta: 6:32:56  time: 2.8823  data_time: 0.0073  memory: 11110  grad_norm: 17.1985  loss: 18.4867  loss_cls: 3.4840  loss_bbox: 7.2371  loss_dfl: 7.7656
2025/06/24 15:57:57 - mmengine - INFO - Epoch(train) [173][350/400]  base_lr: 1.0000e-02 lr: 1.5355e-03  eta: 6:31:05  time: 2.1440  data_time: 0.0079  memory: 10828  grad_norm: 17.7812  loss: 18.4436  loss_cls: 3.4884  loss_bbox: 7.1453  loss_dfl: 7.8098
2025/06/24 16:00:21 - mmengine - INFO - Exp name: yolov8_mambatransformer_lightfusion_20250624_133553
2025/06/24 16:00:21 - mmengine - INFO - Epoch(train) [173][400/400]  base_lr: 1.0000e-02 lr: 1.5355e-03  eta: 6:31:05  time: 2.8825  data_time: 0.0081  memory: 11036  grad_norm: 16.2827  loss: 18.1463  loss_cls: 3.3711  loss_bbox: 7.0895  loss_dfl: 7.6857
2025/06/24 16:00:21 - mmengine - INFO - Saving checkpoint at 173 epochs
2025/06/24 16:00:30 - mmengine - INFO - Epoch(val) [173][ 50/800]    eta: 0:01:19  time: 0.1056  data_time: 0.0010  memory: 1019  
2025/06/24 16:00:35 - mmengine - INFO - Epoch(val) [173][100/800]    eta: 0:01:13  time: 0.1053  data_time: 0.0004  memory: 1019  
2025/06/24 16:00:40 - mmengine - INFO - Epoch(val) [173][150/800]    eta: 0:01:05  time: 0.0893  data_time: 0.0006  memory: 1019  
2025/06/24 16:00:45 - mmengine - INFO - Epoch(val) [173][200/800]    eta: 0:01:02  time: 0.1152  data_time: 0.0045  memory: 1019  
2025/06/24 16:00:51 - mmengine - INFO - Epoch(val) [173][250/800]    eta: 0:00:57  time: 0.1108  data_time: 0.0044  memory: 1019  
2025/06/24 16:00:56 - mmengine - INFO - Epoch(val) [173][300/800]    eta: 0:00:52  time: 0.1071  data_time: 0.0042  memory: 1019  
2025/06/24 16:01:02 - mmengine - INFO - Epoch(val) [173][350/800]    eta: 0:00:47  time: 0.1108  data_time: 0.0019  memory: 1019  
2025/06/24 16:01:07 - mmengine - INFO - Epoch(val) [173][400/800]    eta: 0:00:42  time: 0.1095  data_time: 0.0010  memory: 1019  
2025/06/24 16:01:13 - mmengine - INFO - Epoch(val) [173][450/800]    eta: 0:00:37  time: 0.1016  data_time: 0.0004  memory: 1019  
2025/06/24 16:01:17 - mmengine - INFO - Epoch(val) [173][500/800]    eta: 0:00:31  time: 0.0946  data_time: 0.0004  memory: 1019  
2025/06/24 16:01:22 - mmengine - INFO - Epoch(val) [173][550/800]    eta: 0:00:26  time: 0.0983  data_time: 0.0004  memory: 1019  
2025/06/24 16:01:26 - mmengine - INFO - Epoch(val) [173][600/800]    eta: 0:00:20  time: 0.0842  data_time: 0.0004  memory: 1019  
2025/06/24 16:01:31 - mmengine - INFO - Epoch(val) [173][650/800]    eta: 0:00:15  time: 0.0876  data_time: 0.0004  memory: 1019  
2025/06/24 16:01:36 - mmengine - INFO - Epoch(val) [173][700/800]    eta: 0:00:10  time: 0.0983  data_time: 0.0004  memory: 1019  
2025/06/24 16:01:41 - mmengine - INFO - Epoch(val) [173][750/800]    eta: 0:00:05  time: 0.1001  data_time: 0.0004  memory: 1019  
2025/06/24 16:01:47 - mmengine - INFO - Epoch(val) [173][800/800]    eta: 0:00:00  time: 0.1132  data_time: 0.0005  memory: 1019  
2025/06/24 16:01:48 - mmengine - INFO - Evaluating bbox...
2025/06/24 16:02:00 - mmengine - INFO - 
+-------------+-------+--------+--------+-------+-------+-------+
| category    | mAP   | mAP_50 | mAP_75 | mAP_s | mAP_m | mAP_l |
+-------------+-------+--------+--------+-------+-------+-------+
| car         | 0.702 | 0.966  | 0.857  | 0.486 | 0.731 | 0.0   |
| truck       | 0.534 | 0.752  | 0.648  | 0.067 | 0.527 | 0.6   |
| bus         | 0.766 | 0.962  | 0.89   | 0.0   | 0.732 | 0.834 |
| van         | 0.508 | 0.697  | 0.63   | 0.22  | 0.505 | 0.832 |
| freight_car | 0.498 | 0.692  | 0.587  | 0.086 | 0.49  | 0.573 |
+-------------+-------+--------+--------+-------+-------+-------+
2025/06/24 16:02:00 - mmengine - INFO - bbox_mAP_copypaste: 0.602 0.814 0.722 0.172 0.597 0.568
2025/06/24 16:02:00 - mmengine - INFO - Epoch(val) [173][800/800]    coco/car_precision: 0.7020  coco/truck_precision: 0.5340  coco/bus_precision: 0.7660  coco/van_precision: 0.5080  coco/freight_car_precision: 0.4980  coco/bbox_mAP: 0.6020  coco/bbox_mAP_50: 0.8140  coco/bbox_mAP_75: 0.7220  coco/bbox_mAP_s: 0.1720  coco/bbox_mAP_m: 0.5970  coco/bbox_mAP_l: 0.5680  data_time: 0.0013  time: 0.1019
2025/06/24 16:04:26 - mmengine - INFO - Epoch(train) [174][ 50/400]  base_lr: 1.0000e-02 lr: 1.4860e-03  eta: 6:31:07  time: 2.9298  data_time: 0.0303  memory: 10908  grad_norm: 17.4339  loss: 18.4467  loss_cls: 3.4678  loss_bbox: 7.2677  loss_dfl: 7.7113
2025/06/24 16:06:19 - mmengine - INFO - Epoch(train) [174][100/400]  base_lr: 1.0000e-02 lr: 1.4860e-03  eta: 6:29:28  time: 2.2481  data_time: 0.0078  memory: 11036  grad_norm: 18.1503  loss: 18.4979  loss_cls: 3.4926  loss_bbox: 7.1758  loss_dfl: 7.8295
2025/06/24 16:08:50 - mmengine - INFO - Epoch(train) [174][150/400]  base_lr: 1.0000e-02 lr: 1.4860e-03  eta: 6:29:39  time: 3.0311  data_time: 0.0078  memory: 10993  grad_norm: 17.8524  loss: 18.3973  loss_cls: 3.4491  loss_bbox: 7.1217  loss_dfl: 7.8265
2025/06/24 16:10:48 - mmengine - INFO - Epoch(train) [174][200/400]  base_lr: 1.0000e-02 lr: 1.4860e-03  eta: 6:28:10  time: 2.3477  data_time: 0.0107  memory: 10742  grad_norm: 16.7531  loss: 18.2848  loss_cls: 3.3568  loss_bbox: 7.0478  loss_dfl: 7.8802
2025/06/24 16:13:14 - mmengine - INFO - Epoch(train) [174][250/400]  base_lr: 1.0000e-02 lr: 1.4860e-03  eta: 6:28:00  time: 2.9216  data_time: 0.0087  memory: 10806  grad_norm: 17.7590  loss: 18.3743  loss_cls: 3.4511  loss_bbox: 7.0620  loss_dfl: 7.8612
2025/06/24 16:15:05 - mmengine - INFO - Epoch(train) [174][300/400]  base_lr: 1.0000e-02 lr: 1.4860e-03  eta: 6:26:11  time: 2.2224  data_time: 0.0080  memory: 10854  grad_norm: 16.5502  loss: 18.2140  loss_cls: 3.3833  loss_bbox: 7.2172  loss_dfl: 7.6136
2025/06/24 16:17:30 - mmengine - INFO - Epoch(train) [174][350/400]  base_lr: 1.0000e-02 lr: 1.4860e-03  eta: 6:25:53  time: 2.9015  data_time: 0.0074  memory: 10865  grad_norm: 17.3751  loss: 18.3233  loss_cls: 3.4362  loss_bbox: 7.1136  loss_dfl: 7.7735
2025/06/24 16:19:17 - mmengine - INFO - Exp name: yolov8_mambatransformer_lightfusion_20250624_133553
2025/06/24 16:19:17 - mmengine - INFO - Epoch(train) [174][400/400]  base_lr: 1.0000e-02 lr: 1.4860e-03  eta: 6:23:51  time: 2.1332  data_time: 0.0079  memory: 10934  grad_norm: 17.8315  loss: 18.5361  loss_cls: 3.4965  loss_bbox: 7.2245  loss_dfl: 7.8151
2025/06/24 16:19:17 - mmengine - INFO - Saving checkpoint at 174 epochs
2025/06/24 16:19:26 - mmengine - INFO - Epoch(val) [174][ 50/800]    eta: 0:01:23  time: 0.1115  data_time: 0.0010  memory: 1019  
2025/06/24 16:19:31 - mmengine - INFO - Epoch(val) [174][100/800]    eta: 0:01:17  time: 0.1105  data_time: 0.0005  memory: 1019  
2025/06/24 16:19:37 - mmengine - INFO - Epoch(val) [174][150/800]    eta: 0:01:11  time: 0.1102  data_time: 0.0004  memory: 1019  
2025/06/24 16:19:43 - mmengine - INFO - Epoch(val) [174][200/800]    eta: 0:01:06  time: 0.1107  data_time: 0.0004  memory: 1019  
2025/06/24 16:19:48 - mmengine - INFO - Epoch(val) [174][250/800]    eta: 0:01:00  time: 0.1109  data_time: 0.0004  memory: 1019  
2025/06/24 16:19:54 - mmengine - INFO - Epoch(val) [174][300/800]    eta: 0:00:55  time: 0.1111  data_time: 0.0004  memory: 1019  
2025/06/24 16:19:59 - mmengine - INFO - Epoch(val) [174][350/800]    eta: 0:00:49  time: 0.1105  data_time: 0.0005  memory: 1019  
2025/06/24 16:20:05 - mmengine - INFO - Epoch(val) [174][400/800]    eta: 0:00:44  time: 0.1110  data_time: 0.0005  memory: 1019  
2025/06/24 16:20:10 - mmengine - INFO - Epoch(val) [174][450/800]    eta: 0:00:38  time: 0.1101  data_time: 0.0004  memory: 1019  
2025/06/24 16:20:16 - mmengine - INFO - Epoch(val) [174][500/800]    eta: 0:00:33  time: 0.1121  data_time: 0.0004  memory: 1019  
2025/06/24 16:20:21 - mmengine - INFO - Epoch(val) [174][550/800]    eta: 0:00:27  time: 0.1106  data_time: 0.0004  memory: 1019  
2025/06/24 16:20:27 - mmengine - INFO - Epoch(val) [174][600/800]    eta: 0:00:22  time: 0.1105  data_time: 0.0004  memory: 1019  
2025/06/24 16:20:32 - mmengine - INFO - Epoch(val) [174][650/800]    eta: 0:00:16  time: 0.1030  data_time: 0.0005  memory: 1019  
2025/06/24 16:20:38 - mmengine - INFO - Epoch(val) [174][700/800]    eta: 0:00:11  time: 0.1090  data_time: 0.0004  memory: 1019  
2025/06/24 16:20:43 - mmengine - INFO - Epoch(val) [174][750/800]    eta: 0:00:05  time: 0.1107  data_time: 0.0004  memory: 1019  
2025/06/24 16:20:49 - mmengine - INFO - Epoch(val) [174][800/800]    eta: 0:00:00  time: 0.1122  data_time: 0.0004  memory: 1019  
2025/06/24 16:20:50 - mmengine - INFO - Evaluating bbox...
2025/06/24 16:21:02 - mmengine - INFO - 
+-------------+-------+--------+--------+-------+-------+-------+
| category    | mAP   | mAP_50 | mAP_75 | mAP_s | mAP_m | mAP_l |
+-------------+-------+--------+--------+-------+-------+-------+
| car         | 0.702 | 0.966  | 0.856  | 0.485 | 0.731 | 0.0   |
| truck       | 0.534 | 0.751  | 0.646  | 0.076 | 0.527 | 0.601 |
| bus         | 0.766 | 0.962  | 0.89   | 0.0   | 0.732 | 0.833 |
| van         | 0.509 | 0.697  | 0.63   | 0.219 | 0.506 | 0.833 |
| freight_car | 0.498 | 0.692  | 0.587  | 0.085 | 0.49  | 0.572 |
+-------------+-------+--------+--------+-------+-------+-------+
2025/06/24 16:21:02 - mmengine - INFO - bbox_mAP_copypaste: 0.602 0.813 0.722 0.173 0.597 0.568
2025/06/24 16:21:03 - mmengine - INFO - Epoch(val) [174][800/800]    coco/car_precision: 0.7020  coco/truck_precision: 0.5340  coco/bus_precision: 0.7660  coco/van_precision: 0.5090  coco/freight_car_precision: 0.4980  coco/bbox_mAP: 0.6020  coco/bbox_mAP_50: 0.8130  coco/bbox_mAP_75: 0.7220  coco/bbox_mAP_s: 0.1730  coco/bbox_mAP_m: 0.5970  coco/bbox_mAP_l: 0.5680  data_time: 0.0005  time: 0.1103
2025/06/24 16:22:40 - mmengine - INFO - Epoch(train) [175][ 50/400]  base_lr: 1.0000e-02 lr: 1.4365e-03  eta: 6:21:27  time: 1.9546  data_time: 0.0409  memory: 11286  grad_norm: 17.4597  loss: 18.1874  loss_cls: 3.3955  loss_bbox: 7.1162  loss_dfl: 7.6757
2025/06/24 16:25:05 - mmengine - INFO - Epoch(train) [175][100/400]  base_lr: 1.0000e-02 lr: 1.4365e-03  eta: 6:21:04  time: 2.9016  data_time: 0.0074  memory: 11100  grad_norm: 16.9551  loss: 18.1899  loss_cls: 3.3631  loss_bbox: 7.0378  loss_dfl: 7.7890
2025/06/24 16:26:56 - mmengine - INFO - Epoch(train) [175][150/400]  base_lr: 1.0000e-02 lr: 1.4365e-03  eta: 6:19:11  time: 2.2100  data_time: 0.0076  memory: 11126  grad_norm: 17.1005  loss: 18.3416  loss_cls: 3.3983  loss_bbox: 7.1683  loss_dfl: 7.7749
2025/06/24 16:29:21 - mmengine - INFO - Epoch(train) [175][200/400]  base_lr: 1.0000e-02 lr: 1.4365e-03  eta: 6:18:43  time: 2.9031  data_time: 0.0074  memory: 10849  grad_norm: 17.0223  loss: 18.0659  loss_cls: 3.3825  loss_bbox: 6.9984  loss_dfl: 7.6850
2025/06/24 16:31:08 - mmengine - INFO - Epoch(train) [175][250/400]  base_lr: 1.0000e-02 lr: 1.4365e-03  eta: 6:16:41  time: 2.1349  data_time: 0.0081  memory: 10988  grad_norm: 18.1771  loss: 18.4334  loss_cls: 3.4336  loss_bbox: 7.1848  loss_dfl: 7.8149
2025/06/24 16:33:33 - mmengine - INFO - Epoch(train) [175][300/400]  base_lr: 1.0000e-02 lr: 1.4365e-03  eta: 6:16:09  time: 2.9051  data_time: 0.0094  memory: 11020  grad_norm: 17.6367  loss: 18.3012  loss_cls: 3.3970  loss_bbox: 7.1477  loss_dfl: 7.7565
2025/06/24 16:35:20 - mmengine - INFO - Epoch(train) [175][350/400]  base_lr: 1.0000e-02 lr: 1.4365e-03  eta: 6:14:06  time: 2.1374  data_time: 0.0095  memory: 10710  grad_norm: 16.2498  loss: 18.0830  loss_cls: 3.3364  loss_bbox: 7.0267  loss_dfl: 7.7199
2025/06/24 16:37:44 - mmengine - INFO - Exp name: yolov8_mambatransformer_lightfusion_20250624_133553
2025/06/24 16:37:44 - mmengine - INFO - Epoch(train) [175][400/400]  base_lr: 1.0000e-02 lr: 1.4365e-03  eta: 6:13:29  time: 2.8840  data_time: 0.0074  memory: 11228  grad_norm: 17.6035  loss: 18.1990  loss_cls: 3.3929  loss_bbox: 7.0666  loss_dfl: 7.7394
2025/06/24 16:37:44 - mmengine - INFO - Saving checkpoint at 175 epochs
2025/06/24 16:37:53 - mmengine - INFO - Epoch(val) [175][ 50/800]    eta: 0:01:21  time: 0.1093  data_time: 0.0009  memory: 1019  
2025/06/24 16:37:59 - mmengine - INFO - Epoch(val) [175][100/800]    eta: 0:01:17  time: 0.1111  data_time: 0.0004  memory: 1019  
2025/06/24 16:38:04 - mmengine - INFO - Epoch(val) [175][150/800]    eta: 0:01:11  time: 0.1118  data_time: 0.0004  memory: 1019  
2025/06/24 16:38:10 - mmengine - INFO - Epoch(val) [175][200/800]    eta: 0:01:06  time: 0.1104  data_time: 0.0004  memory: 1019  
2025/06/24 16:38:15 - mmengine - INFO - Epoch(val) [175][250/800]    eta: 0:00:59  time: 0.0978  data_time: 0.0004  memory: 1019  
2025/06/24 16:38:20 - mmengine - INFO - Epoch(val) [175][300/800]    eta: 0:00:53  time: 0.1008  data_time: 0.0004  memory: 1019  
2025/06/24 16:38:25 - mmengine - INFO - Epoch(val) [175][350/800]    eta: 0:00:48  time: 0.1088  data_time: 0.0063  memory: 1019  
2025/06/24 16:38:31 - mmengine - INFO - Epoch(val) [175][400/800]    eta: 0:00:43  time: 0.1126  data_time: 0.0032  memory: 1019  
2025/06/24 16:38:37 - mmengine - INFO - Epoch(val) [175][450/800]    eta: 0:00:37  time: 0.1132  data_time: 0.0028  memory: 1019  
2025/06/24 16:38:42 - mmengine - INFO - Epoch(val) [175][500/800]    eta: 0:00:32  time: 0.1087  data_time: 0.0036  memory: 1019  
2025/06/24 16:38:48 - mmengine - INFO - Epoch(val) [175][550/800]    eta: 0:00:27  time: 0.1093  data_time: 0.0066  memory: 1019  
2025/06/24 16:38:52 - mmengine - INFO - Epoch(val) [175][600/800]    eta: 0:00:21  time: 0.0900  data_time: 0.0012  memory: 1019  
2025/06/24 16:38:56 - mmengine - INFO - Epoch(val) [175][650/800]    eta: 0:00:15  time: 0.0763  data_time: 0.0004  memory: 1019  
2025/06/24 16:39:00 - mmengine - INFO - Epoch(val) [175][700/800]    eta: 0:00:10  time: 0.0758  data_time: 0.0004  memory: 1019  
2025/06/24 16:39:04 - mmengine - INFO - Epoch(val) [175][750/800]    eta: 0:00:05  time: 0.0759  data_time: 0.0004  memory: 1019  
2025/06/24 16:39:08 - mmengine - INFO - Epoch(val) [175][800/800]    eta: 0:00:00  time: 0.0758  data_time: 0.0003  memory: 1019  
2025/06/24 16:39:09 - mmengine - INFO - Evaluating bbox...
2025/06/24 16:39:20 - mmengine - INFO - 
+-------------+-------+--------+--------+-------+-------+-------+
| category    | mAP   | mAP_50 | mAP_75 | mAP_s | mAP_m | mAP_l |
+-------------+-------+--------+--------+-------+-------+-------+
| car         | 0.702 | 0.966  | 0.856  | 0.485 | 0.732 | 0.0   |
| truck       | 0.532 | 0.749  | 0.644  | 0.078 | 0.525 | 0.601 |
| bus         | 0.766 | 0.962  | 0.891  | 0.0   | 0.733 | 0.833 |
| van         | 0.509 | 0.698  | 0.63   | 0.218 | 0.507 | 0.831 |
| freight_car | 0.498 | 0.691  | 0.585  | 0.088 | 0.489 | 0.573 |
+-------------+-------+--------+--------+-------+-------+-------+
2025/06/24 16:39:20 - mmengine - INFO - bbox_mAP_copypaste: 0.601 0.813 0.721 0.174 0.597 0.568
2025/06/24 16:39:20 - mmengine - INFO - Epoch(val) [175][800/800]    coco/car_precision: 0.7020  coco/truck_precision: 0.5320  coco/bus_precision: 0.7660  coco/van_precision: 0.5090  coco/freight_car_precision: 0.4980  coco/bbox_mAP: 0.6010  coco/bbox_mAP_50: 0.8130  coco/bbox_mAP_75: 0.7210  coco/bbox_mAP_s: 0.1740  coco/bbox_mAP_m: 0.5970  coco/bbox_mAP_l: 0.5680  data_time: 0.0018  time: 0.0992
2025/06/24 16:41:46 - mmengine - INFO - Epoch(train) [176][ 50/400]  base_lr: 1.0000e-02 lr: 1.3870e-03  eta: 6:12:53  time: 2.9223  data_time: 0.0283  memory: 10790  grad_norm: 16.9070  loss: 18.0912  loss_cls: 3.3466  loss_bbox: 7.0665  loss_dfl: 7.6781
2025/06/24 16:43:38 - mmengine - INFO - Epoch(train) [176][100/400]  base_lr: 1.0000e-02 lr: 1.3870e-03  eta: 6:10:57  time: 2.2222  data_time: 0.0077  memory: 10854  grad_norm: 17.2063  loss: 18.1529  loss_cls: 3.3302  loss_bbox: 7.0596  loss_dfl: 7.7631
2025/06/24 16:46:00 - mmengine - INFO - Epoch(train) [176][150/400]  base_lr: 1.0000e-02 lr: 1.3870e-03  eta: 6:10:10  time: 2.8469  data_time: 0.0083  memory: 10838  grad_norm: 17.1862  loss: 18.2579  loss_cls: 3.4032  loss_bbox: 7.0953  loss_dfl: 7.7594
2025/06/24 16:47:54 - mmengine - INFO - Epoch(train) [176][200/400]  base_lr: 1.0000e-02 lr: 1.3870e-03  eta: 6:08:20  time: 2.2855  data_time: 0.0076  memory: 10849  grad_norm: 17.8594  loss: 18.4326  loss_cls: 3.4001  loss_bbox: 7.1982  loss_dfl: 7.8344
2025/06/24 16:50:17 - mmengine - INFO - Epoch(train) [176][250/400]  base_lr: 1.0000e-02 lr: 1.3870e-03  eta: 6:07:30  time: 2.8504  data_time: 0.0074  memory: 11174  grad_norm: 17.9099  loss: 18.0610  loss_cls: 3.3424  loss_bbox: 6.9254  loss_dfl: 7.7932
2025/06/24 16:52:19 - mmengine - INFO - Epoch(train) [176][300/400]  base_lr: 1.0000e-02 lr: 1.3870e-03  eta: 6:05:56  time: 2.4488  data_time: 0.0083  memory: 10833  grad_norm: 18.7577  loss: 18.2843  loss_cls: 3.3852  loss_bbox: 7.0207  loss_dfl: 7.8785
2025/06/24 16:54:51 - mmengine - INFO - Epoch(train) [176][350/400]  base_lr: 1.0000e-02 lr: 1.3870e-03  eta: 6:05:21  time: 3.0293  data_time: 0.0077  memory: 10881  grad_norm: 18.2506  loss: 18.4970  loss_cls: 3.4956  loss_bbox: 7.2173  loss_dfl: 7.7841
2025/06/24 16:56:42 - mmengine - INFO - Exp name: yolov8_mambatransformer_lightfusion_20250624_133553
2025/06/24 16:56:42 - mmengine - INFO - Epoch(train) [176][400/400]  base_lr: 1.0000e-02 lr: 1.3870e-03  eta: 6:03:23  time: 2.2307  data_time: 0.0099  memory: 10945  grad_norm: 17.8712  loss: 18.1619  loss_cls: 3.3561  loss_bbox: 6.9908  loss_dfl: 7.8151
2025/06/24 16:56:42 - mmengine - INFO - Saving checkpoint at 176 epochs
2025/06/24 16:56:52 - mmengine - INFO - Epoch(val) [176][ 50/800]    eta: 0:01:24  time: 0.1126  data_time: 0.0018  memory: 1019  
2025/06/24 16:56:57 - mmengine - INFO - Epoch(val) [176][100/800]    eta: 0:01:18  time: 0.1119  data_time: 0.0027  memory: 1019  
2025/06/24 16:57:02 - mmengine - INFO - Epoch(val) [176][150/800]    eta: 0:01:09  time: 0.0961  data_time: 0.0009  memory: 1019  
2025/06/24 16:57:07 - mmengine - INFO - Epoch(val) [176][200/800]    eta: 0:01:03  time: 0.1038  data_time: 0.0004  memory: 1019  
2025/06/24 16:57:13 - mmengine - INFO - Epoch(val) [176][250/800]    eta: 0:00:58  time: 0.1092  data_time: 0.0004  memory: 1019  
2025/06/24 16:57:18 - mmengine - INFO - Epoch(val) [176][300/800]    eta: 0:00:53  time: 0.1094  data_time: 0.0004  memory: 1019  
2025/06/24 16:57:24 - mmengine - INFO - Epoch(val) [176][350/800]    eta: 0:00:48  time: 0.1103  data_time: 0.0004  memory: 1019  
2025/06/24 16:57:29 - mmengine - INFO - Epoch(val) [176][400/800]    eta: 0:00:43  time: 0.1104  data_time: 0.0004  memory: 1019  
2025/06/24 16:57:35 - mmengine - INFO - Epoch(val) [176][450/800]    eta: 0:00:37  time: 0.1100  data_time: 0.0004  memory: 1019  
2025/06/24 16:57:41 - mmengine - INFO - Epoch(val) [176][500/800]    eta: 0:00:32  time: 0.1127  data_time: 0.0005  memory: 1019  
2025/06/24 16:57:46 - mmengine - INFO - Epoch(val) [176][550/800]    eta: 0:00:27  time: 0.1116  data_time: 0.0004  memory: 1019  
2025/06/24 16:57:52 - mmengine - INFO - Epoch(val) [176][600/800]    eta: 0:00:21  time: 0.1087  data_time: 0.0004  memory: 1019  
2025/06/24 16:57:57 - mmengine - INFO - Epoch(val) [176][650/800]    eta: 0:00:16  time: 0.1101  data_time: 0.0005  memory: 1019  
2025/06/24 16:58:03 - mmengine - INFO - Epoch(val) [176][700/800]    eta: 0:00:10  time: 0.1109  data_time: 0.0004  memory: 1019  
2025/06/24 16:58:08 - mmengine - INFO - Epoch(val) [176][750/800]    eta: 0:00:05  time: 0.1096  data_time: 0.0004  memory: 1019  
2025/06/24 16:58:14 - mmengine - INFO - Epoch(val) [176][800/800]    eta: 0:00:00  time: 0.1110  data_time: 0.0004  memory: 1019  
2025/06/24 16:58:15 - mmengine - INFO - Evaluating bbox...
2025/06/24 16:58:27 - mmengine - INFO - 
+-------------+-------+--------+--------+-------+-------+-------+
| category    | mAP   | mAP_50 | mAP_75 | mAP_s | mAP_m | mAP_l |
+-------------+-------+--------+--------+-------+-------+-------+
| car         | 0.702 | 0.965  | 0.856  | 0.485 | 0.732 | 0.0   |
| truck       | 0.533 | 0.75   | 0.645  | 0.064 | 0.526 | 0.601 |
| bus         | 0.765 | 0.962  | 0.891  | 0.0   | 0.732 | 0.832 |
| van         | 0.51  | 0.698  | 0.628  | 0.219 | 0.508 | 0.837 |
| freight_car | 0.497 | 0.69   | 0.583  | 0.09  | 0.488 | 0.573 |
+-------------+-------+--------+--------+-------+-------+-------+
2025/06/24 16:58:27 - mmengine - INFO - bbox_mAP_copypaste: 0.601 0.813 0.720 0.172 0.597 0.569
2025/06/24 16:58:27 - mmengine - INFO - Epoch(val) [176][800/800]    coco/car_precision: 0.7020  coco/truck_precision: 0.5330  coco/bus_precision: 0.7650  coco/van_precision: 0.5100  coco/freight_car_precision: 0.4970  coco/bbox_mAP: 0.6010  coco/bbox_mAP_50: 0.8130  coco/bbox_mAP_75: 0.7200  coco/bbox_mAP_s: 0.1720  coco/bbox_mAP_m: 0.5970  coco/bbox_mAP_l: 0.5690  data_time: 0.0007  time: 0.1092
2025/06/24 17:00:17 - mmengine - INFO - Epoch(train) [177][ 50/400]  base_lr: 1.0000e-02 lr: 1.3375e-03  eta: 6:01:23  time: 2.2069  data_time: 0.0302  memory: 10918  grad_norm: 16.9280  loss: 17.9703  loss_cls: 3.2978  loss_bbox: 6.9818  loss_dfl: 7.6907
2025/06/24 17:02:42 - mmengine - INFO - Epoch(train) [177][100/400]  base_lr: 1.0000e-02 lr: 1.3375e-03  eta: 6:00:30  time: 2.8936  data_time: 0.0074  memory: 10817  grad_norm: 18.6207  loss: 18.1933  loss_cls: 3.3767  loss_bbox: 7.0682  loss_dfl: 7.7484
2025/06/24 17:04:33 - mmengine - INFO - Epoch(train) [177][150/400]  base_lr: 1.0000e-02 lr: 1.3375e-03  eta: 5:58:30  time: 2.2169  data_time: 0.0080  memory: 10881  grad_norm: 17.5983  loss: 18.2621  loss_cls: 3.3271  loss_bbox: 7.1057  loss_dfl: 7.8293
2025/06/24 17:06:53 - mmengine - INFO - Epoch(train) [177][200/400]  base_lr: 1.0000e-02 lr: 1.3375e-03  eta: 5:57:26  time: 2.8054  data_time: 0.0084  memory: 11041  grad_norm: 17.4344  loss: 17.9550  loss_cls: 3.3330  loss_bbox: 6.9132  loss_dfl: 7.7088
2025/06/24 17:08:49 - mmengine - INFO - Epoch(train) [177][250/400]  base_lr: 1.0000e-02 lr: 1.3375e-03  eta: 5:55:37  time: 2.3288  data_time: 0.0080  memory: 10870  grad_norm: 18.1225  loss: 18.1162  loss_cls: 3.3333  loss_bbox: 7.0200  loss_dfl: 7.7629
2025/06/24 17:11:04 - mmengine - INFO - Epoch(train) [177][300/400]  base_lr: 1.0000e-02 lr: 1.3375e-03  eta: 5:54:20  time: 2.6949  data_time: 0.0075  memory: 11148  grad_norm: 17.6346  loss: 18.1100  loss_cls: 3.3670  loss_bbox: 7.0397  loss_dfl: 7.7032
2025/06/24 17:13:06 - mmengine - INFO - Epoch(train) [177][350/400]  base_lr: 1.0000e-02 lr: 1.3375e-03  eta: 5:52:40  time: 2.4418  data_time: 0.0073  memory: 10993  grad_norm: 18.2943  loss: 18.0448  loss_cls: 3.4005  loss_bbox: 7.0210  loss_dfl: 7.6233
2025/06/24 17:15:15 - mmengine - INFO - Exp name: yolov8_mambatransformer_lightfusion_20250624_133553
2025/06/24 17:15:15 - mmengine - INFO - Epoch(train) [177][400/400]  base_lr: 1.0000e-02 lr: 1.3375e-03  eta: 5:51:10  time: 2.5672  data_time: 0.0070  memory: 10966  grad_norm: 17.9088  loss: 18.2450  loss_cls: 3.4023  loss_bbox: 7.0922  loss_dfl: 7.7504
2025/06/24 17:15:15 - mmengine - INFO - Saving checkpoint at 177 epochs
2025/06/24 17:15:23 - mmengine - INFO - Epoch(val) [177][ 50/800]    eta: 0:01:16  time: 0.1023  data_time: 0.0007  memory: 1019  
2025/06/24 17:15:29 - mmengine - INFO - Epoch(val) [177][100/800]    eta: 0:01:12  time: 0.1052  data_time: 0.0004  memory: 1019  
2025/06/24 17:15:34 - mmengine - INFO - Epoch(val) [177][150/800]    eta: 0:01:09  time: 0.1117  data_time: 0.0004  memory: 1019  
2025/06/24 17:15:40 - mmengine - INFO - Epoch(val) [177][200/800]    eta: 0:01:06  time: 0.1219  data_time: 0.0005  memory: 1019  
2025/06/24 17:15:46 - mmengine - INFO - Epoch(val) [177][250/800]    eta: 0:01:01  time: 0.1166  data_time: 0.0006  memory: 1019  
2025/06/24 17:15:52 - mmengine - INFO - Epoch(val) [177][300/800]    eta: 0:00:55  time: 0.1116  data_time: 0.0005  memory: 1019  
2025/06/24 17:15:57 - mmengine - INFO - Epoch(val) [177][350/800]    eta: 0:00:50  time: 0.1087  data_time: 0.0004  memory: 1019  
2025/06/24 17:16:03 - mmengine - INFO - Epoch(val) [177][400/800]    eta: 0:00:44  time: 0.1103  data_time: 0.0004  memory: 1019  
2025/06/24 17:16:08 - mmengine - INFO - Epoch(val) [177][450/800]    eta: 0:00:38  time: 0.0980  data_time: 0.0004  memory: 1019  
2025/06/24 17:16:13 - mmengine - INFO - Epoch(val) [177][500/800]    eta: 0:00:32  time: 0.1086  data_time: 0.0045  memory: 1019  
2025/06/24 17:16:19 - mmengine - INFO - Epoch(val) [177][550/800]    eta: 0:00:27  time: 0.1079  data_time: 0.0017  memory: 1019  
2025/06/24 17:16:24 - mmengine - INFO - Epoch(val) [177][600/800]    eta: 0:00:21  time: 0.1128  data_time: 0.0019  memory: 1019  
2025/06/24 17:16:30 - mmengine - INFO - Epoch(val) [177][650/800]    eta: 0:00:16  time: 0.1139  data_time: 0.0007  memory: 1019  
2025/06/24 17:16:35 - mmengine - INFO - Epoch(val) [177][700/800]    eta: 0:00:10  time: 0.1064  data_time: 0.0024  memory: 1019  
2025/06/24 17:16:41 - mmengine - INFO - Epoch(val) [177][750/800]    eta: 0:00:05  time: 0.1082  data_time: 0.0013  memory: 1019  
2025/06/24 17:16:45 - mmengine - INFO - Epoch(val) [177][800/800]    eta: 0:00:00  time: 0.0761  data_time: 0.0004  memory: 1019  
2025/06/24 17:16:46 - mmengine - INFO - Evaluating bbox...
2025/06/24 17:16:57 - mmengine - INFO - 
+-------------+-------+--------+--------+-------+-------+-------+
| category    | mAP   | mAP_50 | mAP_75 | mAP_s | mAP_m | mAP_l |
+-------------+-------+--------+--------+-------+-------+-------+
| car         | 0.701 | 0.965  | 0.857  | 0.485 | 0.731 | 0.0   |
| truck       | 0.533 | 0.749  | 0.643  | 0.06  | 0.526 | 0.6   |
| bus         | 0.766 | 0.962  | 0.893  | 0.0   | 0.733 | 0.833 |
| van         | 0.509 | 0.697  | 0.622  | 0.215 | 0.507 | 0.84  |
| freight_car | 0.497 | 0.69   | 0.583  | 0.075 | 0.489 | 0.571 |
+-------------+-------+--------+--------+-------+-------+-------+
2025/06/24 17:16:57 - mmengine - INFO - bbox_mAP_copypaste: 0.601 0.813 0.719 0.167 0.597 0.569
2025/06/24 17:16:57 - mmengine - INFO - Epoch(val) [177][800/800]    coco/car_precision: 0.7010  coco/truck_precision: 0.5330  coco/bus_precision: 0.7660  coco/van_precision: 0.5090  coco/freight_car_precision: 0.4970  coco/bbox_mAP: 0.6010  coco/bbox_mAP_50: 0.8130  coco/bbox_mAP_75: 0.7190  coco/bbox_mAP_s: 0.1670  coco/bbox_mAP_m: 0.5970  coco/bbox_mAP_l: 0.5690  data_time: 0.0011  time: 0.1075
2025/06/24 17:19:21 - mmengine - INFO - Epoch(train) [178][ 50/400]  base_lr: 1.0000e-02 lr: 1.2880e-03  eta: 5:50:07  time: 2.8770  data_time: 0.0287  memory: 10854  grad_norm: 18.3966  loss: 18.1193  loss_cls: 3.3478  loss_bbox: 7.0435  loss_dfl: 7.7280
2025/06/24 17:21:15 - mmengine - INFO - Epoch(train) [178][100/400]  base_lr: 1.0000e-02 lr: 1.2880e-03  eta: 5:48:10  time: 2.2732  data_time: 0.0085  memory: 10929  grad_norm: 17.8452  loss: 18.2815  loss_cls: 3.3518  loss_bbox: 7.1435  loss_dfl: 7.7862
2025/06/24 17:23:39 - mmengine - INFO - Epoch(train) [178][150/400]  base_lr: 1.0000e-02 lr: 1.2880e-03  eta: 5:47:05  time: 2.8786  data_time: 0.0074  memory: 10860  grad_norm: 17.1992  loss: 18.0787  loss_cls: 3.3704  loss_bbox: 6.9790  loss_dfl: 7.7293
2025/06/24 17:25:31 - mmengine - INFO - Exp name: yolov8_mambatransformer_lightfusion_20250624_133553
2025/06/24 17:25:31 - mmengine - INFO - Epoch(train) [178][200/400]  base_lr: 1.0000e-02 lr: 1.2880e-03  eta: 5:45:05  time: 2.2443  data_time: 0.0073  memory: 11014  grad_norm: 17.7717  loss: 17.9439  loss_cls: 3.3365  loss_bbox: 6.8756  loss_dfl: 7.7319
2025/06/24 17:27:51 - mmengine - INFO - Epoch(train) [178][250/400]  base_lr: 1.0000e-02 lr: 1.2880e-03  eta: 5:43:51  time: 2.8060  data_time: 0.0075  memory: 10849  grad_norm: 17.2224  loss: 17.7951  loss_cls: 3.2768  loss_bbox: 6.8565  loss_dfl: 7.6618
2025/06/24 17:29:48 - mmengine - INFO - Epoch(train) [178][300/400]  base_lr: 1.0000e-02 lr: 1.2880e-03  eta: 5:41:59  time: 2.3390  data_time: 0.0092  memory: 10934  grad_norm: 17.4663  loss: 18.0081  loss_cls: 3.3486  loss_bbox: 6.9271  loss_dfl: 7.7324
2025/06/24 17:31:55 - mmengine - INFO - Epoch(train) [178][350/400]  base_lr: 1.0000e-02 lr: 1.2880e-03  eta: 5:40:22  time: 2.5416  data_time: 0.0075  memory: 10764  grad_norm: 17.6413  loss: 18.1876  loss_cls: 3.3549  loss_bbox: 7.0596  loss_dfl: 7.7732
2025/06/24 17:34:05 - mmengine - INFO - Exp name: yolov8_mambatransformer_lightfusion_20250624_133553
2025/06/24 17:34:05 - mmengine - INFO - Epoch(train) [178][400/400]  base_lr: 1.0000e-02 lr: 1.2880e-03  eta: 5:38:49  time: 2.5905  data_time: 0.0077  memory: 10929  grad_norm: 17.3809  loss: 18.0020  loss_cls: 3.2964  loss_bbox: 6.9803  loss_dfl: 7.7252
2025/06/24 17:34:05 - mmengine - INFO - Saving checkpoint at 178 epochs
2025/06/24 17:34:13 - mmengine - INFO - Epoch(val) [178][ 50/800]    eta: 0:01:08  time: 0.0913  data_time: 0.0008  memory: 1019  
2025/06/24 17:34:17 - mmengine - INFO - Epoch(val) [178][100/800]    eta: 0:01:00  time: 0.0808  data_time: 0.0004  memory: 1019  
2025/06/24 17:34:22 - mmengine - INFO - Epoch(val) [178][150/800]    eta: 0:00:57  time: 0.0940  data_time: 0.0004  memory: 1019  
2025/06/24 17:34:26 - mmengine - INFO - Epoch(val) [178][200/800]    eta: 0:00:51  time: 0.0797  data_time: 0.0004  memory: 1019  
2025/06/24 17:34:30 - mmengine - INFO - Epoch(val) [178][250/800]    eta: 0:00:47  time: 0.0895  data_time: 0.0004  memory: 1019  
2025/06/24 17:34:35 - mmengine - INFO - Epoch(val) [178][300/800]    eta: 0:00:44  time: 0.0940  data_time: 0.0004  memory: 1019  
2025/06/24 17:34:40 - mmengine - INFO - Epoch(val) [178][350/800]    eta: 0:00:40  time: 0.1007  data_time: 0.0004  memory: 1019  
2025/06/24 17:34:46 - mmengine - INFO - Epoch(val) [178][400/800]    eta: 0:00:37  time: 0.1100  data_time: 0.0004  memory: 1019  
2025/06/24 17:34:51 - mmengine - INFO - Epoch(val) [178][450/800]    eta: 0:00:33  time: 0.1100  data_time: 0.0004  memory: 1019  
2025/06/24 17:34:57 - mmengine - INFO - Epoch(val) [178][500/800]    eta: 0:00:28  time: 0.1118  data_time: 0.0004  memory: 1019  
2025/06/24 17:35:02 - mmengine - INFO - Epoch(val) [178][550/800]    eta: 0:00:24  time: 0.1104  data_time: 0.0004  memory: 1019  
2025/06/24 17:35:08 - mmengine - INFO - Epoch(val) [178][600/800]    eta: 0:00:19  time: 0.1101  data_time: 0.0004  memory: 1019  
2025/06/24 17:35:14 - mmengine - INFO - Epoch(val) [178][650/800]    eta: 0:00:14  time: 0.1107  data_time: 0.0004  memory: 1019  
2025/06/24 17:35:19 - mmengine - INFO - Epoch(val) [178][700/800]    eta: 0:00:10  time: 0.1111  data_time: 0.0004  memory: 1019  
2025/06/24 17:35:25 - mmengine - INFO - Epoch(val) [178][750/800]    eta: 0:00:05  time: 0.1088  data_time: 0.0004  memory: 1019  
2025/06/24 17:35:30 - mmengine - INFO - Epoch(val) [178][800/800]    eta: 0:00:00  time: 0.1089  data_time: 0.0004  memory: 1019  
2025/06/24 17:35:31 - mmengine - INFO - Evaluating bbox...
2025/06/24 17:35:43 - mmengine - INFO - 
+-------------+-------+--------+--------+-------+-------+-------+
| category    | mAP   | mAP_50 | mAP_75 | mAP_s | mAP_m | mAP_l |
+-------------+-------+--------+--------+-------+-------+-------+
| car         | 0.701 | 0.965  | 0.856  | 0.485 | 0.731 | 0.0   |
| truck       | 0.533 | 0.749  | 0.641  | 0.059 | 0.526 | 0.602 |
| bus         | 0.766 | 0.962  | 0.892  | 0.0   | 0.733 | 0.833 |
| van         | 0.508 | 0.697  | 0.618  | 0.216 | 0.507 | 0.839 |
| freight_car | 0.497 | 0.69   | 0.582  | 0.075 | 0.489 | 0.572 |
+-------------+-------+--------+--------+-------+-------+-------+
2025/06/24 17:35:43 - mmengine - INFO - bbox_mAP_copypaste: 0.601 0.813 0.718 0.167 0.597 0.569
2025/06/24 17:35:43 - mmengine - INFO - Epoch(val) [178][800/800]    coco/car_precision: 0.7010  coco/truck_precision: 0.5330  coco/bus_precision: 0.7660  coco/van_precision: 0.5080  coco/freight_car_precision: 0.4970  coco/bbox_mAP: 0.6010  coco/bbox_mAP_50: 0.8130  coco/bbox_mAP_75: 0.7180  coco/bbox_mAP_s: 0.1670  coco/bbox_mAP_m: 0.5970  coco/bbox_mAP_l: 0.5690  data_time: 0.0004  time: 0.1013
2025/06/24 17:37:46 - mmengine - INFO - Epoch(train) [179][ 50/400]  base_lr: 1.0000e-02 lr: 1.2385e-03  eta: 5:37:06  time: 2.4680  data_time: 0.0283  memory: 10796  grad_norm: 18.1115  loss: 18.0909  loss_cls: 3.3328  loss_bbox: 6.9934  loss_dfl: 7.7647
2025/06/24 17:39:58 - mmengine - INFO - Epoch(train) [179][100/400]  base_lr: 1.0000e-02 lr: 1.2385e-03  eta: 5:35:35  time: 2.6374  data_time: 0.0073  memory: 10854  grad_norm: 19.1949  loss: 18.1944  loss_cls: 3.3586  loss_bbox: 7.0673  loss_dfl: 7.7685
2025/06/24 17:42:03 - mmengine - INFO - Epoch(train) [179][150/400]  base_lr: 1.0000e-02 lr: 1.2385e-03  eta: 5:33:53  time: 2.4925  data_time: 0.0082  memory: 11100  grad_norm: 17.4856  loss: 18.0359  loss_cls: 3.3487  loss_bbox: 7.0436  loss_dfl: 7.6436
2025/06/24 17:44:07 - mmengine - INFO - Epoch(train) [179][200/400]  base_lr: 1.0000e-02 lr: 1.2385e-03  eta: 5:32:09  time: 2.4744  data_time: 0.0084  memory: 10897  grad_norm: 17.8080  loss: 18.0027  loss_cls: 3.3639  loss_bbox: 6.9732  loss_dfl: 7.6656
2025/06/24 17:46:19 - mmengine - INFO - Epoch(train) [179][250/400]  base_lr: 1.0000e-02 lr: 1.2385e-03  eta: 5:30:37  time: 2.6403  data_time: 0.0077  memory: 10748  grad_norm: 18.9856  loss: 18.0701  loss_cls: 3.3072  loss_bbox: 6.9247  loss_dfl: 7.8383
2025/06/24 17:48:20 - mmengine - INFO - Epoch(train) [179][300/400]  base_lr: 1.0000e-02 lr: 1.2385e-03  eta: 5:28:48  time: 2.4192  data_time: 0.0078  memory: 11036  grad_norm: 17.0873  loss: 17.9550  loss_cls: 3.3228  loss_bbox: 6.9777  loss_dfl: 7.6545
2025/06/24 17:50:33 - mmengine - INFO - Epoch(train) [179][350/400]  base_lr: 1.0000e-02 lr: 1.2385e-03  eta: 5:27:17  time: 2.6733  data_time: 0.0077  memory: 10929  grad_norm: 18.2635  loss: 18.2435  loss_cls: 3.3876  loss_bbox: 7.1122  loss_dfl: 7.7437
2025/06/24 17:52:18 - mmengine - INFO - Exp name: yolov8_mambatransformer_lightfusion_20250624_133553
2025/06/24 17:52:18 - mmengine - INFO - Epoch(train) [179][400/400]  base_lr: 1.0000e-02 lr: 1.2385e-03  eta: 5:25:04  time: 2.0871  data_time: 0.0103  memory: 10812  grad_norm: 17.9843  loss: 18.0421  loss_cls: 3.3396  loss_bbox: 6.9922  loss_dfl: 7.7103
2025/06/24 17:52:18 - mmengine - INFO - Saving checkpoint at 179 epochs
2025/06/24 17:52:27 - mmengine - INFO - Epoch(val) [179][ 50/800]    eta: 0:01:23  time: 0.1108  data_time: 0.0010  memory: 1019  
2025/06/24 17:52:32 - mmengine - INFO - Epoch(val) [179][100/800]    eta: 0:01:17  time: 0.1098  data_time: 0.0005  memory: 1019  
2025/06/24 17:52:38 - mmengine - INFO - Epoch(val) [179][150/800]    eta: 0:01:11  time: 0.1103  data_time: 0.0004  memory: 1019  
2025/06/24 17:52:43 - mmengine - INFO - Epoch(val) [179][200/800]    eta: 0:01:05  time: 0.1086  data_time: 0.0004  memory: 1019  
2025/06/24 17:52:49 - mmengine - INFO - Epoch(val) [179][250/800]    eta: 0:01:00  time: 0.1092  data_time: 0.0004  memory: 1019  
2025/06/24 17:52:54 - mmengine - INFO - Epoch(val) [179][300/800]    eta: 0:00:54  time: 0.1087  data_time: 0.0004  memory: 1019  
2025/06/24 17:53:00 - mmengine - INFO - Epoch(val) [179][350/800]    eta: 0:00:49  time: 0.1105  data_time: 0.0005  memory: 1019  
2025/06/24 17:53:05 - mmengine - INFO - Epoch(val) [179][400/800]    eta: 0:00:43  time: 0.1102  data_time: 0.0004  memory: 1019  
2025/06/24 17:53:11 - mmengine - INFO - Epoch(val) [179][450/800]    eta: 0:00:38  time: 0.1093  data_time: 0.0004  memory: 1019  
2025/06/24 17:53:16 - mmengine - INFO - Epoch(val) [179][500/800]    eta: 0:00:32  time: 0.1102  data_time: 0.0004  memory: 1019  
2025/06/24 17:53:22 - mmengine - INFO - Epoch(val) [179][550/800]    eta: 0:00:27  time: 0.1114  data_time: 0.0004  memory: 1019  
2025/06/24 17:53:28 - mmengine - INFO - Epoch(val) [179][600/800]    eta: 0:00:21  time: 0.1089  data_time: 0.0004  memory: 1019  
2025/06/24 17:53:33 - mmengine - INFO - Epoch(val) [179][650/800]    eta: 0:00:16  time: 0.0990  data_time: 0.0004  memory: 1019  
2025/06/24 17:53:37 - mmengine - INFO - Epoch(val) [179][700/800]    eta: 0:00:10  time: 0.0935  data_time: 0.0004  memory: 1019  
2025/06/24 17:53:42 - mmengine - INFO - Epoch(val) [179][750/800]    eta: 0:00:05  time: 0.0927  data_time: 0.0004  memory: 1019  
2025/06/24 17:53:46 - mmengine - INFO - Epoch(val) [179][800/800]    eta: 0:00:00  time: 0.0799  data_time: 0.0003  memory: 1019  
2025/06/24 17:53:47 - mmengine - INFO - Evaluating bbox...
2025/06/24 17:54:00 - mmengine - INFO - 
+-------------+-------+--------+--------+-------+-------+-------+
| category    | mAP   | mAP_50 | mAP_75 | mAP_s | mAP_m | mAP_l |
+-------------+-------+--------+--------+-------+-------+-------+
| car         | 0.701 | 0.965  | 0.856  | 0.486 | 0.731 | 0.0   |
| truck       | 0.533 | 0.749  | 0.642  | 0.059 | 0.526 | 0.601 |
| bus         | 0.767 | 0.962  | 0.892  | 0.0   | 0.733 | 0.834 |
| van         | 0.51  | 0.698  | 0.619  | 0.214 | 0.508 | 0.839 |
| freight_car | 0.497 | 0.69   | 0.583  | 0.075 | 0.49  | 0.572 |
+-------------+-------+--------+--------+-------+-------+-------+
2025/06/24 17:54:00 - mmengine - INFO - bbox_mAP_copypaste: 0.601 0.813 0.718 0.167 0.598 0.569
2025/06/24 17:54:00 - mmengine - INFO - Epoch(val) [179][800/800]    coco/car_precision: 0.7010  coco/truck_precision: 0.5330  coco/bus_precision: 0.7670  coco/van_precision: 0.5100  coco/freight_car_precision: 0.4970  coco/bbox_mAP: 0.6010  coco/bbox_mAP_50: 0.8130  coco/bbox_mAP_75: 0.7180  coco/bbox_mAP_s: 0.1670  coco/bbox_mAP_m: 0.5980  coco/bbox_mAP_l: 0.5690  data_time: 0.0004  time: 0.1052
2025/06/24 17:55:58 - mmengine - INFO - Epoch(train) [180][ 50/400]  base_lr: 1.0000e-02 lr: 1.1890e-03  eta: 5:23:11  time: 2.3670  data_time: 0.0283  memory: 10758  grad_norm: 17.7662  loss: 18.1750  loss_cls: 3.3769  loss_bbox: 7.0586  loss_dfl: 7.7395
2025/06/24 17:58:16 - mmengine - INFO - Epoch(train) [180][100/400]  base_lr: 1.0000e-02 lr: 1.1890e-03  eta: 5:21:44  time: 2.7484  data_time: 0.0074  memory: 11057  grad_norm: 18.2809  loss: 18.0481  loss_cls: 3.3802  loss_bbox: 6.9467  loss_dfl: 7.7212
2025/06/24 18:00:11 - mmengine - INFO - Epoch(train) [180][150/400]  base_lr: 1.0000e-02 lr: 1.1890e-03  eta: 5:19:47  time: 2.3155  data_time: 0.0076  memory: 10822  grad_norm: 17.9503  loss: 18.1160  loss_cls: 3.2727  loss_bbox: 7.0592  loss_dfl: 7.7841
2025/06/24 18:02:30 - mmengine - INFO - Epoch(train) [180][200/400]  base_lr: 1.0000e-02 lr: 1.1890e-03  eta: 5:18:20  time: 2.7773  data_time: 0.0074  memory: 10844  grad_norm: 18.6305  loss: 17.9831  loss_cls: 3.2884  loss_bbox: 6.9340  loss_dfl: 7.7607
2025/06/24 18:04:26 - mmengine - INFO - Epoch(train) [180][250/400]  base_lr: 1.0000e-02 lr: 1.1890e-03  eta: 5:16:22  time: 2.3078  data_time: 0.0076  memory: 10988  grad_norm: 17.8381  loss: 17.9180  loss_cls: 3.3533  loss_bbox: 6.9087  loss_dfl: 7.6560
2025/06/24 18:06:46 - mmengine - INFO - Epoch(train) [180][300/400]  base_lr: 1.0000e-02 lr: 1.1890e-03  eta: 5:14:57  time: 2.8047  data_time: 0.0103  memory: 10897  grad_norm: 17.8986  loss: 17.8998  loss_cls: 3.3506  loss_bbox: 6.8636  loss_dfl: 7.6856
2025/06/24 18:08:40 - mmengine - INFO - Epoch(train) [180][350/400]  base_lr: 1.0000e-02 lr: 1.1890e-03  eta: 5:12:57  time: 2.2820  data_time: 0.0088  memory: 10945  grad_norm: 17.7701  loss: 18.0571  loss_cls: 3.3277  loss_bbox: 7.0150  loss_dfl: 7.7144
2025/06/24 18:11:02 - mmengine - INFO - Exp name: yolov8_mambatransformer_lightfusion_20250624_133553
2025/06/24 18:11:02 - mmengine - INFO - Epoch(train) [180][400/400]  base_lr: 1.0000e-02 lr: 1.1890e-03  eta: 5:11:31  time: 2.8296  data_time: 0.0076  memory: 10950  grad_norm: 17.8135  loss: 18.0499  loss_cls: 3.3782  loss_bbox: 7.0128  loss_dfl: 7.6589
2025/06/24 18:11:02 - mmengine - INFO - Saving checkpoint at 180 epochs
2025/06/24 18:11:11 - mmengine - INFO - Epoch(val) [180][ 50/800]    eta: 0:01:25  time: 0.1142  data_time: 0.0056  memory: 1019  
2025/06/24 18:11:17 - mmengine - INFO - Epoch(val) [180][100/800]    eta: 0:01:19  time: 0.1118  data_time: 0.0043  memory: 1019  
2025/06/24 18:11:22 - mmengine - INFO - Epoch(val) [180][150/800]    eta: 0:01:13  time: 0.1120  data_time: 0.0028  memory: 1019  
2025/06/24 18:11:28 - mmengine - INFO - Epoch(val) [180][200/800]    eta: 0:01:07  time: 0.1144  data_time: 0.0031  memory: 1019  
2025/06/24 18:11:33 - mmengine - INFO - Epoch(val) [180][250/800]    eta: 0:00:59  time: 0.0896  data_time: 0.0004  memory: 1019  
2025/06/24 18:11:36 - mmengine - INFO - Epoch(val) [180][300/800]    eta: 0:00:51  time: 0.0753  data_time: 0.0004  memory: 1019  
2025/06/24 18:11:41 - mmengine - INFO - Epoch(val) [180][350/800]    eta: 0:00:45  time: 0.0845  data_time: 0.0004  memory: 1019  
2025/06/24 18:11:45 - mmengine - INFO - Epoch(val) [180][400/800]    eta: 0:00:39  time: 0.0788  data_time: 0.0004  memory: 1019  
2025/06/24 18:11:48 - mmengine - INFO - Epoch(val) [180][450/800]    eta: 0:00:33  time: 0.0751  data_time: 0.0003  memory: 1019  
2025/06/24 18:11:52 - mmengine - INFO - Epoch(val) [180][500/800]    eta: 0:00:27  time: 0.0752  data_time: 0.0003  memory: 1019  
2025/06/24 18:11:57 - mmengine - INFO - Epoch(val) [180][550/800]    eta: 0:00:23  time: 0.0902  data_time: 0.0004  memory: 1019  
2025/06/24 18:12:02 - mmengine - INFO - Epoch(val) [180][600/800]    eta: 0:00:18  time: 0.1020  data_time: 0.0004  memory: 1019  
2025/06/24 18:12:07 - mmengine - INFO - Epoch(val) [180][650/800]    eta: 0:00:14  time: 0.0933  data_time: 0.0004  memory: 1019  
2025/06/24 18:12:11 - mmengine - INFO - Epoch(val) [180][700/800]    eta: 0:00:09  time: 0.0917  data_time: 0.0003  memory: 1019  
2025/06/24 18:12:17 - mmengine - INFO - Epoch(val) [180][750/800]    eta: 0:00:04  time: 0.1139  data_time: 0.0004  memory: 1019  
2025/06/24 18:12:23 - mmengine - INFO - Epoch(val) [180][800/800]    eta: 0:00:00  time: 0.1115  data_time: 0.0004  memory: 1019  
2025/06/24 18:12:24 - mmengine - INFO - Evaluating bbox...
2025/06/24 18:12:35 - mmengine - INFO - 
+-------------+-------+--------+--------+-------+-------+-------+
| category    | mAP   | mAP_50 | mAP_75 | mAP_s | mAP_m | mAP_l |
+-------------+-------+--------+--------+-------+-------+-------+
| car         | 0.701 | 0.965  | 0.857  | 0.487 | 0.731 | 0.0   |
| truck       | 0.534 | 0.75   | 0.642  | 0.059 | 0.527 | 0.603 |
| bus         | 0.767 | 0.962  | 0.889  | 0.0   | 0.734 | 0.833 |
| van         | 0.51  | 0.698  | 0.616  | 0.213 | 0.508 | 0.833 |
| freight_car | 0.497 | 0.689  | 0.584  | 0.076 | 0.488 | 0.575 |
+-------------+-------+--------+--------+-------+-------+-------+
2025/06/24 18:12:35 - mmengine - INFO - bbox_mAP_copypaste: 0.602 0.813 0.717 0.167 0.598 0.569
2025/06/24 18:12:35 - mmengine - INFO - Epoch(val) [180][800/800]    coco/car_precision: 0.7010  coco/truck_precision: 0.5340  coco/bus_precision: 0.7670  coco/van_precision: 0.5100  coco/freight_car_precision: 0.4970  coco/bbox_mAP: 0.6020  coco/bbox_mAP_50: 0.8130  coco/bbox_mAP_75: 0.7170  coco/bbox_mAP_s: 0.1670  coco/bbox_mAP_m: 0.5980  coco/bbox_mAP_l: 0.5690  data_time: 0.0013  time: 0.0958
2025/06/24 18:14:54 - mmengine - INFO - Epoch(train) [181][ 50/400]  base_lr: 1.0000e-02 lr: 1.1395e-03  eta: 5:10:01  time: 2.7720  data_time: 0.0308  memory: 11309  grad_norm: 18.7000  loss: 17.9660  loss_cls: 3.3246  loss_bbox: 6.9283  loss_dfl: 7.7131
2025/06/24 18:16:47 - mmengine - INFO - Epoch(train) [181][100/400]  base_lr: 1.0000e-02 lr: 1.1395e-03  eta: 5:07:59  time: 2.2566  data_time: 0.0077  memory: 11180  grad_norm: 18.4850  loss: 17.9660  loss_cls: 3.3086  loss_bbox: 6.9251  loss_dfl: 7.7324
2025/06/24 18:19:09 - mmengine - INFO - Epoch(train) [181][150/400]  base_lr: 1.0000e-02 lr: 1.1395e-03  eta: 5:06:32  time: 2.8370  data_time: 0.0086  memory: 11297  grad_norm: 18.5651  loss: 18.0337  loss_cls: 3.3166  loss_bbox: 7.0082  loss_dfl: 7.7089
2025/06/24 18:21:01 - mmengine - INFO - Epoch(train) [181][200/400]  base_lr: 1.0000e-02 lr: 1.1395e-03  eta: 5:04:29  time: 2.2370  data_time: 0.0086  memory: 11057  grad_norm: 17.5319  loss: 17.8759  loss_cls: 3.2540  loss_bbox: 6.9994  loss_dfl: 7.6226
2025/06/24 18:23:24 - mmengine - INFO - Epoch(train) [181][250/400]  base_lr: 1.0000e-02 lr: 1.1395e-03  eta: 5:03:01  time: 2.8578  data_time: 0.0075  memory: 11094  grad_norm: 17.7911  loss: 18.0571  loss_cls: 3.2984  loss_bbox: 7.0357  loss_dfl: 7.7231
2025/06/24 18:25:14 - mmengine - INFO - Epoch(train) [181][300/400]  base_lr: 1.0000e-02 lr: 1.1395e-03  eta: 5:00:56  time: 2.2045  data_time: 0.0084  memory: 10774  grad_norm: 17.4880  loss: 17.9538  loss_cls: 3.3322  loss_bbox: 6.9656  loss_dfl: 7.6560
2025/06/24 18:27:39 - mmengine - INFO - Epoch(train) [181][350/400]  base_lr: 1.0000e-02 lr: 1.1395e-03  eta: 4:59:31  time: 2.9064  data_time: 0.0082  memory: 10897  grad_norm: 19.0812  loss: 18.4175  loss_cls: 3.4211  loss_bbox: 7.2205  loss_dfl: 7.7759
2025/06/24 18:29:20 - mmengine - INFO - Exp name: yolov8_mambatransformer_lightfusion_20250624_133553
2025/06/24 18:29:20 - mmengine - INFO - Epoch(train) [181][400/400]  base_lr: 1.0000e-02 lr: 1.1395e-03  eta: 4:57:14  time: 2.0061  data_time: 0.0114  memory: 10982  grad_norm: 17.5382  loss: 18.0411  loss_cls: 3.3065  loss_bbox: 7.0246  loss_dfl: 7.7100
2025/06/24 18:29:20 - mmengine - INFO - Saving checkpoint at 181 epochs
2025/06/24 18:29:30 - mmengine - INFO - Epoch(val) [181][ 50/800]    eta: 0:01:15  time: 0.1011  data_time: 0.0014  memory: 1019  
2025/06/24 18:29:34 - mmengine - INFO - Epoch(val) [181][100/800]    eta: 0:01:07  time: 0.0920  data_time: 0.0003  memory: 1019  
2025/06/24 18:29:39 - mmengine - INFO - Epoch(val) [181][150/800]    eta: 0:01:01  time: 0.0927  data_time: 0.0004  memory: 1019  
2025/06/24 18:29:44 - mmengine - INFO - Epoch(val) [181][200/800]    eta: 0:00:57  time: 0.0973  data_time: 0.0003  memory: 1019  
2025/06/24 18:29:49 - mmengine - INFO - Epoch(val) [181][250/800]    eta: 0:00:54  time: 0.1080  data_time: 0.0004  memory: 1019  
2025/06/24 18:29:55 - mmengine - INFO - Epoch(val) [181][300/800]    eta: 0:00:50  time: 0.1092  data_time: 0.0004  memory: 1019  
2025/06/24 18:30:00 - mmengine - INFO - Epoch(val) [181][350/800]    eta: 0:00:45  time: 0.1082  data_time: 0.0004  memory: 1019  
2025/06/24 18:30:06 - mmengine - INFO - Epoch(val) [181][400/800]    eta: 0:00:40  time: 0.1087  data_time: 0.0004  memory: 1019  
2025/06/24 18:30:11 - mmengine - INFO - Epoch(val) [181][450/800]    eta: 0:00:36  time: 0.1087  data_time: 0.0004  memory: 1019  
2025/06/24 18:30:17 - mmengine - INFO - Epoch(val) [181][500/800]    eta: 0:00:31  time: 0.1116  data_time: 0.0005  memory: 1019  
2025/06/24 18:30:22 - mmengine - INFO - Epoch(val) [181][550/800]    eta: 0:00:26  time: 0.1105  data_time: 0.0004  memory: 1019  
2025/06/24 18:30:28 - mmengine - INFO - Epoch(val) [181][600/800]    eta: 0:00:20  time: 0.1093  data_time: 0.0004  memory: 1019  
2025/06/24 18:30:33 - mmengine - INFO - Epoch(val) [181][650/800]    eta: 0:00:15  time: 0.1014  data_time: 0.0004  memory: 1019  
2025/06/24 18:30:38 - mmengine - INFO - Epoch(val) [181][700/800]    eta: 0:00:10  time: 0.1064  data_time: 0.0004  memory: 1019  
2025/06/24 18:30:43 - mmengine - INFO - Epoch(val) [181][750/800]    eta: 0:00:05  time: 0.0997  data_time: 0.0004  memory: 1019  
2025/06/24 18:30:48 - mmengine - INFO - Epoch(val) [181][800/800]    eta: 0:00:00  time: 0.0927  data_time: 0.0004  memory: 1019  
2025/06/24 18:30:49 - mmengine - INFO - Evaluating bbox...
2025/06/24 18:31:01 - mmengine - INFO - 
+-------------+-------+--------+--------+-------+-------+-------+
| category    | mAP   | mAP_50 | mAP_75 | mAP_s | mAP_m | mAP_l |
+-------------+-------+--------+--------+-------+-------+-------+
| car         | 0.701 | 0.965  | 0.856  | 0.487 | 0.731 | 0.0   |
| truck       | 0.534 | 0.75   | 0.647  | 0.06  | 0.527 | 0.603 |
| bus         | 0.766 | 0.962  | 0.889  | 0.0   | 0.733 | 0.833 |
| van         | 0.51  | 0.698  | 0.616  | 0.212 | 0.51  | 0.838 |
| freight_car | 0.497 | 0.69   | 0.584  | 0.077 | 0.489 | 0.574 |
+-------------+-------+--------+--------+-------+-------+-------+
2025/06/24 18:31:01 - mmengine - INFO - bbox_mAP_copypaste: 0.602 0.813 0.719 0.167 0.598 0.570
2025/06/24 18:31:01 - mmengine - INFO - Epoch(val) [181][800/800]    coco/car_precision: 0.7010  coco/truck_precision: 0.5340  coco/bus_precision: 0.7660  coco/van_precision: 0.5100  coco/freight_car_precision: 0.4970  coco/bbox_mAP: 0.6020  coco/bbox_mAP_50: 0.8130  coco/bbox_mAP_75: 0.7190  coco/bbox_mAP_s: 0.1670  coco/bbox_mAP_m: 0.5980  coco/bbox_mAP_l: 0.5700  data_time: 0.0005  time: 0.1036
2025/06/24 18:32:53 - mmengine - INFO - Epoch(train) [182][ 50/400]  base_lr: 1.0000e-02 lr: 1.0900e-03  eta: 4:55:11  time: 2.2532  data_time: 0.0289  memory: 11185  grad_norm: 18.4089  loss: 17.9901  loss_cls: 3.3450  loss_bbox: 6.9526  loss_dfl: 7.6925
2025/06/24 18:35:17 - mmengine - INFO - Epoch(train) [182][100/400]  base_lr: 1.0000e-02 lr: 1.0900e-03  eta: 4:53:43  time: 2.8790  data_time: 0.0077  memory: 11201  grad_norm: 16.8542  loss: 17.5946  loss_cls: 3.2080  loss_bbox: 6.7363  loss_dfl: 7.6503
2025/06/24 18:37:01 - mmengine - INFO - Epoch(train) [182][150/400]  base_lr: 1.0000e-02 lr: 1.0900e-03  eta: 4:51:31  time: 2.0738  data_time: 0.0099  memory: 10902  grad_norm: 17.3986  loss: 18.0093  loss_cls: 3.2705  loss_bbox: 7.0107  loss_dfl: 7.7282
2025/06/24 18:39:26 - mmengine - INFO - Epoch(train) [182][200/400]  base_lr: 1.0000e-02 lr: 1.0900e-03  eta: 4:50:03  time: 2.8975  data_time: 0.0072  memory: 11057  grad_norm: 18.3760  loss: 17.8810  loss_cls: 3.2640  loss_bbox: 6.8424  loss_dfl: 7.7746
2025/06/24 18:41:15 - mmengine - INFO - Epoch(train) [182][250/400]  base_lr: 1.0000e-02 lr: 1.0900e-03  eta: 4:47:56  time: 2.1774  data_time: 0.0077  memory: 10886  grad_norm: 19.2475  loss: 17.9175  loss_cls: 3.2617  loss_bbox: 6.8878  loss_dfl: 7.7681
2025/06/24 18:43:40 - mmengine - INFO - Epoch(train) [182][300/400]  base_lr: 1.0000e-02 lr: 1.0900e-03  eta: 4:46:26  time: 2.8983  data_time: 0.0074  memory: 10950  grad_norm: 18.8442  loss: 17.8950  loss_cls: 3.3115  loss_bbox: 6.8818  loss_dfl: 7.7017
2025/06/24 18:45:29 - mmengine - INFO - Epoch(train) [182][350/400]  base_lr: 1.0000e-02 lr: 1.0900e-03  eta: 4:44:20  time: 2.1759  data_time: 0.0077  memory: 11025  grad_norm: 18.2044  loss: 17.6318  loss_cls: 3.2156  loss_bbox: 6.7568  loss_dfl: 7.6594
2025/06/24 18:47:53 - mmengine - INFO - Exp name: yolov8_mambatransformer_lightfusion_20250624_133553
2025/06/24 18:47:53 - mmengine - INFO - Epoch(train) [182][400/400]  base_lr: 1.0000e-02 lr: 1.0900e-03  eta: 4:42:49  time: 2.8842  data_time: 0.0072  memory: 11062  grad_norm: 19.0192  loss: 18.1387  loss_cls: 3.3527  loss_bbox: 7.0791  loss_dfl: 7.7069
2025/06/24 18:47:53 - mmengine - INFO - Saving checkpoint at 182 epochs
2025/06/24 18:48:02 - mmengine - INFO - Epoch(val) [182][ 50/800]    eta: 0:01:24  time: 0.1122  data_time: 0.0011  memory: 1019  
2025/06/24 18:48:08 - mmengine - INFO - Epoch(val) [182][100/800]    eta: 0:01:17  time: 0.1099  data_time: 0.0004  memory: 1019  
2025/06/24 18:48:13 - mmengine - INFO - Epoch(val) [182][150/800]    eta: 0:01:10  time: 0.1014  data_time: 0.0004  memory: 1019  
2025/06/24 18:48:18 - mmengine - INFO - Epoch(val) [182][200/800]    eta: 0:01:04  time: 0.1047  data_time: 0.0018  memory: 1019  
2025/06/24 18:48:23 - mmengine - INFO - Epoch(val) [182][250/800]    eta: 0:00:58  time: 0.1082  data_time: 0.0054  memory: 1019  
2025/06/24 18:48:29 - mmengine - INFO - Epoch(val) [182][300/800]    eta: 0:00:53  time: 0.1080  data_time: 0.0051  memory: 1019  
2025/06/24 18:48:34 - mmengine - INFO - Epoch(val) [182][350/800]    eta: 0:00:48  time: 0.1065  data_time: 0.0004  memory: 1019  
2025/06/24 18:48:39 - mmengine - INFO - Epoch(val) [182][400/800]    eta: 0:00:42  time: 0.1017  data_time: 0.0004  memory: 1019  
2025/06/24 18:48:45 - mmengine - INFO - Epoch(val) [182][450/800]    eta: 0:00:37  time: 0.1084  data_time: 0.0032  memory: 1019  
2025/06/24 18:48:49 - mmengine - INFO - Epoch(val) [182][500/800]    eta: 0:00:31  time: 0.0948  data_time: 0.0004  memory: 1019  
2025/06/24 18:48:54 - mmengine - INFO - Epoch(val) [182][550/800]    eta: 0:00:26  time: 0.0946  data_time: 0.0004  memory: 1019  
2025/06/24 18:48:59 - mmengine - INFO - Epoch(val) [182][600/800]    eta: 0:00:20  time: 0.0867  data_time: 0.0004  memory: 1019  
2025/06/24 18:49:02 - mmengine - INFO - Epoch(val) [182][650/800]    eta: 0:00:15  time: 0.0759  data_time: 0.0003  memory: 1019  
2025/06/24 18:49:06 - mmengine - INFO - Epoch(val) [182][700/800]    eta: 0:00:09  time: 0.0750  data_time: 0.0003  memory: 1019  
2025/06/24 18:49:10 - mmengine - INFO - Epoch(val) [182][750/800]    eta: 0:00:04  time: 0.0797  data_time: 0.0004  memory: 1019  
2025/06/24 18:49:14 - mmengine - INFO - Epoch(val) [182][800/800]    eta: 0:00:00  time: 0.0854  data_time: 0.0004  memory: 1019  
2025/06/24 18:49:15 - mmengine - INFO - Evaluating bbox...
2025/06/24 18:49:27 - mmengine - INFO - 
+-------------+-------+--------+--------+-------+-------+-------+
| category    | mAP   | mAP_50 | mAP_75 | mAP_s | mAP_m | mAP_l |
+-------------+-------+--------+--------+-------+-------+-------+
| car         | 0.701 | 0.965  | 0.856  | 0.486 | 0.732 | 0.0   |
| truck       | 0.534 | 0.75   | 0.65   | 0.06  | 0.528 | 0.604 |
| bus         | 0.766 | 0.962  | 0.886  | 0.0   | 0.732 | 0.833 |
| van         | 0.51  | 0.698  | 0.616  | 0.212 | 0.509 | 0.831 |
| freight_car | 0.496 | 0.689  | 0.585  | 0.079 | 0.487 | 0.575 |
+-------------+-------+--------+--------+-------+-------+-------+
2025/06/24 18:49:27 - mmengine - INFO - bbox_mAP_copypaste: 0.601 0.813 0.719 0.167 0.598 0.569
2025/06/24 18:49:27 - mmengine - INFO - Epoch(val) [182][800/800]    coco/car_precision: 0.7010  coco/truck_precision: 0.5340  coco/bus_precision: 0.7660  coco/van_precision: 0.5100  coco/freight_car_precision: 0.4960  coco/bbox_mAP: 0.6010  coco/bbox_mAP_50: 0.8130  coco/bbox_mAP_75: 0.7190  coco/bbox_mAP_s: 0.1670  coco/bbox_mAP_m: 0.5980  coco/bbox_mAP_l: 0.5690  data_time: 0.0013  time: 0.0970
2025/06/24 18:51:52 - mmengine - INFO - Epoch(train) [183][ 50/400]  base_lr: 1.0000e-02 lr: 1.0405e-03  eta: 4:41:18  time: 2.9011  data_time: 0.0301  memory: 10988  grad_norm: 17.7867  loss: 17.9321  loss_cls: 3.2612  loss_bbox: 6.9465  loss_dfl: 7.7244
2025/06/24 18:53:36 - mmengine - INFO - Epoch(train) [183][100/400]  base_lr: 1.0000e-02 lr: 1.0405e-03  eta: 4:39:06  time: 2.0797  data_time: 0.0083  memory: 11254  grad_norm: 19.0928  loss: 17.9857  loss_cls: 3.2894  loss_bbox: 6.9565  loss_dfl: 7.7399
2025/06/24 18:56:01 - mmengine - INFO - Epoch(train) [183][150/400]  base_lr: 1.0000e-02 lr: 1.0405e-03  eta: 4:37:34  time: 2.8922  data_time: 0.0075  memory: 10758  grad_norm: 17.9849  loss: 17.9184  loss_cls: 3.2507  loss_bbox: 6.9378  loss_dfl: 7.7299
2025/06/24 18:57:51 - mmengine - INFO - Exp name: yolov8_mambatransformer_lightfusion_20250624_133553
2025/06/24 18:57:51 - mmengine - INFO - Epoch(train) [183][200/400]  base_lr: 1.0000e-02 lr: 1.0405e-03  eta: 4:35:27  time: 2.1923  data_time: 0.0090  memory: 10956  grad_norm: 19.7040  loss: 18.2009  loss_cls: 3.3593  loss_bbox: 7.0604  loss_dfl: 7.7812
2025/06/24 19:00:09 - mmengine - INFO - Epoch(train) [183][250/400]  base_lr: 1.0000e-02 lr: 1.0405e-03  eta: 4:33:48  time: 2.7623  data_time: 0.0083  memory: 10737  grad_norm: 18.1560  loss: 17.7684  loss_cls: 3.2522  loss_bbox: 6.8246  loss_dfl: 7.6915
2025/06/24 19:02:07 - mmengine - INFO - Epoch(train) [183][300/400]  base_lr: 1.0000e-02 lr: 1.0405e-03  eta: 4:31:50  time: 2.3656  data_time: 0.0078  memory: 10870  grad_norm: 17.6840  loss: 17.8067  loss_cls: 3.2322  loss_bbox: 6.8688  loss_dfl: 7.7056
2025/06/24 19:04:22 - mmengine - INFO - Epoch(train) [183][350/400]  base_lr: 1.0000e-02 lr: 1.0405e-03  eta: 4:30:07  time: 2.7001  data_time: 0.0074  memory: 11036  grad_norm: 18.9206  loss: 18.1013  loss_cls: 3.3304  loss_bbox: 7.0573  loss_dfl: 7.7136
2025/06/24 19:06:24 - mmengine - INFO - Exp name: yolov8_mambatransformer_lightfusion_20250624_133553
2025/06/24 19:06:24 - mmengine - INFO - Epoch(train) [183][400/400]  base_lr: 1.0000e-02 lr: 1.0405e-03  eta: 4:28:11  time: 2.4276  data_time: 0.0076  memory: 11201  grad_norm: 19.1422  loss: 17.9140  loss_cls: 3.2720  loss_bbox: 6.9554  loss_dfl: 7.6866
2025/06/24 19:06:24 - mmengine - INFO - Saving checkpoint at 183 epochs
2025/06/24 19:06:34 - mmengine - INFO - Epoch(val) [183][ 50/800]    eta: 0:01:18  time: 0.1043  data_time: 0.0014  memory: 1019  
2025/06/24 19:06:39 - mmengine - INFO - Epoch(val) [183][100/800]    eta: 0:01:13  time: 0.1047  data_time: 0.0004  memory: 1019  
2025/06/24 19:06:44 - mmengine - INFO - Epoch(val) [183][150/800]    eta: 0:01:08  time: 0.1073  data_time: 0.0006  memory: 1019  
2025/06/24 19:06:50 - mmengine - INFO - Epoch(val) [183][200/800]    eta: 0:01:05  time: 0.1207  data_time: 0.0005  memory: 1019  
2025/06/24 19:06:57 - mmengine - INFO - Epoch(val) [183][250/800]    eta: 0:01:02  time: 0.1286  data_time: 0.0065  memory: 1019  
2025/06/24 19:07:03 - mmengine - INFO - Epoch(val) [183][300/800]    eta: 0:00:56  time: 0.1176  data_time: 0.0038  memory: 1019  
2025/06/24 19:07:09 - mmengine - INFO - Epoch(val) [183][350/800]    eta: 0:00:51  time: 0.1176  data_time: 0.0005  memory: 1019  
2025/06/24 19:07:15 - mmengine - INFO - Epoch(val) [183][400/800]    eta: 0:00:46  time: 0.1194  data_time: 0.0053  memory: 1019  
2025/06/24 19:07:21 - mmengine - INFO - Epoch(val) [183][450/800]    eta: 0:00:40  time: 0.1230  data_time: 0.0053  memory: 1019  
2025/06/24 19:07:27 - mmengine - INFO - Epoch(val) [183][500/800]    eta: 0:00:34  time: 0.1206  data_time: 0.0024  memory: 1019  
2025/06/24 19:07:34 - mmengine - INFO - Epoch(val) [183][550/800]    eta: 0:00:29  time: 0.1374  data_time: 0.0042  memory: 1019  
2025/06/24 19:07:40 - mmengine - INFO - Epoch(val) [183][600/800]    eta: 0:00:23  time: 0.1214  data_time: 0.0005  memory: 1019  
2025/06/24 19:07:46 - mmengine - INFO - Epoch(val) [183][650/800]    eta: 0:00:17  time: 0.1237  data_time: 0.0005  memory: 1019  
2025/06/24 19:07:52 - mmengine - INFO - Epoch(val) [183][700/800]    eta: 0:00:11  time: 0.1080  data_time: 0.0005  memory: 1019  
2025/06/24 19:07:57 - mmengine - INFO - Epoch(val) [183][750/800]    eta: 0:00:05  time: 0.1098  data_time: 0.0004  memory: 1019  
2025/06/24 19:08:02 - mmengine - INFO - Epoch(val) [183][800/800]    eta: 0:00:00  time: 0.1063  data_time: 0.0004  memory: 1019  
2025/06/24 19:08:03 - mmengine - INFO - Evaluating bbox...
2025/06/24 19:08:15 - mmengine - INFO - 
+-------------+-------+--------+--------+-------+-------+-------+
| category    | mAP   | mAP_50 | mAP_75 | mAP_s | mAP_m | mAP_l |
+-------------+-------+--------+--------+-------+-------+-------+
| car         | 0.701 | 0.965  | 0.856  | 0.487 | 0.732 | 0.0   |
| truck       | 0.534 | 0.75   | 0.651  | 0.072 | 0.527 | 0.604 |
| bus         | 0.767 | 0.962  | 0.889  | 0.0   | 0.733 | 0.834 |
| van         | 0.51  | 0.697  | 0.616  | 0.212 | 0.509 | 0.838 |
| freight_car | 0.495 | 0.689  | 0.583  | 0.082 | 0.486 | 0.573 |
+-------------+-------+--------+--------+-------+-------+-------+
2025/06/24 19:08:15 - mmengine - INFO - bbox_mAP_copypaste: 0.601 0.813 0.719 0.170 0.597 0.570
2025/06/24 19:08:15 - mmengine - INFO - Epoch(val) [183][800/800]    coco/car_precision: 0.7010  coco/truck_precision: 0.5340  coco/bus_precision: 0.7670  coco/van_precision: 0.5100  coco/freight_car_precision: 0.4950  coco/bbox_mAP: 0.6010  coco/bbox_mAP_50: 0.8130  coco/bbox_mAP_75: 0.7190  coco/bbox_mAP_s: 0.1700  coco/bbox_mAP_m: 0.5970  coco/bbox_mAP_l: 0.5700  data_time: 0.0021  time: 0.1168
2025/06/24 19:10:05 - mmengine - INFO - Epoch(train) [184][ 50/400]  base_lr: 1.0000e-02 lr: 9.9100e-04  eta: 4:26:06  time: 2.1947  data_time: 0.0287  memory: 11020  grad_norm: 18.2602  loss: 17.6771  loss_cls: 3.1855  loss_bbox: 6.7913  loss_dfl: 7.7003
2025/06/24 19:12:31 - mmengine - INFO - Epoch(train) [184][100/400]  base_lr: 1.0000e-02 lr: 9.9100e-04  eta: 4:24:31  time: 2.9129  data_time: 0.0073  memory: 11036  grad_norm: 18.8970  loss: 17.7977  loss_cls: 3.2547  loss_bbox: 6.8116  loss_dfl: 7.7314
2025/06/24 19:14:19 - mmengine - INFO - Epoch(train) [184][150/400]  base_lr: 1.0000e-02 lr: 9.9100e-04  eta: 4:22:25  time: 2.1786  data_time: 0.0078  memory: 10897  grad_norm: 18.1949  loss: 17.9932  loss_cls: 3.3332  loss_bbox: 6.9794  loss_dfl: 7.6807
2025/06/24 19:16:44 - mmengine - INFO - Epoch(train) [184][200/400]  base_lr: 1.0000e-02 lr: 9.9100e-04  eta: 4:20:48  time: 2.8959  data_time: 0.0073  memory: 10940  grad_norm: 19.5843  loss: 17.9715  loss_cls: 3.3236  loss_bbox: 6.8924  loss_dfl: 7.7556
2025/06/24 19:18:35 - mmengine - INFO - Epoch(train) [184][250/400]  base_lr: 1.0000e-02 lr: 9.9100e-04  eta: 4:18:43  time: 2.2147  data_time: 0.0080  memory: 10865  grad_norm: 19.0335  loss: 17.9327  loss_cls: 3.2712  loss_bbox: 6.9633  loss_dfl: 7.6981
2025/06/24 19:20:59 - mmengine - INFO - Epoch(train) [184][300/400]  base_lr: 1.0000e-02 lr: 9.9100e-04  eta: 4:17:06  time: 2.8796  data_time: 0.0082  memory: 10998  grad_norm: 18.6205  loss: 17.6578  loss_cls: 3.1796  loss_bbox: 6.7925  loss_dfl: 7.6858
2025/06/24 19:22:52 - mmengine - INFO - Epoch(train) [184][350/400]  base_lr: 1.0000e-02 lr: 9.9100e-04  eta: 4:15:02  time: 2.2523  data_time: 0.0076  memory: 10940  grad_norm: 19.2931  loss: 18.0265  loss_cls: 3.2983  loss_bbox: 6.9933  loss_dfl: 7.7350
2025/06/24 19:25:17 - mmengine - INFO - Exp name: yolov8_mambatransformer_lightfusion_20250624_133553
2025/06/24 19:25:17 - mmengine - INFO - Epoch(train) [184][400/400]  base_lr: 1.0000e-02 lr: 9.9100e-04  eta: 4:13:25  time: 2.9141  data_time: 0.0075  memory: 11062  grad_norm: 18.4546  loss: 17.8955  loss_cls: 3.2428  loss_bbox: 6.9369  loss_dfl: 7.7158
2025/06/24 19:25:17 - mmengine - INFO - Saving checkpoint at 184 epochs
2025/06/24 19:25:26 - mmengine - INFO - Epoch(val) [184][ 50/800]    eta: 0:01:21  time: 0.1093  data_time: 0.0011  memory: 1019  
2025/06/24 19:25:32 - mmengine - INFO - Epoch(val) [184][100/800]    eta: 0:01:14  time: 0.1037  data_time: 0.0004  memory: 1019  
2025/06/24 19:25:37 - mmengine - INFO - Epoch(val) [184][150/800]    eta: 0:01:10  time: 0.1110  data_time: 0.0004  memory: 1019  
2025/06/24 19:25:43 - mmengine - INFO - Epoch(val) [184][200/800]    eta: 0:01:04  time: 0.1048  data_time: 0.0004  memory: 1019  
2025/06/24 19:25:47 - mmengine - INFO - Epoch(val) [184][250/800]    eta: 0:00:56  time: 0.0869  data_time: 0.0004  memory: 1019  
2025/06/24 19:25:52 - mmengine - INFO - Epoch(val) [184][300/800]    eta: 0:00:51  time: 0.1014  data_time: 0.0007  memory: 1019  
2025/06/24 19:25:58 - mmengine - INFO - Epoch(val) [184][350/800]    eta: 0:00:47  time: 0.1166  data_time: 0.0007  memory: 1019  
2025/06/24 19:26:03 - mmengine - INFO - Epoch(val) [184][400/800]    eta: 0:00:42  time: 0.1080  data_time: 0.0018  memory: 1019  
2025/06/24 19:26:09 - mmengine - INFO - Epoch(val) [184][450/800]    eta: 0:00:37  time: 0.1138  data_time: 0.0055  memory: 1019  
2025/06/24 19:26:15 - mmengine - INFO - Epoch(val) [184][500/800]    eta: 0:00:31  time: 0.1104  data_time: 0.0010  memory: 1019  
2025/06/24 19:26:20 - mmengine - INFO - Epoch(val) [184][550/800]    eta: 0:00:26  time: 0.1043  data_time: 0.0009  memory: 1019  
2025/06/24 19:26:24 - mmengine - INFO - Epoch(val) [184][600/800]    eta: 0:00:21  time: 0.0906  data_time: 0.0004  memory: 1019  
2025/06/24 19:26:29 - mmengine - INFO - Epoch(val) [184][650/800]    eta: 0:00:15  time: 0.0856  data_time: 0.0004  memory: 1019  
2025/06/24 19:26:33 - mmengine - INFO - Epoch(val) [184][700/800]    eta: 0:00:10  time: 0.0849  data_time: 0.0004  memory: 1019  
2025/06/24 19:26:37 - mmengine - INFO - Epoch(val) [184][750/800]    eta: 0:00:05  time: 0.0768  data_time: 0.0004  memory: 1019  
2025/06/24 19:26:41 - mmengine - INFO - Epoch(val) [184][800/800]    eta: 0:00:00  time: 0.0791  data_time: 0.0004  memory: 1019  
2025/06/24 19:26:42 - mmengine - INFO - Evaluating bbox...
2025/06/24 19:26:53 - mmengine - INFO - 
+-------------+-------+--------+--------+-------+-------+-------+
| category    | mAP   | mAP_50 | mAP_75 | mAP_s | mAP_m | mAP_l |
+-------------+-------+--------+--------+-------+-------+-------+
| car         | 0.701 | 0.965  | 0.856  | 0.486 | 0.732 | 0.0   |
| truck       | 0.533 | 0.751  | 0.647  | 0.072 | 0.526 | 0.603 |
| bus         | 0.767 | 0.962  | 0.892  | 0.0   | 0.734 | 0.834 |
| van         | 0.511 | 0.697  | 0.623  | 0.215 | 0.509 | 0.838 |
| freight_car | 0.495 | 0.688  | 0.583  | 0.086 | 0.486 | 0.573 |
+-------------+-------+--------+--------+-------+-------+-------+
2025/06/24 19:26:53 - mmengine - INFO - bbox_mAP_copypaste: 0.602 0.813 0.720 0.172 0.598 0.570
2025/06/24 19:26:54 - mmengine - INFO - Epoch(val) [184][800/800]    coco/car_precision: 0.7010  coco/truck_precision: 0.5330  coco/bus_precision: 0.7670  coco/van_precision: 0.5110  coco/freight_car_precision: 0.4950  coco/bbox_mAP: 0.6020  coco/bbox_mAP_50: 0.8130  coco/bbox_mAP_75: 0.7200  coco/bbox_mAP_s: 0.1720  coco/bbox_mAP_m: 0.5980  coco/bbox_mAP_l: 0.5700  data_time: 0.0010  time: 0.0992
2025/06/24 19:29:20 - mmengine - INFO - Epoch(train) [185][ 50/400]  base_lr: 1.0000e-02 lr: 9.4150e-04  eta: 4:11:49  time: 2.9367  data_time: 0.0287  memory: 10993  grad_norm: 18.2458  loss: 17.7150  loss_cls: 3.1858  loss_bbox: 6.7940  loss_dfl: 7.7352
2025/06/24 19:31:16 - mmengine - INFO - Epoch(train) [185][100/400]  base_lr: 1.0000e-02 lr: 9.4150e-04  eta: 4:09:47  time: 2.3200  data_time: 0.0076  memory: 10934  grad_norm: 17.8723  loss: 17.8959  loss_cls: 3.2573  loss_bbox: 6.9485  loss_dfl: 7.6901
2025/06/24 19:33:42 - mmengine - INFO - Epoch(train) [185][150/400]  base_lr: 1.0000e-02 lr: 9.4150e-04  eta: 4:08:09  time: 2.9061  data_time: 0.0078  memory: 11078  grad_norm: 17.7654  loss: 17.6983  loss_cls: 3.2194  loss_bbox: 6.8080  loss_dfl: 7.6709
2025/06/24 19:35:31 - mmengine - INFO - Epoch(train) [185][200/400]  base_lr: 1.0000e-02 lr: 9.4150e-04  eta: 4:06:02  time: 2.1809  data_time: 0.0080  memory: 10838  grad_norm: 17.8356  loss: 17.7077  loss_cls: 3.2330  loss_bbox: 6.8401  loss_dfl: 7.6346
2025/06/24 19:37:56 - mmengine - INFO - Epoch(train) [185][250/400]  base_lr: 1.0000e-02 lr: 9.4150e-04  eta: 4:04:22  time: 2.8994  data_time: 0.0073  memory: 10844  grad_norm: 18.6681  loss: 17.8086  loss_cls: 3.2640  loss_bbox: 6.8681  loss_dfl: 7.6765
2025/06/24 19:39:45 - mmengine - INFO - Epoch(train) [185][300/400]  base_lr: 1.0000e-02 lr: 9.4150e-04  eta: 4:02:15  time: 2.1790  data_time: 0.0083  memory: 10924  grad_norm: 18.2409  loss: 17.6635  loss_cls: 3.1923  loss_bbox: 6.7637  loss_dfl: 7.7075
2025/06/24 19:42:10 - mmengine - INFO - Epoch(train) [185][350/400]  base_lr: 1.0000e-02 lr: 9.4150e-04  eta: 4:00:35  time: 2.9086  data_time: 0.0075  memory: 10961  grad_norm: 17.8536  loss: 17.4538  loss_cls: 3.1615  loss_bbox: 6.7014  loss_dfl: 7.5909
2025/06/24 19:44:02 - mmengine - INFO - Exp name: yolov8_mambatransformer_lightfusion_20250624_133553
2025/06/24 19:44:02 - mmengine - INFO - Epoch(train) [185][400/400]  base_lr: 1.0000e-02 lr: 9.4150e-04  eta: 3:58:31  time: 2.2390  data_time: 0.0085  memory: 10833  grad_norm: 18.9018  loss: 18.0710  loss_cls: 3.2979  loss_bbox: 7.0078  loss_dfl: 7.7652
2025/06/24 19:44:02 - mmengine - INFO - Saving checkpoint at 185 epochs
2025/06/24 19:44:14 - mmengine - INFO - Epoch(val) [185][ 50/800]    eta: 0:01:43  time: 0.1381  data_time: 0.0025  memory: 1019  
2025/06/24 19:44:19 - mmengine - INFO - Epoch(val) [185][100/800]    eta: 0:01:24  time: 0.1048  data_time: 0.0015  memory: 1019  
2025/06/24 19:44:24 - mmengine - INFO - Epoch(val) [185][150/800]    eta: 0:01:13  time: 0.0957  data_time: 0.0003  memory: 1019  
2025/06/24 19:44:30 - mmengine - INFO - Epoch(val) [185][200/800]    eta: 0:01:07  time: 0.1085  data_time: 0.0004  memory: 1019  
2025/06/24 19:44:35 - mmengine - INFO - Epoch(val) [185][250/800]    eta: 0:01:01  time: 0.1081  data_time: 0.0004  memory: 1019  
2025/06/24 19:44:40 - mmengine - INFO - Epoch(val) [185][300/800]    eta: 0:00:55  time: 0.1078  data_time: 0.0004  memory: 1019  
2025/06/24 19:44:46 - mmengine - INFO - Epoch(val) [185][350/800]    eta: 0:00:49  time: 0.1089  data_time: 0.0004  memory: 1019  
2025/06/24 19:44:51 - mmengine - INFO - Epoch(val) [185][400/800]    eta: 0:00:44  time: 0.1094  data_time: 0.0004  memory: 1019  
2025/06/24 19:44:57 - mmengine - INFO - Epoch(val) [185][450/800]    eta: 0:00:38  time: 0.1107  data_time: 0.0004  memory: 1019  
2025/06/24 19:45:02 - mmengine - INFO - Epoch(val) [185][500/800]    eta: 0:00:33  time: 0.1106  data_time: 0.0004  memory: 1019  
2025/06/24 19:45:08 - mmengine - INFO - Epoch(val) [185][550/800]    eta: 0:00:27  time: 0.1087  data_time: 0.0004  memory: 1019  
2025/06/24 19:45:13 - mmengine - INFO - Epoch(val) [185][600/800]    eta: 0:00:22  time: 0.1096  data_time: 0.0005  memory: 1019  
2025/06/24 19:45:19 - mmengine - INFO - Epoch(val) [185][650/800]    eta: 0:00:16  time: 0.1087  data_time: 0.0004  memory: 1019  
2025/06/24 19:45:24 - mmengine - INFO - Epoch(val) [185][700/800]    eta: 0:00:10  time: 0.1093  data_time: 0.0004  memory: 1019  
2025/06/24 19:45:30 - mmengine - INFO - Epoch(val) [185][750/800]    eta: 0:00:05  time: 0.1103  data_time: 0.0004  memory: 1019  
2025/06/24 19:45:35 - mmengine - INFO - Epoch(val) [185][800/800]    eta: 0:00:00  time: 0.1053  data_time: 0.0004  memory: 1019  
2025/06/24 19:45:36 - mmengine - INFO - Evaluating bbox...
2025/06/24 19:45:49 - mmengine - INFO - 
+-------------+-------+--------+--------+-------+-------+-------+
| category    | mAP   | mAP_50 | mAP_75 | mAP_s | mAP_m | mAP_l |
+-------------+-------+--------+--------+-------+-------+-------+
| car         | 0.701 | 0.965  | 0.855  | 0.486 | 0.731 | 0.0   |
| truck       | 0.535 | 0.751  | 0.648  | 0.072 | 0.528 | 0.603 |
| bus         | 0.766 | 0.962  | 0.892  | 0.0   | 0.733 | 0.831 |
| van         | 0.509 | 0.697  | 0.612  | 0.214 | 0.507 | 0.837 |
| freight_car | 0.494 | 0.688  | 0.581  | 0.087 | 0.485 | 0.571 |
+-------------+-------+--------+--------+-------+-------+-------+
2025/06/24 19:45:49 - mmengine - INFO - bbox_mAP_copypaste: 0.601 0.812 0.718 0.172 0.597 0.569
2025/06/24 19:45:49 - mmengine - INFO - Epoch(val) [185][800/800]    coco/car_precision: 0.7010  coco/truck_precision: 0.5350  coco/bus_precision: 0.7660  coco/van_precision: 0.5090  coco/freight_car_precision: 0.4940  coco/bbox_mAP: 0.6010  coco/bbox_mAP_50: 0.8120  coco/bbox_mAP_75: 0.7180  coco/bbox_mAP_s: 0.1720  coco/bbox_mAP_m: 0.5970  coco/bbox_mAP_l: 0.5690  data_time: 0.0006  time: 0.1096
2025/06/24 19:47:49 - mmengine - INFO - Epoch(train) [186][ 50/400]  base_lr: 1.0000e-02 lr: 8.9200e-04  eta: 3:56:32  time: 2.4022  data_time: 0.0374  memory: 10817  grad_norm: 19.5217  loss: 18.0996  loss_cls: 3.3207  loss_bbox: 7.0353  loss_dfl: 7.7436
2025/06/24 19:50:06 - mmengine - INFO - Epoch(train) [186][100/400]  base_lr: 1.0000e-02 lr: 8.9200e-04  eta: 3:54:45  time: 2.7427  data_time: 0.0076  memory: 11009  grad_norm: 19.0124  loss: 17.7682  loss_cls: 3.2527  loss_bbox: 6.8480  loss_dfl: 7.6675
2025/06/24 19:52:11 - mmengine - INFO - Epoch(train) [186][150/400]  base_lr: 1.0000e-02 lr: 8.9200e-04  eta: 3:52:50  time: 2.4968  data_time: 0.0076  memory: 10790  grad_norm: 19.0800  loss: 17.7362  loss_cls: 3.2187  loss_bbox: 6.8345  loss_dfl: 7.6830
2025/06/24 19:54:24 - mmengine - INFO - Epoch(train) [186][200/400]  base_lr: 1.0000e-02 lr: 8.9200e-04  eta: 3:51:00  time: 2.6659  data_time: 0.0076  memory: 10978  grad_norm: 18.4068  loss: 17.7033  loss_cls: 3.1846  loss_bbox: 6.8452  loss_dfl: 7.6735
2025/06/24 19:56:24 - mmengine - INFO - Epoch(train) [186][250/400]  base_lr: 1.0000e-02 lr: 8.9200e-04  eta: 3:49:01  time: 2.4043  data_time: 0.0090  memory: 10844  grad_norm: 18.6694  loss: 17.7839  loss_cls: 3.2107  loss_bbox: 6.8469  loss_dfl: 7.7264
2025/06/24 19:58:39 - mmengine - INFO - Epoch(train) [186][300/400]  base_lr: 1.0000e-02 lr: 8.9200e-04  eta: 3:47:11  time: 2.6949  data_time: 0.0078  memory: 11132  grad_norm: 19.0456  loss: 17.7062  loss_cls: 3.2435  loss_bbox: 6.7889  loss_dfl: 7.6739
2025/06/24 20:00:38 - mmengine - INFO - Epoch(train) [186][350/400]  base_lr: 1.0000e-02 lr: 8.9200e-04  eta: 3:45:11  time: 2.3697  data_time: 0.0075  memory: 10924  grad_norm: 18.9118  loss: 17.6536  loss_cls: 3.2134  loss_bbox: 6.7555  loss_dfl: 7.6847
2025/06/24 20:02:54 - mmengine - INFO - Exp name: yolov8_mambatransformer_lightfusion_20250624_133553
2025/06/24 20:02:54 - mmengine - INFO - Epoch(train) [186][400/400]  base_lr: 1.0000e-02 lr: 8.9200e-04  eta: 3:43:22  time: 2.7341  data_time: 0.0076  memory: 11004  grad_norm: 19.5397  loss: 18.0470  loss_cls: 3.2797  loss_bbox: 7.0542  loss_dfl: 7.7131
2025/06/24 20:02:54 - mmengine - INFO - Saving checkpoint at 186 epochs
2025/06/24 20:03:03 - mmengine - INFO - Epoch(val) [186][ 50/800]    eta: 0:01:21  time: 0.1084  data_time: 0.0066  memory: 1019  
2025/06/24 20:03:09 - mmengine - INFO - Epoch(val) [186][100/800]    eta: 0:01:15  time: 0.1085  data_time: 0.0013  memory: 1019  
2025/06/24 20:03:14 - mmengine - INFO - Epoch(val) [186][150/800]    eta: 0:01:07  time: 0.0941  data_time: 0.0004  memory: 1019  
2025/06/24 20:03:18 - mmengine - INFO - Epoch(val) [186][200/800]    eta: 0:01:00  time: 0.0943  data_time: 0.0005  memory: 1019  
2025/06/24 20:03:23 - mmengine - INFO - Epoch(val) [186][250/800]    eta: 0:00:54  time: 0.0901  data_time: 0.0004  memory: 1019  
2025/06/24 20:03:27 - mmengine - INFO - Epoch(val) [186][300/800]    eta: 0:00:47  time: 0.0767  data_time: 0.0004  memory: 1019  
2025/06/24 20:03:31 - mmengine - INFO - Epoch(val) [186][350/800]    eta: 0:00:41  time: 0.0762  data_time: 0.0004  memory: 1019  
2025/06/24 20:03:34 - mmengine - INFO - Epoch(val) [186][400/800]    eta: 0:00:36  time: 0.0778  data_time: 0.0004  memory: 1019  
2025/06/24 20:03:40 - mmengine - INFO - Epoch(val) [186][450/800]    eta: 0:00:32  time: 0.1040  data_time: 0.0005  memory: 1019  
2025/06/24 20:03:45 - mmengine - INFO - Epoch(val) [186][500/800]    eta: 0:00:28  time: 0.1109  data_time: 0.0005  memory: 1019  
2025/06/24 20:03:51 - mmengine - INFO - Epoch(val) [186][550/800]    eta: 0:00:23  time: 0.1114  data_time: 0.0005  memory: 1019  
2025/06/24 20:03:56 - mmengine - INFO - Epoch(val) [186][600/800]    eta: 0:00:19  time: 0.1000  data_time: 0.0004  memory: 1019  
2025/06/24 20:04:01 - mmengine - INFO - Epoch(val) [186][650/800]    eta: 0:00:14  time: 0.0978  data_time: 0.0004  memory: 1019  
2025/06/24 20:04:06 - mmengine - INFO - Epoch(val) [186][700/800]    eta: 0:00:09  time: 0.1119  data_time: 0.0004  memory: 1019  
2025/06/24 20:04:12 - mmengine - INFO - Epoch(val) [186][750/800]    eta: 0:00:04  time: 0.1116  data_time: 0.0004  memory: 1019  
2025/06/24 20:04:18 - mmengine - INFO - Epoch(val) [186][800/800]    eta: 0:00:00  time: 0.1103  data_time: 0.0004  memory: 1019  
2025/06/24 20:04:19 - mmengine - INFO - Evaluating bbox...
2025/06/24 20:04:30 - mmengine - INFO - 
+-------------+-------+--------+--------+-------+-------+-------+
| category    | mAP   | mAP_50 | mAP_75 | mAP_s | mAP_m | mAP_l |
+-------------+-------+--------+--------+-------+-------+-------+
| car         | 0.701 | 0.965  | 0.855  | 0.486 | 0.731 | 0.0   |
| truck       | 0.534 | 0.75   | 0.647  | 0.071 | 0.529 | 0.599 |
| bus         | 0.766 | 0.962  | 0.892  | 0.0   | 0.733 | 0.831 |
| van         | 0.509 | 0.696  | 0.612  | 0.214 | 0.507 | 0.837 |
| freight_car | 0.493 | 0.687  | 0.582  | 0.087 | 0.485 | 0.57  |
+-------------+-------+--------+--------+-------+-------+-------+
2025/06/24 20:04:30 - mmengine - INFO - bbox_mAP_copypaste: 0.601 0.812 0.717 0.172 0.597 0.567
2025/06/24 20:04:31 - mmengine - INFO - Epoch(val) [186][800/800]    coco/car_precision: 0.7010  coco/truck_precision: 0.5340  coco/bus_precision: 0.7660  coco/van_precision: 0.5090  coco/freight_car_precision: 0.4930  coco/bbox_mAP: 0.6010  coco/bbox_mAP_50: 0.8120  coco/bbox_mAP_75: 0.7170  coco/bbox_mAP_s: 0.1720  coco/bbox_mAP_m: 0.5970  coco/bbox_mAP_l: 0.5670  data_time: 0.0009  time: 0.0990
2025/06/24 20:06:42 - mmengine - INFO - Epoch(train) [187][ 50/400]  base_lr: 1.0000e-02 lr: 8.4250e-04  eta: 3:41:30  time: 2.6339  data_time: 0.0305  memory: 11084  grad_norm: 18.0143  loss: 17.7537  loss_cls: 3.2509  loss_bbox: 6.8275  loss_dfl: 7.6753
2025/06/24 20:08:50 - mmengine - INFO - Epoch(train) [187][100/400]  base_lr: 1.0000e-02 lr: 8.4250e-04  eta: 3:39:35  time: 2.5626  data_time: 0.0091  memory: 11132  grad_norm: 18.9193  loss: 17.7618  loss_cls: 3.2312  loss_bbox: 6.8628  loss_dfl: 7.6678
2025/06/24 20:10:59 - mmengine - INFO - Epoch(train) [187][150/400]  base_lr: 1.0000e-02 lr: 8.4250e-04  eta: 3:37:41  time: 2.5653  data_time: 0.0082  memory: 10881  grad_norm: 19.0774  loss: 17.6300  loss_cls: 3.1728  loss_bbox: 6.8138  loss_dfl: 7.6434
2025/06/24 20:13:06 - mmengine - INFO - Epoch(train) [187][200/400]  base_lr: 1.0000e-02 lr: 8.4250e-04  eta: 3:35:45  time: 2.5359  data_time: 0.0075  memory: 11084  grad_norm: 19.0880  loss: 17.7809  loss_cls: 3.2163  loss_bbox: 6.9029  loss_dfl: 7.6618
2025/06/24 20:15:15 - mmengine - INFO - Epoch(train) [187][250/400]  base_lr: 1.0000e-02 lr: 8.4250e-04  eta: 3:33:51  time: 2.5960  data_time: 0.0075  memory: 10854  grad_norm: 18.8492  loss: 17.7585  loss_cls: 3.2169  loss_bbox: 6.8840  loss_dfl: 7.6576
2025/06/24 20:17:25 - mmengine - INFO - Epoch(train) [187][300/400]  base_lr: 1.0000e-02 lr: 8.4250e-04  eta: 3:31:57  time: 2.5899  data_time: 0.0076  memory: 10934  grad_norm: 19.5667  loss: 17.7342  loss_cls: 3.2298  loss_bbox: 6.7885  loss_dfl: 7.7159
2025/06/24 20:19:32 - mmengine - INFO - Epoch(train) [187][350/400]  base_lr: 1.0000e-02 lr: 8.4250e-04  eta: 3:30:01  time: 2.5321  data_time: 0.0077  memory: 10886  grad_norm: 18.4331  loss: 17.7684  loss_cls: 3.2129  loss_bbox: 6.9559  loss_dfl: 7.5996
2025/06/24 20:21:39 - mmengine - INFO - Exp name: yolov8_mambatransformer_lightfusion_20250624_133553
2025/06/24 20:21:39 - mmengine - INFO - Epoch(train) [187][400/400]  base_lr: 1.0000e-02 lr: 8.4250e-04  eta: 3:28:05  time: 2.5496  data_time: 0.0087  memory: 10961  grad_norm: 19.5420  loss: 17.9648  loss_cls: 3.2648  loss_bbox: 6.9145  loss_dfl: 7.7854
2025/06/24 20:21:39 - mmengine - INFO - Saving checkpoint at 187 epochs
2025/06/24 20:21:48 - mmengine - INFO - Epoch(val) [187][ 50/800]    eta: 0:01:17  time: 0.1031  data_time: 0.0009  memory: 1019  
2025/06/24 20:21:53 - mmengine - INFO - Epoch(val) [187][100/800]    eta: 0:01:10  time: 0.0996  data_time: 0.0004  memory: 1019  
2025/06/24 20:21:58 - mmengine - INFO - Epoch(val) [187][150/800]    eta: 0:01:04  time: 0.0969  data_time: 0.0004  memory: 1019  
2025/06/24 20:22:02 - mmengine - INFO - Epoch(val) [187][200/800]    eta: 0:00:59  time: 0.0952  data_time: 0.0004  memory: 1019  
2025/06/24 20:22:07 - mmengine - INFO - Epoch(val) [187][250/800]    eta: 0:00:53  time: 0.0949  data_time: 0.0004  memory: 1019  
2025/06/24 20:22:12 - mmengine - INFO - Epoch(val) [187][300/800]    eta: 0:00:48  time: 0.0950  data_time: 0.0004  memory: 1019  
2025/06/24 20:22:17 - mmengine - INFO - Epoch(val) [187][350/800]    eta: 0:00:44  time: 0.1030  data_time: 0.0004  memory: 1019  
2025/06/24 20:22:22 - mmengine - INFO - Epoch(val) [187][400/800]    eta: 0:00:39  time: 0.1053  data_time: 0.0004  memory: 1019  
2025/06/24 20:22:27 - mmengine - INFO - Epoch(val) [187][450/800]    eta: 0:00:34  time: 0.1017  data_time: 0.0004  memory: 1019  
2025/06/24 20:22:32 - mmengine - INFO - Epoch(val) [187][500/800]    eta: 0:00:29  time: 0.0860  data_time: 0.0004  memory: 1019  
2025/06/24 20:22:36 - mmengine - INFO - Epoch(val) [187][550/800]    eta: 0:00:24  time: 0.0859  data_time: 0.0004  memory: 1019  
2025/06/24 20:22:41 - mmengine - INFO - Epoch(val) [187][600/800]    eta: 0:00:19  time: 0.1032  data_time: 0.0005  memory: 1019  
2025/06/24 20:22:47 - mmengine - INFO - Epoch(val) [187][650/800]    eta: 0:00:14  time: 0.1075  data_time: 0.0005  memory: 1019  
2025/06/24 20:22:52 - mmengine - INFO - Epoch(val) [187][700/800]    eta: 0:00:09  time: 0.1115  data_time: 0.0015  memory: 1019  
2025/06/24 20:22:58 - mmengine - INFO - Epoch(val) [187][750/800]    eta: 0:00:05  time: 0.1166  data_time: 0.0036  memory: 1019  
2025/06/24 20:23:03 - mmengine - INFO - Epoch(val) [187][800/800]    eta: 0:00:00  time: 0.1046  data_time: 0.0038  memory: 1019  
2025/06/24 20:23:04 - mmengine - INFO - Evaluating bbox...
2025/06/24 20:23:16 - mmengine - INFO - 
+-------------+-------+--------+--------+-------+-------+-------+
| category    | mAP   | mAP_50 | mAP_75 | mAP_s | mAP_m | mAP_l |
+-------------+-------+--------+--------+-------+-------+-------+
| car         | 0.701 | 0.965  | 0.855  | 0.485 | 0.731 | 0.0   |
| truck       | 0.533 | 0.75   | 0.645  | 0.07  | 0.528 | 0.599 |
| bus         | 0.767 | 0.961  | 0.891  | 0.0   | 0.734 | 0.83  |
| van         | 0.508 | 0.695  | 0.613  | 0.214 | 0.507 | 0.838 |
| freight_car | 0.493 | 0.686  | 0.581  | 0.089 | 0.485 | 0.57  |
+-------------+-------+--------+--------+-------+-------+-------+
2025/06/24 20:23:16 - mmengine - INFO - bbox_mAP_copypaste: 0.600 0.811 0.717 0.172 0.597 0.567
2025/06/24 20:23:16 - mmengine - INFO - Epoch(val) [187][800/800]    coco/car_precision: 0.7010  coco/truck_precision: 0.5330  coco/bus_precision: 0.7670  coco/van_precision: 0.5080  coco/freight_car_precision: 0.4930  coco/bbox_mAP: 0.6000  coco/bbox_mAP_50: 0.8110  coco/bbox_mAP_75: 0.7170  coco/bbox_mAP_s: 0.1720  coco/bbox_mAP_m: 0.5970  coco/bbox_mAP_l: 0.5670  data_time: 0.0009  time: 0.1006
2025/06/24 20:25:30 - mmengine - INFO - Epoch(train) [188][ 50/400]  base_lr: 1.0000e-02 lr: 7.9300e-04  eta: 3:26:13  time: 2.6792  data_time: 0.0274  memory: 11014  grad_norm: 19.2487  loss: 17.8849  loss_cls: 3.3022  loss_bbox: 6.8905  loss_dfl: 7.6921
2025/06/24 20:27:33 - mmengine - INFO - Epoch(train) [188][100/400]  base_lr: 1.0000e-02 lr: 7.9300e-04  eta: 3:24:14  time: 2.4644  data_time: 0.0074  memory: 11031  grad_norm: 18.6212  loss: 17.6126  loss_cls: 3.1915  loss_bbox: 6.7967  loss_dfl: 7.6245
2025/06/24 20:29:44 - mmengine - INFO - Epoch(train) [188][150/400]  base_lr: 1.0000e-02 lr: 7.9300e-04  eta: 3:22:20  time: 2.6132  data_time: 0.0074  memory: 11158  grad_norm: 19.9156  loss: 17.9762  loss_cls: 3.3142  loss_bbox: 6.8729  loss_dfl: 7.7891
2025/06/24 20:31:49 - mmengine - INFO - Exp name: yolov8_mambatransformer_lightfusion_20250624_133553
2025/06/24 20:31:49 - mmengine - INFO - Epoch(train) [188][200/400]  base_lr: 1.0000e-02 lr: 7.9300e-04  eta: 3:20:22  time: 2.5101  data_time: 0.0073  memory: 10929  grad_norm: 17.5589  loss: 17.2636  loss_cls: 3.1457  loss_bbox: 6.6161  loss_dfl: 7.5018
2025/06/24 20:33:59 - mmengine - INFO - Epoch(train) [188][250/400]  base_lr: 1.0000e-02 lr: 7.9300e-04  eta: 3:18:27  time: 2.5937  data_time: 0.0083  memory: 10956  grad_norm: 19.9077  loss: 17.8601  loss_cls: 3.2563  loss_bbox: 6.9171  loss_dfl: 7.6868
2025/06/24 20:36:06 - mmengine - INFO - Epoch(train) [188][300/400]  base_lr: 1.0000e-02 lr: 7.9300e-04  eta: 3:16:30  time: 2.5328  data_time: 0.0075  memory: 10902  grad_norm: 19.8814  loss: 17.7272  loss_cls: 3.2837  loss_bbox: 6.8291  loss_dfl: 7.6144
2025/06/24 20:38:15 - mmengine - INFO - Epoch(train) [188][350/400]  base_lr: 1.0000e-02 lr: 7.9300e-04  eta: 3:14:34  time: 2.5892  data_time: 0.0077  memory: 10940  grad_norm: 18.6617  loss: 17.4771  loss_cls: 3.1123  loss_bbox: 6.7760  loss_dfl: 7.5888
2025/06/24 20:40:22 - mmengine - INFO - Exp name: yolov8_mambatransformer_lightfusion_20250624_133553
2025/06/24 20:40:22 - mmengine - INFO - Epoch(train) [188][400/400]  base_lr: 1.0000e-02 lr: 7.9300e-04  eta: 3:12:37  time: 2.5337  data_time: 0.0079  memory: 11009  grad_norm: 18.2557  loss: 17.6765  loss_cls: 3.2217  loss_bbox: 6.8084  loss_dfl: 7.6464
2025/06/24 20:40:22 - mmengine - INFO - Saving checkpoint at 188 epochs
2025/06/24 20:40:29 - mmengine - INFO - Epoch(val) [188][ 50/800]    eta: 0:00:59  time: 0.0790  data_time: 0.0009  memory: 1019  
2025/06/24 20:40:34 - mmengine - INFO - Epoch(val) [188][100/800]    eta: 0:00:57  time: 0.0848  data_time: 0.0004  memory: 1019  
2025/06/24 20:40:39 - mmengine - INFO - Epoch(val) [188][150/800]    eta: 0:00:56  time: 0.0979  data_time: 0.0005  memory: 1019  
2025/06/24 20:40:44 - mmengine - INFO - Epoch(val) [188][200/800]    eta: 0:00:56  time: 0.1117  data_time: 0.0005  memory: 1019  
2025/06/24 20:40:49 - mmengine - INFO - Epoch(val) [188][250/800]    eta: 0:00:52  time: 0.1028  data_time: 0.0004  memory: 1019  
2025/06/24 20:40:54 - mmengine - INFO - Epoch(val) [188][300/800]    eta: 0:00:47  time: 0.0938  data_time: 0.0004  memory: 1019  
2025/06/24 20:40:59 - mmengine - INFO - Epoch(val) [188][350/800]    eta: 0:00:42  time: 0.0938  data_time: 0.0004  memory: 1019  
2025/06/24 20:41:03 - mmengine - INFO - Epoch(val) [188][400/800]    eta: 0:00:37  time: 0.0936  data_time: 0.0004  memory: 1019  
2025/06/24 20:41:08 - mmengine - INFO - Epoch(val) [188][450/800]    eta: 0:00:33  time: 0.0956  data_time: 0.0004  memory: 1019  
2025/06/24 20:41:14 - mmengine - INFO - Epoch(val) [188][500/800]    eta: 0:00:28  time: 0.1053  data_time: 0.0004  memory: 1019  
2025/06/24 20:41:19 - mmengine - INFO - Epoch(val) [188][550/800]    eta: 0:00:24  time: 0.1121  data_time: 0.0005  memory: 1019  
2025/06/24 20:41:25 - mmengine - INFO - Epoch(val) [188][600/800]    eta: 0:00:19  time: 0.1106  data_time: 0.0005  memory: 1019  
2025/06/24 20:41:30 - mmengine - INFO - Epoch(val) [188][650/800]    eta: 0:00:14  time: 0.1115  data_time: 0.0005  memory: 1019  
2025/06/24 20:41:36 - mmengine - INFO - Epoch(val) [188][700/800]    eta: 0:00:10  time: 0.1108  data_time: 0.0005  memory: 1019  
2025/06/24 20:41:41 - mmengine - INFO - Epoch(val) [188][750/800]    eta: 0:00:05  time: 0.1110  data_time: 0.0005  memory: 1019  
2025/06/24 20:41:47 - mmengine - INFO - Epoch(val) [188][800/800]    eta: 0:00:00  time: 0.1101  data_time: 0.0005  memory: 1019  
2025/06/24 20:41:48 - mmengine - INFO - Evaluating bbox...
2025/06/24 20:42:00 - mmengine - INFO - 
+-------------+-------+--------+--------+-------+-------+-------+
| category    | mAP   | mAP_50 | mAP_75 | mAP_s | mAP_m | mAP_l |
+-------------+-------+--------+--------+-------+-------+-------+
| car         | 0.701 | 0.965  | 0.855  | 0.485 | 0.731 | 0.0   |
| truck       | 0.533 | 0.749  | 0.645  | 0.069 | 0.526 | 0.6   |
| bus         | 0.766 | 0.961  | 0.889  | 0.0   | 0.733 | 0.829 |
| van         | 0.507 | 0.695  | 0.616  | 0.213 | 0.505 | 0.839 |
| freight_car | 0.492 | 0.686  | 0.582  | 0.096 | 0.484 | 0.569 |
+-------------+-------+--------+--------+-------+-------+-------+
2025/06/24 20:42:00 - mmengine - INFO - bbox_mAP_copypaste: 0.600 0.811 0.717 0.173 0.596 0.567
2025/06/24 20:42:00 - mmengine - INFO - Epoch(val) [188][800/800]    coco/car_precision: 0.7010  coco/truck_precision: 0.5330  coco/bus_precision: 0.7660  coco/van_precision: 0.5070  coco/freight_car_precision: 0.4920  coco/bbox_mAP: 0.6000  coco/bbox_mAP_50: 0.8110  coco/bbox_mAP_75: 0.7170  coco/bbox_mAP_s: 0.1730  coco/bbox_mAP_m: 0.5960  coco/bbox_mAP_l: 0.5670  data_time: 0.0005  time: 0.1015
2025/06/24 20:43:53 - mmengine - INFO - Epoch(train) [189][ 50/400]  base_lr: 1.0000e-02 lr: 7.4350e-04  eta: 3:10:33  time: 2.2658  data_time: 0.0314  memory: 10945  grad_norm: 19.3550  loss: 17.7412  loss_cls: 3.2083  loss_bbox: 6.9010  loss_dfl: 7.6320
2025/06/24 20:46:18 - mmengine - INFO - Epoch(train) [189][100/400]  base_lr: 1.0000e-02 lr: 7.4350e-04  eta: 3:08:45  time: 2.9047  data_time: 0.0100  memory: 10956  grad_norm: 17.6652  loss: 17.3574  loss_cls: 3.1159  loss_bbox: 6.6999  loss_dfl: 7.5415
2025/06/24 20:48:14 - mmengine - INFO - Epoch(train) [189][150/400]  base_lr: 1.0000e-02 lr: 7.4350e-04  eta: 3:06:42  time: 2.3069  data_time: 0.0084  memory: 10945  grad_norm: 19.5370  loss: 17.6857  loss_cls: 3.1918  loss_bbox: 6.8349  loss_dfl: 7.6590
2025/06/24 20:50:39 - mmengine - INFO - Epoch(train) [189][200/400]  base_lr: 1.0000e-02 lr: 7.4350e-04  eta: 3:04:53  time: 2.9075  data_time: 0.0074  memory: 10908  grad_norm: 19.1547  loss: 17.5726  loss_cls: 3.1604  loss_bbox: 6.7889  loss_dfl: 7.6233
2025/06/24 20:52:29 - mmengine - INFO - Epoch(train) [189][250/400]  base_lr: 1.0000e-02 lr: 7.4350e-04  eta: 3:02:48  time: 2.1905  data_time: 0.0074  memory: 11068  grad_norm: 19.3781  loss: 17.7343  loss_cls: 3.2264  loss_bbox: 6.9123  loss_dfl: 7.5955
2025/06/24 20:54:55 - mmengine - INFO - Epoch(train) [189][300/400]  base_lr: 1.0000e-02 lr: 7.4350e-04  eta: 3:00:59  time: 2.9195  data_time: 0.0075  memory: 11116  grad_norm: 19.2844  loss: 17.7856  loss_cls: 3.2762  loss_bbox: 6.8808  loss_dfl: 7.6287
2025/06/24 20:56:41 - mmengine - INFO - Epoch(train) [189][350/400]  base_lr: 1.0000e-02 lr: 7.4350e-04  eta: 2:58:52  time: 2.1382  data_time: 0.0091  memory: 10769  grad_norm: 18.6359  loss: 17.5474  loss_cls: 3.1946  loss_bbox: 6.7551  loss_dfl: 7.5977
2025/06/24 20:59:06 - mmengine - INFO - Exp name: yolov8_mambatransformer_lightfusion_20250624_133553
2025/06/24 20:59:06 - mmengine - INFO - Epoch(train) [189][400/400]  base_lr: 1.0000e-02 lr: 7.4350e-04  eta: 2:57:02  time: 2.8914  data_time: 0.0077  memory: 10876  grad_norm: 20.2130  loss: 17.7502  loss_cls: 3.2503  loss_bbox: 6.8143  loss_dfl: 7.6856
2025/06/24 20:59:06 - mmengine - INFO - Saving checkpoint at 189 epochs
2025/06/24 20:59:15 - mmengine - INFO - Epoch(val) [189][ 50/800]    eta: 0:01:23  time: 0.1115  data_time: 0.0010  memory: 1019  
2025/06/24 20:59:21 - mmengine - INFO - Epoch(val) [189][100/800]    eta: 0:01:17  time: 0.1112  data_time: 0.0005  memory: 1019  
2025/06/24 20:59:26 - mmengine - INFO - Epoch(val) [189][150/800]    eta: 0:01:12  time: 0.1120  data_time: 0.0004  memory: 1019  
2025/06/24 20:59:31 - mmengine - INFO - Epoch(val) [189][200/800]    eta: 0:01:05  time: 0.0999  data_time: 0.0004  memory: 1019  
2025/06/24 20:59:36 - mmengine - INFO - Epoch(val) [189][250/800]    eta: 0:00:57  time: 0.0861  data_time: 0.0004  memory: 1019  
2025/06/24 20:59:41 - mmengine - INFO - Epoch(val) [189][300/800]    eta: 0:00:51  time: 0.1020  data_time: 0.0005  memory: 1019  
2025/06/24 20:59:46 - mmengine - INFO - Epoch(val) [189][350/800]    eta: 0:00:46  time: 0.1050  data_time: 0.0013  memory: 1019  
2025/06/24 20:59:51 - mmengine - INFO - Epoch(val) [189][400/800]    eta: 0:00:41  time: 0.1048  data_time: 0.0005  memory: 1019  
2025/06/24 20:59:57 - mmengine - INFO - Epoch(val) [189][450/800]    eta: 0:00:36  time: 0.1062  data_time: 0.0005  memory: 1019  
2025/06/24 21:00:02 - mmengine - INFO - Epoch(val) [189][500/800]    eta: 0:00:31  time: 0.1076  data_time: 0.0016  memory: 1019  
2025/06/24 21:00:07 - mmengine - INFO - Epoch(val) [189][550/800]    eta: 0:00:25  time: 0.0973  data_time: 0.0018  memory: 1019  
2025/06/24 21:00:11 - mmengine - INFO - Epoch(val) [189][600/800]    eta: 0:00:20  time: 0.0801  data_time: 0.0004  memory: 1019  
2025/06/24 21:00:15 - mmengine - INFO - Epoch(val) [189][650/800]    eta: 0:00:15  time: 0.0819  data_time: 0.0004  memory: 1019  
2025/06/24 21:00:19 - mmengine - INFO - Epoch(val) [189][700/800]    eta: 0:00:09  time: 0.0797  data_time: 0.0004  memory: 1019  
2025/06/24 21:00:23 - mmengine - INFO - Epoch(val) [189][750/800]    eta: 0:00:04  time: 0.0820  data_time: 0.0004  memory: 1019  
2025/06/24 21:00:27 - mmengine - INFO - Epoch(val) [189][800/800]    eta: 0:00:00  time: 0.0797  data_time: 0.0004  memory: 1019  
2025/06/24 21:00:28 - mmengine - INFO - Evaluating bbox...
2025/06/24 21:00:40 - mmengine - INFO - 
+-------------+-------+--------+--------+-------+-------+-------+
| category    | mAP   | mAP_50 | mAP_75 | mAP_s | mAP_m | mAP_l |
+-------------+-------+--------+--------+-------+-------+-------+
| car         | 0.7   | 0.965  | 0.855  | 0.485 | 0.73  | 0.0   |
| truck       | 0.532 | 0.749  | 0.649  | 0.069 | 0.525 | 0.601 |
| bus         | 0.765 | 0.96   | 0.889  | 0.0   | 0.731 | 0.828 |
| van         | 0.507 | 0.695  | 0.616  | 0.212 | 0.506 | 0.839 |
| freight_car | 0.492 | 0.685  | 0.583  | 0.105 | 0.483 | 0.571 |
+-------------+-------+--------+--------+-------+-------+-------+
2025/06/24 21:00:40 - mmengine - INFO - bbox_mAP_copypaste: 0.599 0.811 0.718 0.174 0.595 0.568
2025/06/24 21:00:40 - mmengine - INFO - Epoch(val) [189][800/800]    coco/car_precision: 0.7000  coco/truck_precision: 0.5320  coco/bus_precision: 0.7650  coco/van_precision: 0.5070  coco/freight_car_precision: 0.4920  coco/bbox_mAP: 0.5990  coco/bbox_mAP_50: 0.8110  coco/bbox_mAP_75: 0.7180  coco/bbox_mAP_s: 0.1740  coco/bbox_mAP_m: 0.5950  coco/bbox_mAP_l: 0.5680  data_time: 0.0007  time: 0.0967
2025/06/24 21:03:07 - mmengine - INFO - Epoch(train) [190][ 50/400]  base_lr: 1.0000e-02 lr: 6.9400e-04  eta: 2:55:12  time: 2.9291  data_time: 0.0286  memory: 11068  grad_norm: 17.6168  loss: 17.4645  loss_cls: 3.1851  loss_bbox: 6.7519  loss_dfl: 7.5275
2025/06/24 21:04:57 - mmengine - INFO - Epoch(train) [190][100/400]  base_lr: 1.0000e-02 lr: 6.9400e-04  eta: 2:53:07  time: 2.2091  data_time: 0.0076  memory: 10716  grad_norm: 19.3351  loss: 17.5256  loss_cls: 3.1458  loss_bbox: 6.7207  loss_dfl: 7.6591
2025/06/24 21:07:21 - mmengine - INFO - Epoch(train) [190][150/400]  base_lr: 1.0000e-02 lr: 6.9400e-04  eta: 2:51:16  time: 2.8670  data_time: 0.0073  memory: 10860  grad_norm: 18.2265  loss: 17.2792  loss_cls: 3.1037  loss_bbox: 6.5899  loss_dfl: 7.5856
2025/06/24 21:09:09 - mmengine - INFO - Epoch(train) [190][200/400]  base_lr: 1.0000e-02 lr: 6.9400e-04  eta: 2:49:10  time: 2.1637  data_time: 0.0104  memory: 11132  grad_norm: 18.8606  loss: 17.2914  loss_cls: 3.1139  loss_bbox: 6.6083  loss_dfl: 7.5692
2025/06/24 21:11:35 - mmengine - INFO - Epoch(train) [190][250/400]  base_lr: 1.0000e-02 lr: 6.9400e-04  eta: 2:47:19  time: 2.9161  data_time: 0.0082  memory: 11078  grad_norm: 17.9215  loss: 17.5061  loss_cls: 3.1513  loss_bbox: 6.7543  loss_dfl: 7.6005
2025/06/24 21:13:25 - mmengine - INFO - Epoch(train) [190][300/400]  base_lr: 1.0000e-02 lr: 6.9400e-04  eta: 2:45:14  time: 2.2066  data_time: 0.0082  memory: 10753  grad_norm: 19.4455  loss: 17.6287  loss_cls: 3.2015  loss_bbox: 6.8052  loss_dfl: 7.6219
2025/06/24 21:15:48 - mmengine - INFO - Epoch(train) [190][350/400]  base_lr: 1.0000e-02 lr: 6.9400e-04  eta: 2:43:21  time: 2.8620  data_time: 0.0073  memory: 10918  grad_norm: 19.0128  loss: 17.5344  loss_cls: 3.1344  loss_bbox: 6.7268  loss_dfl: 7.6732
2025/06/24 21:17:37 - mmengine - INFO - Exp name: yolov8_mambatransformer_lightfusion_20250624_133553
2025/06/24 21:17:37 - mmengine - INFO - Epoch(train) [190][400/400]  base_lr: 1.0000e-02 lr: 6.9400e-04  eta: 2:41:16  time: 2.1826  data_time: 0.0085  memory: 10945  grad_norm: 20.0004  loss: 17.6690  loss_cls: 3.2261  loss_bbox: 6.7577  loss_dfl: 7.6852
2025/06/24 21:17:37 - mmengine - INFO - Saving checkpoint at 190 epochs
2025/06/24 21:17:46 - mmengine - INFO - Epoch(val) [190][ 50/800]    eta: 0:01:18  time: 0.1048  data_time: 0.0008  memory: 1019  
2025/06/24 21:17:51 - mmengine - INFO - Epoch(val) [190][100/800]    eta: 0:01:10  time: 0.0969  data_time: 0.0004  memory: 1019  
2025/06/24 21:17:56 - mmengine - INFO - Epoch(val) [190][150/800]    eta: 0:01:03  time: 0.0925  data_time: 0.0004  memory: 1019  
2025/06/24 21:18:01 - mmengine - INFO - Epoch(val) [190][200/800]    eta: 0:00:59  time: 0.1004  data_time: 0.0004  memory: 1019  
2025/06/24 21:18:06 - mmengine - INFO - Epoch(val) [190][250/800]    eta: 0:00:54  time: 0.1012  data_time: 0.0004  memory: 1019  
2025/06/24 21:18:12 - mmengine - INFO - Epoch(val) [190][300/800]    eta: 0:00:50  time: 0.1088  data_time: 0.0005  memory: 1019  
2025/06/24 21:18:17 - mmengine - INFO - Epoch(val) [190][350/800]    eta: 0:00:45  time: 0.1093  data_time: 0.0005  memory: 1019  
2025/06/24 21:18:23 - mmengine - INFO - Epoch(val) [190][400/800]    eta: 0:00:41  time: 0.1095  data_time: 0.0005  memory: 1019  
2025/06/24 21:18:28 - mmengine - INFO - Epoch(val) [190][450/800]    eta: 0:00:36  time: 0.1096  data_time: 0.0005  memory: 1019  
2025/06/24 21:18:34 - mmengine - INFO - Epoch(val) [190][500/800]    eta: 0:00:31  time: 0.1090  data_time: 0.0004  memory: 1019  
2025/06/24 21:18:39 - mmengine - INFO - Epoch(val) [190][550/800]    eta: 0:00:26  time: 0.1094  data_time: 0.0005  memory: 1019  
2025/06/24 21:18:45 - mmengine - INFO - Epoch(val) [190][600/800]    eta: 0:00:21  time: 0.1100  data_time: 0.0005  memory: 1019  
2025/06/24 21:18:50 - mmengine - INFO - Epoch(val) [190][650/800]    eta: 0:00:15  time: 0.1099  data_time: 0.0005  memory: 1019  
2025/06/24 21:18:56 - mmengine - INFO - Epoch(val) [190][700/800]    eta: 0:00:10  time: 0.1118  data_time: 0.0004  memory: 1019  
2025/06/24 21:19:01 - mmengine - INFO - Epoch(val) [190][750/800]    eta: 0:00:05  time: 0.1117  data_time: 0.0004  memory: 1019  
2025/06/24 21:19:07 - mmengine - INFO - Epoch(val) [190][800/800]    eta: 0:00:00  time: 0.1108  data_time: 0.0004  memory: 1019  
2025/06/24 21:19:08 - mmengine - INFO - Evaluating bbox...
2025/06/24 21:19:19 - mmengine - INFO - 
+-------------+-------+--------+--------+-------+-------+-------+
| category    | mAP   | mAP_50 | mAP_75 | mAP_s | mAP_m | mAP_l |
+-------------+-------+--------+--------+-------+-------+-------+
| car         | 0.7   | 0.965  | 0.852  | 0.483 | 0.73  | 0.0   |
| truck       | 0.532 | 0.749  | 0.648  | 0.07  | 0.525 | 0.601 |
| bus         | 0.764 | 0.96   | 0.888  | 0.0   | 0.731 | 0.828 |
| van         | 0.506 | 0.694  | 0.611  | 0.212 | 0.504 | 0.839 |
| freight_car | 0.492 | 0.686  | 0.584  | 0.123 | 0.483 | 0.571 |
+-------------+-------+--------+--------+-------+-------+-------+
2025/06/24 21:19:19 - mmengine - INFO - bbox_mAP_copypaste: 0.599 0.811 0.717 0.178 0.595 0.568
2025/06/24 21:19:20 - mmengine - INFO - Epoch(val) [190][800/800]    coco/car_precision: 0.7000  coco/truck_precision: 0.5320  coco/bus_precision: 0.7640  coco/van_precision: 0.5060  coco/freight_car_precision: 0.4920  coco/bbox_mAP: 0.5990  coco/bbox_mAP_50: 0.8110  coco/bbox_mAP_75: 0.7170  coco/bbox_mAP_s: 0.1780  coco/bbox_mAP_m: 0.5950  coco/bbox_mAP_l: 0.5680  data_time: 0.0005  time: 0.1066
2025/06/24 21:19:20 - mmengine - INFO - Switch pipeline now!
2025/06/24 21:21:04 - mmengine - INFO - Epoch(train) [191][ 50/400]  base_lr: 1.0000e-02 lr: 6.4450e-04  eta: 2:39:09  time: 2.0922  data_time: 0.0377  memory: 10812  grad_norm: 26.0580  loss: 17.6061  loss_cls: 3.0925  loss_bbox: 6.7962  loss_dfl: 7.7174
2025/06/24 21:23:29 - mmengine - INFO - Epoch(train) [191][100/400]  base_lr: 1.0000e-02 lr: 6.4450e-04  eta: 2:37:17  time: 2.9012  data_time: 0.0088  memory: 10833  grad_norm: 24.9228  loss: 17.5897  loss_cls: 2.9788  loss_bbox: 6.7548  loss_dfl: 7.8562
2025/06/24 21:25:25 - mmengine - INFO - Epoch(train) [191][150/400]  base_lr: 1.0000e-02 lr: 6.4450e-04  eta: 2:35:14  time: 2.3105  data_time: 0.0081  memory: 10822  grad_norm: 26.6857  loss: 17.8291  loss_cls: 3.0353  loss_bbox: 6.8280  loss_dfl: 7.9658
2025/06/24 21:27:51 - mmengine - INFO - Epoch(train) [191][200/400]  base_lr: 1.0000e-02 lr: 6.4450e-04  eta: 2:33:22  time: 2.9147  data_time: 0.0075  memory: 10838  grad_norm: 25.2648  loss: 17.4957  loss_cls: 3.0316  loss_bbox: 6.7678  loss_dfl: 7.6963
2025/06/24 21:29:43 - mmengine - INFO - Epoch(train) [191][250/400]  base_lr: 1.0000e-02 lr: 6.4450e-04  eta: 2:31:18  time: 2.2439  data_time: 0.0081  memory: 10854  grad_norm: 27.1540  loss: 17.5444  loss_cls: 3.0369  loss_bbox: 6.6987  loss_dfl: 7.8088
2025/06/24 21:32:08 - mmengine - INFO - Epoch(train) [191][300/400]  base_lr: 1.0000e-02 lr: 6.4450e-04  eta: 2:29:25  time: 2.9018  data_time: 0.0073  memory: 10620  grad_norm: 26.2192  loss: 17.3227  loss_cls: 2.9891  loss_bbox: 6.5745  loss_dfl: 7.7591
2025/06/24 21:33:48 - mmengine - INFO - Epoch(train) [191][350/400]  base_lr: 1.0000e-02 lr: 6.4450e-04  eta: 2:27:16  time: 1.9971  data_time: 0.0122  memory: 10780  grad_norm: 24.5244  loss: 17.0949  loss_cls: 2.9154  loss_bbox: 6.4238  loss_dfl: 7.7557
2025/06/24 21:36:13 - mmengine - INFO - Exp name: yolov8_mambatransformer_lightfusion_20250624_133553
2025/06/24 21:36:13 - mmengine - INFO - Epoch(train) [191][400/400]  base_lr: 1.0000e-02 lr: 6.4450e-04  eta: 2:25:23  time: 2.8991  data_time: 0.0078  memory: 10897  grad_norm: 25.7015  loss: 17.4142  loss_cls: 2.9520  loss_bbox: 6.7090  loss_dfl: 7.7532
2025/06/24 21:36:13 - mmengine - INFO - Saving checkpoint at 191 epochs
2025/06/24 21:36:22 - mmengine - INFO - Epoch(val) [191][ 50/800]    eta: 0:01:26  time: 0.1151  data_time: 0.0009  memory: 1019  
2025/06/24 21:36:27 - mmengine - INFO - Epoch(val) [191][100/800]    eta: 0:01:16  time: 0.1027  data_time: 0.0006  memory: 1019  
2025/06/24 21:36:33 - mmengine - INFO - Epoch(val) [191][150/800]    eta: 0:01:10  time: 0.1076  data_time: 0.0005  memory: 1019  
2025/06/24 21:36:38 - mmengine - INFO - Epoch(val) [191][200/800]    eta: 0:01:04  time: 0.1052  data_time: 0.0004  memory: 1019  
2025/06/24 21:36:42 - mmengine - INFO - Epoch(val) [191][250/800]    eta: 0:00:56  time: 0.0823  data_time: 0.0004  memory: 1019  
2025/06/24 21:36:47 - mmengine - INFO - Epoch(val) [191][300/800]    eta: 0:00:51  time: 0.1048  data_time: 0.0005  memory: 1019  
2025/06/24 21:36:53 - mmengine - INFO - Epoch(val) [191][350/800]    eta: 0:00:47  time: 0.1168  data_time: 0.0019  memory: 1019  
2025/06/24 21:36:59 - mmengine - INFO - Epoch(val) [191][400/800]    eta: 0:00:42  time: 0.1086  data_time: 0.0005  memory: 1019  
2025/06/24 21:37:05 - mmengine - INFO - Epoch(val) [191][450/800]    eta: 0:00:37  time: 0.1181  data_time: 0.0005  memory: 1019  
2025/06/24 21:37:10 - mmengine - INFO - Epoch(val) [191][500/800]    eta: 0:00:32  time: 0.1101  data_time: 0.0010  memory: 1019  
2025/06/24 21:37:16 - mmengine - INFO - Epoch(val) [191][550/800]    eta: 0:00:27  time: 0.1212  data_time: 0.0019  memory: 1019  
2025/06/24 21:37:21 - mmengine - INFO - Epoch(val) [191][600/800]    eta: 0:00:21  time: 0.1003  data_time: 0.0005  memory: 1019  
2025/06/24 21:37:25 - mmengine - INFO - Epoch(val) [191][650/800]    eta: 0:00:15  time: 0.0758  data_time: 0.0004  memory: 1019  
2025/06/24 21:37:29 - mmengine - INFO - Epoch(val) [191][700/800]    eta: 0:00:10  time: 0.0764  data_time: 0.0004  memory: 1019  
2025/06/24 21:37:33 - mmengine - INFO - Epoch(val) [191][750/800]    eta: 0:00:05  time: 0.0765  data_time: 0.0004  memory: 1019  
2025/06/24 21:37:37 - mmengine - INFO - Epoch(val) [191][800/800]    eta: 0:00:00  time: 0.0770  data_time: 0.0004  memory: 1019  
2025/06/24 21:37:38 - mmengine - INFO - Evaluating bbox...
2025/06/24 21:37:50 - mmengine - INFO - 
+-------------+-------+--------+--------+-------+-------+-------+
| category    | mAP   | mAP_50 | mAP_75 | mAP_s | mAP_m | mAP_l |
+-------------+-------+--------+--------+-------+-------+-------+
| car         | 0.7   | 0.965  | 0.854  | 0.484 | 0.73  | 0.0   |
| truck       | 0.532 | 0.747  | 0.647  | 0.07  | 0.526 | 0.599 |
| bus         | 0.764 | 0.96   | 0.888  | 0.0   | 0.731 | 0.829 |
| van         | 0.507 | 0.695  | 0.611  | 0.212 | 0.507 | 0.84  |
| freight_car | 0.492 | 0.685  | 0.584  | 0.123 | 0.482 | 0.574 |
+-------------+-------+--------+--------+-------+-------+-------+
2025/06/24 21:37:50 - mmengine - INFO - bbox_mAP_copypaste: 0.599 0.810 0.717 0.178 0.595 0.568
2025/06/24 21:37:50 - mmengine - INFO - Epoch(val) [191][800/800]    coco/car_precision: 0.7000  coco/truck_precision: 0.5320  coco/bus_precision: 0.7640  coco/van_precision: 0.5070  coco/freight_car_precision: 0.4920  coco/bbox_mAP: 0.5990  coco/bbox_mAP_50: 0.8100  coco/bbox_mAP_75: 0.7170  coco/bbox_mAP_s: 0.1780  coco/bbox_mAP_m: 0.5950  coco/bbox_mAP_l: 0.5680  data_time: 0.0007  time: 0.0999
2025/06/24 21:40:16 - mmengine - INFO - Epoch(train) [192][ 50/400]  base_lr: 1.0000e-02 lr: 5.9500e-04  eta: 2:23:30  time: 2.9257  data_time: 0.0272  memory: 10774  grad_norm: 25.1531  loss: 17.3286  loss_cls: 2.9462  loss_bbox: 6.5364  loss_dfl: 7.8460
2025/06/24 21:42:08 - mmengine - INFO - Epoch(train) [192][100/400]  base_lr: 1.0000e-02 lr: 5.9500e-04  eta: 2:21:26  time: 2.2421  data_time: 0.0079  memory: 10849  grad_norm: 24.5923  loss: 17.5597  loss_cls: 2.9629  loss_bbox: 6.7207  loss_dfl: 7.8761
2025/06/24 21:44:34 - mmengine - INFO - Epoch(train) [192][150/400]  base_lr: 1.0000e-02 lr: 5.9500e-04  eta: 2:19:33  time: 2.9074  data_time: 0.0076  memory: 10838  grad_norm: 25.1707  loss: 17.3148  loss_cls: 2.9400  loss_bbox: 6.5922  loss_dfl: 7.7826
2025/06/24 21:46:17 - mmengine - INFO - Epoch(train) [192][200/400]  base_lr: 1.0000e-02 lr: 5.9500e-04  eta: 2:17:26  time: 2.0665  data_time: 0.0101  memory: 10716  grad_norm: 24.8932  loss: 17.2486  loss_cls: 2.9303  loss_bbox: 6.6686  loss_dfl: 7.6497
2025/06/24 21:48:42 - mmengine - INFO - Epoch(train) [192][250/400]  base_lr: 1.0000e-02 lr: 5.9500e-04  eta: 2:15:31  time: 2.8938  data_time: 0.0074  memory: 10786  grad_norm: 24.3807  loss: 17.3809  loss_cls: 2.9660  loss_bbox: 6.6496  loss_dfl: 7.7653
2025/06/24 21:50:31 - mmengine - INFO - Epoch(train) [192][300/400]  base_lr: 1.0000e-02 lr: 5.9500e-04  eta: 2:13:27  time: 2.1899  data_time: 0.0077  memory: 10828  grad_norm: 24.3934  loss: 17.3729  loss_cls: 2.9866  loss_bbox: 6.6777  loss_dfl: 7.7087
2025/06/24 21:52:55 - mmengine - INFO - Epoch(train) [192][350/400]  base_lr: 1.0000e-02 lr: 5.9500e-04  eta: 2:11:32  time: 2.8851  data_time: 0.0074  memory: 10838  grad_norm: 24.9774  loss: 17.2995  loss_cls: 2.9643  loss_bbox: 6.6008  loss_dfl: 7.7344
2025/06/24 21:54:45 - mmengine - INFO - Exp name: yolov8_mambatransformer_lightfusion_20250624_133553
2025/06/24 21:54:45 - mmengine - INFO - Epoch(train) [192][400/400]  base_lr: 1.0000e-02 lr: 5.9500e-04  eta: 2:09:27  time: 2.1992  data_time: 0.0082  memory: 10838  grad_norm: 23.7342  loss: 17.2910  loss_cls: 2.9553  loss_bbox: 6.6341  loss_dfl: 7.7015
2025/06/24 21:54:45 - mmengine - INFO - Saving checkpoint at 192 epochs
2025/06/24 21:54:54 - mmengine - INFO - Epoch(val) [192][ 50/800]    eta: 0:01:23  time: 0.1112  data_time: 0.0008  memory: 1019  
2025/06/24 21:55:00 - mmengine - INFO - Epoch(val) [192][100/800]    eta: 0:01:17  time: 0.1092  data_time: 0.0005  memory: 1019  
2025/06/24 21:55:05 - mmengine - INFO - Epoch(val) [192][150/800]    eta: 0:01:11  time: 0.1099  data_time: 0.0005  memory: 1019  
2025/06/24 21:55:11 - mmengine - INFO - Epoch(val) [192][200/800]    eta: 0:01:06  time: 0.1100  data_time: 0.0005  memory: 1019  
2025/06/24 21:55:17 - mmengine - INFO - Epoch(val) [192][250/800]    eta: 0:01:00  time: 0.1106  data_time: 0.0005  memory: 1019  
2025/06/24 21:55:22 - mmengine - INFO - Epoch(val) [192][300/800]    eta: 0:00:55  time: 0.1111  data_time: 0.0005  memory: 1019  
2025/06/24 21:55:28 - mmengine - INFO - Epoch(val) [192][350/800]    eta: 0:00:49  time: 0.1104  data_time: 0.0004  memory: 1019  
2025/06/24 21:55:33 - mmengine - INFO - Epoch(val) [192][400/800]    eta: 0:00:44  time: 0.1104  data_time: 0.0005  memory: 1019  
2025/06/24 21:55:39 - mmengine - INFO - Epoch(val) [192][450/800]    eta: 0:00:38  time: 0.1105  data_time: 0.0005  memory: 1019  
2025/06/24 21:55:44 - mmengine - INFO - Epoch(val) [192][500/800]    eta: 0:00:33  time: 0.1099  data_time: 0.0005  memory: 1019  
2025/06/24 21:55:50 - mmengine - INFO - Epoch(val) [192][550/800]    eta: 0:00:27  time: 0.1123  data_time: 0.0005  memory: 1019  
2025/06/24 21:55:56 - mmengine - INFO - Epoch(val) [192][600/800]    eta: 0:00:22  time: 0.1120  data_time: 0.0005  memory: 1019  
2025/06/24 21:56:01 - mmengine - INFO - Epoch(val) [192][650/800]    eta: 0:00:16  time: 0.1120  data_time: 0.0005  memory: 1019  
2025/06/24 21:56:07 - mmengine - INFO - Epoch(val) [192][700/800]    eta: 0:00:11  time: 0.1101  data_time: 0.0004  memory: 1019  
2025/06/24 21:56:12 - mmengine - INFO - Epoch(val) [192][750/800]    eta: 0:00:05  time: 0.1090  data_time: 0.0004  memory: 1019  
2025/06/24 21:56:18 - mmengine - INFO - Epoch(val) [192][800/800]    eta: 0:00:00  time: 0.1089  data_time: 0.0004  memory: 1019  
2025/06/24 21:56:19 - mmengine - INFO - Evaluating bbox...
2025/06/24 21:56:30 - mmengine - INFO - 
+-------------+-------+--------+--------+-------+-------+-------+
| category    | mAP   | mAP_50 | mAP_75 | mAP_s | mAP_m | mAP_l |
+-------------+-------+--------+--------+-------+-------+-------+
| car         | 0.7   | 0.965  | 0.855  | 0.486 | 0.73  | 0.0   |
| truck       | 0.533 | 0.75   | 0.649  | 0.07  | 0.529 | 0.597 |
| bus         | 0.765 | 0.96   | 0.888  | 0.0   | 0.732 | 0.828 |
| van         | 0.509 | 0.697  | 0.613  | 0.212 | 0.508 | 0.84  |
| freight_car | 0.493 | 0.686  | 0.587  | 0.123 | 0.483 | 0.574 |
+-------------+-------+--------+--------+-------+-------+-------+
2025/06/24 21:56:30 - mmengine - INFO - bbox_mAP_copypaste: 0.600 0.812 0.718 0.178 0.596 0.568
2025/06/24 21:56:30 - mmengine - INFO - Epoch(val) [192][800/800]    coco/car_precision: 0.7000  coco/truck_precision: 0.5330  coco/bus_precision: 0.7650  coco/van_precision: 0.5090  coco/freight_car_precision: 0.4930  coco/bbox_mAP: 0.6000  coco/bbox_mAP_50: 0.8120  coco/bbox_mAP_75: 0.7180  coco/bbox_mAP_s: 0.1780  coco/bbox_mAP_m: 0.5960  coco/bbox_mAP_l: 0.5680  data_time: 0.0005  time: 0.1104
2025/06/24 21:58:03 - mmengine - INFO - Epoch(train) [193][ 50/400]  base_lr: 1.0000e-02 lr: 5.4550e-04  eta: 2:07:18  time: 1.8525  data_time: 0.0270  memory: 10812  grad_norm: 24.9775  loss: 17.3037  loss_cls: 2.9084  loss_bbox: 6.6161  loss_dfl: 7.7792
2025/06/24 22:00:28 - mmengine - INFO - Epoch(train) [193][100/400]  base_lr: 1.0000e-02 lr: 5.4550e-04  eta: 2:05:23  time: 2.9079  data_time: 0.0075  memory: 10689  grad_norm: 25.8908  loss: 17.5452  loss_cls: 3.0206  loss_bbox: 6.7765  loss_dfl: 7.7481
2025/06/24 22:02:19 - mmengine - INFO - Epoch(train) [193][150/400]  base_lr: 1.0000e-02 lr: 5.4550e-04  eta: 2:03:19  time: 2.2205  data_time: 0.0074  memory: 10892  grad_norm: 25.3352  loss: 17.2027  loss_cls: 2.9143  loss_bbox: 6.5483  loss_dfl: 7.7401
2025/06/24 22:04:45 - mmengine - INFO - Exp name: yolov8_mambatransformer_lightfusion_20250624_133553
2025/06/24 22:04:45 - mmengine - INFO - Epoch(train) [193][200/400]  base_lr: 1.0000e-02 lr: 5.4550e-04  eta: 2:01:24  time: 2.9121  data_time: 0.0074  memory: 10828  grad_norm: 25.7032  loss: 17.0660  loss_cls: 2.8422  loss_bbox: 6.4587  loss_dfl: 7.7651
2025/06/24 22:06:34 - mmengine - INFO - Epoch(train) [193][250/400]  base_lr: 1.0000e-02 lr: 5.4550e-04  eta: 1:59:20  time: 2.1842  data_time: 0.0080  memory: 10673  grad_norm: 23.9138  loss: 17.3017  loss_cls: 2.9146  loss_bbox: 6.5745  loss_dfl: 7.8126
2025/06/24 22:08:59 - mmengine - INFO - Epoch(train) [193][300/400]  base_lr: 1.0000e-02 lr: 5.4550e-04  eta: 1:57:24  time: 2.9002  data_time: 0.0079  memory: 10786  grad_norm: 24.5744  loss: 17.2415  loss_cls: 2.8904  loss_bbox: 6.5989  loss_dfl: 7.7523
2025/06/24 22:10:49 - mmengine - INFO - Epoch(train) [193][350/400]  base_lr: 1.0000e-02 lr: 5.4550e-04  eta: 1:55:20  time: 2.1897  data_time: 0.0104  memory: 10822  grad_norm: 26.5523  loss: 17.5913  loss_cls: 3.0137  loss_bbox: 6.7107  loss_dfl: 7.8669
2025/06/24 22:13:13 - mmengine - INFO - Exp name: yolov8_mambatransformer_lightfusion_20250624_133553
2025/06/24 22:13:13 - mmengine - INFO - Epoch(train) [193][400/400]  base_lr: 1.0000e-02 lr: 5.4550e-04  eta: 1:53:24  time: 2.8837  data_time: 0.0075  memory: 10838  grad_norm: 24.5416  loss: 17.4317  loss_cls: 2.9802  loss_bbox: 6.7602  loss_dfl: 7.6913
2025/06/24 22:13:13 - mmengine - INFO - Saving checkpoint at 193 epochs
2025/06/24 22:13:22 - mmengine - INFO - Epoch(val) [193][ 50/800]    eta: 0:01:24  time: 0.1130  data_time: 0.0009  memory: 1019  
2025/06/24 22:13:28 - mmengine - INFO - Epoch(val) [193][100/800]    eta: 0:01:18  time: 0.1118  data_time: 0.0005  memory: 1019  
2025/06/24 22:13:34 - mmengine - INFO - Epoch(val) [193][150/800]    eta: 0:01:12  time: 0.1119  data_time: 0.0005  memory: 1019  
2025/06/24 22:13:39 - mmengine - INFO - Epoch(val) [193][200/800]    eta: 0:01:07  time: 0.1104  data_time: 0.0005  memory: 1019  
2025/06/24 22:13:44 - mmengine - INFO - Epoch(val) [193][250/800]    eta: 0:00:58  time: 0.0891  data_time: 0.0004  memory: 1019  
2025/06/24 22:13:48 - mmengine - INFO - Epoch(val) [193][300/800]    eta: 0:00:51  time: 0.0839  data_time: 0.0007  memory: 1019  
2025/06/24 22:13:54 - mmengine - INFO - Epoch(val) [193][350/800]    eta: 0:00:47  time: 0.1177  data_time: 0.0028  memory: 1019  
2025/06/24 22:14:00 - mmengine - INFO - Epoch(val) [193][400/800]    eta: 0:00:43  time: 0.1301  data_time: 0.0025  memory: 1019  
2025/06/24 22:14:06 - mmengine - INFO - Epoch(val) [193][450/800]    eta: 0:00:38  time: 0.1198  data_time: 0.0005  memory: 1019  
2025/06/24 22:14:12 - mmengine - INFO - Epoch(val) [193][500/800]    eta: 0:00:33  time: 0.1170  data_time: 0.0007  memory: 1019  
2025/06/24 22:14:18 - mmengine - INFO - Epoch(val) [193][550/800]    eta: 0:00:27  time: 0.1136  data_time: 0.0035  memory: 1019  
2025/06/24 22:14:22 - mmengine - INFO - Epoch(val) [193][600/800]    eta: 0:00:21  time: 0.0825  data_time: 0.0004  memory: 1019  
2025/06/24 22:14:26 - mmengine - INFO - Epoch(val) [193][650/800]    eta: 0:00:15  time: 0.0781  data_time: 0.0004  memory: 1019  
2025/06/24 22:14:30 - mmengine - INFO - Epoch(val) [193][700/800]    eta: 0:00:10  time: 0.0772  data_time: 0.0004  memory: 1019  
2025/06/24 22:14:34 - mmengine - INFO - Epoch(val) [193][750/800]    eta: 0:00:05  time: 0.0760  data_time: 0.0004  memory: 1019  
2025/06/24 22:14:37 - mmengine - INFO - Epoch(val) [193][800/800]    eta: 0:00:00  time: 0.0763  data_time: 0.0004  memory: 1019  
2025/06/24 22:14:38 - mmengine - INFO - Evaluating bbox...
2025/06/24 22:14:50 - mmengine - INFO - 
+-------------+-------+--------+--------+-------+-------+-------+
| category    | mAP   | mAP_50 | mAP_75 | mAP_s | mAP_m | mAP_l |
+-------------+-------+--------+--------+-------+-------+-------+
| car         | 0.7   | 0.965  | 0.854  | 0.486 | 0.73  | 0.0   |
| truck       | 0.537 | 0.751  | 0.655  | 0.079 | 0.53  | 0.602 |
| bus         | 0.765 | 0.96   | 0.887  | 0.0   | 0.731 | 0.83  |
| van         | 0.509 | 0.696  | 0.612  | 0.214 | 0.509 | 0.84  |
| freight_car | 0.494 | 0.686  | 0.587  | 0.123 | 0.483 | 0.574 |
+-------------+-------+--------+--------+-------+-------+-------+
2025/06/24 22:14:50 - mmengine - INFO - bbox_mAP_copypaste: 0.601 0.812 0.719 0.180 0.597 0.569
2025/06/24 22:14:50 - mmengine - INFO - Epoch(val) [193][800/800]    coco/car_precision: 0.7000  coco/truck_precision: 0.5370  coco/bus_precision: 0.7650  coco/van_precision: 0.5090  coco/freight_car_precision: 0.4940  coco/bbox_mAP: 0.6010  coco/bbox_mAP_50: 0.8120  coco/bbox_mAP_75: 0.7190  coco/bbox_mAP_s: 0.1800  coco/bbox_mAP_m: 0.5970  coco/bbox_mAP_l: 0.5690  data_time: 0.0010  time: 0.1005
2025/06/24 22:17:16 - mmengine - INFO - Epoch(train) [194][ 50/400]  base_lr: 1.0000e-02 lr: 4.9600e-04  eta: 1:51:28  time: 2.9273  data_time: 0.0256  memory: 10838  grad_norm: 25.1097  loss: 17.2846  loss_cls: 2.9307  loss_bbox: 6.6246  loss_dfl: 7.7292
2025/06/24 22:19:06 - mmengine - INFO - Epoch(train) [194][100/400]  base_lr: 1.0000e-02 lr: 4.9600e-04  eta: 1:49:24  time: 2.1902  data_time: 0.0071  memory: 10897  grad_norm: 25.6920  loss: 17.1439  loss_cls: 2.9641  loss_bbox: 6.5061  loss_dfl: 7.6737
2025/06/24 22:21:29 - mmengine - INFO - Epoch(train) [194][150/400]  base_lr: 1.0000e-02 lr: 4.9600e-04  eta: 1:47:27  time: 2.8692  data_time: 0.0085  memory: 10812  grad_norm: 23.5615  loss: 16.7709  loss_cls: 2.7959  loss_bbox: 6.3688  loss_dfl: 7.6063
2025/06/24 22:23:20 - mmengine - INFO - Epoch(train) [194][200/400]  base_lr: 1.0000e-02 lr: 4.9600e-04  eta: 1:45:23  time: 2.2103  data_time: 0.0097  memory: 10700  grad_norm: 24.5186  loss: 17.3028  loss_cls: 2.9137  loss_bbox: 6.6745  loss_dfl: 7.7146
2025/06/24 22:25:45 - mmengine - INFO - Epoch(train) [194][250/400]  base_lr: 1.0000e-02 lr: 4.9600e-04  eta: 1:43:27  time: 2.9087  data_time: 0.0075  memory: 10796  grad_norm: 25.2697  loss: 17.2852  loss_cls: 2.9797  loss_bbox: 6.5719  loss_dfl: 7.7337
2025/06/24 22:27:35 - mmengine - INFO - Epoch(train) [194][300/400]  base_lr: 1.0000e-02 lr: 4.9600e-04  eta: 1:41:22  time: 2.1964  data_time: 0.0087  memory: 10860  grad_norm: 24.0447  loss: 17.1958  loss_cls: 2.9001  loss_bbox: 6.5842  loss_dfl: 7.7115
2025/06/24 22:30:01 - mmengine - INFO - Epoch(train) [194][350/400]  base_lr: 1.0000e-02 lr: 4.9600e-04  eta: 1:39:26  time: 2.9129  data_time: 0.0076  memory: 10732  grad_norm: 24.9745  loss: 17.2054  loss_cls: 2.9264  loss_bbox: 6.5811  loss_dfl: 7.6978
2025/06/24 22:31:51 - mmengine - INFO - Exp name: yolov8_mambatransformer_lightfusion_20250624_133553
2025/06/24 22:31:51 - mmengine - INFO - Epoch(train) [194][400/400]  base_lr: 1.0000e-02 lr: 4.9600e-04  eta: 1:37:21  time: 2.1941  data_time: 0.0076  memory: 10769  grad_norm: 24.9439  loss: 17.0699  loss_cls: 2.8729  loss_bbox: 6.4607  loss_dfl: 7.7363
2025/06/24 22:31:51 - mmengine - INFO - Saving checkpoint at 194 epochs
2025/06/24 22:32:00 - mmengine - INFO - Epoch(val) [194][ 50/800]    eta: 0:01:23  time: 0.1109  data_time: 0.0009  memory: 1019  
2025/06/24 22:32:05 - mmengine - INFO - Epoch(val) [194][100/800]    eta: 0:01:17  time: 0.1092  data_time: 0.0005  memory: 1019  
2025/06/24 22:32:11 - mmengine - INFO - Epoch(val) [194][150/800]    eta: 0:01:11  time: 0.1107  data_time: 0.0004  memory: 1019  
2025/06/24 22:32:16 - mmengine - INFO - Epoch(val) [194][200/800]    eta: 0:01:06  time: 0.1122  data_time: 0.0005  memory: 1019  
2025/06/24 22:32:22 - mmengine - INFO - Epoch(val) [194][250/800]    eta: 0:01:00  time: 0.1096  data_time: 0.0004  memory: 1019  
2025/06/24 22:32:27 - mmengine - INFO - Epoch(val) [194][300/800]    eta: 0:00:55  time: 0.1111  data_time: 0.0004  memory: 1019  
2025/06/24 22:32:33 - mmengine - INFO - Epoch(val) [194][350/800]    eta: 0:00:49  time: 0.1101  data_time: 0.0004  memory: 1019  
2025/06/24 22:32:38 - mmengine - INFO - Epoch(val) [194][400/800]    eta: 0:00:44  time: 0.1102  data_time: 0.0004  memory: 1019  
2025/06/24 22:32:44 - mmengine - INFO - Epoch(val) [194][450/800]    eta: 0:00:38  time: 0.1108  data_time: 0.0004  memory: 1019  
2025/06/24 22:32:50 - mmengine - INFO - Epoch(val) [194][500/800]    eta: 0:00:33  time: 0.1200  data_time: 0.0035  memory: 1019  
2025/06/24 22:32:57 - mmengine - INFO - Epoch(val) [194][550/800]    eta: 0:00:28  time: 0.1382  data_time: 0.0038  memory: 1019  
2025/06/24 22:33:03 - mmengine - INFO - Epoch(val) [194][600/800]    eta: 0:00:22  time: 0.1239  data_time: 0.0031  memory: 1019  
2025/06/24 22:33:10 - mmengine - INFO - Epoch(val) [194][650/800]    eta: 0:00:17  time: 0.1258  data_time: 0.0088  memory: 1019  
2025/06/24 22:33:16 - mmengine - INFO - Epoch(val) [194][700/800]    eta: 0:00:11  time: 0.1220  data_time: 0.0024  memory: 1019  
2025/06/24 22:33:22 - mmengine - INFO - Epoch(val) [194][750/800]    eta: 0:00:05  time: 0.1269  data_time: 0.0031  memory: 1019  
2025/06/24 22:33:28 - mmengine - INFO - Epoch(val) [194][800/800]    eta: 0:00:00  time: 0.1220  data_time: 0.0059  memory: 1019  
2025/06/24 22:33:29 - mmengine - INFO - Evaluating bbox...
2025/06/24 22:33:43 - mmengine - INFO - 
+-------------+-------+--------+--------+-------+-------+-------+
| category    | mAP   | mAP_50 | mAP_75 | mAP_s | mAP_m | mAP_l |
+-------------+-------+--------+--------+-------+-------+-------+
| car         | 0.7   | 0.965  | 0.853  | 0.486 | 0.73  | 0.0   |
| truck       | 0.538 | 0.753  | 0.657  | 0.08  | 0.531 | 0.604 |
| bus         | 0.765 | 0.96   | 0.887  | 0.0   | 0.731 | 0.83  |
| van         | 0.509 | 0.698  | 0.613  | 0.219 | 0.508 | 0.84  |
| freight_car | 0.493 | 0.686  | 0.585  | 0.123 | 0.481 | 0.576 |
+-------------+-------+--------+--------+-------+-------+-------+
2025/06/24 22:33:43 - mmengine - INFO - bbox_mAP_copypaste: 0.601 0.812 0.719 0.182 0.596 0.570
2025/06/24 22:33:43 - mmengine - INFO - Epoch(val) [194][800/800]    coco/car_precision: 0.7000  coco/truck_precision: 0.5380  coco/bus_precision: 0.7650  coco/van_precision: 0.5090  coco/freight_car_precision: 0.4930  coco/bbox_mAP: 0.6010  coco/bbox_mAP_50: 0.8120  coco/bbox_mAP_75: 0.7190  coco/bbox_mAP_s: 0.1820  coco/bbox_mAP_m: 0.5960  coco/bbox_mAP_l: 0.5700  data_time: 0.0022  time: 0.1170
2025/06/24 22:35:34 - mmengine - INFO - Epoch(train) [195][ 50/400]  base_lr: 1.0000e-02 lr: 4.4650e-04  eta: 1:35:18  time: 2.2193  data_time: 0.0414  memory: 10860  grad_norm: 24.5837  loss: 16.9000  loss_cls: 2.8371  loss_bbox: 6.4019  loss_dfl: 7.6611
2025/06/24 22:37:57 - mmengine - INFO - Epoch(train) [195][100/400]  base_lr: 1.0000e-02 lr: 4.4650e-04  eta: 1:33:20  time: 2.8733  data_time: 0.0068  memory: 10625  grad_norm: 25.2716  loss: 17.2906  loss_cls: 2.9204  loss_bbox: 6.6217  loss_dfl: 7.7486
2025/06/24 22:39:47 - mmengine - INFO - Epoch(train) [195][150/400]  base_lr: 1.0000e-02 lr: 4.4650e-04  eta: 1:31:16  time: 2.2011  data_time: 0.0079  memory: 10721  grad_norm: 25.2686  loss: 17.2004  loss_cls: 2.8818  loss_bbox: 6.5506  loss_dfl: 7.7681
2025/06/24 22:42:13 - mmengine - INFO - Epoch(train) [195][200/400]  base_lr: 1.0000e-02 lr: 4.4650e-04  eta: 1:29:19  time: 2.9103  data_time: 0.0074  memory: 10828  grad_norm: 24.7049  loss: 17.1476  loss_cls: 2.8712  loss_bbox: 6.5843  loss_dfl: 7.6921
2025/06/24 22:44:09 - mmengine - INFO - Epoch(train) [195][250/400]  base_lr: 1.0000e-02 lr: 4.4650e-04  eta: 1:27:16  time: 2.3289  data_time: 0.0079  memory: 10689  grad_norm: 24.5134  loss: 17.3283  loss_cls: 2.9185  loss_bbox: 6.5934  loss_dfl: 7.8165
2025/06/24 22:46:32 - mmengine - INFO - Epoch(train) [195][300/400]  base_lr: 1.0000e-02 lr: 4.4650e-04  eta: 1:25:18  time: 2.8465  data_time: 0.0083  memory: 10786  grad_norm: 23.9897  loss: 17.0168  loss_cls: 2.8385  loss_bbox: 6.4571  loss_dfl: 7.7212
2025/06/24 22:48:25 - mmengine - INFO - Epoch(train) [195][350/400]  base_lr: 1.0000e-02 lr: 4.4650e-04  eta: 1:23:14  time: 2.2577  data_time: 0.0078  memory: 10838  grad_norm: 25.4787  loss: 17.1191  loss_cls: 2.8665  loss_bbox: 6.5295  loss_dfl: 7.7232
2025/06/24 22:50:48 - mmengine - INFO - Exp name: yolov8_mambatransformer_lightfusion_20250624_133553
2025/06/24 22:50:48 - mmengine - INFO - Epoch(train) [195][400/400]  base_lr: 1.0000e-02 lr: 4.4650e-04  eta: 1:21:16  time: 2.8627  data_time: 0.0074  memory: 10897  grad_norm: 25.4296  loss: 17.3448  loss_cls: 2.9128  loss_bbox: 6.6634  loss_dfl: 7.7686
2025/06/24 22:50:48 - mmengine - INFO - Saving checkpoint at 195 epochs
2025/06/24 22:50:57 - mmengine - INFO - Epoch(val) [195][ 50/800]    eta: 0:01:22  time: 0.1098  data_time: 0.0046  memory: 1019  
2025/06/24 22:51:02 - mmengine - INFO - Epoch(val) [195][100/800]    eta: 0:01:16  time: 0.1075  data_time: 0.0045  memory: 1019  
2025/06/24 22:51:08 - mmengine - INFO - Epoch(val) [195][150/800]    eta: 0:01:10  time: 0.1066  data_time: 0.0020  memory: 1019  
2025/06/24 22:51:13 - mmengine - INFO - Epoch(val) [195][200/800]    eta: 0:01:04  time: 0.1056  data_time: 0.0016  memory: 1019  
2025/06/24 22:51:18 - mmengine - INFO - Epoch(val) [195][250/800]    eta: 0:00:58  time: 0.1044  data_time: 0.0037  memory: 1019  
2025/06/24 22:51:23 - mmengine - INFO - Epoch(val) [195][300/800]    eta: 0:00:51  time: 0.0900  data_time: 0.0004  memory: 1019  
2025/06/24 22:51:27 - mmengine - INFO - Epoch(val) [195][350/800]    eta: 0:00:44  time: 0.0756  data_time: 0.0004  memory: 1019  
2025/06/24 22:51:31 - mmengine - INFO - Epoch(val) [195][400/800]    eta: 0:00:38  time: 0.0756  data_time: 0.0004  memory: 1019  
2025/06/24 22:51:34 - mmengine - INFO - Epoch(val) [195][450/800]    eta: 0:00:33  time: 0.0759  data_time: 0.0004  memory: 1019  
2025/06/24 22:51:38 - mmengine - INFO - Epoch(val) [195][500/800]    eta: 0:00:27  time: 0.0780  data_time: 0.0004  memory: 1019  
2025/06/24 22:51:42 - mmengine - INFO - Epoch(val) [195][550/800]    eta: 0:00:23  time: 0.0839  data_time: 0.0004  memory: 1019  
2025/06/24 22:51:47 - mmengine - INFO - Epoch(val) [195][600/800]    eta: 0:00:18  time: 0.0897  data_time: 0.0004  memory: 1019  
2025/06/24 22:51:52 - mmengine - INFO - Epoch(val) [195][650/800]    eta: 0:00:13  time: 0.0959  data_time: 0.0004  memory: 1019  
2025/06/24 22:51:57 - mmengine - INFO - Epoch(val) [195][700/800]    eta: 0:00:09  time: 0.1025  data_time: 0.0004  memory: 1019  
2025/06/24 22:52:03 - mmengine - INFO - Epoch(val) [195][750/800]    eta: 0:00:04  time: 0.1103  data_time: 0.0004  memory: 1019  
2025/06/24 22:52:08 - mmengine - INFO - Epoch(val) [195][800/800]    eta: 0:00:00  time: 0.1097  data_time: 0.0004  memory: 1019  
2025/06/24 22:52:09 - mmengine - INFO - Evaluating bbox...
2025/06/24 22:52:21 - mmengine - INFO - 
+-------------+-------+--------+--------+-------+-------+-------+
| category    | mAP   | mAP_50 | mAP_75 | mAP_s | mAP_m | mAP_l |
+-------------+-------+--------+--------+-------+-------+-------+
| car         | 0.7   | 0.965  | 0.853  | 0.486 | 0.73  | 0.0   |
| truck       | 0.538 | 0.754  | 0.656  | 0.11  | 0.531 | 0.606 |
| bus         | 0.766 | 0.96   | 0.887  | 0.0   | 0.732 | 0.831 |
| van         | 0.509 | 0.698  | 0.613  | 0.214 | 0.508 | 0.84  |
| freight_car | 0.494 | 0.685  | 0.587  | 0.123 | 0.482 | 0.576 |
+-------------+-------+--------+--------+-------+-------+-------+
2025/06/24 22:52:21 - mmengine - INFO - bbox_mAP_copypaste: 0.601 0.813 0.719 0.187 0.597 0.571
2025/06/24 22:52:21 - mmengine - INFO - Epoch(val) [195][800/800]    coco/car_precision: 0.7000  coco/truck_precision: 0.5380  coco/bus_precision: 0.7660  coco/van_precision: 0.5090  coco/freight_car_precision: 0.4940  coco/bbox_mAP: 0.6010  coco/bbox_mAP_50: 0.8130  coco/bbox_mAP_75: 0.7190  coco/bbox_mAP_s: 0.1870  coco/bbox_mAP_m: 0.5970  coco/bbox_mAP_l: 0.5710  data_time: 0.0013  time: 0.0951
2025/06/24 22:54:39 - mmengine - INFO - Epoch(train) [196][ 50/400]  base_lr: 1.0000e-02 lr: 3.9700e-04  eta: 1:19:17  time: 2.7738  data_time: 0.0278  memory: 10828  grad_norm: 26.0045  loss: 17.3320  loss_cls: 2.9880  loss_bbox: 6.5770  loss_dfl: 7.7670
2025/06/24 22:56:37 - mmengine - INFO - Epoch(train) [196][100/400]  base_lr: 1.0000e-02 lr: 3.9700e-04  eta: 1:17:14  time: 2.3574  data_time: 0.0081  memory: 10812  grad_norm: 24.0166  loss: 16.7967  loss_cls: 2.7724  loss_bbox: 6.3522  loss_dfl: 7.6720
2025/06/24 22:58:56 - mmengine - INFO - Epoch(train) [196][150/400]  base_lr: 1.0000e-02 lr: 3.9700e-04  eta: 1:15:15  time: 2.7678  data_time: 0.0084  memory: 10721  grad_norm: 24.2561  loss: 17.1421  loss_cls: 2.8858  loss_bbox: 6.5155  loss_dfl: 7.7407
2025/06/24 23:00:54 - mmengine - INFO - Epoch(train) [196][200/400]  base_lr: 1.0000e-02 lr: 3.9700e-04  eta: 1:13:12  time: 2.3571  data_time: 0.0074  memory: 10812  grad_norm: 23.9910  loss: 17.0071  loss_cls: 2.8402  loss_bbox: 6.4942  loss_dfl: 7.6727
2025/06/24 23:03:12 - mmengine - INFO - Epoch(train) [196][250/400]  base_lr: 1.0000e-02 lr: 3.9700e-04  eta: 1:11:12  time: 2.7652  data_time: 0.0074  memory: 10822  grad_norm: 24.7741  loss: 17.1548  loss_cls: 2.8796  loss_bbox: 6.5514  loss_dfl: 7.7239
2025/06/24 23:05:09 - mmengine - INFO - Epoch(train) [196][300/400]  base_lr: 1.0000e-02 lr: 3.9700e-04  eta: 1:09:10  time: 2.3449  data_time: 0.0079  memory: 10786  grad_norm: 24.7480  loss: 17.1698  loss_cls: 2.8735  loss_bbox: 6.6574  loss_dfl: 7.6389
2025/06/24 23:07:28 - mmengine - INFO - Epoch(train) [196][350/400]  base_lr: 1.0000e-02 lr: 3.9700e-04  eta: 1:07:10  time: 2.7732  data_time: 0.0077  memory: 10897  grad_norm: 25.6274  loss: 17.1699  loss_cls: 2.9386  loss_bbox: 6.5500  loss_dfl: 7.6813
2025/06/24 23:09:24 - mmengine - INFO - Exp name: yolov8_mambatransformer_lightfusion_20250624_133553
2025/06/24 23:09:24 - mmengine - INFO - Epoch(train) [196][400/400]  base_lr: 1.0000e-02 lr: 3.9700e-04  eta: 1:05:07  time: 2.3211  data_time: 0.0078  memory: 10828  grad_norm: 24.3063  loss: 17.0991  loss_cls: 2.8707  loss_bbox: 6.4919  loss_dfl: 7.7365
2025/06/24 23:09:24 - mmengine - INFO - Saving checkpoint at 196 epochs
2025/06/24 23:09:35 - mmengine - INFO - Epoch(val) [196][ 50/800]    eta: 0:01:38  time: 0.1311  data_time: 0.0027  memory: 1019  
2025/06/24 23:09:42 - mmengine - INFO - Epoch(val) [196][100/800]    eta: 0:01:30  time: 0.1272  data_time: 0.0050  memory: 1019  
2025/06/24 23:09:48 - mmengine - INFO - Epoch(val) [196][150/800]    eta: 0:01:22  time: 0.1224  data_time: 0.0005  memory: 1019  
2025/06/24 23:09:55 - mmengine - INFO - Epoch(val) [196][200/800]    eta: 0:01:19  time: 0.1485  data_time: 0.0039  memory: 1019  
2025/06/24 23:10:03 - mmengine - INFO - Epoch(val) [196][250/800]    eta: 0:01:14  time: 0.1463  data_time: 0.0014  memory: 1019  
2025/06/24 23:10:10 - mmengine - INFO - Epoch(val) [196][300/800]    eta: 0:01:08  time: 0.1491  data_time: 0.0019  memory: 1019  
2025/06/24 23:10:18 - mmengine - INFO - Epoch(val) [196][350/800]    eta: 0:01:02  time: 0.1500  data_time: 0.0021  memory: 1019  
2025/06/24 23:10:25 - mmengine - INFO - Epoch(val) [196][400/800]    eta: 0:00:56  time: 0.1531  data_time: 0.0035  memory: 1019  
2025/06/24 23:10:33 - mmengine - INFO - Epoch(val) [196][450/800]    eta: 0:00:49  time: 0.1551  data_time: 0.0025  memory: 1019  
2025/06/24 23:10:39 - mmengine - INFO - Epoch(val) [196][500/800]    eta: 0:00:41  time: 0.1123  data_time: 0.0045  memory: 1019  
2025/06/24 23:10:45 - mmengine - INFO - Epoch(val) [196][550/800]    eta: 0:00:34  time: 0.1278  data_time: 0.0034  memory: 1019  
2025/06/24 23:10:52 - mmengine - INFO - Epoch(val) [196][600/800]    eta: 0:00:27  time: 0.1289  data_time: 0.0021  memory: 1019  
2025/06/24 23:10:57 - mmengine - INFO - Epoch(val) [196][650/800]    eta: 0:00:20  time: 0.1113  data_time: 0.0008  memory: 1019  
2025/06/24 23:11:03 - mmengine - INFO - Epoch(val) [196][700/800]    eta: 0:00:13  time: 0.1121  data_time: 0.0010  memory: 1019  
2025/06/24 23:11:08 - mmengine - INFO - Epoch(val) [196][750/800]    eta: 0:00:06  time: 0.1071  data_time: 0.0005  memory: 1019  
2025/06/24 23:11:14 - mmengine - INFO - Epoch(val) [196][800/800]    eta: 0:00:00  time: 0.1067  data_time: 0.0004  memory: 1019  
2025/06/24 23:11:15 - mmengine - INFO - Evaluating bbox...
2025/06/24 23:11:26 - mmengine - INFO - 
+-------------+-------+--------+--------+-------+-------+-------+
| category    | mAP   | mAP_50 | mAP_75 | mAP_s | mAP_m | mAP_l |
+-------------+-------+--------+--------+-------+-------+-------+
| car         | 0.7   | 0.965  | 0.853  | 0.487 | 0.73  | 0.0   |
| truck       | 0.539 | 0.754  | 0.655  | 0.111 | 0.531 | 0.607 |
| bus         | 0.766 | 0.96   | 0.887  | 0.0   | 0.732 | 0.832 |
| van         | 0.51  | 0.698  | 0.614  | 0.215 | 0.509 | 0.841 |
| freight_car | 0.493 | 0.686  | 0.586  | 0.122 | 0.482 | 0.578 |
+-------------+-------+--------+--------+-------+-------+-------+
2025/06/24 23:11:26 - mmengine - INFO - bbox_mAP_copypaste: 0.602 0.813 0.719 0.187 0.597 0.571
2025/06/24 23:11:26 - mmengine - INFO - Epoch(val) [196][800/800]    coco/car_precision: 0.7000  coco/truck_precision: 0.5390  coco/bus_precision: 0.7660  coco/van_precision: 0.5100  coco/freight_car_precision: 0.4930  coco/bbox_mAP: 0.6020  coco/bbox_mAP_50: 0.8130  coco/bbox_mAP_75: 0.7190  coco/bbox_mAP_s: 0.1870  coco/bbox_mAP_m: 0.5970  coco/bbox_mAP_l: 0.5710  data_time: 0.0023  time: 0.1305
2025/06/24 23:13:45 - mmengine - INFO - Epoch(train) [197][ 50/400]  base_lr: 1.0000e-02 lr: 3.4750e-04  eta: 1:03:07  time: 2.7721  data_time: 0.0287  memory: 10838  grad_norm: 25.0440  loss: 17.2528  loss_cls: 2.8595  loss_bbox: 6.5369  loss_dfl: 7.8564
2025/06/24 23:15:43 - mmengine - INFO - Epoch(train) [197][100/400]  base_lr: 1.0000e-02 lr: 3.4750e-04  eta: 1:01:04  time: 2.3674  data_time: 0.0082  memory: 10812  grad_norm: 26.2994  loss: 17.2286  loss_cls: 2.9385  loss_bbox: 6.5961  loss_dfl: 7.6941
2025/06/24 23:18:00 - mmengine - INFO - Epoch(train) [197][150/400]  base_lr: 1.0000e-02 lr: 3.4750e-04  eta: 0:59:04  time: 2.7458  data_time: 0.0077  memory: 10876  grad_norm: 23.1969  loss: 16.9270  loss_cls: 2.7996  loss_bbox: 6.4626  loss_dfl: 7.6648
2025/06/24 23:19:59 - mmengine - INFO - Epoch(train) [197][200/400]  base_lr: 1.0000e-02 lr: 3.4750e-04  eta: 0:57:01  time: 2.3762  data_time: 0.0081  memory: 10812  grad_norm: 25.1727  loss: 17.2582  loss_cls: 2.9287  loss_bbox: 6.5295  loss_dfl: 7.8000
2025/06/24 23:22:17 - mmengine - INFO - Epoch(train) [197][250/400]  base_lr: 1.0000e-02 lr: 3.4750e-04  eta: 0:55:00  time: 2.7458  data_time: 0.0092  memory: 10833  grad_norm: 24.8386  loss: 16.9916  loss_cls: 2.8441  loss_bbox: 6.4281  loss_dfl: 7.7194
2025/06/24 23:24:15 - mmengine - INFO - Epoch(train) [197][300/400]  base_lr: 1.0000e-02 lr: 3.4750e-04  eta: 0:52:58  time: 2.3685  data_time: 0.0096  memory: 10780  grad_norm: 24.3286  loss: 16.9790  loss_cls: 2.8179  loss_bbox: 6.4469  loss_dfl: 7.7141
2025/06/24 23:26:34 - mmengine - INFO - Epoch(train) [197][350/400]  base_lr: 1.0000e-02 lr: 3.4750e-04  eta: 0:50:57  time: 2.7843  data_time: 0.0078  memory: 10786  grad_norm: 25.2640  loss: 16.8117  loss_cls: 2.8248  loss_bbox: 6.3144  loss_dfl: 7.6725
2025/06/24 23:28:32 - mmengine - INFO - Exp name: yolov8_mambatransformer_lightfusion_20250624_133553
2025/06/24 23:28:32 - mmengine - INFO - Epoch(train) [197][400/400]  base_lr: 1.0000e-02 lr: 3.4750e-04  eta: 0:48:54  time: 2.3512  data_time: 0.0077  memory: 10854  grad_norm: 24.5958  loss: 17.0862  loss_cls: 2.8568  loss_bbox: 6.5608  loss_dfl: 7.6687
2025/06/24 23:28:32 - mmengine - INFO - Saving checkpoint at 197 epochs
2025/06/24 23:28:41 - mmengine - INFO - Epoch(val) [197][ 50/800]    eta: 0:01:25  time: 0.1137  data_time: 0.0010  memory: 1019  
2025/06/24 23:28:47 - mmengine - INFO - Epoch(val) [197][100/800]    eta: 0:01:18  time: 0.1094  data_time: 0.0005  memory: 1019  
2025/06/24 23:28:52 - mmengine - INFO - Epoch(val) [197][150/800]    eta: 0:01:12  time: 0.1096  data_time: 0.0005  memory: 1019  
2025/06/24 23:28:58 - mmengine - INFO - Epoch(val) [197][200/800]    eta: 0:01:06  time: 0.1097  data_time: 0.0004  memory: 1019  
2025/06/24 23:29:03 - mmengine - INFO - Epoch(val) [197][250/800]    eta: 0:01:00  time: 0.1091  data_time: 0.0005  memory: 1019  
2025/06/24 23:29:09 - mmengine - INFO - Epoch(val) [197][300/800]    eta: 0:00:55  time: 0.1091  data_time: 0.0005  memory: 1019  
2025/06/24 23:29:14 - mmengine - INFO - Epoch(val) [197][350/800]    eta: 0:00:49  time: 0.1102  data_time: 0.0005  memory: 1019  
2025/06/24 23:29:20 - mmengine - INFO - Epoch(val) [197][400/800]    eta: 0:00:44  time: 0.1106  data_time: 0.0005  memory: 1019  
2025/06/24 23:29:25 - mmengine - INFO - Epoch(val) [197][450/800]    eta: 0:00:38  time: 0.1103  data_time: 0.0005  memory: 1019  
2025/06/24 23:29:31 - mmengine - INFO - Epoch(val) [197][500/800]    eta: 0:00:33  time: 0.1135  data_time: 0.0005  memory: 1019  
2025/06/24 23:29:37 - mmengine - INFO - Epoch(val) [197][550/800]    eta: 0:00:27  time: 0.1124  data_time: 0.0005  memory: 1019  
2025/06/24 23:29:42 - mmengine - INFO - Epoch(val) [197][600/800]    eta: 0:00:22  time: 0.1123  data_time: 0.0005  memory: 1019  
2025/06/24 23:29:48 - mmengine - INFO - Epoch(val) [197][650/800]    eta: 0:00:16  time: 0.1120  data_time: 0.0005  memory: 1019  
2025/06/24 23:29:53 - mmengine - INFO - Epoch(val) [197][700/800]    eta: 0:00:11  time: 0.1123  data_time: 0.0005  memory: 1019  
2025/06/24 23:29:59 - mmengine - INFO - Epoch(val) [197][750/800]    eta: 0:00:05  time: 0.1125  data_time: 0.0005  memory: 1019  
2025/06/24 23:30:05 - mmengine - INFO - Epoch(val) [197][800/800]    eta: 0:00:00  time: 0.1114  data_time: 0.0005  memory: 1019  
2025/06/24 23:30:05 - mmengine - INFO - Evaluating bbox...
2025/06/24 23:30:17 - mmengine - INFO - 
+-------------+-------+--------+--------+-------+-------+-------+
| category    | mAP   | mAP_50 | mAP_75 | mAP_s | mAP_m | mAP_l |
+-------------+-------+--------+--------+-------+-------+-------+
| car         | 0.7   | 0.965  | 0.853  | 0.487 | 0.729 | 0.0   |
| truck       | 0.539 | 0.755  | 0.655  | 0.12  | 0.531 | 0.608 |
| bus         | 0.767 | 0.961  | 0.886  | 0.0   | 0.732 | 0.832 |
| van         | 0.51  | 0.699  | 0.616  | 0.218 | 0.509 | 0.836 |
| freight_car | 0.493 | 0.685  | 0.586  | 0.128 | 0.481 | 0.577 |
+-------------+-------+--------+--------+-------+-------+-------+
2025/06/24 23:30:17 - mmengine - INFO - bbox_mAP_copypaste: 0.602 0.813 0.719 0.191 0.596 0.571
2025/06/24 23:30:17 - mmengine - INFO - Epoch(val) [197][800/800]    coco/car_precision: 0.7000  coco/truck_precision: 0.5390  coco/bus_precision: 0.7670  coco/van_precision: 0.5100  coco/freight_car_precision: 0.4930  coco/bbox_mAP: 0.6020  coco/bbox_mAP_50: 0.8130  coco/bbox_mAP_75: 0.7190  coco/bbox_mAP_s: 0.1910  coco/bbox_mAP_m: 0.5960  coco/bbox_mAP_l: 0.5710  data_time: 0.0005  time: 0.1111
2025/06/24 23:32:08 - mmengine - INFO - Epoch(train) [198][ 50/400]  base_lr: 1.0000e-02 lr: 2.9800e-04  eta: 0:46:51  time: 2.2159  data_time: 0.0294  memory: 10764  grad_norm: 25.3718  loss: 17.3447  loss_cls: 2.9651  loss_bbox: 6.7092  loss_dfl: 7.6704
2025/06/24 23:34:32 - mmengine - INFO - Epoch(train) [198][100/400]  base_lr: 1.0000e-02 lr: 2.9800e-04  eta: 0:44:51  time: 2.8815  data_time: 0.0075  memory: 10780  grad_norm: 25.6124  loss: 17.0370  loss_cls: 2.8538  loss_bbox: 6.4049  loss_dfl: 7.7784
2025/06/24 23:36:19 - mmengine - INFO - Epoch(train) [198][150/400]  base_lr: 1.0000e-02 lr: 2.9800e-04  eta: 0:42:47  time: 2.1476  data_time: 0.0084  memory: 10838  grad_norm: 25.5323  loss: 17.1351  loss_cls: 2.8852  loss_bbox: 6.5243  loss_dfl: 7.7257
2025/06/24 23:38:45 - mmengine - INFO - Exp name: yolov8_mambatransformer_lightfusion_20250624_133553
2025/06/24 23:38:45 - mmengine - INFO - Epoch(train) [198][200/400]  base_lr: 1.0000e-02 lr: 2.9800e-04  eta: 0:40:47  time: 2.9092  data_time: 0.0075  memory: 10742  grad_norm: 24.0164  loss: 16.6012  loss_cls: 2.7221  loss_bbox: 6.1984  loss_dfl: 7.6807
2025/06/24 23:40:36 - mmengine - INFO - Epoch(train) [198][250/400]  base_lr: 1.0000e-02 lr: 2.9800e-04  eta: 0:38:43  time: 2.2173  data_time: 0.0084  memory: 10786  grad_norm: 23.7347  loss: 17.0236  loss_cls: 2.8424  loss_bbox: 6.4806  loss_dfl: 7.7005
2025/06/24 23:43:02 - mmengine - INFO - Epoch(train) [198][300/400]  base_lr: 1.0000e-02 lr: 2.9800e-04  eta: 0:36:43  time: 2.9159  data_time: 0.0076  memory: 10849  grad_norm: 25.0683  loss: 17.0655  loss_cls: 2.8216  loss_bbox: 6.5166  loss_dfl: 7.7274
2025/06/24 23:44:53 - mmengine - INFO - Epoch(train) [198][350/400]  base_lr: 1.0000e-02 lr: 2.9800e-04  eta: 0:34:40  time: 2.2257  data_time: 0.0076  memory: 10833  grad_norm: 24.6078  loss: 17.0672  loss_cls: 2.8485  loss_bbox: 6.4604  loss_dfl: 7.7583
2025/06/24 23:47:17 - mmengine - INFO - Exp name: yolov8_mambatransformer_lightfusion_20250624_133553
2025/06/24 23:47:17 - mmengine - INFO - Epoch(train) [198][400/400]  base_lr: 1.0000e-02 lr: 2.9800e-04  eta: 0:32:39  time: 2.8904  data_time: 0.0096  memory: 10786  grad_norm: 24.4792  loss: 17.1239  loss_cls: 2.8811  loss_bbox: 6.4811  loss_dfl: 7.7618
2025/06/24 23:47:17 - mmengine - INFO - Saving checkpoint at 198 epochs
2025/06/24 23:47:26 - mmengine - INFO - Epoch(val) [198][ 50/800]    eta: 0:01:17  time: 0.1030  data_time: 0.0010  memory: 1019  
2025/06/24 23:47:31 - mmengine - INFO - Epoch(val) [198][100/800]    eta: 0:01:12  time: 0.1031  data_time: 0.0005  memory: 1019  
2025/06/24 23:47:38 - mmengine - INFO - Epoch(val) [198][150/800]    eta: 0:01:12  time: 0.1286  data_time: 0.0021  memory: 1019  
2025/06/24 23:47:44 - mmengine - INFO - Epoch(val) [198][200/800]    eta: 0:01:08  time: 0.1218  data_time: 0.0048  memory: 1019  
2025/06/24 23:47:49 - mmengine - INFO - Epoch(val) [198][250/800]    eta: 0:01:02  time: 0.1095  data_time: 0.0027  memory: 1019  
2025/06/24 23:47:55 - mmengine - INFO - Epoch(val) [198][300/800]    eta: 0:00:56  time: 0.1126  data_time: 0.0031  memory: 1019  
2025/06/24 23:48:00 - mmengine - INFO - Epoch(val) [198][350/800]    eta: 0:00:50  time: 0.1031  data_time: 0.0021  memory: 1019  
2025/06/24 23:48:05 - mmengine - INFO - Epoch(val) [198][400/800]    eta: 0:00:43  time: 0.0946  data_time: 0.0004  memory: 1019  
2025/06/24 23:48:09 - mmengine - INFO - Epoch(val) [198][450/800]    eta: 0:00:37  time: 0.0915  data_time: 0.0004  memory: 1019  
2025/06/24 23:48:14 - mmengine - INFO - Epoch(val) [198][500/800]    eta: 0:00:31  time: 0.0818  data_time: 0.0004  memory: 1019  
2025/06/24 23:48:18 - mmengine - INFO - Epoch(val) [198][550/800]    eta: 0:00:25  time: 0.0946  data_time: 0.0004  memory: 1019  
2025/06/24 23:48:23 - mmengine - INFO - Epoch(val) [198][600/800]    eta: 0:00:20  time: 0.0835  data_time: 0.0005  memory: 1019  
2025/06/24 23:48:27 - mmengine - INFO - Epoch(val) [198][650/800]    eta: 0:00:15  time: 0.0826  data_time: 0.0004  memory: 1019  
2025/06/24 23:48:31 - mmengine - INFO - Epoch(val) [198][700/800]    eta: 0:00:10  time: 0.0927  data_time: 0.0004  memory: 1019  
2025/06/24 23:48:37 - mmengine - INFO - Epoch(val) [198][750/800]    eta: 0:00:05  time: 0.1039  data_time: 0.0004  memory: 1019  
2025/06/24 23:48:41 - mmengine - INFO - Epoch(val) [198][800/800]    eta: 0:00:00  time: 0.0960  data_time: 0.0004  memory: 1019  
2025/06/24 23:48:42 - mmengine - INFO - Evaluating bbox...
2025/06/24 23:48:54 - mmengine - INFO - 
+-------------+-------+--------+--------+-------+-------+-------+
| category    | mAP   | mAP_50 | mAP_75 | mAP_s | mAP_m | mAP_l |
+-------------+-------+--------+--------+-------+-------+-------+
| car         | 0.7   | 0.965  | 0.854  | 0.489 | 0.73  | 0.0   |
| truck       | 0.539 | 0.754  | 0.658  | 0.12  | 0.531 | 0.608 |
| bus         | 0.766 | 0.96   | 0.887  | 0.0   | 0.731 | 0.832 |
| van         | 0.511 | 0.699  | 0.615  | 0.216 | 0.51  | 0.837 |
| freight_car | 0.493 | 0.684  | 0.586  | 0.128 | 0.481 | 0.578 |
+-------------+-------+--------+--------+-------+-------+-------+
2025/06/24 23:48:54 - mmengine - INFO - bbox_mAP_copypaste: 0.602 0.812 0.720 0.191 0.597 0.571
2025/06/24 23:48:54 - mmengine - INFO - Epoch(val) [198][800/800]    coco/car_precision: 0.7000  coco/truck_precision: 0.5390  coco/bus_precision: 0.7660  coco/van_precision: 0.5110  coco/freight_car_precision: 0.4930  coco/bbox_mAP: 0.6020  coco/bbox_mAP_50: 0.8120  coco/bbox_mAP_75: 0.7200  coco/bbox_mAP_s: 0.1910  coco/bbox_mAP_m: 0.5970  coco/bbox_mAP_l: 0.5710  data_time: 0.0013  time: 0.1002
2025/06/24 23:51:21 - mmengine - INFO - Epoch(train) [199][ 50/400]  base_lr: 1.0000e-02 lr: 2.4850e-04  eta: 0:30:37  time: 2.9315  data_time: 0.0270  memory: 10838  grad_norm: 24.0881  loss: 16.9451  loss_cls: 2.7947  loss_bbox: 6.4214  loss_dfl: 7.7290
2025/06/24 23:53:12 - mmengine - INFO - Epoch(train) [199][100/400]  base_lr: 1.0000e-02 lr: 2.4850e-04  eta: 0:28:34  time: 2.2307  data_time: 0.0075  memory: 10822  grad_norm: 22.9042  loss: 16.9495  loss_cls: 2.7900  loss_bbox: 6.4685  loss_dfl: 7.6910
2025/06/24 23:55:37 - mmengine - INFO - Epoch(train) [199][150/400]  base_lr: 1.0000e-02 lr: 2.4850e-04  eta: 0:26:33  time: 2.8882  data_time: 0.0075  memory: 10838  grad_norm: 24.1841  loss: 17.0275  loss_cls: 2.8747  loss_bbox: 6.4670  loss_dfl: 7.6858
2025/06/24 23:57:32 - mmengine - INFO - Epoch(train) [199][200/400]  base_lr: 1.0000e-02 lr: 2.4850e-04  eta: 0:24:30  time: 2.2998  data_time: 0.0079  memory: 10550  grad_norm: 25.3314  loss: 17.1059  loss_cls: 2.8680  loss_bbox: 6.4663  loss_dfl: 7.7717
2025/06/24 23:59:53 - mmengine - INFO - Epoch(train) [199][250/400]  base_lr: 1.0000e-02 lr: 2.4850e-04  eta: 0:22:28  time: 2.8334  data_time: 0.0096  memory: 10828  grad_norm: 25.1158  loss: 17.0545  loss_cls: 2.8148  loss_bbox: 6.5781  loss_dfl: 7.6616
2025/06/25 00:01:47 - mmengine - INFO - Epoch(train) [199][300/400]  base_lr: 1.0000e-02 lr: 2.4850e-04  eta: 0:20:25  time: 2.2837  data_time: 0.0080  memory: 10737  grad_norm: 26.2983  loss: 17.2955  loss_cls: 2.9122  loss_bbox: 6.6608  loss_dfl: 7.7226
2025/06/25 00:04:10 - mmengine - INFO - Epoch(train) [199][350/400]  base_lr: 1.0000e-02 lr: 2.4850e-04  eta: 0:18:23  time: 2.8404  data_time: 0.0074  memory: 10758  grad_norm: 25.5398  loss: 16.8719  loss_cls: 2.8254  loss_bbox: 6.3604  loss_dfl: 7.6861
2025/06/25 00:06:04 - mmengine - INFO - Exp name: yolov8_mambatransformer_lightfusion_20250624_133553
2025/06/25 00:06:04 - mmengine - INFO - Epoch(train) [199][400/400]  base_lr: 1.0000e-02 lr: 2.4850e-04  eta: 0:16:20  time: 2.2820  data_time: 0.0079  memory: 10860  grad_norm: 23.5537  loss: 16.6292  loss_cls: 2.7601  loss_bbox: 6.2704  loss_dfl: 7.5988
2025/06/25 00:06:04 - mmengine - INFO - Saving checkpoint at 199 epochs
2025/06/25 00:06:13 - mmengine - INFO - Epoch(val) [199][ 50/800]    eta: 0:01:23  time: 0.1114  data_time: 0.0009  memory: 1019  
2025/06/25 00:06:18 - mmengine - INFO - Epoch(val) [199][100/800]    eta: 0:01:17  time: 0.1106  data_time: 0.0005  memory: 1019  
2025/06/25 00:06:24 - mmengine - INFO - Epoch(val) [199][150/800]    eta: 0:01:12  time: 0.1115  data_time: 0.0004  memory: 1019  
2025/06/25 00:06:30 - mmengine - INFO - Epoch(val) [199][200/800]    eta: 0:01:06  time: 0.1110  data_time: 0.0004  memory: 1019  
2025/06/25 00:06:35 - mmengine - INFO - Epoch(val) [199][250/800]    eta: 0:01:00  time: 0.1101  data_time: 0.0004  memory: 1019  
2025/06/25 00:06:41 - mmengine - INFO - Epoch(val) [199][300/800]    eta: 0:00:55  time: 0.1101  data_time: 0.0004  memory: 1019  
2025/06/25 00:06:46 - mmengine - INFO - Epoch(val) [199][350/800]    eta: 0:00:49  time: 0.1104  data_time: 0.0005  memory: 1019  
2025/06/25 00:06:52 - mmengine - INFO - Epoch(val) [199][400/800]    eta: 0:00:44  time: 0.1108  data_time: 0.0005  memory: 1019  
2025/06/25 00:06:57 - mmengine - INFO - Epoch(val) [199][450/800]    eta: 0:00:38  time: 0.1111  data_time: 0.0005  memory: 1019  
2025/06/25 00:07:03 - mmengine - INFO - Epoch(val) [199][500/800]    eta: 0:00:33  time: 0.1117  data_time: 0.0005  memory: 1019  
2025/06/25 00:07:09 - mmengine - INFO - Epoch(val) [199][550/800]    eta: 0:00:27  time: 0.1127  data_time: 0.0004  memory: 1019  
2025/06/25 00:07:14 - mmengine - INFO - Epoch(val) [199][600/800]    eta: 0:00:22  time: 0.1122  data_time: 0.0005  memory: 1019  
2025/06/25 00:07:20 - mmengine - INFO - Epoch(val) [199][650/800]    eta: 0:00:16  time: 0.1103  data_time: 0.0005  memory: 1019  
2025/06/25 00:07:25 - mmengine - INFO - Epoch(val) [199][700/800]    eta: 0:00:11  time: 0.0999  data_time: 0.0005  memory: 1019  
2025/06/25 00:07:30 - mmengine - INFO - Epoch(val) [199][750/800]    eta: 0:00:05  time: 0.1030  data_time: 0.0005  memory: 1019  
2025/06/25 00:07:35 - mmengine - INFO - Epoch(val) [199][800/800]    eta: 0:00:00  time: 0.1039  data_time: 0.0005  memory: 1019  
2025/06/25 00:07:36 - mmengine - INFO - Evaluating bbox...
2025/06/25 00:07:50 - mmengine - INFO - 
+-------------+-------+--------+--------+-------+-------+-------+
| category    | mAP   | mAP_50 | mAP_75 | mAP_s | mAP_m | mAP_l |
+-------------+-------+--------+--------+-------+-------+-------+
| car         | 0.7   | 0.965  | 0.853  | 0.489 | 0.73  | 0.0   |
| truck       | 0.538 | 0.754  | 0.658  | 0.12  | 0.529 | 0.608 |
| bus         | 0.766 | 0.961  | 0.888  | 0.0   | 0.731 | 0.831 |
| van         | 0.51  | 0.699  | 0.615  | 0.218 | 0.508 | 0.836 |
| freight_car | 0.492 | 0.684  | 0.584  | 0.128 | 0.48  | 0.577 |
+-------------+-------+--------+--------+-------+-------+-------+
2025/06/25 00:07:50 - mmengine - INFO - bbox_mAP_copypaste: 0.601 0.813 0.720 0.191 0.596 0.571
2025/06/25 00:07:50 - mmengine - INFO - Epoch(val) [199][800/800]    coco/car_precision: 0.7000  coco/truck_precision: 0.5380  coco/bus_precision: 0.7660  coco/van_precision: 0.5100  coco/freight_car_precision: 0.4920  coco/bbox_mAP: 0.6010  coco/bbox_mAP_50: 0.8130  coco/bbox_mAP_75: 0.7200  coco/bbox_mAP_s: 0.1910  coco/bbox_mAP_m: 0.5960  coco/bbox_mAP_l: 0.5710  data_time: 0.0005  time: 0.1094
2025/06/25 00:09:56 - mmengine - INFO - Epoch(train) [200][ 50/400]  base_lr: 1.0000e-02 lr: 1.9900e-04  eta: 0:14:18  time: 2.5295  data_time: 0.0256  memory: 10769  grad_norm: 25.8476  loss: 16.6276  loss_cls: 2.7785  loss_bbox: 6.2265  loss_dfl: 7.6226
2025/06/25 00:12:06 - mmengine - INFO - Epoch(train) [200][100/400]  base_lr: 1.0000e-02 lr: 1.9900e-04  eta: 0:12:15  time: 2.6027  data_time: 0.0084  memory: 10854  grad_norm: 25.1084  loss: 16.9554  loss_cls: 2.8289  loss_bbox: 6.4640  loss_dfl: 7.6625
2025/06/25 00:14:11 - mmengine - INFO - Epoch(train) [200][150/400]  base_lr: 1.0000e-02 lr: 1.9900e-04  eta: 0:10:13  time: 2.4843  data_time: 0.0074  memory: 10833  grad_norm: 23.4580  loss: 16.9238  loss_cls: 2.8163  loss_bbox: 6.4526  loss_dfl: 7.6549
2025/06/25 00:16:22 - mmengine - INFO - Epoch(train) [200][200/400]  base_lr: 1.0000e-02 lr: 1.9900e-04  eta: 0:08:10  time: 2.6280  data_time: 0.0077  memory: 10748  grad_norm: 25.9413  loss: 17.1616  loss_cls: 2.8965  loss_bbox: 6.5337  loss_dfl: 7.7314
2025/06/25 00:18:26 - mmengine - INFO - Epoch(train) [200][250/400]  base_lr: 1.0000e-02 lr: 1.9900e-04  eta: 0:06:08  time: 2.4862  data_time: 0.0085  memory: 10838  grad_norm: 25.0086  loss: 16.9515  loss_cls: 2.8366  loss_bbox: 6.4659  loss_dfl: 7.6490
2025/06/25 00:20:38 - mmengine - INFO - Epoch(train) [200][300/400]  base_lr: 1.0000e-02 lr: 1.9900e-04  eta: 0:04:05  time: 2.6378  data_time: 0.0078  memory: 10897  grad_norm: 24.6421  loss: 17.0391  loss_cls: 2.8604  loss_bbox: 6.4633  loss_dfl: 7.7153
2025/06/25 00:22:42 - mmengine - INFO - Epoch(train) [200][350/400]  base_lr: 1.0000e-02 lr: 1.9900e-04  eta: 0:02:02  time: 2.4727  data_time: 0.0088  memory: 10838  grad_norm: 25.9807  loss: 17.0210  loss_cls: 2.8615  loss_bbox: 6.4153  loss_dfl: 7.7441
2025/06/25 00:24:54 - mmengine - INFO - Exp name: yolov8_mambatransformer_lightfusion_20250624_133553
2025/06/25 00:24:54 - mmengine - INFO - Epoch(train) [200][400/400]  base_lr: 1.0000e-02 lr: 1.9900e-04  eta: 0:00:00  time: 2.6370  data_time: 0.0091  memory: 10614  grad_norm: 25.0533  loss: 16.7922  loss_cls: 2.8107  loss_bbox: 6.3808  loss_dfl: 7.6007
2025/06/25 00:24:54 - mmengine - INFO - Saving checkpoint at 200 epochs
2025/06/25 00:25:03 - mmengine - INFO - Epoch(val) [200][ 50/800]    eta: 0:01:11  time: 0.0956  data_time: 0.0008  memory: 1019  
2025/06/25 00:25:07 - mmengine - INFO - Epoch(val) [200][100/800]    eta: 0:01:04  time: 0.0900  data_time: 0.0004  memory: 1019  
2025/06/25 00:25:11 - mmengine - INFO - Epoch(val) [200][150/800]    eta: 0:00:57  time: 0.0808  data_time: 0.0004  memory: 1019  
2025/06/25 00:25:16 - mmengine - INFO - Epoch(val) [200][200/800]    eta: 0:00:53  time: 0.0895  data_time: 0.0004  memory: 1019  
2025/06/25 00:25:20 - mmengine - INFO - Epoch(val) [200][250/800]    eta: 0:00:48  time: 0.0886  data_time: 0.0004  memory: 1019  
2025/06/25 00:25:26 - mmengine - INFO - Epoch(val) [200][300/800]    eta: 0:00:46  time: 0.1105  data_time: 0.0005  memory: 1019  
2025/06/25 00:25:32 - mmengine - INFO - Epoch(val) [200][350/800]    eta: 0:00:43  time: 0.1196  data_time: 0.0005  memory: 1019  
2025/06/25 00:25:38 - mmengine - INFO - Epoch(val) [200][400/800]    eta: 0:00:39  time: 0.1196  data_time: 0.0005  memory: 1019  
2025/06/25 00:25:44 - mmengine - INFO - Epoch(val) [200][450/800]    eta: 0:00:35  time: 0.1206  data_time: 0.0005  memory: 1019  
2025/06/25 00:25:50 - mmengine - INFO - Epoch(val) [200][500/800]    eta: 0:00:30  time: 0.1177  data_time: 0.0005  memory: 1019  
2025/06/25 00:25:55 - mmengine - INFO - Epoch(val) [200][550/800]    eta: 0:00:25  time: 0.1094  data_time: 0.0005  memory: 1019  
2025/06/25 00:26:01 - mmengine - INFO - Epoch(val) [200][600/800]    eta: 0:00:20  time: 0.1097  data_time: 0.0004  memory: 1019  
2025/06/25 00:26:06 - mmengine - INFO - Epoch(val) [200][650/800]    eta: 0:00:15  time: 0.1091  data_time: 0.0005  memory: 1019  
2025/06/25 00:26:12 - mmengine - INFO - Epoch(val) [200][700/800]    eta: 0:00:10  time: 0.1099  data_time: 0.0004  memory: 1019  
2025/06/25 00:26:17 - mmengine - INFO - Epoch(val) [200][750/800]    eta: 0:00:05  time: 0.1099  data_time: 0.0004  memory: 1019  
2025/06/25 00:26:23 - mmengine - INFO - Epoch(val) [200][800/800]    eta: 0:00:00  time: 0.1106  data_time: 0.0004  memory: 1019  
2025/06/25 00:26:24 - mmengine - INFO - Evaluating bbox...
2025/06/25 00:26:35 - mmengine - INFO - 
+-------------+-------+--------+--------+-------+-------+-------+
| category    | mAP   | mAP_50 | mAP_75 | mAP_s | mAP_m | mAP_l |
+-------------+-------+--------+--------+-------+-------+-------+
| car         | 0.7   | 0.965  | 0.853  | 0.489 | 0.729 | 0.0   |
| truck       | 0.539 | 0.755  | 0.661  | 0.132 | 0.53  | 0.61  |
| bus         | 0.765 | 0.961  | 0.887  | 0.0   | 0.73  | 0.832 |
| van         | 0.511 | 0.699  | 0.616  | 0.219 | 0.509 | 0.838 |
| freight_car | 0.492 | 0.683  | 0.584  | 0.128 | 0.479 | 0.579 |
+-------------+-------+--------+--------+-------+-------+-------+
2025/06/25 00:26:35 - mmengine - INFO - bbox_mAP_copypaste: 0.601 0.813 0.720 0.194 0.596 0.572
2025/06/25 00:26:35 - mmengine - INFO - Epoch(val) [200][800/800]    coco/car_precision: 0.7000  coco/truck_precision: 0.5390  coco/bus_precision: 0.7650  coco/van_precision: 0.5110  coco/freight_car_precision: 0.4920  coco/bbox_mAP: 0.6010  coco/bbox_mAP_50: 0.8130  coco/bbox_mAP_75: 0.7200  coco/bbox_mAP_s: 0.1940  coco/bbox_mAP_m: 0.5960  coco/bbox_mAP_l: 0.5720  data_time: 0.0005  time: 0.1057
