2025/06/30 15:37:32 - mmengine - INFO - 
------------------------------------------------------------
System environment:
    sys.platform: linux
    Python: 3.10.16 (main, Dec 11 2024, 16:24:50) [GCC 11.2.0]
    CUDA available: True
    MUSA available: False
    numpy_random_seed: 568097797
    GPU 0: NVIDIA A40
    CUDA_HOME: /usr/local/cuda
    NVCC: Cuda compilation tools, release 12.0, V12.0.76
    GCC: gcc (Ubuntu 9.4.0-1ubuntu1~20.04.2) 9.4.0
    PyTorch: 2.3.1
    PyTorch compiling details: PyTorch built with:
  - GCC 9.3
  - C++ Version: 201703
  - Intel(R) oneAPI Math Kernel Library Version 2023.1-Product Build 20230303 for Intel(R) 64 architecture applications
  - Intel(R) MKL-DNN v3.3.6 (Git Hash 86e6af5974177e513fd3fee58425e1063e7f1361)
  - OpenMP 201511 (a.k.a. OpenMP 4.5)
  - LAPACK is enabled (usually provided by MKL)
  - NNPACK is enabled
  - CPU capability usage: AVX512
  - CUDA Runtime 12.1
  - NVCC architecture flags: -gencode;arch=compute_50,code=sm_50;-gencode;arch=compute_60,code=sm_60;-gencode;arch=compute_61,code=sm_61;-gencode;arch=compute_70,code=sm_70;-gencode;arch=compute_75,code=sm_75;-gencode;arch=compute_80,code=sm_80;-gencode;arch=compute_86,code=sm_86;-gencode;arch=compute_90,code=sm_90
  - CuDNN 8.9.2
  - Magma 2.6.1
  - Build settings: BLAS_INFO=mkl, BUILD_TYPE=Release, CUDA_VERSION=12.1, CUDNN_VERSION=8.9.2, CXX_COMPILER=/opt/rh/devtoolset-9/root/usr/bin/c++, CXX_FLAGS= -D_GLIBCXX_USE_CXX11_ABI=0 -fabi-version=11 -fvisibility-inlines-hidden -DUSE_PTHREADPOOL -DNDEBUG -DUSE_KINETO -DLIBKINETO_NOROCTRACER -DUSE_FBGEMM -DUSE_QNNPACK -DUSE_PYTORCH_QNNPACK -DUSE_XNNPACK -DSYMBOLICATE_MOBILE_DEBUG_HANDLE -O2 -fPIC -Wall -Wextra -Werror=return-type -Werror=non-virtual-dtor -Werror=bool-operation -Wnarrowing -Wno-missing-field-initializers -Wno-type-limits -Wno-array-bounds -Wno-unknown-pragmas -Wno-unused-parameter -Wno-unused-function -Wno-unused-result -Wno-strict-overflow -Wno-strict-aliasing -Wno-stringop-overflow -Wsuggest-override -Wno-psabi -Wno-error=pedantic -Wno-error=old-style-cast -Wno-missing-braces -fdiagnostics-color=always -faligned-new -Wno-unused-but-set-variable -Wno-maybe-uninitialized -fno-math-errno -fno-trapping-math -Werror=format -Wno-stringop-overflow, LAPACK_INFO=mkl, PERF_WITH_AVX=1, PERF_WITH_AVX2=1, PERF_WITH_AVX512=1, TORCH_VERSION=2.3.1, USE_CUDA=ON, USE_CUDNN=ON, USE_CUSPARSELT=1, USE_EXCEPTION_PTR=1, USE_GFLAGS=OFF, USE_GLOG=OFF, USE_GLOO=ON, USE_MKL=ON, USE_MKLDNN=ON, USE_MPI=OFF, USE_NCCL=ON, USE_NNPACK=ON, USE_OPENMP=ON, USE_ROCM=OFF, USE_ROCM_KERNEL_ASSERT=OFF, 

    TorchVision: 0.18.1
    OpenCV: 4.11.0
    MMEngine: 0.10.7

Runtime environment:
    cudnn_benchmark: True
    mp_cfg: {'mp_start_method': 'fork', 'opencv_num_threads': 0}
    dist_cfg: {'backend': 'nccl'}
    seed: 568097797
    Distributed launcher: none
    Distributed training: False
    GPU number: 1
------------------------------------------------------------

2025/06/30 15:37:33 - mmengine - INFO - Config:
_backend_args = None
_multiscale_resize_transforms = [
    dict(
        transforms=[
            dict(scale=(
                640,
                640,
            ), type='YOLOv5KeepRatioResize'),
            dict(
                allow_scale_up=False,
                pad_val=dict(img=114),
                scale=(
                    640,
                    640,
                ),
                type='LetterResize'),
        ],
        type='Compose'),
    dict(
        transforms=[
            dict(scale=(
                320,
                320,
            ), type='YOLOv5KeepRatioResize'),
            dict(
                allow_scale_up=False,
                pad_val=dict(img=114),
                scale=(
                    320,
                    320,
                ),
                type='LetterResize'),
        ],
        type='Compose'),
    dict(
        transforms=[
            dict(scale=(
                960,
                960,
            ), type='YOLOv5KeepRatioResize'),
            dict(
                allow_scale_up=False,
                pad_val=dict(img=114),
                scale=(
                    960,
                    960,
                ),
                type='LetterResize'),
        ],
        type='Compose'),
]
affine_scale = 0.5
after_pre_transformer = [
    dict(
        border=(
            -320,
            -256,
        ),
        border_val=(
            114,
            114,
            114,
        ),
        max_aspect_ratio=100,
        max_rotate_degree=0.0,
        max_shear_degree=0.0,
        scaling_ratio_range=(
            0.5,
            1.5,
        ),
        type='YOLOv5RandomAffine'),
]
albu_train_transforms = [
    dict(p=0.01, type='Blur'),
    dict(p=0.01, type='MedianBlur'),
    dict(p=0.01, type='ToGray'),
    dict(p=0.01, type='CLAHE'),
]
backend_args = None
base_lr = 0.01
batch_shapes_cfg = None
before_last_transformer = [
    dict(type='YOLOv5HSVRandomAug'),
    dict(prob=0.5, type='mmdet.RandomFlip'),
]
class_name = (
    'car',
    'person',
    'bicycle',
)
classes = (
    'car',
    'truck',
    'bus',
    'van',
    'freight_car',
)
close_mosaic_epochs = 10
custom_hooks = [
    dict(
        ema_type='ExpMomentumEMA',
        momentum=0.0001,
        priority=49,
        strict_load=False,
        type='EMAHook',
        update_buffers=True),
    dict(
        switch_epoch=190,
        switch_pipeline=[
            dict(backend_args=None, type='LoadImageFromFile'),
            dict(backend_args=None, type='LoadImageFromFile2'),
            dict(type='LoadAnnotations', with_bbox=True, with_mask=False),
            dict(
                transforms=[
                    dict(scale=(
                        640,
                        512,
                    ), type='YOLOv5KeepRatioResize'),
                    dict(
                        border_val=(
                            114,
                            114,
                            114,
                        ),
                        max_aspect_ratio=100,
                        max_rotate_degree=0.0,
                        max_shear_degree=0.0,
                        scaling_ratio_range=(
                            0.5,
                            1.5,
                        ),
                        type='YOLOv5RandomAffine'),
                ],
                type='Image2Broadcaster'),
            dict(
                bbox_params=dict(
                    format='pascal_voc',
                    label_fields=[
                        'gt_bboxes_labels',
                        'gt_ignore_flags',
                    ],
                    type='BboxParams'),
                keymap=dict(gt_bboxes='bboxes', img='image'),
                transforms=[
                    dict(p=0.01, type='Blur'),
                    dict(p=0.01, type='MedianBlur'),
                    dict(p=0.01, type='ToGray'),
                    dict(p=0.01, type='CLAHE'),
                ],
                type='Dual_Albu'),
            dict(
                transforms=[
                    dict(type='YOLOv5HSVRandomAug'),
                    dict(prob=0.5, type='mmdet.RandomFlip'),
                ],
                type='Image2Broadcaster'),
            dict(
                meta_keys=(
                    'img_id',
                    'img_path',
                    'ori_shape',
                    'img_shape',
                    'img_path2',
                    'ori_shape2',
                    'img_shape2',
                    'scale_factor',
                ),
                type='DoublePackDetInputs'),
        ],
        type='mmdet.PipelineSwitchHook'),
]
data_root = '/data/nl/mmdet2spectral/data/DroneVehicle_partion/'
dataset_type = 'DualStreamCocoDataset'
deepen_factor = 0.67
default_hooks = dict(
    checkpoint=dict(
        interval=1,
        max_keep_ckpts=3,
        save_best='coco/bbox_mAP_50',
        type='CheckpointHook'),
    logger=dict(interval=50, type='LoggerHook'),
    param_scheduler=dict(
        lr_factor=0.01,
        max_epochs=200,
        scheduler_type='linear',
        type='YOLOv5ParamSchedulerHook'),
    sampler_seed=dict(type='DistSamplerSeedHook'),
    timer=dict(type='IterTimerHook'),
    visualization=dict(type='mmdet.DetVisualizationHook'))
default_scope = 'mmyolo'
env_cfg = dict(
    cudnn_benchmark=True,
    dist_cfg=dict(backend='nccl'),
    mp_cfg=dict(mp_start_method='fork', opencv_num_threads=0))
img_scale = (
    640,
    512,
)
img_scales = [
    (
        640,
        640,
    ),
    (
        320,
        320,
    ),
    (
        960,
        960,
    ),
]
last_stage_out_channels = 1024
last_transform = [
    dict(
        bbox_params=dict(
            format='pascal_voc',
            label_fields=[
                'gt_bboxes_labels',
                'gt_ignore_flags',
            ],
            type='BboxParams'),
        keymap=dict(gt_bboxes='bboxes', img='image'),
        transforms=[
            dict(p=0.01, type='Blur'),
            dict(p=0.01, type='MedianBlur'),
            dict(p=0.01, type='ToGray'),
            dict(p=0.01, type='CLAHE'),
        ],
        type='Dual_Albu'),
    dict(
        transforms=[
            dict(type='YOLOv5HSVRandomAug'),
            dict(prob=0.5, type='mmdet.RandomFlip'),
        ],
        type='Image2Broadcaster'),
    dict(
        meta_keys=(
            'img_id',
            'img_path',
            'ori_shape',
            'img_shape',
            'img_path2',
            'ori_shape2',
            'img_shape2',
            'scale_factor',
        ),
        type='DoublePackDetInputs'),
]
launcher = 'none'
load_from = None
log_level = 'INFO'
log_processor = dict(by_epoch=True, type='LogProcessor', window_size=50)
loss_bbox_weight = 7.5
loss_cls_weight = 0.5
loss_dfl_weight = 0.375
lr_factor = 0.01
max_aspect_ratio = 100
max_epochs = 200
max_keep_ckpts = 3
metainfo = dict(
    classes=(
        'car',
        'truck',
        'bus',
        'van',
        'freight_car',
    ),
    palette=[
        (
            20,
            220,
            60,
        ),
        (
            119,
            11,
            32,
        ),
        (
            0,
            0,
            142,
        ),
        (
            106,
            0,
            228,
        ),
        (
            0,
            60,
            100,
        ),
    ])
model = dict(
    backbone=dict(
        act_cfg=dict(inplace=True, type='SiLU'),
        deepen_factor=0.67,
        fusion_block=dict(
            in_channels=[
                128,
                256,
                512,
            ],
            mamba_bi=[
                False,
                False,
                False,
            ],
            mamba_size=[
                (
                    128,
                    160,
                ),
                (
                    64,
                    80,
                ),
                (
                    32,
                    40,
                ),
            ],
            transformer_fusion=True,
            transformer_horz_anchor=[
                16,
                10,
                8,
            ],
            transformer_loops_num=1,
            transformer_mod_weight=True,
            transformer_vert_anchor=[
                16,
                10,
                8,
            ],
            type='MambaTransformerBlock'),
        fusion_flag=True,
        fusion_indices=(
            2,
            3,
            4,
        ),
        fusion_module=dict(in_channels=[
            128,
            256,
            512,
        ], type='BaseFusion'),
        head_input_module=dict(
            in_channels=[
                256,
                512,
                1024,
            ], type='BaseFusion'),
        input_channels=3,
        norm_cfg=dict(eps=0.001, momentum=0.03, type='BN'),
        out_indices=(
            2,
            3,
            4,
        ),
        stages=dict(
            settings=dict(
                act_cfg=dict(inplace=True, type='SiLU'),
                add_identity=[
                    True,
                    True,
                    True,
                    True,
                ],
                deepen_factor=0.67,
                in_channels=[
                    64,
                    128,
                    256,
                    512,
                ],
                norm_cfg=dict(eps=0.001, momentum=0.03, type='BN'),
                num_blocks=[
                    3,
                    6,
                    6,
                    3,
                ],
                out_channels=[
                    128,
                    256,
                    512,
                    1024,
                ],
                use_spp=[
                    False,
                    False,
                    False,
                    True,
                ],
                widen_factor=0.75),
            type='yoloV8CSPDarknet'),
        stem_block=dict(
            act_cfg=dict(inplace=True, type='SiLU'),
            in_channels=3,
            kernel_size=3,
            norm_cfg=dict(eps=0.001, momentum=0.03, type='BN'),
            out_channels=64,
            padding=1,
            stride=2,
            type='ConvStem',
            widen_factor=0.75),
        type='GeneralDualBackbone',
        widen_factor=0.75),
    bbox_head=dict(
        bbox_coder=dict(type='DistancePointBBoxCoder'),
        head_module=dict(
            act_cfg=dict(inplace=True, type='SiLU'),
            featmap_strides=[
                8,
                16,
                32,
            ],
            in_channels=[
                256,
                512,
                1024,
            ],
            norm_cfg=dict(eps=0.001, momentum=0.03, type='BN'),
            num_classes=5,
            reg_max=16,
            type='YOLOv8HeadModule',
            widen_factor=0.75),
        loss_bbox=dict(
            bbox_format='xyxy',
            iou_mode='ciou',
            loss_weight=7.5,
            reduction='sum',
            return_iou=False,
            type='IoULoss'),
        loss_cls=dict(
            loss_weight=0.5,
            reduction='none',
            type='mmdet.CrossEntropyLoss',
            use_sigmoid=True),
        loss_dfl=dict(
            loss_weight=0.375,
            reduction='mean',
            type='mmdet.DistributionFocalLoss'),
        prior_generator=dict(
            offset=0.5, strides=[
                8,
                16,
                32,
            ], type='mmdet.MlvlPointGenerator'),
        type='YOLOv8Head'),
    data_preprocessor=dict(
        bgr_to_rgb=True,
        mean=[
            123.675,
            116.28,
            103.53,
        ],
        std=[
            58.395,
            57.12,
            57.375,
        ],
        type='DualInputDetDataPreprocessor'),
    neck=dict(
        act_cfg=dict(inplace=True, type='SiLU'),
        deepen_factor=0.67,
        in_channels=[
            256,
            512,
            1024,
        ],
        norm_cfg=dict(eps=0.001, momentum=0.03, type='BN'),
        num_csp_blocks=3,
        out_channels=[
            256,
            512,
            1024,
        ],
        type='YOLOv8PAFPN',
        widen_factor=0.75),
    test_cfg=dict(
        max_per_img=300,
        multi_label=True,
        nms=dict(iou_threshold=0.7, type='nms'),
        nms_pre=30000,
        score_thr=0.001),
    train_cfg=dict(
        assigner=dict(
            alpha=0.5,
            beta=6.0,
            eps=1e-09,
            num_classes=5,
            topk=10,
            type='BatchTaskAlignedAssigner',
            use_ciou=True)),
    type='YOLODualNeckDetector')
model_test_cfg = dict(
    max_per_img=300,
    multi_label=True,
    nms=dict(iou_threshold=0.7, type='nms'),
    nms_pre=30000,
    score_thr=0.001)
norm_cfg = dict(eps=0.001, momentum=0.03, type='BN')
num_classes = 5
num_det_layers = 3
optim_wrapper = dict(
    clip_grad=dict(max_norm=10.0),
    constructor='YOLOv5OptimizerConstructor',
    optimizer=dict(
        batch_size_per_gpu=8,
        lr=0.01,
        momentum=0.937,
        nesterov=True,
        type='SGD',
        weight_decay=0.0005),
    type='OptimWrapper')
param_scheduler = None
persistent_workers = True
pre_transform = [
    dict(backend_args=None, type='LoadImageFromFile'),
    dict(backend_args=None, type='LoadImageFromFile2'),
    dict(type='LoadAnnotations', with_bbox=True, with_mask=False),
]
resume = True
save_epoch_intervals = 1
strides = [
    8,
    16,
    32,
]
tal_alpha = 0.5
tal_beta = 6.0
tal_topk = 10
test_cfg = dict(type='TestLoop')
test_dataloader = dict(
    batch_size=1,
    dataset=dict(
        ann_file='val.json',
        batch_shapes_cfg=None,
        data_prefix=dict(img='val/enhance_true/rgb'),
        data_root='/data/nl/mmdet2spectral/data/DroneVehicle_partion/',
        metainfo=dict(
            classes=(
                'car',
                'truck',
                'bus',
                'van',
                'freight_car',
            ),
            palette=[
                (
                    20,
                    220,
                    60,
                ),
                (
                    119,
                    11,
                    32,
                ),
                (
                    0,
                    0,
                    142,
                ),
                (
                    106,
                    0,
                    228,
                ),
                (
                    0,
                    60,
                    100,
                ),
            ]),
        pipeline=[
            dict(backend_args=None, type='LoadImageFromFile'),
            dict(backend_args=None, type='LoadImageFromFile2'),
            dict(_scope_='mmdet', type='LoadAnnotations', with_bbox=True),
            dict(
                transforms=[
                    dict(scale=(
                        640,
                        512,
                    ), type='YOLOv5KeepRatioResize'),
                ],
                type='Image2Broadcaster'),
            dict(
                meta_keys=(
                    'img_id',
                    'img_path',
                    'ori_shape',
                    'img_shape',
                    'img_path2',
                    'ori_shape2',
                    'img_shape2',
                    'scale_factor',
                ),
                type='DoublePackDetInputs'),
        ],
        test_mode=True,
        type='DualStreamCocoDataset'),
    drop_last=False,
    num_workers=2,
    persistent_workers=True,
    pin_memory=True,
    sampler=dict(shuffle=False, type='DefaultSampler'))
test_evaluator = dict(
    ann_file='/data/nl/mmdet2spectral/data/DroneVehicle_partion/val.json',
    classwise=True,
    metric='bbox',
    proposal_nums=(
        100,
        1,
        10,
    ),
    type='mmdet.CocoMetric')
test_pipeline = [
    dict(backend_args=None, type='LoadImageFromFile'),
    dict(backend_args=None, type='LoadImageFromFile2'),
    dict(_scope_='mmdet', type='LoadAnnotations', with_bbox=True),
    dict(
        transforms=[
            dict(scale=(
                640,
                512,
            ), type='YOLOv5KeepRatioResize'),
        ],
        type='Image2Broadcaster'),
    dict(
        meta_keys=(
            'img_id',
            'img_path',
            'ori_shape',
            'img_shape',
            'img_path2',
            'ori_shape2',
            'img_shape2',
            'scale_factor',
        ),
        type='DoublePackDetInputs'),
]
test_transformer = [
    dict(scale=(
        640,
        512,
    ), type='YOLOv5KeepRatioResize'),
]
train_ann_file = 'train.json'
train_batch_size_per_gpu = 8
train_cfg = dict(
    dynamic_intervals=[
        (
            190,
            1,
        ),
    ],
    max_epochs=200,
    type='EpochBasedTrainLoop',
    val_interval=1)
train_data_prefix = 'train/enhance_true/rgb'
train_dataloader = dict(
    batch_size=8,
    collate_fn=dict(type='dual_yolo_collate'),
    dataset=dict(
        ann_file='train.json',
        data_prefix=dict(img='train/enhance_true/rgb'),
        data_root='/data/nl/mmdet2spectral/data/DroneVehicle_partion/',
        filter_cfg=dict(filter_empty_gt=False, min_size=32),
        metainfo=dict(
            classes=(
                'car',
                'truck',
                'bus',
                'van',
                'freight_car',
            ),
            palette=[
                (
                    20,
                    220,
                    60,
                ),
                (
                    119,
                    11,
                    32,
                ),
                (
                    0,
                    0,
                    142,
                ),
                (
                    106,
                    0,
                    228,
                ),
                (
                    0,
                    60,
                    100,
                ),
            ]),
        pipeline=[
            dict(backend_args=None, type='LoadImageFromFile'),
            dict(backend_args=None, type='LoadImageFromFile2'),
            dict(type='LoadAnnotations', with_bbox=True, with_mask=False),
            dict(
                img_scale=(
                    640,
                    512,
                ),
                pad_val=114.0,
                pre_transform=[
                    dict(backend_args=None, type='LoadImageFromFile'),
                    dict(backend_args=None, type='LoadImageFromFile2'),
                    dict(
                        type='LoadAnnotations',
                        with_bbox=True,
                        with_mask=False),
                ],
                type='Dual_Mosaic',
                use_cached=False),
            dict(
                transforms=[
                    dict(
                        border=(
                            -320,
                            -256,
                        ),
                        border_val=(
                            114,
                            114,
                            114,
                        ),
                        max_aspect_ratio=100,
                        max_rotate_degree=0.0,
                        max_shear_degree=0.0,
                        scaling_ratio_range=(
                            0.5,
                            1.5,
                        ),
                        type='YOLOv5RandomAffine'),
                ],
                type='Image2Broadcaster'),
            dict(
                bbox_params=dict(
                    format='pascal_voc',
                    label_fields=[
                        'gt_bboxes_labels',
                        'gt_ignore_flags',
                    ],
                    type='BboxParams'),
                keymap=dict(gt_bboxes='bboxes', img='image'),
                transforms=[
                    dict(p=0.01, type='Blur'),
                    dict(p=0.01, type='MedianBlur'),
                    dict(p=0.01, type='ToGray'),
                    dict(p=0.01, type='CLAHE'),
                ],
                type='Dual_Albu'),
            dict(
                transforms=[
                    dict(type='YOLOv5HSVRandomAug'),
                    dict(prob=0.5, type='mmdet.RandomFlip'),
                ],
                type='Image2Broadcaster'),
            dict(
                meta_keys=(
                    'img_id',
                    'img_path',
                    'ori_shape',
                    'img_shape',
                    'img_path2',
                    'ori_shape2',
                    'img_shape2',
                    'scale_factor',
                ),
                type='DoublePackDetInputs'),
        ],
        type='DualStreamCocoDataset'),
    num_workers=8,
    persistent_workers=True,
    pin_memory=True,
    sampler=dict(shuffle=True, type='DefaultSampler'))
train_num_workers = 8
train_pipeline = [
    dict(backend_args=None, type='LoadImageFromFile'),
    dict(backend_args=None, type='LoadImageFromFile2'),
    dict(type='LoadAnnotations', with_bbox=True, with_mask=False),
    dict(
        img_scale=(
            640,
            512,
        ),
        pad_val=114.0,
        pre_transform=[
            dict(backend_args=None, type='LoadImageFromFile'),
            dict(backend_args=None, type='LoadImageFromFile2'),
            dict(type='LoadAnnotations', with_bbox=True, with_mask=False),
        ],
        type='Dual_Mosaic',
        use_cached=False),
    dict(
        transforms=[
            dict(
                border=(
                    -320,
                    -256,
                ),
                border_val=(
                    114,
                    114,
                    114,
                ),
                max_aspect_ratio=100,
                max_rotate_degree=0.0,
                max_shear_degree=0.0,
                scaling_ratio_range=(
                    0.5,
                    1.5,
                ),
                type='YOLOv5RandomAffine'),
        ],
        type='Image2Broadcaster'),
    dict(
        bbox_params=dict(
            format='pascal_voc',
            label_fields=[
                'gt_bboxes_labels',
                'gt_ignore_flags',
            ],
            type='BboxParams'),
        keymap=dict(gt_bboxes='bboxes', img='image'),
        transforms=[
            dict(p=0.01, type='Blur'),
            dict(p=0.01, type='MedianBlur'),
            dict(p=0.01, type='ToGray'),
            dict(p=0.01, type='CLAHE'),
        ],
        type='Dual_Albu'),
    dict(
        transforms=[
            dict(type='YOLOv5HSVRandomAug'),
            dict(prob=0.5, type='mmdet.RandomFlip'),
        ],
        type='Image2Broadcaster'),
    dict(
        meta_keys=(
            'img_id',
            'img_path',
            'ori_shape',
            'img_shape',
            'img_path2',
            'ori_shape2',
            'img_shape2',
            'scale_factor',
        ),
        type='DoublePackDetInputs'),
]
train_pipeline_stage2 = [
    dict(backend_args=None, type='LoadImageFromFile'),
    dict(backend_args=None, type='LoadImageFromFile2'),
    dict(type='LoadAnnotations', with_bbox=True, with_mask=False),
    dict(
        transforms=[
            dict(scale=(
                640,
                512,
            ), type='YOLOv5KeepRatioResize'),
            dict(
                border_val=(
                    114,
                    114,
                    114,
                ),
                max_aspect_ratio=100,
                max_rotate_degree=0.0,
                max_shear_degree=0.0,
                scaling_ratio_range=(
                    0.5,
                    1.5,
                ),
                type='YOLOv5RandomAffine'),
        ],
        type='Image2Broadcaster'),
    dict(
        bbox_params=dict(
            format='pascal_voc',
            label_fields=[
                'gt_bboxes_labels',
                'gt_ignore_flags',
            ],
            type='BboxParams'),
        keymap=dict(gt_bboxes='bboxes', img='image'),
        transforms=[
            dict(p=0.01, type='Blur'),
            dict(p=0.01, type='MedianBlur'),
            dict(p=0.01, type='ToGray'),
            dict(p=0.01, type='CLAHE'),
        ],
        type='Dual_Albu'),
    dict(
        transforms=[
            dict(type='YOLOv5HSVRandomAug'),
            dict(prob=0.5, type='mmdet.RandomFlip'),
        ],
        type='Image2Broadcaster'),
    dict(
        meta_keys=(
            'img_id',
            'img_path',
            'ori_shape',
            'img_shape',
            'img_path2',
            'ori_shape2',
            'img_shape2',
            'scale_factor',
        ),
        type='DoublePackDetInputs'),
]
train_stage2_transformer = [
    dict(scale=(
        640,
        512,
    ), type='YOLOv5KeepRatioResize'),
    dict(
        border_val=(
            114,
            114,
            114,
        ),
        max_aspect_ratio=100,
        max_rotate_degree=0.0,
        max_shear_degree=0.0,
        scaling_ratio_range=(
            0.5,
            1.5,
        ),
        type='YOLOv5RandomAffine'),
]
tta_model = dict(
    tta_cfg=dict(max_per_img=300, nms=dict(iou_threshold=0.65, type='nms')),
    type='mmdet.DetTTAModel')
tta_pipeline = [
    dict(backend_args=None, type='LoadImageFromFile'),
    dict(
        transforms=[
            [
                dict(
                    transforms=[
                        dict(scale=(
                            640,
                            640,
                        ), type='YOLOv5KeepRatioResize'),
                        dict(
                            allow_scale_up=False,
                            pad_val=dict(img=114),
                            scale=(
                                640,
                                640,
                            ),
                            type='LetterResize'),
                    ],
                    type='Compose'),
                dict(
                    transforms=[
                        dict(scale=(
                            320,
                            320,
                        ), type='YOLOv5KeepRatioResize'),
                        dict(
                            allow_scale_up=False,
                            pad_val=dict(img=114),
                            scale=(
                                320,
                                320,
                            ),
                            type='LetterResize'),
                    ],
                    type='Compose'),
                dict(
                    transforms=[
                        dict(scale=(
                            960,
                            960,
                        ), type='YOLOv5KeepRatioResize'),
                        dict(
                            allow_scale_up=False,
                            pad_val=dict(img=114),
                            scale=(
                                960,
                                960,
                            ),
                            type='LetterResize'),
                    ],
                    type='Compose'),
            ],
            [
                dict(prob=1.0, type='mmdet.RandomFlip'),
                dict(prob=0.0, type='mmdet.RandomFlip'),
            ],
            [
                dict(type='mmdet.LoadAnnotations', with_bbox=True),
            ],
            [
                dict(
                    meta_keys=(
                        'img_id',
                        'img_path',
                        'ori_shape',
                        'img_shape',
                        'scale_factor',
                        'pad_param',
                        'flip',
                        'flip_direction',
                    ),
                    type='mmdet.PackDetInputs'),
            ],
        ],
        type='TestTimeAug'),
]
val_ann_file = 'val.json'
val_batch_size_per_gpu = 1
val_cfg = dict(type='ValLoop')
val_data_prefix = 'val/enhance_true/rgb'
val_dataloader = dict(
    batch_size=1,
    dataset=dict(
        ann_file='val.json',
        batch_shapes_cfg=None,
        data_prefix=dict(img='val/enhance_true/rgb'),
        data_root='/data/nl/mmdet2spectral/data/DroneVehicle_partion/',
        metainfo=dict(
            classes=(
                'car',
                'truck',
                'bus',
                'van',
                'freight_car',
            ),
            palette=[
                (
                    20,
                    220,
                    60,
                ),
                (
                    119,
                    11,
                    32,
                ),
                (
                    0,
                    0,
                    142,
                ),
                (
                    106,
                    0,
                    228,
                ),
                (
                    0,
                    60,
                    100,
                ),
            ]),
        pipeline=[
            dict(backend_args=None, type='LoadImageFromFile'),
            dict(backend_args=None, type='LoadImageFromFile2'),
            dict(_scope_='mmdet', type='LoadAnnotations', with_bbox=True),
            dict(
                transforms=[
                    dict(scale=(
                        640,
                        512,
                    ), type='YOLOv5KeepRatioResize'),
                ],
                type='Image2Broadcaster'),
            dict(
                meta_keys=(
                    'img_id',
                    'img_path',
                    'ori_shape',
                    'img_shape',
                    'img_path2',
                    'ori_shape2',
                    'img_shape2',
                    'scale_factor',
                ),
                type='DoublePackDetInputs'),
        ],
        test_mode=True,
        type='DualStreamCocoDataset'),
    drop_last=False,
    num_workers=2,
    persistent_workers=True,
    pin_memory=True,
    sampler=dict(shuffle=False, type='DefaultSampler'))
val_evaluator = dict(
    ann_file='/data/nl/mmdet2spectral/data/DroneVehicle_partion/val.json',
    classwise=True,
    metric='bbox',
    proposal_nums=(
        100,
        1,
        10,
    ),
    type='mmdet.CocoMetric')
val_interval_stage2 = 1
val_num_workers = 2
vis_backends = [
    dict(type='LocalVisBackend'),
]
visualizer = dict(
    name='visualizer',
    type='mmdet.DetLocalVisualizer',
    vis_backends=[
        dict(type='LocalVisBackend'),
    ])
weight_decay = 0.0005
widen_factor = 0.75
work_dir = 'work_dirs/DroneVehicle/2025_06_30/yolov8_mambatransformer_enhance'

2025/06/30 15:37:37 - mmengine - INFO - Distributed training is not used, all SyncBatchNorm (SyncBN) layers in the model will be automatically reverted to BatchNormXd layers if they are used.
2025/06/30 15:37:37 - mmengine - INFO - Hooks will be executed in the following order:
before_run:
(VERY_HIGH   ) RuntimeInfoHook                    
(49          ) EMAHook                            
(BELOW_NORMAL) LoggerHook                         
 -------------------- 
after_load_checkpoint:
(49          ) EMAHook                            
 -------------------- 
before_train:
(9           ) YOLOv5ParamSchedulerHook           
(VERY_HIGH   ) RuntimeInfoHook                    
(49          ) EMAHook                            
(NORMAL      ) IterTimerHook                      
(VERY_LOW    ) CheckpointHook                     
 -------------------- 
before_train_epoch:
(VERY_HIGH   ) RuntimeInfoHook                    
(NORMAL      ) IterTimerHook                      
(NORMAL      ) DistSamplerSeedHook                
(NORMAL      ) PipelineSwitchHook                 
 -------------------- 
before_train_iter:
(9           ) YOLOv5ParamSchedulerHook           
(VERY_HIGH   ) RuntimeInfoHook                    
(NORMAL      ) IterTimerHook                      
 -------------------- 
after_train_iter:
(9           ) YOLOv5ParamSchedulerHook           
(VERY_HIGH   ) RuntimeInfoHook                    
(49          ) EMAHook                            
(NORMAL      ) IterTimerHook                      
(BELOW_NORMAL) LoggerHook                         
(VERY_LOW    ) CheckpointHook                     
 -------------------- 
after_train_epoch:
(9           ) YOLOv5ParamSchedulerHook           
(NORMAL      ) IterTimerHook                      
(VERY_LOW    ) CheckpointHook                     
 -------------------- 
before_val:
(VERY_HIGH   ) RuntimeInfoHook                    
 -------------------- 
before_val_epoch:
(49          ) EMAHook                            
(NORMAL      ) IterTimerHook                      
 -------------------- 
before_val_iter:
(NORMAL      ) IterTimerHook                      
 -------------------- 
after_val_iter:
(NORMAL      ) IterTimerHook                      
(NORMAL      ) DetVisualizationHook               
(BELOW_NORMAL) LoggerHook                         
 -------------------- 
after_val_epoch:
(9           ) YOLOv5ParamSchedulerHook           
(VERY_HIGH   ) RuntimeInfoHook                    
(49          ) EMAHook                            
(NORMAL      ) IterTimerHook                      
(BELOW_NORMAL) LoggerHook                         
(VERY_LOW    ) CheckpointHook                     
 -------------------- 
after_val:
(VERY_HIGH   ) RuntimeInfoHook                    
 -------------------- 
before_save_checkpoint:
(49          ) EMAHook                            
 -------------------- 
after_train:
(VERY_HIGH   ) RuntimeInfoHook                    
(VERY_LOW    ) CheckpointHook                     
 -------------------- 
before_test:
(VERY_HIGH   ) RuntimeInfoHook                    
 -------------------- 
before_test_epoch:
(49          ) EMAHook                            
(NORMAL      ) IterTimerHook                      
 -------------------- 
before_test_iter:
(NORMAL      ) IterTimerHook                      
 -------------------- 
after_test_iter:
(NORMAL      ) IterTimerHook                      
(NORMAL      ) DetVisualizationHook               
(BELOW_NORMAL) LoggerHook                         
 -------------------- 
after_test_epoch:
(VERY_HIGH   ) RuntimeInfoHook                    
(49          ) EMAHook                            
(NORMAL      ) IterTimerHook                      
(BELOW_NORMAL) LoggerHook                         
 -------------------- 
after_test:
(VERY_HIGH   ) RuntimeInfoHook                    
 -------------------- 
after_run:
(BELOW_NORMAL) LoggerHook                         
 -------------------- 
2025/06/30 15:37:40 - mmengine - INFO - Optimizer groups: 227 .bias, 224 conv.weight, 128 other
Name of parameter - Initialization information

backbone.stem_1.conv.conv.weight - torch.Size([48, 3, 3, 3]): 
Initialized by user-defined `init_weights` in ConvModule  

backbone.stem_1.conv.bn.weight - torch.Size([48]): 
The value is the same before and after calling `init_weights` of YOLODualNeckDetector  

backbone.stem_1.conv.bn.bias - torch.Size([48]): 
The value is the same before and after calling `init_weights` of YOLODualNeckDetector  

backbone.stem_2.conv.conv.weight - torch.Size([48, 3, 3, 3]): 
Initialized by user-defined `init_weights` in ConvModule  

backbone.stem_2.conv.bn.weight - torch.Size([48]): 
The value is the same before and after calling `init_weights` of YOLODualNeckDetector  

backbone.stem_2.conv.bn.bias - torch.Size([48]): 
The value is the same before and after calling `init_weights` of YOLODualNeckDetector  

backbone.stage1_1.0.conv.weight - torch.Size([96, 48, 3, 3]): 
The value is the same before and after calling `init_weights` of YOLODualNeckDetector  

backbone.stage1_1.0.bn.weight - torch.Size([96]): 
The value is the same before and after calling `init_weights` of YOLODualNeckDetector  

backbone.stage1_1.0.bn.bias - torch.Size([96]): 
The value is the same before and after calling `init_weights` of YOLODualNeckDetector  

backbone.stage1_1.1.main_conv.conv.weight - torch.Size([96, 96, 1, 1]): 
The value is the same before and after calling `init_weights` of YOLODualNeckDetector  

backbone.stage1_1.1.main_conv.bn.weight - torch.Size([96]): 
The value is the same before and after calling `init_weights` of YOLODualNeckDetector  

backbone.stage1_1.1.main_conv.bn.bias - torch.Size([96]): 
The value is the same before and after calling `init_weights` of YOLODualNeckDetector  

backbone.stage1_1.1.final_conv.conv.weight - torch.Size([96, 192, 1, 1]): 
The value is the same before and after calling `init_weights` of YOLODualNeckDetector  

backbone.stage1_1.1.final_conv.bn.weight - torch.Size([96]): 
The value is the same before and after calling `init_weights` of YOLODualNeckDetector  

backbone.stage1_1.1.final_conv.bn.bias - torch.Size([96]): 
The value is the same before and after calling `init_weights` of YOLODualNeckDetector  

backbone.stage1_1.1.blocks.0.conv1.conv.weight - torch.Size([48, 48, 3, 3]): 
The value is the same before and after calling `init_weights` of YOLODualNeckDetector  

backbone.stage1_1.1.blocks.0.conv1.bn.weight - torch.Size([48]): 
The value is the same before and after calling `init_weights` of YOLODualNeckDetector  

backbone.stage1_1.1.blocks.0.conv1.bn.bias - torch.Size([48]): 
The value is the same before and after calling `init_weights` of YOLODualNeckDetector  

backbone.stage1_1.1.blocks.0.conv2.conv.weight - torch.Size([48, 48, 3, 3]): 
The value is the same before and after calling `init_weights` of YOLODualNeckDetector  

backbone.stage1_1.1.blocks.0.conv2.bn.weight - torch.Size([48]): 
The value is the same before and after calling `init_weights` of YOLODualNeckDetector  

backbone.stage1_1.1.blocks.0.conv2.bn.bias - torch.Size([48]): 
The value is the same before and after calling `init_weights` of YOLODualNeckDetector  

backbone.stage1_1.1.blocks.1.conv1.conv.weight - torch.Size([48, 48, 3, 3]): 
The value is the same before and after calling `init_weights` of YOLODualNeckDetector  

backbone.stage1_1.1.blocks.1.conv1.bn.weight - torch.Size([48]): 
The value is the same before and after calling `init_weights` of YOLODualNeckDetector  

backbone.stage1_1.1.blocks.1.conv1.bn.bias - torch.Size([48]): 
The value is the same before and after calling `init_weights` of YOLODualNeckDetector  

backbone.stage1_1.1.blocks.1.conv2.conv.weight - torch.Size([48, 48, 3, 3]): 
The value is the same before and after calling `init_weights` of YOLODualNeckDetector  

backbone.stage1_1.1.blocks.1.conv2.bn.weight - torch.Size([48]): 
The value is the same before and after calling `init_weights` of YOLODualNeckDetector  

backbone.stage1_1.1.blocks.1.conv2.bn.bias - torch.Size([48]): 
The value is the same before and after calling `init_weights` of YOLODualNeckDetector  

backbone.stage1_2.0.conv.weight - torch.Size([96, 48, 3, 3]): 
The value is the same before and after calling `init_weights` of YOLODualNeckDetector  

backbone.stage1_2.0.bn.weight - torch.Size([96]): 
The value is the same before and after calling `init_weights` of YOLODualNeckDetector  

backbone.stage1_2.0.bn.bias - torch.Size([96]): 
The value is the same before and after calling `init_weights` of YOLODualNeckDetector  

backbone.stage1_2.1.main_conv.conv.weight - torch.Size([96, 96, 1, 1]): 
The value is the same before and after calling `init_weights` of YOLODualNeckDetector  

backbone.stage1_2.1.main_conv.bn.weight - torch.Size([96]): 
The value is the same before and after calling `init_weights` of YOLODualNeckDetector  

backbone.stage1_2.1.main_conv.bn.bias - torch.Size([96]): 
The value is the same before and after calling `init_weights` of YOLODualNeckDetector  

backbone.stage1_2.1.final_conv.conv.weight - torch.Size([96, 192, 1, 1]): 
The value is the same before and after calling `init_weights` of YOLODualNeckDetector  

backbone.stage1_2.1.final_conv.bn.weight - torch.Size([96]): 
The value is the same before and after calling `init_weights` of YOLODualNeckDetector  

backbone.stage1_2.1.final_conv.bn.bias - torch.Size([96]): 
The value is the same before and after calling `init_weights` of YOLODualNeckDetector  

backbone.stage1_2.1.blocks.0.conv1.conv.weight - torch.Size([48, 48, 3, 3]): 
The value is the same before and after calling `init_weights` of YOLODualNeckDetector  

backbone.stage1_2.1.blocks.0.conv1.bn.weight - torch.Size([48]): 
The value is the same before and after calling `init_weights` of YOLODualNeckDetector  

backbone.stage1_2.1.blocks.0.conv1.bn.bias - torch.Size([48]): 
The value is the same before and after calling `init_weights` of YOLODualNeckDetector  

backbone.stage1_2.1.blocks.0.conv2.conv.weight - torch.Size([48, 48, 3, 3]): 
The value is the same before and after calling `init_weights` of YOLODualNeckDetector  

backbone.stage1_2.1.blocks.0.conv2.bn.weight - torch.Size([48]): 
The value is the same before and after calling `init_weights` of YOLODualNeckDetector  

backbone.stage1_2.1.blocks.0.conv2.bn.bias - torch.Size([48]): 
The value is the same before and after calling `init_weights` of YOLODualNeckDetector  

backbone.stage1_2.1.blocks.1.conv1.conv.weight - torch.Size([48, 48, 3, 3]): 
The value is the same before and after calling `init_weights` of YOLODualNeckDetector  

backbone.stage1_2.1.blocks.1.conv1.bn.weight - torch.Size([48]): 
The value is the same before and after calling `init_weights` of YOLODualNeckDetector  

backbone.stage1_2.1.blocks.1.conv1.bn.bias - torch.Size([48]): 
The value is the same before and after calling `init_weights` of YOLODualNeckDetector  

backbone.stage1_2.1.blocks.1.conv2.conv.weight - torch.Size([48, 48, 3, 3]): 
The value is the same before and after calling `init_weights` of YOLODualNeckDetector  

backbone.stage1_2.1.blocks.1.conv2.bn.weight - torch.Size([48]): 
The value is the same before and after calling `init_weights` of YOLODualNeckDetector  

backbone.stage1_2.1.blocks.1.conv2.bn.bias - torch.Size([48]): 
The value is the same before and after calling `init_weights` of YOLODualNeckDetector  

backbone.stage2_1.0.conv.weight - torch.Size([192, 96, 3, 3]): 
The value is the same before and after calling `init_weights` of YOLODualNeckDetector  

backbone.stage2_1.0.bn.weight - torch.Size([192]): 
The value is the same before and after calling `init_weights` of YOLODualNeckDetector  

backbone.stage2_1.0.bn.bias - torch.Size([192]): 
The value is the same before and after calling `init_weights` of YOLODualNeckDetector  

backbone.stage2_1.1.main_conv.conv.weight - torch.Size([192, 192, 1, 1]): 
The value is the same before and after calling `init_weights` of YOLODualNeckDetector  

backbone.stage2_1.1.main_conv.bn.weight - torch.Size([192]): 
The value is the same before and after calling `init_weights` of YOLODualNeckDetector  

backbone.stage2_1.1.main_conv.bn.bias - torch.Size([192]): 
The value is the same before and after calling `init_weights` of YOLODualNeckDetector  

backbone.stage2_1.1.final_conv.conv.weight - torch.Size([192, 576, 1, 1]): 
The value is the same before and after calling `init_weights` of YOLODualNeckDetector  

backbone.stage2_1.1.final_conv.bn.weight - torch.Size([192]): 
The value is the same before and after calling `init_weights` of YOLODualNeckDetector  

backbone.stage2_1.1.final_conv.bn.bias - torch.Size([192]): 
The value is the same before and after calling `init_weights` of YOLODualNeckDetector  

backbone.stage2_1.1.blocks.0.conv1.conv.weight - torch.Size([96, 96, 3, 3]): 
The value is the same before and after calling `init_weights` of YOLODualNeckDetector  

backbone.stage2_1.1.blocks.0.conv1.bn.weight - torch.Size([96]): 
The value is the same before and after calling `init_weights` of YOLODualNeckDetector  

backbone.stage2_1.1.blocks.0.conv1.bn.bias - torch.Size([96]): 
The value is the same before and after calling `init_weights` of YOLODualNeckDetector  

backbone.stage2_1.1.blocks.0.conv2.conv.weight - torch.Size([96, 96, 3, 3]): 
The value is the same before and after calling `init_weights` of YOLODualNeckDetector  

backbone.stage2_1.1.blocks.0.conv2.bn.weight - torch.Size([96]): 
The value is the same before and after calling `init_weights` of YOLODualNeckDetector  

backbone.stage2_1.1.blocks.0.conv2.bn.bias - torch.Size([96]): 
The value is the same before and after calling `init_weights` of YOLODualNeckDetector  

backbone.stage2_1.1.blocks.1.conv1.conv.weight - torch.Size([96, 96, 3, 3]): 
The value is the same before and after calling `init_weights` of YOLODualNeckDetector  

backbone.stage2_1.1.blocks.1.conv1.bn.weight - torch.Size([96]): 
The value is the same before and after calling `init_weights` of YOLODualNeckDetector  

backbone.stage2_1.1.blocks.1.conv1.bn.bias - torch.Size([96]): 
The value is the same before and after calling `init_weights` of YOLODualNeckDetector  

backbone.stage2_1.1.blocks.1.conv2.conv.weight - torch.Size([96, 96, 3, 3]): 
The value is the same before and after calling `init_weights` of YOLODualNeckDetector  

backbone.stage2_1.1.blocks.1.conv2.bn.weight - torch.Size([96]): 
The value is the same before and after calling `init_weights` of YOLODualNeckDetector  

backbone.stage2_1.1.blocks.1.conv2.bn.bias - torch.Size([96]): 
The value is the same before and after calling `init_weights` of YOLODualNeckDetector  

backbone.stage2_1.1.blocks.2.conv1.conv.weight - torch.Size([96, 96, 3, 3]): 
The value is the same before and after calling `init_weights` of YOLODualNeckDetector  

backbone.stage2_1.1.blocks.2.conv1.bn.weight - torch.Size([96]): 
The value is the same before and after calling `init_weights` of YOLODualNeckDetector  

backbone.stage2_1.1.blocks.2.conv1.bn.bias - torch.Size([96]): 
The value is the same before and after calling `init_weights` of YOLODualNeckDetector  

backbone.stage2_1.1.blocks.2.conv2.conv.weight - torch.Size([96, 96, 3, 3]): 
The value is the same before and after calling `init_weights` of YOLODualNeckDetector  

backbone.stage2_1.1.blocks.2.conv2.bn.weight - torch.Size([96]): 
The value is the same before and after calling `init_weights` of YOLODualNeckDetector  

backbone.stage2_1.1.blocks.2.conv2.bn.bias - torch.Size([96]): 
The value is the same before and after calling `init_weights` of YOLODualNeckDetector  

backbone.stage2_1.1.blocks.3.conv1.conv.weight - torch.Size([96, 96, 3, 3]): 
The value is the same before and after calling `init_weights` of YOLODualNeckDetector  

backbone.stage2_1.1.blocks.3.conv1.bn.weight - torch.Size([96]): 
The value is the same before and after calling `init_weights` of YOLODualNeckDetector  

backbone.stage2_1.1.blocks.3.conv1.bn.bias - torch.Size([96]): 
The value is the same before and after calling `init_weights` of YOLODualNeckDetector  

backbone.stage2_1.1.blocks.3.conv2.conv.weight - torch.Size([96, 96, 3, 3]): 
The value is the same before and after calling `init_weights` of YOLODualNeckDetector  

backbone.stage2_1.1.blocks.3.conv2.bn.weight - torch.Size([96]): 
The value is the same before and after calling `init_weights` of YOLODualNeckDetector  

backbone.stage2_1.1.blocks.3.conv2.bn.bias - torch.Size([96]): 
The value is the same before and after calling `init_weights` of YOLODualNeckDetector  

backbone.stage2_2.0.conv.weight - torch.Size([192, 96, 3, 3]): 
The value is the same before and after calling `init_weights` of YOLODualNeckDetector  

backbone.stage2_2.0.bn.weight - torch.Size([192]): 
The value is the same before and after calling `init_weights` of YOLODualNeckDetector  

backbone.stage2_2.0.bn.bias - torch.Size([192]): 
The value is the same before and after calling `init_weights` of YOLODualNeckDetector  

backbone.stage2_2.1.main_conv.conv.weight - torch.Size([192, 192, 1, 1]): 
The value is the same before and after calling `init_weights` of YOLODualNeckDetector  

backbone.stage2_2.1.main_conv.bn.weight - torch.Size([192]): 
The value is the same before and after calling `init_weights` of YOLODualNeckDetector  

backbone.stage2_2.1.main_conv.bn.bias - torch.Size([192]): 
The value is the same before and after calling `init_weights` of YOLODualNeckDetector  

backbone.stage2_2.1.final_conv.conv.weight - torch.Size([192, 576, 1, 1]): 
The value is the same before and after calling `init_weights` of YOLODualNeckDetector  

backbone.stage2_2.1.final_conv.bn.weight - torch.Size([192]): 
The value is the same before and after calling `init_weights` of YOLODualNeckDetector  

backbone.stage2_2.1.final_conv.bn.bias - torch.Size([192]): 
The value is the same before and after calling `init_weights` of YOLODualNeckDetector  

backbone.stage2_2.1.blocks.0.conv1.conv.weight - torch.Size([96, 96, 3, 3]): 
The value is the same before and after calling `init_weights` of YOLODualNeckDetector  

backbone.stage2_2.1.blocks.0.conv1.bn.weight - torch.Size([96]): 
The value is the same before and after calling `init_weights` of YOLODualNeckDetector  

backbone.stage2_2.1.blocks.0.conv1.bn.bias - torch.Size([96]): 
The value is the same before and after calling `init_weights` of YOLODualNeckDetector  

backbone.stage2_2.1.blocks.0.conv2.conv.weight - torch.Size([96, 96, 3, 3]): 
The value is the same before and after calling `init_weights` of YOLODualNeckDetector  

backbone.stage2_2.1.blocks.0.conv2.bn.weight - torch.Size([96]): 
The value is the same before and after calling `init_weights` of YOLODualNeckDetector  

backbone.stage2_2.1.blocks.0.conv2.bn.bias - torch.Size([96]): 
The value is the same before and after calling `init_weights` of YOLODualNeckDetector  

backbone.stage2_2.1.blocks.1.conv1.conv.weight - torch.Size([96, 96, 3, 3]): 
The value is the same before and after calling `init_weights` of YOLODualNeckDetector  

backbone.stage2_2.1.blocks.1.conv1.bn.weight - torch.Size([96]): 
The value is the same before and after calling `init_weights` of YOLODualNeckDetector  

backbone.stage2_2.1.blocks.1.conv1.bn.bias - torch.Size([96]): 
The value is the same before and after calling `init_weights` of YOLODualNeckDetector  

backbone.stage2_2.1.blocks.1.conv2.conv.weight - torch.Size([96, 96, 3, 3]): 
The value is the same before and after calling `init_weights` of YOLODualNeckDetector  

backbone.stage2_2.1.blocks.1.conv2.bn.weight - torch.Size([96]): 
The value is the same before and after calling `init_weights` of YOLODualNeckDetector  

backbone.stage2_2.1.blocks.1.conv2.bn.bias - torch.Size([96]): 
The value is the same before and after calling `init_weights` of YOLODualNeckDetector  

backbone.stage2_2.1.blocks.2.conv1.conv.weight - torch.Size([96, 96, 3, 3]): 
The value is the same before and after calling `init_weights` of YOLODualNeckDetector  

backbone.stage2_2.1.blocks.2.conv1.bn.weight - torch.Size([96]): 
The value is the same before and after calling `init_weights` of YOLODualNeckDetector  

backbone.stage2_2.1.blocks.2.conv1.bn.bias - torch.Size([96]): 
The value is the same before and after calling `init_weights` of YOLODualNeckDetector  

backbone.stage2_2.1.blocks.2.conv2.conv.weight - torch.Size([96, 96, 3, 3]): 
The value is the same before and after calling `init_weights` of YOLODualNeckDetector  

backbone.stage2_2.1.blocks.2.conv2.bn.weight - torch.Size([96]): 
The value is the same before and after calling `init_weights` of YOLODualNeckDetector  

backbone.stage2_2.1.blocks.2.conv2.bn.bias - torch.Size([96]): 
The value is the same before and after calling `init_weights` of YOLODualNeckDetector  

backbone.stage2_2.1.blocks.3.conv1.conv.weight - torch.Size([96, 96, 3, 3]): 
The value is the same before and after calling `init_weights` of YOLODualNeckDetector  

backbone.stage2_2.1.blocks.3.conv1.bn.weight - torch.Size([96]): 
The value is the same before and after calling `init_weights` of YOLODualNeckDetector  

backbone.stage2_2.1.blocks.3.conv1.bn.bias - torch.Size([96]): 
The value is the same before and after calling `init_weights` of YOLODualNeckDetector  

backbone.stage2_2.1.blocks.3.conv2.conv.weight - torch.Size([96, 96, 3, 3]): 
The value is the same before and after calling `init_weights` of YOLODualNeckDetector  

backbone.stage2_2.1.blocks.3.conv2.bn.weight - torch.Size([96]): 
The value is the same before and after calling `init_weights` of YOLODualNeckDetector  

backbone.stage2_2.1.blocks.3.conv2.bn.bias - torch.Size([96]): 
The value is the same before and after calling `init_weights` of YOLODualNeckDetector  

backbone.fusion_block2.pos_embed_r - torch.Size([1, 64, 96]): 
The value is the same before and after calling `init_weights` of YOLODualNeckDetector  

backbone.fusion_block2.pos_embed_t - torch.Size([1, 64, 96]): 
The value is the same before and after calling `init_weights` of YOLODualNeckDetector  

backbone.fusion_block2.patch_embed.proj.weight - torch.Size([96, 96, 16, 20]): 
The value is the same before and after calling `init_weights` of YOLODualNeckDetector  

backbone.fusion_block2.patch_embed.proj.bias - torch.Size([96]): 
The value is the same before and after calling `init_weights` of YOLODualNeckDetector  

backbone.fusion_block2.mamba_fusion_stage.in_proj_r.weight - torch.Size([384, 96]): 
The value is the same before and after calling `init_weights` of YOLODualNeckDetector  

backbone.fusion_block2.mamba_fusion_stage.in_proj_t.weight - torch.Size([384, 96]): 
The value is the same before and after calling `init_weights` of YOLODualNeckDetector  

backbone.fusion_block2.mamba_fusion_stage.conv2d_r.0.weight - torch.Size([192, 1, 3, 3]): 
The value is the same before and after calling `init_weights` of YOLODualNeckDetector  

backbone.fusion_block2.mamba_fusion_stage.conv2d_r.0.bias - torch.Size([192]): 
The value is the same before and after calling `init_weights` of YOLODualNeckDetector  

backbone.fusion_block2.mamba_fusion_stage.conv2d_r.1.weight - torch.Size([192]): 
The value is the same before and after calling `init_weights` of YOLODualNeckDetector  

backbone.fusion_block2.mamba_fusion_stage.conv2d_r.1.bias - torch.Size([192]): 
The value is the same before and after calling `init_weights` of YOLODualNeckDetector  

backbone.fusion_block2.mamba_fusion_stage.conv2d_t.0.weight - torch.Size([192, 1, 3, 3]): 
The value is the same before and after calling `init_weights` of YOLODualNeckDetector  

backbone.fusion_block2.mamba_fusion_stage.conv2d_t.0.bias - torch.Size([192]): 
The value is the same before and after calling `init_weights` of YOLODualNeckDetector  

backbone.fusion_block2.mamba_fusion_stage.conv2d_t.1.weight - torch.Size([192]): 
The value is the same before and after calling `init_weights` of YOLODualNeckDetector  

backbone.fusion_block2.mamba_fusion_stage.conv2d_t.1.bias - torch.Size([192]): 
The value is the same before and after calling `init_weights` of YOLODualNeckDetector  

backbone.fusion_block2.mamba_fusion_stage.SSM_r_f.A_log - torch.Size([192, 32]): 
The value is the same before and after calling `init_weights` of YOLODualNeckDetector  

backbone.fusion_block2.mamba_fusion_stage.SSM_r_f.D - torch.Size([192]): 
The value is the same before and after calling `init_weights` of YOLODualNeckDetector  

backbone.fusion_block2.mamba_fusion_stage.SSM_r_f.x_proj.weight - torch.Size([76, 192]): 
The value is the same before and after calling `init_weights` of YOLODualNeckDetector  

backbone.fusion_block2.mamba_fusion_stage.SSM_r_f.dt_proj.weight - torch.Size([192, 12]): 
The value is the same before and after calling `init_weights` of YOLODualNeckDetector  

backbone.fusion_block2.mamba_fusion_stage.SSM_r_f.dt_proj.bias - torch.Size([192]): 
The value is the same before and after calling `init_weights` of YOLODualNeckDetector  

backbone.fusion_block2.mamba_fusion_stage.SSM_r_f.out_norm.weight - torch.Size([192]): 
The value is the same before and after calling `init_weights` of YOLODualNeckDetector  

backbone.fusion_block2.mamba_fusion_stage.SSM_r_f.out_norm.bias - torch.Size([192]): 
The value is the same before and after calling `init_weights` of YOLODualNeckDetector  

backbone.fusion_block2.mamba_fusion_stage.SSM_t_f.A_log - torch.Size([192, 32]): 
The value is the same before and after calling `init_weights` of YOLODualNeckDetector  

backbone.fusion_block2.mamba_fusion_stage.SSM_t_f.D - torch.Size([192]): 
The value is the same before and after calling `init_weights` of YOLODualNeckDetector  

backbone.fusion_block2.mamba_fusion_stage.SSM_t_f.x_proj.weight - torch.Size([76, 192]): 
The value is the same before and after calling `init_weights` of YOLODualNeckDetector  

backbone.fusion_block2.mamba_fusion_stage.SSM_t_f.dt_proj.weight - torch.Size([192, 12]): 
The value is the same before and after calling `init_weights` of YOLODualNeckDetector  

backbone.fusion_block2.mamba_fusion_stage.SSM_t_f.dt_proj.bias - torch.Size([192]): 
The value is the same before and after calling `init_weights` of YOLODualNeckDetector  

backbone.fusion_block2.mamba_fusion_stage.SSM_t_f.out_norm.weight - torch.Size([192]): 
The value is the same before and after calling `init_weights` of YOLODualNeckDetector  

backbone.fusion_block2.mamba_fusion_stage.SSM_t_f.out_norm.bias - torch.Size([192]): 
The value is the same before and after calling `init_weights` of YOLODualNeckDetector  

backbone.fusion_block2.mamba_fusion_stage.out_proj.weight - torch.Size([96, 192]): 
The value is the same before and after calling `init_weights` of YOLODualNeckDetector  

backbone.fusion_block2.transformer_fusion_stage.block.pos_emb_vis - torch.Size([1, 256, 96]): 
The value is the same before and after calling `init_weights` of YOLODualNeckDetector  

backbone.fusion_block2.transformer_fusion_stage.block.pos_emb_ir - torch.Size([1, 256, 96]): 
The value is the same before and after calling `init_weights` of YOLODualNeckDetector  

backbone.fusion_block2.transformer_fusion_stage.block.vis_pool_weights.w1 - torch.Size([1]): 
The value is the same before and after calling `init_weights` of YOLODualNeckDetector  

backbone.fusion_block2.transformer_fusion_stage.block.vis_pool_weights.w2 - torch.Size([1]): 
The value is the same before and after calling `init_weights` of YOLODualNeckDetector  

backbone.fusion_block2.transformer_fusion_stage.block.ir_pool_weights.w1 - torch.Size([1]): 
The value is the same before and after calling `init_weights` of YOLODualNeckDetector  

backbone.fusion_block2.transformer_fusion_stage.block.ir_pool_weights.w2 - torch.Size([1]): 
The value is the same before and after calling `init_weights` of YOLODualNeckDetector  

backbone.fusion_block2.transformer_fusion_stage.block.crosstransformer.0.ln1_vis.weight - torch.Size([96]): 
The value is the same before and after calling `init_weights` of YOLODualNeckDetector  

backbone.fusion_block2.transformer_fusion_stage.block.crosstransformer.0.ln1_vis.bias - torch.Size([96]): 
The value is the same before and after calling `init_weights` of YOLODualNeckDetector  

backbone.fusion_block2.transformer_fusion_stage.block.crosstransformer.0.ln1_ir.weight - torch.Size([96]): 
The value is the same before and after calling `init_weights` of YOLODualNeckDetector  

backbone.fusion_block2.transformer_fusion_stage.block.crosstransformer.0.ln1_ir.bias - torch.Size([96]): 
The value is the same before and after calling `init_weights` of YOLODualNeckDetector  

backbone.fusion_block2.transformer_fusion_stage.block.crosstransformer.0.que_proj_vis.weight - torch.Size([96, 96]): 
The value is the same before and after calling `init_weights` of YOLODualNeckDetector  

backbone.fusion_block2.transformer_fusion_stage.block.crosstransformer.0.que_proj_vis.bias - torch.Size([96]): 
The value is the same before and after calling `init_weights` of YOLODualNeckDetector  

backbone.fusion_block2.transformer_fusion_stage.block.crosstransformer.0.key_proj_vis.weight - torch.Size([96, 96]): 
The value is the same before and after calling `init_weights` of YOLODualNeckDetector  

backbone.fusion_block2.transformer_fusion_stage.block.crosstransformer.0.key_proj_vis.bias - torch.Size([96]): 
The value is the same before and after calling `init_weights` of YOLODualNeckDetector  

backbone.fusion_block2.transformer_fusion_stage.block.crosstransformer.0.val_proj_vis.weight - torch.Size([96, 96]): 
The value is the same before and after calling `init_weights` of YOLODualNeckDetector  

backbone.fusion_block2.transformer_fusion_stage.block.crosstransformer.0.val_proj_vis.bias - torch.Size([96]): 
The value is the same before and after calling `init_weights` of YOLODualNeckDetector  

backbone.fusion_block2.transformer_fusion_stage.block.crosstransformer.0.que_proj_ir.weight - torch.Size([96, 96]): 
The value is the same before and after calling `init_weights` of YOLODualNeckDetector  

backbone.fusion_block2.transformer_fusion_stage.block.crosstransformer.0.que_proj_ir.bias - torch.Size([96]): 
The value is the same before and after calling `init_weights` of YOLODualNeckDetector  

backbone.fusion_block2.transformer_fusion_stage.block.crosstransformer.0.key_proj_ir.weight - torch.Size([96, 96]): 
The value is the same before and after calling `init_weights` of YOLODualNeckDetector  

backbone.fusion_block2.transformer_fusion_stage.block.crosstransformer.0.key_proj_ir.bias - torch.Size([96]): 
The value is the same before and after calling `init_weights` of YOLODualNeckDetector  

backbone.fusion_block2.transformer_fusion_stage.block.crosstransformer.0.val_proj_ir.weight - torch.Size([96, 96]): 
The value is the same before and after calling `init_weights` of YOLODualNeckDetector  

backbone.fusion_block2.transformer_fusion_stage.block.crosstransformer.0.val_proj_ir.bias - torch.Size([96]): 
The value is the same before and after calling `init_weights` of YOLODualNeckDetector  

backbone.fusion_block2.transformer_fusion_stage.block.crosstransformer.0.crossatt.out_proj_vis.weight - torch.Size([96, 96]): 
The value is the same before and after calling `init_weights` of YOLODualNeckDetector  

backbone.fusion_block2.transformer_fusion_stage.block.crosstransformer.0.crossatt.out_proj_vis.bias - torch.Size([96]): 
The value is the same before and after calling `init_weights` of YOLODualNeckDetector  

backbone.fusion_block2.transformer_fusion_stage.block.crosstransformer.0.crossatt.out_proj_ir.weight - torch.Size([96, 96]): 
The value is the same before and after calling `init_weights` of YOLODualNeckDetector  

backbone.fusion_block2.transformer_fusion_stage.block.crosstransformer.0.crossatt.out_proj_ir.bias - torch.Size([96]): 
The value is the same before and after calling `init_weights` of YOLODualNeckDetector  

backbone.fusion_block2.transformer_fusion_stage.block.crosstransformer.0.ln2_vis.weight - torch.Size([96]): 
The value is the same before and after calling `init_weights` of YOLODualNeckDetector  

backbone.fusion_block2.transformer_fusion_stage.block.crosstransformer.0.ln2_vis.bias - torch.Size([96]): 
The value is the same before and after calling `init_weights` of YOLODualNeckDetector  

backbone.fusion_block2.transformer_fusion_stage.block.crosstransformer.0.ln2_ir.weight - torch.Size([96]): 
The value is the same before and after calling `init_weights` of YOLODualNeckDetector  

backbone.fusion_block2.transformer_fusion_stage.block.crosstransformer.0.ln2_ir.bias - torch.Size([96]): 
The value is the same before and after calling `init_weights` of YOLODualNeckDetector  

backbone.fusion_block2.transformer_fusion_stage.block.crosstransformer.0.mlp_vis.0.weight - torch.Size([384, 96]): 
The value is the same before and after calling `init_weights` of YOLODualNeckDetector  

backbone.fusion_block2.transformer_fusion_stage.block.crosstransformer.0.mlp_vis.0.bias - torch.Size([384]): 
The value is the same before and after calling `init_weights` of YOLODualNeckDetector  

backbone.fusion_block2.transformer_fusion_stage.block.crosstransformer.0.mlp_vis.2.weight - torch.Size([96, 384]): 
The value is the same before and after calling `init_weights` of YOLODualNeckDetector  

backbone.fusion_block2.transformer_fusion_stage.block.crosstransformer.0.mlp_vis.2.bias - torch.Size([96]): 
The value is the same before and after calling `init_weights` of YOLODualNeckDetector  

backbone.fusion_block2.transformer_fusion_stage.block.crosstransformer.0.mlp_ir.0.weight - torch.Size([384, 96]): 
The value is the same before and after calling `init_weights` of YOLODualNeckDetector  

backbone.fusion_block2.transformer_fusion_stage.block.crosstransformer.0.mlp_ir.0.bias - torch.Size([384]): 
The value is the same before and after calling `init_weights` of YOLODualNeckDetector  

backbone.fusion_block2.transformer_fusion_stage.block.crosstransformer.0.mlp_ir.2.weight - torch.Size([96, 384]): 
The value is the same before and after calling `init_weights` of YOLODualNeckDetector  

backbone.fusion_block2.transformer_fusion_stage.block.crosstransformer.0.mlp_ir.2.bias - torch.Size([96]): 
The value is the same before and after calling `init_weights` of YOLODualNeckDetector  

backbone.fusion_block2.transformer_fusion_stage.block.crosstransformer.0.coef_att_vis.bias - torch.Size([1]): 
The value is the same before and after calling `init_weights` of YOLODualNeckDetector  

backbone.fusion_block2.transformer_fusion_stage.block.crosstransformer.0.coef_mlp_vis.bias - torch.Size([1]): 
The value is the same before and after calling `init_weights` of YOLODualNeckDetector  

backbone.fusion_block2.transformer_fusion_stage.block.crosstransformer.0.coef_att_ir.bias - torch.Size([1]): 
The value is the same before and after calling `init_weights` of YOLODualNeckDetector  

backbone.fusion_block2.transformer_fusion_stage.block.crosstransformer.0.coef_mlp_ir.bias - torch.Size([1]): 
The value is the same before and after calling `init_weights` of YOLODualNeckDetector  

backbone.fusion_block2.transformer_fusion_stage.block.out_fusion_module.conv1x1_out.conv.weight - torch.Size([96, 192, 1, 1]): 
The value is the same before and after calling `init_weights` of YOLODualNeckDetector  

backbone.fusion_block2.transformer_fusion_stage.block.out_fusion_module.conv1x1_out.bn.weight - torch.Size([96]): 
The value is the same before and after calling `init_weights` of YOLODualNeckDetector  

backbone.fusion_block2.transformer_fusion_stage.block.out_fusion_module.conv1x1_out.bn.bias - torch.Size([96]): 
The value is the same before and after calling `init_weights` of YOLODualNeckDetector  

backbone.fusion_block2.transformer_fusion_stage.mw.fc1.weight - torch.Size([6, 192, 1, 1]): 
The value is the same before and after calling `init_weights` of YOLODualNeckDetector  

backbone.fusion_block2.transformer_fusion_stage.mw.fc1.bias - torch.Size([6]): 
The value is the same before and after calling `init_weights` of YOLODualNeckDetector  

backbone.fusion_block2.transformer_fusion_stage.mw.fc2.weight - torch.Size([192, 6, 1, 1]): 
The value is the same before and after calling `init_weights` of YOLODualNeckDetector  

backbone.fusion_block2.transformer_fusion_stage.mw.fc2.bias - torch.Size([192]): 
The value is the same before and after calling `init_weights` of YOLODualNeckDetector  

backbone.fusion_block2.out_fusion_module.conv1x1_out.conv.weight - torch.Size([96, 192, 1, 1]): 
The value is the same before and after calling `init_weights` of YOLODualNeckDetector  

backbone.fusion_block2.out_fusion_module.conv1x1_out.bn.weight - torch.Size([96]): 
The value is the same before and after calling `init_weights` of YOLODualNeckDetector  

backbone.fusion_block2.out_fusion_module.conv1x1_out.bn.bias - torch.Size([96]): 
The value is the same before and after calling `init_weights` of YOLODualNeckDetector  

backbone.fusion_block2.mw.fc1.weight - torch.Size([6, 192, 1, 1]): 
The value is the same before and after calling `init_weights` of YOLODualNeckDetector  

backbone.fusion_block2.mw.fc1.bias - torch.Size([6]): 
The value is the same before and after calling `init_weights` of YOLODualNeckDetector  

backbone.fusion_block2.mw.fc2.weight - torch.Size([192, 6, 1, 1]): 
The value is the same before and after calling `init_weights` of YOLODualNeckDetector  

backbone.fusion_block2.mw.fc2.bias - torch.Size([192]): 
The value is the same before and after calling `init_weights` of YOLODualNeckDetector  

backbone.stage3_1.0.conv.weight - torch.Size([384, 192, 3, 3]): 
The value is the same before and after calling `init_weights` of YOLODualNeckDetector  

backbone.stage3_1.0.bn.weight - torch.Size([384]): 
The value is the same before and after calling `init_weights` of YOLODualNeckDetector  

backbone.stage3_1.0.bn.bias - torch.Size([384]): 
The value is the same before and after calling `init_weights` of YOLODualNeckDetector  

backbone.stage3_1.1.main_conv.conv.weight - torch.Size([384, 384, 1, 1]): 
The value is the same before and after calling `init_weights` of YOLODualNeckDetector  

backbone.stage3_1.1.main_conv.bn.weight - torch.Size([384]): 
The value is the same before and after calling `init_weights` of YOLODualNeckDetector  

backbone.stage3_1.1.main_conv.bn.bias - torch.Size([384]): 
The value is the same before and after calling `init_weights` of YOLODualNeckDetector  

backbone.stage3_1.1.final_conv.conv.weight - torch.Size([384, 1152, 1, 1]): 
The value is the same before and after calling `init_weights` of YOLODualNeckDetector  

backbone.stage3_1.1.final_conv.bn.weight - torch.Size([384]): 
The value is the same before and after calling `init_weights` of YOLODualNeckDetector  

backbone.stage3_1.1.final_conv.bn.bias - torch.Size([384]): 
The value is the same before and after calling `init_weights` of YOLODualNeckDetector  

backbone.stage3_1.1.blocks.0.conv1.conv.weight - torch.Size([192, 192, 3, 3]): 
The value is the same before and after calling `init_weights` of YOLODualNeckDetector  

backbone.stage3_1.1.blocks.0.conv1.bn.weight - torch.Size([192]): 
The value is the same before and after calling `init_weights` of YOLODualNeckDetector  

backbone.stage3_1.1.blocks.0.conv1.bn.bias - torch.Size([192]): 
The value is the same before and after calling `init_weights` of YOLODualNeckDetector  

backbone.stage3_1.1.blocks.0.conv2.conv.weight - torch.Size([192, 192, 3, 3]): 
The value is the same before and after calling `init_weights` of YOLODualNeckDetector  

backbone.stage3_1.1.blocks.0.conv2.bn.weight - torch.Size([192]): 
The value is the same before and after calling `init_weights` of YOLODualNeckDetector  

backbone.stage3_1.1.blocks.0.conv2.bn.bias - torch.Size([192]): 
The value is the same before and after calling `init_weights` of YOLODualNeckDetector  

backbone.stage3_1.1.blocks.1.conv1.conv.weight - torch.Size([192, 192, 3, 3]): 
The value is the same before and after calling `init_weights` of YOLODualNeckDetector  

backbone.stage3_1.1.blocks.1.conv1.bn.weight - torch.Size([192]): 
The value is the same before and after calling `init_weights` of YOLODualNeckDetector  

backbone.stage3_1.1.blocks.1.conv1.bn.bias - torch.Size([192]): 
The value is the same before and after calling `init_weights` of YOLODualNeckDetector  

backbone.stage3_1.1.blocks.1.conv2.conv.weight - torch.Size([192, 192, 3, 3]): 
The value is the same before and after calling `init_weights` of YOLODualNeckDetector  

backbone.stage3_1.1.blocks.1.conv2.bn.weight - torch.Size([192]): 
The value is the same before and after calling `init_weights` of YOLODualNeckDetector  

backbone.stage3_1.1.blocks.1.conv2.bn.bias - torch.Size([192]): 
The value is the same before and after calling `init_weights` of YOLODualNeckDetector  

backbone.stage3_1.1.blocks.2.conv1.conv.weight - torch.Size([192, 192, 3, 3]): 
The value is the same before and after calling `init_weights` of YOLODualNeckDetector  

backbone.stage3_1.1.blocks.2.conv1.bn.weight - torch.Size([192]): 
The value is the same before and after calling `init_weights` of YOLODualNeckDetector  

backbone.stage3_1.1.blocks.2.conv1.bn.bias - torch.Size([192]): 
The value is the same before and after calling `init_weights` of YOLODualNeckDetector  

backbone.stage3_1.1.blocks.2.conv2.conv.weight - torch.Size([192, 192, 3, 3]): 
The value is the same before and after calling `init_weights` of YOLODualNeckDetector  

backbone.stage3_1.1.blocks.2.conv2.bn.weight - torch.Size([192]): 
The value is the same before and after calling `init_weights` of YOLODualNeckDetector  

backbone.stage3_1.1.blocks.2.conv2.bn.bias - torch.Size([192]): 
The value is the same before and after calling `init_weights` of YOLODualNeckDetector  

backbone.stage3_1.1.blocks.3.conv1.conv.weight - torch.Size([192, 192, 3, 3]): 
The value is the same before and after calling `init_weights` of YOLODualNeckDetector  

backbone.stage3_1.1.blocks.3.conv1.bn.weight - torch.Size([192]): 
The value is the same before and after calling `init_weights` of YOLODualNeckDetector  

backbone.stage3_1.1.blocks.3.conv1.bn.bias - torch.Size([192]): 
The value is the same before and after calling `init_weights` of YOLODualNeckDetector  

backbone.stage3_1.1.blocks.3.conv2.conv.weight - torch.Size([192, 192, 3, 3]): 
The value is the same before and after calling `init_weights` of YOLODualNeckDetector  

backbone.stage3_1.1.blocks.3.conv2.bn.weight - torch.Size([192]): 
The value is the same before and after calling `init_weights` of YOLODualNeckDetector  

backbone.stage3_1.1.blocks.3.conv2.bn.bias - torch.Size([192]): 
The value is the same before and after calling `init_weights` of YOLODualNeckDetector  

backbone.stage3_2.0.conv.weight - torch.Size([384, 192, 3, 3]): 
The value is the same before and after calling `init_weights` of YOLODualNeckDetector  

backbone.stage3_2.0.bn.weight - torch.Size([384]): 
The value is the same before and after calling `init_weights` of YOLODualNeckDetector  

backbone.stage3_2.0.bn.bias - torch.Size([384]): 
The value is the same before and after calling `init_weights` of YOLODualNeckDetector  

backbone.stage3_2.1.main_conv.conv.weight - torch.Size([384, 384, 1, 1]): 
The value is the same before and after calling `init_weights` of YOLODualNeckDetector  

backbone.stage3_2.1.main_conv.bn.weight - torch.Size([384]): 
The value is the same before and after calling `init_weights` of YOLODualNeckDetector  

backbone.stage3_2.1.main_conv.bn.bias - torch.Size([384]): 
The value is the same before and after calling `init_weights` of YOLODualNeckDetector  

backbone.stage3_2.1.final_conv.conv.weight - torch.Size([384, 1152, 1, 1]): 
The value is the same before and after calling `init_weights` of YOLODualNeckDetector  

backbone.stage3_2.1.final_conv.bn.weight - torch.Size([384]): 
The value is the same before and after calling `init_weights` of YOLODualNeckDetector  

backbone.stage3_2.1.final_conv.bn.bias - torch.Size([384]): 
The value is the same before and after calling `init_weights` of YOLODualNeckDetector  

backbone.stage3_2.1.blocks.0.conv1.conv.weight - torch.Size([192, 192, 3, 3]): 
The value is the same before and after calling `init_weights` of YOLODualNeckDetector  

backbone.stage3_2.1.blocks.0.conv1.bn.weight - torch.Size([192]): 
The value is the same before and after calling `init_weights` of YOLODualNeckDetector  

backbone.stage3_2.1.blocks.0.conv1.bn.bias - torch.Size([192]): 
The value is the same before and after calling `init_weights` of YOLODualNeckDetector  

backbone.stage3_2.1.blocks.0.conv2.conv.weight - torch.Size([192, 192, 3, 3]): 
The value is the same before and after calling `init_weights` of YOLODualNeckDetector  

backbone.stage3_2.1.blocks.0.conv2.bn.weight - torch.Size([192]): 
The value is the same before and after calling `init_weights` of YOLODualNeckDetector  

backbone.stage3_2.1.blocks.0.conv2.bn.bias - torch.Size([192]): 
The value is the same before and after calling `init_weights` of YOLODualNeckDetector  

backbone.stage3_2.1.blocks.1.conv1.conv.weight - torch.Size([192, 192, 3, 3]): 
The value is the same before and after calling `init_weights` of YOLODualNeckDetector  

backbone.stage3_2.1.blocks.1.conv1.bn.weight - torch.Size([192]): 
The value is the same before and after calling `init_weights` of YOLODualNeckDetector  

backbone.stage3_2.1.blocks.1.conv1.bn.bias - torch.Size([192]): 
The value is the same before and after calling `init_weights` of YOLODualNeckDetector  

backbone.stage3_2.1.blocks.1.conv2.conv.weight - torch.Size([192, 192, 3, 3]): 
The value is the same before and after calling `init_weights` of YOLODualNeckDetector  

backbone.stage3_2.1.blocks.1.conv2.bn.weight - torch.Size([192]): 
The value is the same before and after calling `init_weights` of YOLODualNeckDetector  

backbone.stage3_2.1.blocks.1.conv2.bn.bias - torch.Size([192]): 
The value is the same before and after calling `init_weights` of YOLODualNeckDetector  

backbone.stage3_2.1.blocks.2.conv1.conv.weight - torch.Size([192, 192, 3, 3]): 
The value is the same before and after calling `init_weights` of YOLODualNeckDetector  

backbone.stage3_2.1.blocks.2.conv1.bn.weight - torch.Size([192]): 
The value is the same before and after calling `init_weights` of YOLODualNeckDetector  

backbone.stage3_2.1.blocks.2.conv1.bn.bias - torch.Size([192]): 
The value is the same before and after calling `init_weights` of YOLODualNeckDetector  

backbone.stage3_2.1.blocks.2.conv2.conv.weight - torch.Size([192, 192, 3, 3]): 
The value is the same before and after calling `init_weights` of YOLODualNeckDetector  

backbone.stage3_2.1.blocks.2.conv2.bn.weight - torch.Size([192]): 
The value is the same before and after calling `init_weights` of YOLODualNeckDetector  

backbone.stage3_2.1.blocks.2.conv2.bn.bias - torch.Size([192]): 
The value is the same before and after calling `init_weights` of YOLODualNeckDetector  

backbone.stage3_2.1.blocks.3.conv1.conv.weight - torch.Size([192, 192, 3, 3]): 
The value is the same before and after calling `init_weights` of YOLODualNeckDetector  

backbone.stage3_2.1.blocks.3.conv1.bn.weight - torch.Size([192]): 
The value is the same before and after calling `init_weights` of YOLODualNeckDetector  

backbone.stage3_2.1.blocks.3.conv1.bn.bias - torch.Size([192]): 
The value is the same before and after calling `init_weights` of YOLODualNeckDetector  

backbone.stage3_2.1.blocks.3.conv2.conv.weight - torch.Size([192, 192, 3, 3]): 
The value is the same before and after calling `init_weights` of YOLODualNeckDetector  

backbone.stage3_2.1.blocks.3.conv2.bn.weight - torch.Size([192]): 
The value is the same before and after calling `init_weights` of YOLODualNeckDetector  

backbone.stage3_2.1.blocks.3.conv2.bn.bias - torch.Size([192]): 
The value is the same before and after calling `init_weights` of YOLODualNeckDetector  

backbone.fusion_block3.pos_embed_r - torch.Size([1, 64, 192]): 
The value is the same before and after calling `init_weights` of YOLODualNeckDetector  

backbone.fusion_block3.pos_embed_t - torch.Size([1, 64, 192]): 
The value is the same before and after calling `init_weights` of YOLODualNeckDetector  

backbone.fusion_block3.patch_embed.proj.weight - torch.Size([192, 192, 8, 10]): 
The value is the same before and after calling `init_weights` of YOLODualNeckDetector  

backbone.fusion_block3.patch_embed.proj.bias - torch.Size([192]): 
The value is the same before and after calling `init_weights` of YOLODualNeckDetector  

backbone.fusion_block3.mamba_fusion_stage.in_proj_r.weight - torch.Size([768, 192]): 
The value is the same before and after calling `init_weights` of YOLODualNeckDetector  

backbone.fusion_block3.mamba_fusion_stage.in_proj_t.weight - torch.Size([768, 192]): 
The value is the same before and after calling `init_weights` of YOLODualNeckDetector  

backbone.fusion_block3.mamba_fusion_stage.conv2d_r.0.weight - torch.Size([384, 1, 3, 3]): 
The value is the same before and after calling `init_weights` of YOLODualNeckDetector  

backbone.fusion_block3.mamba_fusion_stage.conv2d_r.0.bias - torch.Size([384]): 
The value is the same before and after calling `init_weights` of YOLODualNeckDetector  

backbone.fusion_block3.mamba_fusion_stage.conv2d_r.1.weight - torch.Size([384]): 
The value is the same before and after calling `init_weights` of YOLODualNeckDetector  

backbone.fusion_block3.mamba_fusion_stage.conv2d_r.1.bias - torch.Size([384]): 
The value is the same before and after calling `init_weights` of YOLODualNeckDetector  

backbone.fusion_block3.mamba_fusion_stage.conv2d_t.0.weight - torch.Size([384, 1, 3, 3]): 
The value is the same before and after calling `init_weights` of YOLODualNeckDetector  

backbone.fusion_block3.mamba_fusion_stage.conv2d_t.0.bias - torch.Size([384]): 
The value is the same before and after calling `init_weights` of YOLODualNeckDetector  

backbone.fusion_block3.mamba_fusion_stage.conv2d_t.1.weight - torch.Size([384]): 
The value is the same before and after calling `init_weights` of YOLODualNeckDetector  

backbone.fusion_block3.mamba_fusion_stage.conv2d_t.1.bias - torch.Size([384]): 
The value is the same before and after calling `init_weights` of YOLODualNeckDetector  

backbone.fusion_block3.mamba_fusion_stage.SSM_r_f.A_log - torch.Size([384, 64]): 
The value is the same before and after calling `init_weights` of YOLODualNeckDetector  

backbone.fusion_block3.mamba_fusion_stage.SSM_r_f.D - torch.Size([384]): 
The value is the same before and after calling `init_weights` of YOLODualNeckDetector  

backbone.fusion_block3.mamba_fusion_stage.SSM_r_f.x_proj.weight - torch.Size([152, 384]): 
The value is the same before and after calling `init_weights` of YOLODualNeckDetector  

backbone.fusion_block3.mamba_fusion_stage.SSM_r_f.dt_proj.weight - torch.Size([384, 24]): 
The value is the same before and after calling `init_weights` of YOLODualNeckDetector  

backbone.fusion_block3.mamba_fusion_stage.SSM_r_f.dt_proj.bias - torch.Size([384]): 
The value is the same before and after calling `init_weights` of YOLODualNeckDetector  

backbone.fusion_block3.mamba_fusion_stage.SSM_r_f.out_norm.weight - torch.Size([384]): 
The value is the same before and after calling `init_weights` of YOLODualNeckDetector  

backbone.fusion_block3.mamba_fusion_stage.SSM_r_f.out_norm.bias - torch.Size([384]): 
The value is the same before and after calling `init_weights` of YOLODualNeckDetector  

backbone.fusion_block3.mamba_fusion_stage.SSM_t_f.A_log - torch.Size([384, 64]): 
The value is the same before and after calling `init_weights` of YOLODualNeckDetector  

backbone.fusion_block3.mamba_fusion_stage.SSM_t_f.D - torch.Size([384]): 
The value is the same before and after calling `init_weights` of YOLODualNeckDetector  

backbone.fusion_block3.mamba_fusion_stage.SSM_t_f.x_proj.weight - torch.Size([152, 384]): 
The value is the same before and after calling `init_weights` of YOLODualNeckDetector  

backbone.fusion_block3.mamba_fusion_stage.SSM_t_f.dt_proj.weight - torch.Size([384, 24]): 
The value is the same before and after calling `init_weights` of YOLODualNeckDetector  

backbone.fusion_block3.mamba_fusion_stage.SSM_t_f.dt_proj.bias - torch.Size([384]): 
The value is the same before and after calling `init_weights` of YOLODualNeckDetector  

backbone.fusion_block3.mamba_fusion_stage.SSM_t_f.out_norm.weight - torch.Size([384]): 
The value is the same before and after calling `init_weights` of YOLODualNeckDetector  

backbone.fusion_block3.mamba_fusion_stage.SSM_t_f.out_norm.bias - torch.Size([384]): 
The value is the same before and after calling `init_weights` of YOLODualNeckDetector  

backbone.fusion_block3.mamba_fusion_stage.out_proj.weight - torch.Size([192, 384]): 
The value is the same before and after calling `init_weights` of YOLODualNeckDetector  

backbone.fusion_block3.transformer_fusion_stage.block.pos_emb_vis - torch.Size([1, 100, 192]): 
The value is the same before and after calling `init_weights` of YOLODualNeckDetector  

backbone.fusion_block3.transformer_fusion_stage.block.pos_emb_ir - torch.Size([1, 100, 192]): 
The value is the same before and after calling `init_weights` of YOLODualNeckDetector  

backbone.fusion_block3.transformer_fusion_stage.block.vis_pool_weights.w1 - torch.Size([1]): 
The value is the same before and after calling `init_weights` of YOLODualNeckDetector  

backbone.fusion_block3.transformer_fusion_stage.block.vis_pool_weights.w2 - torch.Size([1]): 
The value is the same before and after calling `init_weights` of YOLODualNeckDetector  

backbone.fusion_block3.transformer_fusion_stage.block.ir_pool_weights.w1 - torch.Size([1]): 
The value is the same before and after calling `init_weights` of YOLODualNeckDetector  

backbone.fusion_block3.transformer_fusion_stage.block.ir_pool_weights.w2 - torch.Size([1]): 
The value is the same before and after calling `init_weights` of YOLODualNeckDetector  

backbone.fusion_block3.transformer_fusion_stage.block.crosstransformer.0.ln1_vis.weight - torch.Size([192]): 
The value is the same before and after calling `init_weights` of YOLODualNeckDetector  

backbone.fusion_block3.transformer_fusion_stage.block.crosstransformer.0.ln1_vis.bias - torch.Size([192]): 
The value is the same before and after calling `init_weights` of YOLODualNeckDetector  

backbone.fusion_block3.transformer_fusion_stage.block.crosstransformer.0.ln1_ir.weight - torch.Size([192]): 
The value is the same before and after calling `init_weights` of YOLODualNeckDetector  

backbone.fusion_block3.transformer_fusion_stage.block.crosstransformer.0.ln1_ir.bias - torch.Size([192]): 
The value is the same before and after calling `init_weights` of YOLODualNeckDetector  

backbone.fusion_block3.transformer_fusion_stage.block.crosstransformer.0.que_proj_vis.weight - torch.Size([192, 192]): 
The value is the same before and after calling `init_weights` of YOLODualNeckDetector  

backbone.fusion_block3.transformer_fusion_stage.block.crosstransformer.0.que_proj_vis.bias - torch.Size([192]): 
The value is the same before and after calling `init_weights` of YOLODualNeckDetector  

backbone.fusion_block3.transformer_fusion_stage.block.crosstransformer.0.key_proj_vis.weight - torch.Size([192, 192]): 
The value is the same before and after calling `init_weights` of YOLODualNeckDetector  

backbone.fusion_block3.transformer_fusion_stage.block.crosstransformer.0.key_proj_vis.bias - torch.Size([192]): 
The value is the same before and after calling `init_weights` of YOLODualNeckDetector  

backbone.fusion_block3.transformer_fusion_stage.block.crosstransformer.0.val_proj_vis.weight - torch.Size([192, 192]): 
The value is the same before and after calling `init_weights` of YOLODualNeckDetector  

backbone.fusion_block3.transformer_fusion_stage.block.crosstransformer.0.val_proj_vis.bias - torch.Size([192]): 
The value is the same before and after calling `init_weights` of YOLODualNeckDetector  

backbone.fusion_block3.transformer_fusion_stage.block.crosstransformer.0.que_proj_ir.weight - torch.Size([192, 192]): 
The value is the same before and after calling `init_weights` of YOLODualNeckDetector  

backbone.fusion_block3.transformer_fusion_stage.block.crosstransformer.0.que_proj_ir.bias - torch.Size([192]): 
The value is the same before and after calling `init_weights` of YOLODualNeckDetector  

backbone.fusion_block3.transformer_fusion_stage.block.crosstransformer.0.key_proj_ir.weight - torch.Size([192, 192]): 
The value is the same before and after calling `init_weights` of YOLODualNeckDetector  

backbone.fusion_block3.transformer_fusion_stage.block.crosstransformer.0.key_proj_ir.bias - torch.Size([192]): 
The value is the same before and after calling `init_weights` of YOLODualNeckDetector  

backbone.fusion_block3.transformer_fusion_stage.block.crosstransformer.0.val_proj_ir.weight - torch.Size([192, 192]): 
The value is the same before and after calling `init_weights` of YOLODualNeckDetector  

backbone.fusion_block3.transformer_fusion_stage.block.crosstransformer.0.val_proj_ir.bias - torch.Size([192]): 
The value is the same before and after calling `init_weights` of YOLODualNeckDetector  

backbone.fusion_block3.transformer_fusion_stage.block.crosstransformer.0.crossatt.out_proj_vis.weight - torch.Size([192, 192]): 
The value is the same before and after calling `init_weights` of YOLODualNeckDetector  

backbone.fusion_block3.transformer_fusion_stage.block.crosstransformer.0.crossatt.out_proj_vis.bias - torch.Size([192]): 
The value is the same before and after calling `init_weights` of YOLODualNeckDetector  

backbone.fusion_block3.transformer_fusion_stage.block.crosstransformer.0.crossatt.out_proj_ir.weight - torch.Size([192, 192]): 
The value is the same before and after calling `init_weights` of YOLODualNeckDetector  

backbone.fusion_block3.transformer_fusion_stage.block.crosstransformer.0.crossatt.out_proj_ir.bias - torch.Size([192]): 
The value is the same before and after calling `init_weights` of YOLODualNeckDetector  

backbone.fusion_block3.transformer_fusion_stage.block.crosstransformer.0.ln2_vis.weight - torch.Size([192]): 
The value is the same before and after calling `init_weights` of YOLODualNeckDetector  

backbone.fusion_block3.transformer_fusion_stage.block.crosstransformer.0.ln2_vis.bias - torch.Size([192]): 
The value is the same before and after calling `init_weights` of YOLODualNeckDetector  

backbone.fusion_block3.transformer_fusion_stage.block.crosstransformer.0.ln2_ir.weight - torch.Size([192]): 
The value is the same before and after calling `init_weights` of YOLODualNeckDetector  

backbone.fusion_block3.transformer_fusion_stage.block.crosstransformer.0.ln2_ir.bias - torch.Size([192]): 
The value is the same before and after calling `init_weights` of YOLODualNeckDetector  

backbone.fusion_block3.transformer_fusion_stage.block.crosstransformer.0.mlp_vis.0.weight - torch.Size([768, 192]): 
The value is the same before and after calling `init_weights` of YOLODualNeckDetector  

backbone.fusion_block3.transformer_fusion_stage.block.crosstransformer.0.mlp_vis.0.bias - torch.Size([768]): 
The value is the same before and after calling `init_weights` of YOLODualNeckDetector  

backbone.fusion_block3.transformer_fusion_stage.block.crosstransformer.0.mlp_vis.2.weight - torch.Size([192, 768]): 
The value is the same before and after calling `init_weights` of YOLODualNeckDetector  

backbone.fusion_block3.transformer_fusion_stage.block.crosstransformer.0.mlp_vis.2.bias - torch.Size([192]): 
The value is the same before and after calling `init_weights` of YOLODualNeckDetector  

backbone.fusion_block3.transformer_fusion_stage.block.crosstransformer.0.mlp_ir.0.weight - torch.Size([768, 192]): 
The value is the same before and after calling `init_weights` of YOLODualNeckDetector  

backbone.fusion_block3.transformer_fusion_stage.block.crosstransformer.0.mlp_ir.0.bias - torch.Size([768]): 
The value is the same before and after calling `init_weights` of YOLODualNeckDetector  

backbone.fusion_block3.transformer_fusion_stage.block.crosstransformer.0.mlp_ir.2.weight - torch.Size([192, 768]): 
The value is the same before and after calling `init_weights` of YOLODualNeckDetector  

backbone.fusion_block3.transformer_fusion_stage.block.crosstransformer.0.mlp_ir.2.bias - torch.Size([192]): 
The value is the same before and after calling `init_weights` of YOLODualNeckDetector  

backbone.fusion_block3.transformer_fusion_stage.block.crosstransformer.0.coef_att_vis.bias - torch.Size([1]): 
The value is the same before and after calling `init_weights` of YOLODualNeckDetector  

backbone.fusion_block3.transformer_fusion_stage.block.crosstransformer.0.coef_mlp_vis.bias - torch.Size([1]): 
The value is the same before and after calling `init_weights` of YOLODualNeckDetector  

backbone.fusion_block3.transformer_fusion_stage.block.crosstransformer.0.coef_att_ir.bias - torch.Size([1]): 
The value is the same before and after calling `init_weights` of YOLODualNeckDetector  

backbone.fusion_block3.transformer_fusion_stage.block.crosstransformer.0.coef_mlp_ir.bias - torch.Size([1]): 
The value is the same before and after calling `init_weights` of YOLODualNeckDetector  

backbone.fusion_block3.transformer_fusion_stage.block.out_fusion_module.conv1x1_out.conv.weight - torch.Size([192, 384, 1, 1]): 
The value is the same before and after calling `init_weights` of YOLODualNeckDetector  

backbone.fusion_block3.transformer_fusion_stage.block.out_fusion_module.conv1x1_out.bn.weight - torch.Size([192]): 
The value is the same before and after calling `init_weights` of YOLODualNeckDetector  

backbone.fusion_block3.transformer_fusion_stage.block.out_fusion_module.conv1x1_out.bn.bias - torch.Size([192]): 
The value is the same before and after calling `init_weights` of YOLODualNeckDetector  

backbone.fusion_block3.transformer_fusion_stage.mw.fc1.weight - torch.Size([12, 384, 1, 1]): 
The value is the same before and after calling `init_weights` of YOLODualNeckDetector  

backbone.fusion_block3.transformer_fusion_stage.mw.fc1.bias - torch.Size([12]): 
The value is the same before and after calling `init_weights` of YOLODualNeckDetector  

backbone.fusion_block3.transformer_fusion_stage.mw.fc2.weight - torch.Size([384, 12, 1, 1]): 
The value is the same before and after calling `init_weights` of YOLODualNeckDetector  

backbone.fusion_block3.transformer_fusion_stage.mw.fc2.bias - torch.Size([384]): 
The value is the same before and after calling `init_weights` of YOLODualNeckDetector  

backbone.fusion_block3.out_fusion_module.conv1x1_out.conv.weight - torch.Size([192, 384, 1, 1]): 
The value is the same before and after calling `init_weights` of YOLODualNeckDetector  

backbone.fusion_block3.out_fusion_module.conv1x1_out.bn.weight - torch.Size([192]): 
The value is the same before and after calling `init_weights` of YOLODualNeckDetector  

backbone.fusion_block3.out_fusion_module.conv1x1_out.bn.bias - torch.Size([192]): 
The value is the same before and after calling `init_weights` of YOLODualNeckDetector  

backbone.fusion_block3.mw.fc1.weight - torch.Size([12, 384, 1, 1]): 
The value is the same before and after calling `init_weights` of YOLODualNeckDetector  

backbone.fusion_block3.mw.fc1.bias - torch.Size([12]): 
The value is the same before and after calling `init_weights` of YOLODualNeckDetector  

backbone.fusion_block3.mw.fc2.weight - torch.Size([384, 12, 1, 1]): 
The value is the same before and after calling `init_weights` of YOLODualNeckDetector  

backbone.fusion_block3.mw.fc2.bias - torch.Size([384]): 
The value is the same before and after calling `init_weights` of YOLODualNeckDetector  

backbone.stage4_1.0.conv.weight - torch.Size([768, 384, 3, 3]): 
The value is the same before and after calling `init_weights` of YOLODualNeckDetector  

backbone.stage4_1.0.bn.weight - torch.Size([768]): 
The value is the same before and after calling `init_weights` of YOLODualNeckDetector  

backbone.stage4_1.0.bn.bias - torch.Size([768]): 
The value is the same before and after calling `init_weights` of YOLODualNeckDetector  

backbone.stage4_1.1.main_conv.conv.weight - torch.Size([768, 768, 1, 1]): 
The value is the same before and after calling `init_weights` of YOLODualNeckDetector  

backbone.stage4_1.1.main_conv.bn.weight - torch.Size([768]): 
The value is the same before and after calling `init_weights` of YOLODualNeckDetector  

backbone.stage4_1.1.main_conv.bn.bias - torch.Size([768]): 
The value is the same before and after calling `init_weights` of YOLODualNeckDetector  

backbone.stage4_1.1.final_conv.conv.weight - torch.Size([768, 1536, 1, 1]): 
The value is the same before and after calling `init_weights` of YOLODualNeckDetector  

backbone.stage4_1.1.final_conv.bn.weight - torch.Size([768]): 
The value is the same before and after calling `init_weights` of YOLODualNeckDetector  

backbone.stage4_1.1.final_conv.bn.bias - torch.Size([768]): 
The value is the same before and after calling `init_weights` of YOLODualNeckDetector  

backbone.stage4_1.1.blocks.0.conv1.conv.weight - torch.Size([384, 384, 3, 3]): 
The value is the same before and after calling `init_weights` of YOLODualNeckDetector  

backbone.stage4_1.1.blocks.0.conv1.bn.weight - torch.Size([384]): 
The value is the same before and after calling `init_weights` of YOLODualNeckDetector  

backbone.stage4_1.1.blocks.0.conv1.bn.bias - torch.Size([384]): 
The value is the same before and after calling `init_weights` of YOLODualNeckDetector  

backbone.stage4_1.1.blocks.0.conv2.conv.weight - torch.Size([384, 384, 3, 3]): 
The value is the same before and after calling `init_weights` of YOLODualNeckDetector  

backbone.stage4_1.1.blocks.0.conv2.bn.weight - torch.Size([384]): 
The value is the same before and after calling `init_weights` of YOLODualNeckDetector  

backbone.stage4_1.1.blocks.0.conv2.bn.bias - torch.Size([384]): 
The value is the same before and after calling `init_weights` of YOLODualNeckDetector  

backbone.stage4_1.1.blocks.1.conv1.conv.weight - torch.Size([384, 384, 3, 3]): 
The value is the same before and after calling `init_weights` of YOLODualNeckDetector  

backbone.stage4_1.1.blocks.1.conv1.bn.weight - torch.Size([384]): 
The value is the same before and after calling `init_weights` of YOLODualNeckDetector  

backbone.stage4_1.1.blocks.1.conv1.bn.bias - torch.Size([384]): 
The value is the same before and after calling `init_weights` of YOLODualNeckDetector  

backbone.stage4_1.1.blocks.1.conv2.conv.weight - torch.Size([384, 384, 3, 3]): 
The value is the same before and after calling `init_weights` of YOLODualNeckDetector  

backbone.stage4_1.1.blocks.1.conv2.bn.weight - torch.Size([384]): 
The value is the same before and after calling `init_weights` of YOLODualNeckDetector  

backbone.stage4_1.1.blocks.1.conv2.bn.bias - torch.Size([384]): 
The value is the same before and after calling `init_weights` of YOLODualNeckDetector  

backbone.stage4_1.2.conv1.conv.weight - torch.Size([384, 768, 1, 1]): 
The value is the same before and after calling `init_weights` of YOLODualNeckDetector  

backbone.stage4_1.2.conv1.bn.weight - torch.Size([384]): 
The value is the same before and after calling `init_weights` of YOLODualNeckDetector  

backbone.stage4_1.2.conv1.bn.bias - torch.Size([384]): 
The value is the same before and after calling `init_weights` of YOLODualNeckDetector  

backbone.stage4_1.2.conv2.conv.weight - torch.Size([768, 1536, 1, 1]): 
The value is the same before and after calling `init_weights` of YOLODualNeckDetector  

backbone.stage4_1.2.conv2.bn.weight - torch.Size([768]): 
The value is the same before and after calling `init_weights` of YOLODualNeckDetector  

backbone.stage4_1.2.conv2.bn.bias - torch.Size([768]): 
The value is the same before and after calling `init_weights` of YOLODualNeckDetector  

backbone.stage4_2.0.conv.weight - torch.Size([768, 384, 3, 3]): 
The value is the same before and after calling `init_weights` of YOLODualNeckDetector  

backbone.stage4_2.0.bn.weight - torch.Size([768]): 
The value is the same before and after calling `init_weights` of YOLODualNeckDetector  

backbone.stage4_2.0.bn.bias - torch.Size([768]): 
The value is the same before and after calling `init_weights` of YOLODualNeckDetector  

backbone.stage4_2.1.main_conv.conv.weight - torch.Size([768, 768, 1, 1]): 
The value is the same before and after calling `init_weights` of YOLODualNeckDetector  

backbone.stage4_2.1.main_conv.bn.weight - torch.Size([768]): 
The value is the same before and after calling `init_weights` of YOLODualNeckDetector  

backbone.stage4_2.1.main_conv.bn.bias - torch.Size([768]): 
The value is the same before and after calling `init_weights` of YOLODualNeckDetector  

backbone.stage4_2.1.final_conv.conv.weight - torch.Size([768, 1536, 1, 1]): 
The value is the same before and after calling `init_weights` of YOLODualNeckDetector  

backbone.stage4_2.1.final_conv.bn.weight - torch.Size([768]): 
The value is the same before and after calling `init_weights` of YOLODualNeckDetector  

backbone.stage4_2.1.final_conv.bn.bias - torch.Size([768]): 
The value is the same before and after calling `init_weights` of YOLODualNeckDetector  

backbone.stage4_2.1.blocks.0.conv1.conv.weight - torch.Size([384, 384, 3, 3]): 
The value is the same before and after calling `init_weights` of YOLODualNeckDetector  

backbone.stage4_2.1.blocks.0.conv1.bn.weight - torch.Size([384]): 
The value is the same before and after calling `init_weights` of YOLODualNeckDetector  

backbone.stage4_2.1.blocks.0.conv1.bn.bias - torch.Size([384]): 
The value is the same before and after calling `init_weights` of YOLODualNeckDetector  

backbone.stage4_2.1.blocks.0.conv2.conv.weight - torch.Size([384, 384, 3, 3]): 
The value is the same before and after calling `init_weights` of YOLODualNeckDetector  

backbone.stage4_2.1.blocks.0.conv2.bn.weight - torch.Size([384]): 
The value is the same before and after calling `init_weights` of YOLODualNeckDetector  

backbone.stage4_2.1.blocks.0.conv2.bn.bias - torch.Size([384]): 
The value is the same before and after calling `init_weights` of YOLODualNeckDetector  

backbone.stage4_2.1.blocks.1.conv1.conv.weight - torch.Size([384, 384, 3, 3]): 
The value is the same before and after calling `init_weights` of YOLODualNeckDetector  

backbone.stage4_2.1.blocks.1.conv1.bn.weight - torch.Size([384]): 
The value is the same before and after calling `init_weights` of YOLODualNeckDetector  

backbone.stage4_2.1.blocks.1.conv1.bn.bias - torch.Size([384]): 
The value is the same before and after calling `init_weights` of YOLODualNeckDetector  

backbone.stage4_2.1.blocks.1.conv2.conv.weight - torch.Size([384, 384, 3, 3]): 
The value is the same before and after calling `init_weights` of YOLODualNeckDetector  

backbone.stage4_2.1.blocks.1.conv2.bn.weight - torch.Size([384]): 
The value is the same before and after calling `init_weights` of YOLODualNeckDetector  

backbone.stage4_2.1.blocks.1.conv2.bn.bias - torch.Size([384]): 
The value is the same before and after calling `init_weights` of YOLODualNeckDetector  

backbone.stage4_2.2.conv1.conv.weight - torch.Size([384, 768, 1, 1]): 
The value is the same before and after calling `init_weights` of YOLODualNeckDetector  

backbone.stage4_2.2.conv1.bn.weight - torch.Size([384]): 
The value is the same before and after calling `init_weights` of YOLODualNeckDetector  

backbone.stage4_2.2.conv1.bn.bias - torch.Size([384]): 
The value is the same before and after calling `init_weights` of YOLODualNeckDetector  

backbone.stage4_2.2.conv2.conv.weight - torch.Size([768, 1536, 1, 1]): 
The value is the same before and after calling `init_weights` of YOLODualNeckDetector  

backbone.stage4_2.2.conv2.bn.weight - torch.Size([768]): 
The value is the same before and after calling `init_weights` of YOLODualNeckDetector  

backbone.stage4_2.2.conv2.bn.bias - torch.Size([768]): 
The value is the same before and after calling `init_weights` of YOLODualNeckDetector  

backbone.fusion_block4.pos_embed_r - torch.Size([1, 64, 384]): 
The value is the same before and after calling `init_weights` of YOLODualNeckDetector  

backbone.fusion_block4.pos_embed_t - torch.Size([1, 64, 384]): 
The value is the same before and after calling `init_weights` of YOLODualNeckDetector  

backbone.fusion_block4.patch_embed.proj.weight - torch.Size([384, 384, 4, 5]): 
The value is the same before and after calling `init_weights` of YOLODualNeckDetector  

backbone.fusion_block4.patch_embed.proj.bias - torch.Size([384]): 
The value is the same before and after calling `init_weights` of YOLODualNeckDetector  

backbone.fusion_block4.mamba_fusion_stage.in_proj_r.weight - torch.Size([1536, 384]): 
The value is the same before and after calling `init_weights` of YOLODualNeckDetector  

backbone.fusion_block4.mamba_fusion_stage.in_proj_t.weight - torch.Size([1536, 384]): 
The value is the same before and after calling `init_weights` of YOLODualNeckDetector  

backbone.fusion_block4.mamba_fusion_stage.conv2d_r.0.weight - torch.Size([768, 1, 3, 3]): 
The value is the same before and after calling `init_weights` of YOLODualNeckDetector  

backbone.fusion_block4.mamba_fusion_stage.conv2d_r.0.bias - torch.Size([768]): 
The value is the same before and after calling `init_weights` of YOLODualNeckDetector  

backbone.fusion_block4.mamba_fusion_stage.conv2d_r.1.weight - torch.Size([768]): 
The value is the same before and after calling `init_weights` of YOLODualNeckDetector  

backbone.fusion_block4.mamba_fusion_stage.conv2d_r.1.bias - torch.Size([768]): 
The value is the same before and after calling `init_weights` of YOLODualNeckDetector  

backbone.fusion_block4.mamba_fusion_stage.conv2d_t.0.weight - torch.Size([768, 1, 3, 3]): 
The value is the same before and after calling `init_weights` of YOLODualNeckDetector  

backbone.fusion_block4.mamba_fusion_stage.conv2d_t.0.bias - torch.Size([768]): 
The value is the same before and after calling `init_weights` of YOLODualNeckDetector  

backbone.fusion_block4.mamba_fusion_stage.conv2d_t.1.weight - torch.Size([768]): 
The value is the same before and after calling `init_weights` of YOLODualNeckDetector  

backbone.fusion_block4.mamba_fusion_stage.conv2d_t.1.bias - torch.Size([768]): 
The value is the same before and after calling `init_weights` of YOLODualNeckDetector  

backbone.fusion_block4.mamba_fusion_stage.SSM_r_f.A_log - torch.Size([768, 128]): 
The value is the same before and after calling `init_weights` of YOLODualNeckDetector  

backbone.fusion_block4.mamba_fusion_stage.SSM_r_f.D - torch.Size([768]): 
The value is the same before and after calling `init_weights` of YOLODualNeckDetector  

backbone.fusion_block4.mamba_fusion_stage.SSM_r_f.x_proj.weight - torch.Size([304, 768]): 
The value is the same before and after calling `init_weights` of YOLODualNeckDetector  

backbone.fusion_block4.mamba_fusion_stage.SSM_r_f.dt_proj.weight - torch.Size([768, 48]): 
The value is the same before and after calling `init_weights` of YOLODualNeckDetector  

backbone.fusion_block4.mamba_fusion_stage.SSM_r_f.dt_proj.bias - torch.Size([768]): 
The value is the same before and after calling `init_weights` of YOLODualNeckDetector  

backbone.fusion_block4.mamba_fusion_stage.SSM_r_f.out_norm.weight - torch.Size([768]): 
The value is the same before and after calling `init_weights` of YOLODualNeckDetector  

backbone.fusion_block4.mamba_fusion_stage.SSM_r_f.out_norm.bias - torch.Size([768]): 
The value is the same before and after calling `init_weights` of YOLODualNeckDetector  

backbone.fusion_block4.mamba_fusion_stage.SSM_t_f.A_log - torch.Size([768, 128]): 
The value is the same before and after calling `init_weights` of YOLODualNeckDetector  

backbone.fusion_block4.mamba_fusion_stage.SSM_t_f.D - torch.Size([768]): 
The value is the same before and after calling `init_weights` of YOLODualNeckDetector  

backbone.fusion_block4.mamba_fusion_stage.SSM_t_f.x_proj.weight - torch.Size([304, 768]): 
The value is the same before and after calling `init_weights` of YOLODualNeckDetector  

backbone.fusion_block4.mamba_fusion_stage.SSM_t_f.dt_proj.weight - torch.Size([768, 48]): 
The value is the same before and after calling `init_weights` of YOLODualNeckDetector  

backbone.fusion_block4.mamba_fusion_stage.SSM_t_f.dt_proj.bias - torch.Size([768]): 
The value is the same before and after calling `init_weights` of YOLODualNeckDetector  

backbone.fusion_block4.mamba_fusion_stage.SSM_t_f.out_norm.weight - torch.Size([768]): 
The value is the same before and after calling `init_weights` of YOLODualNeckDetector  

backbone.fusion_block4.mamba_fusion_stage.SSM_t_f.out_norm.bias - torch.Size([768]): 
The value is the same before and after calling `init_weights` of YOLODualNeckDetector  

backbone.fusion_block4.mamba_fusion_stage.out_proj.weight - torch.Size([384, 768]): 
The value is the same before and after calling `init_weights` of YOLODualNeckDetector  

backbone.fusion_block4.transformer_fusion_stage.block.pos_emb_vis - torch.Size([1, 64, 384]): 
The value is the same before and after calling `init_weights` of YOLODualNeckDetector  

backbone.fusion_block4.transformer_fusion_stage.block.pos_emb_ir - torch.Size([1, 64, 384]): 
The value is the same before and after calling `init_weights` of YOLODualNeckDetector  

backbone.fusion_block4.transformer_fusion_stage.block.vis_pool_weights.w1 - torch.Size([1]): 
The value is the same before and after calling `init_weights` of YOLODualNeckDetector  

backbone.fusion_block4.transformer_fusion_stage.block.vis_pool_weights.w2 - torch.Size([1]): 
The value is the same before and after calling `init_weights` of YOLODualNeckDetector  

backbone.fusion_block4.transformer_fusion_stage.block.ir_pool_weights.w1 - torch.Size([1]): 
The value is the same before and after calling `init_weights` of YOLODualNeckDetector  

backbone.fusion_block4.transformer_fusion_stage.block.ir_pool_weights.w2 - torch.Size([1]): 
The value is the same before and after calling `init_weights` of YOLODualNeckDetector  

backbone.fusion_block4.transformer_fusion_stage.block.crosstransformer.0.ln1_vis.weight - torch.Size([384]): 
The value is the same before and after calling `init_weights` of YOLODualNeckDetector  

backbone.fusion_block4.transformer_fusion_stage.block.crosstransformer.0.ln1_vis.bias - torch.Size([384]): 
The value is the same before and after calling `init_weights` of YOLODualNeckDetector  

backbone.fusion_block4.transformer_fusion_stage.block.crosstransformer.0.ln1_ir.weight - torch.Size([384]): 
The value is the same before and after calling `init_weights` of YOLODualNeckDetector  

backbone.fusion_block4.transformer_fusion_stage.block.crosstransformer.0.ln1_ir.bias - torch.Size([384]): 
The value is the same before and after calling `init_weights` of YOLODualNeckDetector  

backbone.fusion_block4.transformer_fusion_stage.block.crosstransformer.0.que_proj_vis.weight - torch.Size([384, 384]): 
The value is the same before and after calling `init_weights` of YOLODualNeckDetector  

backbone.fusion_block4.transformer_fusion_stage.block.crosstransformer.0.que_proj_vis.bias - torch.Size([384]): 
The value is the same before and after calling `init_weights` of YOLODualNeckDetector  

backbone.fusion_block4.transformer_fusion_stage.block.crosstransformer.0.key_proj_vis.weight - torch.Size([384, 384]): 
The value is the same before and after calling `init_weights` of YOLODualNeckDetector  

backbone.fusion_block4.transformer_fusion_stage.block.crosstransformer.0.key_proj_vis.bias - torch.Size([384]): 
The value is the same before and after calling `init_weights` of YOLODualNeckDetector  

backbone.fusion_block4.transformer_fusion_stage.block.crosstransformer.0.val_proj_vis.weight - torch.Size([384, 384]): 
The value is the same before and after calling `init_weights` of YOLODualNeckDetector  

backbone.fusion_block4.transformer_fusion_stage.block.crosstransformer.0.val_proj_vis.bias - torch.Size([384]): 
The value is the same before and after calling `init_weights` of YOLODualNeckDetector  

backbone.fusion_block4.transformer_fusion_stage.block.crosstransformer.0.que_proj_ir.weight - torch.Size([384, 384]): 
The value is the same before and after calling `init_weights` of YOLODualNeckDetector  

backbone.fusion_block4.transformer_fusion_stage.block.crosstransformer.0.que_proj_ir.bias - torch.Size([384]): 
The value is the same before and after calling `init_weights` of YOLODualNeckDetector  

backbone.fusion_block4.transformer_fusion_stage.block.crosstransformer.0.key_proj_ir.weight - torch.Size([384, 384]): 
The value is the same before and after calling `init_weights` of YOLODualNeckDetector  

backbone.fusion_block4.transformer_fusion_stage.block.crosstransformer.0.key_proj_ir.bias - torch.Size([384]): 
The value is the same before and after calling `init_weights` of YOLODualNeckDetector  

backbone.fusion_block4.transformer_fusion_stage.block.crosstransformer.0.val_proj_ir.weight - torch.Size([384, 384]): 
The value is the same before and after calling `init_weights` of YOLODualNeckDetector  

backbone.fusion_block4.transformer_fusion_stage.block.crosstransformer.0.val_proj_ir.bias - torch.Size([384]): 
The value is the same before and after calling `init_weights` of YOLODualNeckDetector  

backbone.fusion_block4.transformer_fusion_stage.block.crosstransformer.0.crossatt.out_proj_vis.weight - torch.Size([384, 384]): 
The value is the same before and after calling `init_weights` of YOLODualNeckDetector  

backbone.fusion_block4.transformer_fusion_stage.block.crosstransformer.0.crossatt.out_proj_vis.bias - torch.Size([384]): 
The value is the same before and after calling `init_weights` of YOLODualNeckDetector  

backbone.fusion_block4.transformer_fusion_stage.block.crosstransformer.0.crossatt.out_proj_ir.weight - torch.Size([384, 384]): 
The value is the same before and after calling `init_weights` of YOLODualNeckDetector  

backbone.fusion_block4.transformer_fusion_stage.block.crosstransformer.0.crossatt.out_proj_ir.bias - torch.Size([384]): 
The value is the same before and after calling `init_weights` of YOLODualNeckDetector  

backbone.fusion_block4.transformer_fusion_stage.block.crosstransformer.0.ln2_vis.weight - torch.Size([384]): 
The value is the same before and after calling `init_weights` of YOLODualNeckDetector  

backbone.fusion_block4.transformer_fusion_stage.block.crosstransformer.0.ln2_vis.bias - torch.Size([384]): 
The value is the same before and after calling `init_weights` of YOLODualNeckDetector  

backbone.fusion_block4.transformer_fusion_stage.block.crosstransformer.0.ln2_ir.weight - torch.Size([384]): 
The value is the same before and after calling `init_weights` of YOLODualNeckDetector  

backbone.fusion_block4.transformer_fusion_stage.block.crosstransformer.0.ln2_ir.bias - torch.Size([384]): 
The value is the same before and after calling `init_weights` of YOLODualNeckDetector  

backbone.fusion_block4.transformer_fusion_stage.block.crosstransformer.0.mlp_vis.0.weight - torch.Size([1536, 384]): 
The value is the same before and after calling `init_weights` of YOLODualNeckDetector  

backbone.fusion_block4.transformer_fusion_stage.block.crosstransformer.0.mlp_vis.0.bias - torch.Size([1536]): 
The value is the same before and after calling `init_weights` of YOLODualNeckDetector  

backbone.fusion_block4.transformer_fusion_stage.block.crosstransformer.0.mlp_vis.2.weight - torch.Size([384, 1536]): 
The value is the same before and after calling `init_weights` of YOLODualNeckDetector  

backbone.fusion_block4.transformer_fusion_stage.block.crosstransformer.0.mlp_vis.2.bias - torch.Size([384]): 
The value is the same before and after calling `init_weights` of YOLODualNeckDetector  

backbone.fusion_block4.transformer_fusion_stage.block.crosstransformer.0.mlp_ir.0.weight - torch.Size([1536, 384]): 
The value is the same before and after calling `init_weights` of YOLODualNeckDetector  

backbone.fusion_block4.transformer_fusion_stage.block.crosstransformer.0.mlp_ir.0.bias - torch.Size([1536]): 
The value is the same before and after calling `init_weights` of YOLODualNeckDetector  

backbone.fusion_block4.transformer_fusion_stage.block.crosstransformer.0.mlp_ir.2.weight - torch.Size([384, 1536]): 
The value is the same before and after calling `init_weights` of YOLODualNeckDetector  

backbone.fusion_block4.transformer_fusion_stage.block.crosstransformer.0.mlp_ir.2.bias - torch.Size([384]): 
The value is the same before and after calling `init_weights` of YOLODualNeckDetector  

backbone.fusion_block4.transformer_fusion_stage.block.crosstransformer.0.coef_att_vis.bias - torch.Size([1]): 
The value is the same before and after calling `init_weights` of YOLODualNeckDetector  

backbone.fusion_block4.transformer_fusion_stage.block.crosstransformer.0.coef_mlp_vis.bias - torch.Size([1]): 
The value is the same before and after calling `init_weights` of YOLODualNeckDetector  

backbone.fusion_block4.transformer_fusion_stage.block.crosstransformer.0.coef_att_ir.bias - torch.Size([1]): 
The value is the same before and after calling `init_weights` of YOLODualNeckDetector  

backbone.fusion_block4.transformer_fusion_stage.block.crosstransformer.0.coef_mlp_ir.bias - torch.Size([1]): 
The value is the same before and after calling `init_weights` of YOLODualNeckDetector  

backbone.fusion_block4.transformer_fusion_stage.block.out_fusion_module.conv1x1_out.conv.weight - torch.Size([384, 768, 1, 1]): 
The value is the same before and after calling `init_weights` of YOLODualNeckDetector  

backbone.fusion_block4.transformer_fusion_stage.block.out_fusion_module.conv1x1_out.bn.weight - torch.Size([384]): 
The value is the same before and after calling `init_weights` of YOLODualNeckDetector  

backbone.fusion_block4.transformer_fusion_stage.block.out_fusion_module.conv1x1_out.bn.bias - torch.Size([384]): 
The value is the same before and after calling `init_weights` of YOLODualNeckDetector  

backbone.fusion_block4.transformer_fusion_stage.mw.fc1.weight - torch.Size([24, 768, 1, 1]): 
The value is the same before and after calling `init_weights` of YOLODualNeckDetector  

backbone.fusion_block4.transformer_fusion_stage.mw.fc1.bias - torch.Size([24]): 
The value is the same before and after calling `init_weights` of YOLODualNeckDetector  

backbone.fusion_block4.transformer_fusion_stage.mw.fc2.weight - torch.Size([768, 24, 1, 1]): 
The value is the same before and after calling `init_weights` of YOLODualNeckDetector  

backbone.fusion_block4.transformer_fusion_stage.mw.fc2.bias - torch.Size([768]): 
The value is the same before and after calling `init_weights` of YOLODualNeckDetector  

backbone.fusion_block4.out_fusion_module.conv1x1_out.conv.weight - torch.Size([384, 768, 1, 1]): 
The value is the same before and after calling `init_weights` of YOLODualNeckDetector  

backbone.fusion_block4.out_fusion_module.conv1x1_out.bn.weight - torch.Size([384]): 
The value is the same before and after calling `init_weights` of YOLODualNeckDetector  

backbone.fusion_block4.out_fusion_module.conv1x1_out.bn.bias - torch.Size([384]): 
The value is the same before and after calling `init_weights` of YOLODualNeckDetector  

backbone.fusion_block4.mw.fc1.weight - torch.Size([24, 768, 1, 1]): 
The value is the same before and after calling `init_weights` of YOLODualNeckDetector  

backbone.fusion_block4.mw.fc1.bias - torch.Size([24]): 
The value is the same before and after calling `init_weights` of YOLODualNeckDetector  

backbone.fusion_block4.mw.fc2.weight - torch.Size([768, 24, 1, 1]): 
The value is the same before and after calling `init_weights` of YOLODualNeckDetector  

backbone.fusion_block4.mw.fc2.bias - torch.Size([768]): 
The value is the same before and after calling `init_weights` of YOLODualNeckDetector  

neck.top_down_layers.0.main_conv.conv.weight - torch.Size([384, 1152, 1, 1]): 
Initialized by user-defined `init_weights` in YOLOv8PAFPN  

neck.top_down_layers.0.main_conv.bn.weight - torch.Size([384]): 
The value is the same before and after calling `init_weights` of YOLODualNeckDetector  

neck.top_down_layers.0.main_conv.bn.bias - torch.Size([384]): 
The value is the same before and after calling `init_weights` of YOLODualNeckDetector  

neck.top_down_layers.0.final_conv.conv.weight - torch.Size([384, 768, 1, 1]): 
Initialized by user-defined `init_weights` in YOLOv8PAFPN  

neck.top_down_layers.0.final_conv.bn.weight - torch.Size([384]): 
The value is the same before and after calling `init_weights` of YOLODualNeckDetector  

neck.top_down_layers.0.final_conv.bn.bias - torch.Size([384]): 
The value is the same before and after calling `init_weights` of YOLODualNeckDetector  

neck.top_down_layers.0.blocks.0.conv1.conv.weight - torch.Size([192, 192, 3, 3]): 
Initialized by user-defined `init_weights` in YOLOv8PAFPN  

neck.top_down_layers.0.blocks.0.conv1.bn.weight - torch.Size([192]): 
The value is the same before and after calling `init_weights` of YOLODualNeckDetector  

neck.top_down_layers.0.blocks.0.conv1.bn.bias - torch.Size([192]): 
The value is the same before and after calling `init_weights` of YOLODualNeckDetector  

neck.top_down_layers.0.blocks.0.conv2.conv.weight - torch.Size([192, 192, 3, 3]): 
Initialized by user-defined `init_weights` in YOLOv8PAFPN  

neck.top_down_layers.0.blocks.0.conv2.bn.weight - torch.Size([192]): 
The value is the same before and after calling `init_weights` of YOLODualNeckDetector  

neck.top_down_layers.0.blocks.0.conv2.bn.bias - torch.Size([192]): 
The value is the same before and after calling `init_weights` of YOLODualNeckDetector  

neck.top_down_layers.0.blocks.1.conv1.conv.weight - torch.Size([192, 192, 3, 3]): 
Initialized by user-defined `init_weights` in YOLOv8PAFPN  

neck.top_down_layers.0.blocks.1.conv1.bn.weight - torch.Size([192]): 
The value is the same before and after calling `init_weights` of YOLODualNeckDetector  

neck.top_down_layers.0.blocks.1.conv1.bn.bias - torch.Size([192]): 
The value is the same before and after calling `init_weights` of YOLODualNeckDetector  

neck.top_down_layers.0.blocks.1.conv2.conv.weight - torch.Size([192, 192, 3, 3]): 
Initialized by user-defined `init_weights` in YOLOv8PAFPN  

neck.top_down_layers.0.blocks.1.conv2.bn.weight - torch.Size([192]): 
The value is the same before and after calling `init_weights` of YOLODualNeckDetector  

neck.top_down_layers.0.blocks.1.conv2.bn.bias - torch.Size([192]): 
The value is the same before and after calling `init_weights` of YOLODualNeckDetector  

neck.top_down_layers.1.main_conv.conv.weight - torch.Size([192, 576, 1, 1]): 
Initialized by user-defined `init_weights` in YOLOv8PAFPN  

neck.top_down_layers.1.main_conv.bn.weight - torch.Size([192]): 
The value is the same before and after calling `init_weights` of YOLODualNeckDetector  

neck.top_down_layers.1.main_conv.bn.bias - torch.Size([192]): 
The value is the same before and after calling `init_weights` of YOLODualNeckDetector  

neck.top_down_layers.1.final_conv.conv.weight - torch.Size([192, 384, 1, 1]): 
Initialized by user-defined `init_weights` in YOLOv8PAFPN  

neck.top_down_layers.1.final_conv.bn.weight - torch.Size([192]): 
The value is the same before and after calling `init_weights` of YOLODualNeckDetector  

neck.top_down_layers.1.final_conv.bn.bias - torch.Size([192]): 
The value is the same before and after calling `init_weights` of YOLODualNeckDetector  

neck.top_down_layers.1.blocks.0.conv1.conv.weight - torch.Size([96, 96, 3, 3]): 
Initialized by user-defined `init_weights` in YOLOv8PAFPN  

neck.top_down_layers.1.blocks.0.conv1.bn.weight - torch.Size([96]): 
The value is the same before and after calling `init_weights` of YOLODualNeckDetector  

neck.top_down_layers.1.blocks.0.conv1.bn.bias - torch.Size([96]): 
The value is the same before and after calling `init_weights` of YOLODualNeckDetector  

neck.top_down_layers.1.blocks.0.conv2.conv.weight - torch.Size([96, 96, 3, 3]): 
Initialized by user-defined `init_weights` in YOLOv8PAFPN  

neck.top_down_layers.1.blocks.0.conv2.bn.weight - torch.Size([96]): 
The value is the same before and after calling `init_weights` of YOLODualNeckDetector  

neck.top_down_layers.1.blocks.0.conv2.bn.bias - torch.Size([96]): 
The value is the same before and after calling `init_weights` of YOLODualNeckDetector  

neck.top_down_layers.1.blocks.1.conv1.conv.weight - torch.Size([96, 96, 3, 3]): 
Initialized by user-defined `init_weights` in YOLOv8PAFPN  

neck.top_down_layers.1.blocks.1.conv1.bn.weight - torch.Size([96]): 
The value is the same before and after calling `init_weights` of YOLODualNeckDetector  

neck.top_down_layers.1.blocks.1.conv1.bn.bias - torch.Size([96]): 
The value is the same before and after calling `init_weights` of YOLODualNeckDetector  

neck.top_down_layers.1.blocks.1.conv2.conv.weight - torch.Size([96, 96, 3, 3]): 
Initialized by user-defined `init_weights` in YOLOv8PAFPN  

neck.top_down_layers.1.blocks.1.conv2.bn.weight - torch.Size([96]): 
The value is the same before and after calling `init_weights` of YOLODualNeckDetector  

neck.top_down_layers.1.blocks.1.conv2.bn.bias - torch.Size([96]): 
The value is the same before and after calling `init_weights` of YOLODualNeckDetector  

neck.downsample_layers.0.conv.weight - torch.Size([192, 192, 3, 3]): 
Initialized by user-defined `init_weights` in YOLOv8PAFPN  

neck.downsample_layers.0.bn.weight - torch.Size([192]): 
The value is the same before and after calling `init_weights` of YOLODualNeckDetector  

neck.downsample_layers.0.bn.bias - torch.Size([192]): 
The value is the same before and after calling `init_weights` of YOLODualNeckDetector  

neck.downsample_layers.1.conv.weight - torch.Size([384, 384, 3, 3]): 
Initialized by user-defined `init_weights` in YOLOv8PAFPN  

neck.downsample_layers.1.bn.weight - torch.Size([384]): 
The value is the same before and after calling `init_weights` of YOLODualNeckDetector  

neck.downsample_layers.1.bn.bias - torch.Size([384]): 
The value is the same before and after calling `init_weights` of YOLODualNeckDetector  

neck.bottom_up_layers.0.main_conv.conv.weight - torch.Size([384, 576, 1, 1]): 
Initialized by user-defined `init_weights` in YOLOv8PAFPN  

neck.bottom_up_layers.0.main_conv.bn.weight - torch.Size([384]): 
The value is the same before and after calling `init_weights` of YOLODualNeckDetector  

neck.bottom_up_layers.0.main_conv.bn.bias - torch.Size([384]): 
The value is the same before and after calling `init_weights` of YOLODualNeckDetector  

neck.bottom_up_layers.0.final_conv.conv.weight - torch.Size([384, 768, 1, 1]): 
Initialized by user-defined `init_weights` in YOLOv8PAFPN  

neck.bottom_up_layers.0.final_conv.bn.weight - torch.Size([384]): 
The value is the same before and after calling `init_weights` of YOLODualNeckDetector  

neck.bottom_up_layers.0.final_conv.bn.bias - torch.Size([384]): 
The value is the same before and after calling `init_weights` of YOLODualNeckDetector  

neck.bottom_up_layers.0.blocks.0.conv1.conv.weight - torch.Size([192, 192, 3, 3]): 
Initialized by user-defined `init_weights` in YOLOv8PAFPN  

neck.bottom_up_layers.0.blocks.0.conv1.bn.weight - torch.Size([192]): 
The value is the same before and after calling `init_weights` of YOLODualNeckDetector  

neck.bottom_up_layers.0.blocks.0.conv1.bn.bias - torch.Size([192]): 
The value is the same before and after calling `init_weights` of YOLODualNeckDetector  

neck.bottom_up_layers.0.blocks.0.conv2.conv.weight - torch.Size([192, 192, 3, 3]): 
Initialized by user-defined `init_weights` in YOLOv8PAFPN  

neck.bottom_up_layers.0.blocks.0.conv2.bn.weight - torch.Size([192]): 
The value is the same before and after calling `init_weights` of YOLODualNeckDetector  

neck.bottom_up_layers.0.blocks.0.conv2.bn.bias - torch.Size([192]): 
The value is the same before and after calling `init_weights` of YOLODualNeckDetector  

neck.bottom_up_layers.0.blocks.1.conv1.conv.weight - torch.Size([192, 192, 3, 3]): 
Initialized by user-defined `init_weights` in YOLOv8PAFPN  

neck.bottom_up_layers.0.blocks.1.conv1.bn.weight - torch.Size([192]): 
The value is the same before and after calling `init_weights` of YOLODualNeckDetector  

neck.bottom_up_layers.0.blocks.1.conv1.bn.bias - torch.Size([192]): 
The value is the same before and after calling `init_weights` of YOLODualNeckDetector  

neck.bottom_up_layers.0.blocks.1.conv2.conv.weight - torch.Size([192, 192, 3, 3]): 
Initialized by user-defined `init_weights` in YOLOv8PAFPN  

neck.bottom_up_layers.0.blocks.1.conv2.bn.weight - torch.Size([192]): 
The value is the same before and after calling `init_weights` of YOLODualNeckDetector  

neck.bottom_up_layers.0.blocks.1.conv2.bn.bias - torch.Size([192]): 
The value is the same before and after calling `init_weights` of YOLODualNeckDetector  

neck.bottom_up_layers.1.main_conv.conv.weight - torch.Size([768, 1152, 1, 1]): 
Initialized by user-defined `init_weights` in YOLOv8PAFPN  

neck.bottom_up_layers.1.main_conv.bn.weight - torch.Size([768]): 
The value is the same before and after calling `init_weights` of YOLODualNeckDetector  

neck.bottom_up_layers.1.main_conv.bn.bias - torch.Size([768]): 
The value is the same before and after calling `init_weights` of YOLODualNeckDetector  

neck.bottom_up_layers.1.final_conv.conv.weight - torch.Size([768, 1536, 1, 1]): 
Initialized by user-defined `init_weights` in YOLOv8PAFPN  

neck.bottom_up_layers.1.final_conv.bn.weight - torch.Size([768]): 
The value is the same before and after calling `init_weights` of YOLODualNeckDetector  

neck.bottom_up_layers.1.final_conv.bn.bias - torch.Size([768]): 
The value is the same before and after calling `init_weights` of YOLODualNeckDetector  

neck.bottom_up_layers.1.blocks.0.conv1.conv.weight - torch.Size([384, 384, 3, 3]): 
Initialized by user-defined `init_weights` in YOLOv8PAFPN  

neck.bottom_up_layers.1.blocks.0.conv1.bn.weight - torch.Size([384]): 
The value is the same before and after calling `init_weights` of YOLODualNeckDetector  

neck.bottom_up_layers.1.blocks.0.conv1.bn.bias - torch.Size([384]): 
The value is the same before and after calling `init_weights` of YOLODualNeckDetector  

neck.bottom_up_layers.1.blocks.0.conv2.conv.weight - torch.Size([384, 384, 3, 3]): 
Initialized by user-defined `init_weights` in YOLOv8PAFPN  

neck.bottom_up_layers.1.blocks.0.conv2.bn.weight - torch.Size([384]): 
The value is the same before and after calling `init_weights` of YOLODualNeckDetector  

neck.bottom_up_layers.1.blocks.0.conv2.bn.bias - torch.Size([384]): 
The value is the same before and after calling `init_weights` of YOLODualNeckDetector  

neck.bottom_up_layers.1.blocks.1.conv1.conv.weight - torch.Size([384, 384, 3, 3]): 
Initialized by user-defined `init_weights` in YOLOv8PAFPN  

neck.bottom_up_layers.1.blocks.1.conv1.bn.weight - torch.Size([384]): 
The value is the same before and after calling `init_weights` of YOLODualNeckDetector  

neck.bottom_up_layers.1.blocks.1.conv1.bn.bias - torch.Size([384]): 
The value is the same before and after calling `init_weights` of YOLODualNeckDetector  

neck.bottom_up_layers.1.blocks.1.conv2.conv.weight - torch.Size([384, 384, 3, 3]): 
Initialized by user-defined `init_weights` in YOLOv8PAFPN  

neck.bottom_up_layers.1.blocks.1.conv2.bn.weight - torch.Size([384]): 
The value is the same before and after calling `init_weights` of YOLODualNeckDetector  

neck.bottom_up_layers.1.blocks.1.conv2.bn.bias - torch.Size([384]): 
The value is the same before and after calling `init_weights` of YOLODualNeckDetector  

bbox_head.head_module.cls_preds.0.0.conv.weight - torch.Size([192, 192, 3, 3]): 
The value is the same before and after calling `init_weights` of YOLODualNeckDetector  

bbox_head.head_module.cls_preds.0.0.bn.weight - torch.Size([192]): 
The value is the same before and after calling `init_weights` of YOLODualNeckDetector  

bbox_head.head_module.cls_preds.0.0.bn.bias - torch.Size([192]): 
The value is the same before and after calling `init_weights` of YOLODualNeckDetector  

bbox_head.head_module.cls_preds.0.1.conv.weight - torch.Size([192, 192, 3, 3]): 
The value is the same before and after calling `init_weights` of YOLODualNeckDetector  

bbox_head.head_module.cls_preds.0.1.bn.weight - torch.Size([192]): 
The value is the same before and after calling `init_weights` of YOLODualNeckDetector  

bbox_head.head_module.cls_preds.0.1.bn.bias - torch.Size([192]): 
The value is the same before and after calling `init_weights` of YOLODualNeckDetector  

bbox_head.head_module.cls_preds.0.2.weight - torch.Size([5, 192, 1, 1]): 
The value is the same before and after calling `init_weights` of YOLODualNeckDetector  

bbox_head.head_module.cls_preds.0.2.bias - torch.Size([5]): 
Initialized by user-defined `init_weights` in YOLOv8HeadModule  

bbox_head.head_module.cls_preds.1.0.conv.weight - torch.Size([192, 384, 3, 3]): 
The value is the same before and after calling `init_weights` of YOLODualNeckDetector  

bbox_head.head_module.cls_preds.1.0.bn.weight - torch.Size([192]): 
The value is the same before and after calling `init_weights` of YOLODualNeckDetector  

bbox_head.head_module.cls_preds.1.0.bn.bias - torch.Size([192]): 
The value is the same before and after calling `init_weights` of YOLODualNeckDetector  

bbox_head.head_module.cls_preds.1.1.conv.weight - torch.Size([192, 192, 3, 3]): 
The value is the same before and after calling `init_weights` of YOLODualNeckDetector  

bbox_head.head_module.cls_preds.1.1.bn.weight - torch.Size([192]): 
The value is the same before and after calling `init_weights` of YOLODualNeckDetector  

bbox_head.head_module.cls_preds.1.1.bn.bias - torch.Size([192]): 
The value is the same before and after calling `init_weights` of YOLODualNeckDetector  

bbox_head.head_module.cls_preds.1.2.weight - torch.Size([5, 192, 1, 1]): 
The value is the same before and after calling `init_weights` of YOLODualNeckDetector  

bbox_head.head_module.cls_preds.1.2.bias - torch.Size([5]): 
Initialized by user-defined `init_weights` in YOLOv8HeadModule  

bbox_head.head_module.cls_preds.2.0.conv.weight - torch.Size([192, 768, 3, 3]): 
The value is the same before and after calling `init_weights` of YOLODualNeckDetector  

bbox_head.head_module.cls_preds.2.0.bn.weight - torch.Size([192]): 
The value is the same before and after calling `init_weights` of YOLODualNeckDetector  

bbox_head.head_module.cls_preds.2.0.bn.bias - torch.Size([192]): 
The value is the same before and after calling `init_weights` of YOLODualNeckDetector  

bbox_head.head_module.cls_preds.2.1.conv.weight - torch.Size([192, 192, 3, 3]): 
The value is the same before and after calling `init_weights` of YOLODualNeckDetector  

bbox_head.head_module.cls_preds.2.1.bn.weight - torch.Size([192]): 
The value is the same before and after calling `init_weights` of YOLODualNeckDetector  

bbox_head.head_module.cls_preds.2.1.bn.bias - torch.Size([192]): 
The value is the same before and after calling `init_weights` of YOLODualNeckDetector  

bbox_head.head_module.cls_preds.2.2.weight - torch.Size([5, 192, 1, 1]): 
The value is the same before and after calling `init_weights` of YOLODualNeckDetector  

bbox_head.head_module.cls_preds.2.2.bias - torch.Size([5]): 
Initialized by user-defined `init_weights` in YOLOv8HeadModule  

bbox_head.head_module.reg_preds.0.0.conv.weight - torch.Size([64, 192, 3, 3]): 
The value is the same before and after calling `init_weights` of YOLODualNeckDetector  

bbox_head.head_module.reg_preds.0.0.bn.weight - torch.Size([64]): 
The value is the same before and after calling `init_weights` of YOLODualNeckDetector  

bbox_head.head_module.reg_preds.0.0.bn.bias - torch.Size([64]): 
The value is the same before and after calling `init_weights` of YOLODualNeckDetector  

bbox_head.head_module.reg_preds.0.1.conv.weight - torch.Size([64, 64, 3, 3]): 
The value is the same before and after calling `init_weights` of YOLODualNeckDetector  

bbox_head.head_module.reg_preds.0.1.bn.weight - torch.Size([64]): 
The value is the same before and after calling `init_weights` of YOLODualNeckDetector  

bbox_head.head_module.reg_preds.0.1.bn.bias - torch.Size([64]): 
The value is the same before and after calling `init_weights` of YOLODualNeckDetector  

bbox_head.head_module.reg_preds.0.2.weight - torch.Size([64, 64, 1, 1]): 
The value is the same before and after calling `init_weights` of YOLODualNeckDetector  

bbox_head.head_module.reg_preds.0.2.bias - torch.Size([64]): 
Initialized by user-defined `init_weights` in YOLOv8HeadModule  

bbox_head.head_module.reg_preds.1.0.conv.weight - torch.Size([64, 384, 3, 3]): 
The value is the same before and after calling `init_weights` of YOLODualNeckDetector  

bbox_head.head_module.reg_preds.1.0.bn.weight - torch.Size([64]): 
The value is the same before and after calling `init_weights` of YOLODualNeckDetector  

bbox_head.head_module.reg_preds.1.0.bn.bias - torch.Size([64]): 
The value is the same before and after calling `init_weights` of YOLODualNeckDetector  

bbox_head.head_module.reg_preds.1.1.conv.weight - torch.Size([64, 64, 3, 3]): 
The value is the same before and after calling `init_weights` of YOLODualNeckDetector  

bbox_head.head_module.reg_preds.1.1.bn.weight - torch.Size([64]): 
The value is the same before and after calling `init_weights` of YOLODualNeckDetector  

bbox_head.head_module.reg_preds.1.1.bn.bias - torch.Size([64]): 
The value is the same before and after calling `init_weights` of YOLODualNeckDetector  

bbox_head.head_module.reg_preds.1.2.weight - torch.Size([64, 64, 1, 1]): 
The value is the same before and after calling `init_weights` of YOLODualNeckDetector  

bbox_head.head_module.reg_preds.1.2.bias - torch.Size([64]): 
Initialized by user-defined `init_weights` in YOLOv8HeadModule  

bbox_head.head_module.reg_preds.2.0.conv.weight - torch.Size([64, 768, 3, 3]): 
The value is the same before and after calling `init_weights` of YOLODualNeckDetector  

bbox_head.head_module.reg_preds.2.0.bn.weight - torch.Size([64]): 
The value is the same before and after calling `init_weights` of YOLODualNeckDetector  

bbox_head.head_module.reg_preds.2.0.bn.bias - torch.Size([64]): 
The value is the same before and after calling `init_weights` of YOLODualNeckDetector  

bbox_head.head_module.reg_preds.2.1.conv.weight - torch.Size([64, 64, 3, 3]): 
The value is the same before and after calling `init_weights` of YOLODualNeckDetector  

bbox_head.head_module.reg_preds.2.1.bn.weight - torch.Size([64]): 
The value is the same before and after calling `init_weights` of YOLODualNeckDetector  

bbox_head.head_module.reg_preds.2.1.bn.bias - torch.Size([64]): 
The value is the same before and after calling `init_weights` of YOLODualNeckDetector  

bbox_head.head_module.reg_preds.2.2.weight - torch.Size([64, 64, 1, 1]): 
The value is the same before and after calling `init_weights` of YOLODualNeckDetector  

bbox_head.head_module.reg_preds.2.2.bias - torch.Size([64]): 
Initialized by user-defined `init_weights` in YOLOv8HeadModule  
2025/06/30 15:37:44 - mmengine - INFO - Auto resumed from the latest checkpoint None.
2025/06/30 15:37:44 - mmengine - WARNING - "FileClient" will be deprecated in future. Please use io functions in https://mmengine.readthedocs.io/en/latest/api/fileio.html#file-io
2025/06/30 15:37:44 - mmengine - WARNING - "HardDiskBackend" is the alias of "LocalBackend" and the former will be deprecated in future.
2025/06/30 15:37:44 - mmengine - INFO - Checkpoints will be saved to /data/nl/Mamba2Spectral/work_dirs/DroneVehicle/2025_06_30/yolov8_mambatransformer_enhance.
2025/06/30 15:40:42 - mmengine - INFO - Epoch(train)   [1][ 50/400]  base_lr: 1.0000e-02 lr: 4.0833e-04  eta: 3 days, 6:55:43  time: 3.5540  data_time: 0.0334  memory: 13459  grad_norm: 337.4226  loss: 110.0937  loss_cls: 35.2907  loss_bbox: 42.0041  loss_dfl: 32.7989
2025/06/30 15:43:29 - mmengine - INFO - Epoch(train)   [1][100/400]  base_lr: 1.0000e-02 lr: 8.2500e-04  eta: 3 days, 4:27:50  time: 3.3364  data_time: 0.0061  memory: 10753  grad_norm: 281.1032  loss: 97.0524  loss_cls: 29.5144  loss_bbox: 38.5484  loss_dfl: 28.9896
2025/06/30 15:46:16 - mmengine - INFO - Epoch(train)   [1][150/400]  base_lr: 1.0000e-02 lr: 1.2417e-03  eta: 3 days, 3:39:19  time: 3.3423  data_time: 0.0085  memory: 10812  grad_norm: 277.3592  loss: 88.7353  loss_cls: 27.2963  loss_bbox: 35.0481  loss_dfl: 26.3909
2025/06/30 15:49:03 - mmengine - INFO - Epoch(train)   [1][200/400]  base_lr: 1.0000e-02 lr: 1.6583e-03  eta: 3 days, 3:11:51  time: 3.3368  data_time: 0.0065  memory: 10823  grad_norm: 209.9733  loss: 83.9372  loss_cls: 25.6024  loss_bbox: 33.7942  loss_dfl: 24.5406
2025/06/30 15:51:49 - mmengine - INFO - Epoch(train)   [1][250/400]  base_lr: 1.0000e-02 lr: 2.0750e-03  eta: 3 days, 2:53:18  time: 3.3332  data_time: 0.0069  memory: 10700  grad_norm: 164.6173  loss: 79.8409  loss_cls: 24.0469  loss_bbox: 32.2380  loss_dfl: 23.5559
2025/06/30 15:54:36 - mmengine - INFO - Epoch(train)   [1][300/400]  base_lr: 1.0000e-02 lr: 2.4917e-03  eta: 3 days, 2:39:15  time: 3.3298  data_time: 0.0069  memory: 10673  grad_norm: 134.4691  loss: 74.1633  loss_cls: 22.2843  loss_bbox: 29.9005  loss_dfl: 21.9785
2025/06/30 15:56:33 - mmengine - INFO - Epoch(train)   [1][350/400]  base_lr: 1.0000e-02 lr: 2.9083e-03  eta: 2 days, 23:19:31  time: 2.3337  data_time: 0.0075  memory: 10882  grad_norm: 109.5511  loss: 69.4596  loss_cls: 21.4832  loss_bbox: 27.1588  loss_dfl: 20.8176
2025/06/30 15:58:51 - mmengine - INFO - Exp name: yolov8_mambatransformer_enhance_20250630_153731
2025/06/30 15:58:51 - mmengine - INFO - Epoch(train)   [1][400/400]  base_lr: 1.0000e-02 lr: 3.3250e-03  eta: 2 days, 22:02:23  time: 2.7749  data_time: 0.0071  memory: 10631  grad_norm: 97.1664  loss: 64.3106  loss_cls: 20.0853  loss_bbox: 24.9948  loss_dfl: 19.2305
2025/06/30 15:58:51 - mmengine - INFO - Saving checkpoint at 1 epochs
2025/06/30 15:58:53 - mmengine - WARNING - `save_param_scheduler` is True but `self.param_schedulers` is None, so skip saving parameter schedulers
2025/06/30 15:59:03 - mmengine - INFO - Epoch(val)   [1][ 50/800]    eta: 0:02:09  time: 0.1722  data_time: 0.0022  memory: 1018  
2025/06/30 15:59:09 - mmengine - INFO - Epoch(val)   [1][100/800]    eta: 0:01:38  time: 0.1090  data_time: 0.0005  memory: 996  
2025/06/30 15:59:15 - mmengine - INFO - Epoch(val)   [1][150/800]    eta: 0:01:27  time: 0.1226  data_time: 0.0008  memory: 996  
2025/06/30 15:59:21 - mmengine - INFO - Epoch(val)   [1][200/800]    eta: 0:01:20  time: 0.1322  data_time: 0.0027  memory: 996  
2025/06/30 15:59:28 - mmengine - INFO - Epoch(val)   [1][250/800]    eta: 0:01:12  time: 0.1257  data_time: 0.0007  memory: 996  
2025/06/30 15:59:34 - mmengine - INFO - Epoch(val)   [1][300/800]    eta: 0:01:06  time: 0.1349  data_time: 0.0029  memory: 996  
2025/06/30 15:59:41 - mmengine - INFO - Epoch(val)   [1][350/800]    eta: 0:01:00  time: 0.1377  data_time: 0.0053  memory: 996  
2025/06/30 15:59:48 - mmengine - INFO - Epoch(val)   [1][400/800]    eta: 0:00:53  time: 0.1272  data_time: 0.0022  memory: 996  
2025/06/30 15:59:54 - mmengine - INFO - Epoch(val)   [1][450/800]    eta: 0:00:46  time: 0.1269  data_time: 0.0006  memory: 996  
2025/06/30 16:00:01 - mmengine - INFO - Epoch(val)   [1][500/800]    eta: 0:00:39  time: 0.1336  data_time: 0.0041  memory: 996  
2025/06/30 16:00:08 - mmengine - INFO - Epoch(val)   [1][550/800]    eta: 0:00:33  time: 0.1453  data_time: 0.0019  memory: 996  
2025/06/30 16:00:14 - mmengine - INFO - Epoch(val)   [1][600/800]    eta: 0:00:26  time: 0.1256  data_time: 0.0098  memory: 996  
2025/06/30 16:00:20 - mmengine - INFO - Epoch(val)   [1][650/800]    eta: 0:00:19  time: 0.1233  data_time: 0.0033  memory: 996  
2025/06/30 16:00:27 - mmengine - INFO - Epoch(val)   [1][700/800]    eta: 0:00:13  time: 0.1294  data_time: 0.0031  memory: 996  
2025/06/30 16:00:33 - mmengine - INFO - Epoch(val)   [1][750/800]    eta: 0:00:06  time: 0.1268  data_time: 0.0014  memory: 996  
2025/06/30 16:00:40 - mmengine - INFO - Epoch(val)   [1][800/800]    eta: 0:00:00  time: 0.1315  data_time: 0.0032  memory: 996  
2025/06/30 16:00:44 - mmengine - INFO - Evaluating bbox...
2025/06/30 16:01:07 - mmengine - INFO - 
+-------------+-------+--------+--------+-------+-------+-------+
| category    | mAP   | mAP_50 | mAP_75 | mAP_s | mAP_m | mAP_l |
+-------------+-------+--------+--------+-------+-------+-------+
| car         | 0.114 | 0.313  | 0.045  | 0.028 | 0.132 | 0.0   |
| truck       | 0.0   | 0.0    | 0.0    | 0.0   | 0.0   | 0.0   |
| bus         | 0.0   | 0.001  | 0.0    | 0.0   | 0.0   | 0.001 |
| van         | 0.002 | 0.005  | 0.001  | 0.0   | 0.002 | 0.0   |
| freight_car | 0.001 | 0.002  | 0.0    | 0.0   | 0.001 | 0.0   |
+-------------+-------+--------+--------+-------+-------+-------+
2025/06/30 16:01:07 - mmengine - INFO - bbox_mAP_copypaste: 0.023 0.064 0.009 0.006 0.027 0.000
2025/06/30 16:01:07 - mmengine - INFO - Epoch(val) [1][800/800]    coco/car_precision: 0.1140  coco/truck_precision: 0.0000  coco/bus_precision: 0.0000  coco/van_precision: 0.0020  coco/freight_car_precision: 0.0010  coco/bbox_mAP: 0.0230  coco/bbox_mAP_50: 0.0640  coco/bbox_mAP_75: 0.0090  coco/bbox_mAP_s: 0.0060  coco/bbox_mAP_m: 0.0270  coco/bbox_mAP_l: 0.0000  data_time: 0.0028  time: 0.1315
2025/06/30 16:01:10 - mmengine - INFO - The best checkpoint with 0.0640 coco/bbox_mAP_50 at 1 epoch is saved to best_coco_bbox_mAP_50_epoch_1.pth.
2025/06/30 16:04:02 - mmengine - INFO - Epoch(train)   [2][ 50/400]  base_lr: 1.0000e-02 lr: 3.7231e-03  eta: 2 days, 22:27:32  time: 3.3562  data_time: 0.0295  memory: 10876  grad_norm: 91.2063  loss: 58.8523  loss_cls: 18.6191  loss_bbox: 22.6351  loss_dfl: 17.5981
2025/06/30 16:06:49 - mmengine - INFO - Epoch(train)   [2][100/400]  base_lr: 1.0000e-02 lr: 4.1377e-03  eta: 2 days, 22:44:26  time: 3.3363  data_time: 0.0080  memory: 10908  grad_norm: 85.2144  loss: 55.4548  loss_cls: 17.6241  loss_bbox: 21.2166  loss_dfl: 16.6141
2025/06/30 16:09:36 - mmengine - INFO - Epoch(train)   [2][150/400]  base_lr: 1.0000e-02 lr: 4.5524e-03  eta: 2 days, 22:57:50  time: 3.3368  data_time: 0.0087  memory: 10972  grad_norm: 74.0974  loss: 50.9571  loss_cls: 16.1312  loss_bbox: 19.5378  loss_dfl: 15.2881
2025/06/30 16:12:23 - mmengine - INFO - Epoch(train)   [2][200/400]  base_lr: 1.0000e-02 lr: 4.9670e-03  eta: 2 days, 23:08:46  time: 3.3390  data_time: 0.0085  memory: 11196  grad_norm: 68.4463  loss: 46.5404  loss_cls: 14.5824  loss_bbox: 17.8946  loss_dfl: 14.0634
2025/06/30 16:15:10 - mmengine - INFO - Epoch(train)   [2][250/400]  base_lr: 1.0000e-02 lr: 5.3816e-03  eta: 2 days, 23:17:59  time: 3.3427  data_time: 0.0087  memory: 10945  grad_norm: 63.1317  loss: 44.6643  loss_cls: 14.0053  loss_bbox: 17.0100  loss_dfl: 13.6489
2025/06/30 16:17:57 - mmengine - INFO - Epoch(train)   [2][300/400]  base_lr: 1.0000e-02 lr: 5.7962e-03  eta: 2 days, 23:24:58  time: 3.3373  data_time: 0.0077  memory: 11030  grad_norm: 64.7556  loss: 43.7840  loss_cls: 13.8878  loss_bbox: 16.6455  loss_dfl: 13.2508
2025/06/30 16:19:46 - mmengine - INFO - Epoch(train)   [2][350/400]  base_lr: 1.0000e-02 lr: 6.2108e-03  eta: 2 days, 21:47:38  time: 2.1673  data_time: 0.0070  memory: 10833  grad_norm: 56.6432  loss: 40.3587  loss_cls: 12.7159  loss_bbox: 15.2165  loss_dfl: 12.4263
2025/06/30 16:22:15 - mmengine - INFO - Exp name: yolov8_mambatransformer_enhance_20250630_153731
2025/06/30 16:22:15 - mmengine - INFO - Epoch(train)   [2][400/400]  base_lr: 1.0000e-02 lr: 6.6254e-03  eta: 2 days, 21:29:59  time: 2.9885  data_time: 0.0066  memory: 10993  grad_norm: 54.2160  loss: 39.2390  loss_cls: 12.1017  loss_bbox: 14.8825  loss_dfl: 12.2548
2025/06/30 16:22:15 - mmengine - INFO - Saving checkpoint at 2 epochs
2025/06/30 16:22:23 - mmengine - INFO - Epoch(val)   [2][ 50/800]    eta: 0:01:13  time: 0.0974  data_time: 0.0011  memory: 998  
2025/06/30 16:22:29 - mmengine - INFO - Epoch(val)   [2][100/800]    eta: 0:01:16  time: 0.1199  data_time: 0.0005  memory: 998  
2025/06/30 16:22:35 - mmengine - INFO - Epoch(val)   [2][150/800]    eta: 0:01:10  time: 0.1085  data_time: 0.0004  memory: 998  
2025/06/30 16:22:40 - mmengine - INFO - Epoch(val)   [2][200/800]    eta: 0:01:04  time: 0.1075  data_time: 0.0004  memory: 998  
2025/06/30 16:22:46 - mmengine - INFO - Epoch(val)   [2][250/800]    eta: 0:01:00  time: 0.1133  data_time: 0.0007  memory: 998  
2025/06/30 16:22:52 - mmengine - INFO - Epoch(val)   [2][300/800]    eta: 0:00:56  time: 0.1320  data_time: 0.0027  memory: 998  
2025/06/30 16:22:59 - mmengine - INFO - Epoch(val)   [2][350/800]    eta: 0:00:51  time: 0.1271  data_time: 0.0047  memory: 998  
2025/06/30 16:23:05 - mmengine - INFO - Epoch(val)   [2][400/800]    eta: 0:00:46  time: 0.1277  data_time: 0.0035  memory: 998  
2025/06/30 16:23:11 - mmengine - INFO - Epoch(val)   [2][450/800]    eta: 0:00:41  time: 0.1257  data_time: 0.0007  memory: 998  
2025/06/30 16:23:18 - mmengine - INFO - Epoch(val)   [2][500/800]    eta: 0:00:35  time: 0.1271  data_time: 0.0012  memory: 998  
2025/06/30 16:23:24 - mmengine - INFO - Epoch(val)   [2][550/800]    eta: 0:00:29  time: 0.1328  data_time: 0.0023  memory: 998  
2025/06/30 16:23:31 - mmengine - INFO - Epoch(val)   [2][600/800]    eta: 0:00:24  time: 0.1299  data_time: 0.0024  memory: 998  
2025/06/30 16:23:37 - mmengine - INFO - Epoch(val)   [2][650/800]    eta: 0:00:18  time: 0.1315  data_time: 0.0042  memory: 998  
2025/06/30 16:23:44 - mmengine - INFO - Epoch(val)   [2][700/800]    eta: 0:00:12  time: 0.1272  data_time: 0.0034  memory: 998  
2025/06/30 16:23:50 - mmengine - INFO - Epoch(val)   [2][750/800]    eta: 0:00:06  time: 0.1244  data_time: 0.0042  memory: 998  
2025/06/30 16:23:56 - mmengine - INFO - Epoch(val)   [2][800/800]    eta: 0:00:00  time: 0.1235  data_time: 0.0006  memory: 998  
2025/06/30 16:24:01 - mmengine - INFO - Evaluating bbox...
2025/06/30 16:24:27 - mmengine - INFO - 
+-------------+-------+--------+--------+-------+-------+-------+
| category    | mAP   | mAP_50 | mAP_75 | mAP_s | mAP_m | mAP_l |
+-------------+-------+--------+--------+-------+-------+-------+
| car         | 0.458 | 0.831  | 0.461  | 0.205 | 0.499 | 0.0   |
| truck       | 0.005 | 0.012  | 0.003  | 0.0   | 0.007 | 0.001 |
| bus         | 0.053 | 0.184  | 0.011  | 0.0   | 0.066 | 0.049 |
| van         | 0.007 | 0.014  | 0.007  | 0.008 | 0.008 | 0.003 |
| freight_car | 0.009 | 0.019  | 0.008  | 0.001 | 0.012 | 0.001 |
+-------------+-------+--------+--------+-------+-------+-------+
2025/06/30 16:24:27 - mmengine - INFO - bbox_mAP_copypaste: 0.106 0.212 0.098 0.043 0.118 0.011
2025/06/30 16:24:27 - mmengine - INFO - Epoch(val) [2][800/800]    coco/car_precision: 0.4580  coco/truck_precision: 0.0050  coco/bus_precision: 0.0530  coco/van_precision: 0.0070  coco/freight_car_precision: 0.0090  coco/bbox_mAP: 0.1060  coco/bbox_mAP_50: 0.2120  coco/bbox_mAP_75: 0.0980  coco/bbox_mAP_s: 0.0430  coco/bbox_mAP_m: 0.1180  coco/bbox_mAP_l: 0.0110  data_time: 0.0021  time: 0.1222
2025/06/30 16:24:27 - mmengine - INFO - The previous best checkpoint /data/nl/Mamba2Spectral/work_dirs/DroneVehicle/2025_06_30/yolov8_mambatransformer_enhance/best_coco_bbox_mAP_50_epoch_1.pth is removed
2025/06/30 16:24:30 - mmengine - INFO - The best checkpoint with 0.2120 coco/bbox_mAP_50 at 2 epoch is saved to best_coco_bbox_mAP_50_epoch_2.pth.
2025/06/30 16:27:23 - mmengine - INFO - Epoch(train)   [3][ 50/400]  base_lr: 1.0000e-02 lr: 7.0050e-03  eta: 2 days, 21:42:35  time: 3.3555  data_time: 0.0287  memory: 10769  grad_norm: 48.5314  loss: 37.9045  loss_cls: 11.8690  loss_bbox: 14.3718  loss_dfl: 11.6637
2025/06/30 16:30:10 - mmengine - INFO - Epoch(train)   [3][100/400]  base_lr: 1.0000e-02 lr: 7.4175e-03  eta: 2 days, 21:51:59  time: 3.3349  data_time: 0.0074  memory: 10828  grad_norm: 46.4628  loss: 37.7232  loss_cls: 11.8823  loss_bbox: 14.1305  loss_dfl: 11.7104
2025/06/30 16:32:56 - mmengine - INFO - Epoch(train)   [3][150/400]  base_lr: 1.0000e-02 lr: 7.8300e-03  eta: 2 days, 21:59:41  time: 3.3291  data_time: 0.0063  memory: 10668  grad_norm: 41.8212  loss: 35.4364  loss_cls: 10.8944  loss_bbox: 13.4281  loss_dfl: 11.1138
2025/06/30 16:35:43 - mmengine - INFO - Exp name: yolov8_mambatransformer_enhance_20250630_153731
2025/06/30 16:35:43 - mmengine - INFO - Epoch(train)   [3][200/400]  base_lr: 1.0000e-02 lr: 8.2426e-03  eta: 2 days, 22:06:31  time: 3.3318  data_time: 0.0069  memory: 10742  grad_norm: 39.9057  loss: 35.7691  loss_cls: 11.2523  loss_bbox: 13.4405  loss_dfl: 11.0763
2025/06/30 16:38:29 - mmengine - INFO - Epoch(train)   [3][250/400]  base_lr: 1.0000e-02 lr: 8.6551e-03  eta: 2 days, 22:12:04  time: 3.3259  data_time: 0.0064  memory: 10748  grad_norm: 37.2652  loss: 35.2247  loss_cls: 10.8679  loss_bbox: 13.2273  loss_dfl: 11.1294
2025/06/30 16:41:16 - mmengine - INFO - Epoch(train)   [3][300/400]  base_lr: 1.0000e-02 lr: 9.0677e-03  eta: 2 days, 22:17:11  time: 3.3313  data_time: 0.0062  memory: 10902  grad_norm: 33.8430  loss: 34.6011  loss_cls: 10.5494  loss_bbox: 13.1344  loss_dfl: 10.9174
2025/06/30 16:42:57 - mmengine - INFO - Epoch(train)   [3][350/400]  base_lr: 1.0000e-02 lr: 9.4802e-03  eta: 2 days, 21:07:03  time: 2.0264  data_time: 0.0068  memory: 10892  grad_norm: 31.6133  loss: 35.0364  loss_cls: 10.8399  loss_bbox: 13.1726  loss_dfl: 11.0239
2025/06/30 16:45:28 - mmengine - INFO - Exp name: yolov8_mambatransformer_enhance_20250630_153731
2025/06/30 16:45:28 - mmengine - INFO - Epoch(train)   [3][400/400]  base_lr: 1.0000e-02 lr: 9.8927e-03  eta: 2 days, 20:57:01  time: 3.0204  data_time: 0.0063  memory: 11036  grad_norm: 28.6094  loss: 34.5085  loss_cls: 10.5898  loss_bbox: 12.9702  loss_dfl: 10.9485
2025/06/30 16:45:28 - mmengine - INFO - Saving checkpoint at 3 epochs
2025/06/30 16:45:37 - mmengine - INFO - Epoch(val)   [3][ 50/800]    eta: 0:01:20  time: 0.1072  data_time: 0.0010  memory: 998  
2025/06/30 16:45:42 - mmengine - INFO - Epoch(val)   [3][100/800]    eta: 0:01:18  time: 0.1181  data_time: 0.0004  memory: 998  
2025/06/30 16:45:48 - mmengine - INFO - Epoch(val)   [3][150/800]    eta: 0:01:14  time: 0.1163  data_time: 0.0004  memory: 998  
2025/06/30 16:45:53 - mmengine - INFO - Epoch(val)   [3][200/800]    eta: 0:01:06  time: 0.1022  data_time: 0.0004  memory: 998  
2025/06/30 16:45:59 - mmengine - INFO - Epoch(val)   [3][250/800]    eta: 0:01:00  time: 0.1034  data_time: 0.0004  memory: 998  
2025/06/30 16:46:04 - mmengine - INFO - Epoch(val)   [3][300/800]    eta: 0:00:55  time: 0.1149  data_time: 0.0009  memory: 998  
2025/06/30 16:46:11 - mmengine - INFO - Epoch(val)   [3][350/800]    eta: 0:00:50  time: 0.1282  data_time: 0.0030  memory: 998  
2025/06/30 16:46:17 - mmengine - INFO - Epoch(val)   [3][400/800]    eta: 0:00:46  time: 0.1331  data_time: 0.0023  memory: 998  
2025/06/30 16:46:23 - mmengine - INFO - Epoch(val)   [3][450/800]    eta: 0:00:40  time: 0.1229  data_time: 0.0041  memory: 998  
2025/06/30 16:46:30 - mmengine - INFO - Epoch(val)   [3][500/800]    eta: 0:00:35  time: 0.1263  data_time: 0.0040  memory: 998  
2025/06/30 16:46:37 - mmengine - INFO - Epoch(val)   [3][550/800]    eta: 0:00:29  time: 0.1348  data_time: 0.0072  memory: 998  
2025/06/30 16:46:43 - mmengine - INFO - Epoch(val)   [3][600/800]    eta: 0:00:23  time: 0.1282  data_time: 0.0015  memory: 998  
2025/06/30 16:46:49 - mmengine - INFO - Epoch(val)   [3][650/800]    eta: 0:00:18  time: 0.1297  data_time: 0.0011  memory: 998  
2025/06/30 16:46:56 - mmengine - INFO - Epoch(val)   [3][700/800]    eta: 0:00:12  time: 0.1318  data_time: 0.0018  memory: 998  
2025/06/30 16:47:03 - mmengine - INFO - Epoch(val)   [3][750/800]    eta: 0:00:06  time: 0.1364  data_time: 0.0036  memory: 998  
2025/06/30 16:47:10 - mmengine - INFO - Epoch(val)   [3][800/800]    eta: 0:00:00  time: 0.1325  data_time: 0.0028  memory: 998  
2025/06/30 16:47:13 - mmengine - INFO - Evaluating bbox...
2025/06/30 16:47:42 - mmengine - INFO - 
+-------------+-------+--------+--------+-------+-------+-------+
| category    | mAP   | mAP_50 | mAP_75 | mAP_s | mAP_m | mAP_l |
+-------------+-------+--------+--------+-------+-------+-------+
| car         | 0.506 | 0.862  | 0.555  | 0.273 | 0.556 | 0.0   |
| truck       | 0.021 | 0.044  | 0.02   | 0.0   | 0.027 | 0.005 |
| bus         | 0.081 | 0.198  | 0.048  | 0.0   | 0.066 | 0.189 |
| van         | 0.013 | 0.023  | 0.013  | 0.001 | 0.015 | 0.011 |
| freight_car | 0.048 | 0.093  | 0.04   | 0.0   | 0.061 | 0.005 |
+-------------+-------+--------+--------+-------+-------+-------+
2025/06/30 16:47:42 - mmengine - INFO - bbox_mAP_copypaste: 0.134 0.244 0.135 0.055 0.145 0.042
2025/06/30 16:47:42 - mmengine - INFO - Epoch(val) [3][800/800]    coco/car_precision: 0.5060  coco/truck_precision: 0.0210  coco/bus_precision: 0.0810  coco/van_precision: 0.0130  coco/freight_car_precision: 0.0480  coco/bbox_mAP: 0.1340  coco/bbox_mAP_50: 0.2440  coco/bbox_mAP_75: 0.1350  coco/bbox_mAP_s: 0.0550  coco/bbox_mAP_m: 0.1450  coco/bbox_mAP_l: 0.0420  data_time: 0.0022  time: 0.1229
2025/06/30 16:47:42 - mmengine - INFO - The previous best checkpoint /data/nl/Mamba2Spectral/work_dirs/DroneVehicle/2025_06_30/yolov8_mambatransformer_enhance/best_coco_bbox_mAP_50_epoch_2.pth is removed
2025/06/30 16:47:44 - mmengine - INFO - The best checkpoint with 0.2440 coco/bbox_mAP_50 at 3 epoch is saved to best_coco_bbox_mAP_50_epoch_3.pth.
2025/06/30 16:50:37 - mmengine - INFO - Epoch(train)   [4][ 50/400]  base_lr: 1.0000e-02 lr: 9.8515e-03  eta: 2 days, 21:05:18  time: 3.3577  data_time: 0.0280  memory: 11185  grad_norm: 25.7712  loss: 32.7943  loss_cls: 9.8041  loss_bbox: 12.4751  loss_dfl: 10.5151
2025/06/30 16:53:24 - mmengine - INFO - Epoch(train)   [4][100/400]  base_lr: 1.0000e-02 lr: 9.8515e-03  eta: 2 days, 21:11:33  time: 3.3344  data_time: 0.0070  memory: 10892  grad_norm: 23.9477  loss: 32.4546  loss_cls: 9.6050  loss_bbox: 12.3293  loss_dfl: 10.5203
2025/06/30 16:56:10 - mmengine - INFO - Epoch(train)   [4][150/400]  base_lr: 1.0000e-02 lr: 9.8515e-03  eta: 2 days, 21:17:00  time: 3.3319  data_time: 0.0062  memory: 10737  grad_norm: 23.5052  loss: 33.0095  loss_cls: 9.8034  loss_bbox: 12.5744  loss_dfl: 10.6317
2025/06/30 16:58:57 - mmengine - INFO - Epoch(train)   [4][200/400]  base_lr: 1.0000e-02 lr: 9.8515e-03  eta: 2 days, 21:21:47  time: 3.3300  data_time: 0.0064  memory: 10620  grad_norm: 21.8275  loss: 32.8404  loss_cls: 9.9817  loss_bbox: 12.3362  loss_dfl: 10.5225
2025/06/30 17:01:44 - mmengine - INFO - Epoch(train)   [4][250/400]  base_lr: 1.0000e-02 lr: 9.8515e-03  eta: 2 days, 21:26:22  time: 3.3371  data_time: 0.0067  memory: 10822  grad_norm: 21.5894  loss: 32.6328  loss_cls: 9.9585  loss_bbox: 12.2853  loss_dfl: 10.3889
2025/06/30 17:04:31 - mmengine - INFO - Epoch(train)   [4][300/400]  base_lr: 1.0000e-02 lr: 9.8515e-03  eta: 2 days, 21:30:28  time: 3.3373  data_time: 0.0068  memory: 10758  grad_norm: 18.8500  loss: 31.6855  loss_cls: 9.4126  loss_bbox: 12.0450  loss_dfl: 10.2278
2025/06/30 17:06:09 - mmengine - INFO - Epoch(train)   [4][350/400]  base_lr: 1.0000e-02 lr: 9.8515e-03  eta: 2 days, 20:36:15  time: 1.9652  data_time: 0.0069  memory: 10849  grad_norm: 18.9660  loss: 30.9567  loss_cls: 9.1400  loss_bbox: 11.8478  loss_dfl: 9.9689
2025/06/30 17:08:47 - mmengine - INFO - Exp name: yolov8_mambatransformer_enhance_20250630_153731
2025/06/30 17:08:47 - mmengine - INFO - Epoch(train)   [4][400/400]  base_lr: 1.0000e-02 lr: 9.8515e-03  eta: 2 days, 20:33:41  time: 3.1496  data_time: 0.0063  memory: 10790  grad_norm: 18.2750  loss: 31.0271  loss_cls: 9.1454  loss_bbox: 11.7771  loss_dfl: 10.1046
2025/06/30 17:08:47 - mmengine - INFO - Saving checkpoint at 4 epochs
2025/06/30 17:08:55 - mmengine - INFO - Epoch(val)   [4][ 50/800]    eta: 0:01:23  time: 0.1118  data_time: 0.0009  memory: 998  
2025/06/30 17:09:01 - mmengine - INFO - Epoch(val)   [4][100/800]    eta: 0:01:15  time: 0.1031  data_time: 0.0004  memory: 998  
2025/06/30 17:09:06 - mmengine - INFO - Epoch(val)   [4][150/800]    eta: 0:01:09  time: 0.1063  data_time: 0.0004  memory: 998  
2025/06/30 17:09:11 - mmengine - INFO - Epoch(val)   [4][200/800]    eta: 0:01:02  time: 0.0947  data_time: 0.0004  memory: 998  
2025/06/30 17:09:16 - mmengine - INFO - Epoch(val)   [4][250/800]    eta: 0:00:58  time: 0.1135  data_time: 0.0004  memory: 998  
2025/06/30 17:09:22 - mmengine - INFO - Epoch(val)   [4][300/800]    eta: 0:00:53  time: 0.1097  data_time: 0.0005  memory: 998  
2025/06/30 17:09:28 - mmengine - INFO - Epoch(val)   [4][350/800]    eta: 0:00:49  time: 0.1330  data_time: 0.0007  memory: 998  
2025/06/30 17:09:35 - mmengine - INFO - Epoch(val)   [4][400/800]    eta: 0:00:45  time: 0.1327  data_time: 0.0022  memory: 998  
2025/06/30 17:09:41 - mmengine - INFO - Epoch(val)   [4][450/800]    eta: 0:00:40  time: 0.1276  data_time: 0.0099  memory: 998  
2025/06/30 17:09:48 - mmengine - INFO - Epoch(val)   [4][500/800]    eta: 0:00:35  time: 0.1361  data_time: 0.0030  memory: 998  
2025/06/30 17:09:55 - mmengine - INFO - Epoch(val)   [4][550/800]    eta: 0:00:29  time: 0.1337  data_time: 0.0036  memory: 998  
2025/06/30 17:10:02 - mmengine - INFO - Epoch(val)   [4][600/800]    eta: 0:00:23  time: 0.1315  data_time: 0.0068  memory: 998  
2025/06/30 17:10:08 - mmengine - INFO - Epoch(val)   [4][650/800]    eta: 0:00:18  time: 0.1334  data_time: 0.0076  memory: 998  
2025/06/30 17:10:15 - mmengine - INFO - Epoch(val)   [4][700/800]    eta: 0:00:12  time: 0.1308  data_time: 0.0025  memory: 998  
2025/06/30 17:10:21 - mmengine - INFO - Epoch(val)   [4][750/800]    eta: 0:00:06  time: 0.1299  data_time: 0.0038  memory: 998  
2025/06/30 17:10:28 - mmengine - INFO - Epoch(val)   [4][800/800]    eta: 0:00:00  time: 0.1277  data_time: 0.0012  memory: 998  
2025/06/30 17:10:32 - mmengine - INFO - Evaluating bbox...
2025/06/30 17:10:58 - mmengine - INFO - 
+-------------+-------+--------+--------+-------+-------+-------+
| category    | mAP   | mAP_50 | mAP_75 | mAP_s | mAP_m | mAP_l |
+-------------+-------+--------+--------+-------+-------+-------+
| car         | 0.522 | 0.869  | 0.588  | 0.302 | 0.572 | 0.0   |
| truck       | 0.027 | 0.055  | 0.024  | 0.0   | 0.037 | 0.013 |
| bus         | 0.16  | 0.329  | 0.136  | 0.0   | 0.177 | 0.171 |
| van         | 0.033 | 0.052  | 0.036  | 0.011 | 0.038 | 0.01  |
| freight_car | 0.061 | 0.103  | 0.071  | 0.004 | 0.093 | 0.004 |
+-------------+-------+--------+--------+-------+-------+-------+
2025/06/30 17:10:58 - mmengine - INFO - bbox_mAP_copypaste: 0.161 0.282 0.171 0.063 0.183 0.040
2025/06/30 17:10:58 - mmengine - INFO - Epoch(val) [4][800/800]    coco/car_precision: 0.5220  coco/truck_precision: 0.0270  coco/bus_precision: 0.1600  coco/van_precision: 0.0330  coco/freight_car_precision: 0.0610  coco/bbox_mAP: 0.1610  coco/bbox_mAP_50: 0.2820  coco/bbox_mAP_75: 0.1710  coco/bbox_mAP_s: 0.0630  coco/bbox_mAP_m: 0.1830  coco/bbox_mAP_l: 0.0400  data_time: 0.0028  time: 0.1223
2025/06/30 17:10:58 - mmengine - INFO - The previous best checkpoint /data/nl/Mamba2Spectral/work_dirs/DroneVehicle/2025_06_30/yolov8_mambatransformer_enhance/best_coco_bbox_mAP_50_epoch_3.pth is removed
2025/06/30 17:11:00 - mmengine - INFO - The best checkpoint with 0.2820 coco/bbox_mAP_50 at 4 epoch is saved to best_coco_bbox_mAP_50_epoch_4.pth.
2025/06/30 17:13:53 - mmengine - INFO - Epoch(train)   [5][ 50/400]  base_lr: 1.0000e-02 lr: 9.8515e-03  eta: 2 days, 20:39:12  time: 3.3539  data_time: 0.0313  memory: 10897  grad_norm: 16.9962  loss: 30.5092  loss_cls: 8.9566  loss_bbox: 11.5776  loss_dfl: 9.9750
2025/06/30 17:16:40 - mmengine - INFO - Epoch(train)   [5][100/400]  base_lr: 1.0000e-02 lr: 9.8515e-03  eta: 2 days, 20:43:18  time: 3.3298  data_time: 0.0062  memory: 11286  grad_norm: 16.5078  loss: 30.2319  loss_cls: 8.7981  loss_bbox: 11.4439  loss_dfl: 9.9898
2025/06/30 17:19:26 - mmengine - INFO - Epoch(train)   [5][150/400]  base_lr: 1.0000e-02 lr: 9.8515e-03  eta: 2 days, 20:46:58  time: 3.3283  data_time: 0.0060  memory: 10668  grad_norm: 16.0275  loss: 29.9115  loss_cls: 8.7066  loss_bbox: 11.3415  loss_dfl: 9.8634
2025/06/30 17:22:13 - mmengine - INFO - Epoch(train)   [5][200/400]  base_lr: 1.0000e-02 lr: 9.8515e-03  eta: 2 days, 20:50:22  time: 3.3312  data_time: 0.0064  memory: 10721  grad_norm: 16.7171  loss: 30.8684  loss_cls: 8.9176  loss_bbox: 11.8806  loss_dfl: 10.0702
2025/06/30 17:25:00 - mmengine - INFO - Epoch(train)   [5][250/400]  base_lr: 1.0000e-02 lr: 9.8515e-03  eta: 2 days, 20:53:42  time: 3.3391  data_time: 0.0065  memory: 10982  grad_norm: 16.3232  loss: 30.5646  loss_cls: 8.9551  loss_bbox: 11.5766  loss_dfl: 10.0329
2025/06/30 17:27:45 - mmengine - INFO - Epoch(train)   [5][300/400]  base_lr: 1.0000e-02 lr: 9.8515e-03  eta: 2 days, 20:55:52  time: 3.3143  data_time: 0.0063  memory: 10732  grad_norm: 14.7046  loss: 29.3631  loss_cls: 8.3126  loss_bbox: 11.1979  loss_dfl: 9.8527
2025/06/30 17:29:21 - mmengine - INFO - Epoch(train)   [5][350/400]  base_lr: 1.0000e-02 lr: 9.8515e-03  eta: 2 days, 20:11:01  time: 1.9121  data_time: 0.0071  memory: 11319  grad_norm: 13.9362  loss: 29.0543  loss_cls: 8.2255  loss_bbox: 11.0899  loss_dfl: 9.7388
2025/06/30 17:32:02 - mmengine - INFO - Exp name: yolov8_mambatransformer_enhance_20250630_153731
2025/06/30 17:32:02 - mmengine - INFO - Epoch(train)   [5][400/400]  base_lr: 1.0000e-02 lr: 9.8515e-03  eta: 2 days, 20:10:50  time: 3.2197  data_time: 0.0061  memory: 10737  grad_norm: 14.2559  loss: 29.0156  loss_cls: 8.0935  loss_bbox: 11.1538  loss_dfl: 9.7682
2025/06/30 17:32:02 - mmengine - INFO - Saving checkpoint at 5 epochs
2025/06/30 17:32:11 - mmengine - INFO - Epoch(val)   [5][ 50/800]    eta: 0:01:22  time: 0.1099  data_time: 0.0010  memory: 998  
2025/06/30 17:32:16 - mmengine - INFO - Epoch(val)   [5][100/800]    eta: 0:01:16  time: 0.1096  data_time: 0.0004  memory: 998  
2025/06/30 17:32:22 - mmengine - INFO - Epoch(val)   [5][150/800]    eta: 0:01:11  time: 0.1094  data_time: 0.0004  memory: 998  
2025/06/30 17:32:27 - mmengine - INFO - Epoch(val)   [5][200/800]    eta: 0:01:05  time: 0.1099  data_time: 0.0004  memory: 998  
2025/06/30 17:32:33 - mmengine - INFO - Epoch(val)   [5][250/800]    eta: 0:01:00  time: 0.1107  data_time: 0.0004  memory: 998  
2025/06/30 17:32:38 - mmengine - INFO - Epoch(val)   [5][300/800]    eta: 0:00:54  time: 0.1098  data_time: 0.0004  memory: 998  
2025/06/30 17:32:44 - mmengine - INFO - Epoch(val)   [5][350/800]    eta: 0:00:50  time: 0.1254  data_time: 0.0063  memory: 998  
2025/06/30 17:32:51 - mmengine - INFO - Epoch(val)   [5][400/800]    eta: 0:00:45  time: 0.1241  data_time: 0.0013  memory: 998  
2025/06/30 17:32:57 - mmengine - INFO - Epoch(val)   [5][450/800]    eta: 0:00:40  time: 0.1251  data_time: 0.0028  memory: 998  
2025/06/30 17:33:03 - mmengine - INFO - Epoch(val)   [5][500/800]    eta: 0:00:34  time: 0.1294  data_time: 0.0035  memory: 998  
2025/06/30 17:33:10 - mmengine - INFO - Epoch(val)   [5][550/800]    eta: 0:00:29  time: 0.1248  data_time: 0.0018  memory: 998  
2025/06/30 17:33:16 - mmengine - INFO - Epoch(val)   [5][600/800]    eta: 0:00:23  time: 0.1290  data_time: 0.0042  memory: 998  
2025/06/30 17:33:22 - mmengine - INFO - Epoch(val)   [5][650/800]    eta: 0:00:17  time: 0.1276  data_time: 0.0012  memory: 998  
2025/06/30 17:33:29 - mmengine - INFO - Epoch(val)   [5][700/800]    eta: 0:00:11  time: 0.1343  data_time: 0.0052  memory: 998  
2025/06/30 17:33:36 - mmengine - INFO - Epoch(val)   [5][750/800]    eta: 0:00:06  time: 0.1276  data_time: 0.0010  memory: 998  
2025/06/30 17:33:42 - mmengine - INFO - Epoch(val)   [5][800/800]    eta: 0:00:00  time: 0.1255  data_time: 0.0045  memory: 998  
2025/06/30 17:33:46 - mmengine - INFO - Evaluating bbox...
2025/06/30 17:34:10 - mmengine - INFO - 
+-------------+-------+--------+--------+-------+-------+-------+
| category    | mAP   | mAP_50 | mAP_75 | mAP_s | mAP_m | mAP_l |
+-------------+-------+--------+--------+-------+-------+-------+
| car         | 0.606 | 0.926  | 0.723  | 0.381 | 0.64  | 0.0   |
| truck       | 0.033 | 0.07   | 0.028  | 0.001 | 0.041 | 0.036 |
| bus         | 0.183 | 0.334  | 0.171  | 0.0   | 0.164 | 0.289 |
| van         | 0.044 | 0.072  | 0.05   | 0.02  | 0.051 | 0.016 |
| freight_car | 0.067 | 0.118  | 0.068  | 0.004 | 0.098 | 0.012 |
+-------------+-------+--------+--------+-------+-------+-------+
2025/06/30 17:34:10 - mmengine - INFO - bbox_mAP_copypaste: 0.187 0.304 0.208 0.081 0.199 0.071
2025/06/30 17:34:11 - mmengine - INFO - Epoch(val) [5][800/800]    coco/car_precision: 0.6060  coco/truck_precision: 0.0330  coco/bus_precision: 0.1830  coco/van_precision: 0.0440  coco/freight_car_precision: 0.0670  coco/bbox_mAP: 0.1870  coco/bbox_mAP_50: 0.3040  coco/bbox_mAP_75: 0.2080  coco/bbox_mAP_s: 0.0810  coco/bbox_mAP_m: 0.1990  coco/bbox_mAP_l: 0.0710  data_time: 0.0022  time: 0.1208
2025/06/30 17:34:11 - mmengine - INFO - The previous best checkpoint /data/nl/Mamba2Spectral/work_dirs/DroneVehicle/2025_06_30/yolov8_mambatransformer_enhance/best_coco_bbox_mAP_50_epoch_4.pth is removed
2025/06/30 17:34:13 - mmengine - INFO - The best checkpoint with 0.3040 coco/bbox_mAP_50 at 5 epoch is saved to best_coco_bbox_mAP_50_epoch_5.pth.
2025/06/30 17:37:06 - mmengine - INFO - Epoch(train)   [6][ 50/400]  base_lr: 1.0000e-02 lr: 9.8020e-03  eta: 2 days, 20:14:48  time: 3.3545  data_time: 0.0302  memory: 11116  grad_norm: 14.2626  loss: 29.1165  loss_cls: 8.2589  loss_bbox: 11.0383  loss_dfl: 9.8193
2025/06/30 17:39:52 - mmengine - INFO - Epoch(train)   [6][100/400]  base_lr: 1.0000e-02 lr: 9.8020e-03  eta: 2 days, 20:17:40  time: 3.3297  data_time: 0.0064  memory: 10748  grad_norm: 14.4739  loss: 28.8867  loss_cls: 8.1412  loss_bbox: 10.9828  loss_dfl: 9.7627
2025/06/30 17:42:39 - mmengine - INFO - Epoch(train)   [6][150/400]  base_lr: 1.0000e-02 lr: 9.8020e-03  eta: 2 days, 20:20:22  time: 3.3327  data_time: 0.0063  memory: 10950  grad_norm: 14.1665  loss: 29.1657  loss_cls: 8.3197  loss_bbox: 11.2019  loss_dfl: 9.6441
2025/06/30 17:45:25 - mmengine - INFO - Epoch(train)   [6][200/400]  base_lr: 1.0000e-02 lr: 9.8020e-03  eta: 2 days, 20:22:54  time: 3.3355  data_time: 0.0064  memory: 11025  grad_norm: 13.3746  loss: 28.4973  loss_cls: 7.9154  loss_bbox: 11.0155  loss_dfl: 9.5665
2025/06/30 17:48:12 - mmengine - INFO - Epoch(train)   [6][250/400]  base_lr: 1.0000e-02 lr: 9.8020e-03  eta: 2 days, 20:25:08  time: 3.3336  data_time: 0.0066  memory: 10758  grad_norm: 12.8573  loss: 28.6846  loss_cls: 7.9659  loss_bbox: 11.0310  loss_dfl: 9.6877
2025/06/30 17:50:56 - mmengine - INFO - Epoch(train)   [6][300/400]  base_lr: 1.0000e-02 lr: 9.8020e-03  eta: 2 days, 20:25:36  time: 3.2784  data_time: 0.0063  memory: 10721  grad_norm: 12.9277  loss: 27.9875  loss_cls: 7.8701  loss_bbox: 10.7005  loss_dfl: 9.4169
2025/06/30 17:52:32 - mmengine - INFO - Epoch(train)   [6][350/400]  base_lr: 1.0000e-02 lr: 9.8020e-03  eta: 2 days, 19:48:24  time: 1.9149  data_time: 0.0068  memory: 10774  grad_norm: 12.3797  loss: 28.4088  loss_cls: 7.8463  loss_bbox: 10.8664  loss_dfl: 9.6960
2025/06/30 17:55:17 - mmengine - INFO - Exp name: yolov8_mambatransformer_enhance_20250630_153731
2025/06/30 17:55:17 - mmengine - INFO - Epoch(train)   [6][400/400]  base_lr: 1.0000e-02 lr: 9.8020e-03  eta: 2 days, 19:50:04  time: 3.3033  data_time: 0.0065  memory: 10710  grad_norm: 12.3570  loss: 28.2619  loss_cls: 7.9618  loss_bbox: 10.7771  loss_dfl: 9.5231
2025/06/30 17:55:17 - mmengine - INFO - Saving checkpoint at 6 epochs
2025/06/30 17:55:26 - mmengine - INFO - Epoch(val)   [6][ 50/800]    eta: 0:01:21  time: 0.1082  data_time: 0.0010  memory: 998  
2025/06/30 17:55:30 - mmengine - INFO - Epoch(val)   [6][100/800]    eta: 0:01:10  time: 0.0934  data_time: 0.0004  memory: 998  
2025/06/30 17:55:35 - mmengine - INFO - Epoch(val)   [6][150/800]    eta: 0:01:03  time: 0.0926  data_time: 0.0004  memory: 998  
2025/06/30 17:55:40 - mmengine - INFO - Epoch(val)   [6][200/800]    eta: 0:00:59  time: 0.1048  data_time: 0.0004  memory: 998  
2025/06/30 17:55:46 - mmengine - INFO - Epoch(val)   [6][250/800]    eta: 0:00:56  time: 0.1104  data_time: 0.0004  memory: 998  
2025/06/30 17:55:51 - mmengine - INFO - Epoch(val)   [6][300/800]    eta: 0:00:51  time: 0.1099  data_time: 0.0004  memory: 998  
2025/06/30 17:55:57 - mmengine - INFO - Epoch(val)   [6][350/800]    eta: 0:00:46  time: 0.1104  data_time: 0.0004  memory: 998  
2025/06/30 17:56:02 - mmengine - INFO - Epoch(val)   [6][400/800]    eta: 0:00:41  time: 0.1094  data_time: 0.0004  memory: 998  
2025/06/30 17:56:08 - mmengine - INFO - Epoch(val)   [6][450/800]    eta: 0:00:36  time: 0.1102  data_time: 0.0004  memory: 998  
2025/06/30 17:56:14 - mmengine - INFO - Epoch(val)   [6][500/800]    eta: 0:00:31  time: 0.1162  data_time: 0.0038  memory: 998  
2025/06/30 17:56:20 - mmengine - INFO - Epoch(val)   [6][550/800]    eta: 0:00:27  time: 0.1280  data_time: 0.0065  memory: 998  
2025/06/30 17:56:26 - mmengine - INFO - Epoch(val)   [6][600/800]    eta: 0:00:21  time: 0.1257  data_time: 0.0034  memory: 998  
2025/06/30 17:56:33 - mmengine - INFO - Epoch(val)   [6][650/800]    eta: 0:00:16  time: 0.1292  data_time: 0.0006  memory: 998  
2025/06/30 17:56:40 - mmengine - INFO - Epoch(val)   [6][700/800]    eta: 0:00:11  time: 0.1365  data_time: 0.0010  memory: 998  
2025/06/30 17:56:46 - mmengine - INFO - Epoch(val)   [6][750/800]    eta: 0:00:05  time: 0.1280  data_time: 0.0022  memory: 998  
2025/06/30 17:56:52 - mmengine - INFO - Epoch(val)   [6][800/800]    eta: 0:00:00  time: 0.1232  data_time: 0.0017  memory: 998  
2025/06/30 17:56:56 - mmengine - INFO - Evaluating bbox...
2025/06/30 17:57:19 - mmengine - INFO - 
+-------------+-------+--------+--------+-------+-------+-------+
| category    | mAP   | mAP_50 | mAP_75 | mAP_s | mAP_m | mAP_l |
+-------------+-------+--------+--------+-------+-------+-------+
| car         | 0.615 | 0.932  | 0.741  | 0.39  | 0.653 | 0.0   |
| truck       | 0.073 | 0.131  | 0.07   | 0.001 | 0.092 | 0.035 |
| bus         | 0.319 | 0.52   | 0.386  | 0.0   | 0.272 | 0.424 |
| van         | 0.043 | 0.065  | 0.051  | 0.03  | 0.047 | 0.008 |
| freight_car | 0.095 | 0.163  | 0.105  | 0.002 | 0.122 | 0.025 |
+-------------+-------+--------+--------+-------+-------+-------+
2025/06/30 17:57:19 - mmengine - INFO - bbox_mAP_copypaste: 0.229 0.362 0.271 0.085 0.237 0.098
2025/06/30 17:57:19 - mmengine - INFO - Epoch(val) [6][800/800]    coco/car_precision: 0.6150  coco/truck_precision: 0.0730  coco/bus_precision: 0.3190  coco/van_precision: 0.0430  coco/freight_car_precision: 0.0950  coco/bbox_mAP: 0.2290  coco/bbox_mAP_50: 0.3620  coco/bbox_mAP_75: 0.2710  coco/bbox_mAP_s: 0.0850  coco/bbox_mAP_m: 0.2370  coco/bbox_mAP_l: 0.0980  data_time: 0.0015  time: 0.1148
2025/06/30 17:57:19 - mmengine - INFO - The previous best checkpoint /data/nl/Mamba2Spectral/work_dirs/DroneVehicle/2025_06_30/yolov8_mambatransformer_enhance/best_coco_bbox_mAP_50_epoch_5.pth is removed
2025/06/30 17:57:21 - mmengine - INFO - The best checkpoint with 0.3620 coco/bbox_mAP_50 at 6 epoch is saved to best_coco_bbox_mAP_50_epoch_6.pth.
2025/06/30 18:00:15 - mmengine - INFO - Epoch(train)   [7][ 50/400]  base_lr: 1.0000e-02 lr: 9.7525e-03  eta: 2 days, 19:53:28  time: 3.3753  data_time: 0.0448  memory: 11084  grad_norm: 12.5156  loss: 27.6647  loss_cls: 7.6684  loss_bbox: 10.5581  loss_dfl: 9.4382
2025/06/30 18:03:02 - mmengine - INFO - Epoch(train)   [7][100/400]  base_lr: 1.0000e-02 lr: 9.7525e-03  eta: 2 days, 19:55:28  time: 3.3307  data_time: 0.0061  memory: 10780  grad_norm: 11.9507  loss: 27.7868  loss_cls: 7.7423  loss_bbox: 10.5429  loss_dfl: 9.5017
2025/06/30 18:05:49 - mmengine - INFO - Epoch(train)   [7][150/400]  base_lr: 1.0000e-02 lr: 9.7525e-03  eta: 2 days, 19:57:22  time: 3.3338  data_time: 0.0060  memory: 10801  grad_norm: 12.1634  loss: 27.7920  loss_cls: 7.7627  loss_bbox: 10.5665  loss_dfl: 9.4627
2025/06/30 18:08:35 - mmengine - INFO - Epoch(train)   [7][200/400]  base_lr: 1.0000e-02 lr: 9.7525e-03  eta: 2 days, 19:59:10  time: 3.3374  data_time: 0.0066  memory: 10977  grad_norm: 12.3142  loss: 27.5723  loss_cls: 7.5792  loss_bbox: 10.5772  loss_dfl: 9.4158
2025/06/30 18:11:22 - mmengine - INFO - Epoch(train)   [7][250/400]  base_lr: 1.0000e-02 lr: 9.7525e-03  eta: 2 days, 20:00:42  time: 3.3338  data_time: 0.0064  memory: 10886  grad_norm: 10.9882  loss: 27.3926  loss_cls: 7.5028  loss_bbox: 10.5771  loss_dfl: 9.3127
2025/06/30 18:14:06 - mmengine - INFO - Epoch(train)   [7][300/400]  base_lr: 1.0000e-02 lr: 9.7525e-03  eta: 2 days, 20:00:57  time: 3.2861  data_time: 0.0061  memory: 10796  grad_norm: 12.3168  loss: 27.6219  loss_cls: 7.7099  loss_bbox: 10.5166  loss_dfl: 9.3954
2025/06/30 18:15:41 - mmengine - INFO - Epoch(train)   [7][350/400]  base_lr: 1.0000e-02 lr: 9.7525e-03  eta: 2 days, 19:28:34  time: 1.8968  data_time: 0.0069  memory: 10881  grad_norm: 12.2691  loss: 27.5940  loss_cls: 7.6813  loss_bbox: 10.5559  loss_dfl: 9.3568
2025/06/30 18:18:18 - mmengine - INFO - Exp name: yolov8_mambatransformer_enhance_20250630_153731
2025/06/30 18:18:18 - mmengine - INFO - Epoch(train)   [7][400/400]  base_lr: 1.0000e-02 lr: 9.7525e-03  eta: 2 days, 19:25:50  time: 3.1399  data_time: 0.0062  memory: 10737  grad_norm: 11.5721  loss: 27.4314  loss_cls: 7.7220  loss_bbox: 10.3015  loss_dfl: 9.4078
2025/06/30 18:18:18 - mmengine - INFO - Saving checkpoint at 7 epochs
2025/06/30 18:18:27 - mmengine - INFO - Epoch(val)   [7][ 50/800]    eta: 0:01:19  time: 0.1065  data_time: 0.0009  memory: 998  
2025/06/30 18:18:32 - mmengine - INFO - Epoch(val)   [7][100/800]    eta: 0:01:11  time: 0.0985  data_time: 0.0004  memory: 998  
2025/06/30 18:18:36 - mmengine - INFO - Epoch(val)   [7][150/800]    eta: 0:01:04  time: 0.0921  data_time: 0.0004  memory: 998  
2025/06/30 18:18:41 - mmengine - INFO - Epoch(val)   [7][200/800]    eta: 0:00:58  time: 0.0947  data_time: 0.0004  memory: 998  
2025/06/30 18:18:46 - mmengine - INFO - Epoch(val)   [7][250/800]    eta: 0:00:53  time: 0.0921  data_time: 0.0003  memory: 998  
2025/06/30 18:18:50 - mmengine - INFO - Epoch(val)   [7][300/800]    eta: 0:00:47  time: 0.0919  data_time: 0.0003  memory: 998  
2025/06/30 18:18:55 - mmengine - INFO - Epoch(val)   [7][350/800]    eta: 0:00:42  time: 0.0920  data_time: 0.0004  memory: 998  
2025/06/30 18:19:00 - mmengine - INFO - Epoch(val)   [7][400/800]    eta: 0:00:38  time: 0.0931  data_time: 0.0004  memory: 998  
2025/06/30 18:19:04 - mmengine - INFO - Epoch(val)   [7][450/800]    eta: 0:00:33  time: 0.0928  data_time: 0.0004  memory: 998  
2025/06/30 18:19:09 - mmengine - INFO - Epoch(val)   [7][500/800]    eta: 0:00:28  time: 0.0933  data_time: 0.0004  memory: 998  
2025/06/30 18:19:14 - mmengine - INFO - Epoch(val)   [7][550/800]    eta: 0:00:23  time: 0.0931  data_time: 0.0004  memory: 998  
2025/06/30 18:19:18 - mmengine - INFO - Epoch(val)   [7][600/800]    eta: 0:00:18  time: 0.0927  data_time: 0.0004  memory: 998  
2025/06/30 18:19:23 - mmengine - INFO - Epoch(val)   [7][650/800]    eta: 0:00:14  time: 0.0939  data_time: 0.0005  memory: 998  
2025/06/30 18:19:29 - mmengine - INFO - Epoch(val)   [7][700/800]    eta: 0:00:09  time: 0.1105  data_time: 0.0005  memory: 998  
2025/06/30 18:19:33 - mmengine - INFO - Epoch(val)   [7][750/800]    eta: 0:00:04  time: 0.0944  data_time: 0.0004  memory: 998  
2025/06/30 18:19:38 - mmengine - INFO - Epoch(val)   [7][800/800]    eta: 0:00:00  time: 0.0968  data_time: 0.0004  memory: 998  
2025/06/30 18:19:41 - mmengine - INFO - Evaluating bbox...
2025/06/30 18:20:02 - mmengine - INFO - 
+-------------+-------+--------+--------+-------+-------+-------+
| category    | mAP   | mAP_50 | mAP_75 | mAP_s | mAP_m | mAP_l |
+-------------+-------+--------+--------+-------+-------+-------+
| car         | 0.624 | 0.935  | 0.754  | 0.405 | 0.656 | 0.0   |
| truck       | 0.052 | 0.105  | 0.051  | 0.001 | 0.066 | 0.043 |
| bus         | 0.329 | 0.546  | 0.372  | 0.001 | 0.303 | 0.428 |
| van         | 0.077 | 0.12   | 0.09   | 0.059 | 0.086 | 0.018 |
| freight_car | 0.116 | 0.189  | 0.126  | 0.005 | 0.139 | 0.048 |
+-------------+-------+--------+--------+-------+-------+-------+
2025/06/30 18:20:02 - mmengine - INFO - bbox_mAP_copypaste: 0.240 0.379 0.279 0.094 0.250 0.107
2025/06/30 18:20:03 - mmengine - INFO - Epoch(val) [7][800/800]    coco/car_precision: 0.6240  coco/truck_precision: 0.0520  coco/bus_precision: 0.3290  coco/van_precision: 0.0770  coco/freight_car_precision: 0.1160  coco/bbox_mAP: 0.2400  coco/bbox_mAP_50: 0.3790  coco/bbox_mAP_75: 0.2790  coco/bbox_mAP_s: 0.0940  coco/bbox_mAP_m: 0.2500  coco/bbox_mAP_l: 0.1070  data_time: 0.0004  time: 0.0955
2025/06/30 18:20:03 - mmengine - INFO - The previous best checkpoint /data/nl/Mamba2Spectral/work_dirs/DroneVehicle/2025_06_30/yolov8_mambatransformer_enhance/best_coco_bbox_mAP_50_epoch_6.pth is removed
2025/06/30 18:20:05 - mmengine - INFO - The best checkpoint with 0.3790 coco/bbox_mAP_50 at 7 epoch is saved to best_coco_bbox_mAP_50_epoch_7.pth.
2025/06/30 18:22:59 - mmengine - INFO - Epoch(train)   [8][ 50/400]  base_lr: 1.0000e-02 lr: 9.7030e-03  eta: 2 days, 19:28:17  time: 3.3689  data_time: 0.0428  memory: 10950  grad_norm: 11.6787  loss: 27.7766  loss_cls: 7.7127  loss_bbox: 10.5954  loss_dfl: 9.4686
2025/06/30 18:25:46 - mmengine - INFO - Epoch(train)   [8][100/400]  base_lr: 1.0000e-02 lr: 9.7030e-03  eta: 2 days, 19:29:42  time: 3.3309  data_time: 0.0064  memory: 10806  grad_norm: 11.7574  loss: 27.2945  loss_cls: 7.4441  loss_bbox: 10.3636  loss_dfl: 9.4869
2025/06/30 18:28:33 - mmengine - INFO - Epoch(train)   [8][150/400]  base_lr: 1.0000e-02 lr: 9.7030e-03  eta: 2 days, 19:31:00  time: 3.3324  data_time: 0.0066  memory: 10838  grad_norm: 12.0728  loss: 27.7008  loss_cls: 7.6712  loss_bbox: 10.5921  loss_dfl: 9.4374
2025/06/30 18:31:19 - mmengine - INFO - Exp name: yolov8_mambatransformer_enhance_20250630_153731
2025/06/30 18:31:19 - mmengine - INFO - Epoch(train)   [8][200/400]  base_lr: 1.0000e-02 lr: 9.7030e-03  eta: 2 days, 19:32:08  time: 3.3297  data_time: 0.0061  memory: 10897  grad_norm: 11.5210  loss: 27.3910  loss_cls: 7.5929  loss_bbox: 10.5086  loss_dfl: 9.2895
2025/06/30 18:34:06 - mmengine - INFO - Epoch(train)   [8][250/400]  base_lr: 1.0000e-02 lr: 9.7030e-03  eta: 2 days, 19:33:13  time: 3.3344  data_time: 0.0062  memory: 10892  grad_norm: 11.0294  loss: 26.5795  loss_cls: 7.1505  loss_bbox: 10.1235  loss_dfl: 9.3055
2025/06/30 18:36:52 - mmengine - INFO - Epoch(train)   [8][300/400]  base_lr: 1.0000e-02 lr: 9.7030e-03  eta: 2 days, 19:33:59  time: 3.3248  data_time: 0.0063  memory: 10833  grad_norm: 11.2630  loss: 27.2604  loss_cls: 7.5331  loss_bbox: 10.4711  loss_dfl: 9.2563
2025/06/30 18:38:48 - mmengine - INFO - Epoch(train)   [8][350/400]  base_lr: 1.0000e-02 lr: 9.7030e-03  eta: 2 days, 19:14:00  time: 2.3100  data_time: 0.0068  memory: 10668  grad_norm: 10.9876  loss: 27.1670  loss_cls: 7.4826  loss_bbox: 10.3998  loss_dfl: 9.2845
2025/06/30 18:41:05 - mmengine - INFO - Exp name: yolov8_mambatransformer_enhance_20250630_153731
2025/06/30 18:41:05 - mmengine - INFO - Epoch(train)   [8][400/400]  base_lr: 1.0000e-02 lr: 9.7030e-03  eta: 2 days, 19:03:13  time: 2.7414  data_time: 0.0066  memory: 10833  grad_norm: 10.1305  loss: 25.7029  loss_cls: 6.7970  loss_bbox: 9.8826  loss_dfl: 9.0233
2025/06/30 18:41:05 - mmengine - INFO - Saving checkpoint at 8 epochs
2025/06/30 18:41:14 - mmengine - INFO - Epoch(val)   [8][ 50/800]    eta: 0:01:23  time: 0.1117  data_time: 0.0010  memory: 998  
2025/06/30 18:41:19 - mmengine - INFO - Epoch(val)   [8][100/800]    eta: 0:01:17  time: 0.1098  data_time: 0.0004  memory: 998  
2025/06/30 18:41:24 - mmengine - INFO - Epoch(val)   [8][150/800]    eta: 0:01:11  time: 0.1098  data_time: 0.0004  memory: 998  
2025/06/30 18:41:30 - mmengine - INFO - Epoch(val)   [8][200/800]    eta: 0:01:06  time: 0.1100  data_time: 0.0004  memory: 998  
2025/06/30 18:41:35 - mmengine - INFO - Epoch(val)   [8][250/800]    eta: 0:01:00  time: 0.1100  data_time: 0.0004  memory: 998  
2025/06/30 18:41:41 - mmengine - INFO - Epoch(val)   [8][300/800]    eta: 0:00:55  time: 0.1095  data_time: 0.0004  memory: 998  
2025/06/30 18:41:46 - mmengine - INFO - Epoch(val)   [8][350/800]    eta: 0:00:49  time: 0.1101  data_time: 0.0004  memory: 998  
2025/06/30 18:41:52 - mmengine - INFO - Epoch(val)   [8][400/800]    eta: 0:00:44  time: 0.1115  data_time: 0.0004  memory: 998  
2025/06/30 18:41:58 - mmengine - INFO - Epoch(val)   [8][450/800]    eta: 0:00:38  time: 0.1093  data_time: 0.0004  memory: 998  
2025/06/30 18:42:03 - mmengine - INFO - Epoch(val)   [8][500/800]    eta: 0:00:33  time: 0.1100  data_time: 0.0004  memory: 998  
2025/06/30 18:42:09 - mmengine - INFO - Epoch(val)   [8][550/800]    eta: 0:00:27  time: 0.1095  data_time: 0.0004  memory: 998  
2025/06/30 18:42:14 - mmengine - INFO - Epoch(val)   [8][600/800]    eta: 0:00:22  time: 0.1102  data_time: 0.0004  memory: 998  
2025/06/30 18:42:20 - mmengine - INFO - Epoch(val)   [8][650/800]    eta: 0:00:16  time: 0.1106  data_time: 0.0004  memory: 998  
2025/06/30 18:42:25 - mmengine - INFO - Epoch(val)   [8][700/800]    eta: 0:00:11  time: 0.1106  data_time: 0.0004  memory: 998  
2025/06/30 18:42:31 - mmengine - INFO - Epoch(val)   [8][750/800]    eta: 0:00:05  time: 0.1100  data_time: 0.0004  memory: 998  
2025/06/30 18:42:36 - mmengine - INFO - Epoch(val)   [8][800/800]    eta: 0:00:00  time: 0.1107  data_time: 0.0004  memory: 998  
2025/06/30 18:42:39 - mmengine - INFO - Evaluating bbox...
2025/06/30 18:43:00 - mmengine - INFO - 
+-------------+-------+--------+--------+-------+-------+-------+
| category    | mAP   | mAP_50 | mAP_75 | mAP_s | mAP_m | mAP_l |
+-------------+-------+--------+--------+-------+-------+-------+
| car         | 0.64  | 0.942  | 0.774  | 0.402 | 0.675 | 0.001 |
| truck       | 0.088 | 0.162  | 0.086  | 0.002 | 0.101 | 0.089 |
| bus         | 0.38  | 0.588  | 0.468  | 0.0   | 0.366 | 0.441 |
| van         | 0.083 | 0.126  | 0.098  | 0.08  | 0.093 | 0.018 |
| freight_car | 0.176 | 0.283  | 0.192  | 0.121 | 0.214 | 0.062 |
+-------------+-------+--------+--------+-------+-------+-------+
2025/06/30 18:43:00 - mmengine - INFO - bbox_mAP_copypaste: 0.273 0.420 0.324 0.121 0.290 0.122
2025/06/30 18:43:00 - mmengine - INFO - Epoch(val) [8][800/800]    coco/car_precision: 0.6400  coco/truck_precision: 0.0880  coco/bus_precision: 0.3800  coco/van_precision: 0.0830  coco/freight_car_precision: 0.1760  coco/bbox_mAP: 0.2730  coco/bbox_mAP_50: 0.4200  coco/bbox_mAP_75: 0.3240  coco/bbox_mAP_s: 0.1210  coco/bbox_mAP_m: 0.2900  coco/bbox_mAP_l: 0.1220  data_time: 0.0004  time: 0.1102
2025/06/30 18:43:00 - mmengine - INFO - The previous best checkpoint /data/nl/Mamba2Spectral/work_dirs/DroneVehicle/2025_06_30/yolov8_mambatransformer_enhance/best_coco_bbox_mAP_50_epoch_7.pth is removed
2025/06/30 18:43:02 - mmengine - INFO - The best checkpoint with 0.4200 coco/bbox_mAP_50 at 8 epoch is saved to best_coco_bbox_mAP_50_epoch_8.pth.
2025/06/30 18:45:55 - mmengine - INFO - Epoch(train)   [9][ 50/400]  base_lr: 1.0000e-02 lr: 9.6535e-03  eta: 2 days, 19:04:49  time: 3.3575  data_time: 0.0341  memory: 10796  grad_norm: 10.2623  loss: 26.5248  loss_cls: 7.0799  loss_bbox: 10.1199  loss_dfl: 9.3249
2025/06/30 18:48:42 - mmengine - INFO - Epoch(train)   [9][100/400]  base_lr: 1.0000e-02 lr: 9.6535e-03  eta: 2 days, 19:05:48  time: 3.3329  data_time: 0.0070  memory: 10854  grad_norm: 11.4037  loss: 26.6593  loss_cls: 7.2084  loss_bbox: 10.1519  loss_dfl: 9.2990
2025/06/30 18:51:28 - mmengine - INFO - Epoch(train)   [9][150/400]  base_lr: 1.0000e-02 lr: 9.6535e-03  eta: 2 days, 19:06:44  time: 3.3359  data_time: 0.0066  memory: 10844  grad_norm: 10.3724  loss: 26.6959  loss_cls: 7.1201  loss_bbox: 10.2708  loss_dfl: 9.3050
2025/06/30 18:54:15 - mmengine - INFO - Epoch(train)   [9][200/400]  base_lr: 1.0000e-02 lr: 9.6535e-03  eta: 2 days, 19:07:27  time: 3.3301  data_time: 0.0062  memory: 10870  grad_norm: 10.4613  loss: 26.5189  loss_cls: 7.0758  loss_bbox: 10.2074  loss_dfl: 9.2357
2025/06/30 18:57:02 - mmengine - INFO - Epoch(train)   [9][250/400]  base_lr: 1.0000e-02 lr: 9.6535e-03  eta: 2 days, 19:08:12  time: 3.3378  data_time: 0.0065  memory: 10892  grad_norm: 10.9241  loss: 26.6372  loss_cls: 7.2423  loss_bbox: 10.0953  loss_dfl: 9.2996
2025/06/30 18:59:49 - mmengine - INFO - Epoch(train)   [9][300/400]  base_lr: 1.0000e-02 lr: 9.6535e-03  eta: 2 days, 19:08:52  time: 3.3377  data_time: 0.0067  memory: 11057  grad_norm: 10.9998  loss: 26.5184  loss_cls: 7.0595  loss_bbox: 10.1964  loss_dfl: 9.2624
2025/06/30 19:01:56 - mmengine - INFO - Epoch(train)   [9][350/400]  base_lr: 1.0000e-02 lr: 9.6535e-03  eta: 2 days, 18:55:16  time: 2.5489  data_time: 0.0066  memory: 10700  grad_norm: 10.0975  loss: 26.2481  loss_cls: 6.9153  loss_bbox: 10.1624  loss_dfl: 9.1705
2025/06/30 19:04:04 - mmengine - INFO - Exp name: yolov8_mambatransformer_enhance_20250630_153731
2025/06/30 19:04:04 - mmengine - INFO - Epoch(train)   [9][400/400]  base_lr: 1.0000e-02 lr: 9.6535e-03  eta: 2 days, 18:42:05  time: 2.5546  data_time: 0.0069  memory: 10732  grad_norm: 10.4039  loss: 26.6217  loss_cls: 7.1892  loss_bbox: 10.1687  loss_dfl: 9.2638
2025/06/30 19:04:04 - mmengine - INFO - Saving checkpoint at 9 epochs
2025/06/30 19:04:13 - mmengine - INFO - Epoch(val)   [9][ 50/800]    eta: 0:01:19  time: 0.1060  data_time: 0.0007  memory: 998  
2025/06/30 19:04:18 - mmengine - INFO - Epoch(val)   [9][100/800]    eta: 0:01:15  time: 0.1097  data_time: 0.0004  memory: 998  
2025/06/30 19:04:23 - mmengine - INFO - Epoch(val)   [9][150/800]    eta: 0:01:07  time: 0.0980  data_time: 0.0004  memory: 998  
2025/06/30 19:04:28 - mmengine - INFO - Epoch(val)   [9][200/800]    eta: 0:01:01  time: 0.0931  data_time: 0.0004  memory: 998  
2025/06/30 19:04:32 - mmengine - INFO - Epoch(val)   [9][250/800]    eta: 0:00:54  time: 0.0921  data_time: 0.0003  memory: 998  
2025/06/30 19:04:37 - mmengine - INFO - Epoch(val)   [9][300/800]    eta: 0:00:49  time: 0.0978  data_time: 0.0004  memory: 998  
2025/06/30 19:04:42 - mmengine - INFO - Epoch(val)   [9][350/800]    eta: 0:00:44  time: 0.1030  data_time: 0.0004  memory: 998  
2025/06/30 19:04:47 - mmengine - INFO - Epoch(val)   [9][400/800]    eta: 0:00:39  time: 0.0916  data_time: 0.0004  memory: 998  
2025/06/30 19:04:52 - mmengine - INFO - Epoch(val)   [9][450/800]    eta: 0:00:34  time: 0.1005  data_time: 0.0004  memory: 998  
2025/06/30 19:04:57 - mmengine - INFO - Epoch(val)   [9][500/800]    eta: 0:00:29  time: 0.0923  data_time: 0.0003  memory: 998  
2025/06/30 19:05:01 - mmengine - INFO - Epoch(val)   [9][550/800]    eta: 0:00:24  time: 0.0923  data_time: 0.0003  memory: 998  
2025/06/30 19:05:06 - mmengine - INFO - Epoch(val)   [9][600/800]    eta: 0:00:19  time: 0.0932  data_time: 0.0004  memory: 998  
2025/06/30 19:05:10 - mmengine - INFO - Epoch(val)   [9][650/800]    eta: 0:00:14  time: 0.0940  data_time: 0.0004  memory: 998  
2025/06/30 19:05:15 - mmengine - INFO - Epoch(val)   [9][700/800]    eta: 0:00:09  time: 0.0925  data_time: 0.0004  memory: 998  
2025/06/30 19:05:20 - mmengine - INFO - Epoch(val)   [9][750/800]    eta: 0:00:04  time: 0.0932  data_time: 0.0004  memory: 998  
2025/06/30 19:05:25 - mmengine - INFO - Epoch(val)   [9][800/800]    eta: 0:00:00  time: 0.1110  data_time: 0.0004  memory: 998  
2025/06/30 19:05:28 - mmengine - INFO - Evaluating bbox...
2025/06/30 19:05:48 - mmengine - INFO - 
+-------------+-------+--------+--------+-------+-------+-------+
| category    | mAP   | mAP_50 | mAP_75 | mAP_s | mAP_m | mAP_l |
+-------------+-------+--------+--------+-------+-------+-------+
| car         | 0.652 | 0.948  | 0.796  | 0.418 | 0.688 | 0.0   |
| truck       | 0.116 | 0.209  | 0.125  | 0.002 | 0.137 | 0.127 |
| bus         | 0.446 | 0.693  | 0.533  | 0.002 | 0.422 | 0.515 |
| van         | 0.109 | 0.172  | 0.13   | 0.139 | 0.124 | 0.025 |
| freight_car | 0.176 | 0.284  | 0.203  | 0.034 | 0.205 | 0.087 |
+-------------+-------+--------+--------+-------+-------+-------+
2025/06/30 19:05:48 - mmengine - INFO - bbox_mAP_copypaste: 0.300 0.461 0.357 0.119 0.315 0.151
2025/06/30 19:05:48 - mmengine - INFO - Epoch(val) [9][800/800]    coco/car_precision: 0.6520  coco/truck_precision: 0.1160  coco/bus_precision: 0.4460  coco/van_precision: 0.1090  coco/freight_car_precision: 0.1760  coco/bbox_mAP: 0.3000  coco/bbox_mAP_50: 0.4610  coco/bbox_mAP_75: 0.3570  coco/bbox_mAP_s: 0.1190  coco/bbox_mAP_m: 0.3150  coco/bbox_mAP_l: 0.1510  data_time: 0.0004  time: 0.0975
2025/06/30 19:05:48 - mmengine - INFO - The previous best checkpoint /data/nl/Mamba2Spectral/work_dirs/DroneVehicle/2025_06_30/yolov8_mambatransformer_enhance/best_coco_bbox_mAP_50_epoch_8.pth is removed
2025/06/30 19:05:51 - mmengine - INFO - The best checkpoint with 0.4610 coco/bbox_mAP_50 at 9 epoch is saved to best_coco_bbox_mAP_50_epoch_9.pth.
2025/06/30 19:08:43 - mmengine - INFO - Epoch(train)  [10][ 50/400]  base_lr: 1.0000e-02 lr: 9.6040e-03  eta: 2 days, 18:43:12  time: 3.3568  data_time: 0.0305  memory: 10801  grad_norm: 10.3927  loss: 26.1267  loss_cls: 6.8882  loss_bbox: 10.1232  loss_dfl: 9.1153
2025/06/30 19:11:30 - mmengine - INFO - Epoch(train)  [10][100/400]  base_lr: 1.0000e-02 lr: 9.6040e-03  eta: 2 days, 18:43:52  time: 3.3378  data_time: 0.0081  memory: 10822  grad_norm: 9.9231  loss: 25.9590  loss_cls: 6.9121  loss_bbox: 9.8905  loss_dfl: 9.1564
2025/06/30 19:14:17 - mmengine - INFO - Epoch(train)  [10][150/400]  base_lr: 1.0000e-02 lr: 9.6040e-03  eta: 2 days, 18:44:25  time: 3.3361  data_time: 0.0062  memory: 10678  grad_norm: 10.4785  loss: 26.7724  loss_cls: 7.1327  loss_bbox: 10.2629  loss_dfl: 9.3769
2025/06/30 19:17:04 - mmengine - INFO - Epoch(train)  [10][200/400]  base_lr: 1.0000e-02 lr: 9.6040e-03  eta: 2 days, 18:44:56  time: 3.3389  data_time: 0.0064  memory: 10897  grad_norm: 9.9110  loss: 26.3949  loss_cls: 6.9438  loss_bbox: 10.2651  loss_dfl: 9.1860
2025/06/30 19:19:51 - mmengine - INFO - Epoch(train)  [10][250/400]  base_lr: 1.0000e-02 lr: 9.6040e-03  eta: 2 days, 18:45:19  time: 3.3360  data_time: 0.0063  memory: 10737  grad_norm: 10.1474  loss: 26.2149  loss_cls: 7.0090  loss_bbox: 10.0761  loss_dfl: 9.1297
2025/06/30 19:22:37 - mmengine - INFO - Epoch(train)  [10][300/400]  base_lr: 1.0000e-02 lr: 9.6040e-03  eta: 2 days, 18:45:32  time: 3.3310  data_time: 0.0061  memory: 10758  grad_norm: 10.0737  loss: 26.0374  loss_cls: 6.9025  loss_bbox: 10.0226  loss_dfl: 9.1122
2025/06/30 19:25:03 - mmengine - INFO - Epoch(train)  [10][350/400]  base_lr: 1.0000e-02 lr: 9.6040e-03  eta: 2 days, 18:39:00  time: 2.9146  data_time: 0.0063  memory: 10902  grad_norm: 9.8715  loss: 26.0228  loss_cls: 6.8887  loss_bbox: 10.0027  loss_dfl: 9.1315
2025/06/30 19:26:52 - mmengine - INFO - Exp name: yolov8_mambatransformer_enhance_20250630_153731
2025/06/30 19:26:52 - mmengine - INFO - Epoch(train)  [10][400/400]  base_lr: 1.0000e-02 lr: 9.6040e-03  eta: 2 days, 18:20:54  time: 2.1781  data_time: 0.0069  memory: 10726  grad_norm: 10.0398  loss: 25.8278  loss_cls: 6.7902  loss_bbox: 9.8389  loss_dfl: 9.1987
2025/06/30 19:26:52 - mmengine - INFO - Saving checkpoint at 10 epochs
2025/06/30 19:27:01 - mmengine - INFO - Epoch(val)  [10][ 50/800]    eta: 0:01:24  time: 0.1123  data_time: 0.0010  memory: 998  
2025/06/30 19:27:06 - mmengine - INFO - Epoch(val)  [10][100/800]    eta: 0:01:17  time: 0.1101  data_time: 0.0004  memory: 998  
2025/06/30 19:27:12 - mmengine - INFO - Epoch(val)  [10][150/800]    eta: 0:01:11  time: 0.1091  data_time: 0.0004  memory: 998  
2025/06/30 19:27:17 - mmengine - INFO - Epoch(val)  [10][200/800]    eta: 0:01:06  time: 0.1100  data_time: 0.0004  memory: 998  
2025/06/30 19:27:23 - mmengine - INFO - Epoch(val)  [10][250/800]    eta: 0:01:00  time: 0.1100  data_time: 0.0004  memory: 998  
2025/06/30 19:27:28 - mmengine - INFO - Epoch(val)  [10][300/800]    eta: 0:00:55  time: 0.1095  data_time: 0.0004  memory: 998  
2025/06/30 19:27:34 - mmengine - INFO - Epoch(val)  [10][350/800]    eta: 0:00:49  time: 0.1094  data_time: 0.0004  memory: 998  
2025/06/30 19:27:39 - mmengine - INFO - Epoch(val)  [10][400/800]    eta: 0:00:44  time: 0.1103  data_time: 0.0004  memory: 998  
2025/06/30 19:27:45 - mmengine - INFO - Epoch(val)  [10][450/800]    eta: 0:00:38  time: 0.1094  data_time: 0.0004  memory: 998  
2025/06/30 19:27:50 - mmengine - INFO - Epoch(val)  [10][500/800]    eta: 0:00:33  time: 0.1103  data_time: 0.0004  memory: 998  
2025/06/30 19:27:56 - mmengine - INFO - Epoch(val)  [10][550/800]    eta: 0:00:27  time: 0.1103  data_time: 0.0004  memory: 998  
2025/06/30 19:28:01 - mmengine - INFO - Epoch(val)  [10][600/800]    eta: 0:00:22  time: 0.1106  data_time: 0.0004  memory: 998  
2025/06/30 19:28:07 - mmengine - INFO - Epoch(val)  [10][650/800]    eta: 0:00:16  time: 0.1135  data_time: 0.0004  memory: 998  
2025/06/30 19:28:13 - mmengine - INFO - Epoch(val)  [10][700/800]    eta: 0:00:11  time: 0.1106  data_time: 0.0004  memory: 998  
2025/06/30 19:28:17 - mmengine - INFO - Epoch(val)  [10][750/800]    eta: 0:00:05  time: 0.0968  data_time: 0.0004  memory: 998  
2025/06/30 19:28:22 - mmengine - INFO - Epoch(val)  [10][800/800]    eta: 0:00:00  time: 0.0931  data_time: 0.0004  memory: 998  
2025/06/30 19:28:25 - mmengine - INFO - Evaluating bbox...
2025/06/30 19:28:45 - mmengine - INFO - 
+-------------+-------+--------+--------+-------+-------+-------+
| category    | mAP   | mAP_50 | mAP_75 | mAP_s | mAP_m | mAP_l |
+-------------+-------+--------+--------+-------+-------+-------+
| car         | 0.648 | 0.949  | 0.789  | 0.43  | 0.68  | 0.0   |
| truck       | 0.126 | 0.23   | 0.122  | 0.001 | 0.144 | 0.109 |
| bus         | 0.546 | 0.774  | 0.673  | 0.0   | 0.533 | 0.581 |
| van         | 0.107 | 0.16   | 0.13   | 0.081 | 0.12  | 0.024 |
| freight_car | 0.167 | 0.269  | 0.185  | 0.098 | 0.194 | 0.079 |
+-------------+-------+--------+--------+-------+-------+-------+
2025/06/30 19:28:45 - mmengine - INFO - bbox_mAP_copypaste: 0.319 0.476 0.380 0.122 0.334 0.158
2025/06/30 19:28:45 - mmengine - INFO - Epoch(val) [10][800/800]    coco/car_precision: 0.6480  coco/truck_precision: 0.1260  coco/bus_precision: 0.5460  coco/van_precision: 0.1070  coco/freight_car_precision: 0.1670  coco/bbox_mAP: 0.3190  coco/bbox_mAP_50: 0.4760  coco/bbox_mAP_75: 0.3800  coco/bbox_mAP_s: 0.1220  coco/bbox_mAP_m: 0.3340  coco/bbox_mAP_l: 0.1580  data_time: 0.0004  time: 0.1084
2025/06/30 19:28:45 - mmengine - INFO - The previous best checkpoint /data/nl/Mamba2Spectral/work_dirs/DroneVehicle/2025_06_30/yolov8_mambatransformer_enhance/best_coco_bbox_mAP_50_epoch_9.pth is removed
2025/06/30 19:28:47 - mmengine - INFO - The best checkpoint with 0.4760 coco/bbox_mAP_50 at 10 epoch is saved to best_coco_bbox_mAP_50_epoch_10.pth.
2025/06/30 19:31:40 - mmengine - INFO - Epoch(train)  [11][ 50/400]  base_lr: 1.0000e-02 lr: 9.5545e-03  eta: 2 days, 18:21:30  time: 3.3485  data_time: 0.0304  memory: 10828  grad_norm: 10.8876  loss: 26.6856  loss_cls: 7.0936  loss_bbox: 10.2486  loss_dfl: 9.3434
2025/06/30 19:34:27 - mmengine - INFO - Epoch(train)  [11][100/400]  base_lr: 1.0000e-02 lr: 9.5545e-03  eta: 2 days, 18:21:50  time: 3.3376  data_time: 0.0095  memory: 10764  grad_norm: 9.8939  loss: 25.4157  loss_cls: 6.6985  loss_bbox: 9.7177  loss_dfl: 8.9995
2025/06/30 19:37:13 - mmengine - INFO - Epoch(train)  [11][150/400]  base_lr: 1.0000e-02 lr: 9.5545e-03  eta: 2 days, 18:22:02  time: 3.3331  data_time: 0.0064  memory: 10945  grad_norm: 9.5949  loss: 25.5978  loss_cls: 6.6163  loss_bbox: 9.9799  loss_dfl: 9.0017
2025/06/30 19:40:00 - mmengine - INFO - Epoch(train)  [11][200/400]  base_lr: 1.0000e-02 lr: 9.5545e-03  eta: 2 days, 18:22:04  time: 3.3260  data_time: 0.0062  memory: 10662  grad_norm: 9.4657  loss: 25.1621  loss_cls: 6.3902  loss_bbox: 9.7910  loss_dfl: 8.9808
2025/06/30 19:42:46 - mmengine - INFO - Epoch(train)  [11][250/400]  base_lr: 1.0000e-02 lr: 9.5545e-03  eta: 2 days, 18:22:01  time: 3.3262  data_time: 0.0061  memory: 10710  grad_norm: 9.8372  loss: 25.4858  loss_cls: 6.6604  loss_bbox: 9.7433  loss_dfl: 9.0821
2025/06/30 19:45:33 - mmengine - INFO - Epoch(train)  [11][300/400]  base_lr: 1.0000e-02 lr: 9.5545e-03  eta: 2 days, 18:22:01  time: 3.3323  data_time: 0.0063  memory: 10801  grad_norm: 10.1477  loss: 25.8637  loss_cls: 6.9406  loss_bbox: 9.9378  loss_dfl: 8.9852
2025/06/30 19:48:11 - mmengine - INFO - Epoch(train)  [11][350/400]  base_lr: 1.0000e-02 lr: 9.5545e-03  eta: 2 days, 18:19:41  time: 3.1768  data_time: 0.0078  memory: 10929  grad_norm: 9.4035  loss: 25.2549  loss_cls: 6.4923  loss_bbox: 9.7869  loss_dfl: 8.9757
2025/06/30 19:49:48 - mmengine - INFO - Exp name: yolov8_mambatransformer_enhance_20250630_153731
2025/06/30 19:49:48 - mmengine - INFO - Epoch(train)  [11][400/400]  base_lr: 1.0000e-02 lr: 9.5545e-03  eta: 2 days, 17:59:23  time: 1.9232  data_time: 0.0068  memory: 10977  grad_norm: 9.9403  loss: 25.4274  loss_cls: 6.4905  loss_bbox: 9.8138  loss_dfl: 9.1231
2025/06/30 19:49:48 - mmengine - INFO - Saving checkpoint at 11 epochs
2025/06/30 19:49:56 - mmengine - INFO - Epoch(val)  [11][ 50/800]    eta: 0:01:23  time: 0.1117  data_time: 0.0008  memory: 998  
2025/06/30 19:50:02 - mmengine - INFO - Epoch(val)  [11][100/800]    eta: 0:01:17  time: 0.1098  data_time: 0.0004  memory: 998  
2025/06/30 19:50:07 - mmengine - INFO - Epoch(val)  [11][150/800]    eta: 0:01:11  time: 0.1102  data_time: 0.0004  memory: 998  
2025/06/30 19:50:13 - mmengine - INFO - Epoch(val)  [11][200/800]    eta: 0:01:06  time: 0.1093  data_time: 0.0004  memory: 998  
2025/06/30 19:50:18 - mmengine - INFO - Epoch(val)  [11][250/800]    eta: 0:01:00  time: 0.1101  data_time: 0.0004  memory: 998  
2025/06/30 19:50:24 - mmengine - INFO - Epoch(val)  [11][300/800]    eta: 0:00:55  time: 0.1096  data_time: 0.0004  memory: 998  
2025/06/30 19:50:29 - mmengine - INFO - Epoch(val)  [11][350/800]    eta: 0:00:49  time: 0.1097  data_time: 0.0004  memory: 998  
2025/06/30 19:50:35 - mmengine - INFO - Epoch(val)  [11][400/800]    eta: 0:00:44  time: 0.1101  data_time: 0.0004  memory: 998  
2025/06/30 19:50:40 - mmengine - INFO - Epoch(val)  [11][450/800]    eta: 0:00:38  time: 0.1098  data_time: 0.0004  memory: 998  
2025/06/30 19:50:46 - mmengine - INFO - Epoch(val)  [11][500/800]    eta: 0:00:33  time: 0.1099  data_time: 0.0004  memory: 998  
2025/06/30 19:50:51 - mmengine - INFO - Epoch(val)  [11][550/800]    eta: 0:00:27  time: 0.1099  data_time: 0.0004  memory: 998  
2025/06/30 19:50:57 - mmengine - INFO - Epoch(val)  [11][600/800]    eta: 0:00:22  time: 0.1111  data_time: 0.0004  memory: 998  
2025/06/30 19:51:03 - mmengine - INFO - Epoch(val)  [11][650/800]    eta: 0:00:16  time: 0.1111  data_time: 0.0004  memory: 998  
2025/06/30 19:51:08 - mmengine - INFO - Epoch(val)  [11][700/800]    eta: 0:00:11  time: 0.1096  data_time: 0.0004  memory: 998  
2025/06/30 19:51:14 - mmengine - INFO - Epoch(val)  [11][750/800]    eta: 0:00:05  time: 0.1103  data_time: 0.0004  memory: 998  
2025/06/30 19:51:19 - mmengine - INFO - Epoch(val)  [11][800/800]    eta: 0:00:00  time: 0.1109  data_time: 0.0004  memory: 998  
2025/06/30 19:51:22 - mmengine - INFO - Evaluating bbox...
2025/06/30 19:51:42 - mmengine - INFO - 
+-------------+-------+--------+--------+-------+-------+-------+
| category    | mAP   | mAP_50 | mAP_75 | mAP_s | mAP_m | mAP_l |
+-------------+-------+--------+--------+-------+-------+-------+
| car         | 0.646 | 0.949  | 0.784  | 0.422 | 0.678 | 0.0   |
| truck       | 0.138 | 0.264  | 0.117  | 0.003 | 0.19  | 0.169 |
| bus         | 0.541 | 0.808  | 0.654  | 0.0   | 0.548 | 0.535 |
| van         | 0.123 | 0.194  | 0.139  | 0.127 | 0.138 | 0.045 |
| freight_car | 0.178 | 0.277  | 0.204  | 0.106 | 0.21  | 0.079 |
+-------------+-------+--------+--------+-------+-------+-------+
2025/06/30 19:51:42 - mmengine - INFO - bbox_mAP_copypaste: 0.325 0.499 0.379 0.132 0.353 0.166
2025/06/30 19:51:42 - mmengine - INFO - Epoch(val) [11][800/800]    coco/car_precision: 0.6460  coco/truck_precision: 0.1380  coco/bus_precision: 0.5410  coco/van_precision: 0.1230  coco/freight_car_precision: 0.1780  coco/bbox_mAP: 0.3250  coco/bbox_mAP_50: 0.4990  coco/bbox_mAP_75: 0.3790  coco/bbox_mAP_s: 0.1320  coco/bbox_mAP_m: 0.3530  coco/bbox_mAP_l: 0.1660  data_time: 0.0004  time: 0.1102
2025/06/30 19:51:42 - mmengine - INFO - The previous best checkpoint /data/nl/Mamba2Spectral/work_dirs/DroneVehicle/2025_06_30/yolov8_mambatransformer_enhance/best_coco_bbox_mAP_50_epoch_10.pth is removed
2025/06/30 19:51:44 - mmengine - INFO - The best checkpoint with 0.4990 coco/bbox_mAP_50 at 11 epoch is saved to best_coco_bbox_mAP_50_epoch_11.pth.
2025/06/30 19:54:36 - mmengine - INFO - Epoch(train)  [12][ 50/400]  base_lr: 1.0000e-02 lr: 9.5050e-03  eta: 2 days, 17:59:44  time: 3.3512  data_time: 0.0294  memory: 10774  grad_norm: 9.6672  loss: 25.2098  loss_cls: 6.5011  loss_bbox: 9.7827  loss_dfl: 8.9260
2025/06/30 19:57:23 - mmengine - INFO - Epoch(train)  [12][100/400]  base_lr: 1.0000e-02 lr: 9.5050e-03  eta: 2 days, 17:59:41  time: 3.3285  data_time: 0.0088  memory: 10758  grad_norm: 9.6820  loss: 25.5090  loss_cls: 6.6907  loss_bbox: 9.8388  loss_dfl: 8.9795
2025/06/30 20:00:10 - mmengine - INFO - Epoch(train)  [12][150/400]  base_lr: 1.0000e-02 lr: 9.5050e-03  eta: 2 days, 17:59:44  time: 3.3409  data_time: 0.0065  memory: 10972  grad_norm: 9.2139  loss: 24.3818  loss_cls: 6.1169  loss_bbox: 9.4918  loss_dfl: 8.7731
2025/06/30 20:02:57 - mmengine - INFO - Epoch(train)  [12][200/400]  base_lr: 1.0000e-02 lr: 9.5050e-03  eta: 2 days, 17:59:40  time: 3.3361  data_time: 0.0066  memory: 10876  grad_norm: 9.7301  loss: 25.6962  loss_cls: 6.6878  loss_bbox: 9.9485  loss_dfl: 9.0599
2025/06/30 20:05:44 - mmengine - INFO - Epoch(train)  [12][250/400]  base_lr: 1.0000e-02 lr: 9.5050e-03  eta: 2 days, 17:59:37  time: 3.3414  data_time: 0.0074  memory: 10828  grad_norm: 9.5672  loss: 25.4540  loss_cls: 6.6510  loss_bbox: 9.8331  loss_dfl: 8.9699
2025/06/30 20:08:31 - mmengine - INFO - Epoch(train)  [12][300/400]  base_lr: 1.0000e-02 lr: 9.5050e-03  eta: 2 days, 17:59:27  time: 3.3377  data_time: 0.0062  memory: 11004  grad_norm: 9.8658  loss: 25.5667  loss_cls: 6.6974  loss_bbox: 9.7755  loss_dfl: 9.0939
2025/06/30 20:11:18 - mmengine - INFO - Epoch(train)  [12][350/400]  base_lr: 1.0000e-02 lr: 9.5050e-03  eta: 2 days, 17:59:13  time: 3.3360  data_time: 0.0063  memory: 10769  grad_norm: 9.6620  loss: 25.5025  loss_cls: 6.6591  loss_bbox: 9.8056  loss_dfl: 9.0377
2025/06/30 20:12:55 - mmengine - INFO - Exp name: yolov8_mambatransformer_enhance_20250630_153731
2025/06/30 20:12:55 - mmengine - INFO - Epoch(train)  [12][400/400]  base_lr: 1.0000e-02 lr: 9.5050e-03  eta: 2 days, 17:40:52  time: 1.9531  data_time: 0.0068  memory: 10806  grad_norm: 9.6955  loss: 25.0579  loss_cls: 6.5104  loss_bbox: 9.6436  loss_dfl: 8.9039
2025/06/30 20:12:55 - mmengine - INFO - Saving checkpoint at 12 epochs
2025/06/30 20:13:04 - mmengine - INFO - Epoch(val)  [12][ 50/800]    eta: 0:01:15  time: 0.1010  data_time: 0.0008  memory: 998  
2025/06/30 20:13:09 - mmengine - INFO - Epoch(val)  [12][100/800]    eta: 0:01:12  time: 0.1070  data_time: 0.0004  memory: 998  
2025/06/30 20:13:15 - mmengine - INFO - Epoch(val)  [12][150/800]    eta: 0:01:10  time: 0.1173  data_time: 0.0004  memory: 998  
2025/06/30 20:13:21 - mmengine - INFO - Epoch(val)  [12][200/800]    eta: 0:01:06  time: 0.1183  data_time: 0.0004  memory: 998  
2025/06/30 20:13:26 - mmengine - INFO - Epoch(val)  [12][250/800]    eta: 0:01:00  time: 0.1081  data_time: 0.0004  memory: 998  
2025/06/30 20:13:32 - mmengine - INFO - Epoch(val)  [12][300/800]    eta: 0:00:55  time: 0.1098  data_time: 0.0004  memory: 998  
2025/06/30 20:13:37 - mmengine - INFO - Epoch(val)  [12][350/800]    eta: 0:00:49  time: 0.1137  data_time: 0.0005  memory: 998  
2025/06/30 20:13:43 - mmengine - INFO - Epoch(val)  [12][400/800]    eta: 0:00:44  time: 0.1105  data_time: 0.0004  memory: 998  
2025/06/30 20:13:48 - mmengine - INFO - Epoch(val)  [12][450/800]    eta: 0:00:38  time: 0.1112  data_time: 0.0004  memory: 998  
2025/06/30 20:13:54 - mmengine - INFO - Epoch(val)  [12][500/800]    eta: 0:00:33  time: 0.1102  data_time: 0.0004  memory: 998  
2025/06/30 20:14:00 - mmengine - INFO - Epoch(val)  [12][550/800]    eta: 0:00:27  time: 0.1188  data_time: 0.0005  memory: 998  
2025/06/30 20:14:06 - mmengine - INFO - Epoch(val)  [12][600/800]    eta: 0:00:22  time: 0.1182  data_time: 0.0005  memory: 998  
2025/06/30 20:14:12 - mmengine - INFO - Epoch(val)  [12][650/800]    eta: 0:00:16  time: 0.1184  data_time: 0.0004  memory: 998  
2025/06/30 20:14:17 - mmengine - INFO - Epoch(val)  [12][700/800]    eta: 0:00:11  time: 0.1036  data_time: 0.0004  memory: 998  
2025/06/30 20:14:22 - mmengine - INFO - Epoch(val)  [12][750/800]    eta: 0:00:05  time: 0.1002  data_time: 0.0004  memory: 998  
2025/06/30 20:14:27 - mmengine - INFO - Epoch(val)  [12][800/800]    eta: 0:00:00  time: 0.1038  data_time: 0.0004  memory: 998  
2025/06/30 20:14:30 - mmengine - INFO - Evaluating bbox...
2025/06/30 20:14:50 - mmengine - INFO - 
+-------------+-------+--------+--------+-------+-------+-------+
| category    | mAP   | mAP_50 | mAP_75 | mAP_s | mAP_m | mAP_l |
+-------------+-------+--------+--------+-------+-------+-------+
| car         | 0.654 | 0.953  | 0.796  | 0.435 | 0.687 | 0.001 |
| truck       | 0.17  | 0.289  | 0.187  | 0.003 | 0.183 | 0.167 |
| bus         | 0.517 | 0.727  | 0.655  | 0.0   | 0.503 | 0.561 |
| van         | 0.161 | 0.232  | 0.197  | 0.096 | 0.18  | 0.054 |
| freight_car | 0.202 | 0.304  | 0.238  | 0.026 | 0.243 | 0.071 |
+-------------+-------+--------+--------+-------+-------+-------+
2025/06/30 20:14:50 - mmengine - INFO - bbox_mAP_copypaste: 0.341 0.501 0.415 0.112 0.359 0.171
2025/06/30 20:14:50 - mmengine - INFO - Epoch(val) [12][800/800]    coco/car_precision: 0.6540  coco/truck_precision: 0.1700  coco/bus_precision: 0.5170  coco/van_precision: 0.1610  coco/freight_car_precision: 0.2020  coco/bbox_mAP: 0.3410  coco/bbox_mAP_50: 0.5010  coco/bbox_mAP_75: 0.4150  coco/bbox_mAP_s: 0.1120  coco/bbox_mAP_m: 0.3590  coco/bbox_mAP_l: 0.1710  data_time: 0.0005  time: 0.1106
2025/06/30 20:14:50 - mmengine - INFO - The previous best checkpoint /data/nl/Mamba2Spectral/work_dirs/DroneVehicle/2025_06_30/yolov8_mambatransformer_enhance/best_coco_bbox_mAP_50_epoch_11.pth is removed
2025/06/30 20:14:53 - mmengine - INFO - The best checkpoint with 0.5010 coco/bbox_mAP_50 at 12 epoch is saved to best_coco_bbox_mAP_50_epoch_12.pth.
2025/06/30 20:17:46 - mmengine - INFO - Epoch(train)  [13][ 50/400]  base_lr: 1.0000e-02 lr: 9.4555e-03  eta: 2 days, 17:40:58  time: 3.3548  data_time: 0.0280  memory: 10577  grad_norm: 9.8357  loss: 25.3197  loss_cls: 6.5362  loss_bbox: 9.7477  loss_dfl: 9.0358
2025/06/30 20:20:32 - mmengine - INFO - Epoch(train)  [13][100/400]  base_lr: 1.0000e-02 lr: 9.4555e-03  eta: 2 days, 17:40:46  time: 3.3357  data_time: 0.0097  memory: 10993  grad_norm: 9.6446  loss: 25.8187  loss_cls: 6.9207  loss_bbox: 9.8473  loss_dfl: 9.0507
2025/06/30 20:23:19 - mmengine - INFO - Epoch(train)  [13][150/400]  base_lr: 1.0000e-02 lr: 9.4555e-03  eta: 2 days, 17:40:29  time: 3.3346  data_time: 0.0065  memory: 10886  grad_norm: 9.0319  loss: 24.7363  loss_cls: 6.2924  loss_bbox: 9.5408  loss_dfl: 8.9031
2025/06/30 20:26:06 - mmengine - INFO - Exp name: yolov8_mambatransformer_enhance_20250630_153731
2025/06/30 20:26:06 - mmengine - INFO - Epoch(train)  [13][200/400]  base_lr: 1.0000e-02 lr: 9.4555e-03  eta: 2 days, 17:40:06  time: 3.3292  data_time: 0.0062  memory: 10742  grad_norm: 9.5106  loss: 25.0769  loss_cls: 6.4540  loss_bbox: 9.6387  loss_dfl: 8.9843
2025/06/30 20:28:52 - mmengine - INFO - Epoch(train)  [13][250/400]  base_lr: 1.0000e-02 lr: 9.4555e-03  eta: 2 days, 17:39:39  time: 3.3286  data_time: 0.0062  memory: 10940  grad_norm: 9.6414  loss: 25.0980  loss_cls: 6.3397  loss_bbox: 9.7777  loss_dfl: 8.9806
2025/06/30 20:31:39 - mmengine - INFO - Epoch(train)  [13][300/400]  base_lr: 1.0000e-02 lr: 9.4555e-03  eta: 2 days, 17:39:15  time: 3.3351  data_time: 0.0067  memory: 10769  grad_norm: 9.4604  loss: 25.3533  loss_cls: 6.5481  loss_bbox: 9.6332  loss_dfl: 9.1720
2025/06/30 20:34:25 - mmengine - INFO - Epoch(train)  [13][350/400]  base_lr: 1.0000e-02 lr: 9.4555e-03  eta: 2 days, 17:38:44  time: 3.3305  data_time: 0.0064  memory: 10881  grad_norm: 9.6748  loss: 25.2153  loss_cls: 6.4540  loss_bbox: 9.7666  loss_dfl: 8.9947
2025/06/30 20:36:06 - mmengine - INFO - Exp name: yolov8_mambatransformer_enhance_20250630_153731
2025/06/30 20:36:06 - mmengine - INFO - Epoch(train)  [13][400/400]  base_lr: 1.0000e-02 lr: 9.4555e-03  eta: 2 days, 17:22:27  time: 2.0180  data_time: 0.0069  memory: 10876  grad_norm: 9.2993  loss: 24.8723  loss_cls: 6.2947  loss_bbox: 9.5959  loss_dfl: 8.9817
2025/06/30 20:36:06 - mmengine - INFO - Saving checkpoint at 13 epochs
2025/06/30 20:36:15 - mmengine - INFO - Epoch(val)  [13][ 50/800]    eta: 0:01:23  time: 0.1115  data_time: 0.0011  memory: 998  
2025/06/30 20:36:21 - mmengine - INFO - Epoch(val)  [13][100/800]    eta: 0:01:17  time: 0.1097  data_time: 0.0004  memory: 998  
2025/06/30 20:36:26 - mmengine - INFO - Epoch(val)  [13][150/800]    eta: 0:01:11  time: 0.1102  data_time: 0.0004  memory: 998  
2025/06/30 20:36:32 - mmengine - INFO - Epoch(val)  [13][200/800]    eta: 0:01:06  time: 0.1097  data_time: 0.0004  memory: 998  
2025/06/30 20:36:37 - mmengine - INFO - Epoch(val)  [13][250/800]    eta: 0:01:00  time: 0.1092  data_time: 0.0004  memory: 998  
2025/06/30 20:36:43 - mmengine - INFO - Epoch(val)  [13][300/800]    eta: 0:00:54  time: 0.1096  data_time: 0.0004  memory: 998  
2025/06/30 20:36:48 - mmengine - INFO - Epoch(val)  [13][350/800]    eta: 0:00:49  time: 0.1050  data_time: 0.0004  memory: 998  
2025/06/30 20:36:52 - mmengine - INFO - Epoch(val)  [13][400/800]    eta: 0:00:42  time: 0.0923  data_time: 0.0003  memory: 998  
2025/06/30 20:36:57 - mmengine - INFO - Epoch(val)  [13][450/800]    eta: 0:00:36  time: 0.0928  data_time: 0.0004  memory: 998  
2025/06/30 20:37:02 - mmengine - INFO - Epoch(val)  [13][500/800]    eta: 0:00:31  time: 0.0924  data_time: 0.0004  memory: 998  
2025/06/30 20:37:06 - mmengine - INFO - Epoch(val)  [13][550/800]    eta: 0:00:25  time: 0.0918  data_time: 0.0003  memory: 998  
2025/06/30 20:37:11 - mmengine - INFO - Epoch(val)  [13][600/800]    eta: 0:00:20  time: 0.0933  data_time: 0.0004  memory: 998  
2025/06/30 20:37:16 - mmengine - INFO - Epoch(val)  [13][650/800]    eta: 0:00:15  time: 0.0930  data_time: 0.0004  memory: 998  
2025/06/30 20:37:20 - mmengine - INFO - Epoch(val)  [13][700/800]    eta: 0:00:10  time: 0.0927  data_time: 0.0004  memory: 998  
2025/06/30 20:37:26 - mmengine - INFO - Epoch(val)  [13][750/800]    eta: 0:00:05  time: 0.1101  data_time: 0.0004  memory: 998  
2025/06/30 20:37:31 - mmengine - INFO - Epoch(val)  [13][800/800]    eta: 0:00:00  time: 0.1105  data_time: 0.0005  memory: 998  
2025/06/30 20:37:34 - mmengine - INFO - Evaluating bbox...
2025/06/30 20:37:53 - mmengine - INFO - 
+-------------+-------+--------+--------+-------+-------+-------+
| category    | mAP   | mAP_50 | mAP_75 | mAP_s | mAP_m | mAP_l |
+-------------+-------+--------+--------+-------+-------+-------+
| car         | 0.657 | 0.953  | 0.803  | 0.428 | 0.69  | 0.0   |
| truck       | 0.232 | 0.385  | 0.265  | 0.007 | 0.239 | 0.239 |
| bus         | 0.547 | 0.78   | 0.697  | 0.0   | 0.547 | 0.587 |
| van         | 0.169 | 0.262  | 0.201  | 0.114 | 0.199 | 0.021 |
| freight_car | 0.195 | 0.3    | 0.22   | 0.015 | 0.217 | 0.129 |
+-------------+-------+--------+--------+-------+-------+-------+
2025/06/30 20:37:53 - mmengine - INFO - bbox_mAP_copypaste: 0.360 0.536 0.437 0.113 0.378 0.195
2025/06/30 20:37:54 - mmengine - INFO - Epoch(val) [13][800/800]    coco/car_precision: 0.6570  coco/truck_precision: 0.2320  coco/bus_precision: 0.5470  coco/van_precision: 0.1690  coco/freight_car_precision: 0.1950  coco/bbox_mAP: 0.3600  coco/bbox_mAP_50: 0.5360  coco/bbox_mAP_75: 0.4370  coco/bbox_mAP_s: 0.1130  coco/bbox_mAP_m: 0.3780  coco/bbox_mAP_l: 0.1950  data_time: 0.0004  time: 0.1021
2025/06/30 20:37:54 - mmengine - INFO - The previous best checkpoint /data/nl/Mamba2Spectral/work_dirs/DroneVehicle/2025_06_30/yolov8_mambatransformer_enhance/best_coco_bbox_mAP_50_epoch_12.pth is removed
2025/06/30 20:37:56 - mmengine - INFO - The best checkpoint with 0.5360 coco/bbox_mAP_50 at 13 epoch is saved to best_coco_bbox_mAP_50_epoch_13.pth.
2025/06/30 20:40:49 - mmengine - INFO - Epoch(train)  [14][ 50/400]  base_lr: 1.0000e-02 lr: 9.4060e-03  eta: 2 days, 17:22:20  time: 3.3584  data_time: 0.0295  memory: 10870  grad_norm: 8.9976  loss: 24.7552  loss_cls: 6.2381  loss_bbox: 9.5904  loss_dfl: 8.9267
2025/06/30 20:43:36 - mmengine - INFO - Epoch(train)  [14][100/400]  base_lr: 1.0000e-02 lr: 9.4060e-03  eta: 2 days, 17:21:54  time: 3.3344  data_time: 0.0089  memory: 10700  grad_norm: 9.5026  loss: 24.9911  loss_cls: 6.2691  loss_bbox: 9.7270  loss_dfl: 8.9949
2025/06/30 20:46:22 - mmengine - INFO - Epoch(train)  [14][150/400]  base_lr: 1.0000e-02 lr: 9.4060e-03  eta: 2 days, 17:21:26  time: 3.3354  data_time: 0.0065  memory: 10673  grad_norm: 9.1221  loss: 24.7364  loss_cls: 6.2741  loss_bbox: 9.5976  loss_dfl: 8.8648
2025/06/30 20:49:09 - mmengine - INFO - Epoch(train)  [14][200/400]  base_lr: 1.0000e-02 lr: 9.4060e-03  eta: 2 days, 17:20:57  time: 3.3383  data_time: 0.0073  memory: 10769  grad_norm: 9.3624  loss: 24.8188  loss_cls: 6.3767  loss_bbox: 9.5123  loss_dfl: 8.9297
2025/06/30 20:51:56 - mmengine - INFO - Epoch(train)  [14][250/400]  base_lr: 1.0000e-02 lr: 9.4060e-03  eta: 2 days, 17:20:21  time: 3.3307  data_time: 0.0063  memory: 10716  grad_norm: 9.1689  loss: 24.7361  loss_cls: 6.2184  loss_bbox: 9.5951  loss_dfl: 8.9226
2025/06/30 20:54:42 - mmengine - INFO - Epoch(train)  [14][300/400]  base_lr: 1.0000e-02 lr: 9.4060e-03  eta: 2 days, 17:19:42  time: 3.3311  data_time: 0.0063  memory: 10774  grad_norm: 9.5549  loss: 25.1032  loss_cls: 6.4790  loss_bbox: 9.6121  loss_dfl: 9.0121
2025/06/30 20:57:29 - mmengine - INFO - Epoch(train)  [14][350/400]  base_lr: 1.0000e-02 lr: 9.4060e-03  eta: 2 days, 17:19:07  time: 3.3407  data_time: 0.0067  memory: 10636  grad_norm: 9.1048  loss: 24.7212  loss_cls: 6.1846  loss_bbox: 9.6614  loss_dfl: 8.8752
2025/06/30 20:59:16 - mmengine - INFO - Exp name: yolov8_mambatransformer_enhance_20250630_153731
2025/06/30 20:59:16 - mmengine - INFO - Epoch(train)  [14][400/400]  base_lr: 1.0000e-02 lr: 9.4060e-03  eta: 2 days, 17:05:09  time: 2.1342  data_time: 0.0071  memory: 10785  grad_norm: 8.7708  loss: 24.2800  loss_cls: 6.0483  loss_bbox: 9.4325  loss_dfl: 8.7992
2025/06/30 20:59:16 - mmengine - INFO - Saving checkpoint at 14 epochs
2025/06/30 20:59:25 - mmengine - INFO - Epoch(val)  [14][ 50/800]    eta: 0:01:22  time: 0.1096  data_time: 0.0009  memory: 998  
2025/06/30 20:59:30 - mmengine - INFO - Epoch(val)  [14][100/800]    eta: 0:01:16  time: 0.1099  data_time: 0.0004  memory: 998  
2025/06/30 20:59:36 - mmengine - INFO - Epoch(val)  [14][150/800]    eta: 0:01:11  time: 0.1097  data_time: 0.0004  memory: 998  
2025/06/30 20:59:42 - mmengine - INFO - Epoch(val)  [14][200/800]    eta: 0:01:06  time: 0.1155  data_time: 0.0004  memory: 998  
2025/06/30 20:59:48 - mmengine - INFO - Epoch(val)  [14][250/800]    eta: 0:01:01  time: 0.1168  data_time: 0.0005  memory: 998  
2025/06/30 20:59:53 - mmengine - INFO - Epoch(val)  [14][300/800]    eta: 0:00:55  time: 0.1070  data_time: 0.0004  memory: 998  
2025/06/30 20:59:58 - mmengine - INFO - Epoch(val)  [14][350/800]    eta: 0:00:49  time: 0.0974  data_time: 0.0004  memory: 998  
2025/06/30 21:00:03 - mmengine - INFO - Epoch(val)  [14][400/800]    eta: 0:00:43  time: 0.1091  data_time: 0.0004  memory: 998  
2025/06/30 21:00:09 - mmengine - INFO - Epoch(val)  [14][450/800]    eta: 0:00:38  time: 0.1101  data_time: 0.0004  memory: 998  
2025/06/30 21:00:14 - mmengine - INFO - Epoch(val)  [14][500/800]    eta: 0:00:32  time: 0.1096  data_time: 0.0004  memory: 998  
2025/06/30 21:00:20 - mmengine - INFO - Epoch(val)  [14][550/800]    eta: 0:00:27  time: 0.1101  data_time: 0.0004  memory: 998  
2025/06/30 21:00:25 - mmengine - INFO - Epoch(val)  [14][600/800]    eta: 0:00:21  time: 0.1101  data_time: 0.0004  memory: 998  
2025/06/30 21:00:31 - mmengine - INFO - Epoch(val)  [14][650/800]    eta: 0:00:16  time: 0.1107  data_time: 0.0004  memory: 998  
2025/06/30 21:00:36 - mmengine - INFO - Epoch(val)  [14][700/800]    eta: 0:00:10  time: 0.1102  data_time: 0.0005  memory: 998  
2025/06/30 21:00:42 - mmengine - INFO - Epoch(val)  [14][750/800]    eta: 0:00:05  time: 0.1110  data_time: 0.0004  memory: 998  
2025/06/30 21:00:47 - mmengine - INFO - Epoch(val)  [14][800/800]    eta: 0:00:00  time: 0.1095  data_time: 0.0004  memory: 998  
2025/06/30 21:00:50 - mmengine - INFO - Evaluating bbox...
2025/06/30 21:01:09 - mmengine - INFO - 
+-------------+-------+--------+--------+-------+-------+-------+
| category    | mAP   | mAP_50 | mAP_75 | mAP_s | mAP_m | mAP_l |
+-------------+-------+--------+--------+-------+-------+-------+
| car         | 0.667 | 0.955  | 0.812  | 0.446 | 0.7   | 0.002 |
| truck       | 0.23  | 0.382  | 0.267  | 0.003 | 0.257 | 0.219 |
| bus         | 0.592 | 0.836  | 0.71   | 0.0   | 0.587 | 0.635 |
| van         | 0.174 | 0.263  | 0.213  | 0.174 | 0.199 | 0.058 |
| freight_car | 0.227 | 0.347  | 0.26   | 0.027 | 0.254 | 0.138 |
+-------------+-------+--------+--------+-------+-------+-------+
2025/06/30 21:01:09 - mmengine - INFO - bbox_mAP_copypaste: 0.378 0.557 0.452 0.130 0.399 0.210
2025/06/30 21:01:09 - mmengine - INFO - Epoch(val) [14][800/800]    coco/car_precision: 0.6670  coco/truck_precision: 0.2300  coco/bus_precision: 0.5920  coco/van_precision: 0.1740  coco/freight_car_precision: 0.2270  coco/bbox_mAP: 0.3780  coco/bbox_mAP_50: 0.5570  coco/bbox_mAP_75: 0.4520  coco/bbox_mAP_s: 0.1300  coco/bbox_mAP_m: 0.3990  coco/bbox_mAP_l: 0.2100  data_time: 0.0005  time: 0.1098
2025/06/30 21:01:09 - mmengine - INFO - The previous best checkpoint /data/nl/Mamba2Spectral/work_dirs/DroneVehicle/2025_06_30/yolov8_mambatransformer_enhance/best_coco_bbox_mAP_50_epoch_13.pth is removed
2025/06/30 21:01:12 - mmengine - INFO - The best checkpoint with 0.5570 coco/bbox_mAP_50 at 14 epoch is saved to best_coco_bbox_mAP_50_epoch_14.pth.
2025/06/30 21:04:05 - mmengine - INFO - Epoch(train)  [15][ 50/400]  base_lr: 1.0000e-02 lr: 9.3565e-03  eta: 2 days, 17:04:49  time: 3.3581  data_time: 0.0342  memory: 10817  grad_norm: 9.2473  loss: 24.5763  loss_cls: 6.2393  loss_bbox: 9.4445  loss_dfl: 8.8926
2025/06/30 21:06:51 - mmengine - INFO - Epoch(train)  [15][100/400]  base_lr: 1.0000e-02 lr: 9.3565e-03  eta: 2 days, 17:04:13  time: 3.3381  data_time: 0.0073  memory: 11057  grad_norm: 9.0125  loss: 24.3584  loss_cls: 6.1163  loss_bbox: 9.5236  loss_dfl: 8.7185
2025/06/30 21:09:38 - mmengine - INFO - Epoch(train)  [15][150/400]  base_lr: 1.0000e-02 lr: 9.3565e-03  eta: 2 days, 17:03:28  time: 3.3277  data_time: 0.0064  memory: 10641  grad_norm: 9.4812  loss: 24.3423  loss_cls: 6.1547  loss_bbox: 9.3812  loss_dfl: 8.8063
2025/06/30 21:12:25 - mmengine - INFO - Epoch(train)  [15][200/400]  base_lr: 1.0000e-02 lr: 9.3565e-03  eta: 2 days, 17:02:48  time: 3.3369  data_time: 0.0063  memory: 10993  grad_norm: 9.3973  loss: 24.9073  loss_cls: 6.3728  loss_bbox: 9.6477  loss_dfl: 8.8867
2025/06/30 21:15:12 - mmengine - INFO - Epoch(train)  [15][250/400]  base_lr: 1.0000e-02 lr: 9.3565e-03  eta: 2 days, 17:02:04  time: 3.3369  data_time: 0.0067  memory: 10716  grad_norm: 10.3408  loss: 25.0903  loss_cls: 6.4202  loss_bbox: 9.7223  loss_dfl: 8.9478
2025/06/30 21:17:59 - mmengine - INFO - Epoch(train)  [15][300/400]  base_lr: 1.0000e-02 lr: 9.3565e-03  eta: 2 days, 17:01:20  time: 3.3387  data_time: 0.0066  memory: 11046  grad_norm: 9.8955  loss: 24.8123  loss_cls: 6.2823  loss_bbox: 9.4682  loss_dfl: 9.0618
2025/06/30 21:20:45 - mmengine - INFO - Epoch(train)  [15][350/400]  base_lr: 1.0000e-02 lr: 9.3565e-03  eta: 2 days, 17:00:31  time: 3.3334  data_time: 0.0068  memory: 10940  grad_norm: 9.4704  loss: 24.8349  loss_cls: 6.2885  loss_bbox: 9.5919  loss_dfl: 8.9545
2025/06/30 21:22:28 - mmengine - INFO - Exp name: yolov8_mambatransformer_enhance_20250630_153731
2025/06/30 21:22:28 - mmengine - INFO - Epoch(train)  [15][400/400]  base_lr: 1.0000e-02 lr: 9.3565e-03  eta: 2 days, 16:46:36  time: 2.0626  data_time: 0.0070  memory: 10945  grad_norm: 9.7401  loss: 25.2207  loss_cls: 6.3641  loss_bbox: 9.8555  loss_dfl: 9.0012
2025/06/30 21:22:28 - mmengine - INFO - Saving checkpoint at 15 epochs
2025/06/30 21:22:37 - mmengine - INFO - Epoch(val)  [15][ 50/800]    eta: 0:01:23  time: 0.1109  data_time: 0.0008  memory: 998  
2025/06/30 21:22:43 - mmengine - INFO - Epoch(val)  [15][100/800]    eta: 0:01:16  time: 0.1091  data_time: 0.0004  memory: 998  
2025/06/30 21:22:48 - mmengine - INFO - Epoch(val)  [15][150/800]    eta: 0:01:11  time: 0.1096  data_time: 0.0004  memory: 998  
2025/06/30 21:22:54 - mmengine - INFO - Epoch(val)  [15][200/800]    eta: 0:01:06  time: 0.1111  data_time: 0.0004  memory: 998  
2025/06/30 21:22:58 - mmengine - INFO - Epoch(val)  [15][250/800]    eta: 0:00:58  time: 0.0924  data_time: 0.0004  memory: 998  
2025/06/30 21:23:03 - mmengine - INFO - Epoch(val)  [15][300/800]    eta: 0:00:52  time: 0.0971  data_time: 0.0004  memory: 998  
2025/06/30 21:23:09 - mmengine - INFO - Epoch(val)  [15][350/800]    eta: 0:00:48  time: 0.1227  data_time: 0.0005  memory: 998  
2025/06/30 21:23:15 - mmengine - INFO - Epoch(val)  [15][400/800]    eta: 0:00:43  time: 0.1102  data_time: 0.0005  memory: 998  
2025/06/30 21:23:20 - mmengine - INFO - Epoch(val)  [15][450/800]    eta: 0:00:37  time: 0.1094  data_time: 0.0004  memory: 998  
2025/06/30 21:23:26 - mmengine - INFO - Epoch(val)  [15][500/800]    eta: 0:00:32  time: 0.1095  data_time: 0.0004  memory: 998  
2025/06/30 21:23:31 - mmengine - INFO - Epoch(val)  [15][550/800]    eta: 0:00:27  time: 0.1095  data_time: 0.0004  memory: 998  
2025/06/30 21:23:37 - mmengine - INFO - Epoch(val)  [15][600/800]    eta: 0:00:21  time: 0.1092  data_time: 0.0004  memory: 998  
2025/06/30 21:23:42 - mmengine - INFO - Epoch(val)  [15][650/800]    eta: 0:00:16  time: 0.1095  data_time: 0.0004  memory: 998  
2025/06/30 21:23:48 - mmengine - INFO - Epoch(val)  [15][700/800]    eta: 0:00:10  time: 0.1108  data_time: 0.0004  memory: 998  
2025/06/30 21:23:53 - mmengine - INFO - Epoch(val)  [15][750/800]    eta: 0:00:05  time: 0.1056  data_time: 0.0005  memory: 998  
2025/06/30 21:23:58 - mmengine - INFO - Epoch(val)  [15][800/800]    eta: 0:00:00  time: 0.0935  data_time: 0.0003  memory: 998  
2025/06/30 21:24:00 - mmengine - INFO - Evaluating bbox...
2025/06/30 21:24:19 - mmengine - INFO - 
+-------------+-------+--------+--------+-------+-------+-------+
| category    | mAP   | mAP_50 | mAP_75 | mAP_s | mAP_m | mAP_l |
+-------------+-------+--------+--------+-------+-------+-------+
| car         | 0.666 | 0.957  | 0.808  | 0.441 | 0.701 | 0.0   |
| truck       | 0.217 | 0.358  | 0.233  | 0.044 | 0.248 | 0.182 |
| bus         | 0.594 | 0.845  | 0.742  | 0.01  | 0.59  | 0.615 |
| van         | 0.157 | 0.236  | 0.189  | 0.159 | 0.173 | 0.032 |
| freight_car | 0.233 | 0.351  | 0.268  | 0.008 | 0.264 | 0.126 |
+-------------+-------+--------+--------+-------+-------+-------+
2025/06/30 21:24:19 - mmengine - INFO - bbox_mAP_copypaste: 0.373 0.549 0.448 0.132 0.395 0.191
2025/06/30 21:24:19 - mmengine - INFO - Epoch(val) [15][800/800]    coco/car_precision: 0.6660  coco/truck_precision: 0.2170  coco/bus_precision: 0.5940  coco/van_precision: 0.1570  coco/freight_car_precision: 0.2330  coco/bbox_mAP: 0.3730  coco/bbox_mAP_50: 0.5490  coco/bbox_mAP_75: 0.4480  coco/bbox_mAP_s: 0.1320  coco/bbox_mAP_m: 0.3950  coco/bbox_mAP_l: 0.1910  data_time: 0.0004  time: 0.1075
2025/06/30 21:27:07 - mmengine - INFO - Epoch(train)  [16][ 50/400]  base_lr: 1.0000e-02 lr: 9.3070e-03  eta: 2 days, 16:46:04  time: 3.3561  data_time: 0.0293  memory: 10977  grad_norm: 8.8922  loss: 24.4857  loss_cls: 6.2262  loss_bbox: 9.4444  loss_dfl: 8.8151
2025/06/30 21:29:54 - mmengine - INFO - Epoch(train)  [16][100/400]  base_lr: 1.0000e-02 lr: 9.3070e-03  eta: 2 days, 16:45:16  time: 3.3345  data_time: 0.0075  memory: 10742  grad_norm: 8.8995  loss: 24.3612  loss_cls: 6.1429  loss_bbox: 9.3866  loss_dfl: 8.8317
2025/06/30 21:32:40 - mmengine - INFO - Epoch(train)  [16][150/400]  base_lr: 1.0000e-02 lr: 9.3070e-03  eta: 2 days, 16:44:22  time: 3.3283  data_time: 0.0063  memory: 11089  grad_norm: 8.9457  loss: 24.0812  loss_cls: 5.9364  loss_bbox: 9.3408  loss_dfl: 8.8040
2025/06/30 21:35:27 - mmengine - INFO - Epoch(train)  [16][200/400]  base_lr: 1.0000e-02 lr: 9.3070e-03  eta: 2 days, 16:43:31  time: 3.3347  data_time: 0.0067  memory: 11052  grad_norm: 9.3522  loss: 24.5045  loss_cls: 6.2521  loss_bbox: 9.4578  loss_dfl: 8.7947
2025/06/30 21:38:14 - mmengine - INFO - Epoch(train)  [16][250/400]  base_lr: 1.0000e-02 lr: 9.3070e-03  eta: 2 days, 16:42:40  time: 3.3387  data_time: 0.0072  memory: 10902  grad_norm: 9.5488  loss: 24.7299  loss_cls: 6.2681  loss_bbox: 9.5989  loss_dfl: 8.8629
2025/06/30 21:41:00 - mmengine - INFO - Epoch(train)  [16][300/400]  base_lr: 1.0000e-02 lr: 9.3070e-03  eta: 2 days, 16:41:44  time: 3.3335  data_time: 0.0063  memory: 10876  grad_norm: 9.3924  loss: 24.7992  loss_cls: 6.2779  loss_bbox: 9.6451  loss_dfl: 8.8762
2025/06/30 21:43:47 - mmengine - INFO - Epoch(train)  [16][350/400]  base_lr: 1.0000e-02 lr: 9.3070e-03  eta: 2 days, 16:40:46  time: 3.3317  data_time: 0.0062  memory: 10924  grad_norm: 9.3172  loss: 24.3780  loss_cls: 6.1678  loss_bbox: 9.3265  loss_dfl: 8.8837
2025/06/30 21:45:38 - mmengine - INFO - Exp name: yolov8_mambatransformer_enhance_20250630_153731
2025/06/30 21:45:38 - mmengine - INFO - Epoch(train)  [16][400/400]  base_lr: 1.0000e-02 lr: 9.3070e-03  eta: 2 days, 16:29:09  time: 2.2252  data_time: 0.0068  memory: 10806  grad_norm: 9.5082  loss: 24.6364  loss_cls: 6.2817  loss_bbox: 9.4804  loss_dfl: 8.8743
2025/06/30 21:45:38 - mmengine - INFO - Saving checkpoint at 16 epochs
2025/06/30 21:45:47 - mmengine - INFO - Epoch(val)  [16][ 50/800]    eta: 0:01:13  time: 0.0979  data_time: 0.0008  memory: 998  
2025/06/30 21:45:52 - mmengine - INFO - Epoch(val)  [16][100/800]    eta: 0:01:09  time: 0.1015  data_time: 0.0004  memory: 998  
2025/06/30 21:45:57 - mmengine - INFO - Epoch(val)  [16][150/800]    eta: 0:01:03  time: 0.0958  data_time: 0.0004  memory: 998  
2025/06/30 21:46:02 - mmengine - INFO - Epoch(val)  [16][200/800]    eta: 0:00:59  time: 0.1028  data_time: 0.0003  memory: 998  
2025/06/30 21:46:07 - mmengine - INFO - Epoch(val)  [16][250/800]    eta: 0:00:55  time: 0.1082  data_time: 0.0004  memory: 998  
2025/06/30 21:46:12 - mmengine - INFO - Epoch(val)  [16][300/800]    eta: 0:00:50  time: 0.1006  data_time: 0.0004  memory: 998  
2025/06/30 21:46:17 - mmengine - INFO - Epoch(val)  [16][350/800]    eta: 0:00:45  time: 0.0996  data_time: 0.0004  memory: 998  
2025/06/30 21:46:22 - mmengine - INFO - Epoch(val)  [16][400/800]    eta: 0:00:40  time: 0.1063  data_time: 0.0006  memory: 998  
2025/06/30 21:46:27 - mmengine - INFO - Epoch(val)  [16][450/800]    eta: 0:00:35  time: 0.0908  data_time: 0.0003  memory: 998  
2025/06/30 21:46:32 - mmengine - INFO - Epoch(val)  [16][500/800]    eta: 0:00:29  time: 0.0915  data_time: 0.0003  memory: 998  
2025/06/30 21:46:36 - mmengine - INFO - Epoch(val)  [16][550/800]    eta: 0:00:24  time: 0.0924  data_time: 0.0003  memory: 998  
2025/06/30 21:46:41 - mmengine - INFO - Epoch(val)  [16][600/800]    eta: 0:00:19  time: 0.0917  data_time: 0.0003  memory: 998  
2025/06/30 21:46:45 - mmengine - INFO - Epoch(val)  [16][650/800]    eta: 0:00:14  time: 0.0935  data_time: 0.0003  memory: 998  
2025/06/30 21:46:50 - mmengine - INFO - Epoch(val)  [16][700/800]    eta: 0:00:09  time: 0.0919  data_time: 0.0003  memory: 998  
2025/06/30 21:46:55 - mmengine - INFO - Epoch(val)  [16][750/800]    eta: 0:00:04  time: 0.0945  data_time: 0.0003  memory: 998  
2025/06/30 21:47:01 - mmengine - INFO - Epoch(val)  [16][800/800]    eta: 0:00:00  time: 0.1237  data_time: 0.0035  memory: 998  
2025/06/30 21:47:04 - mmengine - INFO - Evaluating bbox...
2025/06/30 21:47:22 - mmengine - INFO - 
+-------------+-------+--------+--------+-------+-------+-------+
| category    | mAP   | mAP_50 | mAP_75 | mAP_s | mAP_m | mAP_l |
+-------------+-------+--------+--------+-------+-------+-------+
| car         | 0.667 | 0.958  | 0.815  | 0.45  | 0.698 | 0.0   |
| truck       | 0.245 | 0.385  | 0.279  | 0.022 | 0.268 | 0.231 |
| bus         | 0.548 | 0.792  | 0.678  | 0.002 | 0.552 | 0.596 |
| van         | 0.197 | 0.304  | 0.241  | 0.164 | 0.217 | 0.106 |
| freight_car | 0.231 | 0.34   | 0.276  | 0.015 | 0.268 | 0.115 |
+-------------+-------+--------+--------+-------+-------+-------+
2025/06/30 21:47:22 - mmengine - INFO - bbox_mAP_copypaste: 0.377 0.556 0.458 0.131 0.400 0.210
2025/06/30 21:47:22 - mmengine - INFO - Epoch(val) [16][800/800]    coco/car_precision: 0.6670  coco/truck_precision: 0.2450  coco/bus_precision: 0.5480  coco/van_precision: 0.1970  coco/freight_car_precision: 0.2310  coco/bbox_mAP: 0.3770  coco/bbox_mAP_50: 0.5560  coco/bbox_mAP_75: 0.4580  coco/bbox_mAP_s: 0.1310  coco/bbox_mAP_m: 0.4000  coco/bbox_mAP_l: 0.2100  data_time: 0.0006  time: 0.0989
2025/06/30 21:50:11 - mmengine - INFO - Epoch(train)  [17][ 50/400]  base_lr: 1.0000e-02 lr: 9.2575e-03  eta: 2 days, 16:28:35  time: 3.3710  data_time: 0.0439  memory: 10961  grad_norm: 9.4100  loss: 24.6012  loss_cls: 6.2299  loss_bbox: 9.5362  loss_dfl: 8.8350
2025/06/30 21:52:57 - mmengine - INFO - Epoch(train)  [17][100/400]  base_lr: 1.0000e-02 lr: 9.2575e-03  eta: 2 days, 16:27:37  time: 3.3312  data_time: 0.0075  memory: 10758  grad_norm: 8.7795  loss: 24.1235  loss_cls: 6.0040  loss_bbox: 9.4108  loss_dfl: 8.7087
2025/06/30 21:55:45 - mmengine - INFO - Epoch(train)  [17][150/400]  base_lr: 1.0000e-02 lr: 9.2575e-03  eta: 2 days, 16:26:42  time: 3.3406  data_time: 0.0068  memory: 10886  grad_norm: 8.6470  loss: 23.8572  loss_cls: 5.9315  loss_bbox: 9.2628  loss_dfl: 8.6629
2025/06/30 21:58:31 - mmengine - INFO - Epoch(train)  [17][200/400]  base_lr: 1.0000e-02 lr: 9.2575e-03  eta: 2 days, 16:25:42  time: 3.3346  data_time: 0.0063  memory: 11084  grad_norm: 9.1513  loss: 24.3553  loss_cls: 6.1585  loss_bbox: 9.3415  loss_dfl: 8.8553
2025/06/30 22:01:18 - mmengine - INFO - Epoch(train)  [17][250/400]  base_lr: 1.0000e-02 lr: 9.2575e-03  eta: 2 days, 16:24:39  time: 3.3329  data_time: 0.0061  memory: 10929  grad_norm: 8.8245  loss: 24.3942  loss_cls: 6.0811  loss_bbox: 9.4714  loss_dfl: 8.8417
2025/06/30 22:04:05 - mmengine - INFO - Epoch(train)  [17][300/400]  base_lr: 1.0000e-02 lr: 9.2575e-03  eta: 2 days, 16:23:37  time: 3.3365  data_time: 0.0063  memory: 10652  grad_norm: 8.9236  loss: 24.1117  loss_cls: 6.0992  loss_bbox: 9.2491  loss_dfl: 8.7635
2025/06/30 22:06:52 - mmengine - INFO - Epoch(train)  [17][350/400]  base_lr: 1.0000e-02 lr: 9.2575e-03  eta: 2 days, 16:22:34  time: 3.3386  data_time: 0.0072  memory: 10940  grad_norm: 8.3879  loss: 23.4803  loss_cls: 5.7946  loss_bbox: 9.1216  loss_dfl: 8.5641
2025/06/30 22:08:49 - mmengine - INFO - Exp name: yolov8_mambatransformer_enhance_20250630_153731
2025/06/30 22:08:49 - mmengine - INFO - Epoch(train)  [17][400/400]  base_lr: 1.0000e-02 lr: 9.2575e-03  eta: 2 days, 16:12:37  time: 2.3475  data_time: 0.0066  memory: 10817  grad_norm: 9.5348  loss: 24.3005  loss_cls: 6.0481  loss_bbox: 9.4121  loss_dfl: 8.8403
2025/06/30 22:08:49 - mmengine - INFO - Saving checkpoint at 17 epochs
2025/06/30 22:08:58 - mmengine - INFO - Epoch(val)  [17][ 50/800]    eta: 0:01:16  time: 0.1025  data_time: 0.0009  memory: 998  
2025/06/30 22:09:02 - mmengine - INFO - Epoch(val)  [17][100/800]    eta: 0:01:08  time: 0.0933  data_time: 0.0004  memory: 998  
2025/06/30 22:09:08 - mmengine - INFO - Epoch(val)  [17][150/800]    eta: 0:01:05  time: 0.1087  data_time: 0.0005  memory: 998  
2025/06/30 22:09:14 - mmengine - INFO - Epoch(val)  [17][200/800]    eta: 0:01:02  time: 0.1141  data_time: 0.0005  memory: 998  
2025/06/30 22:09:20 - mmengine - INFO - Epoch(val)  [17][250/800]    eta: 0:00:59  time: 0.1208  data_time: 0.0034  memory: 998  
2025/06/30 22:09:27 - mmengine - INFO - Epoch(val)  [17][300/800]    eta: 0:00:56  time: 0.1397  data_time: 0.0037  memory: 998  
2025/06/30 22:09:33 - mmengine - INFO - Epoch(val)  [17][350/800]    eta: 0:00:51  time: 0.1257  data_time: 0.0005  memory: 998  
2025/06/30 22:09:39 - mmengine - INFO - Epoch(val)  [17][400/800]    eta: 0:00:46  time: 0.1244  data_time: 0.0091  memory: 998  
2025/06/30 22:09:45 - mmengine - INFO - Epoch(val)  [17][450/800]    eta: 0:00:41  time: 0.1285  data_time: 0.0066  memory: 998  
2025/06/30 22:09:52 - mmengine - INFO - Epoch(val)  [17][500/800]    eta: 0:00:35  time: 0.1276  data_time: 0.0028  memory: 998  
2025/06/30 22:09:58 - mmengine - INFO - Epoch(val)  [17][550/800]    eta: 0:00:29  time: 0.1304  data_time: 0.0026  memory: 998  
2025/06/30 22:10:05 - mmengine - INFO - Epoch(val)  [17][600/800]    eta: 0:00:24  time: 0.1250  data_time: 0.0019  memory: 998  
2025/06/30 22:10:12 - mmengine - INFO - Epoch(val)  [17][650/800]    eta: 0:00:18  time: 0.1394  data_time: 0.0057  memory: 998  
2025/06/30 22:10:18 - mmengine - INFO - Epoch(val)  [17][700/800]    eta: 0:00:12  time: 0.1302  data_time: 0.0038  memory: 998  
2025/06/30 22:10:25 - mmengine - INFO - Epoch(val)  [17][750/800]    eta: 0:00:06  time: 0.1313  data_time: 0.0022  memory: 998  
2025/06/30 22:10:31 - mmengine - INFO - Epoch(val)  [17][800/800]    eta: 0:00:00  time: 0.1303  data_time: 0.0028  memory: 998  
2025/06/30 22:10:34 - mmengine - INFO - Evaluating bbox...
2025/06/30 22:10:56 - mmengine - INFO - 
+-------------+-------+--------+--------+-------+-------+-------+
| category    | mAP   | mAP_50 | mAP_75 | mAP_s | mAP_m | mAP_l |
+-------------+-------+--------+--------+-------+-------+-------+
| car         | 0.675 | 0.96   | 0.824  | 0.46  | 0.705 | 0.0   |
| truck       | 0.264 | 0.417  | 0.306  | 0.004 | 0.292 | 0.219 |
| bus         | 0.629 | 0.861  | 0.785  | 0.006 | 0.606 | 0.683 |
| van         | 0.183 | 0.282  | 0.224  | 0.146 | 0.205 | 0.044 |
| freight_car | 0.24  | 0.367  | 0.275  | 0.01  | 0.265 | 0.176 |
+-------------+-------+--------+--------+-------+-------+-------+
2025/06/30 22:10:56 - mmengine - INFO - bbox_mAP_copypaste: 0.398 0.577 0.483 0.125 0.415 0.224
2025/06/30 22:10:56 - mmengine - INFO - Epoch(val) [17][800/800]    coco/car_precision: 0.6750  coco/truck_precision: 0.2640  coco/bus_precision: 0.6290  coco/van_precision: 0.1830  coco/freight_car_precision: 0.2400  coco/bbox_mAP: 0.3980  coco/bbox_mAP_50: 0.5770  coco/bbox_mAP_75: 0.4830  coco/bbox_mAP_s: 0.1250  coco/bbox_mAP_m: 0.4150  coco/bbox_mAP_l: 0.2240  data_time: 0.0029  time: 0.1232
2025/06/30 22:10:56 - mmengine - INFO - The previous best checkpoint /data/nl/Mamba2Spectral/work_dirs/DroneVehicle/2025_06_30/yolov8_mambatransformer_enhance/best_coco_bbox_mAP_50_epoch_14.pth is removed
2025/06/30 22:10:58 - mmengine - INFO - The best checkpoint with 0.5770 coco/bbox_mAP_50 at 17 epoch is saved to best_coco_bbox_mAP_50_epoch_17.pth.
2025/06/30 22:13:50 - mmengine - INFO - Epoch(train)  [18][ 50/400]  base_lr: 1.0000e-02 lr: 9.2080e-03  eta: 2 days, 16:11:39  time: 3.3460  data_time: 0.0287  memory: 10849  grad_norm: 8.8439  loss: 24.1368  loss_cls: 5.9688  loss_bbox: 9.3970  loss_dfl: 8.7710
2025/06/30 22:16:37 - mmengine - INFO - Epoch(train)  [18][100/400]  base_lr: 1.0000e-02 lr: 9.2080e-03  eta: 2 days, 16:10:35  time: 3.3362  data_time: 0.0071  memory: 10902  grad_norm: 9.0527  loss: 24.2898  loss_cls: 6.1801  loss_bbox: 9.3655  loss_dfl: 8.7443
2025/06/30 22:19:24 - mmengine - INFO - Epoch(train)  [18][150/400]  base_lr: 1.0000e-02 lr: 9.2080e-03  eta: 2 days, 16:09:31  time: 3.3400  data_time: 0.0068  memory: 10769  grad_norm: 8.8619  loss: 24.0997  loss_cls: 6.0210  loss_bbox: 9.3090  loss_dfl: 8.7697
2025/06/30 22:22:11 - mmengine - INFO - Exp name: yolov8_mambatransformer_enhance_20250630_153731
2025/06/30 22:22:11 - mmengine - INFO - Epoch(train)  [18][200/400]  base_lr: 1.0000e-02 lr: 9.2080e-03  eta: 2 days, 16:08:22  time: 3.3323  data_time: 0.0065  memory: 10854  grad_norm: 9.1786  loss: 24.3704  loss_cls: 6.0478  loss_bbox: 9.4685  loss_dfl: 8.8541
2025/06/30 22:24:57 - mmengine - INFO - Epoch(train)  [18][250/400]  base_lr: 1.0000e-02 lr: 9.2080e-03  eta: 2 days, 16:07:12  time: 3.3343  data_time: 0.0062  memory: 10812  grad_norm: 9.3789  loss: 24.4339  loss_cls: 6.0374  loss_bbox: 9.4943  loss_dfl: 8.9022
2025/06/30 22:27:44 - mmengine - INFO - Epoch(train)  [18][300/400]  base_lr: 1.0000e-02 lr: 9.2080e-03  eta: 2 days, 16:06:03  time: 3.3375  data_time: 0.0065  memory: 10902  grad_norm: 9.1317  loss: 24.4062  loss_cls: 6.1449  loss_bbox: 9.4179  loss_dfl: 8.8434
2025/06/30 22:30:29 - mmengine - INFO - Epoch(train)  [18][350/400]  base_lr: 1.0000e-02 lr: 9.2080e-03  eta: 2 days, 16:04:35  time: 3.3028  data_time: 0.0069  memory: 10694  grad_norm: 8.7093  loss: 23.9964  loss_cls: 5.9228  loss_bbox: 9.2796  loss_dfl: 8.7939
2025/06/30 22:32:05 - mmengine - INFO - Exp name: yolov8_mambatransformer_enhance_20250630_153731
2025/06/30 22:32:05 - mmengine - INFO - Epoch(train)  [18][400/400]  base_lr: 1.0000e-02 lr: 9.2080e-03  eta: 2 days, 15:51:20  time: 1.9078  data_time: 0.0071  memory: 10892  grad_norm: 8.9258  loss: 24.5446  loss_cls: 6.0315  loss_bbox: 9.7443  loss_dfl: 8.7688
2025/06/30 22:32:05 - mmengine - INFO - Saving checkpoint at 18 epochs
2025/06/30 22:32:16 - mmengine - INFO - Epoch(val)  [18][ 50/800]    eta: 0:01:34  time: 0.1254  data_time: 0.0010  memory: 998  
2025/06/30 22:32:22 - mmengine - INFO - Epoch(val)  [18][100/800]    eta: 0:01:27  time: 0.1236  data_time: 0.0039  memory: 998  
2025/06/30 22:32:28 - mmengine - INFO - Epoch(val)  [18][150/800]    eta: 0:01:20  time: 0.1240  data_time: 0.0019  memory: 998  
2025/06/30 22:32:34 - mmengine - INFO - Epoch(val)  [18][200/800]    eta: 0:01:14  time: 0.1257  data_time: 0.0053  memory: 998  
2025/06/30 22:32:41 - mmengine - INFO - Epoch(val)  [18][250/800]    eta: 0:01:08  time: 0.1228  data_time: 0.0025  memory: 998  
2025/06/30 22:32:47 - mmengine - INFO - Epoch(val)  [18][300/800]    eta: 0:01:02  time: 0.1242  data_time: 0.0015  memory: 998  
2025/06/30 22:32:53 - mmengine - INFO - Epoch(val)  [18][350/800]    eta: 0:00:55  time: 0.1248  data_time: 0.0025  memory: 998  
2025/06/30 22:32:59 - mmengine - INFO - Epoch(val)  [18][400/800]    eta: 0:00:49  time: 0.1266  data_time: 0.0005  memory: 998  
2025/06/30 22:33:05 - mmengine - INFO - Epoch(val)  [18][450/800]    eta: 0:00:43  time: 0.1196  data_time: 0.0020  memory: 998  
2025/06/30 22:33:11 - mmengine - INFO - Epoch(val)  [18][500/800]    eta: 0:00:37  time: 0.1210  data_time: 0.0017  memory: 998  
2025/06/30 22:33:17 - mmengine - INFO - Epoch(val)  [18][550/800]    eta: 0:00:30  time: 0.1207  data_time: 0.0024  memory: 998  
2025/06/30 22:33:24 - mmengine - INFO - Epoch(val)  [18][600/800]    eta: 0:00:24  time: 0.1250  data_time: 0.0078  memory: 998  
2025/06/30 22:33:30 - mmengine - INFO - Epoch(val)  [18][650/800]    eta: 0:00:18  time: 0.1277  data_time: 0.0077  memory: 998  
2025/06/30 22:33:36 - mmengine - INFO - Epoch(val)  [18][700/800]    eta: 0:00:12  time: 0.1243  data_time: 0.0006  memory: 998  
2025/06/30 22:33:41 - mmengine - INFO - Epoch(val)  [18][750/800]    eta: 0:00:06  time: 0.1024  data_time: 0.0006  memory: 998  
2025/06/30 22:33:46 - mmengine - INFO - Epoch(val)  [18][800/800]    eta: 0:00:00  time: 0.0919  data_time: 0.0003  memory: 998  
2025/06/30 22:33:48 - mmengine - INFO - Evaluating bbox...
2025/06/30 22:34:06 - mmengine - INFO - 
+-------------+-------+--------+--------+-------+-------+-------+
| category    | mAP   | mAP_50 | mAP_75 | mAP_s | mAP_m | mAP_l |
+-------------+-------+--------+--------+-------+-------+-------+
| car         | 0.677 | 0.96   | 0.828  | 0.451 | 0.708 | 0.0   |
| truck       | 0.305 | 0.473  | 0.361  | 0.004 | 0.326 | 0.326 |
| bus         | 0.628 | 0.869  | 0.775  | 0.008 | 0.618 | 0.663 |
| van         | 0.225 | 0.333  | 0.28   | 0.183 | 0.256 | 0.044 |
| freight_car | 0.251 | 0.371  | 0.296  | 0.009 | 0.28  | 0.165 |
+-------------+-------+--------+--------+-------+-------+-------+
2025/06/30 22:34:06 - mmengine - INFO - bbox_mAP_copypaste: 0.417 0.601 0.508 0.131 0.438 0.240
2025/06/30 22:34:06 - mmengine - INFO - Epoch(val) [18][800/800]    coco/car_precision: 0.6770  coco/truck_precision: 0.3050  coco/bus_precision: 0.6280  coco/van_precision: 0.2250  coco/freight_car_precision: 0.2510  coco/bbox_mAP: 0.4170  coco/bbox_mAP_50: 0.6010  coco/bbox_mAP_75: 0.5080  coco/bbox_mAP_s: 0.1310  coco/bbox_mAP_m: 0.4380  coco/bbox_mAP_l: 0.2400  data_time: 0.0026  time: 0.1206
2025/06/30 22:34:06 - mmengine - INFO - The previous best checkpoint /data/nl/Mamba2Spectral/work_dirs/DroneVehicle/2025_06_30/yolov8_mambatransformer_enhance/best_coco_bbox_mAP_50_epoch_17.pth is removed
2025/06/30 22:34:08 - mmengine - INFO - The best checkpoint with 0.6010 coco/bbox_mAP_50 at 18 epoch is saved to best_coco_bbox_mAP_50_epoch_18.pth.
2025/06/30 22:37:01 - mmengine - INFO - Epoch(train)  [19][ 50/400]  base_lr: 1.0000e-02 lr: 9.1585e-03  eta: 2 days, 15:50:19  time: 3.3510  data_time: 0.0288  memory: 10785  grad_norm: 9.2557  loss: 24.1298  loss_cls: 5.9628  loss_bbox: 9.3616  loss_dfl: 8.8053
2025/06/30 22:39:48 - mmengine - INFO - Epoch(train)  [19][100/400]  base_lr: 1.0000e-02 lr: 9.1585e-03  eta: 2 days, 15:49:12  time: 3.3406  data_time: 0.0070  memory: 10838  grad_norm: 9.6519  loss: 24.1669  loss_cls: 5.8744  loss_bbox: 9.4488  loss_dfl: 8.8437
2025/06/30 22:42:35 - mmengine - INFO - Epoch(train)  [19][150/400]  base_lr: 1.0000e-02 lr: 9.1585e-03  eta: 2 days, 15:48:02  time: 3.3385  data_time: 0.0063  memory: 10716  grad_norm: 8.9890  loss: 24.0179  loss_cls: 5.9039  loss_bbox: 9.2899  loss_dfl: 8.8241
2025/06/30 22:45:21 - mmengine - INFO - Epoch(train)  [19][200/400]  base_lr: 1.0000e-02 lr: 9.1585e-03  eta: 2 days, 15:46:49  time: 3.3355  data_time: 0.0062  memory: 10684  grad_norm: 9.0048  loss: 24.1307  loss_cls: 5.9861  loss_bbox: 9.3442  loss_dfl: 8.8004
2025/06/30 22:48:08 - mmengine - INFO - Epoch(train)  [19][250/400]  base_lr: 1.0000e-02 lr: 9.1585e-03  eta: 2 days, 15:45:33  time: 3.3314  data_time: 0.0065  memory: 10806  grad_norm: 8.7748  loss: 23.7960  loss_cls: 5.8942  loss_bbox: 9.1775  loss_dfl: 8.7244
2025/06/30 22:50:55 - mmengine - INFO - Epoch(train)  [19][300/400]  base_lr: 1.0000e-02 lr: 9.1585e-03  eta: 2 days, 15:44:21  time: 3.3415  data_time: 0.0067  memory: 10828  grad_norm: 9.0665  loss: 24.2858  loss_cls: 6.0136  loss_bbox: 9.3856  loss_dfl: 8.8867
2025/06/30 22:53:41 - mmengine - INFO - Epoch(train)  [19][350/400]  base_lr: 1.0000e-02 lr: 9.1585e-03  eta: 2 days, 15:42:54  time: 3.3134  data_time: 0.0062  memory: 10668  grad_norm: 8.7243  loss: 23.7141  loss_cls: 5.7943  loss_bbox: 9.2291  loss_dfl: 8.6907
2025/06/30 22:55:16 - mmengine - INFO - Exp name: yolov8_mambatransformer_enhance_20250630_153731
2025/06/30 22:55:16 - mmengine - INFO - Epoch(train)  [19][400/400]  base_lr: 1.0000e-02 lr: 9.1585e-03  eta: 2 days, 15:30:19  time: 1.9145  data_time: 0.0073  memory: 10694  grad_norm: 8.8213  loss: 23.7128  loss_cls: 5.7934  loss_bbox: 9.2832  loss_dfl: 8.6362
2025/06/30 22:55:16 - mmengine - INFO - Saving checkpoint at 19 epochs
2025/06/30 22:55:28 - mmengine - INFO - Epoch(val)  [19][ 50/800]    eta: 0:01:47  time: 0.1439  data_time: 0.0022  memory: 998  
2025/06/30 22:55:35 - mmengine - INFO - Epoch(val)  [19][100/800]    eta: 0:01:35  time: 0.1294  data_time: 0.0066  memory: 998  
2025/06/30 22:55:41 - mmengine - INFO - Epoch(val)  [19][150/800]    eta: 0:01:26  time: 0.1269  data_time: 0.0034  memory: 998  
2025/06/30 22:55:48 - mmengine - INFO - Epoch(val)  [19][200/800]    eta: 0:01:19  time: 0.1314  data_time: 0.0018  memory: 998  
2025/06/30 22:55:54 - mmengine - INFO - Epoch(val)  [19][250/800]    eta: 0:01:12  time: 0.1265  data_time: 0.0043  memory: 998  
2025/06/30 22:56:00 - mmengine - INFO - Epoch(val)  [19][300/800]    eta: 0:01:05  time: 0.1237  data_time: 0.0010  memory: 998  
2025/06/30 22:56:06 - mmengine - INFO - Epoch(val)  [19][350/800]    eta: 0:00:58  time: 0.1223  data_time: 0.0025  memory: 998  
2025/06/30 22:56:13 - mmengine - INFO - Epoch(val)  [19][400/800]    eta: 0:00:51  time: 0.1310  data_time: 0.0030  memory: 998  
2025/06/30 22:56:19 - mmengine - INFO - Epoch(val)  [19][450/800]    eta: 0:00:44  time: 0.1162  data_time: 0.0024  memory: 998  
2025/06/30 22:56:24 - mmengine - INFO - Epoch(val)  [19][500/800]    eta: 0:00:37  time: 0.1078  data_time: 0.0004  memory: 998  
2025/06/30 22:56:30 - mmengine - INFO - Epoch(val)  [19][550/800]    eta: 0:00:31  time: 0.1085  data_time: 0.0004  memory: 998  
2025/06/30 22:56:35 - mmengine - INFO - Epoch(val)  [19][600/800]    eta: 0:00:24  time: 0.1117  data_time: 0.0004  memory: 998  
2025/06/30 22:56:40 - mmengine - INFO - Epoch(val)  [19][650/800]    eta: 0:00:18  time: 0.0974  data_time: 0.0004  memory: 998  
2025/06/30 22:56:45 - mmengine - INFO - Epoch(val)  [19][700/800]    eta: 0:00:11  time: 0.0935  data_time: 0.0004  memory: 998  
2025/06/30 22:56:49 - mmengine - INFO - Epoch(val)  [19][750/800]    eta: 0:00:05  time: 0.0947  data_time: 0.0004  memory: 998  
2025/06/30 22:56:54 - mmengine - INFO - Epoch(val)  [19][800/800]    eta: 0:00:00  time: 0.0929  data_time: 0.0004  memory: 998  
2025/06/30 22:56:56 - mmengine - INFO - Evaluating bbox...
2025/06/30 22:57:15 - mmengine - INFO - 
+-------------+-------+--------+--------+-------+-------+-------+
| category    | mAP   | mAP_50 | mAP_75 | mAP_s | mAP_m | mAP_l |
+-------------+-------+--------+--------+-------+-------+-------+
| car         | 0.679 | 0.961  | 0.827  | 0.457 | 0.71  | 0.0   |
| truck       | 0.324 | 0.513  | 0.382  | 0.032 | 0.335 | 0.327 |
| bus         | 0.637 | 0.887  | 0.768  | 0.005 | 0.624 | 0.675 |
| van         | 0.212 | 0.323  | 0.25   | 0.183 | 0.236 | 0.098 |
| freight_car | 0.267 | 0.392  | 0.312  | 0.012 | 0.286 | 0.231 |
+-------------+-------+--------+--------+-------+-------+-------+
2025/06/30 22:57:15 - mmengine - INFO - bbox_mAP_copypaste: 0.424 0.615 0.508 0.138 0.438 0.266
2025/06/30 22:57:15 - mmengine - INFO - Epoch(val) [19][800/800]    coco/car_precision: 0.6790  coco/truck_precision: 0.3240  coco/bus_precision: 0.6370  coco/van_precision: 0.2120  coco/freight_car_precision: 0.2670  coco/bbox_mAP: 0.4240  coco/bbox_mAP_50: 0.6150  coco/bbox_mAP_75: 0.5080  coco/bbox_mAP_s: 0.1380  coco/bbox_mAP_m: 0.4380  coco/bbox_mAP_l: 0.2660  data_time: 0.0019  time: 0.1161
2025/06/30 22:57:15 - mmengine - INFO - The previous best checkpoint /data/nl/Mamba2Spectral/work_dirs/DroneVehicle/2025_06_30/yolov8_mambatransformer_enhance/best_coco_bbox_mAP_50_epoch_18.pth is removed
2025/06/30 22:57:17 - mmengine - INFO - The best checkpoint with 0.6150 coco/bbox_mAP_50 at 19 epoch is saved to best_coco_bbox_mAP_50_epoch_19.pth.
2025/06/30 23:00:10 - mmengine - INFO - Epoch(train)  [20][ 50/400]  base_lr: 1.0000e-02 lr: 9.1090e-03  eta: 2 days, 15:29:13  time: 3.3520  data_time: 0.0281  memory: 10710  grad_norm: 9.0808  loss: 23.8198  loss_cls: 5.7573  loss_bbox: 9.2646  loss_dfl: 8.7980
2025/06/30 23:02:56 - mmengine - INFO - Epoch(train)  [20][100/400]  base_lr: 1.0000e-02 lr: 9.1090e-03  eta: 2 days, 15:27:55  time: 3.3292  data_time: 0.0061  memory: 10913  grad_norm: 9.0929  loss: 23.7483  loss_cls: 5.8938  loss_bbox: 9.1880  loss_dfl: 8.6665
2025/06/30 23:05:43 - mmengine - INFO - Epoch(train)  [20][150/400]  base_lr: 1.0000e-02 lr: 9.1090e-03  eta: 2 days, 15:26:40  time: 3.3383  data_time: 0.0064  memory: 10844  grad_norm: 8.7845  loss: 23.7855  loss_cls: 5.8235  loss_bbox: 9.2363  loss_dfl: 8.7257
2025/06/30 23:08:30 - mmengine - INFO - Epoch(train)  [20][200/400]  base_lr: 1.0000e-02 lr: 9.1090e-03  eta: 2 days, 15:25:22  time: 3.3345  data_time: 0.0069  memory: 10998  grad_norm: 9.6927  loss: 24.4683  loss_cls: 6.1508  loss_bbox: 9.4039  loss_dfl: 8.9136
2025/06/30 23:11:16 - mmengine - INFO - Epoch(train)  [20][250/400]  base_lr: 1.0000e-02 lr: 9.1090e-03  eta: 2 days, 15:24:00  time: 3.3279  data_time: 0.0063  memory: 10886  grad_norm: 8.8921  loss: 23.9688  loss_cls: 5.8793  loss_bbox: 9.4185  loss_dfl: 8.6710
2025/06/30 23:14:03 - mmengine - INFO - Epoch(train)  [20][300/400]  base_lr: 1.0000e-02 lr: 9.1090e-03  eta: 2 days, 15:22:41  time: 3.3362  data_time: 0.0068  memory: 10636  grad_norm: 9.6014  loss: 23.9134  loss_cls: 5.9195  loss_bbox: 9.2328  loss_dfl: 8.7611
2025/06/30 23:16:50 - mmengine - INFO - Epoch(train)  [20][350/400]  base_lr: 1.0000e-02 lr: 9.1090e-03  eta: 2 days, 15:21:22  time: 3.3395  data_time: 0.0076  memory: 11100  grad_norm: 8.9129  loss: 24.1689  loss_cls: 5.9465  loss_bbox: 9.4546  loss_dfl: 8.7679
2025/06/30 23:18:28 - mmengine - INFO - Exp name: yolov8_mambatransformer_enhance_20250630_153731
2025/06/30 23:18:28 - mmengine - INFO - Epoch(train)  [20][400/400]  base_lr: 1.0000e-02 lr: 9.1090e-03  eta: 2 days, 15:09:45  time: 1.9675  data_time: 0.0078  memory: 10961  grad_norm: 9.0680  loss: 23.8559  loss_cls: 5.8301  loss_bbox: 9.3076  loss_dfl: 8.7182
2025/06/30 23:18:28 - mmengine - INFO - Saving checkpoint at 20 epochs
2025/06/30 23:18:39 - mmengine - INFO - Epoch(val)  [20][ 50/800]    eta: 0:01:26  time: 0.1151  data_time: 0.0011  memory: 998  
2025/06/30 23:18:45 - mmengine - INFO - Epoch(val)  [20][100/800]    eta: 0:01:25  time: 0.1281  data_time: 0.0057  memory: 998  
2025/06/30 23:18:51 - mmengine - INFO - Epoch(val)  [20][150/800]    eta: 0:01:19  time: 0.1237  data_time: 0.0057  memory: 998  
2025/06/30 23:18:57 - mmengine - INFO - Epoch(val)  [20][200/800]    eta: 0:01:13  time: 0.1220  data_time: 0.0063  memory: 998  
2025/06/30 23:19:03 - mmengine - INFO - Epoch(val)  [20][250/800]    eta: 0:01:06  time: 0.1190  data_time: 0.0019  memory: 998  
2025/06/30 23:19:09 - mmengine - INFO - Epoch(val)  [20][300/800]    eta: 0:01:00  time: 0.1139  data_time: 0.0006  memory: 998  
2025/06/30 23:19:15 - mmengine - INFO - Epoch(val)  [20][350/800]    eta: 0:00:53  time: 0.1084  data_time: 0.0004  memory: 998  
2025/06/30 23:19:20 - mmengine - INFO - Epoch(val)  [20][400/800]    eta: 0:00:46  time: 0.1080  data_time: 0.0004  memory: 998  
2025/06/30 23:19:26 - mmengine - INFO - Epoch(val)  [20][450/800]    eta: 0:00:40  time: 0.1124  data_time: 0.0005  memory: 998  
2025/06/30 23:19:31 - mmengine - INFO - Epoch(val)  [20][500/800]    eta: 0:00:34  time: 0.1096  data_time: 0.0004  memory: 998  
2025/06/30 23:19:37 - mmengine - INFO - Epoch(val)  [20][550/800]    eta: 0:00:28  time: 0.1098  data_time: 0.0004  memory: 998  
2025/06/30 23:19:42 - mmengine - INFO - Epoch(val)  [20][600/800]    eta: 0:00:23  time: 0.1102  data_time: 0.0004  memory: 998  
2025/06/30 23:19:48 - mmengine - INFO - Epoch(val)  [20][650/800]    eta: 0:00:17  time: 0.1100  data_time: 0.0004  memory: 998  
2025/06/30 23:19:53 - mmengine - INFO - Epoch(val)  [20][700/800]    eta: 0:00:11  time: 0.1097  data_time: 0.0004  memory: 998  
2025/06/30 23:19:58 - mmengine - INFO - Epoch(val)  [20][750/800]    eta: 0:00:05  time: 0.0981  data_time: 0.0004  memory: 998  
2025/06/30 23:20:03 - mmengine - INFO - Epoch(val)  [20][800/800]    eta: 0:00:00  time: 0.0937  data_time: 0.0003  memory: 998  
2025/06/30 23:20:05 - mmengine - INFO - Evaluating bbox...
2025/06/30 23:20:22 - mmengine - INFO - 
+-------------+-------+--------+--------+-------+-------+-------+
| category    | mAP   | mAP_50 | mAP_75 | mAP_s | mAP_m | mAP_l |
+-------------+-------+--------+--------+-------+-------+-------+
| car         | 0.678 | 0.963  | 0.829  | 0.463 | 0.709 | 0.001 |
| truck       | 0.334 | 0.508  | 0.389  | 0.006 | 0.358 | 0.306 |
| bus         | 0.664 | 0.899  | 0.829  | 0.003 | 0.646 | 0.707 |
| van         | 0.235 | 0.348  | 0.295  | 0.283 | 0.252 | 0.044 |
| freight_car | 0.281 | 0.405  | 0.34   | 0.013 | 0.298 | 0.252 |
+-------------+-------+--------+--------+-------+-------+-------+
2025/06/30 23:20:22 - mmengine - INFO - bbox_mAP_copypaste: 0.438 0.624 0.536 0.154 0.453 0.262
2025/06/30 23:20:22 - mmengine - INFO - Epoch(val) [20][800/800]    coco/car_precision: 0.6780  coco/truck_precision: 0.3340  coco/bus_precision: 0.6640  coco/van_precision: 0.2350  coco/freight_car_precision: 0.2810  coco/bbox_mAP: 0.4380  coco/bbox_mAP_50: 0.6240  coco/bbox_mAP_75: 0.5360  coco/bbox_mAP_s: 0.1540  coco/bbox_mAP_m: 0.4530  coco/bbox_mAP_l: 0.2620  data_time: 0.0016  time: 0.1119
2025/06/30 23:20:22 - mmengine - INFO - The previous best checkpoint /data/nl/Mamba2Spectral/work_dirs/DroneVehicle/2025_06_30/yolov8_mambatransformer_enhance/best_coco_bbox_mAP_50_epoch_19.pth is removed
2025/06/30 23:20:24 - mmengine - INFO - The best checkpoint with 0.6240 coco/bbox_mAP_50 at 20 epoch is saved to best_coco_bbox_mAP_50_epoch_20.pth.
2025/06/30 23:23:16 - mmengine - INFO - Epoch(train)  [21][ 50/400]  base_lr: 1.0000e-02 lr: 9.0595e-03  eta: 2 days, 15:08:32  time: 3.3476  data_time: 0.0294  memory: 10673  grad_norm: 9.4558  loss: 24.1784  loss_cls: 5.9804  loss_bbox: 9.4462  loss_dfl: 8.7518
2025/06/30 23:26:03 - mmengine - INFO - Epoch(train)  [21][100/400]  base_lr: 1.0000e-02 lr: 9.0595e-03  eta: 2 days, 15:07:09  time: 3.3293  data_time: 0.0061  memory: 10801  grad_norm: 8.9093  loss: 23.7619  loss_cls: 5.7981  loss_bbox: 9.2481  loss_dfl: 8.7157
2025/06/30 23:28:49 - mmengine - INFO - Epoch(train)  [21][150/400]  base_lr: 1.0000e-02 lr: 9.0595e-03  eta: 2 days, 15:05:46  time: 3.3295  data_time: 0.0062  memory: 10673  grad_norm: 8.9174  loss: 23.8018  loss_cls: 5.8450  loss_bbox: 9.2668  loss_dfl: 8.6900
2025/06/30 23:31:36 - mmengine - INFO - Epoch(train)  [21][200/400]  base_lr: 1.0000e-02 lr: 9.0595e-03  eta: 2 days, 15:04:26  time: 3.3399  data_time: 0.0064  memory: 10774  grad_norm: 8.8967  loss: 23.7095  loss_cls: 5.8029  loss_bbox: 9.2927  loss_dfl: 8.6139
2025/06/30 23:34:23 - mmengine - INFO - Epoch(train)  [21][250/400]  base_lr: 1.0000e-02 lr: 9.0595e-03  eta: 2 days, 15:03:03  time: 3.3360  data_time: 0.0062  memory: 10790  grad_norm: 9.0998  loss: 23.8775  loss_cls: 5.8519  loss_bbox: 9.3998  loss_dfl: 8.6258
2025/06/30 23:37:10 - mmengine - INFO - Epoch(train)  [21][300/400]  base_lr: 1.0000e-02 lr: 9.0595e-03  eta: 2 days, 15:01:37  time: 3.3298  data_time: 0.0061  memory: 10828  grad_norm: 8.6734  loss: 23.4182  loss_cls: 5.6147  loss_bbox: 9.1519  loss_dfl: 8.6516
2025/06/30 23:39:56 - mmengine - INFO - Epoch(train)  [21][350/400]  base_lr: 1.0000e-02 lr: 9.0595e-03  eta: 2 days, 15:00:08  time: 3.3258  data_time: 0.0060  memory: 10812  grad_norm: 8.9604  loss: 23.1630  loss_cls: 5.7063  loss_bbox: 8.8583  loss_dfl: 8.5984
2025/06/30 23:41:40 - mmengine - INFO - Exp name: yolov8_mambatransformer_enhance_20250630_153731
2025/06/30 23:41:40 - mmengine - INFO - Epoch(train)  [21][400/400]  base_lr: 1.0000e-02 lr: 9.0595e-03  eta: 2 days, 14:49:43  time: 2.0704  data_time: 0.0081  memory: 10886  grad_norm: 9.1118  loss: 23.8305  loss_cls: 5.8585  loss_bbox: 9.2215  loss_dfl: 8.7505
2025/06/30 23:41:40 - mmengine - INFO - Saving checkpoint at 21 epochs
2025/06/30 23:41:49 - mmengine - INFO - Epoch(val)  [21][ 50/800]    eta: 0:01:33  time: 0.1253  data_time: 0.0009  memory: 998  
2025/06/30 23:41:54 - mmengine - INFO - Epoch(val)  [21][100/800]    eta: 0:01:19  time: 0.1025  data_time: 0.0005  memory: 998  
2025/06/30 23:41:59 - mmengine - INFO - Epoch(val)  [21][150/800]    eta: 0:01:09  time: 0.0950  data_time: 0.0004  memory: 998  
2025/06/30 23:42:04 - mmengine - INFO - Epoch(val)  [21][200/800]    eta: 0:01:04  time: 0.1066  data_time: 0.0004  memory: 998  
2025/06/30 23:42:10 - mmengine - INFO - Epoch(val)  [21][250/800]    eta: 0:00:59  time: 0.1093  data_time: 0.0004  memory: 998  
2025/06/30 23:42:15 - mmengine - INFO - Epoch(val)  [21][300/800]    eta: 0:00:53  time: 0.1092  data_time: 0.0004  memory: 998  
2025/06/30 23:42:21 - mmengine - INFO - Epoch(val)  [21][350/800]    eta: 0:00:48  time: 0.1102  data_time: 0.0004  memory: 998  
2025/06/30 23:42:26 - mmengine - INFO - Epoch(val)  [21][400/800]    eta: 0:00:43  time: 0.1095  data_time: 0.0004  memory: 998  
2025/06/30 23:42:32 - mmengine - INFO - Epoch(val)  [21][450/800]    eta: 0:00:37  time: 0.1093  data_time: 0.0004  memory: 998  
2025/06/30 23:42:37 - mmengine - INFO - Epoch(val)  [21][500/800]    eta: 0:00:32  time: 0.1098  data_time: 0.0004  memory: 998  
2025/06/30 23:42:43 - mmengine - INFO - Epoch(val)  [21][550/800]    eta: 0:00:27  time: 0.1096  data_time: 0.0004  memory: 998  
2025/06/30 23:42:48 - mmengine - INFO - Epoch(val)  [21][600/800]    eta: 0:00:21  time: 0.1102  data_time: 0.0004  memory: 998  
2025/06/30 23:42:54 - mmengine - INFO - Epoch(val)  [21][650/800]    eta: 0:00:16  time: 0.1097  data_time: 0.0004  memory: 998  
2025/06/30 23:42:59 - mmengine - INFO - Epoch(val)  [21][700/800]    eta: 0:00:10  time: 0.1102  data_time: 0.0004  memory: 998  
2025/06/30 23:43:05 - mmengine - INFO - Epoch(val)  [21][750/800]    eta: 0:00:05  time: 0.1103  data_time: 0.0004  memory: 998  
2025/06/30 23:43:10 - mmengine - INFO - Epoch(val)  [21][800/800]    eta: 0:00:00  time: 0.1104  data_time: 0.0004  memory: 998  
2025/06/30 23:43:13 - mmengine - INFO - Evaluating bbox...
2025/06/30 23:43:30 - mmengine - INFO - 
+-------------+-------+--------+--------+-------+-------+-------+
| category    | mAP   | mAP_50 | mAP_75 | mAP_s | mAP_m | mAP_l |
+-------------+-------+--------+--------+-------+-------+-------+
| car         | 0.681 | 0.963  | 0.829  | 0.458 | 0.713 | 0.001 |
| truck       | 0.325 | 0.499  | 0.388  | 0.01  | 0.343 | 0.317 |
| bus         | 0.682 | 0.91   | 0.841  | 0.001 | 0.649 | 0.746 |
| van         | 0.255 | 0.374  | 0.317  | 0.244 | 0.287 | 0.058 |
| freight_car | 0.298 | 0.435  | 0.35   | 0.019 | 0.321 | 0.24  |
+-------------+-------+--------+--------+-------+-------+-------+
2025/06/30 23:43:30 - mmengine - INFO - bbox_mAP_copypaste: 0.448 0.636 0.545 0.146 0.462 0.272
2025/06/30 23:43:30 - mmengine - INFO - Epoch(val) [21][800/800]    coco/car_precision: 0.6810  coco/truck_precision: 0.3250  coco/bus_precision: 0.6820  coco/van_precision: 0.2550  coco/freight_car_precision: 0.2980  coco/bbox_mAP: 0.4480  coco/bbox_mAP_50: 0.6360  coco/bbox_mAP_75: 0.5450  coco/bbox_mAP_s: 0.1460  coco/bbox_mAP_m: 0.4620  coco/bbox_mAP_l: 0.2720  data_time: 0.0004  time: 0.1092
2025/06/30 23:43:30 - mmengine - INFO - The previous best checkpoint /data/nl/Mamba2Spectral/work_dirs/DroneVehicle/2025_06_30/yolov8_mambatransformer_enhance/best_coco_bbox_mAP_50_epoch_20.pth is removed
2025/06/30 23:43:32 - mmengine - INFO - The best checkpoint with 0.6360 coco/bbox_mAP_50 at 21 epoch is saved to best_coco_bbox_mAP_50_epoch_21.pth.
2025/06/30 23:46:25 - mmengine - INFO - Epoch(train)  [22][ 50/400]  base_lr: 1.0000e-02 lr: 9.0100e-03  eta: 2 days, 14:48:24  time: 3.3469  data_time: 0.0280  memory: 10801  grad_norm: 8.9109  loss: 23.6662  loss_cls: 5.7425  loss_bbox: 9.2296  loss_dfl: 8.6941
2025/06/30 23:49:10 - mmengine - INFO - Epoch(train)  [22][100/400]  base_lr: 1.0000e-02 lr: 9.0100e-03  eta: 2 days, 14:46:52  time: 3.3177  data_time: 0.0059  memory: 10817  grad_norm: 9.1216  loss: 24.0248  loss_cls: 5.9424  loss_bbox: 9.3174  loss_dfl: 8.7649
2025/06/30 23:51:57 - mmengine - INFO - Epoch(train)  [22][150/400]  base_lr: 1.0000e-02 lr: 9.0100e-03  eta: 2 days, 14:45:27  time: 3.3345  data_time: 0.0061  memory: 10796  grad_norm: 9.0420  loss: 24.0500  loss_cls: 6.0026  loss_bbox: 9.2637  loss_dfl: 8.7836
2025/06/30 23:54:44 - mmengine - INFO - Epoch(train)  [22][200/400]  base_lr: 1.0000e-02 lr: 9.0100e-03  eta: 2 days, 14:43:59  time: 3.3309  data_time: 0.0063  memory: 10844  grad_norm: 9.2401  loss: 23.9019  loss_cls: 5.8093  loss_bbox: 9.3671  loss_dfl: 8.7254
2025/06/30 23:57:30 - mmengine - INFO - Epoch(train)  [22][250/400]  base_lr: 1.0000e-02 lr: 9.0100e-03  eta: 2 days, 14:42:31  time: 3.3344  data_time: 0.0063  memory: 11148  grad_norm: 8.3434  loss: 23.5203  loss_cls: 5.6680  loss_bbox: 9.3043  loss_dfl: 8.5479
2025/07/01 00:00:17 - mmengine - INFO - Epoch(train)  [22][300/400]  base_lr: 1.0000e-02 lr: 9.0100e-03  eta: 2 days, 14:41:00  time: 3.3268  data_time: 0.0059  memory: 10833  grad_norm: 9.2667  loss: 24.0569  loss_cls: 5.9590  loss_bbox: 9.2840  loss_dfl: 8.8139
2025/07/01 00:03:04 - mmengine - INFO - Epoch(train)  [22][350/400]  base_lr: 1.0000e-02 lr: 9.0100e-03  eta: 2 days, 14:39:30  time: 3.3329  data_time: 0.0063  memory: 11057  grad_norm: 9.0792  loss: 23.7239  loss_cls: 5.7615  loss_bbox: 9.3025  loss_dfl: 8.6599
2025/07/01 00:04:51 - mmengine - INFO - Exp name: yolov8_mambatransformer_enhance_20250630_153731
2025/07/01 00:04:51 - mmengine - INFO - Epoch(train)  [22][400/400]  base_lr: 1.0000e-02 lr: 9.0100e-03  eta: 2 days, 14:30:01  time: 2.1512  data_time: 0.0094  memory: 10924  grad_norm: 8.5897  loss: 23.4307  loss_cls: 5.7319  loss_bbox: 9.1745  loss_dfl: 8.5244
2025/07/01 00:04:51 - mmengine - INFO - Saving checkpoint at 22 epochs
2025/07/01 00:04:59 - mmengine - INFO - Epoch(val)  [22][ 50/800]    eta: 0:01:10  time: 0.0934  data_time: 0.0008  memory: 998  
2025/07/01 00:05:04 - mmengine - INFO - Epoch(val)  [22][100/800]    eta: 0:01:04  time: 0.0920  data_time: 0.0003  memory: 998  
2025/07/01 00:05:08 - mmengine - INFO - Epoch(val)  [22][150/800]    eta: 0:01:00  time: 0.0925  data_time: 0.0004  memory: 998  
2025/07/01 00:05:13 - mmengine - INFO - Epoch(val)  [22][200/800]    eta: 0:00:56  time: 0.1009  data_time: 0.0004  memory: 998  
2025/07/01 00:05:19 - mmengine - INFO - Epoch(val)  [22][250/800]    eta: 0:00:53  time: 0.1078  data_time: 0.0004  memory: 998  
2025/07/01 00:05:24 - mmengine - INFO - Epoch(val)  [22][300/800]    eta: 0:00:48  time: 0.0999  data_time: 0.0003  memory: 998  
2025/07/01 00:05:29 - mmengine - INFO - Epoch(val)  [22][350/800]    eta: 0:00:44  time: 0.1095  data_time: 0.0004  memory: 998  
2025/07/01 00:05:35 - mmengine - INFO - Epoch(val)  [22][400/800]    eta: 0:00:40  time: 0.1097  data_time: 0.0004  memory: 998  
2025/07/01 00:05:40 - mmengine - INFO - Epoch(val)  [22][450/800]    eta: 0:00:35  time: 0.1101  data_time: 0.0004  memory: 998  
2025/07/01 00:05:46 - mmengine - INFO - Epoch(val)  [22][500/800]    eta: 0:00:30  time: 0.1105  data_time: 0.0004  memory: 998  
2025/07/01 00:05:51 - mmengine - INFO - Epoch(val)  [22][550/800]    eta: 0:00:25  time: 0.1106  data_time: 0.0004  memory: 998  
2025/07/01 00:05:57 - mmengine - INFO - Epoch(val)  [22][600/800]    eta: 0:00:20  time: 0.1103  data_time: 0.0004  memory: 998  
2025/07/01 00:06:02 - mmengine - INFO - Epoch(val)  [22][650/800]    eta: 0:00:15  time: 0.1107  data_time: 0.0004  memory: 998  
2025/07/01 00:06:08 - mmengine - INFO - Epoch(val)  [22][700/800]    eta: 0:00:10  time: 0.1107  data_time: 0.0005  memory: 998  
2025/07/01 00:06:14 - mmengine - INFO - Epoch(val)  [22][750/800]    eta: 0:00:05  time: 0.1133  data_time: 0.0004  memory: 998  
2025/07/01 00:06:20 - mmengine - INFO - Epoch(val)  [22][800/800]    eta: 0:00:00  time: 0.1190  data_time: 0.0004  memory: 998  
2025/07/01 00:06:22 - mmengine - INFO - Evaluating bbox...
2025/07/01 00:06:38 - mmengine - INFO - 
+-------------+-------+--------+--------+-------+-------+-------+
| category    | mAP   | mAP_50 | mAP_75 | mAP_s | mAP_m | mAP_l |
+-------------+-------+--------+--------+-------+-------+-------+
| car         | 0.685 | 0.962  | 0.835  | 0.458 | 0.716 | 0.0   |
| truck       | 0.352 | 0.536  | 0.419  | 0.023 | 0.367 | 0.346 |
| bus         | 0.669 | 0.9    | 0.822  | 0.002 | 0.642 | 0.738 |
| van         | 0.231 | 0.337  | 0.287  | 0.231 | 0.248 | 0.108 |
| freight_car | 0.297 | 0.422  | 0.35   | 0.021 | 0.321 | 0.231 |
+-------------+-------+--------+--------+-------+-------+-------+
2025/07/01 00:06:38 - mmengine - INFO - bbox_mAP_copypaste: 0.447 0.631 0.543 0.147 0.459 0.284
2025/07/01 00:06:39 - mmengine - INFO - Epoch(val) [22][800/800]    coco/car_precision: 0.6850  coco/truck_precision: 0.3520  coco/bus_precision: 0.6690  coco/van_precision: 0.2310  coco/freight_car_precision: 0.2970  coco/bbox_mAP: 0.4470  coco/bbox_mAP_50: 0.6310  coco/bbox_mAP_75: 0.5430  coco/bbox_mAP_s: 0.1470  coco/bbox_mAP_m: 0.4590  coco/bbox_mAP_l: 0.2840  data_time: 0.0004  time: 0.1063
2025/07/01 00:09:26 - mmengine - INFO - Epoch(train)  [23][ 50/400]  base_lr: 1.0000e-02 lr: 8.9605e-03  eta: 2 days, 14:28:43  time: 3.3584  data_time: 0.0304  memory: 10998  grad_norm: 9.1057  loss: 23.8475  loss_cls: 5.8821  loss_bbox: 9.2221  loss_dfl: 8.7433
2025/07/01 00:12:13 - mmengine - INFO - Epoch(train)  [23][100/400]  base_lr: 1.0000e-02 lr: 8.9605e-03  eta: 2 days, 14:27:14  time: 3.3341  data_time: 0.0065  memory: 11121  grad_norm: 8.8539  loss: 23.7058  loss_cls: 5.7516  loss_bbox: 9.2895  loss_dfl: 8.6646
2025/07/01 00:15:00 - mmengine - INFO - Epoch(train)  [23][150/400]  base_lr: 1.0000e-02 lr: 8.9605e-03  eta: 2 days, 14:25:46  time: 3.3389  data_time: 0.0065  memory: 10790  grad_norm: 8.6036  loss: 23.2182  loss_cls: 5.6086  loss_bbox: 8.9982  loss_dfl: 8.6114
2025/07/01 00:17:47 - mmengine - INFO - Exp name: yolov8_mambatransformer_enhance_20250630_153731
2025/07/01 00:17:47 - mmengine - INFO - Epoch(train)  [23][200/400]  base_lr: 1.0000e-02 lr: 8.9605e-03  eta: 2 days, 14:24:13  time: 3.3291  data_time: 0.0061  memory: 10705  grad_norm: 8.9641  loss: 23.0329  loss_cls: 5.4883  loss_bbox: 8.9969  loss_dfl: 8.5477
2025/07/01 00:20:33 - mmengine - INFO - Epoch(train)  [23][250/400]  base_lr: 1.0000e-02 lr: 8.9605e-03  eta: 2 days, 14:22:41  time: 3.3315  data_time: 0.0065  memory: 10870  grad_norm: 9.3325  loss: 23.6746  loss_cls: 5.7557  loss_bbox: 9.2425  loss_dfl: 8.6764
2025/07/01 00:23:20 - mmengine - INFO - Epoch(train)  [23][300/400]  base_lr: 1.0000e-02 lr: 8.9605e-03  eta: 2 days, 14:21:07  time: 3.3321  data_time: 0.0061  memory: 10844  grad_norm: 9.1365  loss: 23.5018  loss_cls: 5.6259  loss_bbox: 9.1410  loss_dfl: 8.7348
2025/07/01 00:26:07 - mmengine - INFO - Epoch(train)  [23][350/400]  base_lr: 1.0000e-02 lr: 8.9605e-03  eta: 2 days, 14:19:35  time: 3.3353  data_time: 0.0075  memory: 10657  grad_norm: 8.9229  loss: 23.5528  loss_cls: 5.6688  loss_bbox: 9.1107  loss_dfl: 8.7733
2025/07/01 00:28:02 - mmengine - INFO - Exp name: yolov8_mambatransformer_enhance_20250630_153731
2025/07/01 00:28:02 - mmengine - INFO - Epoch(train)  [23][400/400]  base_lr: 1.0000e-02 lr: 8.9605e-03  eta: 2 days, 14:11:25  time: 2.3056  data_time: 0.0085  memory: 11105  grad_norm: 9.0909  loss: 23.4547  loss_cls: 5.6154  loss_bbox: 9.1297  loss_dfl: 8.7097
2025/07/01 00:28:02 - mmengine - INFO - Saving checkpoint at 23 epochs
2025/07/01 00:28:10 - mmengine - INFO - Epoch(val)  [23][ 50/800]    eta: 0:01:09  time: 0.0920  data_time: 0.0011  memory: 998  
2025/07/01 00:28:15 - mmengine - INFO - Epoch(val)  [23][100/800]    eta: 0:01:07  time: 0.1022  data_time: 0.0004  memory: 998  
2025/07/01 00:28:20 - mmengine - INFO - Epoch(val)  [23][150/800]    eta: 0:01:03  time: 0.0987  data_time: 0.0004  memory: 998  
2025/07/01 00:28:25 - mmengine - INFO - Epoch(val)  [23][200/800]    eta: 0:01:00  time: 0.1084  data_time: 0.0005  memory: 998  
2025/07/01 00:28:31 - mmengine - INFO - Epoch(val)  [23][250/800]    eta: 0:00:56  time: 0.1112  data_time: 0.0005  memory: 998  
2025/07/01 00:28:36 - mmengine - INFO - Epoch(val)  [23][300/800]    eta: 0:00:51  time: 0.1107  data_time: 0.0005  memory: 998  
2025/07/01 00:28:41 - mmengine - INFO - Epoch(val)  [23][350/800]    eta: 0:00:46  time: 0.0988  data_time: 0.0005  memory: 998  
2025/07/01 00:28:47 - mmengine - INFO - Epoch(val)  [23][400/800]    eta: 0:00:41  time: 0.1030  data_time: 0.0005  memory: 998  
2025/07/01 00:28:51 - mmengine - INFO - Epoch(val)  [23][450/800]    eta: 0:00:35  time: 0.0960  data_time: 0.0005  memory: 998  
2025/07/01 00:28:56 - mmengine - INFO - Epoch(val)  [23][500/800]    eta: 0:00:30  time: 0.1014  data_time: 0.0005  memory: 998  
2025/07/01 00:29:02 - mmengine - INFO - Epoch(val)  [23][550/800]    eta: 0:00:25  time: 0.1130  data_time: 0.0005  memory: 998  
2025/07/01 00:29:07 - mmengine - INFO - Epoch(val)  [23][600/800]    eta: 0:00:20  time: 0.1046  data_time: 0.0005  memory: 998  
2025/07/01 00:29:12 - mmengine - INFO - Epoch(val)  [23][650/800]    eta: 0:00:15  time: 0.1028  data_time: 0.0005  memory: 998  
2025/07/01 00:29:18 - mmengine - INFO - Epoch(val)  [23][700/800]    eta: 0:00:10  time: 0.1112  data_time: 0.0005  memory: 998  
2025/07/01 00:29:23 - mmengine - INFO - Epoch(val)  [23][750/800]    eta: 0:00:05  time: 0.1017  data_time: 0.0005  memory: 998  
2025/07/01 00:29:29 - mmengine - INFO - Epoch(val)  [23][800/800]    eta: 0:00:00  time: 0.1087  data_time: 0.0006  memory: 998  
2025/07/01 00:29:31 - mmengine - INFO - Evaluating bbox...
2025/07/01 00:29:48 - mmengine - INFO - 
+-------------+-------+--------+--------+-------+-------+-------+
| category    | mAP   | mAP_50 | mAP_75 | mAP_s | mAP_m | mAP_l |
+-------------+-------+--------+--------+-------+-------+-------+
| car         | 0.685 | 0.963  | 0.833  | 0.462 | 0.717 | 0.0   |
| truck       | 0.367 | 0.557  | 0.438  | 0.009 | 0.386 | 0.356 |
| bus         | 0.696 | 0.918  | 0.854  | 0.004 | 0.659 | 0.759 |
| van         | 0.28  | 0.402  | 0.359  | 0.227 | 0.311 | 0.091 |
| freight_car | 0.312 | 0.455  | 0.362  | 0.028 | 0.326 | 0.297 |
+-------------+-------+--------+--------+-------+-------+-------+
2025/07/01 00:29:48 - mmengine - INFO - bbox_mAP_copypaste: 0.468 0.659 0.569 0.146 0.480 0.301
2025/07/01 00:29:48 - mmengine - INFO - Epoch(val) [23][800/800]    coco/car_precision: 0.6850  coco/truck_precision: 0.3670  coco/bus_precision: 0.6960  coco/van_precision: 0.2800  coco/freight_car_precision: 0.3120  coco/bbox_mAP: 0.4680  coco/bbox_mAP_50: 0.6590  coco/bbox_mAP_75: 0.5690  coco/bbox_mAP_s: 0.1460  coco/bbox_mAP_m: 0.4800  coco/bbox_mAP_l: 0.3010  data_time: 0.0005  time: 0.1041
2025/07/01 00:29:48 - mmengine - INFO - The previous best checkpoint /data/nl/Mamba2Spectral/work_dirs/DroneVehicle/2025_06_30/yolov8_mambatransformer_enhance/best_coco_bbox_mAP_50_epoch_21.pth is removed
2025/07/01 00:29:50 - mmengine - INFO - The best checkpoint with 0.6590 coco/bbox_mAP_50 at 23 epoch is saved to best_coco_bbox_mAP_50_epoch_23.pth.
2025/07/01 00:32:43 - mmengine - INFO - Epoch(train)  [24][ 50/400]  base_lr: 1.0000e-02 lr: 8.9110e-03  eta: 2 days, 14:10:01  time: 3.3554  data_time: 0.0292  memory: 10817  grad_norm: 8.8419  loss: 23.3223  loss_cls: 5.6000  loss_bbox: 9.1074  loss_dfl: 8.6149
2025/07/01 00:35:30 - mmengine - INFO - Epoch(train)  [24][100/400]  base_lr: 1.0000e-02 lr: 8.9110e-03  eta: 2 days, 14:08:28  time: 3.3352  data_time: 0.0061  memory: 10806  grad_norm: 8.8170  loss: 23.5403  loss_cls: 5.7403  loss_bbox: 9.1172  loss_dfl: 8.6829
2025/07/01 00:38:17 - mmengine - INFO - Epoch(train)  [24][150/400]  base_lr: 1.0000e-02 lr: 8.9110e-03  eta: 2 days, 14:06:54  time: 3.3341  data_time: 0.0061  memory: 10694  grad_norm: 8.4735  loss: 23.4716  loss_cls: 5.6239  loss_bbox: 9.1812  loss_dfl: 8.6666
2025/07/01 00:41:04 - mmengine - INFO - Epoch(train)  [24][200/400]  base_lr: 1.0000e-02 lr: 8.9110e-03  eta: 2 days, 14:05:21  time: 3.3388  data_time: 0.0063  memory: 10929  grad_norm: 9.0801  loss: 23.5418  loss_cls: 5.7042  loss_bbox: 9.1404  loss_dfl: 8.6971
2025/07/01 00:43:51 - mmengine - INFO - Epoch(train)  [24][250/400]  base_lr: 1.0000e-02 lr: 8.9110e-03  eta: 2 days, 14:03:48  time: 3.3404  data_time: 0.0064  memory: 10806  grad_norm: 9.5741  loss: 24.2154  loss_cls: 5.9246  loss_bbox: 9.4325  loss_dfl: 8.8584
2025/07/01 00:46:37 - mmengine - INFO - Epoch(train)  [24][300/400]  base_lr: 1.0000e-02 lr: 8.9110e-03  eta: 2 days, 14:02:11  time: 3.3339  data_time: 0.0061  memory: 10876  grad_norm: 8.4895  loss: 23.2855  loss_cls: 5.5745  loss_bbox: 9.1635  loss_dfl: 8.5475
2025/07/01 00:49:24 - mmengine - INFO - Epoch(train)  [24][350/400]  base_lr: 1.0000e-02 lr: 8.9110e-03  eta: 2 days, 14:00:33  time: 3.3321  data_time: 0.0083  memory: 10817  grad_norm: 8.6925  loss: 23.2792  loss_cls: 5.4597  loss_bbox: 9.1611  loss_dfl: 8.6583
2025/07/01 00:51:13 - mmengine - INFO - Exp name: yolov8_mambatransformer_enhance_20250630_153731
2025/07/01 00:51:13 - mmengine - INFO - Epoch(train)  [24][400/400]  base_lr: 1.0000e-02 lr: 8.9110e-03  eta: 2 days, 13:51:53  time: 2.1816  data_time: 0.0068  memory: 10822  grad_norm: 9.0446  loss: 23.3687  loss_cls: 5.5831  loss_bbox: 9.1074  loss_dfl: 8.6782
2025/07/01 00:51:13 - mmengine - INFO - Saving checkpoint at 24 epochs
2025/07/01 00:51:22 - mmengine - INFO - Epoch(val)  [24][ 50/800]    eta: 0:01:17  time: 0.1037  data_time: 0.0009  memory: 998  
2025/07/01 00:51:27 - mmengine - INFO - Epoch(val)  [24][100/800]    eta: 0:01:15  time: 0.1116  data_time: 0.0004  memory: 998  
2025/07/01 00:51:33 - mmengine - INFO - Epoch(val)  [24][150/800]    eta: 0:01:10  time: 0.1092  data_time: 0.0004  memory: 998  
2025/07/01 00:51:38 - mmengine - INFO - Epoch(val)  [24][200/800]    eta: 0:01:04  time: 0.1086  data_time: 0.0004  memory: 998  
2025/07/01 00:51:44 - mmengine - INFO - Epoch(val)  [24][250/800]    eta: 0:00:59  time: 0.1102  data_time: 0.0004  memory: 998  
2025/07/01 00:51:49 - mmengine - INFO - Epoch(val)  [24][300/800]    eta: 0:00:54  time: 0.1081  data_time: 0.0004  memory: 998  
2025/07/01 00:51:54 - mmengine - INFO - Epoch(val)  [24][350/800]    eta: 0:00:48  time: 0.1088  data_time: 0.0004  memory: 998  
2025/07/01 00:52:00 - mmengine - INFO - Epoch(val)  [24][400/800]    eta: 0:00:43  time: 0.1091  data_time: 0.0005  memory: 998  
2025/07/01 00:52:05 - mmengine - INFO - Epoch(val)  [24][450/800]    eta: 0:00:38  time: 0.1084  data_time: 0.0004  memory: 998  
2025/07/01 00:52:11 - mmengine - INFO - Epoch(val)  [24][500/800]    eta: 0:00:32  time: 0.1084  data_time: 0.0004  memory: 998  
2025/07/01 00:52:16 - mmengine - INFO - Epoch(val)  [24][550/800]    eta: 0:00:27  time: 0.1093  data_time: 0.0004  memory: 998  
2025/07/01 00:52:22 - mmengine - INFO - Epoch(val)  [24][600/800]    eta: 0:00:21  time: 0.1096  data_time: 0.0004  memory: 998  
2025/07/01 00:52:27 - mmengine - INFO - Epoch(val)  [24][650/800]    eta: 0:00:16  time: 0.1100  data_time: 0.0004  memory: 998  
2025/07/01 00:52:33 - mmengine - INFO - Epoch(val)  [24][700/800]    eta: 0:00:10  time: 0.1101  data_time: 0.0004  memory: 998  
2025/07/01 00:52:38 - mmengine - INFO - Epoch(val)  [24][750/800]    eta: 0:00:05  time: 0.1099  data_time: 0.0004  memory: 998  
2025/07/01 00:52:44 - mmengine - INFO - Epoch(val)  [24][800/800]    eta: 0:00:00  time: 0.1094  data_time: 0.0004  memory: 998  
2025/07/01 00:52:45 - mmengine - INFO - Evaluating bbox...
2025/07/01 00:53:02 - mmengine - INFO - 
+-------------+-------+--------+--------+-------+-------+-------+
| category    | mAP   | mAP_50 | mAP_75 | mAP_s | mAP_m | mAP_l |
+-------------+-------+--------+--------+-------+-------+-------+
| car         | 0.686 | 0.964  | 0.836  | 0.466 | 0.717 | 0.0   |
| truck       | 0.389 | 0.591  | 0.458  | 0.022 | 0.402 | 0.392 |
| bus         | 0.69  | 0.913  | 0.851  | 0.003 | 0.663 | 0.745 |
| van         | 0.269 | 0.391  | 0.34   | 0.246 | 0.3   | 0.122 |
| freight_car | 0.307 | 0.442  | 0.361  | 0.034 | 0.328 | 0.268 |
+-------------+-------+--------+--------+-------+-------+-------+
2025/07/01 00:53:02 - mmengine - INFO - bbox_mAP_copypaste: 0.468 0.660 0.569 0.154 0.482 0.305
2025/07/01 00:53:02 - mmengine - INFO - Epoch(val) [24][800/800]    coco/car_precision: 0.6860  coco/truck_precision: 0.3890  coco/bus_precision: 0.6900  coco/van_precision: 0.2690  coco/freight_car_precision: 0.3070  coco/bbox_mAP: 0.4680  coco/bbox_mAP_50: 0.6600  coco/bbox_mAP_75: 0.5690  coco/bbox_mAP_s: 0.1540  coco/bbox_mAP_m: 0.4820  coco/bbox_mAP_l: 0.3050  data_time: 0.0005  time: 0.1090
2025/07/01 00:53:02 - mmengine - INFO - The previous best checkpoint /data/nl/Mamba2Spectral/work_dirs/DroneVehicle/2025_06_30/yolov8_mambatransformer_enhance/best_coco_bbox_mAP_50_epoch_23.pth is removed
2025/07/01 00:53:05 - mmengine - INFO - The best checkpoint with 0.6600 coco/bbox_mAP_50 at 24 epoch is saved to best_coco_bbox_mAP_50_epoch_24.pth.
2025/07/01 00:55:58 - mmengine - INFO - Epoch(train)  [25][ 50/400]  base_lr: 1.0000e-02 lr: 8.8615e-03  eta: 2 days, 13:50:31  time: 3.3727  data_time: 0.0404  memory: 10748  grad_norm: 9.0644  loss: 23.4889  loss_cls: 5.7687  loss_bbox: 9.1592  loss_dfl: 8.5611
2025/07/01 00:58:45 - mmengine - INFO - Epoch(train)  [25][100/400]  base_lr: 1.0000e-02 lr: 8.8615e-03  eta: 2 days, 13:48:57  time: 3.3401  data_time: 0.0070  memory: 10694  grad_norm: 9.2135  loss: 23.6465  loss_cls: 5.7898  loss_bbox: 9.1254  loss_dfl: 8.7313
2025/07/01 01:01:32 - mmengine - INFO - Epoch(train)  [25][150/400]  base_lr: 1.0000e-02 lr: 8.8615e-03  eta: 2 days, 13:47:20  time: 3.3377  data_time: 0.0067  memory: 10748  grad_norm: 9.5133  loss: 23.5691  loss_cls: 5.7988  loss_bbox: 9.1292  loss_dfl: 8.6411
2025/07/01 01:04:19 - mmengine - INFO - Epoch(train)  [25][200/400]  base_lr: 1.0000e-02 lr: 8.8615e-03  eta: 2 days, 13:45:43  time: 3.3372  data_time: 0.0069  memory: 10796  grad_norm: 9.0976  loss: 23.5224  loss_cls: 5.6886  loss_bbox: 9.2133  loss_dfl: 8.6205
2025/07/01 01:07:06 - mmengine - INFO - Epoch(train)  [25][250/400]  base_lr: 1.0000e-02 lr: 8.8615e-03  eta: 2 days, 13:44:04  time: 3.3349  data_time: 0.0066  memory: 10801  grad_norm: 9.6038  loss: 23.6058  loss_cls: 5.7266  loss_bbox: 9.1983  loss_dfl: 8.6809
2025/07/01 01:09:52 - mmengine - INFO - Epoch(train)  [25][300/400]  base_lr: 1.0000e-02 lr: 8.8615e-03  eta: 2 days, 13:42:24  time: 3.3318  data_time: 0.0067  memory: 10753  grad_norm: 8.8179  loss: 23.4855  loss_cls: 5.7604  loss_bbox: 8.9859  loss_dfl: 8.7393
2025/07/01 01:12:39 - mmengine - INFO - Epoch(train)  [25][350/400]  base_lr: 1.0000e-02 lr: 8.8615e-03  eta: 2 days, 13:40:45  time: 3.3378  data_time: 0.0086  memory: 10822  grad_norm: 9.3660  loss: 23.7124  loss_cls: 5.8087  loss_bbox: 9.2176  loss_dfl: 8.6861
2025/07/01 01:14:26 - mmengine - INFO - Exp name: yolov8_mambatransformer_enhance_20250630_153731
2025/07/01 01:14:26 - mmengine - INFO - Epoch(train)  [25][400/400]  base_lr: 1.0000e-02 lr: 8.8615e-03  eta: 2 days, 13:32:02  time: 2.1298  data_time: 0.0067  memory: 10652  grad_norm: 8.8667  loss: 23.3267  loss_cls: 5.5596  loss_bbox: 9.0466  loss_dfl: 8.7205
2025/07/01 01:14:26 - mmengine - INFO - Saving checkpoint at 25 epochs
2025/07/01 01:14:34 - mmengine - INFO - Epoch(val)  [25][ 50/800]    eta: 0:01:17  time: 0.1038  data_time: 0.0012  memory: 998  
2025/07/01 01:14:40 - mmengine - INFO - Epoch(val)  [25][100/800]    eta: 0:01:15  time: 0.1126  data_time: 0.0005  memory: 998  
2025/07/01 01:14:45 - mmengine - INFO - Epoch(val)  [25][150/800]    eta: 0:01:07  time: 0.0957  data_time: 0.0004  memory: 998  
2025/07/01 01:14:50 - mmengine - INFO - Epoch(val)  [25][200/800]    eta: 0:01:03  time: 0.1098  data_time: 0.0004  memory: 998  
2025/07/01 01:14:56 - mmengine - INFO - Epoch(val)  [25][250/800]    eta: 0:00:59  time: 0.1174  data_time: 0.0004  memory: 998  
2025/07/01 01:15:02 - mmengine - INFO - Epoch(val)  [25][300/800]    eta: 0:00:54  time: 0.1165  data_time: 0.0005  memory: 998  
2025/07/01 01:15:07 - mmengine - INFO - Epoch(val)  [25][350/800]    eta: 0:00:48  time: 0.1050  data_time: 0.0004  memory: 998  
2025/07/01 01:15:13 - mmengine - INFO - Epoch(val)  [25][400/800]    eta: 0:00:43  time: 0.1092  data_time: 0.0004  memory: 998  
2025/07/01 01:15:18 - mmengine - INFO - Epoch(val)  [25][450/800]    eta: 0:00:38  time: 0.1092  data_time: 0.0004  memory: 998  
2025/07/01 01:15:24 - mmengine - INFO - Epoch(val)  [25][500/800]    eta: 0:00:32  time: 0.1090  data_time: 0.0004  memory: 998  
2025/07/01 01:15:29 - mmengine - INFO - Epoch(val)  [25][550/800]    eta: 0:00:27  time: 0.1096  data_time: 0.0004  memory: 998  
2025/07/01 01:15:34 - mmengine - INFO - Epoch(val)  [25][600/800]    eta: 0:00:21  time: 0.1085  data_time: 0.0004  memory: 998  
2025/07/01 01:15:40 - mmengine - INFO - Epoch(val)  [25][650/800]    eta: 0:00:16  time: 0.1089  data_time: 0.0004  memory: 998  
2025/07/01 01:15:46 - mmengine - INFO - Epoch(val)  [25][700/800]    eta: 0:00:10  time: 0.1211  data_time: 0.0005  memory: 998  
2025/07/01 01:15:52 - mmengine - INFO - Epoch(val)  [25][750/800]    eta: 0:00:05  time: 0.1236  data_time: 0.0036  memory: 998  
2025/07/01 01:15:58 - mmengine - INFO - Epoch(val)  [25][800/800]    eta: 0:00:00  time: 0.1233  data_time: 0.0072  memory: 998  
2025/07/01 01:16:01 - mmengine - INFO - Evaluating bbox...
2025/07/01 01:16:23 - mmengine - INFO - 
+-------------+-------+--------+--------+-------+-------+-------+
| category    | mAP   | mAP_50 | mAP_75 | mAP_s | mAP_m | mAP_l |
+-------------+-------+--------+--------+-------+-------+-------+
| car         | 0.689 | 0.964  | 0.838  | 0.475 | 0.72  | 0.0   |
| truck       | 0.369 | 0.565  | 0.443  | 0.018 | 0.374 | 0.4   |
| bus         | 0.69  | 0.911  | 0.861  | 0.015 | 0.664 | 0.741 |
| van         | 0.259 | 0.384  | 0.314  | 0.227 | 0.286 | 0.17  |
| freight_car | 0.316 | 0.457  | 0.363  | 0.021 | 0.326 | 0.318 |
+-------------+-------+--------+--------+-------+-------+-------+
2025/07/01 01:16:23 - mmengine - INFO - bbox_mAP_copypaste: 0.465 0.656 0.564 0.151 0.474 0.326
2025/07/01 01:16:24 - mmengine - INFO - Epoch(val) [25][800/800]    coco/car_precision: 0.6890  coco/truck_precision: 0.3690  coco/bus_precision: 0.6900  coco/van_precision: 0.2590  coco/freight_car_precision: 0.3160  coco/bbox_mAP: 0.4650  coco/bbox_mAP_50: 0.6560  coco/bbox_mAP_75: 0.5640  coco/bbox_mAP_s: 0.1510  coco/bbox_mAP_m: 0.4740  coco/bbox_mAP_l: 0.3260  data_time: 0.0011  time: 0.1115
2025/07/01 01:19:12 - mmengine - INFO - Epoch(train)  [26][ 50/400]  base_lr: 1.0000e-02 lr: 8.8120e-03  eta: 2 days, 13:30:36  time: 3.3705  data_time: 0.0399  memory: 10897  grad_norm: 8.7017  loss: 23.1832  loss_cls: 5.6089  loss_bbox: 8.9533  loss_dfl: 8.6210
2025/07/01 01:21:59 - mmengine - INFO - Epoch(train)  [26][100/400]  base_lr: 1.0000e-02 lr: 8.8120e-03  eta: 2 days, 13:28:56  time: 3.3357  data_time: 0.0064  memory: 10822  grad_norm: 8.5013  loss: 22.6302  loss_cls: 5.2838  loss_bbox: 8.8921  loss_dfl: 8.4544
2025/07/01 01:24:46 - mmengine - INFO - Epoch(train)  [26][150/400]  base_lr: 1.0000e-02 lr: 8.8120e-03  eta: 2 days, 13:27:18  time: 3.3417  data_time: 0.0063  memory: 10673  grad_norm: 8.8457  loss: 23.1824  loss_cls: 5.4639  loss_bbox: 9.0618  loss_dfl: 8.6568
2025/07/01 01:27:33 - mmengine - INFO - Epoch(train)  [26][200/400]  base_lr: 1.0000e-02 lr: 8.8120e-03  eta: 2 days, 13:25:39  time: 3.3407  data_time: 0.0064  memory: 11025  grad_norm: 9.2716  loss: 23.3038  loss_cls: 5.6266  loss_bbox: 9.1051  loss_dfl: 8.5720
2025/07/01 01:30:19 - mmengine - INFO - Epoch(train)  [26][250/400]  base_lr: 1.0000e-02 lr: 8.8120e-03  eta: 2 days, 13:23:54  time: 3.3233  data_time: 0.0060  memory: 10737  grad_norm: 8.8474  loss: 23.2939  loss_cls: 5.5949  loss_bbox: 9.0951  loss_dfl: 8.6039
2025/07/01 01:33:06 - mmengine - INFO - Epoch(train)  [26][300/400]  base_lr: 1.0000e-02 lr: 8.8120e-03  eta: 2 days, 13:22:10  time: 3.3298  data_time: 0.0065  memory: 10934  grad_norm: 8.7795  loss: 22.9023  loss_cls: 5.4065  loss_bbox: 8.9170  loss_dfl: 8.5788
2025/07/01 01:35:53 - mmengine - INFO - Epoch(train)  [26][350/400]  base_lr: 1.0000e-02 lr: 8.8120e-03  eta: 2 days, 13:20:27  time: 3.3343  data_time: 0.0082  memory: 10737  grad_norm: 9.1027  loss: 23.6923  loss_cls: 5.7592  loss_bbox: 9.1615  loss_dfl: 8.7716
2025/07/01 01:37:39 - mmengine - INFO - Exp name: yolov8_mambatransformer_enhance_20250630_153731
2025/07/01 01:37:39 - mmengine - INFO - Epoch(train)  [26][400/400]  base_lr: 1.0000e-02 lr: 8.8120e-03  eta: 2 days, 13:11:58  time: 2.1254  data_time: 0.0065  memory: 10844  grad_norm: 8.5993  loss: 23.0548  loss_cls: 5.4495  loss_bbox: 8.9882  loss_dfl: 8.6171
2025/07/01 01:37:39 - mmengine - INFO - Saving checkpoint at 26 epochs
2025/07/01 01:37:48 - mmengine - INFO - Epoch(val)  [26][ 50/800]    eta: 0:01:22  time: 0.1098  data_time: 0.0008  memory: 998  
2025/07/01 01:37:53 - mmengine - INFO - Epoch(val)  [26][100/800]    eta: 0:01:16  time: 0.1083  data_time: 0.0004  memory: 998  
2025/07/01 01:37:59 - mmengine - INFO - Epoch(val)  [26][150/800]    eta: 0:01:10  time: 0.1090  data_time: 0.0004  memory: 998  
2025/07/01 01:38:04 - mmengine - INFO - Epoch(val)  [26][200/800]    eta: 0:01:05  time: 0.1089  data_time: 0.0004  memory: 998  
2025/07/01 01:38:09 - mmengine - INFO - Epoch(val)  [26][250/800]    eta: 0:00:58  time: 0.0996  data_time: 0.0004  memory: 998  
2025/07/01 01:38:14 - mmengine - INFO - Epoch(val)  [26][300/800]    eta: 0:00:53  time: 0.1097  data_time: 0.0004  memory: 998  
2025/07/01 01:38:20 - mmengine - INFO - Epoch(val)  [26][350/800]    eta: 0:00:48  time: 0.1098  data_time: 0.0004  memory: 998  
2025/07/01 01:38:25 - mmengine - INFO - Epoch(val)  [26][400/800]    eta: 0:00:42  time: 0.1009  data_time: 0.0004  memory: 998  
2025/07/01 01:38:30 - mmengine - INFO - Epoch(val)  [26][450/800]    eta: 0:00:36  time: 0.0925  data_time: 0.0004  memory: 998  
2025/07/01 01:38:34 - mmengine - INFO - Epoch(val)  [26][500/800]    eta: 0:00:31  time: 0.0969  data_time: 0.0004  memory: 998  
2025/07/01 01:38:40 - mmengine - INFO - Epoch(val)  [26][550/800]    eta: 0:00:26  time: 0.1108  data_time: 0.0021  memory: 998  
2025/07/01 01:38:46 - mmengine - INFO - Epoch(val)  [26][600/800]    eta: 0:00:21  time: 0.1263  data_time: 0.0025  memory: 998  
2025/07/01 01:38:53 - mmengine - INFO - Epoch(val)  [26][650/800]    eta: 0:00:16  time: 0.1254  data_time: 0.0015  memory: 998  
2025/07/01 01:38:59 - mmengine - INFO - Epoch(val)  [26][700/800]    eta: 0:00:10  time: 0.1307  data_time: 0.0006  memory: 998  
2025/07/01 01:39:06 - mmengine - INFO - Epoch(val)  [26][750/800]    eta: 0:00:05  time: 0.1459  data_time: 0.0021  memory: 998  
2025/07/01 01:39:13 - mmengine - INFO - Epoch(val)  [26][800/800]    eta: 0:00:00  time: 0.1314  data_time: 0.0063  memory: 998  
2025/07/01 01:39:15 - mmengine - INFO - Evaluating bbox...
2025/07/01 01:39:33 - mmengine - INFO - 
+-------------+-------+--------+--------+-------+-------+-------+
| category    | mAP   | mAP_50 | mAP_75 | mAP_s | mAP_m | mAP_l |
+-------------+-------+--------+--------+-------+-------+-------+
| car         | 0.688 | 0.964  | 0.833  | 0.468 | 0.719 | 0.0   |
| truck       | 0.395 | 0.601  | 0.472  | 0.013 | 0.4   | 0.41  |
| bus         | 0.696 | 0.924  | 0.87   | 0.009 | 0.665 | 0.754 |
| van         | 0.291 | 0.429  | 0.372  | 0.205 | 0.316 | 0.204 |
| freight_car | 0.323 | 0.472  | 0.38   | 0.018 | 0.325 | 0.369 |
+-------------+-------+--------+--------+-------+-------+-------+
2025/07/01 01:39:33 - mmengine - INFO - bbox_mAP_copypaste: 0.478 0.678 0.586 0.143 0.485 0.347
2025/07/01 01:39:33 - mmengine - INFO - Epoch(val) [26][800/800]    coco/car_precision: 0.6880  coco/truck_precision: 0.3950  coco/bus_precision: 0.6960  coco/van_precision: 0.2910  coco/freight_car_precision: 0.3230  coco/bbox_mAP: 0.4780  coco/bbox_mAP_50: 0.6780  coco/bbox_mAP_75: 0.5860  coco/bbox_mAP_s: 0.1430  coco/bbox_mAP_m: 0.4850  coco/bbox_mAP_l: 0.3470  data_time: 0.0012  time: 0.1135
2025/07/01 01:39:33 - mmengine - INFO - The previous best checkpoint /data/nl/Mamba2Spectral/work_dirs/DroneVehicle/2025_06_30/yolov8_mambatransformer_enhance/best_coco_bbox_mAP_50_epoch_24.pth is removed
2025/07/01 01:39:36 - mmengine - INFO - The best checkpoint with 0.6780 coco/bbox_mAP_50 at 26 epoch is saved to best_coco_bbox_mAP_50_epoch_26.pth.
2025/07/01 01:42:29 - mmengine - INFO - Epoch(train)  [27][ 50/400]  base_lr: 1.0000e-02 lr: 8.7625e-03  eta: 2 days, 13:10:29  time: 3.3714  data_time: 0.0422  memory: 11057  grad_norm: 8.4959  loss: 23.3099  loss_cls: 5.4970  loss_bbox: 9.2056  loss_dfl: 8.6073
2025/07/01 01:45:16 - mmengine - INFO - Epoch(train)  [27][100/400]  base_lr: 1.0000e-02 lr: 8.7625e-03  eta: 2 days, 13:08:47  time: 3.3367  data_time: 0.0063  memory: 10956  grad_norm: 9.3943  loss: 23.6621  loss_cls: 5.6309  loss_bbox: 9.1862  loss_dfl: 8.8450
2025/07/01 01:48:03 - mmengine - INFO - Epoch(train)  [27][150/400]  base_lr: 1.0000e-02 lr: 8.7625e-03  eta: 2 days, 13:07:06  time: 3.3430  data_time: 0.0069  memory: 10977  grad_norm: 8.6374  loss: 23.1562  loss_cls: 5.5303  loss_bbox: 9.0066  loss_dfl: 8.6193
2025/07/01 01:50:50 - mmengine - INFO - Epoch(train)  [27][200/400]  base_lr: 1.0000e-02 lr: 8.7625e-03  eta: 2 days, 13:05:21  time: 3.3298  data_time: 0.0062  memory: 10710  grad_norm: 9.0810  loss: 23.3928  loss_cls: 5.7035  loss_bbox: 9.0249  loss_dfl: 8.6644
2025/07/01 01:53:37 - mmengine - INFO - Epoch(train)  [27][250/400]  base_lr: 1.0000e-02 lr: 8.7625e-03  eta: 2 days, 13:03:35  time: 3.3315  data_time: 0.0063  memory: 10694  grad_norm: 8.5043  loss: 22.7336  loss_cls: 5.3048  loss_bbox: 8.8781  loss_dfl: 8.5507
2025/07/01 01:56:23 - mmengine - INFO - Epoch(train)  [27][300/400]  base_lr: 1.0000e-02 lr: 8.7625e-03  eta: 2 days, 13:01:50  time: 3.3335  data_time: 0.0073  memory: 10924  grad_norm: 9.5648  loss: 23.2893  loss_cls: 5.4661  loss_bbox: 9.1251  loss_dfl: 8.6982
2025/07/01 01:59:10 - mmengine - INFO - Epoch(train)  [27][350/400]  base_lr: 1.0000e-02 lr: 8.7625e-03  eta: 2 days, 13:00:04  time: 3.3349  data_time: 0.0064  memory: 10977  grad_norm: 9.0930  loss: 23.1053  loss_cls: 5.5194  loss_bbox: 8.9323  loss_dfl: 8.6536
2025/07/01 02:00:50 - mmengine - INFO - Exp name: yolov8_mambatransformer_enhance_20250630_153731
2025/07/01 02:00:50 - mmengine - INFO - Epoch(train)  [27][400/400]  base_lr: 1.0000e-02 lr: 8.7625e-03  eta: 2 days, 12:51:13  time: 2.0089  data_time: 0.0066  memory: 10801  grad_norm: 8.6895  loss: 22.9635  loss_cls: 5.5069  loss_bbox: 8.9173  loss_dfl: 8.5393
2025/07/01 02:00:50 - mmengine - INFO - Saving checkpoint at 27 epochs
2025/07/01 02:00:59 - mmengine - INFO - Epoch(val)  [27][ 50/800]    eta: 0:01:21  time: 0.1082  data_time: 0.0010  memory: 998  
2025/07/01 02:01:05 - mmengine - INFO - Epoch(val)  [27][100/800]    eta: 0:01:16  time: 0.1092  data_time: 0.0004  memory: 998  
2025/07/01 02:01:10 - mmengine - INFO - Epoch(val)  [27][150/800]    eta: 0:01:10  time: 0.1083  data_time: 0.0004  memory: 998  
2025/07/01 02:01:15 - mmengine - INFO - Epoch(val)  [27][200/800]    eta: 0:01:05  time: 0.1088  data_time: 0.0004  memory: 998  
2025/07/01 02:01:21 - mmengine - INFO - Epoch(val)  [27][250/800]    eta: 0:00:59  time: 0.1086  data_time: 0.0004  memory: 998  
2025/07/01 02:01:26 - mmengine - INFO - Epoch(val)  [27][300/800]    eta: 0:00:54  time: 0.1080  data_time: 0.0004  memory: 998  
2025/07/01 02:01:32 - mmengine - INFO - Epoch(val)  [27][350/800]    eta: 0:00:48  time: 0.1094  data_time: 0.0004  memory: 998  
2025/07/01 02:01:37 - mmengine - INFO - Epoch(val)  [27][400/800]    eta: 0:00:43  time: 0.1098  data_time: 0.0005  memory: 998  
2025/07/01 02:01:43 - mmengine - INFO - Epoch(val)  [27][450/800]    eta: 0:00:38  time: 0.1206  data_time: 0.0024  memory: 998  
2025/07/01 02:01:50 - mmengine - INFO - Epoch(val)  [27][500/800]    eta: 0:00:33  time: 0.1259  data_time: 0.0055  memory: 998  
2025/07/01 02:01:56 - mmengine - INFO - Epoch(val)  [27][550/800]    eta: 0:00:28  time: 0.1288  data_time: 0.0039  memory: 998  
2025/07/01 02:02:02 - mmengine - INFO - Epoch(val)  [27][600/800]    eta: 0:00:22  time: 0.1290  data_time: 0.0023  memory: 998  
2025/07/01 02:02:09 - mmengine - INFO - Epoch(val)  [27][650/800]    eta: 0:00:17  time: 0.1280  data_time: 0.0054  memory: 998  
2025/07/01 02:02:15 - mmengine - INFO - Epoch(val)  [27][700/800]    eta: 0:00:11  time: 0.1281  data_time: 0.0038  memory: 998  
2025/07/01 02:02:22 - mmengine - INFO - Epoch(val)  [27][750/800]    eta: 0:00:05  time: 0.1281  data_time: 0.0114  memory: 998  
2025/07/01 02:02:28 - mmengine - INFO - Epoch(val)  [27][800/800]    eta: 0:00:00  time: 0.1252  data_time: 0.0005  memory: 998  
2025/07/01 02:02:30 - mmengine - INFO - Evaluating bbox...
2025/07/01 02:02:49 - mmengine - INFO - 
+-------------+-------+--------+--------+-------+-------+-------+
| category    | mAP   | mAP_50 | mAP_75 | mAP_s | mAP_m | mAP_l |
+-------------+-------+--------+--------+-------+-------+-------+
| car         | 0.69  | 0.964  | 0.84   | 0.474 | 0.721 | 0.0   |
| truck       | 0.394 | 0.594  | 0.481  | 0.018 | 0.406 | 0.402 |
| bus         | 0.702 | 0.926  | 0.865  | 0.009 | 0.674 | 0.759 |
| van         | 0.3   | 0.443  | 0.364  | 0.232 | 0.322 | 0.236 |
| freight_car | 0.352 | 0.502  | 0.422  | 0.013 | 0.36  | 0.363 |
+-------------+-------+--------+--------+-------+-------+-------+
2025/07/01 02:02:49 - mmengine - INFO - bbox_mAP_copypaste: 0.488 0.686 0.595 0.149 0.497 0.352
2025/07/01 02:02:49 - mmengine - INFO - Epoch(val) [27][800/800]    coco/car_precision: 0.6900  coco/truck_precision: 0.3940  coco/bus_precision: 0.7020  coco/van_precision: 0.3000  coco/freight_car_precision: 0.3520  coco/bbox_mAP: 0.4880  coco/bbox_mAP_50: 0.6860  coco/bbox_mAP_75: 0.5950  coco/bbox_mAP_s: 0.1490  coco/bbox_mAP_m: 0.4970  coco/bbox_mAP_l: 0.3520  data_time: 0.0024  time: 0.1178
2025/07/01 02:02:49 - mmengine - INFO - The previous best checkpoint /data/nl/Mamba2Spectral/work_dirs/DroneVehicle/2025_06_30/yolov8_mambatransformer_enhance/best_coco_bbox_mAP_50_epoch_26.pth is removed
2025/07/01 02:02:52 - mmengine - INFO - The best checkpoint with 0.6860 coco/bbox_mAP_50 at 27 epoch is saved to best_coco_bbox_mAP_50_epoch_27.pth.
2025/07/01 02:05:45 - mmengine - INFO - Epoch(train)  [28][ 50/400]  base_lr: 1.0000e-02 lr: 8.7130e-03  eta: 2 days, 12:49:36  time: 3.3577  data_time: 0.0365  memory: 10801  grad_norm: 9.1460  loss: 23.3662  loss_cls: 5.6335  loss_bbox: 9.0631  loss_dfl: 8.6697
2025/07/01 02:08:32 - mmengine - INFO - Epoch(train)  [28][100/400]  base_lr: 1.0000e-02 lr: 8.7130e-03  eta: 2 days, 12:47:52  time: 3.3376  data_time: 0.0061  memory: 10961  grad_norm: 9.1698  loss: 23.4181  loss_cls: 5.5390  loss_bbox: 9.2765  loss_dfl: 8.6026
2025/07/01 02:11:18 - mmengine - INFO - Epoch(train)  [28][150/400]  base_lr: 1.0000e-02 lr: 8.7130e-03  eta: 2 days, 12:46:07  time: 3.3359  data_time: 0.0063  memory: 10822  grad_norm: 9.0586  loss: 23.4287  loss_cls: 5.4744  loss_bbox: 9.2412  loss_dfl: 8.7131
2025/07/01 02:14:05 - mmengine - INFO - Exp name: yolov8_mambatransformer_enhance_20250630_153731
2025/07/01 02:14:05 - mmengine - INFO - Epoch(train)  [28][200/400]  base_lr: 1.0000e-02 lr: 8.7130e-03  eta: 2 days, 12:44:20  time: 3.3325  data_time: 0.0061  memory: 10716  grad_norm: 8.3439  loss: 22.9710  loss_cls: 5.3405  loss_bbox: 9.0779  loss_dfl: 8.5526
2025/07/01 02:16:52 - mmengine - INFO - Epoch(train)  [28][250/400]  base_lr: 1.0000e-02 lr: 8.7130e-03  eta: 2 days, 12:42:32  time: 3.3319  data_time: 0.0059  memory: 10908  grad_norm: 8.9494  loss: 22.8019  loss_cls: 5.3792  loss_bbox: 8.8981  loss_dfl: 8.5246
2025/07/01 02:19:38 - mmengine - INFO - Epoch(train)  [28][300/400]  base_lr: 1.0000e-02 lr: 8.7130e-03  eta: 2 days, 12:40:44  time: 3.3329  data_time: 0.0081  memory: 10812  grad_norm: 8.6109  loss: 23.1148  loss_cls: 5.4943  loss_bbox: 9.0077  loss_dfl: 8.6128
2025/07/01 02:22:25 - mmengine - INFO - Epoch(train)  [28][350/400]  base_lr: 1.0000e-02 lr: 8.7130e-03  eta: 2 days, 12:38:53  time: 3.3250  data_time: 0.0063  memory: 10790  grad_norm: 9.2147  loss: 23.3609  loss_cls: 5.7079  loss_bbox: 9.0322  loss_dfl: 8.6208
2025/07/01 02:24:03 - mmengine - INFO - Exp name: yolov8_mambatransformer_enhance_20250630_153731
2025/07/01 02:24:03 - mmengine - INFO - Epoch(train)  [28][400/400]  base_lr: 1.0000e-02 lr: 8.7130e-03  eta: 2 days, 12:30:07  time: 1.9733  data_time: 0.0059  memory: 10748  grad_norm: 8.4412  loss: 22.7244  loss_cls: 5.4385  loss_bbox: 8.8368  loss_dfl: 8.4491
2025/07/01 02:24:03 - mmengine - INFO - Saving checkpoint at 28 epochs
2025/07/01 02:24:11 - mmengine - INFO - Epoch(val)  [28][ 50/800]    eta: 0:01:12  time: 0.0964  data_time: 0.0008  memory: 998  
2025/07/01 02:24:16 - mmengine - INFO - Epoch(val)  [28][100/800]    eta: 0:01:05  time: 0.0920  data_time: 0.0003  memory: 998  
2025/07/01 02:24:20 - mmengine - INFO - Epoch(val)  [28][150/800]    eta: 0:01:00  time: 0.0927  data_time: 0.0004  memory: 998  
2025/07/01 02:24:26 - mmengine - INFO - Epoch(val)  [28][200/800]    eta: 0:00:57  time: 0.1027  data_time: 0.0004  memory: 998  
2025/07/01 02:24:31 - mmengine - INFO - Epoch(val)  [28][250/800]    eta: 0:00:54  time: 0.1090  data_time: 0.0004  memory: 998  
2025/07/01 02:24:36 - mmengine - INFO - Epoch(val)  [28][300/800]    eta: 0:00:50  time: 0.1088  data_time: 0.0004  memory: 998  
2025/07/01 02:24:42 - mmengine - INFO - Epoch(val)  [28][350/800]    eta: 0:00:45  time: 0.1088  data_time: 0.0004  memory: 998  
2025/07/01 02:24:48 - mmengine - INFO - Epoch(val)  [28][400/800]    eta: 0:00:41  time: 0.1226  data_time: 0.0014  memory: 998  
2025/07/01 02:24:54 - mmengine - INFO - Epoch(val)  [28][450/800]    eta: 0:00:37  time: 0.1253  data_time: 0.0010  memory: 998  
2025/07/01 02:25:00 - mmengine - INFO - Epoch(val)  [28][500/800]    eta: 0:00:32  time: 0.1221  data_time: 0.0029  memory: 998  
2025/07/01 02:25:07 - mmengine - INFO - Epoch(val)  [28][550/800]    eta: 0:00:27  time: 0.1222  data_time: 0.0037  memory: 998  
2025/07/01 02:25:13 - mmengine - INFO - Epoch(val)  [28][600/800]    eta: 0:00:22  time: 0.1340  data_time: 0.0039  memory: 998  
2025/07/01 02:25:19 - mmengine - INFO - Epoch(val)  [28][650/800]    eta: 0:00:16  time: 0.1230  data_time: 0.0008  memory: 998  
2025/07/01 02:25:26 - mmengine - INFO - Epoch(val)  [28][700/800]    eta: 0:00:11  time: 0.1231  data_time: 0.0009  memory: 998  
2025/07/01 02:25:32 - mmengine - INFO - Epoch(val)  [28][750/800]    eta: 0:00:05  time: 0.1250  data_time: 0.0023  memory: 998  
2025/07/01 02:25:38 - mmengine - INFO - Epoch(val)  [28][800/800]    eta: 0:00:00  time: 0.1240  data_time: 0.0010  memory: 998  
2025/07/01 02:25:40 - mmengine - INFO - Evaluating bbox...
2025/07/01 02:25:57 - mmengine - INFO - 
+-------------+-------+--------+--------+-------+-------+-------+
| category    | mAP   | mAP_50 | mAP_75 | mAP_s | mAP_m | mAP_l |
+-------------+-------+--------+--------+-------+-------+-------+
| car         | 0.69  | 0.964  | 0.841  | 0.471 | 0.721 | 0.0   |
| truck       | 0.416 | 0.622  | 0.493  | 0.007 | 0.425 | 0.431 |
| bus         | 0.709 | 0.93   | 0.868  | 0.011 | 0.682 | 0.763 |
| van         | 0.312 | 0.46   | 0.391  | 0.23  | 0.335 | 0.242 |
| freight_car | 0.349 | 0.501  | 0.412  | 0.018 | 0.35  | 0.383 |
+-------------+-------+--------+--------+-------+-------+-------+
2025/07/01 02:25:57 - mmengine - INFO - bbox_mAP_copypaste: 0.495 0.696 0.601 0.147 0.503 0.364
2025/07/01 02:25:57 - mmengine - INFO - Epoch(val) [28][800/800]    coco/car_precision: 0.6900  coco/truck_precision: 0.4160  coco/bus_precision: 0.7090  coco/van_precision: 0.3120  coco/freight_car_precision: 0.3490  coco/bbox_mAP: 0.4950  coco/bbox_mAP_50: 0.6960  coco/bbox_mAP_75: 0.6010  coco/bbox_mAP_s: 0.1470  coco/bbox_mAP_m: 0.5030  coco/bbox_mAP_l: 0.3640  data_time: 0.0013  time: 0.1145
2025/07/01 02:25:58 - mmengine - INFO - The previous best checkpoint /data/nl/Mamba2Spectral/work_dirs/DroneVehicle/2025_06_30/yolov8_mambatransformer_enhance/best_coco_bbox_mAP_50_epoch_27.pth is removed
2025/07/01 02:26:00 - mmengine - INFO - The best checkpoint with 0.6960 coco/bbox_mAP_50 at 28 epoch is saved to best_coco_bbox_mAP_50_epoch_28.pth.
2025/07/01 02:28:53 - mmengine - INFO - Epoch(train)  [29][ 50/400]  base_lr: 1.0000e-02 lr: 8.6635e-03  eta: 2 days, 12:28:29  time: 3.3640  data_time: 0.0384  memory: 10694  grad_norm: 8.6934  loss: 22.9060  loss_cls: 5.4171  loss_bbox: 8.9924  loss_dfl: 8.4965
2025/07/01 02:31:40 - mmengine - INFO - Epoch(train)  [29][100/400]  base_lr: 1.0000e-02 lr: 8.6635e-03  eta: 2 days, 12:26:41  time: 3.3315  data_time: 0.0064  memory: 10806  grad_norm: 9.1500  loss: 23.3349  loss_cls: 5.5137  loss_bbox: 9.0586  loss_dfl: 8.7627
2025/07/01 02:34:27 - mmengine - INFO - Epoch(train)  [29][150/400]  base_lr: 1.0000e-02 lr: 8.6635e-03  eta: 2 days, 12:24:53  time: 3.3332  data_time: 0.0059  memory: 10806  grad_norm: 8.8807  loss: 23.0009  loss_cls: 5.4129  loss_bbox: 9.0532  loss_dfl: 8.5348
2025/07/01 02:37:13 - mmengine - INFO - Epoch(train)  [29][200/400]  base_lr: 1.0000e-02 lr: 8.6635e-03  eta: 2 days, 12:23:04  time: 3.3329  data_time: 0.0062  memory: 10694  grad_norm: 9.8696  loss: 23.4930  loss_cls: 5.6133  loss_bbox: 9.1523  loss_dfl: 8.7274
2025/07/01 02:40:00 - mmengine - INFO - Epoch(train)  [29][250/400]  base_lr: 1.0000e-02 lr: 8.6635e-03  eta: 2 days, 12:21:16  time: 3.3361  data_time: 0.0068  memory: 10742  grad_norm: 9.6138  loss: 23.3387  loss_cls: 5.6803  loss_bbox: 9.0808  loss_dfl: 8.5776
2025/07/01 02:42:47 - mmengine - INFO - Epoch(train)  [29][300/400]  base_lr: 1.0000e-02 lr: 8.6635e-03  eta: 2 days, 12:19:27  time: 3.3361  data_time: 0.0066  memory: 10961  grad_norm: 8.6500  loss: 22.8641  loss_cls: 5.4317  loss_bbox: 8.9236  loss_dfl: 8.5088
2025/07/01 02:45:33 - mmengine - INFO - Epoch(train)  [29][350/400]  base_lr: 1.0000e-02 lr: 8.6635e-03  eta: 2 days, 12:17:36  time: 3.3303  data_time: 0.0062  memory: 10716  grad_norm: 8.7478  loss: 23.1361  loss_cls: 5.4486  loss_bbox: 9.0511  loss_dfl: 8.6363
2025/07/01 02:47:15 - mmengine - INFO - Exp name: yolov8_mambatransformer_enhance_20250630_153731
2025/07/01 02:47:15 - mmengine - INFO - Epoch(train)  [29][400/400]  base_lr: 1.0000e-02 lr: 8.6635e-03  eta: 2 days, 12:09:21  time: 2.0303  data_time: 0.0066  memory: 10732  grad_norm: 9.2204  loss: 23.1946  loss_cls: 5.5033  loss_bbox: 8.9886  loss_dfl: 8.7026
2025/07/01 02:47:15 - mmengine - INFO - Saving checkpoint at 29 epochs
2025/07/01 02:47:24 - mmengine - INFO - Epoch(val)  [29][ 50/800]    eta: 0:01:24  time: 0.1124  data_time: 0.0009  memory: 998  
2025/07/01 02:47:29 - mmengine - INFO - Epoch(val)  [29][100/800]    eta: 0:01:17  time: 0.1092  data_time: 0.0004  memory: 998  
2025/07/01 02:47:35 - mmengine - INFO - Epoch(val)  [29][150/800]    eta: 0:01:11  time: 0.1100  data_time: 0.0004  memory: 998  
2025/07/01 02:47:40 - mmengine - INFO - Epoch(val)  [29][200/800]    eta: 0:01:06  time: 0.1093  data_time: 0.0004  memory: 998  
2025/07/01 02:47:46 - mmengine - INFO - Epoch(val)  [29][250/800]    eta: 0:01:00  time: 0.1062  data_time: 0.0005  memory: 998  
2025/07/01 02:47:51 - mmengine - INFO - Epoch(val)  [29][300/800]    eta: 0:00:54  time: 0.1082  data_time: 0.0004  memory: 998  
2025/07/01 02:47:56 - mmengine - INFO - Epoch(val)  [29][350/800]    eta: 0:00:49  time: 0.1099  data_time: 0.0004  memory: 998  
2025/07/01 02:48:02 - mmengine - INFO - Epoch(val)  [29][400/800]    eta: 0:00:44  time: 0.1175  data_time: 0.0018  memory: 998  
2025/07/01 02:48:09 - mmengine - INFO - Epoch(val)  [29][450/800]    eta: 0:00:39  time: 0.1257  data_time: 0.0032  memory: 998  
2025/07/01 02:48:15 - mmengine - INFO - Epoch(val)  [29][500/800]    eta: 0:00:33  time: 0.1196  data_time: 0.0036  memory: 998  
2025/07/01 02:48:21 - mmengine - INFO - Epoch(val)  [29][550/800]    eta: 0:00:28  time: 0.1311  data_time: 0.0067  memory: 998  
2025/07/01 02:48:28 - mmengine - INFO - Epoch(val)  [29][600/800]    eta: 0:00:23  time: 0.1400  data_time: 0.0028  memory: 998  
2025/07/01 02:48:35 - mmengine - INFO - Epoch(val)  [29][650/800]    eta: 0:00:17  time: 0.1301  data_time: 0.0014  memory: 998  
2025/07/01 02:48:41 - mmengine - INFO - Epoch(val)  [29][700/800]    eta: 0:00:11  time: 0.1261  data_time: 0.0019  memory: 998  
2025/07/01 02:48:47 - mmengine - INFO - Epoch(val)  [29][750/800]    eta: 0:00:05  time: 0.1223  data_time: 0.0005  memory: 998  
2025/07/01 02:48:53 - mmengine - INFO - Epoch(val)  [29][800/800]    eta: 0:00:00  time: 0.1223  data_time: 0.0006  memory: 998  
2025/07/01 02:48:55 - mmengine - INFO - Evaluating bbox...
2025/07/01 02:49:19 - mmengine - INFO - 
+-------------+-------+--------+--------+-------+-------+-------+
| category    | mAP   | mAP_50 | mAP_75 | mAP_s | mAP_m | mAP_l |
+-------------+-------+--------+--------+-------+-------+-------+
| car         | 0.691 | 0.965  | 0.843  | 0.472 | 0.722 | 0.0   |
| truck       | 0.404 | 0.6    | 0.477  | 0.013 | 0.412 | 0.433 |
| bus         | 0.714 | 0.936  | 0.872  | 0.007 | 0.687 | 0.769 |
| van         | 0.301 | 0.447  | 0.375  | 0.261 | 0.316 | 0.268 |
| freight_car | 0.359 | 0.517  | 0.429  | 0.025 | 0.362 | 0.39  |
+-------------+-------+--------+--------+-------+-------+-------+
2025/07/01 02:49:19 - mmengine - INFO - bbox_mAP_copypaste: 0.494 0.693 0.599 0.155 0.500 0.372
2025/07/01 02:49:20 - mmengine - INFO - Epoch(val) [29][800/800]    coco/car_precision: 0.6910  coco/truck_precision: 0.4040  coco/bus_precision: 0.7140  coco/van_precision: 0.3010  coco/freight_car_precision: 0.3590  coco/bbox_mAP: 0.4940  coco/bbox_mAP_50: 0.6930  coco/bbox_mAP_75: 0.5990  coco/bbox_mAP_s: 0.1550  coco/bbox_mAP_m: 0.5000  coco/bbox_mAP_l: 0.3720  data_time: 0.0016  time: 0.1187
2025/07/01 02:52:08 - mmengine - INFO - Epoch(train)  [30][ 50/400]  base_lr: 1.0000e-02 lr: 8.6140e-03  eta: 2 days, 12:07:40  time: 3.3620  data_time: 0.0389  memory: 10924  grad_norm: 8.5672  loss: 22.8890  loss_cls: 5.4840  loss_bbox: 8.8995  loss_dfl: 8.5055
2025/07/01 02:54:55 - mmengine - INFO - Epoch(train)  [30][100/400]  base_lr: 1.0000e-02 lr: 8.6140e-03  eta: 2 days, 12:05:52  time: 3.3394  data_time: 0.0064  memory: 11052  grad_norm: 9.2578  loss: 23.1431  loss_cls: 5.5654  loss_bbox: 9.0343  loss_dfl: 8.5434
2025/07/01 02:57:41 - mmengine - INFO - Epoch(train)  [30][150/400]  base_lr: 1.0000e-02 lr: 8.6140e-03  eta: 2 days, 12:04:00  time: 3.3275  data_time: 0.0061  memory: 10721  grad_norm: 8.3347  loss: 22.6971  loss_cls: 5.3547  loss_bbox: 8.8787  loss_dfl: 8.4637
2025/07/01 03:00:28 - mmengine - INFO - Epoch(train)  [30][200/400]  base_lr: 1.0000e-02 lr: 8.6140e-03  eta: 2 days, 12:02:09  time: 3.3339  data_time: 0.0063  memory: 11062  grad_norm: 8.7577  loss: 22.8272  loss_cls: 5.3873  loss_bbox: 8.9281  loss_dfl: 8.5118
2025/07/01 03:03:15 - mmengine - INFO - Epoch(train)  [30][250/400]  base_lr: 1.0000e-02 lr: 8.6140e-03  eta: 2 days, 12:00:20  time: 3.3390  data_time: 0.0090  memory: 10812  grad_norm: 9.0589  loss: 22.9351  loss_cls: 5.4306  loss_bbox: 8.8854  loss_dfl: 8.6191
2025/07/01 03:06:02 - mmengine - INFO - Epoch(train)  [30][300/400]  base_lr: 1.0000e-02 lr: 8.6140e-03  eta: 2 days, 11:58:30  time: 3.3389  data_time: 0.0070  memory: 10897  grad_norm: 9.2293  loss: 22.9159  loss_cls: 5.5276  loss_bbox: 8.9162  loss_dfl: 8.4720
2025/07/01 03:08:48 - mmengine - INFO - Epoch(train)  [30][350/400]  base_lr: 1.0000e-02 lr: 8.6140e-03  eta: 2 days, 11:56:37  time: 3.3319  data_time: 0.0064  memory: 10716  grad_norm: 9.1821  loss: 23.1357  loss_cls: 5.4158  loss_bbox: 9.0989  loss_dfl: 8.6209
2025/07/01 03:10:28 - mmengine - INFO - Exp name: yolov8_mambatransformer_enhance_20250630_153731
2025/07/01 03:10:28 - mmengine - INFO - Epoch(train)  [30][400/400]  base_lr: 1.0000e-02 lr: 8.6140e-03  eta: 2 days, 11:48:25  time: 1.9951  data_time: 0.0065  memory: 10833  grad_norm: 9.2458  loss: 23.2854  loss_cls: 5.6215  loss_bbox: 9.1120  loss_dfl: 8.5520
2025/07/01 03:10:28 - mmengine - INFO - Saving checkpoint at 30 epochs
2025/07/01 03:10:37 - mmengine - INFO - Epoch(val)  [30][ 50/800]    eta: 0:01:18  time: 0.1048  data_time: 0.0008  memory: 998  
2025/07/01 03:10:42 - mmengine - INFO - Epoch(val)  [30][100/800]    eta: 0:01:11  time: 0.1007  data_time: 0.0004  memory: 998  
2025/07/01 03:10:47 - mmengine - INFO - Epoch(val)  [30][150/800]    eta: 0:01:06  time: 0.0992  data_time: 0.0004  memory: 998  
2025/07/01 03:10:51 - mmengine - INFO - Epoch(val)  [30][200/800]    eta: 0:00:59  time: 0.0930  data_time: 0.0004  memory: 998  
2025/07/01 03:10:56 - mmengine - INFO - Epoch(val)  [30][250/800]    eta: 0:00:53  time: 0.0923  data_time: 0.0004  memory: 998  
2025/07/01 03:11:01 - mmengine - INFO - Epoch(val)  [30][300/800]    eta: 0:00:48  time: 0.0977  data_time: 0.0004  memory: 998  
2025/07/01 03:11:06 - mmengine - INFO - Epoch(val)  [30][350/800]    eta: 0:00:44  time: 0.1005  data_time: 0.0004  memory: 998  
2025/07/01 03:11:11 - mmengine - INFO - Epoch(val)  [30][400/800]    eta: 0:00:39  time: 0.1098  data_time: 0.0004  memory: 998  
2025/07/01 03:11:17 - mmengine - INFO - Epoch(val)  [30][450/800]    eta: 0:00:35  time: 0.1101  data_time: 0.0004  memory: 998  
2025/07/01 03:11:22 - mmengine - INFO - Epoch(val)  [30][500/800]    eta: 0:00:30  time: 0.1099  data_time: 0.0004  memory: 998  
2025/07/01 03:11:28 - mmengine - INFO - Epoch(val)  [30][550/800]    eta: 0:00:25  time: 0.1107  data_time: 0.0004  memory: 998  
2025/07/01 03:11:33 - mmengine - INFO - Epoch(val)  [30][600/800]    eta: 0:00:20  time: 0.1098  data_time: 0.0004  memory: 998  
2025/07/01 03:11:39 - mmengine - INFO - Epoch(val)  [30][650/800]    eta: 0:00:15  time: 0.1094  data_time: 0.0004  memory: 998  
2025/07/01 03:11:44 - mmengine - INFO - Epoch(val)  [30][700/800]    eta: 0:00:10  time: 0.1128  data_time: 0.0005  memory: 998  
2025/07/01 03:11:50 - mmengine - INFO - Epoch(val)  [30][750/800]    eta: 0:00:05  time: 0.1134  data_time: 0.0005  memory: 998  
2025/07/01 03:11:56 - mmengine - INFO - Epoch(val)  [30][800/800]    eta: 0:00:00  time: 0.1107  data_time: 0.0004  memory: 998  
2025/07/01 03:11:57 - mmengine - INFO - Evaluating bbox...
2025/07/01 03:12:13 - mmengine - INFO - 
+-------------+-------+--------+--------+-------+-------+-------+
| category    | mAP   | mAP_50 | mAP_75 | mAP_s | mAP_m | mAP_l |
+-------------+-------+--------+--------+-------+-------+-------+
| car         | 0.692 | 0.965  | 0.842  | 0.474 | 0.722 | 0.0   |
| truck       | 0.427 | 0.628  | 0.518  | 0.012 | 0.428 | 0.469 |
| bus         | 0.717 | 0.936  | 0.871  | 0.01  | 0.69  | 0.772 |
| van         | 0.322 | 0.476  | 0.395  | 0.239 | 0.335 | 0.359 |
| freight_car | 0.363 | 0.513  | 0.435  | 0.029 | 0.366 | 0.396 |
+-------------+-------+--------+--------+-------+-------+-------+
2025/07/01 03:12:13 - mmengine - INFO - bbox_mAP_copypaste: 0.504 0.704 0.612 0.153 0.508 0.399
2025/07/01 03:12:13 - mmengine - INFO - Epoch(val) [30][800/800]    coco/car_precision: 0.6920  coco/truck_precision: 0.4270  coco/bus_precision: 0.7170  coco/van_precision: 0.3220  coco/freight_car_precision: 0.3630  coco/bbox_mAP: 0.5040  coco/bbox_mAP_50: 0.7040  coco/bbox_mAP_75: 0.6120  coco/bbox_mAP_s: 0.1530  coco/bbox_mAP_m: 0.5080  coco/bbox_mAP_l: 0.3990  data_time: 0.0004  time: 0.1053
2025/07/01 03:12:13 - mmengine - INFO - The previous best checkpoint /data/nl/Mamba2Spectral/work_dirs/DroneVehicle/2025_06_30/yolov8_mambatransformer_enhance/best_coco_bbox_mAP_50_epoch_28.pth is removed
2025/07/01 03:12:16 - mmengine - INFO - The best checkpoint with 0.7040 coco/bbox_mAP_50 at 30 epoch is saved to best_coco_bbox_mAP_50_epoch_30.pth.
2025/07/01 03:15:08 - mmengine - INFO - Epoch(train)  [31][ 50/400]  base_lr: 1.0000e-02 lr: 8.5645e-03  eta: 2 days, 11:46:40  time: 3.3534  data_time: 0.0289  memory: 10641  grad_norm: 8.8420  loss: 23.1553  loss_cls: 5.5416  loss_bbox: 9.0788  loss_dfl: 8.5349
2025/07/01 03:17:55 - mmengine - INFO - Epoch(train)  [31][100/400]  base_lr: 1.0000e-02 lr: 8.5645e-03  eta: 2 days, 11:44:49  time: 3.3364  data_time: 0.0065  memory: 10721  grad_norm: 9.2136  loss: 23.0773  loss_cls: 5.4413  loss_bbox: 8.9862  loss_dfl: 8.6498
2025/07/01 03:20:42 - mmengine - INFO - Epoch(train)  [31][150/400]  base_lr: 1.0000e-02 lr: 8.5645e-03  eta: 2 days, 11:42:56  time: 3.3292  data_time: 0.0060  memory: 10742  grad_norm: 8.8688  loss: 22.9540  loss_cls: 5.3995  loss_bbox: 8.9120  loss_dfl: 8.6425
2025/07/01 03:23:28 - mmengine - INFO - Epoch(train)  [31][200/400]  base_lr: 1.0000e-02 lr: 8.5645e-03  eta: 2 days, 11:41:02  time: 3.3293  data_time: 0.0061  memory: 10758  grad_norm: 9.5440  loss: 22.9754  loss_cls: 5.3112  loss_bbox: 8.9471  loss_dfl: 8.7172
2025/07/01 03:26:14 - mmengine - INFO - Epoch(train)  [31][250/400]  base_lr: 1.0000e-02 lr: 8.5645e-03  eta: 2 days, 11:39:05  time: 3.3207  data_time: 0.0062  memory: 10806  grad_norm: 9.5552  loss: 23.4872  loss_cls: 5.6062  loss_bbox: 9.1230  loss_dfl: 8.7581
2025/07/01 03:29:01 - mmengine - INFO - Epoch(train)  [31][300/400]  base_lr: 1.0000e-02 lr: 8.5645e-03  eta: 2 days, 11:37:13  time: 3.3385  data_time: 0.0094  memory: 10854  grad_norm: 9.3200  loss: 23.1966  loss_cls: 5.5258  loss_bbox: 9.0349  loss_dfl: 8.6359
2025/07/01 03:31:48 - mmengine - INFO - Epoch(train)  [31][350/400]  base_lr: 1.0000e-02 lr: 8.5645e-03  eta: 2 days, 11:35:20  time: 3.3356  data_time: 0.0067  memory: 10817  grad_norm: 8.7185  loss: 22.8349  loss_cls: 5.4446  loss_bbox: 8.9389  loss_dfl: 8.4515
2025/07/01 03:33:38 - mmengine - INFO - Exp name: yolov8_mambatransformer_enhance_20250630_153731
2025/07/01 03:33:38 - mmengine - INFO - Epoch(train)  [31][400/400]  base_lr: 1.0000e-02 lr: 8.5645e-03  eta: 2 days, 11:28:15  time: 2.1924  data_time: 0.0066  memory: 10897  grad_norm: 9.1661  loss: 23.0255  loss_cls: 5.4831  loss_bbox: 9.0368  loss_dfl: 8.5056
2025/07/01 03:33:38 - mmengine - INFO - Saving checkpoint at 31 epochs
2025/07/01 03:33:46 - mmengine - INFO - Epoch(val)  [31][ 50/800]    eta: 0:01:14  time: 0.0995  data_time: 0.0009  memory: 998  
2025/07/01 03:33:51 - mmengine - INFO - Epoch(val)  [31][100/800]    eta: 0:01:11  time: 0.1046  data_time: 0.0005  memory: 998  
2025/07/01 03:33:57 - mmengine - INFO - Epoch(val)  [31][150/800]    eta: 0:01:07  time: 0.1081  data_time: 0.0004  memory: 998  
2025/07/01 03:34:02 - mmengine - INFO - Epoch(val)  [31][200/800]    eta: 0:01:03  time: 0.1083  data_time: 0.0004  memory: 998  
2025/07/01 03:34:07 - mmengine - INFO - Epoch(val)  [31][250/800]    eta: 0:00:58  time: 0.1077  data_time: 0.0004  memory: 998  
2025/07/01 03:34:13 - mmengine - INFO - Epoch(val)  [31][300/800]    eta: 0:00:53  time: 0.1087  data_time: 0.0004  memory: 998  
2025/07/01 03:34:18 - mmengine - INFO - Epoch(val)  [31][350/800]    eta: 0:00:47  time: 0.1086  data_time: 0.0004  memory: 998  
2025/07/01 03:34:24 - mmengine - INFO - Epoch(val)  [31][400/800]    eta: 0:00:42  time: 0.1084  data_time: 0.0004  memory: 998  
2025/07/01 03:34:29 - mmengine - INFO - Epoch(val)  [31][450/800]    eta: 0:00:37  time: 0.1087  data_time: 0.0004  memory: 998  
2025/07/01 03:34:35 - mmengine - INFO - Epoch(val)  [31][500/800]    eta: 0:00:32  time: 0.1076  data_time: 0.0004  memory: 998  
2025/07/01 03:34:40 - mmengine - INFO - Epoch(val)  [31][550/800]    eta: 0:00:26  time: 0.1091  data_time: 0.0004  memory: 998  
2025/07/01 03:34:46 - mmengine - INFO - Epoch(val)  [31][600/800]    eta: 0:00:21  time: 0.1098  data_time: 0.0004  memory: 998  
2025/07/01 03:34:51 - mmengine - INFO - Epoch(val)  [31][650/800]    eta: 0:00:16  time: 0.1092  data_time: 0.0004  memory: 998  
2025/07/01 03:34:57 - mmengine - INFO - Epoch(val)  [31][700/800]    eta: 0:00:10  time: 0.1098  data_time: 0.0004  memory: 998  
2025/07/01 03:35:02 - mmengine - INFO - Epoch(val)  [31][750/800]    eta: 0:00:05  time: 0.1097  data_time: 0.0005  memory: 998  
2025/07/01 03:35:07 - mmengine - INFO - Epoch(val)  [31][800/800]    eta: 0:00:00  time: 0.1092  data_time: 0.0004  memory: 998  
2025/07/01 03:35:09 - mmengine - INFO - Evaluating bbox...
2025/07/01 03:35:25 - mmengine - INFO - 
+-------------+-------+--------+--------+-------+-------+-------+
| category    | mAP   | mAP_50 | mAP_75 | mAP_s | mAP_m | mAP_l |
+-------------+-------+--------+--------+-------+-------+-------+
| car         | 0.691 | 0.965  | 0.842  | 0.473 | 0.722 | 0.0   |
| truck       | 0.423 | 0.618  | 0.522  | 0.007 | 0.424 | 0.456 |
| bus         | 0.72  | 0.938  | 0.884  | 0.006 | 0.689 | 0.777 |
| van         | 0.331 | 0.484  | 0.411  | 0.25  | 0.339 | 0.392 |
| freight_car | 0.357 | 0.509  | 0.424  | 0.042 | 0.355 | 0.4   |
+-------------+-------+--------+--------+-------+-------+-------+
2025/07/01 03:35:25 - mmengine - INFO - bbox_mAP_copypaste: 0.504 0.703 0.617 0.156 0.506 0.405
2025/07/01 03:35:25 - mmengine - INFO - Epoch(val) [31][800/800]    coco/car_precision: 0.6910  coco/truck_precision: 0.4230  coco/bus_precision: 0.7200  coco/van_precision: 0.3310  coco/freight_car_precision: 0.3570  coco/bbox_mAP: 0.5040  coco/bbox_mAP_50: 0.7030  coco/bbox_mAP_75: 0.6170  coco/bbox_mAP_s: 0.1560  coco/bbox_mAP_m: 0.5060  coco/bbox_mAP_l: 0.4050  data_time: 0.0005  time: 0.1079
2025/07/01 03:38:13 - mmengine - INFO - Epoch(train)  [32][ 50/400]  base_lr: 1.0000e-02 lr: 8.5150e-03  eta: 2 days, 11:26:29  time: 3.3591  data_time: 0.0287  memory: 10860  grad_norm: 9.4338  loss: 23.2434  loss_cls: 5.6095  loss_bbox: 9.0491  loss_dfl: 8.5847
2025/07/01 03:41:00 - mmengine - INFO - Epoch(train)  [32][100/400]  base_lr: 1.0000e-02 lr: 8.5150e-03  eta: 2 days, 11:24:33  time: 3.3281  data_time: 0.0074  memory: 10892  grad_norm: 9.4175  loss: 22.9353  loss_cls: 5.4320  loss_bbox: 8.9323  loss_dfl: 8.5710
2025/07/01 03:43:46 - mmengine - INFO - Epoch(train)  [32][150/400]  base_lr: 1.0000e-02 lr: 8.5150e-03  eta: 2 days, 11:22:40  time: 3.3376  data_time: 0.0066  memory: 10849  grad_norm: 8.6799  loss: 22.7521  loss_cls: 5.3148  loss_bbox: 8.8753  loss_dfl: 8.5621
2025/07/01 03:46:33 - mmengine - INFO - Epoch(train)  [32][200/400]  base_lr: 1.0000e-02 lr: 8.5150e-03  eta: 2 days, 11:20:47  time: 3.3383  data_time: 0.0066  memory: 10993  grad_norm: 9.1655  loss: 22.8544  loss_cls: 5.3497  loss_bbox: 9.0240  loss_dfl: 8.4807
2025/07/01 03:49:20 - mmengine - INFO - Epoch(train)  [32][250/400]  base_lr: 1.0000e-02 lr: 8.5150e-03  eta: 2 days, 11:18:52  time: 3.3343  data_time: 0.0064  memory: 10758  grad_norm: 9.0653  loss: 22.6212  loss_cls: 5.3040  loss_bbox: 8.7538  loss_dfl: 8.5633
2025/07/01 03:52:07 - mmengine - INFO - Epoch(train)  [32][300/400]  base_lr: 1.0000e-02 lr: 8.5150e-03  eta: 2 days, 11:16:59  time: 3.3390  data_time: 0.0065  memory: 10844  grad_norm: 9.0562  loss: 23.2616  loss_cls: 5.4529  loss_bbox: 9.1419  loss_dfl: 8.6668
2025/07/01 03:54:54 - mmengine - INFO - Epoch(train)  [32][350/400]  base_lr: 1.0000e-02 lr: 8.5150e-03  eta: 2 days, 11:15:06  time: 3.3440  data_time: 0.0096  memory: 10806  grad_norm: 9.2707  loss: 22.9734  loss_cls: 5.4413  loss_bbox: 9.0070  loss_dfl: 8.5251
2025/07/01 03:56:49 - mmengine - INFO - Exp name: yolov8_mambatransformer_enhance_20250630_153731
2025/07/01 03:56:49 - mmengine - INFO - Epoch(train)  [32][400/400]  base_lr: 1.0000e-02 lr: 8.5150e-03  eta: 2 days, 11:08:35  time: 2.2896  data_time: 0.0069  memory: 10822  grad_norm: 8.7261  loss: 23.3515  loss_cls: 5.4573  loss_bbox: 9.1942  loss_dfl: 8.7000
2025/07/01 03:56:49 - mmengine - INFO - Saving checkpoint at 32 epochs
2025/07/01 03:56:57 - mmengine - INFO - Epoch(val)  [32][ 50/800]    eta: 0:01:16  time: 0.1019  data_time: 0.0010  memory: 998  
2025/07/01 03:57:03 - mmengine - INFO - Epoch(val)  [32][100/800]    eta: 0:01:14  time: 0.1098  data_time: 0.0004  memory: 998  
2025/07/01 03:57:08 - mmengine - INFO - Epoch(val)  [32][150/800]    eta: 0:01:09  time: 0.1097  data_time: 0.0004  memory: 998  
2025/07/01 03:57:14 - mmengine - INFO - Epoch(val)  [32][200/800]    eta: 0:01:04  time: 0.1100  data_time: 0.0004  memory: 998  
2025/07/01 03:57:19 - mmengine - INFO - Epoch(val)  [32][250/800]    eta: 0:00:59  time: 0.1096  data_time: 0.0004  memory: 998  
2025/07/01 03:57:25 - mmengine - INFO - Epoch(val)  [32][300/800]    eta: 0:00:54  time: 0.1099  data_time: 0.0004  memory: 998  
2025/07/01 03:57:30 - mmengine - INFO - Epoch(val)  [32][350/800]    eta: 0:00:48  time: 0.1097  data_time: 0.0004  memory: 998  
2025/07/01 03:57:36 - mmengine - INFO - Epoch(val)  [32][400/800]    eta: 0:00:43  time: 0.1101  data_time: 0.0004  memory: 998  
2025/07/01 03:57:41 - mmengine - INFO - Epoch(val)  [32][450/800]    eta: 0:00:38  time: 0.1102  data_time: 0.0004  memory: 998  
2025/07/01 03:57:47 - mmengine - INFO - Epoch(val)  [32][500/800]    eta: 0:00:32  time: 0.1098  data_time: 0.0004  memory: 998  
2025/07/01 03:57:52 - mmengine - INFO - Epoch(val)  [32][550/800]    eta: 0:00:27  time: 0.1094  data_time: 0.0004  memory: 998  
2025/07/01 03:57:58 - mmengine - INFO - Epoch(val)  [32][600/800]    eta: 0:00:21  time: 0.1095  data_time: 0.0004  memory: 998  
2025/07/01 03:58:03 - mmengine - INFO - Epoch(val)  [32][650/800]    eta: 0:00:16  time: 0.1101  data_time: 0.0004  memory: 998  
2025/07/01 03:58:09 - mmengine - INFO - Epoch(val)  [32][700/800]    eta: 0:00:10  time: 0.1096  data_time: 0.0004  memory: 998  
2025/07/01 03:58:14 - mmengine - INFO - Epoch(val)  [32][750/800]    eta: 0:00:05  time: 0.1098  data_time: 0.0004  memory: 998  
2025/07/01 03:58:20 - mmengine - INFO - Epoch(val)  [32][800/800]    eta: 0:00:00  time: 0.1094  data_time: 0.0004  memory: 998  
2025/07/01 03:58:21 - mmengine - INFO - Evaluating bbox...
2025/07/01 03:58:37 - mmengine - INFO - 
+-------------+-------+--------+--------+-------+-------+-------+
| category    | mAP   | mAP_50 | mAP_75 | mAP_s | mAP_m | mAP_l |
+-------------+-------+--------+--------+-------+-------+-------+
| car         | 0.691 | 0.965  | 0.843  | 0.467 | 0.722 | 0.0   |
| truck       | 0.419 | 0.616  | 0.509  | 0.009 | 0.417 | 0.46  |
| bus         | 0.73  | 0.938  | 0.889  | 0.003 | 0.697 | 0.792 |
| van         | 0.323 | 0.475  | 0.411  | 0.251 | 0.333 | 0.361 |
| freight_car | 0.359 | 0.511  | 0.424  | 0.032 | 0.359 | 0.396 |
+-------------+-------+--------+--------+-------+-------+-------+
2025/07/01 03:58:37 - mmengine - INFO - bbox_mAP_copypaste: 0.504 0.701 0.615 0.153 0.506 0.402
2025/07/01 03:58:37 - mmengine - INFO - Epoch(val) [32][800/800]    coco/car_precision: 0.6910  coco/truck_precision: 0.4190  coco/bus_precision: 0.7300  coco/van_precision: 0.3230  coco/freight_car_precision: 0.3590  coco/bbox_mAP: 0.5040  coco/bbox_mAP_50: 0.7010  coco/bbox_mAP_75: 0.6150  coco/bbox_mAP_s: 0.1530  coco/bbox_mAP_m: 0.5060  coco/bbox_mAP_l: 0.4020  data_time: 0.0004  time: 0.1093
2025/07/01 04:01:25 - mmengine - INFO - Epoch(train)  [33][ 50/400]  base_lr: 1.0000e-02 lr: 8.4655e-03  eta: 2 days, 11:06:44  time: 3.3492  data_time: 0.0274  memory: 10940  grad_norm: 8.8646  loss: 22.7504  loss_cls: 5.2616  loss_bbox: 8.8641  loss_dfl: 8.6247
2025/07/01 04:04:11 - mmengine - INFO - Epoch(train)  [33][100/400]  base_lr: 1.0000e-02 lr: 8.4655e-03  eta: 2 days, 11:04:48  time: 3.3328  data_time: 0.0069  memory: 10646  grad_norm: 9.3050  loss: 22.6738  loss_cls: 5.3029  loss_bbox: 8.7470  loss_dfl: 8.6239
2025/07/01 04:06:58 - mmengine - INFO - Epoch(train)  [33][150/400]  base_lr: 1.0000e-02 lr: 8.4655e-03  eta: 2 days, 11:02:52  time: 3.3312  data_time: 0.0064  memory: 10828  grad_norm: 8.7651  loss: 23.0627  loss_cls: 5.4405  loss_bbox: 9.1153  loss_dfl: 8.5070
2025/07/01 04:09:45 - mmengine - INFO - Exp name: yolov8_mambatransformer_enhance_20250630_153731
2025/07/01 04:09:45 - mmengine - INFO - Epoch(train)  [33][200/400]  base_lr: 1.0000e-02 lr: 8.4655e-03  eta: 2 days, 11:00:55  time: 3.3341  data_time: 0.0064  memory: 10929  grad_norm: 9.1338  loss: 22.7300  loss_cls: 5.3307  loss_bbox: 8.8682  loss_dfl: 8.5311
2025/07/01 04:12:32 - mmengine - INFO - Epoch(train)  [33][250/400]  base_lr: 1.0000e-02 lr: 8.4655e-03  eta: 2 days, 10:59:00  time: 3.3400  data_time: 0.0064  memory: 10934  grad_norm: 8.6072  loss: 22.4680  loss_cls: 5.2376  loss_bbox: 8.8220  loss_dfl: 8.4084
2025/07/01 04:15:18 - mmengine - INFO - Epoch(train)  [33][300/400]  base_lr: 1.0000e-02 lr: 8.4655e-03  eta: 2 days, 10:57:03  time: 3.3353  data_time: 0.0063  memory: 10897  grad_norm: 8.9279  loss: 22.6375  loss_cls: 5.4203  loss_bbox: 8.7444  loss_dfl: 8.4728
2025/07/01 04:18:05 - mmengine - INFO - Epoch(train)  [33][350/400]  base_lr: 1.0000e-02 lr: 8.4655e-03  eta: 2 days, 10:55:05  time: 3.3320  data_time: 0.0065  memory: 10838  grad_norm: 9.0228  loss: 22.8411  loss_cls: 5.3612  loss_bbox: 8.8719  loss_dfl: 8.6080
2025/07/01 04:20:02 - mmengine - INFO - Exp name: yolov8_mambatransformer_enhance_20250630_153731
2025/07/01 04:20:02 - mmengine - INFO - Epoch(train)  [33][400/400]  base_lr: 1.0000e-02 lr: 8.4655e-03  eta: 2 days, 10:48:55  time: 2.3369  data_time: 0.0079  memory: 10886  grad_norm: 9.4363  loss: 23.1446  loss_cls: 5.4643  loss_bbox: 9.0361  loss_dfl: 8.6441
2025/07/01 04:20:02 - mmengine - INFO - Saving checkpoint at 33 epochs
2025/07/01 04:20:10 - mmengine - INFO - Epoch(val)  [33][ 50/800]    eta: 0:01:14  time: 0.0991  data_time: 0.0009  memory: 998  
2025/07/01 04:20:16 - mmengine - INFO - Epoch(val)  [33][100/800]    eta: 0:01:13  time: 0.1107  data_time: 0.0005  memory: 998  
2025/07/01 04:20:21 - mmengine - INFO - Epoch(val)  [33][150/800]    eta: 0:01:09  time: 0.1107  data_time: 0.0005  memory: 998  
2025/07/01 04:20:27 - mmengine - INFO - Epoch(val)  [33][200/800]    eta: 0:01:04  time: 0.1107  data_time: 0.0005  memory: 998  
2025/07/01 04:20:32 - mmengine - INFO - Epoch(val)  [33][250/800]    eta: 0:00:59  time: 0.1114  data_time: 0.0005  memory: 998  
2025/07/01 04:20:38 - mmengine - INFO - Epoch(val)  [33][300/800]    eta: 0:00:54  time: 0.1108  data_time: 0.0005  memory: 998  
2025/07/01 04:20:43 - mmengine - INFO - Epoch(val)  [33][350/800]    eta: 0:00:49  time: 0.1110  data_time: 0.0005  memory: 998  
2025/07/01 04:20:49 - mmengine - INFO - Epoch(val)  [33][400/800]    eta: 0:00:43  time: 0.1117  data_time: 0.0005  memory: 998  
2025/07/01 04:20:54 - mmengine - INFO - Epoch(val)  [33][450/800]    eta: 0:00:38  time: 0.1095  data_time: 0.0005  memory: 998  
2025/07/01 04:21:00 - mmengine - INFO - Epoch(val)  [33][500/800]    eta: 0:00:32  time: 0.1085  data_time: 0.0005  memory: 998  
2025/07/01 04:21:05 - mmengine - INFO - Epoch(val)  [33][550/800]    eta: 0:00:27  time: 0.1112  data_time: 0.0005  memory: 998  
2025/07/01 04:21:11 - mmengine - INFO - Epoch(val)  [33][600/800]    eta: 0:00:21  time: 0.1113  data_time: 0.0005  memory: 998  
2025/07/01 04:21:17 - mmengine - INFO - Epoch(val)  [33][650/800]    eta: 0:00:16  time: 0.1112  data_time: 0.0005  memory: 998  
2025/07/01 04:21:22 - mmengine - INFO - Epoch(val)  [33][700/800]    eta: 0:00:10  time: 0.1109  data_time: 0.0005  memory: 998  
2025/07/01 04:21:28 - mmengine - INFO - Epoch(val)  [33][750/800]    eta: 0:00:05  time: 0.1117  data_time: 0.0005  memory: 998  
2025/07/01 04:21:33 - mmengine - INFO - Epoch(val)  [33][800/800]    eta: 0:00:00  time: 0.1113  data_time: 0.0005  memory: 998  
2025/07/01 04:21:35 - mmengine - INFO - Evaluating bbox...
2025/07/01 04:21:51 - mmengine - INFO - 
+-------------+-------+--------+--------+-------+-------+-------+
| category    | mAP   | mAP_50 | mAP_75 | mAP_s | mAP_m | mAP_l |
+-------------+-------+--------+--------+-------+-------+-------+
| car         | 0.693 | 0.965  | 0.843  | 0.473 | 0.724 | 0.0   |
| truck       | 0.427 | 0.63   | 0.519  | 0.013 | 0.423 | 0.47  |
| bus         | 0.727 | 0.936  | 0.875  | 0.003 | 0.697 | 0.786 |
| van         | 0.321 | 0.477  | 0.389  | 0.265 | 0.328 | 0.377 |
| freight_car | 0.37  | 0.525  | 0.445  | 0.045 | 0.368 | 0.41  |
+-------------+-------+--------+--------+-------+-------+-------+
2025/07/01 04:21:51 - mmengine - INFO - bbox_mAP_copypaste: 0.508 0.707 0.614 0.159 0.508 0.409
2025/07/01 04:21:51 - mmengine - INFO - Epoch(val) [33][800/800]    coco/car_precision: 0.6930  coco/truck_precision: 0.4270  coco/bus_precision: 0.7270  coco/van_precision: 0.3210  coco/freight_car_precision: 0.3700  coco/bbox_mAP: 0.5080  coco/bbox_mAP_50: 0.7070  coco/bbox_mAP_75: 0.6140  coco/bbox_mAP_s: 0.1590  coco/bbox_mAP_m: 0.5080  coco/bbox_mAP_l: 0.4090  data_time: 0.0005  time: 0.1101
2025/07/01 04:21:51 - mmengine - INFO - The previous best checkpoint /data/nl/Mamba2Spectral/work_dirs/DroneVehicle/2025_06_30/yolov8_mambatransformer_enhance/best_coco_bbox_mAP_50_epoch_30.pth is removed
2025/07/01 04:21:53 - mmengine - INFO - The best checkpoint with 0.7070 coco/bbox_mAP_50 at 33 epoch is saved to best_coco_bbox_mAP_50_epoch_33.pth.
2025/07/01 04:24:46 - mmengine - INFO - Epoch(train)  [34][ 50/400]  base_lr: 1.0000e-02 lr: 8.4160e-03  eta: 2 days, 10:47:05  time: 3.3624  data_time: 0.0270  memory: 10721  grad_norm: 9.1273  loss: 23.0715  loss_cls: 5.4522  loss_bbox: 9.0606  loss_dfl: 8.5587
2025/07/01 04:27:33 - mmengine - INFO - Epoch(train)  [34][100/400]  base_lr: 1.0000e-02 lr: 8.4160e-03  eta: 2 days, 10:45:08  time: 3.3360  data_time: 0.0064  memory: 10785  grad_norm: 9.3179  loss: 22.7912  loss_cls: 5.3772  loss_bbox: 8.7896  loss_dfl: 8.6245
2025/07/01 04:30:20 - mmengine - INFO - Epoch(train)  [34][150/400]  base_lr: 1.0000e-02 lr: 8.4160e-03  eta: 2 days, 10:43:11  time: 3.3383  data_time: 0.0064  memory: 10641  grad_norm: 8.9077  loss: 23.0147  loss_cls: 5.5053  loss_bbox: 8.9782  loss_dfl: 8.5312
2025/07/01 04:33:07 - mmengine - INFO - Epoch(train)  [34][200/400]  base_lr: 1.0000e-02 lr: 8.4160e-03  eta: 2 days, 10:41:14  time: 3.3365  data_time: 0.0064  memory: 10780  grad_norm: 8.7392  loss: 22.7490  loss_cls: 5.3045  loss_bbox: 8.9633  loss_dfl: 8.4812
2025/07/01 04:35:54 - mmengine - INFO - Epoch(train)  [34][250/400]  base_lr: 1.0000e-02 lr: 8.4160e-03  eta: 2 days, 10:39:16  time: 3.3387  data_time: 0.0073  memory: 10892  grad_norm: 8.3094  loss: 22.2910  loss_cls: 5.1633  loss_bbox: 8.7293  loss_dfl: 8.3983
2025/07/01 04:38:41 - mmengine - INFO - Epoch(train)  [34][300/400]  base_lr: 1.0000e-02 lr: 8.4160e-03  eta: 2 days, 10:37:17  time: 3.3338  data_time: 0.0068  memory: 10705  grad_norm: 8.9332  loss: 22.7683  loss_cls: 5.2688  loss_bbox: 8.8437  loss_dfl: 8.6558
2025/07/01 04:41:27 - mmengine - INFO - Epoch(train)  [34][350/400]  base_lr: 1.0000e-02 lr: 8.4160e-03  eta: 2 days, 10:35:18  time: 3.3344  data_time: 0.0065  memory: 10881  grad_norm: 9.2850  loss: 23.1163  loss_cls: 5.5298  loss_bbox: 8.9901  loss_dfl: 8.5965
2025/07/01 04:43:16 - mmengine - INFO - Exp name: yolov8_mambatransformer_enhance_20250630_153731
2025/07/01 04:43:16 - mmengine - INFO - Epoch(train)  [34][400/400]  base_lr: 1.0000e-02 lr: 8.4160e-03  eta: 2 days, 10:28:35  time: 2.1724  data_time: 0.0068  memory: 10833  grad_norm: 8.2886  loss: 22.4357  loss_cls: 5.0735  loss_bbox: 8.8657  loss_dfl: 8.4965
2025/07/01 04:43:16 - mmengine - INFO - Saving checkpoint at 34 epochs
2025/07/01 04:43:25 - mmengine - INFO - Epoch(val)  [34][ 50/800]    eta: 0:01:14  time: 0.0988  data_time: 0.0011  memory: 998  
2025/07/01 04:43:29 - mmengine - INFO - Epoch(val)  [34][100/800]    eta: 0:01:07  time: 0.0942  data_time: 0.0004  memory: 998  
2025/07/01 04:43:34 - mmengine - INFO - Epoch(val)  [34][150/800]    eta: 0:01:02  time: 0.0938  data_time: 0.0004  memory: 998  
2025/07/01 04:43:39 - mmengine - INFO - Epoch(val)  [34][200/800]    eta: 0:00:56  time: 0.0924  data_time: 0.0004  memory: 998  
2025/07/01 04:43:43 - mmengine - INFO - Epoch(val)  [34][250/800]    eta: 0:00:51  time: 0.0917  data_time: 0.0004  memory: 998  
2025/07/01 04:43:48 - mmengine - INFO - Epoch(val)  [34][300/800]    eta: 0:00:46  time: 0.0918  data_time: 0.0004  memory: 998  
2025/07/01 04:43:52 - mmengine - INFO - Epoch(val)  [34][350/800]    eta: 0:00:42  time: 0.0920  data_time: 0.0004  memory: 998  
2025/07/01 04:43:58 - mmengine - INFO - Epoch(val)  [34][400/800]    eta: 0:00:37  time: 0.1025  data_time: 0.0004  memory: 998  
2025/07/01 04:44:03 - mmengine - INFO - Epoch(val)  [34][450/800]    eta: 0:00:33  time: 0.1083  data_time: 0.0004  memory: 998  
2025/07/01 04:44:08 - mmengine - INFO - Epoch(val)  [34][500/800]    eta: 0:00:29  time: 0.1088  data_time: 0.0004  memory: 998  
2025/07/01 04:44:14 - mmengine - INFO - Epoch(val)  [34][550/800]    eta: 0:00:24  time: 0.1084  data_time: 0.0004  memory: 998  
2025/07/01 04:44:20 - mmengine - INFO - Epoch(val)  [34][600/800]    eta: 0:00:20  time: 0.1219  data_time: 0.0005  memory: 998  
2025/07/01 04:44:26 - mmengine - INFO - Epoch(val)  [34][650/800]    eta: 0:00:15  time: 0.1262  data_time: 0.0006  memory: 998  
2025/07/01 04:44:33 - mmengine - INFO - Epoch(val)  [34][700/800]    eta: 0:00:10  time: 0.1444  data_time: 0.0006  memory: 998  
2025/07/01 04:44:41 - mmengine - INFO - Epoch(val)  [34][750/800]    eta: 0:00:05  time: 0.1427  data_time: 0.0006  memory: 998  
2025/07/01 04:44:48 - mmengine - INFO - Epoch(val)  [34][800/800]    eta: 0:00:00  time: 0.1455  data_time: 0.0006  memory: 998  
2025/07/01 04:44:50 - mmengine - INFO - Evaluating bbox...
2025/07/01 04:45:06 - mmengine - INFO - 
+-------------+-------+--------+--------+-------+-------+-------+
| category    | mAP   | mAP_50 | mAP_75 | mAP_s | mAP_m | mAP_l |
+-------------+-------+--------+--------+-------+-------+-------+
| car         | 0.694 | 0.965  | 0.844  | 0.474 | 0.725 | 0.0   |
| truck       | 0.439 | 0.648  | 0.526  | 0.02  | 0.439 | 0.479 |
| bus         | 0.728 | 0.938  | 0.874  | 0.003 | 0.696 | 0.789 |
| van         | 0.337 | 0.494  | 0.413  | 0.255 | 0.346 | 0.383 |
| freight_car | 0.38  | 0.54   | 0.453  | 0.05  | 0.38  | 0.417 |
+-------------+-------+--------+--------+-------+-------+-------+
2025/07/01 04:45:06 - mmengine - INFO - bbox_mAP_copypaste: 0.515 0.717 0.622 0.160 0.517 0.413
2025/07/01 04:45:06 - mmengine - INFO - Epoch(val) [34][800/800]    coco/car_precision: 0.6940  coco/truck_precision: 0.4390  coco/bus_precision: 0.7280  coco/van_precision: 0.3370  coco/freight_car_precision: 0.3800  coco/bbox_mAP: 0.5150  coco/bbox_mAP_50: 0.7170  coco/bbox_mAP_75: 0.6220  coco/bbox_mAP_s: 0.1600  coco/bbox_mAP_m: 0.5170  coco/bbox_mAP_l: 0.4130  data_time: 0.0005  time: 0.1102
2025/07/01 04:45:06 - mmengine - INFO - The previous best checkpoint /data/nl/Mamba2Spectral/work_dirs/DroneVehicle/2025_06_30/yolov8_mambatransformer_enhance/best_coco_bbox_mAP_50_epoch_33.pth is removed
2025/07/01 04:45:09 - mmengine - INFO - The best checkpoint with 0.7170 coco/bbox_mAP_50 at 34 epoch is saved to best_coco_bbox_mAP_50_epoch_34.pth.
2025/07/01 04:48:01 - mmengine - INFO - Epoch(train)  [35][ 50/400]  base_lr: 1.0000e-02 lr: 8.3665e-03  eta: 2 days, 10:26:41  time: 3.3532  data_time: 0.0273  memory: 10833  grad_norm: 8.7927  loss: 22.7845  loss_cls: 5.3237  loss_bbox: 8.9084  loss_dfl: 8.5524
2025/07/01 04:50:48 - mmengine - INFO - Epoch(train)  [35][100/400]  base_lr: 1.0000e-02 lr: 8.3665e-03  eta: 2 days, 10:24:42  time: 3.3333  data_time: 0.0064  memory: 10961  grad_norm: 9.0333  loss: 22.7434  loss_cls: 5.2620  loss_bbox: 8.8376  loss_dfl: 8.6438
2025/07/01 04:53:35 - mmengine - INFO - Epoch(train)  [35][150/400]  base_lr: 1.0000e-02 lr: 8.3665e-03  eta: 2 days, 10:22:42  time: 3.3336  data_time: 0.0078  memory: 10796  grad_norm: 9.2228  loss: 22.9152  loss_cls: 5.2579  loss_bbox: 8.9724  loss_dfl: 8.6848
2025/07/01 04:56:21 - mmengine - INFO - Epoch(train)  [35][200/400]  base_lr: 1.0000e-02 lr: 8.3665e-03  eta: 2 days, 10:20:41  time: 3.3305  data_time: 0.0066  memory: 10790  grad_norm: 8.5604  loss: 22.4384  loss_cls: 5.1842  loss_bbox: 8.8571  loss_dfl: 8.3971
2025/07/01 04:59:08 - mmengine - INFO - Epoch(train)  [35][250/400]  base_lr: 1.0000e-02 lr: 8.3665e-03  eta: 2 days, 10:18:40  time: 3.3288  data_time: 0.0065  memory: 10700  grad_norm: 9.6498  loss: 23.0336  loss_cls: 5.4344  loss_bbox: 8.9369  loss_dfl: 8.6623
2025/07/01 05:01:55 - mmengine - INFO - Epoch(train)  [35][300/400]  base_lr: 1.0000e-02 lr: 8.3665e-03  eta: 2 days, 10:16:40  time: 3.3380  data_time: 0.0065  memory: 10902  grad_norm: 9.1760  loss: 22.9391  loss_cls: 5.3754  loss_bbox: 8.9713  loss_dfl: 8.5923
2025/07/01 05:04:41 - mmengine - INFO - Epoch(train)  [35][350/400]  base_lr: 1.0000e-02 lr: 8.3665e-03  eta: 2 days, 10:14:38  time: 3.3294  data_time: 0.0066  memory: 10844  grad_norm: 8.7391  loss: 22.6357  loss_cls: 5.3376  loss_bbox: 8.8474  loss_dfl: 8.4508
2025/07/01 05:06:28 - mmengine - INFO - Exp name: yolov8_mambatransformer_enhance_20250630_153731
2025/07/01 05:06:28 - mmengine - INFO - Epoch(train)  [35][400/400]  base_lr: 1.0000e-02 lr: 8.3665e-03  eta: 2 days, 10:07:57  time: 2.1450  data_time: 0.0068  memory: 10700  grad_norm: 8.5682  loss: 22.4018  loss_cls: 5.2500  loss_bbox: 8.7007  loss_dfl: 8.4511
2025/07/01 05:06:28 - mmengine - INFO - Saving checkpoint at 35 epochs
2025/07/01 05:06:37 - mmengine - INFO - Epoch(val)  [35][ 50/800]    eta: 0:01:19  time: 0.1059  data_time: 0.0010  memory: 998  
2025/07/01 05:06:42 - mmengine - INFO - Epoch(val)  [35][100/800]    eta: 0:01:10  time: 0.0954  data_time: 0.0005  memory: 998  
2025/07/01 05:06:46 - mmengine - INFO - Epoch(val)  [35][150/800]    eta: 0:01:03  time: 0.0934  data_time: 0.0004  memory: 998  
2025/07/01 05:06:52 - mmengine - INFO - Epoch(val)  [35][200/800]    eta: 0:00:59  time: 0.1010  data_time: 0.0004  memory: 998  
2025/07/01 05:06:57 - mmengine - INFO - Epoch(val)  [35][250/800]    eta: 0:00:55  time: 0.1110  data_time: 0.0005  memory: 998  
2025/07/01 05:07:03 - mmengine - INFO - Epoch(val)  [35][300/800]    eta: 0:00:51  time: 0.1101  data_time: 0.0005  memory: 998  
2025/07/01 05:07:08 - mmengine - INFO - Epoch(val)  [35][350/800]    eta: 0:00:46  time: 0.1105  data_time: 0.0005  memory: 998  
2025/07/01 05:07:14 - mmengine - INFO - Epoch(val)  [35][400/800]    eta: 0:00:41  time: 0.1108  data_time: 0.0005  memory: 998  
2025/07/01 05:07:19 - mmengine - INFO - Epoch(val)  [35][450/800]    eta: 0:00:36  time: 0.1107  data_time: 0.0005  memory: 998  
2025/07/01 05:07:25 - mmengine - INFO - Epoch(val)  [35][500/800]    eta: 0:00:31  time: 0.1108  data_time: 0.0005  memory: 998  
2025/07/01 05:07:30 - mmengine - INFO - Epoch(val)  [35][550/800]    eta: 0:00:26  time: 0.1111  data_time: 0.0005  memory: 998  
2025/07/01 05:07:36 - mmengine - INFO - Epoch(val)  [35][600/800]    eta: 0:00:21  time: 0.1108  data_time: 0.0005  memory: 998  
2025/07/01 05:07:41 - mmengine - INFO - Epoch(val)  [35][650/800]    eta: 0:00:16  time: 0.1112  data_time: 0.0005  memory: 998  
2025/07/01 05:07:47 - mmengine - INFO - Epoch(val)  [35][700/800]    eta: 0:00:10  time: 0.1114  data_time: 0.0005  memory: 998  
2025/07/01 05:07:53 - mmengine - INFO - Epoch(val)  [35][750/800]    eta: 0:00:05  time: 0.1117  data_time: 0.0005  memory: 998  
2025/07/01 05:07:58 - mmengine - INFO - Epoch(val)  [35][800/800]    eta: 0:00:00  time: 0.1119  data_time: 0.0005  memory: 998  
2025/07/01 05:08:00 - mmengine - INFO - Evaluating bbox...
2025/07/01 05:08:15 - mmengine - INFO - 
+-------------+-------+--------+--------+-------+-------+-------+
| category    | mAP   | mAP_50 | mAP_75 | mAP_s | mAP_m | mAP_l |
+-------------+-------+--------+--------+-------+-------+-------+
| car         | 0.695 | 0.965  | 0.846  | 0.475 | 0.725 | 0.0   |
| truck       | 0.447 | 0.655  | 0.535  | 0.021 | 0.446 | 0.482 |
| bus         | 0.728 | 0.939  | 0.88   | 0.003 | 0.697 | 0.787 |
| van         | 0.345 | 0.506  | 0.431  | 0.258 | 0.358 | 0.375 |
| freight_car | 0.389 | 0.551  | 0.474  | 0.046 | 0.387 | 0.429 |
+-------------+-------+--------+--------+-------+-------+-------+
2025/07/01 05:08:15 - mmengine - INFO - bbox_mAP_copypaste: 0.521 0.723 0.633 0.161 0.523 0.414
2025/07/01 05:08:15 - mmengine - INFO - Epoch(val) [35][800/800]    coco/car_precision: 0.6950  coco/truck_precision: 0.4470  coco/bus_precision: 0.7280  coco/van_precision: 0.3450  coco/freight_car_precision: 0.3890  coco/bbox_mAP: 0.5210  coco/bbox_mAP_50: 0.7230  coco/bbox_mAP_75: 0.6330  coco/bbox_mAP_s: 0.1610  coco/bbox_mAP_m: 0.5230  coco/bbox_mAP_l: 0.4140  data_time: 0.0005  time: 0.1081
2025/07/01 05:08:15 - mmengine - INFO - The previous best checkpoint /data/nl/Mamba2Spectral/work_dirs/DroneVehicle/2025_06_30/yolov8_mambatransformer_enhance/best_coco_bbox_mAP_50_epoch_34.pth is removed
2025/07/01 05:08:18 - mmengine - INFO - The best checkpoint with 0.7230 coco/bbox_mAP_50 at 35 epoch is saved to best_coco_bbox_mAP_50_epoch_35.pth.
2025/07/01 05:11:10 - mmengine - INFO - Epoch(train)  [36][ 50/400]  base_lr: 1.0000e-02 lr: 8.3170e-03  eta: 2 days, 10:05:59  time: 3.3421  data_time: 0.0284  memory: 10886  grad_norm: 8.7198  loss: 22.3125  loss_cls: 5.1728  loss_bbox: 8.7194  loss_dfl: 8.4204
2025/07/01 05:13:56 - mmengine - INFO - Epoch(train)  [36][100/400]  base_lr: 1.0000e-02 lr: 8.3170e-03  eta: 2 days, 10:03:52  time: 3.3099  data_time: 0.0063  memory: 11244  grad_norm: 9.0481  loss: 22.8715  loss_cls: 5.2774  loss_bbox: 9.0607  loss_dfl: 8.5334
2025/07/01 05:16:42 - mmengine - INFO - Epoch(train)  [36][150/400]  base_lr: 1.0000e-02 lr: 8.3170e-03  eta: 2 days, 10:01:51  time: 3.3331  data_time: 0.0063  memory: 10849  grad_norm: 9.3716  loss: 22.6347  loss_cls: 5.3050  loss_bbox: 8.8056  loss_dfl: 8.5241
2025/07/01 05:19:29 - mmengine - INFO - Epoch(train)  [36][200/400]  base_lr: 1.0000e-02 lr: 8.3170e-03  eta: 2 days, 9:59:49  time: 3.3289  data_time: 0.0063  memory: 10913  grad_norm: 9.3433  loss: 22.7088  loss_cls: 5.2980  loss_bbox: 8.8637  loss_dfl: 8.5470
2025/07/01 05:22:15 - mmengine - INFO - Epoch(train)  [36][250/400]  base_lr: 1.0000e-02 lr: 8.3170e-03  eta: 2 days, 9:57:47  time: 3.3317  data_time: 0.0063  memory: 10801  grad_norm: 8.9348  loss: 22.5087  loss_cls: 5.1819  loss_bbox: 8.9044  loss_dfl: 8.4224
2025/07/01 05:25:02 - mmengine - INFO - Epoch(train)  [36][300/400]  base_lr: 1.0000e-02 lr: 8.3170e-03  eta: 2 days, 9:55:43  time: 3.3232  data_time: 0.0064  memory: 10694  grad_norm: 8.7431  loss: 22.7289  loss_cls: 5.2631  loss_bbox: 8.8507  loss_dfl: 8.6151
2025/07/01 05:27:48 - mmengine - INFO - Epoch(train)  [36][350/400]  base_lr: 1.0000e-02 lr: 8.3170e-03  eta: 2 days, 9:53:40  time: 3.3331  data_time: 0.0077  memory: 10988  grad_norm: 9.1941  loss: 22.6956  loss_cls: 5.2557  loss_bbox: 8.8353  loss_dfl: 8.6046
2025/07/01 05:29:40 - mmengine - INFO - Exp name: yolov8_mambatransformer_enhance_20250630_153731
2025/07/01 05:29:40 - mmengine - INFO - Epoch(train)  [36][400/400]  base_lr: 1.0000e-02 lr: 8.3170e-03  eta: 2 days, 9:47:29  time: 2.2430  data_time: 0.0068  memory: 11020  grad_norm: 8.8781  loss: 22.6757  loss_cls: 5.2663  loss_bbox: 8.8989  loss_dfl: 8.5105
2025/07/01 05:29:40 - mmengine - INFO - Saving checkpoint at 36 epochs
2025/07/01 05:29:49 - mmengine - INFO - Epoch(val)  [36][ 50/800]    eta: 0:01:13  time: 0.0981  data_time: 0.0011  memory: 998  
2025/07/01 05:29:53 - mmengine - INFO - Epoch(val)  [36][100/800]    eta: 0:01:06  time: 0.0928  data_time: 0.0004  memory: 998  
2025/07/01 05:29:58 - mmengine - INFO - Epoch(val)  [36][150/800]    eta: 0:01:01  time: 0.0935  data_time: 0.0004  memory: 998  
2025/07/01 05:30:04 - mmengine - INFO - Epoch(val)  [36][200/800]    eta: 0:00:59  time: 0.1119  data_time: 0.0005  memory: 998  
2025/07/01 05:30:09 - mmengine - INFO - Epoch(val)  [36][250/800]    eta: 0:00:55  time: 0.1113  data_time: 0.0005  memory: 998  
2025/07/01 05:30:15 - mmengine - INFO - Epoch(val)  [36][300/800]    eta: 0:00:51  time: 0.1106  data_time: 0.0005  memory: 998  
2025/07/01 05:30:20 - mmengine - INFO - Epoch(val)  [36][350/800]    eta: 0:00:46  time: 0.1090  data_time: 0.0004  memory: 998  
2025/07/01 05:30:26 - mmengine - INFO - Epoch(val)  [36][400/800]    eta: 0:00:41  time: 0.1097  data_time: 0.0004  memory: 998  
2025/07/01 05:30:31 - mmengine - INFO - Epoch(val)  [36][450/800]    eta: 0:00:36  time: 0.1096  data_time: 0.0004  memory: 998  
2025/07/01 05:30:37 - mmengine - INFO - Epoch(val)  [36][500/800]    eta: 0:00:31  time: 0.1103  data_time: 0.0004  memory: 998  
2025/07/01 05:30:42 - mmengine - INFO - Epoch(val)  [36][550/800]    eta: 0:00:26  time: 0.1086  data_time: 0.0004  memory: 998  
2025/07/01 05:30:48 - mmengine - INFO - Epoch(val)  [36][600/800]    eta: 0:00:21  time: 0.1053  data_time: 0.0004  memory: 998  
2025/07/01 05:30:53 - mmengine - INFO - Epoch(val)  [36][650/800]    eta: 0:00:15  time: 0.1050  data_time: 0.0004  memory: 998  
2025/07/01 05:30:58 - mmengine - INFO - Epoch(val)  [36][700/800]    eta: 0:00:10  time: 0.1116  data_time: 0.0005  memory: 998  
2025/07/01 05:31:04 - mmengine - INFO - Epoch(val)  [36][750/800]    eta: 0:00:05  time: 0.1123  data_time: 0.0005  memory: 998  
2025/07/01 05:31:10 - mmengine - INFO - Epoch(val)  [36][800/800]    eta: 0:00:00  time: 0.1114  data_time: 0.0005  memory: 998  
2025/07/01 05:31:11 - mmengine - INFO - Evaluating bbox...
2025/07/01 05:31:27 - mmengine - INFO - 
+-------------+-------+--------+--------+-------+-------+-------+
| category    | mAP   | mAP_50 | mAP_75 | mAP_s | mAP_m | mAP_l |
+-------------+-------+--------+--------+-------+-------+-------+
| car         | 0.695 | 0.965  | 0.846  | 0.475 | 0.726 | 0.0   |
| truck       | 0.448 | 0.651  | 0.546  | 0.016 | 0.447 | 0.486 |
| bus         | 0.727 | 0.94   | 0.879  | 0.002 | 0.695 | 0.783 |
| van         | 0.351 | 0.511  | 0.444  | 0.263 | 0.365 | 0.371 |
| freight_car | 0.393 | 0.558  | 0.476  | 0.062 | 0.389 | 0.44  |
+-------------+-------+--------+--------+-------+-------+-------+
2025/07/01 05:31:27 - mmengine - INFO - bbox_mAP_copypaste: 0.523 0.725 0.638 0.164 0.524 0.416
2025/07/01 05:31:27 - mmengine - INFO - Epoch(val) [36][800/800]    coco/car_precision: 0.6950  coco/truck_precision: 0.4480  coco/bus_precision: 0.7270  coco/van_precision: 0.3510  coco/freight_car_precision: 0.3930  coco/bbox_mAP: 0.5230  coco/bbox_mAP_50: 0.7250  coco/bbox_mAP_75: 0.6380  coco/bbox_mAP_s: 0.1640  coco/bbox_mAP_m: 0.5240  coco/bbox_mAP_l: 0.4160  data_time: 0.0005  time: 0.1069
2025/07/01 05:31:27 - mmengine - INFO - The previous best checkpoint /data/nl/Mamba2Spectral/work_dirs/DroneVehicle/2025_06_30/yolov8_mambatransformer_enhance/best_coco_bbox_mAP_50_epoch_35.pth is removed
2025/07/01 05:31:30 - mmengine - INFO - The best checkpoint with 0.7250 coco/bbox_mAP_50 at 36 epoch is saved to best_coco_bbox_mAP_50_epoch_36.pth.
2025/07/01 05:34:23 - mmengine - INFO - Epoch(train)  [37][ 50/400]  base_lr: 1.0000e-02 lr: 8.2675e-03  eta: 2 days, 9:45:35  time: 3.3656  data_time: 0.0309  memory: 10726  grad_norm: 9.8140  loss: 22.9353  loss_cls: 5.3644  loss_bbox: 8.8942  loss_dfl: 8.6767
2025/07/01 05:37:10 - mmengine - INFO - Epoch(train)  [37][100/400]  base_lr: 1.0000e-02 lr: 8.2675e-03  eta: 2 days, 9:43:33  time: 3.3373  data_time: 0.0065  memory: 10780  grad_norm: 8.7318  loss: 22.4917  loss_cls: 5.1953  loss_bbox: 8.7897  loss_dfl: 8.5067
2025/07/01 05:39:57 - mmengine - INFO - Epoch(train)  [37][150/400]  base_lr: 1.0000e-02 lr: 8.2675e-03  eta: 2 days, 9:41:32  time: 3.3367  data_time: 0.0065  memory: 10716  grad_norm: 8.6970  loss: 22.3576  loss_cls: 5.1687  loss_bbox: 8.7441  loss_dfl: 8.4447
2025/07/01 05:42:43 - mmengine - INFO - Epoch(train)  [37][200/400]  base_lr: 1.0000e-02 lr: 8.2675e-03  eta: 2 days, 9:39:30  time: 3.3378  data_time: 0.0068  memory: 11030  grad_norm: 8.8218  loss: 22.4188  loss_cls: 5.1790  loss_bbox: 8.7501  loss_dfl: 8.4897
2025/07/01 05:45:30 - mmengine - INFO - Epoch(train)  [37][250/400]  base_lr: 1.0000e-02 lr: 8.2675e-03  eta: 2 days, 9:37:26  time: 3.3321  data_time: 0.0077  memory: 10652  grad_norm: 8.6798  loss: 22.3251  loss_cls: 5.0493  loss_bbox: 8.7026  loss_dfl: 8.5732
2025/07/01 05:48:17 - mmengine - INFO - Epoch(train)  [37][300/400]  base_lr: 1.0000e-02 lr: 8.2675e-03  eta: 2 days, 9:35:23  time: 3.3344  data_time: 0.0066  memory: 10758  grad_norm: 8.6982  loss: 22.3603  loss_cls: 5.1275  loss_bbox: 8.7767  loss_dfl: 8.4561
2025/07/01 05:51:04 - mmengine - INFO - Epoch(train)  [37][350/400]  base_lr: 1.0000e-02 lr: 8.2675e-03  eta: 2 days, 9:33:20  time: 3.3349  data_time: 0.0066  memory: 10700  grad_norm: 9.2003  loss: 22.6836  loss_cls: 5.2533  loss_bbox: 8.9404  loss_dfl: 8.4899
2025/07/01 05:52:52 - mmengine - INFO - Exp name: yolov8_mambatransformer_enhance_20250630_153731
2025/07/01 05:52:52 - mmengine - INFO - Epoch(train)  [37][400/400]  base_lr: 1.0000e-02 lr: 8.2675e-03  eta: 2 days, 9:26:59  time: 2.1695  data_time: 0.0070  memory: 10806  grad_norm: 9.6695  loss: 22.6200  loss_cls: 5.2726  loss_bbox: 8.7675  loss_dfl: 8.5799
2025/07/01 05:52:52 - mmengine - INFO - Saving checkpoint at 37 epochs
2025/07/01 05:53:01 - mmengine - INFO - Epoch(val)  [37][ 50/800]    eta: 0:01:23  time: 0.1110  data_time: 0.0009  memory: 998  
2025/07/01 05:53:07 - mmengine - INFO - Epoch(val)  [37][100/800]    eta: 0:01:17  time: 0.1107  data_time: 0.0005  memory: 998  
2025/07/01 05:53:12 - mmengine - INFO - Epoch(val)  [37][150/800]    eta: 0:01:12  time: 0.1116  data_time: 0.0005  memory: 998  
2025/07/01 05:53:18 - mmengine - INFO - Epoch(val)  [37][200/800]    eta: 0:01:06  time: 0.1109  data_time: 0.0005  memory: 998  
2025/07/01 05:53:23 - mmengine - INFO - Epoch(val)  [37][250/800]    eta: 0:01:01  time: 0.1112  data_time: 0.0005  memory: 998  
2025/07/01 05:53:29 - mmengine - INFO - Epoch(val)  [37][300/800]    eta: 0:00:55  time: 0.1111  data_time: 0.0006  memory: 998  
2025/07/01 05:53:35 - mmengine - INFO - Epoch(val)  [37][350/800]    eta: 0:00:49  time: 0.1109  data_time: 0.0005  memory: 998  
2025/07/01 05:53:40 - mmengine - INFO - Epoch(val)  [37][400/800]    eta: 0:00:44  time: 0.1104  data_time: 0.0005  memory: 998  
2025/07/01 05:53:46 - mmengine - INFO - Epoch(val)  [37][450/800]    eta: 0:00:38  time: 0.1130  data_time: 0.0005  memory: 998  
2025/07/01 05:53:51 - mmengine - INFO - Epoch(val)  [37][500/800]    eta: 0:00:33  time: 0.1116  data_time: 0.0005  memory: 998  
2025/07/01 05:53:57 - mmengine - INFO - Epoch(val)  [37][550/800]    eta: 0:00:27  time: 0.1121  data_time: 0.0005  memory: 998  
2025/07/01 05:54:03 - mmengine - INFO - Epoch(val)  [37][600/800]    eta: 0:00:22  time: 0.1119  data_time: 0.0005  memory: 998  
2025/07/01 05:54:08 - mmengine - INFO - Epoch(val)  [37][650/800]    eta: 0:00:16  time: 0.1118  data_time: 0.0005  memory: 998  
2025/07/01 05:54:14 - mmengine - INFO - Epoch(val)  [37][700/800]    eta: 0:00:11  time: 0.1119  data_time: 0.0005  memory: 998  
2025/07/01 05:54:19 - mmengine - INFO - Epoch(val)  [37][750/800]    eta: 0:00:05  time: 0.1117  data_time: 0.0005  memory: 998  
2025/07/01 05:54:25 - mmengine - INFO - Epoch(val)  [37][800/800]    eta: 0:00:00  time: 0.1120  data_time: 0.0005  memory: 998  
2025/07/01 05:54:27 - mmengine - INFO - Evaluating bbox...
2025/07/01 05:54:42 - mmengine - INFO - 
+-------------+-------+--------+--------+-------+-------+-------+
| category    | mAP   | mAP_50 | mAP_75 | mAP_s | mAP_m | mAP_l |
+-------------+-------+--------+--------+-------+-------+-------+
| car         | 0.695 | 0.965  | 0.845  | 0.472 | 0.726 | 0.0   |
| truck       | 0.45  | 0.657  | 0.544  | 0.016 | 0.449 | 0.488 |
| bus         | 0.727 | 0.943  | 0.883  | 0.002 | 0.698 | 0.782 |
| van         | 0.356 | 0.515  | 0.445  | 0.256 | 0.377 | 0.348 |
| freight_car | 0.401 | 0.568  | 0.487  | 0.105 | 0.397 | 0.449 |
+-------------+-------+--------+--------+-------+-------+-------+
2025/07/01 05:54:42 - mmengine - INFO - bbox_mAP_copypaste: 0.526 0.729 0.641 0.170 0.529 0.413
2025/07/01 05:54:42 - mmengine - INFO - Epoch(val) [37][800/800]    coco/car_precision: 0.6950  coco/truck_precision: 0.4500  coco/bus_precision: 0.7270  coco/van_precision: 0.3560  coco/freight_car_precision: 0.4010  coco/bbox_mAP: 0.5260  coco/bbox_mAP_50: 0.7290  coco/bbox_mAP_75: 0.6410  coco/bbox_mAP_s: 0.1700  coco/bbox_mAP_m: 0.5290  coco/bbox_mAP_l: 0.4130  data_time: 0.0005  time: 0.1115
2025/07/01 05:54:42 - mmengine - INFO - The previous best checkpoint /data/nl/Mamba2Spectral/work_dirs/DroneVehicle/2025_06_30/yolov8_mambatransformer_enhance/best_coco_bbox_mAP_50_epoch_36.pth is removed
2025/07/01 05:54:45 - mmengine - INFO - The best checkpoint with 0.7290 coco/bbox_mAP_50 at 37 epoch is saved to best_coco_bbox_mAP_50_epoch_37.pth.
2025/07/01 05:57:37 - mmengine - INFO - Epoch(train)  [38][ 50/400]  base_lr: 1.0000e-02 lr: 8.2180e-03  eta: 2 days, 9:25:00  time: 3.3526  data_time: 0.0281  memory: 10892  grad_norm: 8.7786  loss: 22.3695  loss_cls: 5.2679  loss_bbox: 8.7100  loss_dfl: 8.3916
2025/07/01 06:00:24 - mmengine - INFO - Epoch(train)  [38][100/400]  base_lr: 1.0000e-02 lr: 8.2180e-03  eta: 2 days, 9:22:58  time: 3.3394  data_time: 0.0071  memory: 10812  grad_norm: 9.4324  loss: 22.7459  loss_cls: 5.2770  loss_bbox: 8.9029  loss_dfl: 8.5660
2025/07/01 06:03:11 - mmengine - INFO - Epoch(train)  [38][150/400]  base_lr: 1.0000e-02 lr: 8.2180e-03  eta: 2 days, 9:20:56  time: 3.3394  data_time: 0.0071  memory: 10828  grad_norm: 8.9386  loss: 22.7601  loss_cls: 5.2753  loss_bbox: 9.0011  loss_dfl: 8.4836
2025/07/01 06:05:58 - mmengine - INFO - Exp name: yolov8_mambatransformer_enhance_20250630_153731
2025/07/01 06:05:58 - mmengine - INFO - Epoch(train)  [38][200/400]  base_lr: 1.0000e-02 lr: 8.2180e-03  eta: 2 days, 9:18:53  time: 3.3390  data_time: 0.0066  memory: 10806  grad_norm: 8.8045  loss: 22.3752  loss_cls: 5.0716  loss_bbox: 8.8148  loss_dfl: 8.4889
2025/07/01 06:08:45 - mmengine - INFO - Epoch(train)  [38][250/400]  base_lr: 1.0000e-02 lr: 8.2180e-03  eta: 2 days, 9:16:50  time: 3.3418  data_time: 0.0066  memory: 10940  grad_norm: 9.4893  loss: 22.7025  loss_cls: 5.2969  loss_bbox: 8.8572  loss_dfl: 8.5484
2025/07/01 06:11:32 - mmengine - INFO - Epoch(train)  [38][300/400]  base_lr: 1.0000e-02 lr: 8.2180e-03  eta: 2 days, 9:14:45  time: 3.3302  data_time: 0.0067  memory: 10662  grad_norm: 9.3888  loss: 22.5924  loss_cls: 5.2772  loss_bbox: 8.7538  loss_dfl: 8.5615
2025/07/01 06:14:19 - mmengine - INFO - Epoch(train)  [38][350/400]  base_lr: 1.0000e-02 lr: 8.2180e-03  eta: 2 days, 9:12:40  time: 3.3359  data_time: 0.0066  memory: 11052  grad_norm: 8.7160  loss: 22.5268  loss_cls: 5.2392  loss_bbox: 8.8779  loss_dfl: 8.4096
2025/07/01 06:16:05 - mmengine - INFO - Exp name: yolov8_mambatransformer_enhance_20250630_153731
2025/07/01 06:16:05 - mmengine - INFO - Epoch(train)  [38][400/400]  base_lr: 1.0000e-02 lr: 8.2180e-03  eta: 2 days, 9:06:18  time: 2.1276  data_time: 0.0071  memory: 11153  grad_norm: 9.2686  loss: 23.0030  loss_cls: 5.3322  loss_bbox: 9.0774  loss_dfl: 8.5934
2025/07/01 06:16:05 - mmengine - INFO - Saving checkpoint at 38 epochs
2025/07/01 06:16:14 - mmengine - INFO - Epoch(val)  [38][ 50/800]    eta: 0:01:21  time: 0.1087  data_time: 0.0011  memory: 998  
2025/07/01 06:16:19 - mmengine - INFO - Epoch(val)  [38][100/800]    eta: 0:01:12  time: 0.0985  data_time: 0.0004  memory: 998  
2025/07/01 06:16:23 - mmengine - INFO - Epoch(val)  [38][150/800]    eta: 0:01:05  time: 0.0933  data_time: 0.0004  memory: 998  
2025/07/01 06:16:29 - mmengine - INFO - Epoch(val)  [38][200/800]    eta: 0:01:00  time: 0.1043  data_time: 0.0004  memory: 998  
2025/07/01 06:16:35 - mmengine - INFO - Epoch(val)  [38][250/800]    eta: 0:00:59  time: 0.1354  data_time: 0.0035  memory: 998  
2025/07/01 06:16:42 - mmengine - INFO - Epoch(val)  [38][300/800]    eta: 0:00:55  time: 0.1296  data_time: 0.0076  memory: 998  
2025/07/01 06:16:49 - mmengine - INFO - Epoch(val)  [38][350/800]    eta: 0:00:51  time: 0.1385  data_time: 0.0078  memory: 998  
2025/07/01 06:16:56 - mmengine - INFO - Epoch(val)  [38][400/800]    eta: 0:00:47  time: 0.1333  data_time: 0.0044  memory: 998  
2025/07/01 06:17:03 - mmengine - INFO - Epoch(val)  [38][450/800]    eta: 0:00:42  time: 0.1519  data_time: 0.0059  memory: 998  
2025/07/01 06:17:10 - mmengine - INFO - Epoch(val)  [38][500/800]    eta: 0:00:37  time: 0.1448  data_time: 0.0054  memory: 998  
2025/07/01 06:17:18 - mmengine - INFO - Epoch(val)  [38][550/800]    eta: 0:00:31  time: 0.1539  data_time: 0.0008  memory: 998  
2025/07/01 06:17:25 - mmengine - INFO - Epoch(val)  [38][600/800]    eta: 0:00:25  time: 0.1477  data_time: 0.0070  memory: 998  
2025/07/01 06:17:33 - mmengine - INFO - Epoch(val)  [38][650/800]    eta: 0:00:19  time: 0.1445  data_time: 0.0011  memory: 998  
2025/07/01 06:17:40 - mmengine - INFO - Epoch(val)  [38][700/800]    eta: 0:00:13  time: 0.1417  data_time: 0.0039  memory: 998  
2025/07/01 06:17:47 - mmengine - INFO - Epoch(val)  [38][750/800]    eta: 0:00:06  time: 0.1395  data_time: 0.0024  memory: 998  
2025/07/01 06:17:54 - mmengine - INFO - Epoch(val)  [38][800/800]    eta: 0:00:00  time: 0.1422  data_time: 0.0034  memory: 998  
2025/07/01 06:17:56 - mmengine - INFO - Evaluating bbox...
2025/07/01 06:18:12 - mmengine - INFO - 
+-------------+-------+--------+--------+-------+-------+-------+
| category    | mAP   | mAP_50 | mAP_75 | mAP_s | mAP_m | mAP_l |
+-------------+-------+--------+--------+-------+-------+-------+
| car         | 0.695 | 0.965  | 0.845  | 0.473 | 0.725 | 0.0   |
| truck       | 0.45  | 0.656  | 0.544  | 0.014 | 0.447 | 0.495 |
| bus         | 0.729 | 0.941  | 0.878  | 0.002 | 0.697 | 0.786 |
| van         | 0.355 | 0.517  | 0.444  | 0.258 | 0.377 | 0.357 |
| freight_car | 0.404 | 0.568  | 0.493  | 0.103 | 0.399 | 0.454 |
+-------------+-------+--------+--------+-------+-------+-------+
2025/07/01 06:18:12 - mmengine - INFO - bbox_mAP_copypaste: 0.527 0.730 0.641 0.170 0.529 0.418
2025/07/01 06:18:13 - mmengine - INFO - Epoch(val) [38][800/800]    coco/car_precision: 0.6950  coco/truck_precision: 0.4500  coco/bus_precision: 0.7290  coco/van_precision: 0.3550  coco/freight_car_precision: 0.4040  coco/bbox_mAP: 0.5270  coco/bbox_mAP_50: 0.7300  coco/bbox_mAP_75: 0.6410  coco/bbox_mAP_s: 0.1700  coco/bbox_mAP_m: 0.5290  coco/bbox_mAP_l: 0.4180  data_time: 0.0035  time: 0.1317
2025/07/01 06:18:13 - mmengine - INFO - The previous best checkpoint /data/nl/Mamba2Spectral/work_dirs/DroneVehicle/2025_06_30/yolov8_mambatransformer_enhance/best_coco_bbox_mAP_50_epoch_37.pth is removed
2025/07/01 06:18:15 - mmengine - INFO - The best checkpoint with 0.7300 coco/bbox_mAP_50 at 38 epoch is saved to best_coco_bbox_mAP_50_epoch_38.pth.
2025/07/01 06:21:08 - mmengine - INFO - Epoch(train)  [39][ 50/400]  base_lr: 1.0000e-02 lr: 8.1685e-03  eta: 2 days, 9:04:20  time: 3.3637  data_time: 0.0292  memory: 10881  grad_norm: 9.0252  loss: 22.5393  loss_cls: 5.2009  loss_bbox: 8.8398  loss_dfl: 8.4987
2025/07/01 06:23:55 - mmengine - INFO - Epoch(train)  [39][100/400]  base_lr: 1.0000e-02 lr: 8.1685e-03  eta: 2 days, 9:02:13  time: 3.3225  data_time: 0.0064  memory: 10924  grad_norm: 9.0459  loss: 22.3566  loss_cls: 5.1046  loss_bbox: 8.8370  loss_dfl: 8.4150
2025/07/01 06:26:41 - mmengine - INFO - Epoch(train)  [39][150/400]  base_lr: 1.0000e-02 lr: 8.1685e-03  eta: 2 days, 9:00:09  time: 3.3360  data_time: 0.0064  memory: 10737  grad_norm: 8.7961  loss: 22.3284  loss_cls: 5.1562  loss_bbox: 8.7717  loss_dfl: 8.4005
2025/07/01 06:29:28 - mmengine - INFO - Epoch(train)  [39][200/400]  base_lr: 1.0000e-02 lr: 8.1685e-03  eta: 2 days, 8:58:02  time: 3.3295  data_time: 0.0064  memory: 11062  grad_norm: 9.4292  loss: 22.5501  loss_cls: 5.1000  loss_bbox: 8.8924  loss_dfl: 8.5577
2025/07/01 06:32:15 - mmengine - INFO - Epoch(train)  [39][250/400]  base_lr: 1.0000e-02 lr: 8.1685e-03  eta: 2 days, 8:55:56  time: 3.3314  data_time: 0.0065  memory: 10753  grad_norm: 8.9193  loss: 22.3754  loss_cls: 5.2186  loss_bbox: 8.7493  loss_dfl: 8.4076
2025/07/01 06:35:01 - mmengine - INFO - Epoch(train)  [39][300/400]  base_lr: 1.0000e-02 lr: 8.1685e-03  eta: 2 days, 8:53:50  time: 3.3309  data_time: 0.0074  memory: 10956  grad_norm: 9.5539  loss: 22.7166  loss_cls: 5.3718  loss_bbox: 8.8925  loss_dfl: 8.4524
2025/07/01 06:37:44 - mmengine - INFO - Epoch(train)  [39][350/400]  base_lr: 1.0000e-02 lr: 8.1685e-03  eta: 2 days, 8:51:29  time: 3.2602  data_time: 0.0067  memory: 10673  grad_norm: 9.2871  loss: 22.6704  loss_cls: 5.3197  loss_bbox: 8.7681  loss_dfl: 8.5825
2025/07/01 06:39:19 - mmengine - INFO - Exp name: yolov8_mambatransformer_enhance_20250630_153731
2025/07/01 06:39:19 - mmengine - INFO - Epoch(train)  [39][400/400]  base_lr: 1.0000e-02 lr: 8.1685e-03  eta: 2 days, 8:44:27  time: 1.9031  data_time: 0.0067  memory: 10785  grad_norm: 9.1609  loss: 22.4500  loss_cls: 5.2223  loss_bbox: 8.7313  loss_dfl: 8.4964
2025/07/01 06:39:19 - mmengine - INFO - Saving checkpoint at 39 epochs
2025/07/01 06:39:28 - mmengine - INFO - Epoch(val)  [39][ 50/800]    eta: 0:01:16  time: 0.1015  data_time: 0.0010  memory: 998  
2025/07/01 06:39:33 - mmengine - INFO - Epoch(val)  [39][100/800]    eta: 0:01:13  time: 0.1089  data_time: 0.0004  memory: 998  
2025/07/01 06:39:39 - mmengine - INFO - Epoch(val)  [39][150/800]    eta: 0:01:09  time: 0.1098  data_time: 0.0005  memory: 998  
2025/07/01 06:39:44 - mmengine - INFO - Epoch(val)  [39][200/800]    eta: 0:01:04  time: 0.1103  data_time: 0.0005  memory: 998  
2025/07/01 06:39:50 - mmengine - INFO - Epoch(val)  [39][250/800]    eta: 0:00:59  time: 0.1096  data_time: 0.0004  memory: 998  
2025/07/01 06:39:55 - mmengine - INFO - Epoch(val)  [39][300/800]    eta: 0:00:54  time: 0.1103  data_time: 0.0005  memory: 998  
2025/07/01 06:40:01 - mmengine - INFO - Epoch(val)  [39][350/800]    eta: 0:00:48  time: 0.1110  data_time: 0.0005  memory: 998  
2025/07/01 06:40:06 - mmengine - INFO - Epoch(val)  [39][400/800]    eta: 0:00:43  time: 0.1108  data_time: 0.0005  memory: 998  
2025/07/01 06:40:12 - mmengine - INFO - Epoch(val)  [39][450/800]    eta: 0:00:38  time: 0.1117  data_time: 0.0005  memory: 998  
2025/07/01 06:40:17 - mmengine - INFO - Epoch(val)  [39][500/800]    eta: 0:00:32  time: 0.1108  data_time: 0.0005  memory: 998  
2025/07/01 06:40:23 - mmengine - INFO - Epoch(val)  [39][550/800]    eta: 0:00:27  time: 0.1110  data_time: 0.0005  memory: 998  
2025/07/01 06:40:29 - mmengine - INFO - Epoch(val)  [39][600/800]    eta: 0:00:21  time: 0.1140  data_time: 0.0005  memory: 998  
2025/07/01 06:40:34 - mmengine - INFO - Epoch(val)  [39][650/800]    eta: 0:00:16  time: 0.1108  data_time: 0.0005  memory: 998  
2025/07/01 06:40:40 - mmengine - INFO - Epoch(val)  [39][700/800]    eta: 0:00:11  time: 0.1115  data_time: 0.0005  memory: 998  
2025/07/01 06:40:45 - mmengine - INFO - Epoch(val)  [39][750/800]    eta: 0:00:05  time: 0.1114  data_time: 0.0005  memory: 998  
2025/07/01 06:40:51 - mmengine - INFO - Epoch(val)  [39][800/800]    eta: 0:00:00  time: 0.1112  data_time: 0.0005  memory: 998  
2025/07/01 06:40:53 - mmengine - INFO - Evaluating bbox...
2025/07/01 06:41:08 - mmengine - INFO - 
+-------------+-------+--------+--------+-------+-------+-------+
| category    | mAP   | mAP_50 | mAP_75 | mAP_s | mAP_m | mAP_l |
+-------------+-------+--------+--------+-------+-------+-------+
| car         | 0.694 | 0.965  | 0.846  | 0.475 | 0.725 | 0.0   |
| truck       | 0.448 | 0.654  | 0.54   | 0.016 | 0.444 | 0.49  |
| bus         | 0.731 | 0.942  | 0.881  | 0.002 | 0.696 | 0.79  |
| van         | 0.369 | 0.532  | 0.464  | 0.254 | 0.388 | 0.387 |
| freight_car | 0.404 | 0.569  | 0.479  | 0.126 | 0.398 | 0.458 |
+-------------+-------+--------+--------+-------+-------+-------+
2025/07/01 06:41:08 - mmengine - INFO - bbox_mAP_copypaste: 0.529 0.733 0.642 0.175 0.530 0.425
2025/07/01 06:41:08 - mmengine - INFO - Epoch(val) [39][800/800]    coco/car_precision: 0.6940  coco/truck_precision: 0.4480  coco/bus_precision: 0.7310  coco/van_precision: 0.3690  coco/freight_car_precision: 0.4040  coco/bbox_mAP: 0.5290  coco/bbox_mAP_50: 0.7330  coco/bbox_mAP_75: 0.6420  coco/bbox_mAP_s: 0.1750  coco/bbox_mAP_m: 0.5300  coco/bbox_mAP_l: 0.4250  data_time: 0.0005  time: 0.1103
2025/07/01 06:41:08 - mmengine - INFO - The previous best checkpoint /data/nl/Mamba2Spectral/work_dirs/DroneVehicle/2025_06_30/yolov8_mambatransformer_enhance/best_coco_bbox_mAP_50_epoch_38.pth is removed
2025/07/01 06:41:11 - mmengine - INFO - The best checkpoint with 0.7330 coco/bbox_mAP_50 at 39 epoch is saved to best_coco_bbox_mAP_50_epoch_39.pth.
2025/07/01 06:44:04 - mmengine - INFO - Epoch(train)  [40][ 50/400]  base_lr: 1.0000e-02 lr: 8.1190e-03  eta: 2 days, 8:42:28  time: 3.3609  data_time: 0.0290  memory: 10998  grad_norm: 9.2159  loss: 22.2499  loss_cls: 5.1974  loss_bbox: 8.6523  loss_dfl: 8.4002
2025/07/01 06:46:51 - mmengine - INFO - Epoch(train)  [40][100/400]  base_lr: 1.0000e-02 lr: 8.1190e-03  eta: 2 days, 8:40:24  time: 3.3424  data_time: 0.0070  memory: 10982  grad_norm: 8.7772  loss: 22.3163  loss_cls: 5.0187  loss_bbox: 8.8682  loss_dfl: 8.4294
2025/07/01 06:49:38 - mmengine - INFO - Epoch(train)  [40][150/400]  base_lr: 1.0000e-02 lr: 8.1190e-03  eta: 2 days, 8:38:20  time: 3.3418  data_time: 0.0070  memory: 10780  grad_norm: 9.5367  loss: 23.0243  loss_cls: 5.4003  loss_bbox: 8.9784  loss_dfl: 8.6457
2025/07/01 06:52:25 - mmengine - INFO - Epoch(train)  [40][200/400]  base_lr: 1.0000e-02 lr: 8.1190e-03  eta: 2 days, 8:36:14  time: 3.3353  data_time: 0.0077  memory: 10753  grad_norm: 9.4921  loss: 22.6341  loss_cls: 5.2886  loss_bbox: 8.7719  loss_dfl: 8.5737
2025/07/01 06:55:11 - mmengine - INFO - Epoch(train)  [40][250/400]  base_lr: 1.0000e-02 lr: 8.1190e-03  eta: 2 days, 8:34:08  time: 3.3361  data_time: 0.0065  memory: 10961  grad_norm: 8.9242  loss: 22.3939  loss_cls: 5.1529  loss_bbox: 8.7986  loss_dfl: 8.4424
2025/07/01 06:57:58 - mmengine - INFO - Epoch(train)  [40][300/400]  base_lr: 1.0000e-02 lr: 8.1190e-03  eta: 2 days, 8:32:00  time: 3.3260  data_time: 0.0064  memory: 11335  grad_norm: 9.1588  loss: 22.0620  loss_cls: 5.0814  loss_bbox: 8.4874  loss_dfl: 8.4932
2025/07/01 07:00:44 - mmengine - INFO - Epoch(train)  [40][350/400]  base_lr: 1.0000e-02 lr: 8.1190e-03  eta: 2 days, 8:29:52  time: 3.3287  data_time: 0.0064  memory: 10924  grad_norm: 8.8899  loss: 22.4713  loss_cls: 5.1635  loss_bbox: 8.7099  loss_dfl: 8.5979
2025/07/01 07:02:30 - mmengine - INFO - Exp name: yolov8_mambatransformer_enhance_20250630_153731
2025/07/01 07:02:30 - mmengine - INFO - Epoch(train)  [40][400/400]  base_lr: 1.0000e-02 lr: 8.1190e-03  eta: 2 days, 8:23:43  time: 2.1237  data_time: 0.0068  memory: 10785  grad_norm: 8.6469  loss: 22.0175  loss_cls: 5.0248  loss_bbox: 8.6938  loss_dfl: 8.2989
2025/07/01 07:02:30 - mmengine - INFO - Saving checkpoint at 40 epochs
2025/07/01 07:02:39 - mmengine - INFO - Epoch(val)  [40][ 50/800]    eta: 0:01:14  time: 0.0994  data_time: 0.0010  memory: 998  
2025/07/01 07:02:44 - mmengine - INFO - Epoch(val)  [40][100/800]    eta: 0:01:10  time: 0.1011  data_time: 0.0004  memory: 998  
2025/07/01 07:02:49 - mmengine - INFO - Epoch(val)  [40][150/800]    eta: 0:01:06  time: 0.1076  data_time: 0.0005  memory: 998  
2025/07/01 07:02:55 - mmengine - INFO - Epoch(val)  [40][200/800]    eta: 0:01:02  time: 0.1117  data_time: 0.0005  memory: 998  
2025/07/01 07:03:00 - mmengine - INFO - Epoch(val)  [40][250/800]    eta: 0:00:58  time: 0.1117  data_time: 0.0005  memory: 998  
2025/07/01 07:03:06 - mmengine - INFO - Epoch(val)  [40][300/800]    eta: 0:00:53  time: 0.1113  data_time: 0.0005  memory: 998  
2025/07/01 07:03:12 - mmengine - INFO - Epoch(val)  [40][350/800]    eta: 0:00:48  time: 0.1112  data_time: 0.0005  memory: 998  
2025/07/01 07:03:17 - mmengine - INFO - Epoch(val)  [40][400/800]    eta: 0:00:43  time: 0.1113  data_time: 0.0005  memory: 998  
2025/07/01 07:03:22 - mmengine - INFO - Epoch(val)  [40][450/800]    eta: 0:00:37  time: 0.1016  data_time: 0.0004  memory: 998  
2025/07/01 07:03:27 - mmengine - INFO - Epoch(val)  [40][500/800]    eta: 0:00:31  time: 0.0986  data_time: 0.0004  memory: 998  
2025/07/01 07:03:33 - mmengine - INFO - Epoch(val)  [40][550/800]    eta: 0:00:26  time: 0.1109  data_time: 0.0005  memory: 998  
2025/07/01 07:03:38 - mmengine - INFO - Epoch(val)  [40][600/800]    eta: 0:00:21  time: 0.1011  data_time: 0.0004  memory: 998  
2025/07/01 07:03:43 - mmengine - INFO - Epoch(val)  [40][650/800]    eta: 0:00:15  time: 0.1038  data_time: 0.0004  memory: 998  
2025/07/01 07:03:49 - mmengine - INFO - Epoch(val)  [40][700/800]    eta: 0:00:10  time: 0.1101  data_time: 0.0004  memory: 998  
2025/07/01 07:03:54 - mmengine - INFO - Epoch(val)  [40][750/800]    eta: 0:00:05  time: 0.1100  data_time: 0.0004  memory: 998  
2025/07/01 07:04:00 - mmengine - INFO - Epoch(val)  [40][800/800]    eta: 0:00:00  time: 0.1101  data_time: 0.0004  memory: 998  
2025/07/01 07:04:01 - mmengine - INFO - Evaluating bbox...
2025/07/01 07:04:17 - mmengine - INFO - 
+-------------+-------+--------+--------+-------+-------+-------+
| category    | mAP   | mAP_50 | mAP_75 | mAP_s | mAP_m | mAP_l |
+-------------+-------+--------+--------+-------+-------+-------+
| car         | 0.694 | 0.965  | 0.846  | 0.476 | 0.725 | 0.0   |
| truck       | 0.449 | 0.656  | 0.543  | 0.014 | 0.444 | 0.492 |
| bus         | 0.733 | 0.943  | 0.883  | 0.002 | 0.697 | 0.796 |
| van         | 0.37  | 0.534  | 0.468  | 0.262 | 0.388 | 0.409 |
| freight_car | 0.406 | 0.571  | 0.486  | 0.126 | 0.4   | 0.465 |
+-------------+-------+--------+--------+-------+-------+-------+
2025/07/01 07:04:17 - mmengine - INFO - bbox_mAP_copypaste: 0.530 0.734 0.645 0.176 0.531 0.433
2025/07/01 07:04:17 - mmengine - INFO - Epoch(val) [40][800/800]    coco/car_precision: 0.6940  coco/truck_precision: 0.4490  coco/bus_precision: 0.7330  coco/van_precision: 0.3700  coco/freight_car_precision: 0.4060  coco/bbox_mAP: 0.5300  coco/bbox_mAP_50: 0.7340  coco/bbox_mAP_75: 0.6450  coco/bbox_mAP_s: 0.1760  coco/bbox_mAP_m: 0.5310  coco/bbox_mAP_l: 0.4330  data_time: 0.0005  time: 0.1070
2025/07/01 07:04:17 - mmengine - INFO - The previous best checkpoint /data/nl/Mamba2Spectral/work_dirs/DroneVehicle/2025_06_30/yolov8_mambatransformer_enhance/best_coco_bbox_mAP_50_epoch_39.pth is removed
2025/07/01 07:04:20 - mmengine - INFO - The best checkpoint with 0.7340 coco/bbox_mAP_50 at 40 epoch is saved to best_coco_bbox_mAP_50_epoch_40.pth.
2025/07/01 07:07:13 - mmengine - INFO - Epoch(train)  [41][ 50/400]  base_lr: 1.0000e-02 lr: 8.0695e-03  eta: 2 days, 8:21:41  time: 3.3592  data_time: 0.0289  memory: 10833  grad_norm: 9.4368  loss: 22.6699  loss_cls: 5.2152  loss_bbox: 8.9090  loss_dfl: 8.5457
2025/07/01 07:09:59 - mmengine - INFO - Epoch(train)  [41][100/400]  base_lr: 1.0000e-02 lr: 8.0695e-03  eta: 2 days, 8:19:31  time: 3.3179  data_time: 0.0070  memory: 10892  grad_norm: 9.3777  loss: 22.4949  loss_cls: 5.2328  loss_bbox: 8.7570  loss_dfl: 8.5051
2025/07/01 07:12:45 - mmengine - INFO - Epoch(train)  [41][150/400]  base_lr: 1.0000e-02 lr: 8.0695e-03  eta: 2 days, 8:17:23  time: 3.3289  data_time: 0.0064  memory: 10828  grad_norm: 9.1366  loss: 22.2310  loss_cls: 5.1328  loss_bbox: 8.7238  loss_dfl: 8.3744
2025/07/01 07:15:31 - mmengine - INFO - Epoch(train)  [41][200/400]  base_lr: 1.0000e-02 lr: 8.0695e-03  eta: 2 days, 8:15:15  time: 3.3254  data_time: 0.0065  memory: 10721  grad_norm: 8.7736  loss: 22.2382  loss_cls: 5.0824  loss_bbox: 8.7471  loss_dfl: 8.4086
2025/07/01 07:18:18 - mmengine - INFO - Epoch(train)  [41][250/400]  base_lr: 1.0000e-02 lr: 8.0695e-03  eta: 2 days, 8:13:06  time: 3.3292  data_time: 0.0064  memory: 10913  grad_norm: 9.3617  loss: 22.2275  loss_cls: 5.2012  loss_bbox: 8.5863  loss_dfl: 8.4400
2025/07/01 07:21:04 - mmengine - INFO - Epoch(train)  [41][300/400]  base_lr: 1.0000e-02 lr: 8.0695e-03  eta: 2 days, 8:10:58  time: 3.3326  data_time: 0.0064  memory: 11158  grad_norm: 8.8719  loss: 22.3252  loss_cls: 5.1210  loss_bbox: 8.7335  loss_dfl: 8.4708
2025/07/01 07:23:51 - mmengine - INFO - Epoch(train)  [41][350/400]  base_lr: 1.0000e-02 lr: 8.0695e-03  eta: 2 days, 8:08:50  time: 3.3301  data_time: 0.0066  memory: 10668  grad_norm: 8.9258  loss: 22.1595  loss_cls: 5.0232  loss_bbox: 8.6900  loss_dfl: 8.4463
2025/07/01 07:25:41 - mmengine - INFO - Exp name: yolov8_mambatransformer_enhance_20250630_153731
2025/07/01 07:25:41 - mmengine - INFO - Epoch(train)  [41][400/400]  base_lr: 1.0000e-02 lr: 8.0695e-03  eta: 2 days, 8:03:02  time: 2.2003  data_time: 0.0071  memory: 10737  grad_norm: 9.7128  loss: 22.5028  loss_cls: 5.1467  loss_bbox: 8.7375  loss_dfl: 8.6187
2025/07/01 07:25:41 - mmengine - INFO - Saving checkpoint at 41 epochs
2025/07/01 07:25:51 - mmengine - INFO - Epoch(val)  [41][ 50/800]    eta: 0:01:26  time: 0.1155  data_time: 0.0023  memory: 998  
2025/07/01 07:25:57 - mmengine - INFO - Epoch(val)  [41][100/800]    eta: 0:01:24  time: 0.1272  data_time: 0.0005  memory: 998  
2025/07/01 07:26:02 - mmengine - INFO - Epoch(val)  [41][150/800]    eta: 0:01:13  time: 0.0945  data_time: 0.0004  memory: 998  
2025/07/01 07:26:06 - mmengine - INFO - Epoch(val)  [41][200/800]    eta: 0:01:04  time: 0.0950  data_time: 0.0004  memory: 998  
2025/07/01 07:26:12 - mmengine - INFO - Epoch(val)  [41][250/800]    eta: 0:00:59  time: 0.1098  data_time: 0.0005  memory: 998  
2025/07/01 07:26:17 - mmengine - INFO - Epoch(val)  [41][300/800]    eta: 0:00:54  time: 0.1109  data_time: 0.0005  memory: 998  
2025/07/01 07:26:23 - mmengine - INFO - Epoch(val)  [41][350/800]    eta: 0:00:49  time: 0.1113  data_time: 0.0005  memory: 998  
2025/07/01 07:26:28 - mmengine - INFO - Epoch(val)  [41][400/800]    eta: 0:00:43  time: 0.1055  data_time: 0.0004  memory: 998  
2025/07/01 07:26:33 - mmengine - INFO - Epoch(val)  [41][450/800]    eta: 0:00:37  time: 0.1027  data_time: 0.0004  memory: 998  
2025/07/01 07:26:39 - mmengine - INFO - Epoch(val)  [41][500/800]    eta: 0:00:32  time: 0.1099  data_time: 0.0004  memory: 998  
2025/07/01 07:26:44 - mmengine - INFO - Epoch(val)  [41][550/800]    eta: 0:00:27  time: 0.1099  data_time: 0.0004  memory: 998  
2025/07/01 07:26:50 - mmengine - INFO - Epoch(val)  [41][600/800]    eta: 0:00:21  time: 0.1099  data_time: 0.0004  memory: 998  
2025/07/01 07:26:55 - mmengine - INFO - Epoch(val)  [41][650/800]    eta: 0:00:16  time: 0.1109  data_time: 0.0004  memory: 998  
2025/07/01 07:27:01 - mmengine - INFO - Epoch(val)  [41][700/800]    eta: 0:00:10  time: 0.1098  data_time: 0.0004  memory: 998  
2025/07/01 07:27:07 - mmengine - INFO - Epoch(val)  [41][750/800]    eta: 0:00:05  time: 0.1102  data_time: 0.0004  memory: 998  
2025/07/01 07:27:12 - mmengine - INFO - Epoch(val)  [41][800/800]    eta: 0:00:00  time: 0.1104  data_time: 0.0004  memory: 998  
2025/07/01 07:27:14 - mmengine - INFO - Evaluating bbox...
2025/07/01 07:27:29 - mmengine - INFO - 
+-------------+-------+--------+--------+-------+-------+-------+
| category    | mAP   | mAP_50 | mAP_75 | mAP_s | mAP_m | mAP_l |
+-------------+-------+--------+--------+-------+-------+-------+
| car         | 0.695 | 0.965  | 0.847  | 0.474 | 0.725 | 0.0   |
| truck       | 0.449 | 0.659  | 0.544  | 0.013 | 0.446 | 0.491 |
| bus         | 0.732 | 0.944  | 0.888  | 0.002 | 0.696 | 0.795 |
| van         | 0.371 | 0.536  | 0.474  | 0.26  | 0.389 | 0.415 |
| freight_car | 0.407 | 0.574  | 0.48   | 0.126 | 0.403 | 0.456 |
+-------------+-------+--------+--------+-------+-------+-------+
2025/07/01 07:27:29 - mmengine - INFO - bbox_mAP_copypaste: 0.531 0.736 0.647 0.175 0.532 0.431
2025/07/01 07:27:29 - mmengine - INFO - Epoch(val) [41][800/800]    coco/car_precision: 0.6950  coco/truck_precision: 0.4490  coco/bus_precision: 0.7320  coco/van_precision: 0.3710  coco/freight_car_precision: 0.4070  coco/bbox_mAP: 0.5310  coco/bbox_mAP_50: 0.7360  coco/bbox_mAP_75: 0.6470  coco/bbox_mAP_s: 0.1750  coco/bbox_mAP_m: 0.5320  coco/bbox_mAP_l: 0.4310  data_time: 0.0006  time: 0.1090
2025/07/01 07:27:29 - mmengine - INFO - The previous best checkpoint /data/nl/Mamba2Spectral/work_dirs/DroneVehicle/2025_06_30/yolov8_mambatransformer_enhance/best_coco_bbox_mAP_50_epoch_40.pth is removed
2025/07/01 07:27:31 - mmengine - INFO - The best checkpoint with 0.7360 coco/bbox_mAP_50 at 41 epoch is saved to best_coco_bbox_mAP_50_epoch_41.pth.
2025/07/01 07:30:24 - mmengine - INFO - Epoch(train)  [42][ 50/400]  base_lr: 1.0000e-02 lr: 8.0200e-03  eta: 2 days, 8:00:57  time: 3.3490  data_time: 0.0285  memory: 10673  grad_norm: 8.9704  loss: 22.2247  loss_cls: 5.1281  loss_bbox: 8.6817  loss_dfl: 8.4150
2025/07/01 07:33:11 - mmengine - INFO - Epoch(train)  [42][100/400]  base_lr: 1.0000e-02 lr: 8.0200e-03  eta: 2 days, 7:58:50  time: 3.3344  data_time: 0.0064  memory: 10924  grad_norm: 9.6314  loss: 22.6932  loss_cls: 5.2826  loss_bbox: 8.8429  loss_dfl: 8.5677
2025/07/01 07:35:57 - mmengine - INFO - Epoch(train)  [42][150/400]  base_lr: 1.0000e-02 lr: 8.0200e-03  eta: 2 days, 7:56:41  time: 3.3325  data_time: 0.0065  memory: 10934  grad_norm: 9.3293  loss: 22.4784  loss_cls: 5.2464  loss_bbox: 8.7532  loss_dfl: 8.4789
2025/07/01 07:38:44 - mmengine - INFO - Epoch(train)  [42][200/400]  base_lr: 1.0000e-02 lr: 8.0200e-03  eta: 2 days, 7:54:33  time: 3.3334  data_time: 0.0064  memory: 10689  grad_norm: 8.6554  loss: 22.0174  loss_cls: 4.9564  loss_bbox: 8.6850  loss_dfl: 8.3760
2025/07/01 07:41:31 - mmengine - INFO - Epoch(train)  [42][250/400]  base_lr: 1.0000e-02 lr: 8.0200e-03  eta: 2 days, 7:52:25  time: 3.3351  data_time: 0.0063  memory: 10748  grad_norm: 8.9186  loss: 22.1914  loss_cls: 5.0837  loss_bbox: 8.7459  loss_dfl: 8.3618
2025/07/01 07:44:17 - mmengine - INFO - Epoch(train)  [42][300/400]  base_lr: 1.0000e-02 lr: 8.0200e-03  eta: 2 days, 7:50:15  time: 3.3291  data_time: 0.0079  memory: 10748  grad_norm: 8.9683  loss: 22.2758  loss_cls: 5.1483  loss_bbox: 8.6751  loss_dfl: 8.4525
2025/07/01 07:47:04 - mmengine - INFO - Epoch(train)  [42][350/400]  base_lr: 1.0000e-02 lr: 8.0200e-03  eta: 2 days, 7:48:08  time: 3.3392  data_time: 0.0068  memory: 10865  grad_norm: 9.3908  loss: 22.0969  loss_cls: 5.0563  loss_bbox: 8.6421  loss_dfl: 8.3985
2025/07/01 07:48:55 - mmengine - INFO - Exp name: yolov8_mambatransformer_enhance_20250630_153731
2025/07/01 07:48:55 - mmengine - INFO - Epoch(train)  [42][400/400]  base_lr: 1.0000e-02 lr: 8.0200e-03  eta: 2 days, 7:42:27  time: 2.2108  data_time: 0.0068  memory: 10737  grad_norm: 8.7637  loss: 22.2945  loss_cls: 5.0836  loss_bbox: 8.7334  loss_dfl: 8.4775
2025/07/01 07:48:55 - mmengine - INFO - Saving checkpoint at 42 epochs
2025/07/01 07:49:03 - mmengine - INFO - Epoch(val)  [42][ 50/800]    eta: 0:01:12  time: 0.0972  data_time: 0.0010  memory: 998  
2025/07/01 07:49:08 - mmengine - INFO - Epoch(val)  [42][100/800]    eta: 0:01:06  time: 0.0928  data_time: 0.0004  memory: 998  
2025/07/01 07:49:13 - mmengine - INFO - Epoch(val)  [42][150/800]    eta: 0:01:04  time: 0.1099  data_time: 0.0004  memory: 998  
2025/07/01 07:49:19 - mmengine - INFO - Epoch(val)  [42][200/800]    eta: 0:01:01  time: 0.1084  data_time: 0.0005  memory: 998  
2025/07/01 07:49:25 - mmengine - INFO - Epoch(val)  [42][250/800]    eta: 0:00:59  time: 0.1362  data_time: 0.0006  memory: 998  
2025/07/01 07:49:31 - mmengine - INFO - Epoch(val)  [42][300/800]    eta: 0:00:55  time: 0.1212  data_time: 0.0006  memory: 998  
2025/07/01 07:49:37 - mmengine - INFO - Epoch(val)  [42][350/800]    eta: 0:00:49  time: 0.1093  data_time: 0.0005  memory: 998  
2025/07/01 07:49:42 - mmengine - INFO - Epoch(val)  [42][400/800]    eta: 0:00:44  time: 0.1076  data_time: 0.0005  memory: 998  
2025/07/01 07:49:48 - mmengine - INFO - Epoch(val)  [42][450/800]    eta: 0:00:38  time: 0.1114  data_time: 0.0005  memory: 998  
2025/07/01 07:49:53 - mmengine - INFO - Epoch(val)  [42][500/800]    eta: 0:00:33  time: 0.1100  data_time: 0.0005  memory: 998  
2025/07/01 07:49:59 - mmengine - INFO - Epoch(val)  [42][550/800]    eta: 0:00:27  time: 0.1101  data_time: 0.0005  memory: 998  
2025/07/01 07:50:04 - mmengine - INFO - Epoch(val)  [42][600/800]    eta: 0:00:22  time: 0.1100  data_time: 0.0005  memory: 998  
2025/07/01 07:50:10 - mmengine - INFO - Epoch(val)  [42][650/800]    eta: 0:00:16  time: 0.1102  data_time: 0.0005  memory: 998  
2025/07/01 07:50:15 - mmengine - INFO - Epoch(val)  [42][700/800]    eta: 0:00:11  time: 0.1096  data_time: 0.0004  memory: 998  
2025/07/01 07:50:21 - mmengine - INFO - Epoch(val)  [42][750/800]    eta: 0:00:05  time: 0.1082  data_time: 0.0004  memory: 998  
2025/07/01 07:50:26 - mmengine - INFO - Epoch(val)  [42][800/800]    eta: 0:00:00  time: 0.1079  data_time: 0.0004  memory: 998  
2025/07/01 07:50:28 - mmengine - INFO - Evaluating bbox...
2025/07/01 07:50:43 - mmengine - INFO - 
+-------------+-------+--------+--------+-------+-------+-------+
| category    | mAP   | mAP_50 | mAP_75 | mAP_s | mAP_m | mAP_l |
+-------------+-------+--------+--------+-------+-------+-------+
| car         | 0.695 | 0.966  | 0.846  | 0.474 | 0.725 | 0.0   |
| truck       | 0.456 | 0.665  | 0.549  | 0.014 | 0.453 | 0.5   |
| bus         | 0.731 | 0.944  | 0.886  | 0.002 | 0.697 | 0.795 |
| van         | 0.373 | 0.538  | 0.477  | 0.266 | 0.39  | 0.425 |
| freight_car | 0.409 | 0.579  | 0.477  | 0.127 | 0.405 | 0.458 |
+-------------+-------+--------+--------+-------+-------+-------+
2025/07/01 07:50:43 - mmengine - INFO - bbox_mAP_copypaste: 0.533 0.738 0.647 0.177 0.534 0.436
2025/07/01 07:50:43 - mmengine - INFO - Epoch(val) [42][800/800]    coco/car_precision: 0.6950  coco/truck_precision: 0.4560  coco/bus_precision: 0.7310  coco/van_precision: 0.3730  coco/freight_car_precision: 0.4090  coco/bbox_mAP: 0.5330  coco/bbox_mAP_50: 0.7380  coco/bbox_mAP_75: 0.6470  coco/bbox_mAP_s: 0.1770  coco/bbox_mAP_m: 0.5340  coco/bbox_mAP_l: 0.4360  data_time: 0.0005  time: 0.1100
2025/07/01 07:50:43 - mmengine - INFO - The previous best checkpoint /data/nl/Mamba2Spectral/work_dirs/DroneVehicle/2025_06_30/yolov8_mambatransformer_enhance/best_coco_bbox_mAP_50_epoch_41.pth is removed
2025/07/01 07:50:46 - mmengine - INFO - The best checkpoint with 0.7380 coco/bbox_mAP_50 at 42 epoch is saved to best_coco_bbox_mAP_50_epoch_42.pth.
2025/07/01 07:53:38 - mmengine - INFO - Epoch(train)  [43][ 50/400]  base_lr: 1.0000e-02 lr: 7.9705e-03  eta: 2 days, 7:40:22  time: 3.3537  data_time: 0.0288  memory: 11238  grad_norm: 9.0153  loss: 22.2481  loss_cls: 4.9617  loss_bbox: 8.7832  loss_dfl: 8.5032
2025/07/01 07:56:25 - mmengine - INFO - Epoch(train)  [43][100/400]  base_lr: 1.0000e-02 lr: 7.9705e-03  eta: 2 days, 7:38:14  time: 3.3365  data_time: 0.0063  memory: 11057  grad_norm: 8.7567  loss: 22.1666  loss_cls: 5.0853  loss_bbox: 8.7296  loss_dfl: 8.3517
2025/07/01 07:59:12 - mmengine - INFO - Epoch(train)  [43][150/400]  base_lr: 1.0000e-02 lr: 7.9705e-03  eta: 2 days, 7:36:05  time: 3.3346  data_time: 0.0068  memory: 10860  grad_norm: 9.5500  loss: 22.6783  loss_cls: 5.2235  loss_bbox: 8.9633  loss_dfl: 8.4915
2025/07/01 08:01:58 - mmengine - INFO - Exp name: yolov8_mambatransformer_enhance_20250630_153731
2025/07/01 08:01:58 - mmengine - INFO - Epoch(train)  [43][200/400]  base_lr: 1.0000e-02 lr: 7.9705e-03  eta: 2 days, 7:33:56  time: 3.3323  data_time: 0.0069  memory: 10694  grad_norm: 9.1680  loss: 22.5789  loss_cls: 5.1667  loss_bbox: 8.8415  loss_dfl: 8.5707
2025/07/01 08:04:45 - mmengine - INFO - Epoch(train)  [43][250/400]  base_lr: 1.0000e-02 lr: 7.9705e-03  eta: 2 days, 7:31:44  time: 3.3238  data_time: 0.0063  memory: 10753  grad_norm: 9.1128  loss: 22.3435  loss_cls: 5.1673  loss_bbox: 8.7648  loss_dfl: 8.4114
2025/07/01 08:07:31 - mmengine - INFO - Epoch(train)  [43][300/400]  base_lr: 1.0000e-02 lr: 7.9705e-03  eta: 2 days, 7:29:34  time: 3.3330  data_time: 0.0064  memory: 10785  grad_norm: 9.4060  loss: 22.6197  loss_cls: 5.2734  loss_bbox: 8.7951  loss_dfl: 8.5511
2025/07/01 08:10:18 - mmengine - INFO - Epoch(train)  [43][350/400]  base_lr: 1.0000e-02 lr: 7.9705e-03  eta: 2 days, 7:27:24  time: 3.3333  data_time: 0.0063  memory: 10774  grad_norm: 9.3136  loss: 21.9897  loss_cls: 5.0284  loss_bbox: 8.5552  loss_dfl: 8.4061
2025/07/01 08:12:07 - mmengine - INFO - Exp name: yolov8_mambatransformer_enhance_20250630_153731
2025/07/01 08:12:07 - mmengine - INFO - Epoch(train)  [43][400/400]  base_lr: 1.0000e-02 lr: 7.9705e-03  eta: 2 days, 7:21:45  time: 2.1870  data_time: 0.0067  memory: 10977  grad_norm: 9.0878  loss: 22.2776  loss_cls: 5.1179  loss_bbox: 8.7371  loss_dfl: 8.4226
2025/07/01 08:12:07 - mmengine - INFO - Saving checkpoint at 43 epochs
2025/07/01 08:12:16 - mmengine - INFO - Epoch(val)  [43][ 50/800]    eta: 0:01:15  time: 0.1007  data_time: 0.0009  memory: 998  
2025/07/01 08:12:21 - mmengine - INFO - Epoch(val)  [43][100/800]    eta: 0:01:13  time: 0.1091  data_time: 0.0004  memory: 998  
2025/07/01 08:12:27 - mmengine - INFO - Epoch(val)  [43][150/800]    eta: 0:01:08  time: 0.1075  data_time: 0.0004  memory: 998  
2025/07/01 08:12:32 - mmengine - INFO - Epoch(val)  [43][200/800]    eta: 0:01:03  time: 0.1082  data_time: 0.0004  memory: 998  
2025/07/01 08:12:37 - mmengine - INFO - Epoch(val)  [43][250/800]    eta: 0:00:58  time: 0.1077  data_time: 0.0004  memory: 998  
2025/07/01 08:12:43 - mmengine - INFO - Epoch(val)  [43][300/800]    eta: 0:00:53  time: 0.1087  data_time: 0.0004  memory: 998  
2025/07/01 08:12:48 - mmengine - INFO - Epoch(val)  [43][350/800]    eta: 0:00:48  time: 0.1069  data_time: 0.0004  memory: 998  
2025/07/01 08:12:54 - mmengine - INFO - Epoch(val)  [43][400/800]    eta: 0:00:42  time: 0.1074  data_time: 0.0004  memory: 998  
2025/07/01 08:12:59 - mmengine - INFO - Epoch(val)  [43][450/800]    eta: 0:00:37  time: 0.1037  data_time: 0.0004  memory: 998  
2025/07/01 08:13:04 - mmengine - INFO - Epoch(val)  [43][500/800]    eta: 0:00:31  time: 0.0957  data_time: 0.0004  memory: 998  
2025/07/01 08:13:09 - mmengine - INFO - Epoch(val)  [43][550/800]    eta: 0:00:26  time: 0.1082  data_time: 0.0004  memory: 998  
2025/07/01 08:13:14 - mmengine - INFO - Epoch(val)  [43][600/800]    eta: 0:00:21  time: 0.1089  data_time: 0.0004  memory: 998  
2025/07/01 08:13:20 - mmengine - INFO - Epoch(val)  [43][650/800]    eta: 0:00:15  time: 0.1073  data_time: 0.0004  memory: 998  
2025/07/01 08:13:25 - mmengine - INFO - Epoch(val)  [43][700/800]    eta: 0:00:10  time: 0.1045  data_time: 0.0004  memory: 998  
2025/07/01 08:13:30 - mmengine - INFO - Epoch(val)  [43][750/800]    eta: 0:00:05  time: 0.0910  data_time: 0.0003  memory: 998  
2025/07/01 08:13:34 - mmengine - INFO - Epoch(val)  [43][800/800]    eta: 0:00:00  time: 0.0910  data_time: 0.0003  memory: 998  
2025/07/01 08:13:36 - mmengine - INFO - Evaluating bbox...
2025/07/01 08:13:51 - mmengine - INFO - 
+-------------+-------+--------+--------+-------+-------+-------+
| category    | mAP   | mAP_50 | mAP_75 | mAP_s | mAP_m | mAP_l |
+-------------+-------+--------+--------+-------+-------+-------+
| car         | 0.696 | 0.966  | 0.846  | 0.475 | 0.727 | 0.0   |
| truck       | 0.459 | 0.67   | 0.56   | 0.014 | 0.456 | 0.504 |
| bus         | 0.732 | 0.944  | 0.881  | 0.002 | 0.699 | 0.792 |
| van         | 0.377 | 0.543  | 0.481  | 0.269 | 0.39  | 0.44  |
| freight_car | 0.413 | 0.582  | 0.487  | 0.127 | 0.409 | 0.464 |
+-------------+-------+--------+--------+-------+-------+-------+
2025/07/01 08:13:51 - mmengine - INFO - bbox_mAP_copypaste: 0.535 0.741 0.651 0.177 0.536 0.440
2025/07/01 08:13:51 - mmengine - INFO - Epoch(val) [43][800/800]    coco/car_precision: 0.6960  coco/truck_precision: 0.4590  coco/bus_precision: 0.7320  coco/van_precision: 0.3770  coco/freight_car_precision: 0.4130  coco/bbox_mAP: 0.5350  coco/bbox_mAP_50: 0.7410  coco/bbox_mAP_75: 0.6510  coco/bbox_mAP_s: 0.1770  coco/bbox_mAP_m: 0.5360  coco/bbox_mAP_l: 0.4400  data_time: 0.0004  time: 0.1042
2025/07/01 08:13:51 - mmengine - INFO - The previous best checkpoint /data/nl/Mamba2Spectral/work_dirs/DroneVehicle/2025_06_30/yolov8_mambatransformer_enhance/best_coco_bbox_mAP_50_epoch_42.pth is removed
2025/07/01 08:13:53 - mmengine - INFO - The best checkpoint with 0.7410 coco/bbox_mAP_50 at 43 epoch is saved to best_coco_bbox_mAP_50_epoch_43.pth.
2025/07/01 08:16:46 - mmengine - INFO - Epoch(train)  [44][ 50/400]  base_lr: 1.0000e-02 lr: 7.9210e-03  eta: 2 days, 7:19:38  time: 3.3489  data_time: 0.0295  memory: 10908  grad_norm: 8.9034  loss: 22.0681  loss_cls: 5.0100  loss_bbox: 8.6621  loss_dfl: 8.3960
2025/07/01 08:19:32 - mmengine - INFO - Epoch(train)  [44][100/400]  base_lr: 1.0000e-02 lr: 7.9210e-03  eta: 2 days, 7:17:28  time: 3.3297  data_time: 0.0072  memory: 10918  grad_norm: 9.1516  loss: 22.0533  loss_cls: 4.9605  loss_bbox: 8.6528  loss_dfl: 8.4400
2025/07/01 08:22:19 - mmengine - INFO - Epoch(train)  [44][150/400]  base_lr: 1.0000e-02 lr: 7.9210e-03  eta: 2 days, 7:15:17  time: 3.3327  data_time: 0.0070  memory: 11116  grad_norm: 9.0021  loss: 22.5018  loss_cls: 5.2485  loss_bbox: 8.7715  loss_dfl: 8.4818
2025/07/01 08:25:05 - mmengine - INFO - Epoch(train)  [44][200/400]  base_lr: 1.0000e-02 lr: 7.9210e-03  eta: 2 days, 7:13:06  time: 3.3287  data_time: 0.0067  memory: 10812  grad_norm: 8.6119  loss: 21.9642  loss_cls: 4.9706  loss_bbox: 8.6932  loss_dfl: 8.3003
2025/07/01 08:27:52 - mmengine - INFO - Epoch(train)  [44][250/400]  base_lr: 1.0000e-02 lr: 7.9210e-03  eta: 2 days, 7:10:56  time: 3.3330  data_time: 0.0066  memory: 10908  grad_norm: 9.3423  loss: 22.4661  loss_cls: 5.2018  loss_bbox: 8.7614  loss_dfl: 8.5030
2025/07/01 08:30:39 - mmengine - INFO - Epoch(train)  [44][300/400]  base_lr: 1.0000e-02 lr: 7.9210e-03  eta: 2 days, 7:08:45  time: 3.3341  data_time: 0.0069  memory: 10897  grad_norm: 8.8117  loss: 22.2039  loss_cls: 5.0219  loss_bbox: 8.7293  loss_dfl: 8.4527
2025/07/01 08:33:25 - mmengine - INFO - Epoch(train)  [44][350/400]  base_lr: 1.0000e-02 lr: 7.9210e-03  eta: 2 days, 7:06:34  time: 3.3316  data_time: 0.0072  memory: 10678  grad_norm: 9.1152  loss: 22.1736  loss_cls: 5.1268  loss_bbox: 8.6490  loss_dfl: 8.3979
2025/07/01 08:35:19 - mmengine - INFO - Exp name: yolov8_mambatransformer_enhance_20250630_153731
2025/07/01 08:35:19 - mmengine - INFO - Epoch(train)  [44][400/400]  base_lr: 1.0000e-02 lr: 7.9210e-03  eta: 2 days, 7:01:14  time: 2.2703  data_time: 0.0069  memory: 10860  grad_norm: 8.8690  loss: 22.3800  loss_cls: 5.1297  loss_bbox: 8.8391  loss_dfl: 8.4112
2025/07/01 08:35:19 - mmengine - INFO - Saving checkpoint at 44 epochs
2025/07/01 08:35:27 - mmengine - INFO - Epoch(val)  [44][ 50/800]    eta: 0:01:18  time: 0.1051  data_time: 0.0010  memory: 998  
2025/07/01 08:35:33 - mmengine - INFO - Epoch(val)  [44][100/800]    eta: 0:01:15  time: 0.1102  data_time: 0.0005  memory: 998  
2025/07/01 08:35:38 - mmengine - INFO - Epoch(val)  [44][150/800]    eta: 0:01:10  time: 0.1105  data_time: 0.0005  memory: 998  
2025/07/01 08:35:44 - mmengine - INFO - Epoch(val)  [44][200/800]    eta: 0:01:05  time: 0.1107  data_time: 0.0005  memory: 998  
2025/07/01 08:35:50 - mmengine - INFO - Epoch(val)  [44][250/800]    eta: 0:01:00  time: 0.1109  data_time: 0.0005  memory: 998  
2025/07/01 08:35:55 - mmengine - INFO - Epoch(val)  [44][300/800]    eta: 0:00:54  time: 0.1109  data_time: 0.0005  memory: 998  
2025/07/01 08:36:01 - mmengine - INFO - Epoch(val)  [44][350/800]    eta: 0:00:49  time: 0.1077  data_time: 0.0005  memory: 998  
2025/07/01 08:36:06 - mmengine - INFO - Epoch(val)  [44][400/800]    eta: 0:00:43  time: 0.1029  data_time: 0.0004  memory: 998  
2025/07/01 08:36:11 - mmengine - INFO - Epoch(val)  [44][450/800]    eta: 0:00:37  time: 0.1024  data_time: 0.0004  memory: 998  
2025/07/01 08:36:16 - mmengine - INFO - Epoch(val)  [44][500/800]    eta: 0:00:32  time: 0.1062  data_time: 0.0004  memory: 998  
2025/07/01 08:36:21 - mmengine - INFO - Epoch(val)  [44][550/800]    eta: 0:00:26  time: 0.1036  data_time: 0.0004  memory: 998  
2025/07/01 08:36:27 - mmengine - INFO - Epoch(val)  [44][600/800]    eta: 0:00:21  time: 0.1110  data_time: 0.0005  memory: 998  
2025/07/01 08:36:32 - mmengine - INFO - Epoch(val)  [44][650/800]    eta: 0:00:16  time: 0.1109  data_time: 0.0005  memory: 998  
2025/07/01 08:36:38 - mmengine - INFO - Epoch(val)  [44][700/800]    eta: 0:00:10  time: 0.1082  data_time: 0.0005  memory: 998  
2025/07/01 08:36:43 - mmengine - INFO - Epoch(val)  [44][750/800]    eta: 0:00:05  time: 0.1111  data_time: 0.0005  memory: 998  
2025/07/01 08:36:49 - mmengine - INFO - Epoch(val)  [44][800/800]    eta: 0:00:00  time: 0.1110  data_time: 0.0005  memory: 998  
2025/07/01 08:36:51 - mmengine - INFO - Evaluating bbox...
2025/07/01 08:37:05 - mmengine - INFO - 
+-------------+-------+--------+--------+-------+-------+-------+
| category    | mAP   | mAP_50 | mAP_75 | mAP_s | mAP_m | mAP_l |
+-------------+-------+--------+--------+-------+-------+-------+
| car         | 0.697 | 0.966  | 0.85   | 0.476 | 0.728 | 0.0   |
| truck       | 0.462 | 0.674  | 0.568  | 0.014 | 0.46  | 0.506 |
| bus         | 0.732 | 0.943  | 0.883  | 0.002 | 0.699 | 0.791 |
| van         | 0.381 | 0.548  | 0.488  | 0.262 | 0.393 | 0.453 |
| freight_car | 0.416 | 0.584  | 0.49   | 0.127 | 0.412 | 0.466 |
+-------------+-------+--------+--------+-------+-------+-------+
2025/07/01 08:37:05 - mmengine - INFO - bbox_mAP_copypaste: 0.538 0.743 0.656 0.176 0.538 0.443
2025/07/01 08:37:06 - mmengine - INFO - Epoch(val) [44][800/800]    coco/car_precision: 0.6970  coco/truck_precision: 0.4620  coco/bus_precision: 0.7320  coco/van_precision: 0.3810  coco/freight_car_precision: 0.4160  coco/bbox_mAP: 0.5380  coco/bbox_mAP_50: 0.7430  coco/bbox_mAP_75: 0.6560  coco/bbox_mAP_s: 0.1760  coco/bbox_mAP_m: 0.5380  coco/bbox_mAP_l: 0.4430  data_time: 0.0005  time: 0.1083
2025/07/01 08:37:06 - mmengine - INFO - The previous best checkpoint /data/nl/Mamba2Spectral/work_dirs/DroneVehicle/2025_06_30/yolov8_mambatransformer_enhance/best_coco_bbox_mAP_50_epoch_43.pth is removed
2025/07/01 08:37:08 - mmengine - INFO - The best checkpoint with 0.7430 coco/bbox_mAP_50 at 44 epoch is saved to best_coco_bbox_mAP_50_epoch_44.pth.
2025/07/01 08:40:01 - mmengine - INFO - Epoch(train)  [45][ 50/400]  base_lr: 1.0000e-02 lr: 7.8715e-03  eta: 2 days, 6:59:08  time: 3.3559  data_time: 0.0282  memory: 10988  grad_norm: 9.0332  loss: 22.3442  loss_cls: 5.1404  loss_bbox: 8.7828  loss_dfl: 8.4210
2025/07/01 08:42:48 - mmengine - INFO - Epoch(train)  [45][100/400]  base_lr: 1.0000e-02 lr: 7.8715e-03  eta: 2 days, 6:56:57  time: 3.3340  data_time: 0.0065  memory: 10913  grad_norm: 10.0436  loss: 22.5914  loss_cls: 5.3605  loss_bbox: 8.7677  loss_dfl: 8.4632
2025/07/01 08:45:35 - mmengine - INFO - Epoch(train)  [45][150/400]  base_lr: 1.0000e-02 lr: 7.8715e-03  eta: 2 days, 6:54:46  time: 3.3360  data_time: 0.0065  memory: 10838  grad_norm: 9.3938  loss: 22.4263  loss_cls: 5.1747  loss_bbox: 8.8149  loss_dfl: 8.4367
2025/07/01 08:48:22 - mmengine - INFO - Epoch(train)  [45][200/400]  base_lr: 1.0000e-02 lr: 7.8715e-03  eta: 2 days, 6:52:35  time: 3.3328  data_time: 0.0066  memory: 10812  grad_norm: 8.8026  loss: 22.0302  loss_cls: 4.9580  loss_bbox: 8.6550  loss_dfl: 8.4172
2025/07/01 08:51:08 - mmengine - INFO - Epoch(train)  [45][250/400]  base_lr: 1.0000e-02 lr: 7.8715e-03  eta: 2 days, 6:50:23  time: 3.3315  data_time: 0.0067  memory: 10758  grad_norm: 9.2470  loss: 22.1930  loss_cls: 5.1205  loss_bbox: 8.6757  loss_dfl: 8.3968
2025/07/01 08:53:55 - mmengine - INFO - Epoch(train)  [45][300/400]  base_lr: 1.0000e-02 lr: 7.8715e-03  eta: 2 days, 6:48:11  time: 3.3268  data_time: 0.0065  memory: 10849  grad_norm: 9.4933  loss: 22.4189  loss_cls: 5.1092  loss_bbox: 8.8311  loss_dfl: 8.4785
2025/07/01 08:56:41 - mmengine - INFO - Epoch(train)  [45][350/400]  base_lr: 1.0000e-02 lr: 7.8715e-03  eta: 2 days, 6:45:58  time: 3.3267  data_time: 0.0064  memory: 10929  grad_norm: 9.0847  loss: 22.1824  loss_cls: 5.0742  loss_bbox: 8.7632  loss_dfl: 8.3450
2025/07/01 08:58:32 - mmengine - INFO - Exp name: yolov8_mambatransformer_enhance_20250630_153731
2025/07/01 08:58:32 - mmengine - INFO - Epoch(train)  [45][400/400]  base_lr: 1.0000e-02 lr: 7.8715e-03  eta: 2 days, 6:40:35  time: 2.2257  data_time: 0.0069  memory: 10812  grad_norm: 8.9080  loss: 22.0351  loss_cls: 4.9362  loss_bbox: 8.6381  loss_dfl: 8.4608
2025/07/01 08:58:32 - mmengine - INFO - Saving checkpoint at 45 epochs
2025/07/01 08:58:41 - mmengine - INFO - Epoch(val)  [45][ 50/800]    eta: 0:01:20  time: 0.1075  data_time: 0.0010  memory: 998  
2025/07/01 08:58:46 - mmengine - INFO - Epoch(val)  [45][100/800]    eta: 0:01:15  time: 0.1084  data_time: 0.0004  memory: 998  
2025/07/01 08:58:52 - mmengine - INFO - Epoch(val)  [45][150/800]    eta: 0:01:10  time: 0.1088  data_time: 0.0004  memory: 998  
2025/07/01 08:58:57 - mmengine - INFO - Epoch(val)  [45][200/800]    eta: 0:01:04  time: 0.1085  data_time: 0.0004  memory: 998  
2025/07/01 08:59:03 - mmengine - INFO - Epoch(val)  [45][250/800]    eta: 0:00:59  time: 0.1092  data_time: 0.0004  memory: 998  
2025/07/01 08:59:08 - mmengine - INFO - Epoch(val)  [45][300/800]    eta: 0:00:54  time: 0.1086  data_time: 0.0004  memory: 998  
2025/07/01 08:59:14 - mmengine - INFO - Epoch(val)  [45][350/800]    eta: 0:00:48  time: 0.1077  data_time: 0.0005  memory: 998  
2025/07/01 08:59:19 - mmengine - INFO - Epoch(val)  [45][400/800]    eta: 0:00:43  time: 0.1102  data_time: 0.0004  memory: 998  
2025/07/01 08:59:24 - mmengine - INFO - Epoch(val)  [45][450/800]    eta: 0:00:37  time: 0.0935  data_time: 0.0004  memory: 998  
2025/07/01 08:59:28 - mmengine - INFO - Epoch(val)  [45][500/800]    eta: 0:00:31  time: 0.0935  data_time: 0.0004  memory: 998  
2025/07/01 08:59:33 - mmengine - INFO - Epoch(val)  [45][550/800]    eta: 0:00:26  time: 0.0928  data_time: 0.0004  memory: 998  
2025/07/01 08:59:38 - mmengine - INFO - Epoch(val)  [45][600/800]    eta: 0:00:20  time: 0.0937  data_time: 0.0004  memory: 998  
2025/07/01 08:59:42 - mmengine - INFO - Epoch(val)  [45][650/800]    eta: 0:00:15  time: 0.0935  data_time: 0.0004  memory: 998  
2025/07/01 08:59:47 - mmengine - INFO - Epoch(val)  [45][700/800]    eta: 0:00:10  time: 0.0925  data_time: 0.0004  memory: 998  
2025/07/01 08:59:52 - mmengine - INFO - Epoch(val)  [45][750/800]    eta: 0:00:05  time: 0.0928  data_time: 0.0004  memory: 998  
2025/07/01 08:59:56 - mmengine - INFO - Epoch(val)  [45][800/800]    eta: 0:00:00  time: 0.0924  data_time: 0.0004  memory: 998  
2025/07/01 08:59:58 - mmengine - INFO - Evaluating bbox...
2025/07/01 09:00:13 - mmengine - INFO - 
+-------------+-------+--------+--------+-------+-------+-------+
| category    | mAP   | mAP_50 | mAP_75 | mAP_s | mAP_m | mAP_l |
+-------------+-------+--------+--------+-------+-------+-------+
| car         | 0.697 | 0.966  | 0.847  | 0.475 | 0.728 | 0.0   |
| truck       | 0.464 | 0.675  | 0.572  | 0.014 | 0.46  | 0.513 |
| bus         | 0.733 | 0.944  | 0.882  | 0.002 | 0.698 | 0.795 |
| van         | 0.387 | 0.559  | 0.498  | 0.265 | 0.397 | 0.487 |
| freight_car | 0.417 | 0.586  | 0.49   | 0.104 | 0.414 | 0.46  |
+-------------+-------+--------+--------+-------+-------+-------+
2025/07/01 09:00:13 - mmengine - INFO - bbox_mAP_copypaste: 0.539 0.746 0.658 0.172 0.539 0.451
2025/07/01 09:00:13 - mmengine - INFO - Epoch(val) [45][800/800]    coco/car_precision: 0.6970  coco/truck_precision: 0.4640  coco/bus_precision: 0.7330  coco/van_precision: 0.3870  coco/freight_car_precision: 0.4170  coco/bbox_mAP: 0.5390  coco/bbox_mAP_50: 0.7460  coco/bbox_mAP_75: 0.6580  coco/bbox_mAP_s: 0.1720  coco/bbox_mAP_m: 0.5390  coco/bbox_mAP_l: 0.4510  data_time: 0.0005  time: 0.1009
2025/07/01 09:00:13 - mmengine - INFO - The previous best checkpoint /data/nl/Mamba2Spectral/work_dirs/DroneVehicle/2025_06_30/yolov8_mambatransformer_enhance/best_coco_bbox_mAP_50_epoch_44.pth is removed
2025/07/01 09:00:16 - mmengine - INFO - The best checkpoint with 0.7460 coco/bbox_mAP_50 at 45 epoch is saved to best_coco_bbox_mAP_50_epoch_45.pth.
2025/07/01 09:03:08 - mmengine - INFO - Epoch(train)  [46][ 50/400]  base_lr: 1.0000e-02 lr: 7.8220e-03  eta: 2 days, 6:38:27  time: 3.3525  data_time: 0.0276  memory: 10913  grad_norm: 9.6962  loss: 22.6681  loss_cls: 5.3148  loss_bbox: 8.9004  loss_dfl: 8.4529
2025/07/01 09:05:55 - mmengine - INFO - Epoch(train)  [46][100/400]  base_lr: 1.0000e-02 lr: 7.8220e-03  eta: 2 days, 6:36:15  time: 3.3312  data_time: 0.0067  memory: 10609  grad_norm: 9.6103  loss: 22.2873  loss_cls: 5.1342  loss_bbox: 8.6459  loss_dfl: 8.5072
2025/07/01 09:08:41 - mmengine - INFO - Epoch(train)  [46][150/400]  base_lr: 1.0000e-02 lr: 7.8220e-03  eta: 2 days, 6:34:02  time: 3.3284  data_time: 0.0072  memory: 10769  grad_norm: 9.0164  loss: 22.1427  loss_cls: 5.0765  loss_bbox: 8.6800  loss_dfl: 8.3862
2025/07/01 09:11:28 - mmengine - INFO - Epoch(train)  [46][200/400]  base_lr: 1.0000e-02 lr: 7.8220e-03  eta: 2 days, 6:31:48  time: 3.3239  data_time: 0.0066  memory: 10940  grad_norm: 9.0705  loss: 22.1231  loss_cls: 4.9783  loss_bbox: 8.6607  loss_dfl: 8.4841
2025/07/01 09:14:14 - mmengine - INFO - Epoch(train)  [46][250/400]  base_lr: 1.0000e-02 lr: 7.8220e-03  eta: 2 days, 6:29:34  time: 3.3235  data_time: 0.0066  memory: 10806  grad_norm: 9.5568  loss: 22.4018  loss_cls: 5.1399  loss_bbox: 8.7177  loss_dfl: 8.5443
2025/07/01 09:17:01 - mmengine - INFO - Epoch(train)  [46][300/400]  base_lr: 1.0000e-02 lr: 7.8220e-03  eta: 2 days, 6:27:23  time: 3.3393  data_time: 0.0067  memory: 10934  grad_norm: 8.8992  loss: 21.8326  loss_cls: 4.9199  loss_bbox: 8.5426  loss_dfl: 8.3700
2025/07/01 09:19:48 - mmengine - INFO - Epoch(train)  [46][350/400]  base_lr: 1.0000e-02 lr: 7.8220e-03  eta: 2 days, 6:25:10  time: 3.3330  data_time: 0.0066  memory: 10625  grad_norm: 9.3028  loss: 22.0848  loss_cls: 5.0796  loss_bbox: 8.5395  loss_dfl: 8.4656
2025/07/01 09:21:42 - mmengine - INFO - Exp name: yolov8_mambatransformer_enhance_20250630_153731
2025/07/01 09:21:42 - mmengine - INFO - Epoch(train)  [46][400/400]  base_lr: 1.0000e-02 lr: 7.8220e-03  eta: 2 days, 6:20:04  time: 2.2993  data_time: 0.0068  memory: 10902  grad_norm: 9.6083  loss: 22.1760  loss_cls: 5.1578  loss_bbox: 8.5932  loss_dfl: 8.4251
2025/07/01 09:21:42 - mmengine - INFO - Saving checkpoint at 46 epochs
2025/07/01 09:21:51 - mmengine - INFO - Epoch(val)  [46][ 50/800]    eta: 0:01:19  time: 0.1059  data_time: 0.0009  memory: 998  
2025/07/01 09:21:57 - mmengine - INFO - Epoch(val)  [46][100/800]    eta: 0:01:15  time: 0.1110  data_time: 0.0005  memory: 998  
2025/07/01 09:22:02 - mmengine - INFO - Epoch(val)  [46][150/800]    eta: 0:01:11  time: 0.1111  data_time: 0.0005  memory: 998  
2025/07/01 09:22:08 - mmengine - INFO - Epoch(val)  [46][200/800]    eta: 0:01:05  time: 0.1113  data_time: 0.0005  memory: 998  
2025/07/01 09:22:13 - mmengine - INFO - Epoch(val)  [46][250/800]    eta: 0:01:00  time: 0.1107  data_time: 0.0005  memory: 998  
2025/07/01 09:22:19 - mmengine - INFO - Epoch(val)  [46][300/800]    eta: 0:00:55  time: 0.1110  data_time: 0.0005  memory: 998  
2025/07/01 09:22:25 - mmengine - INFO - Epoch(val)  [46][350/800]    eta: 0:00:49  time: 0.1111  data_time: 0.0005  memory: 998  
2025/07/01 09:22:30 - mmengine - INFO - Epoch(val)  [46][400/800]    eta: 0:00:44  time: 0.1115  data_time: 0.0005  memory: 998  
2025/07/01 09:22:36 - mmengine - INFO - Epoch(val)  [46][450/800]    eta: 0:00:38  time: 0.1112  data_time: 0.0005  memory: 998  
2025/07/01 09:22:41 - mmengine - INFO - Epoch(val)  [46][500/800]    eta: 0:00:33  time: 0.1117  data_time: 0.0005  memory: 998  
2025/07/01 09:22:47 - mmengine - INFO - Epoch(val)  [46][550/800]    eta: 0:00:27  time: 0.1113  data_time: 0.0005  memory: 998  
2025/07/01 09:22:53 - mmengine - INFO - Epoch(val)  [46][600/800]    eta: 0:00:22  time: 0.1115  data_time: 0.0005  memory: 998  
2025/07/01 09:22:58 - mmengine - INFO - Epoch(val)  [46][650/800]    eta: 0:00:16  time: 0.1115  data_time: 0.0005  memory: 998  
2025/07/01 09:23:04 - mmengine - INFO - Epoch(val)  [46][700/800]    eta: 0:00:11  time: 0.1119  data_time: 0.0005  memory: 998  
2025/07/01 09:23:09 - mmengine - INFO - Epoch(val)  [46][750/800]    eta: 0:00:05  time: 0.1110  data_time: 0.0005  memory: 998  
2025/07/01 09:23:15 - mmengine - INFO - Epoch(val)  [46][800/800]    eta: 0:00:00  time: 0.1108  data_time: 0.0005  memory: 998  
2025/07/01 09:23:16 - mmengine - INFO - Evaluating bbox...
2025/07/01 09:23:31 - mmengine - INFO - 
+-------------+-------+--------+--------+-------+-------+-------+
| category    | mAP   | mAP_50 | mAP_75 | mAP_s | mAP_m | mAP_l |
+-------------+-------+--------+--------+-------+-------+-------+
| car         | 0.696 | 0.966  | 0.847  | 0.474 | 0.727 | 0.0   |
| truck       | 0.465 | 0.676  | 0.564  | 0.016 | 0.461 | 0.517 |
| bus         | 0.733 | 0.945  | 0.878  | 0.002 | 0.699 | 0.795 |
| van         | 0.391 | 0.562  | 0.502  | 0.267 | 0.4   | 0.51  |
| freight_car | 0.421 | 0.593  | 0.497  | 0.127 | 0.415 | 0.477 |
+-------------+-------+--------+--------+-------+-------+-------+
2025/07/01 09:23:31 - mmengine - INFO - bbox_mAP_copypaste: 0.541 0.748 0.657 0.177 0.540 0.460
2025/07/01 09:23:31 - mmengine - INFO - Epoch(val) [46][800/800]    coco/car_precision: 0.6960  coco/truck_precision: 0.4650  coco/bus_precision: 0.7330  coco/van_precision: 0.3910  coco/freight_car_precision: 0.4210  coco/bbox_mAP: 0.5410  coco/bbox_mAP_50: 0.7480  coco/bbox_mAP_75: 0.6570  coco/bbox_mAP_s: 0.1770  coco/bbox_mAP_m: 0.5400  coco/bbox_mAP_l: 0.4600  data_time: 0.0005  time: 0.1109
2025/07/01 09:23:32 - mmengine - INFO - The previous best checkpoint /data/nl/Mamba2Spectral/work_dirs/DroneVehicle/2025_06_30/yolov8_mambatransformer_enhance/best_coco_bbox_mAP_50_epoch_45.pth is removed
2025/07/01 09:23:34 - mmengine - INFO - The best checkpoint with 0.7480 coco/bbox_mAP_50 at 46 epoch is saved to best_coco_bbox_mAP_50_epoch_46.pth.
2025/07/01 09:26:26 - mmengine - INFO - Epoch(train)  [47][ 50/400]  base_lr: 1.0000e-02 lr: 7.7725e-03  eta: 2 days, 6:17:54  time: 3.3501  data_time: 0.0298  memory: 10700  grad_norm: 9.2561  loss: 22.5391  loss_cls: 5.2899  loss_bbox: 8.7787  loss_dfl: 8.4705
2025/07/01 09:29:13 - mmengine - INFO - Epoch(train)  [47][100/400]  base_lr: 1.0000e-02 lr: 7.7725e-03  eta: 2 days, 6:15:41  time: 3.3318  data_time: 0.0065  memory: 10812  grad_norm: 8.8364  loss: 22.0586  loss_cls: 5.0021  loss_bbox: 8.6869  loss_dfl: 8.3696
2025/07/01 09:31:59 - mmengine - INFO - Epoch(train)  [47][150/400]  base_lr: 1.0000e-02 lr: 7.7725e-03  eta: 2 days, 6:13:28  time: 3.3283  data_time: 0.0066  memory: 10652  grad_norm: 9.8361  loss: 22.4154  loss_cls: 5.1460  loss_bbox: 8.7556  loss_dfl: 8.5137
2025/07/01 09:34:46 - mmengine - INFO - Epoch(train)  [47][200/400]  base_lr: 1.0000e-02 lr: 7.7725e-03  eta: 2 days, 6:11:15  time: 3.3338  data_time: 0.0066  memory: 10780  grad_norm: 9.7148  loss: 22.5562  loss_cls: 5.2145  loss_bbox: 8.8379  loss_dfl: 8.5038
2025/07/01 09:37:33 - mmengine - INFO - Epoch(train)  [47][250/400]  base_lr: 1.0000e-02 lr: 7.7725e-03  eta: 2 days, 6:09:02  time: 3.3363  data_time: 0.0066  memory: 10881  grad_norm: 9.3524  loss: 22.3071  loss_cls: 5.0211  loss_bbox: 8.8339  loss_dfl: 8.4521
2025/07/01 09:40:20 - mmengine - INFO - Epoch(train)  [47][300/400]  base_lr: 1.0000e-02 lr: 7.7725e-03  eta: 2 days, 6:06:50  time: 3.3370  data_time: 0.0066  memory: 11009  grad_norm: 9.1475  loss: 22.0251  loss_cls: 4.9950  loss_bbox: 8.6725  loss_dfl: 8.3575
2025/07/01 09:43:07 - mmengine - INFO - Epoch(train)  [47][350/400]  base_lr: 1.0000e-02 lr: 7.7725e-03  eta: 2 days, 6:04:36  time: 3.3332  data_time: 0.0070  memory: 10870  grad_norm: 9.1491  loss: 22.2399  loss_cls: 5.0593  loss_bbox: 8.7825  loss_dfl: 8.3981
2025/07/01 09:44:56 - mmengine - INFO - Exp name: yolov8_mambatransformer_enhance_20250630_153731
2025/07/01 09:44:56 - mmengine - INFO - Epoch(train)  [47][400/400]  base_lr: 1.0000e-02 lr: 7.7725e-03  eta: 2 days, 5:59:16  time: 2.1891  data_time: 0.0067  memory: 10934  grad_norm: 8.9611  loss: 22.2691  loss_cls: 5.1472  loss_bbox: 8.7285  loss_dfl: 8.3934
2025/07/01 09:44:56 - mmengine - INFO - Saving checkpoint at 47 epochs
2025/07/01 09:45:05 - mmengine - INFO - Epoch(val)  [47][ 50/800]    eta: 0:01:22  time: 0.1103  data_time: 0.0011  memory: 998  
2025/07/01 09:45:10 - mmengine - INFO - Epoch(val)  [47][100/800]    eta: 0:01:17  time: 0.1106  data_time: 0.0005  memory: 998  
2025/07/01 09:45:16 - mmengine - INFO - Epoch(val)  [47][150/800]    eta: 0:01:11  time: 0.1107  data_time: 0.0005  memory: 998  
2025/07/01 09:45:22 - mmengine - INFO - Epoch(val)  [47][200/800]    eta: 0:01:06  time: 0.1110  data_time: 0.0005  memory: 998  
2025/07/01 09:45:27 - mmengine - INFO - Epoch(val)  [47][250/800]    eta: 0:01:00  time: 0.1114  data_time: 0.0006  memory: 998  
2025/07/01 09:45:33 - mmengine - INFO - Epoch(val)  [47][300/800]    eta: 0:00:55  time: 0.1108  data_time: 0.0005  memory: 998  
2025/07/01 09:45:38 - mmengine - INFO - Epoch(val)  [47][350/800]    eta: 0:00:49  time: 0.1110  data_time: 0.0005  memory: 998  
2025/07/01 09:45:44 - mmengine - INFO - Epoch(val)  [47][400/800]    eta: 0:00:44  time: 0.1112  data_time: 0.0005  memory: 998  
2025/07/01 09:45:49 - mmengine - INFO - Epoch(val)  [47][450/800]    eta: 0:00:38  time: 0.1111  data_time: 0.0005  memory: 998  
2025/07/01 09:45:55 - mmengine - INFO - Epoch(val)  [47][500/800]    eta: 0:00:33  time: 0.1113  data_time: 0.0005  memory: 998  
2025/07/01 09:46:01 - mmengine - INFO - Epoch(val)  [47][550/800]    eta: 0:00:27  time: 0.1115  data_time: 0.0005  memory: 998  
2025/07/01 09:46:06 - mmengine - INFO - Epoch(val)  [47][600/800]    eta: 0:00:22  time: 0.1112  data_time: 0.0005  memory: 998  
2025/07/01 09:46:12 - mmengine - INFO - Epoch(val)  [47][650/800]    eta: 0:00:16  time: 0.1112  data_time: 0.0005  memory: 998  
2025/07/01 09:46:17 - mmengine - INFO - Epoch(val)  [47][700/800]    eta: 0:00:11  time: 0.1110  data_time: 0.0005  memory: 998  
2025/07/01 09:46:23 - mmengine - INFO - Epoch(val)  [47][750/800]    eta: 0:00:05  time: 0.1106  data_time: 0.0005  memory: 998  
2025/07/01 09:46:28 - mmengine - INFO - Epoch(val)  [47][800/800]    eta: 0:00:00  time: 0.1113  data_time: 0.0004  memory: 998  
2025/07/01 09:46:30 - mmengine - INFO - Evaluating bbox...
2025/07/01 09:46:45 - mmengine - INFO - 
+-------------+-------+--------+--------+-------+-------+-------+
| category    | mAP   | mAP_50 | mAP_75 | mAP_s | mAP_m | mAP_l |
+-------------+-------+--------+--------+-------+-------+-------+
| car         | 0.696 | 0.966  | 0.847  | 0.475 | 0.727 | 0.0   |
| truck       | 0.466 | 0.679  | 0.563  | 0.017 | 0.462 | 0.517 |
| bus         | 0.734 | 0.945  | 0.878  | 0.002 | 0.698 | 0.797 |
| van         | 0.396 | 0.569  | 0.508  | 0.269 | 0.403 | 0.538 |
| freight_car | 0.421 | 0.595  | 0.5    | 0.104 | 0.415 | 0.474 |
+-------------+-------+--------+--------+-------+-------+-------+
2025/07/01 09:46:45 - mmengine - INFO - bbox_mAP_copypaste: 0.542 0.751 0.659 0.173 0.541 0.465
2025/07/01 09:46:45 - mmengine - INFO - Epoch(val) [47][800/800]    coco/car_precision: 0.6960  coco/truck_precision: 0.4660  coco/bus_precision: 0.7340  coco/van_precision: 0.3960  coco/freight_car_precision: 0.4210  coco/bbox_mAP: 0.5420  coco/bbox_mAP_50: 0.7510  coco/bbox_mAP_75: 0.6590  coco/bbox_mAP_s: 0.1730  coco/bbox_mAP_m: 0.5410  coco/bbox_mAP_l: 0.4650  data_time: 0.0005  time: 0.1110
2025/07/01 09:46:45 - mmengine - INFO - The previous best checkpoint /data/nl/Mamba2Spectral/work_dirs/DroneVehicle/2025_06_30/yolov8_mambatransformer_enhance/best_coco_bbox_mAP_50_epoch_46.pth is removed
2025/07/01 09:46:47 - mmengine - INFO - The best checkpoint with 0.7510 coco/bbox_mAP_50 at 47 epoch is saved to best_coco_bbox_mAP_50_epoch_47.pth.
2025/07/01 09:49:40 - mmengine - INFO - Epoch(train)  [48][ 50/400]  base_lr: 1.0000e-02 lr: 7.7230e-03  eta: 2 days, 5:57:06  time: 3.3529  data_time: 0.0293  memory: 10721  grad_norm: 10.2116  loss: 22.4857  loss_cls: 5.1702  loss_bbox: 8.7779  loss_dfl: 8.5376
2025/07/01 09:52:27 - mmengine - INFO - Epoch(train)  [48][100/400]  base_lr: 1.0000e-02 lr: 7.7230e-03  eta: 2 days, 5:54:52  time: 3.3325  data_time: 0.0066  memory: 10790  grad_norm: 9.0161  loss: 21.8942  loss_cls: 4.9210  loss_bbox: 8.5730  loss_dfl: 8.4002
2025/07/01 09:55:13 - mmengine - INFO - Epoch(train)  [48][150/400]  base_lr: 1.0000e-02 lr: 7.7230e-03  eta: 2 days, 5:52:39  time: 3.3317  data_time: 0.0066  memory: 11153  grad_norm: 9.4330  loss: 22.5564  loss_cls: 5.1573  loss_bbox: 8.9071  loss_dfl: 8.4920
2025/07/01 09:58:00 - mmengine - INFO - Exp name: yolov8_mambatransformer_enhance_20250630_153731
2025/07/01 09:58:00 - mmengine - INFO - Epoch(train)  [48][200/400]  base_lr: 1.0000e-02 lr: 7.7230e-03  eta: 2 days, 5:50:25  time: 3.3332  data_time: 0.0068  memory: 10812  grad_norm: 9.4392  loss: 22.3915  loss_cls: 5.1520  loss_bbox: 8.7304  loss_dfl: 8.5091
2025/07/01 10:00:46 - mmengine - INFO - Epoch(train)  [48][250/400]  base_lr: 1.0000e-02 lr: 7.7230e-03  eta: 2 days, 5:48:10  time: 3.3274  data_time: 0.0074  memory: 10684  grad_norm: 8.7041  loss: 21.9534  loss_cls: 4.9191  loss_bbox: 8.6381  loss_dfl: 8.3961
2025/07/01 10:03:33 - mmengine - INFO - Epoch(train)  [48][300/400]  base_lr: 1.0000e-02 lr: 7.7230e-03  eta: 2 days, 5:45:54  time: 3.3247  data_time: 0.0066  memory: 10902  grad_norm: 9.1375  loss: 22.1023  loss_cls: 4.9070  loss_bbox: 8.7390  loss_dfl: 8.4563
2025/07/01 10:06:19 - mmengine - INFO - Epoch(train)  [48][350/400]  base_lr: 1.0000e-02 lr: 7.7230e-03  eta: 2 days, 5:43:39  time: 3.3292  data_time: 0.0067  memory: 10748  grad_norm: 9.8322  loss: 22.3932  loss_cls: 5.0375  loss_bbox: 8.7544  loss_dfl: 8.6013
2025/07/01 10:08:08 - mmengine - INFO - Exp name: yolov8_mambatransformer_enhance_20250630_153731
2025/07/01 10:08:08 - mmengine - INFO - Epoch(train)  [48][400/400]  base_lr: 1.0000e-02 lr: 7.7230e-03  eta: 2 days, 5:38:23  time: 2.1827  data_time: 0.0070  memory: 10769  grad_norm: 9.6570  loss: 22.1818  loss_cls: 5.0621  loss_bbox: 8.6263  loss_dfl: 8.4934
2025/07/01 10:08:08 - mmengine - INFO - Saving checkpoint at 48 epochs
2025/07/01 10:08:16 - mmengine - INFO - Epoch(val)  [48][ 50/800]    eta: 0:01:14  time: 0.0996  data_time: 0.0009  memory: 998  
2025/07/01 10:08:21 - mmengine - INFO - Epoch(val)  [48][100/800]    eta: 0:01:09  time: 0.0983  data_time: 0.0004  memory: 998  
2025/07/01 10:08:27 - mmengine - INFO - Epoch(val)  [48][150/800]    eta: 0:01:06  time: 0.1102  data_time: 0.0005  memory: 998  
2025/07/01 10:08:32 - mmengine - INFO - Epoch(val)  [48][200/800]    eta: 0:01:02  time: 0.1105  data_time: 0.0005  memory: 998  
2025/07/01 10:08:38 - mmengine - INFO - Epoch(val)  [48][250/800]    eta: 0:00:58  time: 0.1109  data_time: 0.0005  memory: 998  
2025/07/01 10:08:43 - mmengine - INFO - Epoch(val)  [48][300/800]    eta: 0:00:53  time: 0.1108  data_time: 0.0005  memory: 998  
2025/07/01 10:08:49 - mmengine - INFO - Epoch(val)  [48][350/800]    eta: 0:00:48  time: 0.1101  data_time: 0.0005  memory: 998  
2025/07/01 10:08:55 - mmengine - INFO - Epoch(val)  [48][400/800]    eta: 0:00:43  time: 0.1102  data_time: 0.0005  memory: 998  
2025/07/01 10:09:00 - mmengine - INFO - Epoch(val)  [48][450/800]    eta: 0:00:37  time: 0.1101  data_time: 0.0005  memory: 998  
2025/07/01 10:09:06 - mmengine - INFO - Epoch(val)  [48][500/800]    eta: 0:00:32  time: 0.1110  data_time: 0.0005  memory: 998  
2025/07/01 10:09:11 - mmengine - INFO - Epoch(val)  [48][550/800]    eta: 0:00:27  time: 0.1108  data_time: 0.0005  memory: 998  
2025/07/01 10:09:17 - mmengine - INFO - Epoch(val)  [48][600/800]    eta: 0:00:21  time: 0.1107  data_time: 0.0005  memory: 998  
2025/07/01 10:09:22 - mmengine - INFO - Epoch(val)  [48][650/800]    eta: 0:00:16  time: 0.1109  data_time: 0.0005  memory: 998  
2025/07/01 10:09:28 - mmengine - INFO - Epoch(val)  [48][700/800]    eta: 0:00:10  time: 0.1108  data_time: 0.0005  memory: 998  
2025/07/01 10:09:33 - mmengine - INFO - Epoch(val)  [48][750/800]    eta: 0:00:05  time: 0.1116  data_time: 0.0005  memory: 998  
2025/07/01 10:09:39 - mmengine - INFO - Epoch(val)  [48][800/800]    eta: 0:00:00  time: 0.1111  data_time: 0.0005  memory: 998  
2025/07/01 10:09:41 - mmengine - INFO - Evaluating bbox...
2025/07/01 10:09:55 - mmengine - INFO - 
+-------------+-------+--------+--------+-------+-------+-------+
| category    | mAP   | mAP_50 | mAP_75 | mAP_s | mAP_m | mAP_l |
+-------------+-------+--------+--------+-------+-------+-------+
| car         | 0.696 | 0.966  | 0.847  | 0.475 | 0.727 | 0.0   |
| truck       | 0.467 | 0.68   | 0.565  | 0.017 | 0.462 | 0.517 |
| bus         | 0.734 | 0.946  | 0.883  | 0.002 | 0.698 | 0.797 |
| van         | 0.399 | 0.574  | 0.516  | 0.268 | 0.407 | 0.563 |
| freight_car | 0.422 | 0.597  | 0.503  | 0.104 | 0.417 | 0.473 |
+-------------+-------+--------+--------+-------+-------+-------+
2025/07/01 10:09:55 - mmengine - INFO - bbox_mAP_copypaste: 0.543 0.752 0.663 0.173 0.542 0.470
2025/07/01 10:09:56 - mmengine - INFO - Epoch(val) [48][800/800]    coco/car_precision: 0.6960  coco/truck_precision: 0.4670  coco/bus_precision: 0.7340  coco/van_precision: 0.3990  coco/freight_car_precision: 0.4220  coco/bbox_mAP: 0.5430  coco/bbox_mAP_50: 0.7520  coco/bbox_mAP_75: 0.6630  coco/bbox_mAP_s: 0.1730  coco/bbox_mAP_m: 0.5420  coco/bbox_mAP_l: 0.4700  data_time: 0.0005  time: 0.1092
2025/07/01 10:09:56 - mmengine - INFO - The previous best checkpoint /data/nl/Mamba2Spectral/work_dirs/DroneVehicle/2025_06_30/yolov8_mambatransformer_enhance/best_coco_bbox_mAP_50_epoch_47.pth is removed
2025/07/01 10:09:58 - mmengine - INFO - The best checkpoint with 0.7520 coco/bbox_mAP_50 at 48 epoch is saved to best_coco_bbox_mAP_50_epoch_48.pth.
2025/07/01 10:12:51 - mmengine - INFO - Epoch(train)  [49][ 50/400]  base_lr: 1.0000e-02 lr: 7.6735e-03  eta: 2 days, 5:36:13  time: 3.3579  data_time: 0.0297  memory: 10764  grad_norm: 9.0899  loss: 22.1083  loss_cls: 5.0353  loss_bbox: 8.7023  loss_dfl: 8.3707
2025/07/01 10:15:38 - mmengine - INFO - Epoch(train)  [49][100/400]  base_lr: 1.0000e-02 lr: 7.6735e-03  eta: 2 days, 5:33:58  time: 3.3319  data_time: 0.0066  memory: 10828  grad_norm: 9.2669  loss: 21.9824  loss_cls: 4.9585  loss_bbox: 8.6416  loss_dfl: 8.3822
2025/07/01 10:18:24 - mmengine - INFO - Epoch(train)  [49][150/400]  base_lr: 1.0000e-02 lr: 7.6735e-03  eta: 2 days, 5:31:44  time: 3.3318  data_time: 0.0069  memory: 11036  grad_norm: 8.9910  loss: 22.2362  loss_cls: 5.0315  loss_bbox: 8.6647  loss_dfl: 8.5399
2025/07/01 10:21:11 - mmengine - INFO - Epoch(train)  [49][200/400]  base_lr: 1.0000e-02 lr: 7.6735e-03  eta: 2 days, 5:29:30  time: 3.3410  data_time: 0.0065  memory: 10833  grad_norm: 9.5560  loss: 22.4612  loss_cls: 5.0536  loss_bbox: 8.7944  loss_dfl: 8.6132
2025/07/01 10:23:58 - mmengine - INFO - Epoch(train)  [49][250/400]  base_lr: 1.0000e-02 lr: 7.6735e-03  eta: 2 days, 5:27:16  time: 3.3374  data_time: 0.0066  memory: 10988  grad_norm: 9.3660  loss: 22.0598  loss_cls: 4.9758  loss_bbox: 8.6500  loss_dfl: 8.4340
2025/07/01 10:26:45 - mmengine - INFO - Epoch(train)  [49][300/400]  base_lr: 1.0000e-02 lr: 7.6735e-03  eta: 2 days, 5:25:02  time: 3.3359  data_time: 0.0067  memory: 10609  grad_norm: 9.2703  loss: 22.2129  loss_cls: 5.0975  loss_bbox: 8.6790  loss_dfl: 8.4363
2025/07/01 10:29:32 - mmengine - INFO - Epoch(train)  [49][350/400]  base_lr: 1.0000e-02 lr: 7.6735e-03  eta: 2 days, 5:22:46  time: 3.3296  data_time: 0.0066  memory: 11025  grad_norm: 10.1736  loss: 22.7621  loss_cls: 5.3264  loss_bbox: 8.8874  loss_dfl: 8.5483
2025/07/01 10:31:21 - mmengine - INFO - Exp name: yolov8_mambatransformer_enhance_20250630_153731
2025/07/01 10:31:21 - mmengine - INFO - Epoch(train)  [49][400/400]  base_lr: 1.0000e-02 lr: 7.6735e-03  eta: 2 days, 5:17:35  time: 2.1900  data_time: 0.0068  memory: 10662  grad_norm: 8.7596  loss: 22.0174  loss_cls: 4.9729  loss_bbox: 8.6726  loss_dfl: 8.3719
2025/07/01 10:31:21 - mmengine - INFO - Saving checkpoint at 49 epochs
2025/07/01 10:31:29 - mmengine - INFO - Epoch(val)  [49][ 50/800]    eta: 0:01:12  time: 0.0973  data_time: 0.0010  memory: 998  
2025/07/01 10:31:35 - mmengine - INFO - Epoch(val)  [49][100/800]    eta: 0:01:14  time: 0.1142  data_time: 0.0005  memory: 998  
2025/07/01 10:31:41 - mmengine - INFO - Epoch(val)  [49][150/800]    eta: 0:01:09  time: 0.1108  data_time: 0.0005  memory: 998  
2025/07/01 10:31:46 - mmengine - INFO - Epoch(val)  [49][200/800]    eta: 0:01:04  time: 0.1108  data_time: 0.0005  memory: 998  
2025/07/01 10:31:52 - mmengine - INFO - Epoch(val)  [49][250/800]    eta: 0:00:59  time: 0.1109  data_time: 0.0005  memory: 998  
2025/07/01 10:31:57 - mmengine - INFO - Epoch(val)  [49][300/800]    eta: 0:00:54  time: 0.1100  data_time: 0.0005  memory: 998  
2025/07/01 10:32:03 - mmengine - INFO - Epoch(val)  [49][350/800]    eta: 0:00:49  time: 0.1105  data_time: 0.0005  memory: 998  
2025/07/01 10:32:08 - mmengine - INFO - Epoch(val)  [49][400/800]    eta: 0:00:43  time: 0.1108  data_time: 0.0005  memory: 998  
2025/07/01 10:32:14 - mmengine - INFO - Epoch(val)  [49][450/800]    eta: 0:00:38  time: 0.1109  data_time: 0.0005  memory: 998  
2025/07/01 10:32:19 - mmengine - INFO - Epoch(val)  [49][500/800]    eta: 0:00:32  time: 0.1108  data_time: 0.0005  memory: 998  
2025/07/01 10:32:25 - mmengine - INFO - Epoch(val)  [49][550/800]    eta: 0:00:27  time: 0.1109  data_time: 0.0005  memory: 998  
2025/07/01 10:32:31 - mmengine - INFO - Epoch(val)  [49][600/800]    eta: 0:00:21  time: 0.1110  data_time: 0.0005  memory: 998  
2025/07/01 10:32:36 - mmengine - INFO - Epoch(val)  [49][650/800]    eta: 0:00:16  time: 0.1110  data_time: 0.0005  memory: 998  
2025/07/01 10:32:42 - mmengine - INFO - Epoch(val)  [49][700/800]    eta: 0:00:11  time: 0.1108  data_time: 0.0005  memory: 998  
2025/07/01 10:32:47 - mmengine - INFO - Epoch(val)  [49][750/800]    eta: 0:00:05  time: 0.1096  data_time: 0.0004  memory: 998  
2025/07/01 10:32:53 - mmengine - INFO - Epoch(val)  [49][800/800]    eta: 0:00:00  time: 0.1097  data_time: 0.0004  memory: 998  
2025/07/01 10:32:54 - mmengine - INFO - Evaluating bbox...
2025/07/01 10:33:09 - mmengine - INFO - 
+-------------+-------+--------+--------+-------+-------+-------+
| category    | mAP   | mAP_50 | mAP_75 | mAP_s | mAP_m | mAP_l |
+-------------+-------+--------+--------+-------+-------+-------+
| car         | 0.696 | 0.966  | 0.847  | 0.476 | 0.726 | 0.0   |
| truck       | 0.469 | 0.681  | 0.565  | 0.016 | 0.464 | 0.518 |
| bus         | 0.736 | 0.946  | 0.885  | 0.002 | 0.702 | 0.799 |
| van         | 0.404 | 0.58   | 0.522  | 0.271 | 0.41  | 0.578 |
| freight_car | 0.423 | 0.6    | 0.504  | 0.089 | 0.417 | 0.474 |
+-------------+-------+--------+--------+-------+-------+-------+
2025/07/01 10:33:09 - mmengine - INFO - bbox_mAP_copypaste: 0.545 0.754 0.665 0.171 0.544 0.474
2025/07/01 10:33:09 - mmengine - INFO - Epoch(val) [49][800/800]    coco/car_precision: 0.6960  coco/truck_precision: 0.4690  coco/bus_precision: 0.7360  coco/van_precision: 0.4040  coco/freight_car_precision: 0.4230  coco/bbox_mAP: 0.5450  coco/bbox_mAP_50: 0.7540  coco/bbox_mAP_75: 0.6650  coco/bbox_mAP_s: 0.1710  coco/bbox_mAP_m: 0.5440  coco/bbox_mAP_l: 0.4740  data_time: 0.0005  time: 0.1100
2025/07/01 10:33:09 - mmengine - INFO - The previous best checkpoint /data/nl/Mamba2Spectral/work_dirs/DroneVehicle/2025_06_30/yolov8_mambatransformer_enhance/best_coco_bbox_mAP_50_epoch_48.pth is removed
2025/07/01 10:33:12 - mmengine - INFO - The best checkpoint with 0.7540 coco/bbox_mAP_50 at 49 epoch is saved to best_coco_bbox_mAP_50_epoch_49.pth.
2025/07/01 10:36:04 - mmengine - INFO - Epoch(train)  [50][ 50/400]  base_lr: 1.0000e-02 lr: 7.6240e-03  eta: 2 days, 5:15:24  time: 3.3541  data_time: 0.0290  memory: 10705  grad_norm: 9.2646  loss: 21.8625  loss_cls: 5.0178  loss_bbox: 8.4663  loss_dfl: 8.3784
2025/07/01 10:38:51 - mmengine - INFO - Epoch(train)  [50][100/400]  base_lr: 1.0000e-02 lr: 7.6240e-03  eta: 2 days, 5:13:09  time: 3.3353  data_time: 0.0066  memory: 11057  grad_norm: 9.4100  loss: 21.8930  loss_cls: 4.8671  loss_bbox: 8.5797  loss_dfl: 8.4462
2025/07/01 10:41:38 - mmengine - INFO - Epoch(train)  [50][150/400]  base_lr: 1.0000e-02 lr: 7.6240e-03  eta: 2 days, 5:10:54  time: 3.3323  data_time: 0.0065  memory: 10844  grad_norm: 9.5719  loss: 22.6069  loss_cls: 5.0983  loss_bbox: 8.8670  loss_dfl: 8.6416
2025/07/01 10:44:24 - mmengine - INFO - Epoch(train)  [50][200/400]  base_lr: 1.0000e-02 lr: 7.6240e-03  eta: 2 days, 5:08:38  time: 3.3324  data_time: 0.0066  memory: 10833  grad_norm: 9.3058  loss: 22.1702  loss_cls: 4.9673  loss_bbox: 8.7433  loss_dfl: 8.4596
2025/07/01 10:47:11 - mmengine - INFO - Epoch(train)  [50][250/400]  base_lr: 1.0000e-02 lr: 7.6240e-03  eta: 2 days, 5:06:23  time: 3.3324  data_time: 0.0065  memory: 10817  grad_norm: 9.3290  loss: 22.1785  loss_cls: 5.0098  loss_bbox: 8.7354  loss_dfl: 8.4334
2025/07/01 10:49:58 - mmengine - INFO - Epoch(train)  [50][300/400]  base_lr: 1.0000e-02 lr: 7.6240e-03  eta: 2 days, 5:04:07  time: 3.3326  data_time: 0.0066  memory: 10897  grad_norm: 9.5139  loss: 22.2272  loss_cls: 5.0095  loss_bbox: 8.7626  loss_dfl: 8.4551
2025/07/01 10:52:44 - mmengine - INFO - Epoch(train)  [50][350/400]  base_lr: 1.0000e-02 lr: 7.6240e-03  eta: 2 days, 5:01:51  time: 3.3299  data_time: 0.0074  memory: 10844  grad_norm: 9.0532  loss: 22.1082  loss_cls: 5.0406  loss_bbox: 8.6472  loss_dfl: 8.4204
2025/07/01 10:54:33 - mmengine - INFO - Exp name: yolov8_mambatransformer_enhance_20250630_153731
2025/07/01 10:54:33 - mmengine - INFO - Epoch(train)  [50][400/400]  base_lr: 1.0000e-02 lr: 7.6240e-03  eta: 2 days, 4:56:42  time: 2.1806  data_time: 0.0069  memory: 10646  grad_norm: 9.6081  loss: 22.2411  loss_cls: 5.1043  loss_bbox: 8.7158  loss_dfl: 8.4210
2025/07/01 10:54:33 - mmengine - INFO - Saving checkpoint at 50 epochs
2025/07/01 10:54:42 - mmengine - INFO - Epoch(val)  [50][ 50/800]    eta: 0:01:20  time: 0.1074  data_time: 0.0011  memory: 998  
2025/07/01 10:54:47 - mmengine - INFO - Epoch(val)  [50][100/800]    eta: 0:01:14  time: 0.1066  data_time: 0.0005  memory: 998  
2025/07/01 10:54:52 - mmengine - INFO - Epoch(val)  [50][150/800]    eta: 0:01:06  time: 0.0928  data_time: 0.0004  memory: 998  
2025/07/01 10:54:57 - mmengine - INFO - Epoch(val)  [50][200/800]    eta: 0:01:00  time: 0.0941  data_time: 0.0004  memory: 998  
2025/07/01 10:55:02 - mmengine - INFO - Epoch(val)  [50][250/800]    eta: 0:00:54  time: 0.0981  data_time: 0.0004  memory: 998  
2025/07/01 10:55:06 - mmengine - INFO - Epoch(val)  [50][300/800]    eta: 0:00:49  time: 0.0936  data_time: 0.0005  memory: 998  
2025/07/01 10:55:11 - mmengine - INFO - Epoch(val)  [50][350/800]    eta: 0:00:44  time: 0.0931  data_time: 0.0004  memory: 998  
2025/07/01 10:55:16 - mmengine - INFO - Epoch(val)  [50][400/800]    eta: 0:00:39  time: 0.0946  data_time: 0.0004  memory: 998  
2025/07/01 10:55:21 - mmengine - INFO - Epoch(val)  [50][450/800]    eta: 0:00:34  time: 0.1114  data_time: 0.0005  memory: 998  
2025/07/01 10:55:27 - mmengine - INFO - Epoch(val)  [50][500/800]    eta: 0:00:30  time: 0.1113  data_time: 0.0005  memory: 998  
2025/07/01 10:55:32 - mmengine - INFO - Epoch(val)  [50][550/800]    eta: 0:00:25  time: 0.1112  data_time: 0.0005  memory: 998  
2025/07/01 10:55:38 - mmengine - INFO - Epoch(val)  [50][600/800]    eta: 0:00:20  time: 0.1118  data_time: 0.0005  memory: 998  
2025/07/01 10:55:44 - mmengine - INFO - Epoch(val)  [50][650/800]    eta: 0:00:15  time: 0.1108  data_time: 0.0005  memory: 998  
2025/07/01 10:55:49 - mmengine - INFO - Epoch(val)  [50][700/800]    eta: 0:00:10  time: 0.1114  data_time: 0.0005  memory: 998  
2025/07/01 10:55:55 - mmengine - INFO - Epoch(val)  [50][750/800]    eta: 0:00:05  time: 0.1115  data_time: 0.0005  memory: 998  
2025/07/01 10:56:00 - mmengine - INFO - Epoch(val)  [50][800/800]    eta: 0:00:00  time: 0.1103  data_time: 0.0004  memory: 998  
2025/07/01 10:56:02 - mmengine - INFO - Evaluating bbox...
2025/07/01 10:56:17 - mmengine - INFO - 
+-------------+-------+--------+--------+-------+-------+-------+
| category    | mAP   | mAP_50 | mAP_75 | mAP_s | mAP_m | mAP_l |
+-------------+-------+--------+--------+-------+-------+-------+
| car         | 0.696 | 0.966  | 0.851  | 0.477 | 0.727 | 0.0   |
| truck       | 0.469 | 0.681  | 0.569  | 0.017 | 0.465 | 0.518 |
| bus         | 0.737 | 0.947  | 0.886  | 0.002 | 0.702 | 0.8   |
| van         | 0.408 | 0.584  | 0.528  | 0.271 | 0.414 | 0.593 |
| freight_car | 0.423 | 0.602  | 0.507  | 0.089 | 0.418 | 0.474 |
+-------------+-------+--------+--------+-------+-------+-------+
2025/07/01 10:56:17 - mmengine - INFO - bbox_mAP_copypaste: 0.547 0.756 0.668 0.171 0.545 0.477
2025/07/01 10:56:17 - mmengine - INFO - Epoch(val) [50][800/800]    coco/car_precision: 0.6960  coco/truck_precision: 0.4690  coco/bus_precision: 0.7370  coco/van_precision: 0.4080  coco/freight_car_precision: 0.4230  coco/bbox_mAP: 0.5470  coco/bbox_mAP_50: 0.7560  coco/bbox_mAP_75: 0.6680  coco/bbox_mAP_s: 0.1710  coco/bbox_mAP_m: 0.5450  coco/bbox_mAP_l: 0.4770  data_time: 0.0005  time: 0.1044
2025/07/01 10:56:17 - mmengine - INFO - The previous best checkpoint /data/nl/Mamba2Spectral/work_dirs/DroneVehicle/2025_06_30/yolov8_mambatransformer_enhance/best_coco_bbox_mAP_50_epoch_49.pth is removed
2025/07/01 10:56:19 - mmengine - INFO - The best checkpoint with 0.7560 coco/bbox_mAP_50 at 50 epoch is saved to best_coco_bbox_mAP_50_epoch_50.pth.
2025/07/01 10:59:11 - mmengine - INFO - Epoch(train)  [51][ 50/400]  base_lr: 1.0000e-02 lr: 7.5745e-03  eta: 2 days, 4:54:28  time: 3.3433  data_time: 0.0277  memory: 10892  grad_norm: 9.2084  loss: 21.7331  loss_cls: 4.9384  loss_bbox: 8.4418  loss_dfl: 8.3529
2025/07/01 11:01:58 - mmengine - INFO - Epoch(train)  [51][100/400]  base_lr: 1.0000e-02 lr: 7.5745e-03  eta: 2 days, 4:52:13  time: 3.3347  data_time: 0.0065  memory: 10790  grad_norm: 9.4846  loss: 22.2175  loss_cls: 5.0979  loss_bbox: 8.7072  loss_dfl: 8.4125
2025/07/01 11:04:45 - mmengine - INFO - Epoch(train)  [51][150/400]  base_lr: 1.0000e-02 lr: 7.5745e-03  eta: 2 days, 4:49:57  time: 3.3333  data_time: 0.0063  memory: 10764  grad_norm: 9.8968  loss: 22.2048  loss_cls: 5.1110  loss_bbox: 8.6782  loss_dfl: 8.4156
2025/07/01 11:07:31 - mmengine - INFO - Epoch(train)  [51][200/400]  base_lr: 1.0000e-02 lr: 7.5745e-03  eta: 2 days, 4:47:41  time: 3.3320  data_time: 0.0064  memory: 10764  grad_norm: 9.3593  loss: 21.8236  loss_cls: 4.8178  loss_bbox: 8.6159  loss_dfl: 8.3899
2025/07/01 11:10:18 - mmengine - INFO - Epoch(train)  [51][250/400]  base_lr: 1.0000e-02 lr: 7.5745e-03  eta: 2 days, 4:45:25  time: 3.3318  data_time: 0.0069  memory: 10780  grad_norm: 9.7974  loss: 22.3580  loss_cls: 5.1676  loss_bbox: 8.7230  loss_dfl: 8.4674
2025/07/01 11:13:05 - mmengine - INFO - Epoch(train)  [51][300/400]  base_lr: 1.0000e-02 lr: 7.5745e-03  eta: 2 days, 4:43:09  time: 3.3354  data_time: 0.0065  memory: 10892  grad_norm: 9.4312  loss: 21.9336  loss_cls: 5.0095  loss_bbox: 8.5792  loss_dfl: 8.3449
2025/07/01 11:15:52 - mmengine - INFO - Epoch(train)  [51][350/400]  base_lr: 1.0000e-02 lr: 7.5745e-03  eta: 2 days, 4:40:53  time: 3.3361  data_time: 0.0066  memory: 10913  grad_norm: 9.5332  loss: 22.1595  loss_cls: 5.0894  loss_bbox: 8.7423  loss_dfl: 8.3278
2025/07/01 11:17:44 - mmengine - INFO - Exp name: yolov8_mambatransformer_enhance_20250630_153731
2025/07/01 11:17:44 - mmengine - INFO - Epoch(train)  [51][400/400]  base_lr: 1.0000e-02 lr: 7.5745e-03  eta: 2 days, 4:35:59  time: 2.2560  data_time: 0.0069  memory: 10716  grad_norm: 9.3659  loss: 21.7671  loss_cls: 4.9187  loss_bbox: 8.4815  loss_dfl: 8.3669
2025/07/01 11:17:44 - mmengine - INFO - Saving checkpoint at 51 epochs
2025/07/01 11:17:53 - mmengine - INFO - Epoch(val)  [51][ 50/800]    eta: 0:01:18  time: 0.1047  data_time: 0.0011  memory: 998  
2025/07/01 11:17:58 - mmengine - INFO - Epoch(val)  [51][100/800]    eta: 0:01:09  time: 0.0930  data_time: 0.0004  memory: 998  
2025/07/01 11:18:02 - mmengine - INFO - Epoch(val)  [51][150/800]    eta: 0:01:02  time: 0.0928  data_time: 0.0004  memory: 998  
2025/07/01 11:18:07 - mmengine - INFO - Epoch(val)  [51][200/800]    eta: 0:00:57  time: 0.0934  data_time: 0.0004  memory: 998  
2025/07/01 11:18:12 - mmengine - INFO - Epoch(val)  [51][250/800]    eta: 0:00:52  time: 0.0937  data_time: 0.0004  memory: 998  
2025/07/01 11:18:16 - mmengine - INFO - Epoch(val)  [51][300/800]    eta: 0:00:47  time: 0.0925  data_time: 0.0004  memory: 998  
2025/07/01 11:18:21 - mmengine - INFO - Epoch(val)  [51][350/800]    eta: 0:00:42  time: 0.0926  data_time: 0.0004  memory: 998  
2025/07/01 11:18:26 - mmengine - INFO - Epoch(val)  [51][400/800]    eta: 0:00:37  time: 0.0926  data_time: 0.0004  memory: 998  
2025/07/01 11:18:30 - mmengine - INFO - Epoch(val)  [51][450/800]    eta: 0:00:32  time: 0.0925  data_time: 0.0004  memory: 998  
2025/07/01 11:18:35 - mmengine - INFO - Epoch(val)  [51][500/800]    eta: 0:00:28  time: 0.0941  data_time: 0.0004  memory: 998  
2025/07/01 11:18:41 - mmengine - INFO - Epoch(val)  [51][550/800]    eta: 0:00:23  time: 0.1111  data_time: 0.0005  memory: 998  
2025/07/01 11:18:46 - mmengine - INFO - Epoch(val)  [51][600/800]    eta: 0:00:19  time: 0.1106  data_time: 0.0005  memory: 998  
2025/07/01 11:18:52 - mmengine - INFO - Epoch(val)  [51][650/800]    eta: 0:00:14  time: 0.1102  data_time: 0.0005  memory: 998  
2025/07/01 11:18:57 - mmengine - INFO - Epoch(val)  [51][700/800]    eta: 0:00:09  time: 0.1110  data_time: 0.0005  memory: 998  
2025/07/01 11:19:03 - mmengine - INFO - Epoch(val)  [51][750/800]    eta: 0:00:04  time: 0.1112  data_time: 0.0005  memory: 998  
2025/07/01 11:19:08 - mmengine - INFO - Epoch(val)  [51][800/800]    eta: 0:00:00  time: 0.1109  data_time: 0.0004  memory: 998  
2025/07/01 11:19:10 - mmengine - INFO - Evaluating bbox...
2025/07/01 11:19:24 - mmengine - INFO - 
+-------------+-------+--------+--------+-------+-------+-------+
| category    | mAP   | mAP_50 | mAP_75 | mAP_s | mAP_m | mAP_l |
+-------------+-------+--------+--------+-------+-------+-------+
| car         | 0.696 | 0.966  | 0.848  | 0.476 | 0.727 | 0.0   |
| truck       | 0.469 | 0.683  | 0.567  | 0.017 | 0.465 | 0.518 |
| bus         | 0.736 | 0.947  | 0.886  | 0.002 | 0.7   | 0.799 |
| van         | 0.411 | 0.586  | 0.536  | 0.276 | 0.415 | 0.603 |
| freight_car | 0.426 | 0.604  | 0.51   | 0.088 | 0.421 | 0.478 |
+-------------+-------+--------+--------+-------+-------+-------+
2025/07/01 11:19:24 - mmengine - INFO - bbox_mAP_copypaste: 0.548 0.757 0.669 0.172 0.546 0.480
2025/07/01 11:19:25 - mmengine - INFO - Epoch(val) [51][800/800]    coco/car_precision: 0.6960  coco/truck_precision: 0.4690  coco/bus_precision: 0.7360  coco/van_precision: 0.4110  coco/freight_car_precision: 0.4260  coco/bbox_mAP: 0.5480  coco/bbox_mAP_50: 0.7570  coco/bbox_mAP_75: 0.6690  coco/bbox_mAP_s: 0.1720  coco/bbox_mAP_m: 0.5460  coco/bbox_mAP_l: 0.4800  data_time: 0.0005  time: 0.1005
2025/07/01 11:19:25 - mmengine - INFO - The previous best checkpoint /data/nl/Mamba2Spectral/work_dirs/DroneVehicle/2025_06_30/yolov8_mambatransformer_enhance/best_coco_bbox_mAP_50_epoch_50.pth is removed
2025/07/01 11:19:27 - mmengine - INFO - The best checkpoint with 0.7570 coco/bbox_mAP_50 at 51 epoch is saved to best_coco_bbox_mAP_50_epoch_51.pth.
2025/07/01 11:22:20 - mmengine - INFO - Epoch(train)  [52][ 50/400]  base_lr: 1.0000e-02 lr: 7.5250e-03  eta: 2 days, 4:33:46  time: 3.3559  data_time: 0.0300  memory: 10924  grad_norm: 9.1421  loss: 22.0231  loss_cls: 4.9590  loss_bbox: 8.6551  loss_dfl: 8.4090
2025/07/01 11:25:07 - mmengine - INFO - Epoch(train)  [52][100/400]  base_lr: 1.0000e-02 lr: 7.5250e-03  eta: 2 days, 4:31:30  time: 3.3301  data_time: 0.0066  memory: 10790  grad_norm: 9.5119  loss: 21.9365  loss_cls: 4.9936  loss_bbox: 8.5055  loss_dfl: 8.4374
2025/07/01 11:27:53 - mmengine - INFO - Epoch(train)  [52][150/400]  base_lr: 1.0000e-02 lr: 7.5250e-03  eta: 2 days, 4:29:12  time: 3.3264  data_time: 0.0074  memory: 10641  grad_norm: 9.4518  loss: 22.1365  loss_cls: 5.0128  loss_bbox: 8.7099  loss_dfl: 8.4138
2025/07/01 11:30:40 - mmengine - INFO - Epoch(train)  [52][200/400]  base_lr: 1.0000e-02 lr: 7.5250e-03  eta: 2 days, 4:26:56  time: 3.3362  data_time: 0.0066  memory: 10764  grad_norm: 9.2296  loss: 21.6986  loss_cls: 4.7974  loss_bbox: 8.5851  loss_dfl: 8.3161
2025/07/01 11:33:26 - mmengine - INFO - Epoch(train)  [52][250/400]  base_lr: 1.0000e-02 lr: 7.5250e-03  eta: 2 days, 4:24:39  time: 3.3310  data_time: 0.0066  memory: 10934  grad_norm: 9.2761  loss: 21.9125  loss_cls: 4.9633  loss_bbox: 8.5624  loss_dfl: 8.3868
2025/07/01 11:36:13 - mmengine - INFO - Epoch(train)  [52][300/400]  base_lr: 1.0000e-02 lr: 7.5250e-03  eta: 2 days, 4:22:21  time: 3.3258  data_time: 0.0067  memory: 10700  grad_norm: 9.9163  loss: 22.5416  loss_cls: 5.0388  loss_bbox: 8.8968  loss_dfl: 8.6061
2025/07/01 11:38:59 - mmengine - INFO - Epoch(train)  [52][350/400]  base_lr: 1.0000e-02 lr: 7.5250e-03  eta: 2 days, 4:20:03  time: 3.3271  data_time: 0.0065  memory: 11020  grad_norm: 9.6199  loss: 22.0475  loss_cls: 4.9063  loss_bbox: 8.6833  loss_dfl: 8.4579
2025/07/01 11:40:54 - mmengine - INFO - Exp name: yolov8_mambatransformer_enhance_20250630_153731
2025/07/01 11:40:54 - mmengine - INFO - Epoch(train)  [52][400/400]  base_lr: 1.0000e-02 lr: 7.5250e-03  eta: 2 days, 4:15:20  time: 2.3087  data_time: 0.0069  memory: 10982  grad_norm: 9.2713  loss: 21.9067  loss_cls: 4.9638  loss_bbox: 8.5433  loss_dfl: 8.3996
2025/07/01 11:40:54 - mmengine - INFO - Saving checkpoint at 52 epochs
2025/07/01 11:41:02 - mmengine - INFO - Epoch(val)  [52][ 50/800]    eta: 0:01:08  time: 0.0909  data_time: 0.0009  memory: 998  
2025/07/01 11:41:07 - mmengine - INFO - Epoch(val)  [52][100/800]    eta: 0:01:06  time: 0.1003  data_time: 0.0004  memory: 998  
2025/07/01 11:41:13 - mmengine - INFO - Epoch(val)  [52][150/800]    eta: 0:01:05  time: 0.1109  data_time: 0.0005  memory: 998  
2025/07/01 11:41:18 - mmengine - INFO - Epoch(val)  [52][200/800]    eta: 0:01:01  time: 0.1100  data_time: 0.0005  memory: 998  
2025/07/01 11:41:24 - mmengine - INFO - Epoch(val)  [52][250/800]    eta: 0:00:57  time: 0.1105  data_time: 0.0004  memory: 998  
2025/07/01 11:41:29 - mmengine - INFO - Epoch(val)  [52][300/800]    eta: 0:00:52  time: 0.1098  data_time: 0.0004  memory: 998  
2025/07/01 11:41:35 - mmengine - INFO - Epoch(val)  [52][350/800]    eta: 0:00:47  time: 0.1081  data_time: 0.0004  memory: 998  
2025/07/01 11:41:40 - mmengine - INFO - Epoch(val)  [52][400/800]    eta: 0:00:42  time: 0.1087  data_time: 0.0004  memory: 998  
2025/07/01 11:41:46 - mmengine - INFO - Epoch(val)  [52][450/800]    eta: 0:00:37  time: 0.1088  data_time: 0.0004  memory: 998  
2025/07/01 11:41:51 - mmengine - INFO - Epoch(val)  [52][500/800]    eta: 0:00:32  time: 0.1090  data_time: 0.0004  memory: 998  
2025/07/01 11:41:57 - mmengine - INFO - Epoch(val)  [52][550/800]    eta: 0:00:26  time: 0.1094  data_time: 0.0005  memory: 998  
2025/07/01 11:42:02 - mmengine - INFO - Epoch(val)  [52][600/800]    eta: 0:00:21  time: 0.1095  data_time: 0.0004  memory: 998  
2025/07/01 11:42:08 - mmengine - INFO - Epoch(val)  [52][650/800]    eta: 0:00:16  time: 0.1129  data_time: 0.0007  memory: 998  
2025/07/01 11:42:14 - mmengine - INFO - Epoch(val)  [52][700/800]    eta: 0:00:10  time: 0.1323  data_time: 0.0030  memory: 998  
2025/07/01 11:42:21 - mmengine - INFO - Epoch(val)  [52][750/800]    eta: 0:00:05  time: 0.1311  data_time: 0.0019  memory: 998  
2025/07/01 11:42:28 - mmengine - INFO - Epoch(val)  [52][800/800]    eta: 0:00:00  time: 0.1329  data_time: 0.0051  memory: 998  
2025/07/01 11:42:29 - mmengine - INFO - Evaluating bbox...
2025/07/01 11:42:45 - mmengine - INFO - 
+-------------+-------+--------+--------+-------+-------+-------+
| category    | mAP   | mAP_50 | mAP_75 | mAP_s | mAP_m | mAP_l |
+-------------+-------+--------+--------+-------+-------+-------+
| car         | 0.697 | 0.966  | 0.851  | 0.477 | 0.727 | 0.0   |
| truck       | 0.472 | 0.687  | 0.574  | 0.018 | 0.468 | 0.521 |
| bus         | 0.737 | 0.947  | 0.886  | 0.002 | 0.701 | 0.799 |
| van         | 0.412 | 0.589  | 0.539  | 0.273 | 0.415 | 0.617 |
| freight_car | 0.428 | 0.607  | 0.511  | 0.083 | 0.423 | 0.48  |
+-------------+-------+--------+--------+-------+-------+-------+
2025/07/01 11:42:45 - mmengine - INFO - bbox_mAP_copypaste: 0.549 0.759 0.672 0.171 0.547 0.483
2025/07/01 11:42:45 - mmengine - INFO - Epoch(val) [52][800/800]    coco/car_precision: 0.6970  coco/truck_precision: 0.4720  coco/bus_precision: 0.7370  coco/van_precision: 0.4120  coco/freight_car_precision: 0.4280  coco/bbox_mAP: 0.5490  coco/bbox_mAP_50: 0.7590  coco/bbox_mAP_75: 0.6720  coco/bbox_mAP_s: 0.1710  coco/bbox_mAP_m: 0.5470  coco/bbox_mAP_l: 0.4830  data_time: 0.0010  time: 0.1122
2025/07/01 11:42:46 - mmengine - INFO - The previous best checkpoint /data/nl/Mamba2Spectral/work_dirs/DroneVehicle/2025_06_30/yolov8_mambatransformer_enhance/best_coco_bbox_mAP_50_epoch_51.pth is removed
2025/07/01 11:42:48 - mmengine - INFO - The best checkpoint with 0.7590 coco/bbox_mAP_50 at 52 epoch is saved to best_coco_bbox_mAP_50_epoch_52.pth.
2025/07/01 11:45:42 - mmengine - INFO - Epoch(train)  [53][ 50/400]  base_lr: 1.0000e-02 lr: 7.4755e-03  eta: 2 days, 4:13:07  time: 3.3586  data_time: 0.0352  memory: 10796  grad_norm: 9.4165  loss: 21.7929  loss_cls: 4.9371  loss_bbox: 8.4885  loss_dfl: 8.3673
2025/07/01 11:48:28 - mmengine - INFO - Epoch(train)  [53][100/400]  base_lr: 1.0000e-02 lr: 7.4755e-03  eta: 2 days, 4:10:49  time: 3.3270  data_time: 0.0066  memory: 10790  grad_norm: 9.2134  loss: 21.9221  loss_cls: 4.9297  loss_bbox: 8.6340  loss_dfl: 8.3585
2025/07/01 11:51:15 - mmengine - INFO - Epoch(train)  [53][150/400]  base_lr: 1.0000e-02 lr: 7.4755e-03  eta: 2 days, 4:08:32  time: 3.3311  data_time: 0.0064  memory: 10614  grad_norm: 9.2798  loss: 22.0326  loss_cls: 4.9142  loss_bbox: 8.6043  loss_dfl: 8.5141
2025/07/01 11:54:02 - mmengine - INFO - Exp name: yolov8_mambatransformer_enhance_20250630_153731
2025/07/01 11:54:02 - mmengine - INFO - Epoch(train)  [53][200/400]  base_lr: 1.0000e-02 lr: 7.4755e-03  eta: 2 days, 4:06:14  time: 3.3315  data_time: 0.0065  memory: 10972  grad_norm: 9.7812  loss: 21.7395  loss_cls: 4.8741  loss_bbox: 8.4626  loss_dfl: 8.4028
2025/07/01 11:56:48 - mmengine - INFO - Epoch(train)  [53][250/400]  base_lr: 1.0000e-02 lr: 7.4755e-03  eta: 2 days, 4:03:57  time: 3.3359  data_time: 0.0064  memory: 10860  grad_norm: 9.3467  loss: 21.9168  loss_cls: 4.9869  loss_bbox: 8.6547  loss_dfl: 8.2752
2025/07/01 11:59:35 - mmengine - INFO - Epoch(train)  [53][300/400]  base_lr: 1.0000e-02 lr: 7.4755e-03  eta: 2 days, 4:01:40  time: 3.3344  data_time: 0.0064  memory: 10796  grad_norm: 9.0991  loss: 21.6273  loss_cls: 4.8454  loss_bbox: 8.4171  loss_dfl: 8.3648
2025/07/01 12:02:22 - mmengine - INFO - Epoch(train)  [53][350/400]  base_lr: 1.0000e-02 lr: 7.4755e-03  eta: 2 days, 3:59:22  time: 3.3295  data_time: 0.0072  memory: 10844  grad_norm: 9.7226  loss: 22.1479  loss_cls: 4.9493  loss_bbox: 8.6974  loss_dfl: 8.5013
2025/07/01 12:04:09 - mmengine - INFO - Exp name: yolov8_mambatransformer_enhance_20250630_153731
2025/07/01 12:04:09 - mmengine - INFO - Epoch(train)  [53][400/400]  base_lr: 1.0000e-02 lr: 7.4755e-03  eta: 2 days, 3:54:19  time: 2.1474  data_time: 0.0070  memory: 10865  grad_norm: 9.5378  loss: 21.8607  loss_cls: 4.9089  loss_bbox: 8.6152  loss_dfl: 8.3366
2025/07/01 12:04:09 - mmengine - INFO - Saving checkpoint at 53 epochs
2025/07/01 12:04:18 - mmengine - INFO - Epoch(val)  [53][ 50/800]    eta: 0:01:21  time: 0.1083  data_time: 0.0010  memory: 998  
2025/07/01 12:04:23 - mmengine - INFO - Epoch(val)  [53][100/800]    eta: 0:01:14  time: 0.1048  data_time: 0.0005  memory: 998  
2025/07/01 12:04:29 - mmengine - INFO - Epoch(val)  [53][150/800]    eta: 0:01:09  time: 0.1077  data_time: 0.0005  memory: 998  
2025/07/01 12:04:34 - mmengine - INFO - Epoch(val)  [53][200/800]    eta: 0:01:04  time: 0.1069  data_time: 0.0005  memory: 998  
2025/07/01 12:04:39 - mmengine - INFO - Epoch(val)  [53][250/800]    eta: 0:00:59  time: 0.1114  data_time: 0.0005  memory: 998  
2025/07/01 12:04:45 - mmengine - INFO - Epoch(val)  [53][300/800]    eta: 0:00:54  time: 0.1112  data_time: 0.0005  memory: 998  
2025/07/01 12:04:51 - mmengine - INFO - Epoch(val)  [53][350/800]    eta: 0:00:48  time: 0.1112  data_time: 0.0005  memory: 998  
2025/07/01 12:04:56 - mmengine - INFO - Epoch(val)  [53][400/800]    eta: 0:00:43  time: 0.1112  data_time: 0.0005  memory: 998  
2025/07/01 12:05:02 - mmengine - INFO - Epoch(val)  [53][450/800]    eta: 0:00:38  time: 0.1071  data_time: 0.0005  memory: 998  
2025/07/01 12:05:07 - mmengine - INFO - Epoch(val)  [53][500/800]    eta: 0:00:32  time: 0.1128  data_time: 0.0005  memory: 998  
2025/07/01 12:05:13 - mmengine - INFO - Epoch(val)  [53][550/800]    eta: 0:00:27  time: 0.1118  data_time: 0.0006  memory: 998  
2025/07/01 12:05:18 - mmengine - INFO - Epoch(val)  [53][600/800]    eta: 0:00:21  time: 0.1120  data_time: 0.0005  memory: 998  
2025/07/01 12:05:24 - mmengine - INFO - Epoch(val)  [53][650/800]    eta: 0:00:16  time: 0.1115  data_time: 0.0005  memory: 998  
2025/07/01 12:05:30 - mmengine - INFO - Epoch(val)  [53][700/800]    eta: 0:00:10  time: 0.1121  data_time: 0.0005  memory: 998  
2025/07/01 12:05:35 - mmengine - INFO - Epoch(val)  [53][750/800]    eta: 0:00:05  time: 0.1122  data_time: 0.0005  memory: 998  
2025/07/01 12:05:41 - mmengine - INFO - Epoch(val)  [53][800/800]    eta: 0:00:00  time: 0.1119  data_time: 0.0005  memory: 998  
2025/07/01 12:05:42 - mmengine - INFO - Evaluating bbox...
2025/07/01 12:05:57 - mmengine - INFO - 
+-------------+-------+--------+--------+-------+-------+-------+
| category    | mAP   | mAP_50 | mAP_75 | mAP_s | mAP_m | mAP_l |
+-------------+-------+--------+--------+-------+-------+-------+
| car         | 0.697 | 0.966  | 0.852  | 0.477 | 0.728 | 0.0   |
| truck       | 0.474 | 0.688  | 0.573  | 0.018 | 0.47  | 0.525 |
| bus         | 0.737 | 0.947  | 0.888  | 0.002 | 0.701 | 0.8   |
| van         | 0.413 | 0.591  | 0.541  | 0.275 | 0.417 | 0.603 |
| freight_car | 0.431 | 0.609  | 0.513  | 0.105 | 0.426 | 0.482 |
+-------------+-------+--------+--------+-------+-------+-------+
2025/07/01 12:05:57 - mmengine - INFO - bbox_mAP_copypaste: 0.550 0.760 0.673 0.176 0.548 0.482
2025/07/01 12:05:57 - mmengine - INFO - Epoch(val) [53][800/800]    coco/car_precision: 0.6970  coco/truck_precision: 0.4740  coco/bus_precision: 0.7370  coco/van_precision: 0.4130  coco/freight_car_precision: 0.4310  coco/bbox_mAP: 0.5500  coco/bbox_mAP_50: 0.7600  coco/bbox_mAP_75: 0.6730  coco/bbox_mAP_s: 0.1760  coco/bbox_mAP_m: 0.5480  coco/bbox_mAP_l: 0.4820  data_time: 0.0005  time: 0.1104
2025/07/01 12:05:57 - mmengine - INFO - The previous best checkpoint /data/nl/Mamba2Spectral/work_dirs/DroneVehicle/2025_06_30/yolov8_mambatransformer_enhance/best_coco_bbox_mAP_50_epoch_52.pth is removed
2025/07/01 12:06:00 - mmengine - INFO - The best checkpoint with 0.7600 coco/bbox_mAP_50 at 53 epoch is saved to best_coco_bbox_mAP_50_epoch_53.pth.
2025/07/01 12:08:53 - mmengine - INFO - Epoch(train)  [54][ 50/400]  base_lr: 1.0000e-02 lr: 7.4260e-03  eta: 2 days, 3:52:05  time: 3.3550  data_time: 0.0285  memory: 10854  grad_norm: 10.0176  loss: 21.8508  loss_cls: 4.9443  loss_bbox: 8.4794  loss_dfl: 8.4271
2025/07/01 12:11:39 - mmengine - INFO - Epoch(train)  [54][100/400]  base_lr: 1.0000e-02 lr: 7.4260e-03  eta: 2 days, 3:49:47  time: 3.3338  data_time: 0.0067  memory: 10844  grad_norm: 9.6023  loss: 22.0337  loss_cls: 5.0447  loss_bbox: 8.6362  loss_dfl: 8.3528
2025/07/01 12:14:26 - mmengine - INFO - Epoch(train)  [54][150/400]  base_lr: 1.0000e-02 lr: 7.4260e-03  eta: 2 days, 3:47:30  time: 3.3341  data_time: 0.0071  memory: 10838  grad_norm: 9.0373  loss: 21.7956  loss_cls: 4.9027  loss_bbox: 8.5224  loss_dfl: 8.3705
2025/07/01 12:17:13 - mmengine - INFO - Epoch(train)  [54][200/400]  base_lr: 1.0000e-02 lr: 7.4260e-03  eta: 2 days, 3:45:12  time: 3.3330  data_time: 0.0070  memory: 11089  grad_norm: 9.4119  loss: 21.8897  loss_cls: 4.9955  loss_bbox: 8.5091  loss_dfl: 8.3851
2025/07/01 12:20:00 - mmengine - INFO - Epoch(train)  [54][250/400]  base_lr: 1.0000e-02 lr: 7.4260e-03  eta: 2 days, 3:42:54  time: 3.3343  data_time: 0.0070  memory: 10844  grad_norm: 8.9512  loss: 21.4773  loss_cls: 4.7348  loss_bbox: 8.4487  loss_dfl: 8.2937
2025/07/01 12:22:47 - mmengine - INFO - Epoch(train)  [54][300/400]  base_lr: 1.0000e-02 lr: 7.4260e-03  eta: 2 days, 3:40:37  time: 3.3426  data_time: 0.0067  memory: 10988  grad_norm: 9.6577  loss: 22.0714  loss_cls: 5.0175  loss_bbox: 8.6837  loss_dfl: 8.3702
2025/07/01 12:25:33 - mmengine - INFO - Epoch(train)  [54][350/400]  base_lr: 1.0000e-02 lr: 7.4260e-03  eta: 2 days, 3:38:19  time: 3.3326  data_time: 0.0066  memory: 10801  grad_norm: 9.4026  loss: 21.7772  loss_cls: 4.9034  loss_bbox: 8.5296  loss_dfl: 8.3442
2025/07/01 12:27:21 - mmengine - INFO - Exp name: yolov8_mambatransformer_enhance_20250630_153731
2025/07/01 12:27:21 - mmengine - INFO - Epoch(train)  [54][400/400]  base_lr: 1.0000e-02 lr: 7.4260e-03  eta: 2 days, 3:33:22  time: 2.1585  data_time: 0.0069  memory: 10849  grad_norm: 9.4241  loss: 21.6845  loss_cls: 4.7329  loss_bbox: 8.5803  loss_dfl: 8.3714
2025/07/01 12:27:21 - mmengine - INFO - Saving checkpoint at 54 epochs
2025/07/01 12:27:31 - mmengine - INFO - Epoch(val)  [54][ 50/800]    eta: 0:01:27  time: 0.1165  data_time: 0.0008  memory: 998  
2025/07/01 12:27:36 - mmengine - INFO - Epoch(val)  [54][100/800]    eta: 0:01:19  time: 0.1115  data_time: 0.0005  memory: 998  
2025/07/01 12:27:42 - mmengine - INFO - Epoch(val)  [54][150/800]    eta: 0:01:13  time: 0.1109  data_time: 0.0005  memory: 998  
2025/07/01 12:27:47 - mmengine - INFO - Epoch(val)  [54][200/800]    eta: 0:01:06  time: 0.1014  data_time: 0.0005  memory: 998  
2025/07/01 12:27:52 - mmengine - INFO - Epoch(val)  [54][250/800]    eta: 0:01:00  time: 0.1093  data_time: 0.0008  memory: 998  
2025/07/01 12:27:58 - mmengine - INFO - Epoch(val)  [54][300/800]    eta: 0:00:55  time: 0.1105  data_time: 0.0005  memory: 998  
2025/07/01 12:28:03 - mmengine - INFO - Epoch(val)  [54][350/800]    eta: 0:00:49  time: 0.1024  data_time: 0.0005  memory: 998  
2025/07/01 12:28:09 - mmengine - INFO - Epoch(val)  [54][400/800]    eta: 0:00:43  time: 0.1113  data_time: 0.0005  memory: 998  
2025/07/01 12:28:14 - mmengine - INFO - Epoch(val)  [54][450/800]    eta: 0:00:38  time: 0.1185  data_time: 0.0006  memory: 998  
2025/07/01 12:28:20 - mmengine - INFO - Epoch(val)  [54][500/800]    eta: 0:00:33  time: 0.1131  data_time: 0.0005  memory: 998  
2025/07/01 12:28:25 - mmengine - INFO - Epoch(val)  [54][550/800]    eta: 0:00:27  time: 0.0937  data_time: 0.0004  memory: 998  
2025/07/01 12:28:29 - mmengine - INFO - Epoch(val)  [54][600/800]    eta: 0:00:21  time: 0.0936  data_time: 0.0004  memory: 998  
2025/07/01 12:28:35 - mmengine - INFO - Epoch(val)  [54][650/800]    eta: 0:00:16  time: 0.1002  data_time: 0.0004  memory: 998  
2025/07/01 12:28:40 - mmengine - INFO - Epoch(val)  [54][700/800]    eta: 0:00:10  time: 0.1105  data_time: 0.0004  memory: 998  
2025/07/01 12:28:46 - mmengine - INFO - Epoch(val)  [54][750/800]    eta: 0:00:05  time: 0.1099  data_time: 0.0004  memory: 998  
2025/07/01 12:28:51 - mmengine - INFO - Epoch(val)  [54][800/800]    eta: 0:00:00  time: 0.1100  data_time: 0.0004  memory: 998  
2025/07/01 12:28:53 - mmengine - INFO - Evaluating bbox...
2025/07/01 12:29:08 - mmengine - INFO - 
+-------------+-------+--------+--------+-------+-------+-------+
| category    | mAP   | mAP_50 | mAP_75 | mAP_s | mAP_m | mAP_l |
+-------------+-------+--------+--------+-------+-------+-------+
| car         | 0.697 | 0.966  | 0.852  | 0.478 | 0.728 | 0.0   |
| truck       | 0.475 | 0.69   | 0.574  | 0.019 | 0.471 | 0.526 |
| bus         | 0.736 | 0.948  | 0.889  | 0.002 | 0.701 | 0.799 |
| van         | 0.416 | 0.592  | 0.548  | 0.28  | 0.419 | 0.605 |
| freight_car | 0.432 | 0.611  | 0.513  | 0.105 | 0.427 | 0.483 |
+-------------+-------+--------+--------+-------+-------+-------+
2025/07/01 12:29:08 - mmengine - INFO - bbox_mAP_copypaste: 0.551 0.761 0.675 0.177 0.549 0.483
2025/07/01 12:29:08 - mmengine - INFO - Epoch(val) [54][800/800]    coco/car_precision: 0.6970  coco/truck_precision: 0.4750  coco/bus_precision: 0.7360  coco/van_precision: 0.4160  coco/freight_car_precision: 0.4320  coco/bbox_mAP: 0.5510  coco/bbox_mAP_50: 0.7610  coco/bbox_mAP_75: 0.6750  coco/bbox_mAP_s: 0.1770  coco/bbox_mAP_m: 0.5490  coco/bbox_mAP_l: 0.4830  data_time: 0.0005  time: 0.1077
2025/07/01 12:29:08 - mmengine - INFO - The previous best checkpoint /data/nl/Mamba2Spectral/work_dirs/DroneVehicle/2025_06_30/yolov8_mambatransformer_enhance/best_coco_bbox_mAP_50_epoch_53.pth is removed
2025/07/01 12:29:10 - mmengine - INFO - The best checkpoint with 0.7610 coco/bbox_mAP_50 at 54 epoch is saved to best_coco_bbox_mAP_50_epoch_54.pth.
2025/07/01 12:32:03 - mmengine - INFO - Epoch(train)  [55][ 50/400]  base_lr: 1.0000e-02 lr: 7.3765e-03  eta: 2 days, 3:31:07  time: 3.3591  data_time: 0.0287  memory: 10721  grad_norm: 9.6553  loss: 21.9857  loss_cls: 4.9995  loss_bbox: 8.6199  loss_dfl: 8.3664
2025/07/01 12:34:50 - mmengine - INFO - Epoch(train)  [55][100/400]  base_lr: 1.0000e-02 lr: 7.3765e-03  eta: 2 days, 3:28:50  time: 3.3384  data_time: 0.0073  memory: 11233  grad_norm: 9.0975  loss: 21.5786  loss_cls: 4.8342  loss_bbox: 8.4341  loss_dfl: 8.3104
2025/07/01 12:37:37 - mmengine - INFO - Epoch(train)  [55][150/400]  base_lr: 1.0000e-02 lr: 7.3765e-03  eta: 2 days, 3:26:32  time: 3.3339  data_time: 0.0072  memory: 10870  grad_norm: 9.6020  loss: 21.9698  loss_cls: 4.9509  loss_bbox: 8.5551  loss_dfl: 8.4639
2025/07/01 12:40:24 - mmengine - INFO - Epoch(train)  [55][200/400]  base_lr: 1.0000e-02 lr: 7.3765e-03  eta: 2 days, 3:24:14  time: 3.3378  data_time: 0.0071  memory: 10780  grad_norm: 9.3175  loss: 21.7163  loss_cls: 4.8389  loss_bbox: 8.4941  loss_dfl: 8.3833
2025/07/01 12:43:10 - mmengine - INFO - Epoch(train)  [55][250/400]  base_lr: 1.0000e-02 lr: 7.3765e-03  eta: 2 days, 3:21:55  time: 3.3292  data_time: 0.0066  memory: 10870  grad_norm: 9.7741  loss: 22.1458  loss_cls: 5.0448  loss_bbox: 8.6122  loss_dfl: 8.4887
2025/07/01 12:45:57 - mmengine - INFO - Epoch(train)  [55][300/400]  base_lr: 1.0000e-02 lr: 7.3765e-03  eta: 2 days, 3:19:37  time: 3.3424  data_time: 0.0067  memory: 10982  grad_norm: 8.8466  loss: 21.5545  loss_cls: 4.7943  loss_bbox: 8.5218  loss_dfl: 8.2383
2025/07/01 12:48:44 - mmengine - INFO - Epoch(train)  [55][350/400]  base_lr: 1.0000e-02 lr: 7.3765e-03  eta: 2 days, 3:17:19  time: 3.3372  data_time: 0.0066  memory: 10817  grad_norm: 9.9120  loss: 22.1835  loss_cls: 4.9676  loss_bbox: 8.6887  loss_dfl: 8.5272
2025/07/01 12:50:33 - mmengine - INFO - Exp name: yolov8_mambatransformer_enhance_20250630_153731
2025/07/01 12:50:33 - mmengine - INFO - Epoch(train)  [55][400/400]  base_lr: 1.0000e-02 lr: 7.3765e-03  eta: 2 days, 3:12:28  time: 2.1765  data_time: 0.0067  memory: 10673  grad_norm: 9.5847  loss: 21.7397  loss_cls: 4.8405  loss_bbox: 8.4676  loss_dfl: 8.4317
2025/07/01 12:50:33 - mmengine - INFO - Saving checkpoint at 55 epochs
2025/07/01 12:50:42 - mmengine - INFO - Epoch(val)  [55][ 50/800]    eta: 0:01:21  time: 0.1091  data_time: 0.0009  memory: 998  
2025/07/01 12:50:47 - mmengine - INFO - Epoch(val)  [55][100/800]    eta: 0:01:16  time: 0.1097  data_time: 0.0005  memory: 998  
2025/07/01 12:50:53 - mmengine - INFO - Epoch(val)  [55][150/800]    eta: 0:01:10  time: 0.1069  data_time: 0.0005  memory: 998  
2025/07/01 12:50:57 - mmengine - INFO - Epoch(val)  [55][200/800]    eta: 0:01:02  time: 0.0924  data_time: 0.0004  memory: 998  
2025/07/01 12:51:02 - mmengine - INFO - Epoch(val)  [55][250/800]    eta: 0:00:57  time: 0.1019  data_time: 0.0004  memory: 998  
2025/07/01 12:51:08 - mmengine - INFO - Epoch(val)  [55][300/800]    eta: 0:00:52  time: 0.1101  data_time: 0.0005  memory: 998  
2025/07/01 12:51:13 - mmengine - INFO - Epoch(val)  [55][350/800]    eta: 0:00:47  time: 0.1107  data_time: 0.0005  memory: 998  
2025/07/01 12:51:19 - mmengine - INFO - Epoch(val)  [55][400/800]    eta: 0:00:42  time: 0.1072  data_time: 0.0005  memory: 998  
2025/07/01 12:51:24 - mmengine - INFO - Epoch(val)  [55][450/800]    eta: 0:00:37  time: 0.1119  data_time: 0.0005  memory: 998  
2025/07/01 12:51:30 - mmengine - INFO - Epoch(val)  [55][500/800]    eta: 0:00:32  time: 0.1113  data_time: 0.0005  memory: 998  
2025/07/01 12:51:36 - mmengine - INFO - Epoch(val)  [55][550/800]    eta: 0:00:26  time: 0.1115  data_time: 0.0005  memory: 998  
2025/07/01 12:51:41 - mmengine - INFO - Epoch(val)  [55][600/800]    eta: 0:00:21  time: 0.1124  data_time: 0.0005  memory: 998  
2025/07/01 12:51:47 - mmengine - INFO - Epoch(val)  [55][650/800]    eta: 0:00:16  time: 0.1117  data_time: 0.0005  memory: 998  
2025/07/01 12:51:52 - mmengine - INFO - Epoch(val)  [55][700/800]    eta: 0:00:10  time: 0.1115  data_time: 0.0005  memory: 998  
2025/07/01 12:51:58 - mmengine - INFO - Epoch(val)  [55][750/800]    eta: 0:00:05  time: 0.1119  data_time: 0.0005  memory: 998  
2025/07/01 12:52:03 - mmengine - INFO - Epoch(val)  [55][800/800]    eta: 0:00:00  time: 0.0997  data_time: 0.0004  memory: 998  
2025/07/01 12:52:05 - mmengine - INFO - Evaluating bbox...
2025/07/01 12:52:19 - mmengine - INFO - 
+-------------+-------+--------+--------+-------+-------+-------+
| category    | mAP   | mAP_50 | mAP_75 | mAP_s | mAP_m | mAP_l |
+-------------+-------+--------+--------+-------+-------+-------+
| car         | 0.697 | 0.966  | 0.852  | 0.477 | 0.728 | 0.0   |
| truck       | 0.477 | 0.692  | 0.574  | 0.018 | 0.472 | 0.528 |
| bus         | 0.737 | 0.948  | 0.886  | 0.002 | 0.701 | 0.801 |
| van         | 0.42  | 0.594  | 0.55   | 0.281 | 0.422 | 0.616 |
| freight_car | 0.433 | 0.613  | 0.51   | 0.105 | 0.428 | 0.484 |
+-------------+-------+--------+--------+-------+-------+-------+
2025/07/01 12:52:19 - mmengine - INFO - bbox_mAP_copypaste: 0.553 0.763 0.674 0.177 0.550 0.486
2025/07/01 12:52:20 - mmengine - INFO - Epoch(val) [55][800/800]    coco/car_precision: 0.6970  coco/truck_precision: 0.4770  coco/bus_precision: 0.7370  coco/van_precision: 0.4200  coco/freight_car_precision: 0.4330  coco/bbox_mAP: 0.5530  coco/bbox_mAP_50: 0.7630  coco/bbox_mAP_75: 0.6740  coco/bbox_mAP_s: 0.1770  coco/bbox_mAP_m: 0.5500  coco/bbox_mAP_l: 0.4860  data_time: 0.0005  time: 0.1081
2025/07/01 12:52:20 - mmengine - INFO - The previous best checkpoint /data/nl/Mamba2Spectral/work_dirs/DroneVehicle/2025_06_30/yolov8_mambatransformer_enhance/best_coco_bbox_mAP_50_epoch_54.pth is removed
2025/07/01 12:52:22 - mmengine - INFO - The best checkpoint with 0.7630 coco/bbox_mAP_50 at 55 epoch is saved to best_coco_bbox_mAP_50_epoch_55.pth.
2025/07/01 12:55:15 - mmengine - INFO - Epoch(train)  [56][ 50/400]  base_lr: 1.0000e-02 lr: 7.3270e-03  eta: 2 days, 3:10:12  time: 3.3558  data_time: 0.0295  memory: 10924  grad_norm: 8.9219  loss: 21.6495  loss_cls: 4.7568  loss_bbox: 8.5945  loss_dfl: 8.2982
2025/07/01 12:58:01 - mmengine - INFO - Epoch(train)  [56][100/400]  base_lr: 1.0000e-02 lr: 7.3270e-03  eta: 2 days, 3:07:53  time: 3.3276  data_time: 0.0066  memory: 10758  grad_norm: 9.0999  loss: 21.5112  loss_cls: 4.7006  loss_bbox: 8.5442  loss_dfl: 8.2664
2025/07/01 13:00:48 - mmengine - INFO - Epoch(train)  [56][150/400]  base_lr: 1.0000e-02 lr: 7.3270e-03  eta: 2 days, 3:05:34  time: 3.3376  data_time: 0.0067  memory: 10673  grad_norm: 9.6701  loss: 22.1751  loss_cls: 5.0361  loss_bbox: 8.6488  loss_dfl: 8.4902
